{"type":"FeatureCollection", "features": [
{"type":"Feature","geometry":{"type":"Polygon","coordinates":[[[-122.2445251741346,49.064269539583165],[-122.2448919953243,49.06581500119646],[-122.24183128638721,49.06727570253662],[-122.24140480369213,49.06782870256699],[-122.24437659704826,49.067877688109874],[-122.24574238638267,49.069189401006746],[-122.24699559623599,49.0692828188853],[-122.24647118727705,49.070558111943726],[-122.24821291024348,49.07082369733606],[-122.24942230589467,49.071648432033115],[-122.24936979726013,49.06493921204335],[-122.25134728169927,49.063038404410726],[-122.24981311603187,49.06189760388875],[-122.248761204276,49.061670602541746],[-122.24659800259114,49.063123202099646],[-122.2445251741346,49.064269539583165]]]},"properties":{"DAUID":"59090049","DGUID":"2021S051259090049","LANDAREA":0.3243,"PRUID":"59","CMA":"Abbotsford_Mission"}},
{"type":"Feature","geometry":{"type":"Polygon","coordinates":[[[-122.25992380904304,49.06778830082981],[-122.2614904965855,49.069193400460186],[-122.26380080430991,49.06854809366841],[-122.26566802107038,49.06818750794457],[-122.26567998980757,49.06619469230291],[-122.26620468811396,49.06555658829807],[-122.26308048602381,49.06541279872309],[-122.2629543137618,49.06410300834667],[-122.26072970902196,49.06410849570857],[-122.25712272048597,49.06460930891056],[-122.25648491266637,49.06498443986223],[-122.25931812592587,49.06673177703065],[-122.25992380904304,49.06778830082981]]]},"properties":{"DAUID":"59090051","DGUID":"2021S051259090051","LANDAREA":0.2269,"PRUID":"59","CMA":"Abbotsford_Mission"}},
{"type":"Feature","geometry":{"type":"Polygon","coordinates":[[[-122.26072970902196,49.06410849570857],[-122.2620197976422,49.06327979302129],[-122.26825219342942,49.06202079248403],[-122.26856780285972,49.05893499037625],[-122.26667256858565,49.05995726812217],[-122.26427366438709,49.06009201723357],[-122.26426390655044,49.06188658622086],[-122.26272847876876,49.061866501954746],[-122.26276240239987,49.06007999450321],[-122.26201430354914,49.060072886742205],[-122.25999280441316,49.06075704799094],[-122.25980884022067,49.06303149535326],[-122.25791711365797,49.06325590193955],[-122.25525430107736,49.06457669469654],[-122.25388118887498,49.06406741120854],[-122.25270895328867,49.065013965590204],[-122.25387212449405,49.06614760888577],[-122.25648491266637,49.06498443986223],[-122.25712272048597,49.06460930891056],[-122.26072970902196,49.06410849570857]]]},"properties":{"DAUID":"59090052","DGUID":"2021S051259090052","LANDAREA":0.237,"PRUID":"59","CMA":"Abbotsford_Mission"}},
{"type":"Feature","geometry":{"type":"Polygon","coordinates":[[[-122.26380080430991,49.06854809366841],[-122.26381660640456,49.07070679607978],[-122.26602761409528,49.07070259837255],[-122.2676047950396,49.069503411732825],[-122.26643110286412,49.06886308060492],[-122.26683242035953,49.066673797739426],[-122.26811779966062,49.06737199544393],[-122.27112479331736,49.06616029097327],[-122.27126099129707,49.0645269917868],[-122.27047700066059,49.064233812004446],[-122.26621219172766,49.06409731410264],[-122.26620468811396,49.06555658829807],[-122.26567998980757,49.06619469230291],[-122.26566802107038,49.06818750794457],[-122.26380080430991,49.06854809366841]]]},"properties":{"DAUID":"59090054","DGUID":"2021S051259090054","LANDAREA":0.182,"PRUID":"59","CMA":"Abbotsford_Mission"}},
{"type":"Feature","geometry":{"type":"Polygon","coordinates":[[[-122.25992380904304,49.06778830082981],[-122.2606977908981,49.07084981410503],[-122.26100248440797,49.07476126295978],[-122.28187746177692,49.07478639477464],[-122.28544236893158,49.07471593499216],[-122.28472411216478,49.07918951431155],[-122.28476826906444,49.080686382357406],[-122.2859089274227,49.0814722899774],[-122.28563818123091,49.07793280329387],[-122.28685361338201,49.073054189605166],[-122.28738956941295,49.07187198891471],[-122.28941159789964,49.06916038515355],[-122.28604159935514,49.06908968277766],[-122.28624074239211,49.06369022937523],[-122.27952278268864,49.06364699419751],[-122.27824195574723,49.062633464302515],[-122.27788112479725,49.06134262289101],[-122.27681281391055,49.060394137679836],[-122.27348515014998,49.06012904613022],[-122.27277631787767,49.06154869890733],[-122.27003910194166,49.06235239524413],[-122.26621219172766,49.06409731410264],[-122.27047700066059,49.064233812004446],[-122.27126099129707,49.0645269917868],[-122.27112479331736,49.06616029097327],[-122.26811779966062,49.06737199544393],[-122.26683242035953,49.066673797739426],[-122.26643110286412,49.06886308060492],[-122.2676047950396,49.069503411732825],[-122.26602761409528,49.07070259837255],[-122.26381660640456,49.07070679607978],[-122.26380080430991,49.06854809366841],[-122.2614904965855,49.069193400460186],[-122.25992380904304,49.06778830082981]]]},"properties":{"DAUID":"59090055","DGUID":"2021S051259090055","LANDAREA":2.2035,"PRUID":"59","CMA":"Abbotsford_Mission"}},
{"type":"Feature","geometry":{"type":"Polygon","coordinates":[[[-122.27178476830406,49.05644317416745],[-122.27170714829022,49.05493313541223],[-122.26625017864164,49.05511849692221],[-122.26633470786783,49.056830696515334],[-122.27119287378525,49.05684541657059],[-122.27178476830406,49.05644317416745]]]},"properties":{"DAUID":"59090057","DGUID":"2021S051259090057","LANDAREA":0.0788,"PRUID":"59","CMA":"Abbotsford_Mission"}},
{"type":"Feature","geometry":{"type":"Polygon","coordinates":[[[-122.26856780285972,49.05893499037625],[-122.27119287378525,49.05684541657059],[-122.26633470786783,49.056830696515334],[-122.26625017864164,49.05511849692221],[-122.27170714829022,49.05493313541223],[-122.27178476830406,49.05644317416745],[-122.27315192650285,49.055706317697386],[-122.27360306983516,49.05548936762387],[-122.27234503035194,49.05465685861846],[-122.27094067423894,49.05261740991837],[-122.2675087967518,49.052834597635744],[-122.26039957341928,49.05271520068987],[-122.260490583891,49.05549320634208],[-122.2606740822841,49.06006139348475],[-122.26201430354914,49.060072886742205],[-122.26276240239987,49.06007999450321],[-122.26272847876876,49.061866501954746],[-122.26426390655044,49.06188658622086],[-122.26427366438709,49.06009201723357],[-122.26667256858565,49.05995726812217],[-122.26856780285972,49.05893499037625]]]},"properties":{"DAUID":"59090058","DGUID":"2021S051259090058","LANDAREA":0.5552,"PRUID":"59","CMA":"Abbotsford_Mission"}},
{"type":"Feature","geometry":{"type":"Polygon","coordinates":[[[-122.27360306983516,49.05548936762387],[-122.27737649545412,49.05369820906421],[-122.27731571439074,49.052695409968685],[-122.27170108370386,49.052631295703065],[-122.27094067423894,49.05261740991837],[-122.27234503035194,49.05465685861846],[-122.27360306983516,49.05548936762387]]]},"properties":{"DAUID":"59090059","DGUID":"2021S051259090059","LANDAREA":0.0961,"PRUID":"59","CMA":"Abbotsford_Mission"}},
{"type":"Feature","geometry":{"type":"Polygon","coordinates":[[[-122.27731571439074,49.052695409968685],[-122.2808965826474,49.0525760968607],[-122.28169098995622,49.05011359110978],[-122.27597177364362,49.05007849417247],[-122.27313731799366,49.049285098936444],[-122.27160098370395,49.049265100299195],[-122.27170108370386,49.052631295703065],[-122.27731571439074,49.052695409968685]]]},"properties":{"DAUID":"59090060","DGUID":"2021S051259090060","LANDAREA":0.2187,"PRUID":"59","CMA":"Abbotsford_Mission"}},
{"type":"Feature","geometry":{"type":"Polygon","coordinates":[[[-122.28169098995622,49.05011359110978],[-122.28258348786741,49.05012558900791],[-122.2826306106724,49.04713420211444],[-122.28096757192962,49.046834002692556],[-122.28099819904547,49.048439785108606],[-122.27932828687312,49.048431504860716],[-122.27925711132126,49.04671797337796],[-122.27181021735642,49.04611969543744],[-122.27160098370395,49.049265100299195],[-122.27313731799366,49.049285098936444],[-122.27597177364362,49.05007849417247],[-122.28169098995622,49.05011359110978]]]},"properties":{"DAUID":"59090061","DGUID":"2021S051259090061","LANDAREA":0.2761,"PRUID":"59","CMA":"Abbotsford_Mission"}},
{"type":"Feature","geometry":{"type":"Polygon","coordinates":[[[-122.28096757192962,49.046834002692556],[-122.28097076820927,49.045560276397026],[-122.28487955830433,49.04565674570523],[-122.2822461909633,49.04394156540742],[-122.27666828611532,49.04182756996685],[-122.27520331301272,49.040761420814285],[-122.27119485278881,49.0401309470309],[-122.27109243591948,49.044660387303125],[-122.27181021735642,49.04611969543744],[-122.27925711132126,49.04671797337796],[-122.27932828687312,49.048431504860716],[-122.28099819904547,49.048439785108606],[-122.28096757192962,49.046834002692556]]]},"properties":{"DAUID":"59090062","DGUID":"2021S051259090062","LANDAREA":0.4511,"PRUID":"59","CMA":"Abbotsford_Mission"}},
{"type":"Feature","geometry":{"type":"Polygon","coordinates":[[[-122.2758781623918,49.04085235850533],[-122.27823879707319,49.0411715014755],[-122.28067978158906,49.04200619322629],[-122.28650570709972,49.04536525085291],[-122.28691471414504,49.0449651800719],[-122.28640190484327,49.044670995581754],[-122.28314439123737,49.042801985677286],[-122.28239641270467,49.04120289036645],[-122.28398999234822,49.04120400780876],[-122.28393777690636,49.04014289724385],[-122.28235638383138,49.04014400730089],[-122.28228221338004,49.03855300987201],[-122.27958911081394,49.0384460944061],[-122.27819003699202,49.03840136005979],[-122.27692850970362,49.038360998587805],[-122.27675120129561,49.04083679221481],[-122.2758781623918,49.04085235850533]]]},"properties":{"DAUID":"59090064","DGUID":"2021S051259090064","LANDAREA":0.1815,"PRUID":"59","CMA":"Abbotsford_Mission"}},
{"type":"Feature","geometry":{"type":"Polygon","coordinates":[[[-122.28393777690636,49.04014289724385],[-122.28889121175244,49.04002128873489],[-122.288901109049,49.03883249112305],[-122.28777368531188,49.03878360140247],[-122.28774581288275,49.03767923980464],[-122.28773551176647,49.0372704047811],[-122.2851462937876,49.03732060896578],[-122.28476550161572,49.037722091968604],[-122.28223362215634,49.03784180647574],[-122.28228221338004,49.03855300987201],[-122.28235638383138,49.04014400730089],[-122.28393777690636,49.04014289724385]]]},"properties":{"DAUID":"59090065","DGUID":"2021S051259090065","LANDAREA":0.1275,"PRUID":"59","CMA":"Abbotsford_Mission"}},
{"type":"Feature","geometry":{"type":"Polygon","coordinates":[[[-122.28228221338004,49.03855300987201],[-122.28223362215634,49.03784180647574],[-122.28476550161572,49.037722091968604],[-122.2851462937876,49.03732060896578],[-122.28773551176647,49.0372704047811],[-122.28769248598635,49.03550909808293],[-122.28541812349343,49.03504180623468],[-122.28212947954447,49.0350640914976],[-122.27946240805016,49.03566309374547],[-122.27958911081394,49.0384460944061],[-122.28228221338004,49.03855300987201]]]},"properties":{"DAUID":"59090066","DGUID":"2021S051259090066","LANDAREA":0.1779,"PRUID":"59","CMA":"Abbotsford_Mission"}},
{"type":"Feature","geometry":{"type":"Polygon","coordinates":[[[-122.27958911081394,49.0384460944061],[-122.27946240805016,49.03566309374547],[-122.28212947954447,49.0350640914976],[-122.28541812349343,49.03504180623468],[-122.28769248598635,49.03550909808293],[-122.28730957475322,49.03416419395544],[-122.27558384260992,49.033532291399226],[-122.27819003699202,49.03840136005979],[-122.27958911081394,49.0384460944061]]]},"properties":{"DAUID":"59090068","DGUID":"2021S051259090068","LANDAREA":0.1824,"PRUID":"59","CMA":"Abbotsford_Mission"}},
{"type":"Feature","geometry":{"type":"Polygon","coordinates":[[[-122.27520331301272,49.040761420814285],[-122.2758781623918,49.04085235850533],[-122.27675120129561,49.04083679221481],[-122.27692850970362,49.038360998587805],[-122.27819003699202,49.03840136005979],[-122.27558384260992,49.033532291399226],[-122.28730957475322,49.03416419395544],[-122.28749368750937,49.03134160627725],[-122.2819443374918,49.03146946692757],[-122.28217662115071,49.02404600618726],[-122.2824047949361,49.01682779550242],[-122.27183607608967,49.01694328012991],[-122.26535061065526,49.0169141899065],[-122.26529591851124,49.02712450291903],[-122.26539139724063,49.030184216458515],[-122.26629452454536,49.03350900874241],[-122.25901256944334,49.03351040298713],[-122.26015374544674,49.03365346836318],[-122.26269220571444,49.03430500500732],[-122.26644307750479,49.036572306413774],[-122.26767510142177,49.03642310200504],[-122.26880345156141,49.03815096008852],[-122.27119485278881,49.0401309470309],[-122.27520331301272,49.040761420814285]]]},"properties":{"DAUID":"59090069","DGUID":"2021S051259090069","LANDAREA":2.9539,"PRUID":"59","CMA":"Abbotsford_Mission"}},
{"type":"Feature","geometry":{"type":"Polygon","coordinates":[[[-122.29347450617247,49.02699285044898],[-122.29322391553039,49.029431882599106],[-122.29306542111163,49.031224105063664],[-122.29964843786779,49.03110670009104],[-122.29977920042255,49.026934171396796],[-122.29347450617247,49.02699285044898]]]},"properties":{"DAUID":"59090071","DGUID":"2021S051259090071","LANDAREA":0.2205,"PRUID":"59","CMA":"Abbotsford_Mission"}},
{"type":"Feature","geometry":{"type":"Polygon","coordinates":[[[-122.29306542111163,49.031224105063664],[-122.29316381643876,49.03341523219926],[-122.30723788740251,49.03330489304006],[-122.30719440964063,49.03095399910762],[-122.29964843786779,49.03110670009104],[-122.29306542111163,49.031224105063664]]]},"properties":{"DAUID":"59090072","DGUID":"2021S051259090072","LANDAREA":0.2593,"PRUID":"59","CMA":"Abbotsford_Mission"}},
{"type":"Feature","geometry":{"type":"Polygon","coordinates":[[[-122.29316381643876,49.03341523219926],[-122.29284565641996,49.03438248703365],[-122.2924155157669,49.03491917518347],[-122.29322960437996,49.03621168418725],[-122.29427599003851,49.03526520654298],[-122.29833399741867,49.03519971268526],[-122.29987578792358,49.03536820302049],[-122.3061384179558,49.03573729853511],[-122.30623751064628,49.036920802521465],[-122.30734328530123,49.03701650920006],[-122.3073771637015,49.0382293664914],[-122.30954439062603,49.03820569483255],[-122.31564770425288,49.03813769129516],[-122.31539944743125,49.035714127853176],[-122.30727525575152,49.035260392068324],[-122.30723788740251,49.03330489304006],[-122.29316381643876,49.03341523219926]]]},"properties":{"DAUID":"59090073","DGUID":"2021S051259090073","LANDAREA":0.4408,"PRUID":"59","CMA":"Abbotsford_Mission"}},
{"type":"Feature","geometry":{"type":"Polygon","coordinates":[[[-122.29987578792358,49.03536820302049],[-122.29991410184026,49.03859080765477],[-122.30347378443216,49.038343809978805],[-122.3073771637015,49.0382293664914],[-122.30734328530123,49.03701650920006],[-122.30623751064628,49.036920802521465],[-122.3061384179558,49.03573729853511],[-122.29987578792358,49.03536820302049]]]},"properties":{"DAUID":"59090074","DGUID":"2021S051259090074","LANDAREA":0.1555,"PRUID":"59","CMA":"Abbotsford_Mission"}},
{"type":"Feature","geometry":{"type":"Polygon","coordinates":[[[-122.29322960437996,49.03621168418725],[-122.29328857534537,49.0375635496947],[-122.29333410489791,49.039043394315456],[-122.29843080845983,49.03869285329359],[-122.29991410184026,49.03859080765477],[-122.29987578792358,49.03536820302049],[-122.29833399741867,49.03519971268526],[-122.29427599003851,49.03526520654298],[-122.29322960437996,49.03621168418725]]]},"properties":{"DAUID":"59090075","DGUID":"2021S051259090075","LANDAREA":0.1881,"PRUID":"59","CMA":"Abbotsford_Mission"}},
{"type":"Feature","geometry":{"type":"Polygon","coordinates":[[[-122.30006571956599,49.04815850644838],[-122.30136726067667,49.04708365958689],[-122.30442488680426,49.04687885123295],[-122.30441484914586,49.046004931606404],[-122.30252559031702,49.0460200930225],[-122.30179490394572,49.04493649353682],[-122.30306998606811,49.044245704266075],[-122.30457958317479,49.044358094439275],[-122.30449099611451,49.04193899270367],[-122.29836580577093,49.041861302786245],[-122.29633040673096,49.043254296773775],[-122.2963215946949,49.04451790067458],[-122.29546979237224,49.04556129060755],[-122.29612661621236,49.0465071900763],[-122.2957008089534,49.04756169534179],[-122.29731878977341,49.04749938967967],[-122.29836710398313,49.048215746248694],[-122.30006571956599,49.04815850644838]]]},"properties":{"DAUID":"59090078","DGUID":"2021S051259090078","LANDAREA":0.3375,"PRUID":"59","CMA":"Abbotsford_Mission"}},
{"type":"Feature","geometry":{"type":"Polygon","coordinates":[[[-122.30442488680426,49.04687885123295],[-122.3044095533637,49.04865973133506],[-122.3044012539068,49.04959251052457],[-122.30588139192864,49.04976880937879],[-122.30829827937032,49.048067822565145],[-122.30655205469671,49.04691691068251],[-122.30442488680426,49.04687885123295]]]},"properties":{"DAUID":"59090082","DGUID":"2021S051259090082","LANDAREA":0.0673,"PRUID":"59","CMA":"Abbotsford_Mission"}},
{"type":"Feature","geometry":{"type":"Polygon","coordinates":[[[-122.30442488680426,49.04687885123295],[-122.30655205469671,49.04691691068251],[-122.30829827937032,49.048067822565145],[-122.30746557113399,49.047092314364534],[-122.30934711234194,49.04542285481779],[-122.31148613062288,49.04607515171767],[-122.31439630393434,49.04530874734157],[-122.31577064481502,49.04552986289131],[-122.31554910908883,49.04184230161409],[-122.31116958359117,49.041868493620015],[-122.30449099611451,49.04193899270367],[-122.30457958317479,49.044358094439275],[-122.30306998606811,49.044245704266075],[-122.30179490394572,49.04493649353682],[-122.30252559031702,49.0460200930225],[-122.30441484914586,49.046004931606404],[-122.30442488680426,49.04687885123295]]]},"properties":{"DAUID":"59090083","DGUID":"2021S051259090083","LANDAREA":0.2599,"PRUID":"59","CMA":"Abbotsford_Mission"}},
{"type":"Feature","geometry":{"type":"Polygon","coordinates":[[[-122.3073771637015,49.0382293664914],[-122.30347378443216,49.038343809978805],[-122.30349779810619,49.040110710486594],[-122.30350960897269,49.04129028526253],[-122.30449099611451,49.04193899270367],[-122.31116958359117,49.041868493620015],[-122.31118750155962,49.04012019870961],[-122.30953119280525,49.040065993975404],[-122.30954439062603,49.03820569483255],[-122.3073771637015,49.0382293664914]]]},"properties":{"DAUID":"59090084","DGUID":"2021S051259090084","LANDAREA":0.1983,"PRUID":"59","CMA":"Abbotsford_Mission"}},
{"type":"Feature","geometry":{"type":"Polygon","coordinates":[[[-122.31564770425288,49.03813769129516],[-122.31564429512916,49.040214210005445],[-122.31554910908883,49.04184230161409],[-122.318387504332,49.0418449869365],[-122.32161107858006,49.04185369246595],[-122.32168448914169,49.038929894595356],[-122.31855301717019,49.03891809533067],[-122.31849840314446,49.03815348834441],[-122.31564770425288,49.03813769129516]]]},"properties":{"DAUID":"59090086","DGUID":"2021S051259090086","LANDAREA":0.1611,"PRUID":"59","CMA":"Abbotsford_Mission"}},
{"type":"Feature","geometry":{"type":"Polygon","coordinates":[[[-122.32161107858006,49.04185369246595],[-122.32267057751717,49.04182688918358],[-122.32278810652183,49.03820499518033],[-122.32369820117114,49.03821550446373],[-122.32373309636333,49.036715591959315],[-122.31911318615911,49.036465305683464],[-122.31849840314446,49.03815348834441],[-122.31855301717019,49.03891809533067],[-122.32168448914169,49.038929894595356],[-122.32161107858006,49.04185369246595]]]},"properties":{"DAUID":"59090087","DGUID":"2021S051259090087","LANDAREA":0.1259,"PRUID":"59","CMA":"Abbotsford_Mission"}},
{"type":"Feature","geometry":{"type":"Polygon","coordinates":[[[-122.318387504332,49.0418449869365],[-122.3183273565809,49.04546345435312],[-122.3250922453437,49.0454662932739],[-122.32582296359058,49.04548139389837],[-122.32588059614925,49.04275453310553],[-122.32458561241694,49.041828497964495],[-122.32267057751717,49.04182688918358],[-122.32161107858006,49.04185369246595],[-122.318387504332,49.0418449869365]]]},"properties":{"DAUID":"59090088","DGUID":"2021S051259090088","LANDAREA":0.2186,"PRUID":"59","CMA":"Abbotsford_Mission"}},
{"type":"Feature","geometry":{"type":"Polygon","coordinates":[[[-122.32267057751717,49.04182688918358],[-122.32458561241694,49.041828497964495],[-122.32588059614925,49.04275453310553],[-122.32582296359058,49.04548139389837],[-122.33009012876313,49.04558320772412],[-122.33021726980736,49.04191841014616],[-122.32915568339094,49.041902001078576],[-122.3269331058462,49.041862892266025],[-122.32599659246199,49.041404393478494],[-122.32703491531501,49.03999748791109],[-122.32706929039254,49.03895291506474],[-122.32601158159979,49.03822889470964],[-122.32369820117114,49.03821550446373],[-122.32278810652183,49.03820499518033],[-122.32267057751717,49.04182688918358]]]},"properties":{"DAUID":"59090089","DGUID":"2021S051259090089","LANDAREA":0.2389,"PRUID":"59","CMA":"Abbotsford_Mission"}},
{"type":"Feature","geometry":{"type":"Polygon","coordinates":[[[-122.32915568339094,49.041902001078576],[-122.32926839397209,49.0382466057256],[-122.32601158159979,49.03822889470964],[-122.32706929039254,49.03895291506474],[-122.32703491531501,49.03999748791109],[-122.32599659246199,49.041404393478494],[-122.3269331058462,49.041862892266025],[-122.32915568339094,49.041902001078576]]]},"properties":{"DAUID":"59090090","DGUID":"2021S051259090090","LANDAREA":0.0819,"PRUID":"59","CMA":"Abbotsford_Mission"}},
{"type":"Feature","geometry":{"type":"Polygon","coordinates":[[[-122.33021726980736,49.04191841014616],[-122.33239030932253,49.041961183727224],[-122.33258472051631,49.0382563095034],[-122.32926839397209,49.0382466057256],[-122.32915568339094,49.041902001078576],[-122.33021726980736,49.04191841014616]]]},"properties":{"DAUID":"59090091","DGUID":"2021S051259090091","LANDAREA":0.098,"PRUID":"59","CMA":"Abbotsford_Mission"}},
{"type":"Feature","geometry":{"type":"Polygon","coordinates":[[[-122.31564770425288,49.03813769129516],[-122.31849840314446,49.03815348834441],[-122.31911318615911,49.036465305683464],[-122.32373309636333,49.036715591959315],[-122.32369820117114,49.03821550446373],[-122.32601158159979,49.03822889470964],[-122.32926839397209,49.0382466057256],[-122.33258472051631,49.0382563095034],[-122.337313069798,49.0383429512585],[-122.3373313986391,49.037991989568546],[-122.33411159427783,49.03692911529894],[-122.33222529707265,49.036651909781725],[-122.31539944743125,49.035714127853176],[-122.31564770425288,49.03813769129516]]]},"properties":{"DAUID":"59090092","DGUID":"2021S051259090092","LANDAREA":0.244,"PRUID":"59","CMA":"Abbotsford_Mission"}},
{"type":"Feature","geometry":{"type":"Polygon","coordinates":[[[-122.33239030932253,49.041961183727224],[-122.3323795953425,49.04300199318881],[-122.33598920382218,49.04307749321415],[-122.33716831214149,49.042383086384376],[-122.337313069798,49.0383429512585],[-122.33258472051631,49.0382563095034],[-122.33239030932253,49.041961183727224]]]},"properties":{"DAUID":"59090093","DGUID":"2021S051259090093","LANDAREA":0.177,"PRUID":"59","CMA":"Abbotsford_Mission"}},
{"type":"Feature","geometry":{"type":"Polygon","coordinates":[[[-122.33009012876313,49.04558320772412],[-122.33243846509338,49.045643631878264],[-122.33689293949799,49.04574708560725],[-122.33704328103342,49.04574859776793],[-122.33708800884365,49.04422210094701],[-122.33716831214149,49.042383086384376],[-122.33598920382218,49.04307749321415],[-122.3323795953425,49.04300199318881],[-122.33239030932253,49.041961183727224],[-122.33021726980736,49.04191841014616],[-122.33009012876313,49.04558320772412]]]},"properties":{"DAUID":"59090094","DGUID":"2021S051259090094","LANDAREA":0.1738,"PRUID":"59","CMA":"Abbotsford_Mission"}},
{"type":"Feature","geometry":{"type":"Polygon","coordinates":[[[-122.33704328103342,49.04574859776793],[-122.34002270498738,49.0458043086675],[-122.34248690495144,49.04585221046996],[-122.34267581765637,49.04257359920323],[-122.33833050426566,49.04251110870141],[-122.33821927888025,49.044240854959426],[-122.33708800884365,49.04422210094701],[-122.33704328103342,49.04574859776793]]]},"properties":{"DAUID":"59090095","DGUID":"2021S051259090095","LANDAREA":0.1303,"PRUID":"59","CMA":"Abbotsford_Mission"}},
{"type":"Feature","geometry":{"type":"Polygon","coordinates":[[[-122.34002270498738,49.0458043086675],[-122.34024120184847,49.0486659046201],[-122.34266531485427,49.04776308451402],[-122.34248690495144,49.04585221046996],[-122.34002270498738,49.0458043086675]]]},"properties":{"DAUID":"59090096","DGUID":"2021S051259090096","LANDAREA":0.0481,"PRUID":"59","CMA":"Abbotsford_Mission"}},
{"type":"Feature","geometry":{"type":"Polygon","coordinates":[[[-122.33689293949799,49.04574708560725],[-122.33771735907114,49.051969389567816],[-122.34051868690568,49.05201440183219],[-122.34024120184847,49.0486659046201],[-122.34002270498738,49.0458043086675],[-122.33704328103342,49.04574859776793],[-122.33689293949799,49.04574708560725]]]},"properties":{"DAUID":"59090097","DGUID":"2021S051259090097","LANDAREA":0.1475,"PRUID":"59","CMA":"Abbotsford_Mission"}},
{"type":"Feature","geometry":{"type":"Polygon","coordinates":[[[-122.34024120184847,49.0486659046201],[-122.34051868690568,49.05201440183219],[-122.34245290100175,49.05203799353184],[-122.34420729274437,49.05199947835813],[-122.34385319075419,49.04732221386263],[-122.34266531485427,49.04776308451402],[-122.34024120184847,49.0486659046201]]]},"properties":{"DAUID":"59090098","DGUID":"2021S051259090098","LANDAREA":0.1231,"PRUID":"59","CMA":"Abbotsford_Mission"}},
{"type":"Feature","geometry":{"type":"Polygon","coordinates":[[[-122.33771735907114,49.051969389567816],[-122.3378497119881,49.05387150515204],[-122.33784809143205,49.054153600103014],[-122.34253638518958,49.05419990205622],[-122.34245290100175,49.05203799353184],[-122.34051868690568,49.05201440183219],[-122.33771735907114,49.051969389567816]]]},"properties":{"DAUID":"59090099","DGUID":"2021S051259090099","LANDAREA":0.0827,"PRUID":"59","CMA":"Abbotsford_Mission"}},
{"type":"Feature","geometry":{"type":"Polygon","coordinates":[[[-122.34245290100175,49.05203799353184],[-122.34253638518958,49.05419990205622],[-122.34262758979298,49.05584461791929],[-122.34375810148387,49.055736202693446],[-122.34370967377187,49.05499259626391],[-122.34616021958762,49.05480380038198],[-122.34620750369382,49.05271659125679],[-122.34420729274437,49.05199947835813],[-122.34245290100175,49.05203799353184]]]},"properties":{"DAUID":"59090100","DGUID":"2021S051259090100","LANDAREA":0.092,"PRUID":"59","CMA":"Abbotsford_Mission"}},
{"type":"Feature","geometry":{"type":"Polygon","coordinates":[[[-122.33784809143205,49.054153600103014],[-122.33785389126922,49.05484529758168],[-122.33786199137283,49.05653578931396],[-122.34384400965226,49.05659550061181],[-122.34375810148387,49.055736202693446],[-122.34262758979298,49.05584461791929],[-122.34253638518958,49.05419990205622],[-122.33784809143205,49.054153600103014]]]},"properties":{"DAUID":"59090101","DGUID":"2021S051259090101","LANDAREA":0.0993,"PRUID":"59","CMA":"Abbotsford_Mission"}},
{"type":"Feature","geometry":{"type":"Polygon","coordinates":[[[-122.33786199137283,49.05653578931396],[-122.33787248885235,49.05866550006324],[-122.34352690090162,49.05889161031611],[-122.34384400965226,49.05659550061181],[-122.33786199137283,49.05653578931396]]]},"properties":{"DAUID":"59090102","DGUID":"2021S051259090102","LANDAREA":0.1093,"PRUID":"59","CMA":"Abbotsford_Mission"}},
{"type":"Feature","geometry":{"type":"Polygon","coordinates":[[[-122.33785389126922,49.05484529758168],[-122.33225321312266,49.054951593798485],[-122.33229805805558,49.05650192087351],[-122.33115341113222,49.05675480393902],[-122.33117958083218,49.05876789315376],[-122.32683625125904,49.058749153072945],[-122.32689327071745,49.0601610220474],[-122.32705927764738,49.060034195289724],[-122.33786349710532,49.06005079496742],[-122.33787248885235,49.05866550006324],[-122.33786199137283,49.05653578931396],[-122.33785389126922,49.05484529758168]]]},"properties":{"DAUID":"59090103","DGUID":"2021S051259090103","LANDAREA":0.3101,"PRUID":"59","CMA":"Abbotsford_Mission"}},
{"type":"Feature","geometry":{"type":"Polygon","coordinates":[[[-122.3378497119881,49.05387150515204],[-122.33226389290817,49.053980996915215],[-122.33225321312266,49.054951593798485],[-122.33785389126922,49.05484529758168],[-122.33784809143205,49.054153600103014],[-122.3378497119881,49.05387150515204]]]},"properties":{"DAUID":"59090104","DGUID":"2021S051259090104","LANDAREA":0.0437,"PRUID":"59","CMA":"Abbotsford_Mission"}},
{"type":"Feature","geometry":{"type":"Polygon","coordinates":[[[-122.33771735907114,49.051969389567816],[-122.33265172892959,49.051800063610074],[-122.33226389290817,49.053980996915215],[-122.3378497119881,49.05387150515204],[-122.33771735907114,49.051969389567816]]]},"properties":{"DAUID":"59090105","DGUID":"2021S051259090105","LANDAREA":0.0909,"PRUID":"59","CMA":"Abbotsford_Mission"}},
{"type":"Feature","geometry":{"type":"Polygon","coordinates":[[[-122.33243846509338,49.045643631878264],[-122.33250810844113,49.04701811269638],[-122.33228039941744,49.05118160218179],[-122.33265172892959,49.051800063610074],[-122.33771735907114,49.051969389567816],[-122.33689293949799,49.04574708560725],[-122.33243846509338,49.045643631878264]]]},"properties":{"DAUID":"59090106","DGUID":"2021S051259090106","LANDAREA":0.2461,"PRUID":"59","CMA":"Abbotsford_Mission"}},
{"type":"Feature","geometry":{"type":"Polygon","coordinates":[[[-122.3250922453437,49.0454662932739],[-122.32511599816169,49.046760784720185],[-122.32403191976807,49.04697610173604],[-122.32406161120807,49.0493750967977],[-122.32814278896224,49.049063996411796],[-122.32883479415061,49.04809419305478],[-122.32879270098154,49.04699660326102],[-122.33250810844113,49.04701811269638],[-122.33243846509338,49.045643631878264],[-122.33009012876313,49.04558320772412],[-122.32582296359058,49.04548139389837],[-122.3250922453437,49.0454662932739]]]},"properties":{"DAUID":"59090108","DGUID":"2021S051259090108","LANDAREA":0.174,"PRUID":"59","CMA":"Abbotsford_Mission"}},
{"type":"Feature","geometry":{"type":"Polygon","coordinates":[[[-122.3183273565809,49.04546345435312],[-122.31809897620026,49.04944569216689],[-122.3224250173651,49.049395695128766],[-122.32406161120807,49.0493750967977],[-122.32403191976807,49.04697610173604],[-122.32511599816169,49.046760784720185],[-122.3250922453437,49.0454662932739],[-122.3183273565809,49.04546345435312]]]},"properties":{"DAUID":"59090109","DGUID":"2021S051259090109","LANDAREA":0.2024,"PRUID":"59","CMA":"Abbotsford_Mission"}},
{"type":"Feature","geometry":{"type":"Polygon","coordinates":[[[-122.31577064481502,49.04552986289131],[-122.31547684853476,49.04583711373115],[-122.31525917301127,49.04943840993293],[-122.31809897620026,49.04944569216689],[-122.3183273565809,49.04546345435312],[-122.318387504332,49.0418449869365],[-122.31554910908883,49.04184230161409],[-122.31577064481502,49.04552986289131]]]},"properties":{"DAUID":"59090110","DGUID":"2021S051259090110","LANDAREA":0.1715,"PRUID":"59","CMA":"Abbotsford_Mission"}},
{"type":"Feature","geometry":{"type":"Polygon","coordinates":[[[-122.3044012539068,49.04959251052457],[-122.30434136604087,49.05048565269419],[-122.30993228860792,49.05089614693082],[-122.31040969040605,49.05224591522256],[-122.31502868491282,49.052456845358385],[-122.31528065205097,49.05539627046219],[-122.31921400068585,49.05528329070884],[-122.32152290648122,49.05484500934378],[-122.32153897626488,49.051225092770224],[-122.32250058740793,49.05126439924355],[-122.3224250173651,49.049395695128766],[-122.31809897620026,49.04944569216689],[-122.31525917301127,49.04943840993293],[-122.31547684853476,49.04583711373115],[-122.31577064481502,49.04552986289131],[-122.31439630393434,49.04530874734157],[-122.31148613062288,49.04607515171767],[-122.30934711234194,49.04542285481779],[-122.30746557113399,49.047092314364534],[-122.30829827937032,49.048067822565145],[-122.30588139192864,49.04976880937879],[-122.3044012539068,49.04959251052457]]]},"properties":{"DAUID":"59090111","DGUID":"2021S051259090111","LANDAREA":0.7157,"PRUID":"59","CMA":"Abbotsford_Mission"}},
{"type":"Feature","geometry":{"type":"Polygon","coordinates":[[[-122.31040969040605,49.05224591522256],[-122.30999011598456,49.054348197595765],[-122.31099697301991,49.054523241868615],[-122.31399749456818,49.05535674792188],[-122.31528065205097,49.05539627046219],[-122.31502868491282,49.052456845358385],[-122.31040969040605,49.05224591522256]]]},"properties":{"DAUID":"59090112","DGUID":"2021S051259090112","LANDAREA":0.1029,"PRUID":"59","CMA":"Abbotsford_Mission"}},
{"type":"Feature","geometry":{"type":"Polygon","coordinates":[[[-122.30701870229936,49.053857816225026],[-122.3072563297979,49.05997426354506],[-122.30805873065941,49.06007217129117],[-122.30924091141463,49.0581051853398],[-122.30836609717636,49.055674393550184],[-122.30905370269927,49.054335906236034],[-122.30701870229936,49.053857816225026]]]},"properties":{"DAUID":"59090114","DGUID":"2021S051259090114","LANDAREA":0.0795,"PRUID":"59","CMA":"Abbotsford_Mission"}},
{"type":"Feature","geometry":{"type":"Polygon","coordinates":[[[-122.30701870229936,49.053857816225026],[-122.30417009110772,49.05305900200122],[-122.30182170136362,49.05239210953502],[-122.30014999760256,49.051990107464626],[-122.30019820731206,49.0530384955072],[-122.30023670138314,49.05419099517428],[-122.30288289897467,49.054158709095226],[-122.30337780322068,49.05597510649292],[-122.30442229988992,49.05683239065035],[-122.30023779735978,49.05688210568709],[-122.30026648736974,49.05786569673024],[-122.30256750671658,49.05911601374044],[-122.3013557603063,49.060210193359126],[-122.30803050392446,49.061067366130985],[-122.30803626171237,49.06086680633465],[-122.30805873065941,49.06007217129117],[-122.3072563297979,49.05997426354506],[-122.30701870229936,49.053857816225026]]]},"properties":{"DAUID":"59090115","DGUID":"2021S051259090115","LANDAREA":0.3274,"PRUID":"59","CMA":"Abbotsford_Mission"}},
{"type":"Feature","geometry":{"type":"Polygon","coordinates":[[[-122.30023670138314,49.05419099517428],[-122.30023779735978,49.05688210568709],[-122.30442229988992,49.05683239065035],[-122.30337780322068,49.05597510649292],[-122.30288289897467,49.054158709095226],[-122.30023670138314,49.05419099517428]]]},"properties":{"DAUID":"59090116","DGUID":"2021S051259090116","LANDAREA":0.0759,"PRUID":"59","CMA":"Abbotsford_Mission"}},
{"type":"Feature","geometry":{"type":"Polygon","coordinates":[[[-122.30014999760256,49.051990107464626],[-122.29767559133758,49.05118245303823],[-122.29377579283653,49.05012500768616],[-122.29401959063951,49.05285690476327],[-122.29601759786961,49.05278520796026],[-122.296170694826,49.05464580244672],[-122.29758990588137,49.05450549775112],[-122.30019820731206,49.0530384955072],[-122.30014999760256,49.051990107464626]]]},"properties":{"DAUID":"59090117","DGUID":"2021S051259090117","LANDAREA":0.1271,"PRUID":"59","CMA":"Abbotsford_Mission"}},
{"type":"Feature","geometry":{"type":"Polygon","coordinates":[[[-122.27315192650285,49.055706317697386],[-122.27643088265029,49.057552809606584],[-122.27937288657775,49.058377846906666],[-122.28293073132107,49.05867236896929],[-122.28650619494724,49.058625712098824],[-122.28664358523413,49.05475572042339],[-122.28731030363114,49.05281725916295],[-122.2808965826474,49.0525760968607],[-122.27731571439074,49.052695409968685],[-122.27737649545412,49.05369820906421],[-122.27360306983516,49.05548936762387],[-122.27315192650285,49.055706317697386]]]},"properties":{"DAUID":"59090121","DGUID":"2021S051259090121","LANDAREA":0.5155,"PRUID":"59","CMA":"Abbotsford_Mission"}},
{"type":"Feature","geometry":{"type":"Polygon","coordinates":[[[-122.30019820731206,49.0530384955072],[-122.29758990588137,49.05450549775112],[-122.296170694826,49.05464580244672],[-122.29601759786961,49.05278520796026],[-122.29401959063951,49.05285690476327],[-122.29403111375586,49.055427919992866],[-122.29600539885472,49.055788850310165],[-122.29771578420973,49.05705276617602],[-122.29795268211318,49.05808515832018],[-122.29735019293426,49.05922888478828],[-122.29944541754234,49.06001906196561],[-122.3013557603063,49.060210193359126],[-122.30256750671658,49.05911601374044],[-122.30026648736974,49.05786569673024],[-122.30023779735978,49.05688210568709],[-122.30023670138314,49.05419099517428],[-122.30019820731206,49.0530384955072]]]},"properties":{"DAUID":"59090122","DGUID":"2021S051259090122","LANDAREA":0.229,"PRUID":"59","CMA":"Abbotsford_Mission"}},
{"type":"Feature","geometry":{"type":"Polygon","coordinates":[[[-122.2859089274227,49.0814722899774],[-122.28775645060115,49.08188882229558],[-122.29053838743815,49.082080492076734],[-122.2941474614201,49.08196077265994],[-122.29416149849341,49.07464391067088],[-122.31618799769223,49.0746065429566],[-122.31612012291228,49.07234962054965],[-122.31220739412876,49.07235600081369],[-122.31213720144402,49.07039008628602],[-122.31267579052695,49.069690188650625],[-122.31424117420873,49.069315696894854],[-122.31420639719552,49.067782895634686],[-122.31125091288195,49.06806451032317],[-122.31068600296358,49.06698860616654],[-122.30805148115581,49.06733070566372],[-122.30803050392446,49.061067366130985],[-122.3013557603063,49.060210193359126],[-122.29944541754234,49.06001906196561],[-122.29735019293426,49.05922888478828],[-122.29549688992923,49.06103495919193],[-122.29331470900678,49.063773657686404],[-122.29891304361915,49.06367568083108],[-122.29701905469874,49.06699235838087],[-122.29466322072801,49.0682173446709],[-122.29385223579878,49.06915487558556],[-122.28941159789964,49.06916038515355],[-122.28738956941295,49.07187198891471],[-122.28685361338201,49.073054189605166],[-122.28563818123091,49.07793280329387],[-122.2859089274227,49.0814722899774]]]},"properties":{"DAUID":"59090123","DGUID":"2021S051259090123","LANDAREA":2.6097,"PRUID":"59","CMA":"Abbotsford_Mission"}},
{"type":"Feature","geometry":{"type":"Polygon","coordinates":[[[-122.31603552471462,49.062463756949974],[-122.31600479771217,49.0647732373542],[-122.3199076827521,49.06517750881328],[-122.31991510071607,49.06316019004223],[-122.31883829769728,49.06246434779886],[-122.31603552471462,49.062463756949974]]]},"properties":{"DAUID":"59090126","DGUID":"2021S051259090126","LANDAREA":0.075,"PRUID":"59","CMA":"Abbotsford_Mission"}},
{"type":"Feature","geometry":{"type":"Polygon","coordinates":[[[-122.31883829769728,49.06246434779886],[-122.32097549542102,49.062262601670525],[-122.32100408746957,49.06016765029242],[-122.31607304780357,49.060171664400755],[-122.31603552471462,49.062463756949974],[-122.31883829769728,49.06246434779886]]]},"properties":{"DAUID":"59090127","DGUID":"2021S051259090127","LANDAREA":0.0919,"PRUID":"59","CMA":"Abbotsford_Mission"}},
{"type":"Feature","geometry":{"type":"Polygon","coordinates":[[[-122.31600479771217,49.0647732373542],[-122.3159716390207,49.0670447401943],[-122.31906314351453,49.06698037895882],[-122.32103870118937,49.06726889243891],[-122.3257973989427,49.067272047184034],[-122.32706908662054,49.06690559695048],[-122.32783271045953,49.06541370279093],[-122.3275062143912,49.06474620428212],[-122.3269840923574,49.063869194795394],[-122.32692658817355,49.06156129745386],[-122.32689327071745,49.0601610220474],[-122.32100408746957,49.06016765029242],[-122.32097549542102,49.062262601670525],[-122.31883829769728,49.06246434779886],[-122.31991510071607,49.06316019004223],[-122.3199076827521,49.06517750881328],[-122.31600479771217,49.0647732373542]]]},"properties":{"DAUID":"59090128","DGUID":"2021S051259090128","LANDAREA":0.4681,"PRUID":"59","CMA":"Abbotsford_Mission"}},
{"type":"Feature","geometry":{"type":"Polygon","coordinates":[[[-122.33225321312266,49.054951593798485],[-122.32666405886758,49.055118364481025],[-122.3267520235734,49.05695642182268],[-122.32683625125904,49.058749153072945],[-122.33117958083218,49.05876789315376],[-122.33115341113222,49.05675480393902],[-122.33229805805558,49.05650192087351],[-122.33225321312266,49.054951593798485]]]},"properties":{"DAUID":"59090131","DGUID":"2021S051259090131","LANDAREA":0.1486,"PRUID":"59","CMA":"Abbotsford_Mission"}},
{"type":"Feature","geometry":{"type":"Polygon","coordinates":[[[-122.31528065205097,49.05539627046219],[-122.31551234814144,49.05675692869263],[-122.31577380401757,49.058311961629705],[-122.31607304780357,49.060171664400755],[-122.32100408746957,49.06016765029242],[-122.32150825151723,49.05997780365051],[-122.32123674082126,49.05738884022614],[-122.32172468710161,49.05652247520931],[-122.32152290648122,49.05484500934378],[-122.31921400068585,49.05528329070884],[-122.31528065205097,49.05539627046219]]]},"properties":{"DAUID":"59090133","DGUID":"2021S051259090133","LANDAREA":0.2308,"PRUID":"59","CMA":"Abbotsford_Mission"}},
{"type":"Feature","geometry":{"type":"Polygon","coordinates":[[[-122.3275062143912,49.06474620428212],[-122.33059590990597,49.064737304792985],[-122.33222400136546,49.06262401325197],[-122.33188081386713,49.06159450772867],[-122.32692658817355,49.06156129745386],[-122.3269840923574,49.063869194795394],[-122.3275062143912,49.06474620428212]]]},"properties":{"DAUID":"59090134","DGUID":"2021S051259090134","LANDAREA":0.1121,"PRUID":"59","CMA":"Abbotsford_Mission"}},
{"type":"Feature","geometry":{"type":"Polygon","coordinates":[[[-122.32689327071745,49.0601610220474],[-122.32692658817355,49.06156129745386],[-122.33188081386713,49.06159450772867],[-122.33222400136546,49.06262401325197],[-122.33298261230095,49.06159250045005],[-122.33791829524233,49.06161670415679],[-122.33786349710532,49.06005079496742],[-122.32705927764738,49.060034195289724],[-122.32689327071745,49.0601610220474]]]},"properties":{"DAUID":"59090135","DGUID":"2021S051259090135","LANDAREA":0.1454,"PRUID":"59","CMA":"Abbotsford_Mission"}},
{"type":"Feature","geometry":{"type":"Polygon","coordinates":[[[-122.33059590990597,49.064737304792985],[-122.33197061329105,49.06483390553416],[-122.33255630088159,49.06344401055061],[-122.3334997977025,49.06302011019054],[-122.33584461678203,49.06308390307914],[-122.3358701969416,49.06385460292828],[-122.338011109186,49.06386720083825],[-122.33914289321386,49.06318740782938],[-122.33913769608652,49.06163390547839],[-122.33791829524233,49.06161670415679],[-122.33298261230095,49.06159250045005],[-122.33222400136546,49.06262401325197],[-122.33059590990597,49.064737304792985]]]},"properties":{"DAUID":"59090136","DGUID":"2021S051259090136","LANDAREA":0.1228,"PRUID":"59","CMA":"Abbotsford_Mission"}},
{"type":"Feature","geometry":{"type":"Polygon","coordinates":[[[-122.33059590990597,49.064737304792985],[-122.33093940761103,49.065519812268036],[-122.33290990686997,49.06552410016832],[-122.33291399348688,49.066237290720125],[-122.33598121731718,49.06623650395822],[-122.3358701969416,49.06385460292828],[-122.33584461678203,49.06308390307914],[-122.3334997977025,49.06302011019054],[-122.33255630088159,49.06344401055061],[-122.33197061329105,49.06483390553416],[-122.33059590990597,49.064737304792985]]]},"properties":{"DAUID":"59090137","DGUID":"2021S051259090137","LANDAREA":0.1001,"PRUID":"59","CMA":"Abbotsford_Mission"}},
{"type":"Feature","geometry":{"type":"Polygon","coordinates":[[[-122.3402669249262,49.064593204193116],[-122.34127299306951,49.06619430118348],[-122.33894219533882,49.06696041433474],[-122.33926793961066,49.069329726958095],[-122.3397880179035,49.06966009561732],[-122.34092755630662,49.06831717763842],[-122.3409373311134,49.06699611606211],[-122.3423704070204,49.06706242725538],[-122.343437288115,49.06560014362526],[-122.34161450354075,49.06465271541576],[-122.3402669249262,49.064593204193116]]]},"properties":{"DAUID":"59090140","DGUID":"2021S051259090140","LANDAREA":0.0683,"PRUID":"59","CMA":"Abbotsford_Mission"}},
{"type":"Feature","geometry":{"type":"Polygon","coordinates":[[[-122.33791829524233,49.06161670415679],[-122.33913769608652,49.06163390547839],[-122.33914289321386,49.06318740782938],[-122.34021939003681,49.06319428736979],[-122.3402669249262,49.064593204193116],[-122.34161450354075,49.06465271541576],[-122.343437288115,49.06560014362526],[-122.34363664141493,49.062622318092544],[-122.34424665247754,49.05995715681811],[-122.34259980492945,49.060242893119685],[-122.33786349710532,49.06005079496742],[-122.33791829524233,49.06161670415679]]]},"properties":{"DAUID":"59090141","DGUID":"2021S051259090141","LANDAREA":0.1675,"PRUID":"59","CMA":"Abbotsford_Mission"}},
{"type":"Feature","geometry":{"type":"Polygon","coordinates":[[[-122.35890290641021,49.057119887704225],[-122.35699650505362,49.05761320577119],[-122.35353897905536,49.05785189613561],[-122.35144089018557,49.059220294766554],[-122.35114579224869,49.060296509335906],[-122.35438300300913,49.060356891524165],[-122.35543999289995,49.06036850278461],[-122.36002892267152,49.060397025834995],[-122.35999371632612,49.057117202737835],[-122.35890290641021,49.057119887704225]]]},"properties":{"DAUID":"59090144","DGUID":"2021S051259090144","LANDAREA":0.1847,"PRUID":"59","CMA":"Abbotsford_Mission"}},
{"type":"Feature","geometry":{"type":"Polygon","coordinates":[[[-122.35890290641021,49.057119887704225],[-122.3589184924228,49.05520391653905],[-122.358276619018,49.05457540066122],[-122.35477058948722,49.0542311099315],[-122.35231131080805,49.05537350405005],[-122.35029460158962,49.05816335162199],[-122.34912382351901,49.058493275398966],[-122.34424665247754,49.05995715681811],[-122.34896586543863,49.06025843284271],[-122.35114579224869,49.060296509335906],[-122.35144089018557,49.059220294766554],[-122.35353897905536,49.05785189613561],[-122.35699650505362,49.05761320577119],[-122.35890290641021,49.057119887704225]]]},"properties":{"DAUID":"59090145","DGUID":"2021S051259090145","LANDAREA":0.2645,"PRUID":"59","CMA":"Abbotsford_Mission"}},
{"type":"Feature","geometry":{"type":"Polygon","coordinates":[[[-122.35999371632612,49.057117202737835],[-122.35995995545886,49.05555200217783],[-122.3599326007471,49.0542385281211],[-122.36002390673566,49.052403497573465],[-122.35890599586372,49.05238730535961],[-122.35850939065469,49.05352228735616],[-122.35603300162698,49.05325800084772],[-122.35414830737342,49.05239160091342],[-122.35298478058007,49.05266039368246],[-122.35382160292207,49.053908602799105],[-122.35167738809272,49.05523839784302],[-122.3499928202334,49.05779089883874],[-122.34912382351901,49.058493275398966],[-122.35029460158962,49.05816335162199],[-122.35231131080805,49.05537350405005],[-122.35477058948722,49.0542311099315],[-122.358276619018,49.05457540066122],[-122.3589184924228,49.05520391653905],[-122.35890290641021,49.057119887704225],[-122.35999371632612,49.057117202737835]]]},"properties":{"DAUID":"59090146","DGUID":"2021S051259090146","LANDAREA":0.1146,"PRUID":"59","CMA":"Abbotsford_Mission"}},
{"type":"Feature","geometry":{"type":"Polygon","coordinates":[[[-122.35414830737342,49.05239160091342],[-122.35576374771577,49.051708136347095],[-122.36005269087889,49.05098469687704],[-122.3601996301735,49.04926739856879],[-122.36003309398691,49.04897833745731],[-122.35489415061029,49.04673942642831],[-122.35370048529812,49.04622381763142],[-122.35108791028709,49.04586909348754],[-122.34872192339984,49.04603382810767],[-122.3460755681506,49.046546881988995],[-122.34590260740862,49.049922492631104],[-122.3475594927226,49.049555209943136],[-122.34878710402435,49.04799681497967],[-122.35228989847845,49.04825291452309],[-122.35280159686565,49.04865431065713],[-122.35292780201723,49.05106289789253],[-122.35298478058007,49.05266039368246],[-122.35414830737342,49.05239160091342]]]},"properties":{"DAUID":"59090148","DGUID":"2021S051259090148","LANDAREA":0.3994,"PRUID":"59","CMA":"Abbotsford_Mission"}},
{"type":"Feature","geometry":{"type":"Polygon","coordinates":[[[-122.3475594927226,49.049555209943136],[-122.34929890678481,49.04967110705141],[-122.35030639212457,49.04915730931954],[-122.3502624892021,49.0519892179657],[-122.35165111733515,49.05216619664141],[-122.3517303806547,49.05106548542257],[-122.35292780201723,49.05106289789253],[-122.35280159686565,49.04865431065713],[-122.35228989847845,49.04825291452309],[-122.34878710402435,49.04799681497967],[-122.3475594927226,49.049555209943136]]]},"properties":{"DAUID":"59090149","DGUID":"2021S051259090149","LANDAREA":0.0926,"PRUID":"59","CMA":"Abbotsford_Mission"}},
{"type":"Feature","geometry":{"type":"Polygon","coordinates":[[[-122.34420729274437,49.05199947835813],[-122.34620750369382,49.05271659125679],[-122.35298478058007,49.05266039368246],[-122.35292780201723,49.05106289789253],[-122.3517303806547,49.05106548542257],[-122.35165111733515,49.05216619664141],[-122.3502624892021,49.0519892179657],[-122.35030639212457,49.04915730931954],[-122.34929890678481,49.04967110705141],[-122.3475594927226,49.049555209943136],[-122.34590260740862,49.049922492631104],[-122.3460755681506,49.046546881988995],[-122.34385319075419,49.04732221386263],[-122.34420729274437,49.05199947835813]]]},"properties":{"DAUID":"59090150","DGUID":"2021S051259090150","LANDAREA":0.2169,"PRUID":"59","CMA":"Abbotsford_Mission"}},
{"type":"Feature","geometry":{"type":"Polygon","coordinates":[[[-122.34375810148387,49.055736202693446],[-122.34384400965226,49.05659550061181],[-122.34352690090162,49.05889161031611],[-122.33787248885235,49.05866550006324],[-122.33786349710532,49.06005079496742],[-122.34259980492945,49.060242893119685],[-122.34424665247754,49.05995715681811],[-122.34912382351901,49.058493275398966],[-122.3499928202334,49.05779089883874],[-122.35167738809272,49.05523839784302],[-122.35382160292207,49.053908602799105],[-122.35298478058007,49.05266039368246],[-122.34620750369382,49.05271659125679],[-122.34616021958762,49.05480380038198],[-122.34370967377187,49.05499259626391],[-122.34375810148387,49.055736202693446]]]},"properties":{"DAUID":"59090151","DGUID":"2021S051259090151","LANDAREA":0.4419,"PRUID":"59","CMA":"Abbotsford_Mission"}},
{"type":"Feature","geometry":{"type":"Polygon","coordinates":[[[-122.34266531485427,49.04776308451402],[-122.34385319075419,49.04732221386263],[-122.3460755681506,49.046546881988995],[-122.34872192339984,49.04603382810767],[-122.35108791028709,49.04586909348754],[-122.34779649557173,49.04592028423263],[-122.34781309973171,49.04413678635846],[-122.34404358681194,49.042714802459656],[-122.34387829836197,49.04586900893156],[-122.34248690495144,49.04585221046996],[-122.34266531485427,49.04776308451402]]]},"properties":{"DAUID":"59090152","DGUID":"2021S051259090152","LANDAREA":0.1261,"PRUID":"59","CMA":"Abbotsford_Mission"}},
{"type":"Feature","geometry":{"type":"Polygon","coordinates":[[[-122.337313069798,49.0383429512585],[-122.33716831214149,49.042383086384376],[-122.33708800884365,49.04422210094701],[-122.33821927888025,49.044240854959426],[-122.33833050426566,49.04251110870141],[-122.34267581765637,49.04257359920323],[-122.34248690495144,49.04585221046996],[-122.34387829836197,49.04586900893156],[-122.34404358681194,49.042714802459656],[-122.34781309973171,49.04413678635846],[-122.34779649557173,49.04592028423263],[-122.35108791028709,49.04586909348754],[-122.35370048529812,49.04622381763142],[-122.35041696930608,49.0447410454991],[-122.3373313986391,49.037991989568546],[-122.337313069798,49.0383429512585]]]},"properties":{"DAUID":"59090153","DGUID":"2021S051259090153","LANDAREA":0.2884,"PRUID":"59","CMA":"Abbotsford_Mission"}},
{"type":"Feature","geometry":{"type":"Polygon","coordinates":[[[-122.35489415061029,49.04673942642831],[-122.35474168664223,49.04585531614896],[-122.35174040603962,49.044612134993706],[-122.35123384117828,49.0440395125248],[-122.35139659288541,49.038517983240794],[-122.34309725831761,49.03838693720545],[-122.33937562519613,49.03601439673049],[-122.3374690824755,49.035647330115644],[-122.3373313986391,49.037991989568546],[-122.35041696930608,49.0447410454991],[-122.35370048529812,49.04622381763142],[-122.35489415061029,49.04673942642831]]]},"properties":{"DAUID":"59090154","DGUID":"2021S051259090154","LANDAREA":0.4681,"PRUID":"59","CMA":"Abbotsford_Mission"}},
{"type":"Feature","geometry":{"type":"Polygon","coordinates":[[[-122.35139659288541,49.038517983240794],[-122.36007562189039,49.03863871774616],[-122.36012484643375,49.02592105179868],[-122.35995694936331,49.025671954093866],[-122.3552364919432,49.023992592952546],[-122.33755240809454,49.02370499378217],[-122.33771291273875,49.028660787481655],[-122.33642731700473,49.03092480935964],[-122.33777169161621,49.031446699120735],[-122.3374690824755,49.035647330115644],[-122.33937562519613,49.03601439673049],[-122.34309725831761,49.03838693720545],[-122.35139659288541,49.038517983240794]]]},"properties":{"DAUID":"59090155","DGUID":"2021S051259090155","LANDAREA":2.578,"PRUID":"59","CMA":"Abbotsford_Mission"}},
{"type":"Feature","geometry":{"type":"Polygon","coordinates":[[[-122.3373313986391,49.037991989568546],[-122.3374690824755,49.035647330115644],[-122.33777169161621,49.031446699120735],[-122.33642731700473,49.03092480935964],[-122.33771291273875,49.028660787481655],[-122.33755240809454,49.02370499378217],[-122.33751961081724,49.016496992568456],[-122.315253685858,49.01690551125583],[-122.31504460127681,49.0228223962371],[-122.31555107218553,49.03077609932151],[-122.31558970431608,49.03497770790208],[-122.31539944743125,49.035714127853176],[-122.33222529707265,49.036651909781725],[-122.33411159427783,49.03692911529894],[-122.3373313986391,49.037991989568546]]]},"properties":{"DAUID":"59090156","DGUID":"2021S051259090156","LANDAREA":3.5555,"PRUID":"59","CMA":"Abbotsford_Mission"}},
{"type":"Feature","geometry":{"type":"Polygon","coordinates":[[[-122.33751961081724,49.016496992568456],[-122.37091140714152,49.016993694159495],[-122.37117890544982,49.002397988773346],[-122.39378432436867,49.002406004342895],[-122.41909359630309,49.00234818994101],[-122.42644261283161,49.002362581732626],[-122.42688267856069,49.00229957999032],[-122.36017351791139,49.00235855590814],[-122.33985980620092,49.002173633211704],[-122.32704755561127,49.002234164759166],[-122.32005882115504,49.00245036722893],[-122.31574273896166,49.002416763230435],[-122.31597898324662,49.002427015262874],[-122.315253685858,49.01690551125583],[-122.33751961081724,49.016496992568456]]]},"properties":{"DAUID":"59090157","DGUID":"2021S051259090157","LANDAREA":6.2238,"PRUID":"59","CMA":"Abbotsford_Mission"}},
{"type":"Feature","geometry":{"type":"Polygon","coordinates":[[[-122.29964843786779,49.03110670009104],[-122.30719440964063,49.03095399910762],[-122.30723788740251,49.03330489304006],[-122.30727525575152,49.035260392068324],[-122.31539944743125,49.035714127853176],[-122.31558970431608,49.03497770790208],[-122.31555107218553,49.03077609932151],[-122.31504460127681,49.0228223962371],[-122.315253685858,49.01690551125583],[-122.31597898324662,49.002427015262874],[-122.31574273896166,49.002416763230435],[-122.29354456045185,49.00245638772663],[-122.29387800556164,49.00264360914282],[-122.29358721067591,49.00960728771357],[-122.29376148311901,49.0240682089448],[-122.29347450617247,49.02699285044898],[-122.29977920042255,49.026934171396796],[-122.29964843786779,49.03110670009104]]]},"properties":{"DAUID":"59090158","DGUID":"2021S051259090158","LANDAREA":5.1521,"PRUID":"59","CMA":"Abbotsford_Mission"}},
{"type":"Feature","geometry":{"type":"Polygon","coordinates":[[[-122.28217662115071,49.02404600618726],[-122.29376148311901,49.0240682089448],[-122.29358721067591,49.00960728771357],[-122.29387800556164,49.00264360914282],[-122.29354456045185,49.00245638772663],[-122.27157497447396,49.00229078895435],[-122.25702585874981,49.002330443897],[-122.25683847468129,49.00244334963881],[-122.25686981546518,49.00370491524305],[-122.2575703250477,49.004225241868994],[-122.26294356544815,49.004209790883124],[-122.26523059244006,49.00441299120717],[-122.26529551847949,49.00946029407683],[-122.26535061065526,49.0169141899065],[-122.27183607608967,49.01694328012991],[-122.2824047949361,49.01682779550242],[-122.28217662115071,49.02404600618726]]]},"properties":{"DAUID":"59090159","DGUID":"2021S051259090159","LANDAREA":4.1537,"PRUID":"59","CMA":"Abbotsford_Mission"}},
{"type":"Feature","geometry":{"type":"Polygon","coordinates":[[[-122.2234141647919,49.04495508281772],[-122.22376007080904,49.04841936971026],[-122.22348942466357,49.049294296591114],[-122.22814128695522,49.0495679476558],[-122.230118700821,49.04878709715105],[-122.23079242952394,49.048036405699804],[-122.2302359222719,49.04759220046721],[-122.22966899557207,49.045467094812615],[-122.23057359820997,49.04434758184812],[-122.2329230024711,49.04351319853924],[-122.23186670739219,49.042651998514486],[-122.23064399223907,49.04268210708141],[-122.22955167576903,49.04370310301551],[-122.22820200901266,49.04383150543705],[-122.22590160753592,49.04326376428366],[-122.22504042892747,49.044639926911145],[-122.2234141647919,49.04495508281772]]]},"properties":{"DAUID":"59090165","DGUID":"2021S051259090165","LANDAREA":0.3251,"PRUID":"59","CMA":"Abbotsford_Mission"}},
{"type":"Feature","geometry":{"type":"Polygon","coordinates":[[[-122.2234141647919,49.04495508281772],[-122.2235230439948,49.042463338592206],[-122.22195844236695,49.04111614638489],[-122.21870014244898,49.044611053807],[-122.21858324610939,49.04681437018954],[-122.21669072404292,49.047853969895876],[-122.21475944848385,49.047201768265566],[-122.2149790216248,49.04876836404118],[-122.21392600993805,49.04969695746308],[-122.21385504908223,49.05069525984113],[-122.21166084165195,49.05184036096358],[-122.20932324321954,49.05247275271137],[-122.20877184858642,49.05193715479206],[-122.20624166814815,49.05339734101893],[-122.20632824768416,49.05533606781179],[-122.20713396572674,49.05697256363175],[-122.20965226013703,49.05640591737893],[-122.21495953937752,49.0537415172191],[-122.2174623420184,49.05305078938571],[-122.21892151419688,49.052218668458124],[-122.22439333095241,49.051496173583224],[-122.22513280938203,49.0520631080631],[-122.2295285920403,49.05105821859304],[-122.23132116109795,49.051006649808976],[-122.23198119558513,49.04878310857013],[-122.230118700821,49.04878709715105],[-122.22814128695522,49.0495679476558],[-122.22348942466357,49.049294296591114],[-122.22376007080904,49.04841936971026],[-122.2234141647919,49.04495508281772]]]},"properties":{"DAUID":"59090166","DGUID":"2021S051259090166","LANDAREA":0.9941,"PRUID":"59","CMA":"Abbotsford_Mission"}},
{"type":"Feature","geometry":{"type":"Polygon","coordinates":[[[-122.25453959621498,49.0560682923701],[-122.25167690723003,49.057189999161615],[-122.25111950437966,49.05841908962207],[-122.25744081461914,49.05848641146632],[-122.25713820157318,49.05700638629936],[-122.25550379856716,49.05687541916296],[-122.25453959621498,49.0560682923701]]]},"properties":{"DAUID":"59090169","DGUID":"2021S051259090169","LANDAREA":0.0886,"PRUID":"59","CMA":"Abbotsford_Mission"}},
{"type":"Feature","geometry":{"type":"Polygon","coordinates":[[[-122.260490583891,49.05549320634208],[-122.25765040926146,49.055569994460214],[-122.25453959621498,49.0560682923701],[-122.25550379856716,49.05687541916296],[-122.25713820157318,49.05700638629936],[-122.25744081461914,49.05848641146632],[-122.25111950437966,49.05841908962207],[-122.24993589522083,49.05996450608694],[-122.25015129241652,49.06109709034966],[-122.25138060653518,49.06185860155281],[-122.25447362779404,49.0610425091239],[-122.2594364867134,49.06004979883005],[-122.2606740822841,49.06006139348475],[-122.260490583891,49.05549320634208]]]},"properties":{"DAUID":"59090170","DGUID":"2021S051259090170","LANDAREA":0.2952,"PRUID":"59","CMA":"Abbotsford_Mission"}},
{"type":"Feature","geometry":{"type":"Polygon","coordinates":[[[-122.25134728169927,49.063038404410726],[-122.25332321740059,49.062073312182726],[-122.25732688370775,49.06109689082263],[-122.25999280441316,49.06075704799094],[-122.26201430354914,49.060072886742205],[-122.2606740822841,49.06006139348475],[-122.2594364867134,49.06004979883005],[-122.25447362779404,49.0610425091239],[-122.25138060653518,49.06185860155281],[-122.25015129241652,49.06109709034966],[-122.24993589522083,49.05996450608694],[-122.24865861317453,49.060343600167144],[-122.24360229233099,49.06038771540212],[-122.2436489202839,49.06204998876318],[-122.24607368087948,49.062378201474736],[-122.24659800259114,49.063123202099646],[-122.248761204276,49.061670602541746],[-122.24981311603187,49.06189760388875],[-122.25134728169927,49.063038404410726]]]},"properties":{"DAUID":"59090171","DGUID":"2021S051259090171","LANDAREA":0.1714,"PRUID":"59","CMA":"Abbotsford_Mission"}},
{"type":"Feature","geometry":{"type":"Polygon","coordinates":[[[-122.25999280441316,49.06075704799094],[-122.25732688370775,49.06109689082263],[-122.25332321740059,49.062073312182726],[-122.25134728169927,49.063038404410726],[-122.25200930111656,49.063655690620976],[-122.25388118887498,49.06406741120854],[-122.25525430107736,49.06457669469654],[-122.25791711365797,49.06325590193955],[-122.25980884022067,49.06303149535326],[-122.25999280441316,49.06075704799094]]]},"properties":{"DAUID":"59090172","DGUID":"2021S051259090172","LANDAREA":0.1492,"PRUID":"59","CMA":"Abbotsford_Mission"}},
{"type":"Feature","geometry":{"type":"Polygon","coordinates":[[[-122.25382780160366,49.04742381213467],[-122.255961515806,49.05106020940856],[-122.25621808227805,49.05220958972641],[-122.25735761933484,49.05228090988388],[-122.25737559622445,49.04997809411347],[-122.26031230897674,49.04999029708191],[-122.26024088335042,49.04861299608826],[-122.25382780160366,49.04742381213467]]]},"properties":{"DAUID":"59090374","DGUID":"2021S051259090374","LANDAREA":0.1212,"PRUID":"59","CMA":"Abbotsford_Mission"}},
{"type":"Feature","geometry":{"type":"Polygon","coordinates":[[[-122.26024088335042,49.04861299608826],[-122.26021378782038,49.04456861755905],[-122.2548426887328,49.04453359378585],[-122.25314807492667,49.04495320400016],[-122.25407281172035,49.046112396381055],[-122.25321568880466,49.046698290902576],[-122.24981945996154,49.044272579107876],[-122.24929885096624,49.04465557756338],[-122.25034089629749,49.04535818790181],[-122.25254018799174,49.04693248826398],[-122.25382780160366,49.04742381213467],[-122.26024088335042,49.04861299608826]]]},"properties":{"DAUID":"59090375","DGUID":"2021S051259090375","LANDAREA":0.1951,"PRUID":"59","CMA":"Abbotsford_Mission"}},
{"type":"Feature","geometry":{"type":"Polygon","coordinates":[[[-122.26021378782038,49.04456861755905],[-122.26036589891302,49.04297990977799],[-122.26049008524963,49.04167069342454],[-122.25747118790206,49.04135989827068],[-122.25436811088375,49.04158609803045],[-122.25448279329679,49.03842288360926],[-122.25250298959065,49.03846200990118],[-122.25223919617727,49.04242330634267],[-122.2548426887328,49.04453359378585],[-122.26021378782038,49.04456861755905]]]},"properties":{"DAUID":"59090376","DGUID":"2021S051259090376","LANDAREA":0.2219,"PRUID":"59","CMA":"Abbotsford_Mission"}},
{"type":"Feature","geometry":{"type":"Polygon","coordinates":[[[-122.2548426887328,49.04453359378585],[-122.25223919617727,49.04242330634267],[-122.25250298959065,49.03846200990118],[-122.24991800802572,49.03849159078079],[-122.24845657282926,49.03890478824118],[-122.24803141376302,49.03975091019476],[-122.24847459009287,49.04112779387813],[-122.24631899159871,49.04249943594591],[-122.24929885096624,49.04465557756338],[-122.24981945996154,49.044272579107876],[-122.25321568880466,49.046698290902576],[-122.25407281172035,49.046112396381055],[-122.25314807492667,49.04495320400016],[-122.2548426887328,49.04453359378585]]]},"properties":{"DAUID":"59090377","DGUID":"2021S051259090377","LANDAREA":0.2833,"PRUID":"59","CMA":"Abbotsford_Mission"}},
{"type":"Feature","geometry":{"type":"Polygon","coordinates":[[[-122.26049008524963,49.04167069342454],[-122.2605451209586,49.0407287036591],[-122.26068970546612,49.03829589194819],[-122.25448279329679,49.03842288360926],[-122.25436811088375,49.04158609803045],[-122.25747118790206,49.04135989827068],[-122.26049008524963,49.04167069342454]]]},"properties":{"DAUID":"59090378","DGUID":"2021S051259090378","LANDAREA":0.1626,"PRUID":"59","CMA":"Abbotsford_Mission"}},
{"type":"Feature","geometry":{"type":"Polygon","coordinates":[[[-122.26036589891302,49.04297990977799],[-122.2614807737897,49.043014205377375],[-122.26138940479787,49.04423899717974],[-122.26391059997094,49.044736980613266],[-122.26559372236774,49.04387960393666],[-122.2650079139875,49.04335339529277],[-122.26520948859313,49.040649506263286],[-122.2605451209586,49.0407287036591],[-122.26049008524963,49.04167069342454],[-122.26036589891302,49.04297990977799]]]},"properties":{"DAUID":"59090379","DGUID":"2021S051259090379","LANDAREA":0.1275,"PRUID":"59","CMA":"Abbotsford_Mission"}},
{"type":"Feature","geometry":{"type":"Polygon","coordinates":[[[-122.27119485278881,49.0401309470309],[-122.26880345156141,49.03815096008852],[-122.26068970546612,49.03829589194819],[-122.2605451209586,49.0407287036591],[-122.26520948859313,49.040649506263286],[-122.2650079139875,49.04335339529277],[-122.26559372236774,49.04387960393666],[-122.26620230101392,49.044479494009124],[-122.26654069969537,49.04816239825918],[-122.26832071653169,49.047000897695604],[-122.27003028648087,49.046478809875836],[-122.27109243591948,49.044660387303125],[-122.27119485278881,49.0401309470309]]]},"properties":{"DAUID":"59090380","DGUID":"2021S051259090380","LANDAREA":0.4754,"PRUID":"59","CMA":"Abbotsford_Mission"}},
{"type":"Feature","geometry":{"type":"Polygon","coordinates":[[[-122.26024088335042,49.04861299608826],[-122.26314058553164,49.04888070148494],[-122.26478399684756,49.048741413232804],[-122.26654069969537,49.04816239825918],[-122.26620230101392,49.044479494009124],[-122.26559372236774,49.04387960393666],[-122.26391059997094,49.044736980613266],[-122.26138940479787,49.04423899717974],[-122.2614807737897,49.043014205377375],[-122.26036589891302,49.04297990977799],[-122.26021378782038,49.04456861755905],[-122.26024088335042,49.04861299608826]]]},"properties":{"DAUID":"59090382","DGUID":"2021S051259090382","LANDAREA":0.2316,"PRUID":"59","CMA":"Abbotsford_Mission"}},
{"type":"Feature","geometry":{"type":"Polygon","coordinates":[[[-122.27094067423894,49.05261740991837],[-122.27170108370386,49.052631295703065],[-122.27160098370395,49.049265100299195],[-122.27181021735642,49.04611969543744],[-122.27109243591948,49.044660387303125],[-122.27003028648087,49.046478809875836],[-122.26832071653169,49.047000897695604],[-122.26654069969537,49.04816239825918],[-122.26478399684756,49.048741413232804],[-122.26505940029912,49.051451080365666],[-122.26745389231137,49.051451406391514],[-122.2675087967518,49.052834597635744],[-122.27094067423894,49.05261740991837]]]},"properties":{"DAUID":"59090383","DGUID":"2021S051259090383","LANDAREA":0.2719,"PRUID":"59","CMA":"Abbotsford_Mission"}},
{"type":"Feature","geometry":{"type":"Polygon","coordinates":[[[-122.2675087967518,49.052834597635744],[-122.26745389231137,49.051451406391514],[-122.26505940029912,49.051451080365666],[-122.26478399684756,49.048741413232804],[-122.26314058553164,49.04888070148494],[-122.26024088335042,49.04861299608826],[-122.26031230897674,49.04999029708191],[-122.26039957341928,49.05271520068987],[-122.2675087967518,49.052834597635744]]]},"properties":{"DAUID":"59090384","DGUID":"2021S051259090384","LANDAREA":0.177,"PRUID":"59","CMA":"Abbotsford_Mission"}},
{"type":"Feature","geometry":{"type":"Polygon","coordinates":[[[-122.36003309398691,49.04897833745731],[-122.36998627632495,49.05331328315654],[-122.38147253437018,49.057984800129645],[-122.38115966719076,49.055917121813565],[-122.38125118348317,49.05188436469499],[-122.3812722010075,49.04121798749395],[-122.37917915879584,49.03901901052714],[-122.37834701169561,49.03784605929135],[-122.37860152249792,49.03184079631278],[-122.38003330039362,49.02981659703785],[-122.38052958867357,49.02819799125481],[-122.38196830004156,49.02595848942846],[-122.38365569362854,49.02403660627952],[-122.38563798999496,49.02301800549919],[-122.38719228247272,49.02122321580308],[-122.38724200603995,49.01881609102494],[-122.38654099149917,49.01709939723689],[-122.37091140714152,49.016993694159495],[-122.33751961081724,49.016496992568456],[-122.33755240809454,49.02370499378217],[-122.3552364919432,49.023992592952546],[-122.35995694936331,49.025671954093866],[-122.36012484643375,49.02592105179868],[-122.36007562189039,49.03863871774616],[-122.35139659288541,49.038517983240794],[-122.35123384117828,49.0440395125248],[-122.35174040603962,49.044612134993706],[-122.35474168664223,49.04585531614896],[-122.35489415061029,49.04673942642831],[-122.36003309398691,49.04897833745731]]]},"properties":{"DAUID":"59090385","DGUID":"2021S051259090385","LANDAREA":8.3286,"PRUID":"59","CMA":"Abbotsford_Mission"}},
{"type":"Feature","geometry":{"type":"Polygon","coordinates":[[[-122.3601996301735,49.04926739856879],[-122.36532164338043,49.051581316367404],[-122.36946681019555,49.05330744204891],[-122.37025429083133,49.05391280855687],[-122.37041731228044,49.055245273793396],[-122.3704486911338,49.0580751020584],[-122.37157679261773,49.05782209672355],[-122.37403490215904,49.05797360685482],[-122.3740586831884,49.05939149878575],[-122.37509351527167,49.05984480326103],[-122.3747525824943,49.06088430661633],[-122.37780839314101,49.061183099165675],[-122.37779399807597,49.062742105372436],[-122.38121039018449,49.062751798298784],[-122.38147253437018,49.057984800129645],[-122.36998627632495,49.05331328315654],[-122.36003309398691,49.04897833745731],[-122.3601996301735,49.04926739856879]]]},"properties":{"DAUID":"59090386","DGUID":"2021S051259090386","LANDAREA":0.4374,"PRUID":"59","CMA":"Abbotsford_Mission"}},
{"type":"Feature","geometry":{"type":"Polygon","coordinates":[[[-122.35995995545886,49.05555200217783],[-122.36291548131935,49.055710797628905],[-122.36474238527147,49.05532189693741],[-122.36576530902019,49.05662759502082],[-122.36473047813477,49.057140691729636],[-122.36490060834338,49.05829309524221],[-122.36598200388367,49.05890209128672],[-122.36789080172278,49.05895679781469],[-122.36900639531655,49.060445905324876],[-122.37050240363396,49.06045949804724],[-122.3704486911338,49.0580751020584],[-122.37041731228044,49.055245273793396],[-122.36502031075564,49.05481304310962],[-122.3599326007471,49.0542385281211],[-122.35995995545886,49.05555200217783]]]},"properties":{"DAUID":"59090387","DGUID":"2021S051259090387","LANDAREA":0.2256,"PRUID":"59","CMA":"Abbotsford_Mission"}},
{"type":"Feature","geometry":{"type":"Polygon","coordinates":[[[-122.3704486911338,49.0580751020584],[-122.37050240363396,49.06045949804724],[-122.37163991199661,49.060666503986376],[-122.37281320907073,49.061063996133036],[-122.37405409967174,49.06261589133028],[-122.37663110228853,49.06273708229462],[-122.37779399807597,49.062742105372436],[-122.37780839314101,49.061183099165675],[-122.3747525824943,49.06088430661633],[-122.37509351527167,49.05984480326103],[-122.3740586831884,49.05939149878575],[-122.37403490215904,49.05797360685482],[-122.37157679261773,49.05782209672355],[-122.3704486911338,49.0580751020584]]]},"properties":{"DAUID":"59090388","DGUID":"2021S051259090388","LANDAREA":0.155,"PRUID":"59","CMA":"Abbotsford_Mission"}},
{"type":"Feature","geometry":{"type":"Polygon","coordinates":[[[-122.36002892267152,49.060397025834995],[-122.36569028151054,49.06044997967093],[-122.36900639531655,49.060445905324876],[-122.36789080172278,49.05895679781469],[-122.36598200388367,49.05890209128672],[-122.36490060834338,49.05829309524221],[-122.36473047813477,49.057140691729636],[-122.35999371632612,49.057117202737835],[-122.36002892267152,49.060397025834995]]]},"properties":{"DAUID":"59090390","DGUID":"2021S051259090390","LANDAREA":0.178,"PRUID":"59","CMA":"Abbotsford_Mission"}},
{"type":"Feature","geometry":{"type":"Polygon","coordinates":[[[-122.35999371632612,49.057117202737835],[-122.36473047813477,49.057140691729636],[-122.36576530902019,49.05662759502082],[-122.36474238527147,49.05532189693741],[-122.36291548131935,49.055710797628905],[-122.35995995545886,49.05555200217783],[-122.35999371632612,49.057117202737835]]]},"properties":{"DAUID":"59090391","DGUID":"2021S051259090391","LANDAREA":0.0746,"PRUID":"59","CMA":"Abbotsford_Mission"}},
{"type":"Feature","geometry":{"type":"Polygon","coordinates":[[[-122.37096048005989,49.0966556953667],[-122.38201532216647,49.096672500872685],[-122.38201849769798,49.09196090238228],[-122.38241729795068,49.08943689305331],[-122.40411392185477,49.08941619710113],[-122.40383191562468,49.08446889582546],[-122.40370580972498,49.075021512219244],[-122.39125918960397,49.07503400175607],[-122.38114740005216,49.07489120835367],[-122.36145750827758,49.07490750691811],[-122.35997481292985,49.07510329598387],[-122.35998671074972,49.08186991190842],[-122.35983006838848,49.08304227189083],[-122.360275479962,49.08600085117552],[-122.36999387196677,49.086008897580875],[-122.37036611018881,49.096655498716544],[-122.37096048005989,49.0966556953667]]]},"properties":{"DAUID":"59090392","DGUID":"2021S051259090392","LANDAREA":5.5686,"PRUID":"59","CMA":"Abbotsford_Mission"}},
{"type":"Feature","geometry":{"type":"Polygon","coordinates":[[[-122.38147253437018,49.057984800129645],[-122.38121039018449,49.062751798298784],[-122.38122463018291,49.06556391402701],[-122.38114740005216,49.07489120835367],[-122.39125918960397,49.07503400175607],[-122.40370580972498,49.075021512219244],[-122.40383191562468,49.08446889582546],[-122.40411392185477,49.08941619710113],[-122.42619478316335,49.08939749316468],[-122.42575712613775,49.082042109264734],[-122.42570999837002,49.07673398922802],[-122.4269171018767,49.07482710664724],[-122.42687860930556,49.073795488020224],[-122.4256871163076,49.0723767054168],[-122.42587459144077,49.05848048644772],[-122.42608718914315,49.05701100893191],[-122.40361900089445,49.05758410840507],[-122.40190731260189,49.05760059632415],[-122.38434621694299,49.056114633290896],[-122.38115966719076,49.055917121813565],[-122.38147253437018,49.057984800129645]]]},"properties":{"DAUID":"59090393","DGUID":"2021S051259090393","LANDAREA":9.0884,"PRUID":"59","CMA":"Abbotsford_Mission"}},
{"type":"Feature","geometry":{"type":"Polygon","coordinates":[[[-122.42608718914315,49.05701100893191],[-122.42651569565471,49.053207695136535],[-122.42653992193868,49.045968206349905],[-122.41541142291955,49.04596850514945],[-122.40372098688393,49.04624545972581],[-122.40361900089445,49.05758410840507],[-122.42608718914315,49.05701100893191]]]},"properties":{"DAUID":"59090394","DGUID":"2021S051259090394","LANDAREA":2.0808,"PRUID":"59","CMA":"Abbotsford_Mission"}},
{"type":"Feature","geometry":{"type":"Polygon","coordinates":[[[-122.38115966719076,49.055917121813565],[-122.38434621694299,49.056114633290896],[-122.40190731260189,49.05760059632415],[-122.40361900089445,49.05758410840507],[-122.40372098688393,49.04624545972581],[-122.40370795177436,49.0430989351487],[-122.40559089489233,49.04200814788434],[-122.40596607448329,49.03969673839879],[-122.40754677836546,49.03760869713539],[-122.40626683844046,49.034553130034126],[-122.40368700657491,49.0330694257748],[-122.40394439826699,49.021185685085555],[-122.40311901582027,49.02063065366026],[-122.40407322395427,49.01978097918429],[-122.40299345839105,49.020069523917776],[-122.40101403157799,49.0221538373797],[-122.40071873203495,49.02296348036175],[-122.39866201843401,49.02528340732364],[-122.38173121614017,49.039041098153774],[-122.37917915879584,49.03901901052714],[-122.3812722010075,49.04121798749395],[-122.38125118348317,49.05188436469499],[-122.38115966719076,49.055917121813565]]]},"properties":{"DAUID":"59090395","DGUID":"2021S051259090395","LANDAREA":5.0938,"PRUID":"59","CMA":"Abbotsford_Mission"}},
{"type":"Feature","geometry":{"type":"Polygon","coordinates":[[[-122.37091140714152,49.016993694159495],[-122.38654099149917,49.01709939723689],[-122.38724200603995,49.01881609102494],[-122.38719228247272,49.02122321580308],[-122.38563798999496,49.02301800549919],[-122.38365569362854,49.02403660627952],[-122.38196830004156,49.02595848942846],[-122.38052958867357,49.02819799125481],[-122.38003330039362,49.02981659703785],[-122.37860152249792,49.03184079631278],[-122.37834701169561,49.03784605929135],[-122.37917915879584,49.03901901052714],[-122.38173121614017,49.039041098153774],[-122.39866201843401,49.02528340732364],[-122.40071873203495,49.02296348036175],[-122.40101403157799,49.0221538373797],[-122.40299345839105,49.020069523917776],[-122.40407322395427,49.01978097918429],[-122.4061180205867,49.017252299956546],[-122.41525668116346,49.0167989980212],[-122.42488848268047,49.01675810754684],[-122.42599310131881,49.01594262418468],[-122.42649911091293,49.01536489717687],[-122.42640639037803,49.00938401803007],[-122.42644261283161,49.002362581732626],[-122.41909359630309,49.00234818994101],[-122.39378432436867,49.002406004342895],[-122.37117890544982,49.002397988773346],[-122.37091140714152,49.016993694159495]]]},"properties":{"DAUID":"59090396","DGUID":"2021S051259090396","LANDAREA":8.8655,"PRUID":"59","CMA":"Abbotsford_Mission"}},
{"type":"Feature","geometry":{"type":"Polygon","coordinates":[[[-122.42640390982082,49.0966280924689],[-122.42652999222035,49.10108681053463],[-122.43405938176937,49.10043380387423],[-122.43763367725013,49.100509000045996],[-122.43773849058145,49.10710320060302],[-122.42670819130666,49.10729411114111],[-122.42696652010603,49.118149501906295],[-122.44916541925903,49.1179250102117],[-122.44911150750515,49.11518409294491],[-122.45024358147856,49.1145319964644],[-122.45358850769465,49.114053795822315],[-122.45462960867513,49.11365820268788],[-122.45533238025905,49.11211220485067],[-122.4565428803889,49.11100289769584],[-122.46050898684618,49.11072699482152],[-122.46043043502264,49.103492241361664],[-122.46051740131735,49.09514399838629],[-122.46021040385017,49.08934813334877],[-122.42619478316335,49.08939749316468],[-122.42640390982082,49.0966280924689]]]},"properties":{"DAUID":"59090400","DGUID":"2021S051259090400","LANDAREA":6.7972,"PRUID":"59","CMA":"Abbotsford_Mission"}},
{"type":"Feature","geometry":{"type":"Polygon","coordinates":[[[-122.42640390982082,49.0966280924689],[-122.40420010377326,49.096722988578215],[-122.40427529971308,49.10399421785082],[-122.40421710899211,49.11566860449908],[-122.40430600307475,49.11685868227867],[-122.40604569833053,49.116862702430495],[-122.4086092989221,49.11737558776646],[-122.41070450750937,49.1182234965736],[-122.41369940764874,49.118438800392525],[-122.4154958964763,49.11907559974557],[-122.41568601426968,49.133025597238586],[-122.44963968832263,49.13241219340042],[-122.44916541925903,49.1179250102117],[-122.42696652010603,49.118149501906295],[-122.42670819130666,49.10729411114111],[-122.43773849058145,49.10710320060302],[-122.43763367725013,49.100509000045996],[-122.43405938176937,49.10043380387423],[-122.42652999222035,49.10108681053463],[-122.42640390982082,49.0966280924689]]]},"properties":{"DAUID":"59090401","DGUID":"2021S051259090401","LANDAREA":8.4843,"PRUID":"59","CMA":"Abbotsford_Mission"}},
{"type":"Feature","geometry":{"type":"Polygon","coordinates":[[[-122.37096048005989,49.0966556953667],[-122.37093030427576,49.10354321431598],[-122.37290029389379,49.10403069399515],[-122.3820193005848,49.10396939167522],[-122.38222060317739,49.11861449470388],[-122.39884548432968,49.11858590764268],[-122.40012098962876,49.11782458619588],[-122.40430600307475,49.11685868227867],[-122.40421710899211,49.11566860449908],[-122.40427529971308,49.10399421785082],[-122.40420010377326,49.096722988578215],[-122.42640390982082,49.0966280924689],[-122.42619478316335,49.08939749316468],[-122.40411392185477,49.08941619710113],[-122.38241729795068,49.08943689305331],[-122.38201849769798,49.09196090238228],[-122.38201532216647,49.096672500872685],[-122.37096048005989,49.0966556953667]]]},"properties":{"DAUID":"59090402","DGUID":"2021S051259090402","LANDAREA":7.1409,"PRUID":"59","CMA":"Abbotsford_Mission"}},
{"type":"Feature","geometry":{"type":"Polygon","coordinates":[[[-122.40430600307475,49.11685868227867],[-122.40012098962876,49.11782458619588],[-122.39884548432968,49.11858590764268],[-122.38222060317739,49.11861449470388],[-122.3820193005848,49.10396939167522],[-122.37290029389379,49.10403069399515],[-122.37093030427576,49.10354321431598],[-122.37094050510495,49.107945110568274],[-122.36949182308754,49.10389587412044],[-122.36894248664598,49.10400340374069],[-122.35995373038229,49.10396133519831],[-122.35961510969408,49.10901159076036],[-122.35968686107584,49.117180855950856],[-122.3598822994413,49.11918548673773],[-122.37276200931714,49.12821276788121],[-122.38723035152017,49.138006611030335],[-122.38857130593256,49.14046170246305],[-122.39363201156489,49.14674109347009],[-122.39506920763016,49.14833670968942],[-122.40125619415734,49.15305741412066],[-122.4126051995569,49.15999480951445],[-122.41446899050915,49.161573812390905],[-122.41638500618681,49.164006792904296],[-122.41830331345263,49.16550079143779],[-122.42251490015788,49.16762710120311],[-122.42580430075759,49.16883060583667],[-122.43564789861098,49.170603712282066],[-122.44481501952346,49.171636204970405],[-122.45105578794598,49.17194130277592],[-122.45682830813256,49.17176731039123],[-122.46147846461096,49.17132706389801],[-122.46132630983745,49.16732062230733],[-122.45961412708218,49.16759780672304],[-122.45638728214146,49.16746729098851],[-122.45374664421017,49.167023417457365],[-122.44945819004131,49.16549409916495],[-122.44401852157013,49.16444209243066],[-122.43496010864213,49.16310059120541],[-122.42854329010794,49.16151070226822],[-122.42816351109558,49.15271059434371],[-122.42848618826203,49.14993809443985],[-122.43045632459348,49.14847400422531],[-122.42800259694323,49.14825549551381],[-122.42763919765689,49.14781080684666],[-122.40466540567023,49.14779548785434],[-122.40466341413745,49.14420368921277],[-122.40431571771934,49.13318680079423],[-122.41568601426968,49.133025597238586],[-122.4154958964763,49.11907559974557],[-122.41369940764874,49.118438800392525],[-122.41070450750937,49.1182234965736],[-122.4086092989221,49.11737558776646],[-122.40604569833053,49.116862702430495],[-122.40430600307475,49.11685868227867]]]},"properties":{"DAUID":"59090403","DGUID":"2021S051259090403","LANDAREA":11.8034,"PRUID":"59","CMA":"Abbotsford_Mission"}},
{"type":"Feature","geometry":{"type":"Polygon","coordinates":[[[-122.44916541925903,49.1179250102117],[-122.44963968832263,49.13241219340042],[-122.41568601426968,49.133025597238586],[-122.40431571771934,49.13318680079423],[-122.40466341413745,49.14420368921277],[-122.40466540567023,49.14779548785434],[-122.42763919765689,49.14781080684666],[-122.42800259694323,49.14825549551381],[-122.43045632459348,49.14847400422531],[-122.42848618826203,49.14993809443985],[-122.42816351109558,49.15271059434371],[-122.42854329010794,49.16151070226822],[-122.43496010864213,49.16310059120541],[-122.44401852157013,49.16444209243066],[-122.44945819004131,49.16549409916495],[-122.45374664421017,49.167023417457365],[-122.45638728214146,49.16746729098851],[-122.45961412708218,49.16759780672304],[-122.46132630983745,49.16732062230733],[-122.46138574505274,49.16034386882535],[-122.46114120501089,49.154440074603116],[-122.4612953985366,49.15021943502088],[-122.4610367044786,49.14707588805559],[-122.46073081996938,49.13251243725977],[-122.46044791059316,49.127493687265606],[-122.46065180692544,49.11826212525496],[-122.46050898684618,49.11072699482152],[-122.4565428803889,49.11100289769584],[-122.45533238025905,49.11211220485067],[-122.45462960867513,49.11365820268788],[-122.45358850769465,49.114053795822315],[-122.45024358147856,49.1145319964644],[-122.44911150750515,49.11518409294491],[-122.44916541925903,49.1179250102117]]]},"properties":{"DAUID":"59090404","DGUID":"2021S051259090404","LANDAREA":13.217,"PRUID":"59","CMA":"Abbotsford_Mission"}},
{"type":"Feature","geometry":{"type":"Polygon","coordinates":[[[-122.3159716390207,49.0670447401943],[-122.3159948054449,49.06779015604867],[-122.31612012291228,49.07234962054965],[-122.31853780973947,49.07184390323235],[-122.3199112912578,49.070051898063234],[-122.31986620120627,49.0688558833219],[-122.32132472538673,49.068499304421884],[-122.32103870118937,49.06726889243891],[-122.31906314351453,49.06698037895882],[-122.3159716390207,49.0670447401943]]]},"properties":{"DAUID":"59090424","DGUID":"2021S051259090424","LANDAREA":0.1643,"PRUID":"59","CMA":"Abbotsford_Mission"}},
{"type":"Feature","geometry":{"type":"Polygon","coordinates":[[[-122.31612012291228,49.07234962054965],[-122.3159948054449,49.06779015604867],[-122.31420639719552,49.067782895634686],[-122.31424117420873,49.069315696894854],[-122.31267579052695,49.069690188650625],[-122.31213720144402,49.07039008628602],[-122.31220739412876,49.07235600081369],[-122.31612012291228,49.07234962054965]]]},"properties":{"DAUID":"59090425","DGUID":"2021S051259090425","LANDAREA":0.1149,"PRUID":"59","CMA":"Abbotsford_Mission"}},
{"type":"Feature","geometry":{"type":"Polygon","coordinates":[[[-122.28691471414504,49.0449651800719],[-122.28858729089092,49.04557330346811],[-122.29347090860283,49.04556360421026],[-122.29338589358193,49.04147130008597],[-122.29040828179696,49.041774099374045],[-122.28656760426759,49.04173229949754],[-122.28640190484327,49.044670995581754],[-122.28691471414504,49.0449651800719]]]},"properties":{"DAUID":"59090428","DGUID":"2021S051259090428","LANDAREA":0.2121,"PRUID":"59","CMA":"Abbotsford_Mission"}},
{"type":"Feature","geometry":{"type":"Polygon","coordinates":[[[-122.28640190484327,49.044670995581754],[-122.28656760426759,49.04173229949754],[-122.29040828179696,49.041774099374045],[-122.29338589358193,49.04147130008597],[-122.29335942808693,49.04022170591229],[-122.29333410489791,49.039043394315456],[-122.288901109049,49.03883249112305],[-122.28889121175244,49.04002128873489],[-122.28393777690636,49.04014289724385],[-122.28398999234822,49.04120400780876],[-122.28239641270467,49.04120289036645],[-122.28314439123737,49.042801985677286],[-122.28640190484327,49.044670995581754]]]},"properties":{"DAUID":"59090429","DGUID":"2021S051259090429","LANDAREA":0.2318,"PRUID":"59","CMA":"Abbotsford_Mission"}},
{"type":"Feature","geometry":{"type":"Polygon","coordinates":[[[-122.30434136604087,49.05048565269419],[-122.30417009110772,49.05305900200122],[-122.30701870229936,49.053857816225026],[-122.30905370269927,49.054335906236034],[-122.30999011598456,49.054348197595765],[-122.31040969040605,49.05224591522256],[-122.30993228860792,49.05089614693082],[-122.30434136604087,49.05048565269419]]]},"properties":{"DAUID":"59090439","DGUID":"2021S051259090439","LANDAREA":0.1537,"PRUID":"59","CMA":"Abbotsford_Mission"}},
{"type":"Feature","geometry":{"type":"Polygon","coordinates":[[[-122.30449099611451,49.04193899270367],[-122.30350960897269,49.04129028526253],[-122.30349779810619,49.040110710486594],[-122.29846550839903,49.04021388312868],[-122.29335942808693,49.04022170591229],[-122.29338589358193,49.04147130008597],[-122.29347090860283,49.04556360421026],[-122.29362050237829,49.04763859616138],[-122.2957008089534,49.04756169534179],[-122.29612661621236,49.0465071900763],[-122.29546979237224,49.04556129060755],[-122.2963215946949,49.04451790067458],[-122.29633040673096,49.043254296773775],[-122.29836580577093,49.041861302786245],[-122.30449099611451,49.04193899270367]]]},"properties":{"DAUID":"59090444","DGUID":"2021S051259090444","LANDAREA":0.2796,"PRUID":"59","CMA":"Abbotsford_Mission"}},
{"type":"Feature","geometry":{"type":"Polygon","coordinates":[[[-122.3358701969416,49.06385460292828],[-122.33598121731718,49.06623650395822],[-122.33822172608618,49.06623628759808],[-122.33830789696891,49.06839643328918],[-122.33926793961066,49.069329726958095],[-122.33894219533882,49.06696041433474],[-122.34127299306951,49.06619430118348],[-122.3402669249262,49.064593204193116],[-122.34021939003681,49.06319428736979],[-122.33914289321386,49.06318740782938],[-122.338011109186,49.06386720083825],[-122.3358701969416,49.06385460292828]]]},"properties":{"DAUID":"59090446","DGUID":"2021S051259090446","LANDAREA":0.1199,"PRUID":"59","CMA":"Abbotsford_Mission"}},
{"type":"Feature","geometry":{"type":"Polygon","coordinates":[[[-122.25648491266637,49.06498443986223],[-122.25540380684974,49.06663280691294],[-122.25336128555922,49.067981493213885],[-122.25719918887096,49.06813789838369],[-122.25588329036069,49.06913140106125],[-122.25611781674509,49.07009609558878],[-122.25862478437881,49.070105996178505],[-122.25953228413738,49.069765307096404],[-122.2606977908981,49.07084981410503],[-122.25992380904304,49.06778830082981],[-122.25931812592587,49.06673177703065],[-122.25648491266637,49.06498443986223]]]},"properties":{"DAUID":"59090447","DGUID":"2021S051259090447","LANDAREA":0.1611,"PRUID":"59","CMA":"Abbotsford_Mission"}},
{"type":"Feature","geometry":{"type":"Polygon","coordinates":[[[-122.40996471191167,49.35295039812403],[-122.40986870727886,49.33273550587463],[-122.40886625614434,49.29780394103684],[-122.40863989919656,49.29336209378379],[-122.40898878229626,49.27095221729831],[-122.4091434673898,49.26426971749686],[-122.42428563200333,49.26407878702236],[-122.42412537463888,49.243550417560996],[-122.4244171196143,49.23562036942658],[-122.42433616196143,49.22836671776684],[-122.42449880812165,49.220377009235705],[-122.42214978517579,49.22119850414895],[-122.41805188409448,49.22095508983282],[-122.41400869933888,49.220288989759155],[-122.41067848736134,49.220027606303105],[-122.40748870193184,49.21883891112415],[-122.40557750244837,49.219138410677644],[-122.40410041448426,49.219807394746034],[-122.4021469917281,49.21994228558686],[-122.40216328875167,49.22713810047542],[-122.39325134523202,49.227636927296714],[-122.39113540487291,49.22717224493421],[-122.39115820240825,49.2286988042766],[-122.39469396253119,49.22870804006384],[-122.39478731541163,49.233164018614566],[-122.3910601988031,49.23446320268189],[-122.38008798911437,49.23442877484431],[-122.3800307111142,49.2201082995742],[-122.36059080200263,49.22665890186164],[-122.35877782541903,49.22767649692413],[-122.35764708867148,49.22909920966144],[-122.35583158720102,49.22965690419267],[-122.3548146021709,49.2307481908067],[-122.35564201684988,49.232665093870644],[-122.3548235077304,49.23318030965539],[-122.3568878258409,49.23452070130998],[-122.3581200619849,49.23657872571246],[-122.35750035626597,49.24201935780426],[-122.35626721145759,49.24858137610278],[-122.34353915873739,49.26112515439169],[-122.34041959406251,49.27471657485992],[-122.32761822370965,49.285948063918454],[-122.32369061372633,49.28955116140228],[-122.32198346126764,49.292104040377396],[-122.321512543624,49.30020624321198],[-122.32152888900023,49.301557326721905],[-122.32011420886906,49.30447946668644],[-122.31720921322461,49.306427369930105],[-122.31352982364587,49.30792258803638],[-122.30885680636102,49.3085461170828],[-122.30498479900804,49.30818242530422],[-122.30028240655297,49.30696031591898],[-122.29817874998176,49.309347572033964],[-122.29835243356781,49.31271066980374],[-122.29441898548392,49.32395068022929],[-122.29526488924874,49.32554909021635],[-122.29601120630963,49.32907601027674],[-122.29666199016644,49.33637010907048],[-122.29858639032902,49.34303260269535],[-122.29912409451188,49.3459154048861],[-122.30166301758211,49.34903579988455],[-122.30216860842515,49.3503260884746],[-122.30242520196036,49.353922192475835],[-122.30099146610064,49.35582288385004],[-122.3190591883529,49.354877410600906],[-122.33279542468318,49.353986632190406],[-122.36050685519972,49.35342270609572],[-122.36394771419802,49.36100052250564],[-122.37372542774564,49.35858056659314],[-122.37125442130909,49.35326106413135],[-122.40996471191167,49.35295039812403]]]},"properties":{"DAUID":"59090462","DGUID":"2021S051259090462","LANDAREA":78.2871,"PRUID":"59","CMA":"Abbotsford_Mission"}},
{"type":"Feature","geometry":{"type":"Polygon","coordinates":[[[-122.35764708867148,49.22909920966144],[-122.357819999318,49.227928893217594],[-122.35908891464726,49.22528609193872],[-122.35874832185199,49.223063802338075],[-122.35965223840873,49.22183726313978],[-122.35959968512971,49.220375858166484],[-122.36390647133932,49.21815236657156],[-122.36600014457477,49.215990064280824],[-122.36779645388333,49.21524934054977],[-122.36826698646617,49.21413900692849],[-122.37122386804013,49.21219766246659],[-122.37271020489332,49.21091048519139],[-122.37403905498725,49.210459282139865],[-122.37663473186659,49.21028477541629],[-122.37863313200053,49.20976756420809],[-122.38132427682427,49.209591180114614],[-122.3836107301979,49.20894083331931],[-122.38579417101998,49.20742983962343],[-122.38737706886944,49.20827587101917],[-122.38849582370527,49.20822303261783],[-122.38814304945338,49.20695073091398],[-122.38934994461519,49.20634565647719],[-122.39079485165887,49.20472074176485],[-122.39361277922822,49.20412430588688],[-122.39674928474699,49.20299374717239],[-122.39764346413237,49.20172874980158],[-122.40088759461598,49.202025522145725],[-122.40201088532733,49.20154819852066],[-122.40327378470073,49.1990145998738],[-122.40467962433665,49.198309365722814],[-122.40724416213243,49.198320011701355],[-122.40801451453584,49.196639396384406],[-122.40721050570708,49.195678003408794],[-122.40730030427935,49.193558502209015],[-122.40608257663308,49.19279928213435],[-122.4032424890823,49.19119879466818],[-122.4015434961188,49.18919809902133],[-122.40148679052264,49.18661860407492],[-122.40080201441619,49.1847768874576],[-122.39868129291125,49.1836902874991],[-122.39772038988106,49.18364368644494],[-122.39446768186409,49.18489220297798],[-122.3937109879954,49.18550219917258],[-122.39348750005405,49.187356796936314],[-122.39235589339722,49.18814618465391],[-122.3903621876393,49.18809278684956],[-122.38711370781888,49.1892979965356],[-122.37874610451516,49.19094840330762],[-122.37721328999612,49.19063101369136],[-122.37545640403371,49.18843770622656],[-122.37160768381324,49.18702729461062],[-122.37067110429771,49.18605298894879],[-122.36664891115544,49.1834090865261],[-122.36069950977326,49.1818859940011],[-122.35657969644978,49.17913290021562],[-122.35453549623382,49.17904569422776],[-122.35333221444263,49.18016489552201],[-122.35182099884601,49.180854594248686],[-122.34975289963555,49.18023199466767],[-122.34634140369126,49.17757099385345],[-122.34367978225706,49.176682913590824],[-122.34212980675089,49.17664379879907],[-122.33854520470248,49.17777298502807],[-122.33648039467035,49.1773394936673],[-122.33211530417661,49.175421600931465],[-122.33102249542395,49.17709960958055],[-122.33033569745939,49.182321805525284],[-122.32948188301313,49.18769337868861],[-122.32941333340649,49.18996774436441],[-122.32897611401943,49.19232236946502],[-122.31857301389562,49.20578238203817],[-122.3154351983734,49.20740289889639],[-122.31409671181072,49.20982479052515],[-122.3140194036397,49.21057380743449],[-122.31513830810428,49.21403339804649],[-122.31355049921245,49.216011504776965],[-122.31358108058585,49.216664094298636],[-122.31518725513132,49.21935078663203],[-122.31716803907894,49.22273515849206],[-122.32439640596895,49.22756393987189],[-122.32524065560601,49.229945913068136],[-122.32700138640554,49.230223998549675],[-122.33053391923453,49.2294971937756],[-122.3342063154974,49.228179185063375],[-122.3377476846813,49.228796196471045],[-122.34556439537181,49.229122804022175],[-122.34673180503312,49.22964629815117],[-122.34856890341166,49.23258708698245],[-122.35060507447902,49.23397730182102],[-122.35214469158016,49.23439889056277],[-122.3548235077304,49.23318030965539],[-122.35564201684988,49.232665093870644],[-122.3548146021709,49.2307481908067],[-122.35583158720102,49.22965690419267],[-122.35764708867148,49.22909920966144]]]},"properties":{"DAUID":"59090464","DGUID":"2021S051259090464","LANDAREA":21.0142,"PRUID":"59","CMA":"Abbotsford_Mission"}},
{"type":"Feature","geometry":{"type":"Polygon","coordinates":[[[-122.38857130593256,49.14046170246305],[-122.38412347589784,49.13669139385857],[-122.38156349704657,49.135414698191326],[-122.36401089740002,49.132049906029266],[-122.35871330070925,49.13114619053166],[-122.35846548826179,49.1332288074901],[-122.35790529700071,49.13394739553906],[-122.35615588678102,49.13399439610446],[-122.35547731295475,49.135465593660086],[-122.35600213375923,49.1361791723805],[-122.35327364816385,49.136154953465216],[-122.3522853363665,49.13722027544816],[-122.35226241758555,49.139046162194006],[-122.35421663728943,49.13960586493239],[-122.35491280234999,49.1408131137003],[-122.35738488242555,49.140159706524564],[-122.35928319010317,49.14124879423858],[-122.3596849886821,49.14291008850438],[-122.36067190005032,49.143998001948226],[-122.36349541908604,49.14516339991939],[-122.36510629106493,49.1467772158384],[-122.36798418619082,49.147581907043424],[-122.37155610190057,49.14769968856864],[-122.37618499877281,49.14905089470671],[-122.37855930897155,49.150023214613796],[-122.38774099595341,49.15168830474615],[-122.3923009188623,49.1538323096308],[-122.39367260916394,49.1549743010166],[-122.39794937142861,49.15681560294442],[-122.40024446674153,49.15823711967984],[-122.40133740580978,49.159459782027966],[-122.40128978361845,49.16223597674877],[-122.39734210345469,49.16221031653405],[-122.3968708960382,49.162856898287004],[-122.39299868011553,49.166046696798375],[-122.3877434014056,49.16884658677555],[-122.38228361700925,49.17044060313466],[-122.38209501113543,49.17177078851378],[-122.3820494940855,49.17672550011815],[-122.38008592256175,49.17675862502731],[-122.37998741781786,49.184035900333804],[-122.38950439932698,49.18404990923793],[-122.3903621876393,49.18809278684956],[-122.39235589339722,49.18814618465391],[-122.39348750005405,49.187356796936314],[-122.3937109879954,49.18550219917258],[-122.39446768186409,49.18489220297798],[-122.39772038988106,49.18364368644494],[-122.39868129291125,49.1836902874991],[-122.40080201441619,49.1847768874576],[-122.40148679052264,49.18661860407492],[-122.4015434961188,49.18919809902133],[-122.4032424890823,49.19119879466818],[-122.40608257663308,49.19279928213435],[-122.41109016821423,49.19113197099687],[-122.41028970940772,49.18916009467641],[-122.41069870669241,49.18737381049649],[-122.41503901139737,49.185257199148715],[-122.4190286121508,49.18211688473787],[-122.42141489222483,49.17862921120242],[-122.42192390879934,49.176691638146515],[-122.42249739985903,49.17352489627639],[-122.42321053240606,49.17253760920293],[-122.42580430075759,49.16883060583667],[-122.42251490015788,49.16762710120311],[-122.41830331345263,49.16550079143779],[-122.41638500618681,49.164006792904296],[-122.41446899050915,49.161573812390905],[-122.4126051995569,49.15999480951445],[-122.40125619415734,49.15305741412066],[-122.39506920763016,49.14833670968942],[-122.39363201156489,49.14674109347009],[-122.38857130593256,49.14046170246305]]]},"properties":{"DAUID":"59090466","DGUID":"2021S051259090466","LANDAREA":8.6089,"PRUID":"59","CMA":"Abbotsford_Mission"}},
{"type":"Feature","geometry":{"type":"Polygon","coordinates":[[[-122.35928319010317,49.14124879423858],[-122.3579190991206,49.14125040695223],[-122.35515469937832,49.14404111610964],[-122.35505669848092,49.14843990158156],[-122.35286800955359,49.14945909652765],[-122.35303240032314,49.15152328871794],[-122.35046260253819,49.15252230974192],[-122.34970451736238,49.15440750431946],[-122.35041401076803,49.15513370392189],[-122.34810047673176,49.15649730436606],[-122.33995890419314,49.15653350985887],[-122.33853189950754,49.15667247580634],[-122.3373534871789,49.15721100284603],[-122.33868590493003,49.15901208780311],[-122.33866199306509,49.16189198437474],[-122.36029812506331,49.161941451293536],[-122.36022835681659,49.169500305089464],[-122.37104401566826,49.1695509129415],[-122.37090546039863,49.17085029356685],[-122.37116455010407,49.1767846439381],[-122.38008592256175,49.17675862502731],[-122.3820494940855,49.17672550011815],[-122.38209501113543,49.17177078851378],[-122.38228361700925,49.17044060313466],[-122.3877434014056,49.16884658677555],[-122.39299868011553,49.166046696798375],[-122.3968708960382,49.162856898287004],[-122.39734210345469,49.16221031653405],[-122.40128978361845,49.16223597674877],[-122.40133740580978,49.159459782027966],[-122.40024446674153,49.15823711967984],[-122.39794937142861,49.15681560294442],[-122.39367260916394,49.1549743010166],[-122.3923009188623,49.1538323096308],[-122.38774099595341,49.15168830474615],[-122.37855930897155,49.150023214613796],[-122.37618499877281,49.14905089470671],[-122.37155610190057,49.14769968856864],[-122.36798418619082,49.147581907043424],[-122.36510629106493,49.1467772158384],[-122.36349541908604,49.14516339991939],[-122.36067190005032,49.143998001948226],[-122.3596849886821,49.14291008850438],[-122.35928319010317,49.14124879423858]]]},"properties":{"DAUID":"59090467","DGUID":"2021S051259090467","LANDAREA":8.2246,"PRUID":"59","CMA":"Abbotsford_Mission"}},
{"type":"Feature","geometry":{"type":"Polygon","coordinates":[[[-122.3903621876393,49.18809278684956],[-122.38950439932698,49.18404990923793],[-122.37998741781786,49.184035900333804],[-122.38008592256175,49.17675862502731],[-122.37116455010407,49.1767846439381],[-122.37090546039863,49.17085029356685],[-122.37104401566826,49.1695509129415],[-122.36022835681659,49.169500305089464],[-122.36029812506331,49.161941451293536],[-122.33866199306509,49.16189198437474],[-122.33868590493003,49.15901208780311],[-122.3373534871789,49.15721100284603],[-122.33853189950754,49.15667247580634],[-122.33852411499902,49.154567413455446],[-122.33427673693797,49.15432521169885],[-122.33390354287408,49.15553844905486],[-122.33283711992301,49.156314663950596],[-122.33285143900204,49.15726746137621],[-122.33180175186364,49.158818464391814],[-122.32912515104549,49.159899367578745],[-122.32934832107424,49.16187662674585],[-122.33042905002353,49.16394696502557],[-122.32978041833242,49.16624567003508],[-122.32966254783274,49.16885335905417],[-122.33075773653532,49.17008397494816],[-122.33308564234386,49.171355764369004],[-122.33342693507929,49.172527861980875],[-122.33179013466334,49.17388515054702],[-122.33131205883423,49.17504121915716],[-122.33211530417661,49.175421600931465],[-122.33648039467035,49.1773394936673],[-122.33854520470248,49.17777298502807],[-122.34212980675089,49.17664379879907],[-122.34367978225706,49.176682913590824],[-122.34634140369126,49.17757099385345],[-122.34975289963555,49.18023199466767],[-122.35182099884601,49.180854594248686],[-122.35333221444263,49.18016489552201],[-122.35453549623382,49.17904569422776],[-122.35657969644978,49.17913290021562],[-122.36069950977326,49.1818859940011],[-122.36664891115544,49.1834090865261],[-122.37067110429771,49.18605298894879],[-122.37160768381324,49.18702729461062],[-122.37545640403371,49.18843770622656],[-122.37721328999612,49.19063101369136],[-122.37874610451516,49.19094840330762],[-122.38711370781888,49.1892979965356],[-122.3903621876393,49.18809278684956]]]},"properties":{"DAUID":"59090468","DGUID":"2021S051259090468","LANDAREA":6.8559,"PRUID":"59","CMA":"Abbotsford_Mission"}},
{"type":"Feature","geometry":{"type":"Polygon","coordinates":[[[-122.35491280234999,49.1408131137003],[-122.35233664845754,49.14390406886841],[-122.35006591432703,49.144566363696136],[-122.3477726296254,49.14472306711226],[-122.34578941374089,49.14433426106989],[-122.34415542738334,49.14453215586666],[-122.34251253242914,49.14544086444954],[-122.34045143815769,49.14569867010438],[-122.34022035327874,49.14666846272825],[-122.33849845583228,49.14807207084078],[-122.33676123978292,49.14900567465484],[-122.33597721924693,49.1511530411285],[-122.33604844920447,49.15302186506424],[-122.33427673693797,49.15432521169885],[-122.33852411499902,49.154567413455446],[-122.33853189950754,49.15667247580634],[-122.33995890419314,49.15653350985887],[-122.34810047673176,49.15649730436606],[-122.35041401076803,49.15513370392189],[-122.34970451736238,49.15440750431946],[-122.35046260253819,49.15252230974192],[-122.35303240032314,49.15152328871794],[-122.35286800955359,49.14945909652765],[-122.35505669848092,49.14843990158156],[-122.35515469937832,49.14404111610964],[-122.3579190991206,49.14125040695223],[-122.35928319010317,49.14124879423858],[-122.35738488242555,49.140159706524564],[-122.35491280234999,49.1408131137003]]]},"properties":{"DAUID":"59090469","DGUID":"2021S051259090469","LANDAREA":1.5282,"PRUID":"59","CMA":"Abbotsford_Mission"}},
{"type":"Feature","geometry":{"type":"Polygon","coordinates":[[[-122.35491280234999,49.1408131137003],[-122.35239337624088,49.14205193433098],[-122.35103065330779,49.14203547750489],[-122.3479015490415,49.14317946436809],[-122.34623439463923,49.14349511757534],[-122.3413605927772,49.14340971592347],[-122.33846060639075,49.14341648887257],[-122.33847611968423,49.14388030602916],[-122.33541970176194,49.14381859954573],[-122.33528018104393,49.145675196591895],[-122.33586239542132,49.14747429434515],[-122.33851617203952,49.14722667502879],[-122.33849845583228,49.14807207084078],[-122.34022035327874,49.14666846272825],[-122.34045143815769,49.14569867010438],[-122.34251253242914,49.14544086444954],[-122.34415542738334,49.14453215586666],[-122.34578941374089,49.14433426106989],[-122.3477726296254,49.14472306711226],[-122.35006591432703,49.144566363696136],[-122.35233664845754,49.14390406886841],[-122.35491280234999,49.1408131137003]]]},"properties":{"DAUID":"59090470","DGUID":"2021S051259090470","LANDAREA":0.3321,"PRUID":"59","CMA":"Abbotsford_Mission"}},
{"type":"Feature","geometry":{"type":"Polygon","coordinates":[[[-122.3413605927772,49.14340971592347],[-122.34133890033175,49.142604915379884],[-122.33951490464587,49.14261410815807],[-122.33950068249032,49.14065309139939],[-122.33839089997794,49.14064510436291],[-122.33841689021834,49.14153380635089],[-122.33294750598266,49.14152870505459],[-122.33293150633487,49.142096906705326],[-122.33294327282852,49.14384238715348],[-122.33294107029077,49.144739190046124],[-122.33281570132888,49.14733799452699],[-122.33586239542132,49.14747429434515],[-122.33528018104393,49.145675196591895],[-122.33541970176194,49.14381859954573],[-122.33847611968423,49.14388030602916],[-122.33846060639075,49.14341648887257],[-122.3413605927772,49.14340971592347]]]},"properties":{"DAUID":"59090471","DGUID":"2021S051259090471","LANDAREA":0.2144,"PRUID":"59","CMA":"Abbotsford_Mission"}},
{"type":"Feature","geometry":{"type":"Polygon","coordinates":[[[-122.33839089997794,49.14064510436291],[-122.33837791448407,49.139556688178814],[-122.33831599572727,49.13778341295717],[-122.33270789590051,49.13783929439752],[-122.33294750598266,49.14152870505459],[-122.33841689021834,49.14153380635089],[-122.33839089997794,49.14064510436291]]]},"properties":{"DAUID":"59090472","DGUID":"2021S051259090472","LANDAREA":0.1748,"PRUID":"59","CMA":"Abbotsford_Mission"}},
{"type":"Feature","geometry":{"type":"Polygon","coordinates":[[[-122.33294750598266,49.14152870505459],[-122.33270789590051,49.13783929439752],[-122.33270571666971,49.13694600736343],[-122.3289105799422,49.13692199795485],[-122.32891188245875,49.140204904419534],[-122.33150651703153,49.14021041655273],[-122.33161579509108,49.14209170681468],[-122.33293150633487,49.142096906705326],[-122.33294750598266,49.14152870505459]]]},"properties":{"DAUID":"59090473","DGUID":"2021S051259090473","LANDAREA":0.1246,"PRUID":"59","CMA":"Abbotsford_Mission"}},
{"type":"Feature","geometry":{"type":"Polygon","coordinates":[[[-122.33293150633487,49.142096906705326],[-122.33161579509108,49.14209170681468],[-122.33150651703153,49.14021041655273],[-122.32891188245875,49.140204904419534],[-122.32624628575672,49.14021390872788],[-122.32624518857871,49.14237899227938],[-122.32899339979927,49.14238539513851],[-122.32896859012968,49.14382850332204],[-122.33294327282852,49.14384238715348],[-122.33293150633487,49.142096906705326]]]},"properties":{"DAUID":"59090474","DGUID":"2021S051259090474","LANDAREA":0.143,"PRUID":"59","CMA":"Abbotsford_Mission"}},
{"type":"Feature","geometry":{"type":"Polygon","coordinates":[[[-122.32624628575672,49.14021390872788],[-122.3245058971589,49.140205785455926],[-122.32448622018757,49.142016901930695],[-122.31979229825794,49.141894305975086],[-122.3196869949857,49.143831310237964],[-122.32896859012968,49.14382850332204],[-122.32899339979927,49.14238539513851],[-122.32624518857871,49.14237899227938],[-122.32624628575672,49.14021390872788]]]},"properties":{"DAUID":"59090475","DGUID":"2021S051259090475","LANDAREA":0.1547,"PRUID":"59","CMA":"Abbotsford_Mission"}},
{"type":"Feature","geometry":{"type":"Polygon","coordinates":[[[-122.33294327282852,49.14384238715348],[-122.32896859012968,49.14382850332204],[-122.3196869949857,49.143831310237964],[-122.31986521775522,49.14523460299528],[-122.31615969792021,49.14561069635087],[-122.31606389349099,49.147392209206465],[-122.32380419717917,49.14738380365916],[-122.32384099720205,49.14631059423274],[-122.3251593912742,49.14602311212335],[-122.32787440549468,49.14666110657447],[-122.32949810185666,49.14667240023776],[-122.32976511240079,49.14478410765701],[-122.33294107029077,49.144739190046124],[-122.33294327282852,49.14384238715348]]]},"properties":{"DAUID":"59090476","DGUID":"2021S051259090476","LANDAREA":0.3179,"PRUID":"59","CMA":"Abbotsford_Mission"}},
{"type":"Feature","geometry":{"type":"Polygon","coordinates":[[[-122.33294107029077,49.144739190046124],[-122.32976511240079,49.14478410765701],[-122.32949810185666,49.14667240023776],[-122.32787440549468,49.14666110657447],[-122.3251593912742,49.14602311212335],[-122.32384099720205,49.14631059423274],[-122.32380419717917,49.14738380365916],[-122.33085519262457,49.14742349511686],[-122.33281570132888,49.14733799452699],[-122.33294107029077,49.144739190046124]]]},"properties":{"DAUID":"59090477","DGUID":"2021S051259090477","LANDAREA":0.1195,"PRUID":"59","CMA":"Abbotsford_Mission"}},
{"type":"Feature","geometry":{"type":"Polygon","coordinates":[[[-122.33849845583228,49.14807207084078],[-122.33851617203952,49.14722667502879],[-122.33586239542132,49.14747429434515],[-122.33281570132888,49.14733799452699],[-122.33085519262457,49.14742349511686],[-122.33075181621471,49.148351079715624],[-122.32525228249418,49.148316612001736],[-122.32300829691019,49.14799930021185],[-122.32314340351594,49.14918650028576],[-122.33062947790647,49.1491887882257],[-122.33060952287279,49.150310293788124],[-122.3293791118598,49.15101190946158],[-122.33597721924693,49.1511530411285],[-122.33676123978292,49.14900567465484],[-122.33849845583228,49.14807207084078]]]},"properties":{"DAUID":"59090478","DGUID":"2021S051259090478","LANDAREA":0.2495,"PRUID":"59","CMA":"Abbotsford_Mission"}},
{"type":"Feature","geometry":{"type":"Polygon","coordinates":[[[-122.31606389349099,49.147392209206465],[-122.31604709725706,49.149196096322655],[-122.32314340351594,49.14918650028576],[-122.32300829691019,49.14799930021185],[-122.32525228249418,49.148316612001736],[-122.33075181621471,49.148351079715624],[-122.33085519262457,49.14742349511686],[-122.32380419717917,49.14738380365916],[-122.31606389349099,49.147392209206465]]]},"properties":{"DAUID":"59090479","DGUID":"2021S051259090479","LANDAREA":0.157,"PRUID":"59","CMA":"Abbotsford_Mission"}},
{"type":"Feature","geometry":{"type":"Polygon","coordinates":[[[-122.32314340351594,49.14918650028576],[-122.31604709725706,49.149196096322655],[-122.31603381744915,49.151007399330986],[-122.3238440955972,49.151075406260624],[-122.3293791118598,49.15101190946158],[-122.33060952287279,49.150310293788124],[-122.33062947790647,49.1491887882257],[-122.32314340351594,49.14918650028576]]]},"properties":{"DAUID":"59090480","DGUID":"2021S051259090480","LANDAREA":0.2161,"PRUID":"59","CMA":"Abbotsford_Mission"}},
{"type":"Feature","geometry":{"type":"Polygon","coordinates":[[[-122.33597721924693,49.1511530411285],[-122.3293791118598,49.15101190946158],[-122.3238440955972,49.151075406260624],[-122.31603381744915,49.151007399330986],[-122.31601329121493,49.15464101929208],[-122.33111079467376,49.15460970844729],[-122.33427673693797,49.15432521169885],[-122.33604844920447,49.15302186506424],[-122.33597721924693,49.1511530411285]]]},"properties":{"DAUID":"59090481","DGUID":"2021S051259090481","LANDAREA":0.5648,"PRUID":"59","CMA":"Abbotsford_Mission"}},
{"type":"Feature","geometry":{"type":"Polygon","coordinates":[[[-122.33427673693797,49.15432521169885],[-122.33111079467376,49.15460970844729],[-122.31601329121493,49.15464101929208],[-122.31605024144517,49.158258540277984],[-122.32735990688649,49.15831251743479],[-122.32541145735335,49.16192157444117],[-122.32934832107424,49.16187662674585],[-122.32912515104549,49.159899367578745],[-122.33180175186364,49.158818464391814],[-122.33285143900204,49.15726746137621],[-122.33283711992301,49.156314663950596],[-122.33390354287408,49.15553844905486],[-122.33427673693797,49.15432521169885]]]},"properties":{"DAUID":"59090482","DGUID":"2021S051259090482","LANDAREA":0.6132,"PRUID":"59","CMA":"Abbotsford_Mission"}},
{"type":"Feature","geometry":{"type":"Polygon","coordinates":[[[-122.32934832107424,49.16187662674585],[-122.32541145735335,49.16192157444117],[-122.32735990688649,49.15831251743479],[-122.31605024144517,49.158258540277984],[-122.31601114591459,49.161901385573465],[-122.31598550898305,49.16658569632263],[-122.32177309299773,49.16652589183264],[-122.321574013297,49.16916269570855],[-122.31864370147274,49.1691490155131],[-122.31732607463654,49.170007101831054],[-122.32282009839118,49.17326400631059],[-122.32414448264716,49.174730610544486],[-122.32575799856733,49.17517870581929],[-122.32946241526093,49.1746533956239],[-122.33131205883423,49.17504121915716],[-122.33179013466334,49.17388515054702],[-122.33342693507929,49.172527861980875],[-122.33308564234386,49.171355764369004],[-122.33075773653532,49.17008397494816],[-122.32966254783274,49.16885335905417],[-122.32978041833242,49.16624567003508],[-122.33042905002353,49.16394696502557],[-122.32934832107424,49.16187662674585]]]},"properties":{"DAUID":"59090483","DGUID":"2021S051259090483","LANDAREA":1.5275,"PRUID":"59","CMA":"Abbotsford_Mission"}},
{"type":"Feature","geometry":{"type":"Polygon","coordinates":[[[-122.31601114591459,49.161901385573465],[-122.30218136426343,49.1618263779179],[-122.2966469950725,49.1618479012285],[-122.29612670899411,49.16310046245128],[-122.29672160976489,49.164889022611554],[-122.29613694059186,49.169083539451556],[-122.2993923026938,49.16908920148926],[-122.31596471335823,49.169149297873396],[-122.31732607463654,49.170007101831054],[-122.31864370147274,49.1691490155131],[-122.321574013297,49.16916269570855],[-122.32177309299773,49.16652589183264],[-122.31598550898305,49.16658569632263],[-122.31601114591459,49.161901385573465]]]},"properties":{"DAUID":"59090484","DGUID":"2021S051259090484","LANDAREA":1.286,"PRUID":"59","CMA":"Abbotsford_Mission"}},
{"type":"Feature","geometry":{"type":"Polygon","coordinates":[[[-122.31601329121493,49.15464101929208],[-122.30130228048165,49.1546032932176],[-122.30015188636595,49.156050096937285],[-122.29937431386298,49.15829028183365],[-122.30218136426343,49.1618263779179],[-122.31601114591459,49.161901385573465],[-122.31605024144517,49.158258540277984],[-122.31601329121493,49.15464101929208]]]},"properties":{"DAUID":"59090485","DGUID":"2021S051259090485","LANDAREA":0.9117,"PRUID":"59","CMA":"Abbotsford_Mission"}},
{"type":"Feature","geometry":{"type":"Polygon","coordinates":[[[-122.31603381744915,49.151007399330986],[-122.3098291156975,49.15100839728569],[-122.30979978891503,49.15281199073898],[-122.30271518624166,49.15283920782405],[-122.30186358354096,49.15320201411028],[-122.30130228048165,49.1546032932176],[-122.31601329121493,49.15464101929208],[-122.31603381744915,49.151007399330986]]]},"properties":{"DAUID":"59090486","DGUID":"2021S051259090486","LANDAREA":0.2984,"PRUID":"59","CMA":"Abbotsford_Mission"}},
{"type":"Feature","geometry":{"type":"Polygon","coordinates":[[[-122.3098291156975,49.15100839728569],[-122.31249008175313,49.150478599323186],[-122.31253178448583,49.149607491991496],[-122.30908440206984,49.149784907017796],[-122.30784894148039,49.15009588296659],[-122.30753130273406,49.15101209480869],[-122.30484471117747,49.15092389159719],[-122.30143148906312,49.15079040134274],[-122.30186358354096,49.15320201411028],[-122.30271518624166,49.15283920782405],[-122.30979978891503,49.15281199073898],[-122.3098291156975,49.15100839728569]]]},"properties":{"DAUID":"59090487","DGUID":"2021S051259090487","LANDAREA":0.1607,"PRUID":"59","CMA":"Abbotsford_Mission"}},
{"type":"Feature","geometry":{"type":"Polygon","coordinates":[[[-122.30908440206984,49.149784907017796],[-122.30908600658663,49.14738011139543],[-122.30496320256768,49.14738009932701],[-122.3049590088316,49.14824350455005],[-122.30258720282661,49.14824130202961],[-122.30260210714239,49.15003739303182],[-122.3049801583275,49.1501001714498],[-122.30484471117747,49.15092389159719],[-122.30753130273406,49.15101209480869],[-122.30784894148039,49.15009588296659],[-122.30908440206984,49.149784907017796]]]},"properties":{"DAUID":"59090488","DGUID":"2021S051259090488","LANDAREA":0.1462,"PRUID":"59","CMA":"Abbotsford_Mission"}},
{"type":"Feature","geometry":{"type":"Polygon","coordinates":[[[-122.30484471117747,49.15092389159719],[-122.3049801583275,49.1501001714498],[-122.30260210714239,49.15003739303182],[-122.30258720282661,49.14824130202961],[-122.3049590088316,49.14824350455005],[-122.30496320256768,49.14738009932701],[-122.30908600658663,49.14738011139543],[-122.30945270664431,49.146076709213204],[-122.30946777955187,49.14386610087419],[-122.30590570805846,49.14387009801872],[-122.30590082489334,49.144587406940566],[-122.30236560410604,49.14456239479558],[-122.30237559262291,49.14564348609939],[-122.30238962315451,49.14662289680602],[-122.30144111126609,49.1476529961892],[-122.30143148906312,49.15079040134274],[-122.30484471117747,49.15092389159719]]]},"properties":{"DAUID":"59090489","DGUID":"2021S051259090489","LANDAREA":0.2434,"PRUID":"59","CMA":"Abbotsford_Mission"}},
{"type":"Feature","geometry":{"type":"Polygon","coordinates":[[[-122.30238962315451,49.14662289680602],[-122.2990518702356,49.146611795172475],[-122.29863840480661,49.14777569164047],[-122.29569211181766,49.14868648866773],[-122.29569641598482,49.150266800487366],[-122.29648200758993,49.15026860045828],[-122.2997632163104,49.14818390502359],[-122.30025270549754,49.14892370092226],[-122.29725539980288,49.15088741807622],[-122.2983642995717,49.15102920931188],[-122.30143148906312,49.15079040134274],[-122.30144111126609,49.1476529961892],[-122.30238962315451,49.14662289680602]]]},"properties":{"DAUID":"59090490","DGUID":"2021S051259090490","LANDAREA":0.1366,"PRUID":"59","CMA":"Abbotsford_Mission"}},
{"type":"Feature","geometry":{"type":"Polygon","coordinates":[[[-122.30237559262291,49.14564348609939],[-122.29749788520526,49.1455171934235],[-122.29399792542493,49.14711379756939],[-122.29283439254333,49.14794990975343],[-122.29336402293889,49.14873699539322],[-122.29336380763877,49.14990879810633],[-122.29451238877839,49.1502584060045],[-122.29569641598482,49.150266800487366],[-122.29569211181766,49.14868648866773],[-122.29863840480661,49.14777569164047],[-122.2990518702356,49.146611795172475],[-122.30238962315451,49.14662289680602],[-122.30237559262291,49.14564348609939]]]},"properties":{"DAUID":"59090491","DGUID":"2021S051259090491","LANDAREA":0.1545,"PRUID":"59","CMA":"Abbotsford_Mission"}},
{"type":"Feature","geometry":{"type":"Polygon","coordinates":[[[-122.29569641598482,49.150266800487366],[-122.29451238877839,49.1502584060045],[-122.2945314953248,49.15103340891056],[-122.2945619168482,49.1536808918777],[-122.29661248505417,49.15367310303798],[-122.2983503986218,49.15297839632533],[-122.2983642995717,49.15102920931188],[-122.29725539980288,49.15088741807622],[-122.30025270549754,49.14892370092226],[-122.2997632163104,49.14818390502359],[-122.29648200758993,49.15026860045828],[-122.29569641598482,49.150266800487366]]]},"properties":{"DAUID":"59090492","DGUID":"2021S051259090492","LANDAREA":0.1212,"PRUID":"59","CMA":"Abbotsford_Mission"}},
{"type":"Feature","geometry":{"type":"Polygon","coordinates":[[[-122.30186358354096,49.15320201411028],[-122.30143148906312,49.15079040134274],[-122.2983642995717,49.15102920931188],[-122.2983503986218,49.15297839632533],[-122.29661248505417,49.15367310303798],[-122.2945619168482,49.1536808918777],[-122.29267539696548,49.153692493580266],[-122.29003781572433,49.15318520209558],[-122.28732481429543,49.15327910134357],[-122.28697230203267,49.1514767791677],[-122.28616750229529,49.15267759406305],[-122.28713469490636,49.154594803982185],[-122.29376401216618,49.15460709976389],[-122.30130228048165,49.1546032932176],[-122.30186358354096,49.15320201411028]]]},"properties":{"DAUID":"59090493","DGUID":"2021S051259090493","LANDAREA":0.2143,"PRUID":"59","CMA":"Abbotsford_Mission"}},
{"type":"Feature","geometry":{"type":"Polygon","coordinates":[[[-122.2945314953248,49.15103340891056],[-122.29169959140503,49.15100429536447],[-122.28853731104158,49.15157490858027],[-122.28697230203267,49.1514767791677],[-122.28732481429543,49.15327910134357],[-122.29003781572433,49.15318520209558],[-122.29267539696548,49.153692493580266],[-122.2945619168482,49.1536808918777],[-122.2945314953248,49.15103340891056]]]},"properties":{"DAUID":"59090494","DGUID":"2021S051259090494","LANDAREA":0.1331,"PRUID":"59","CMA":"Abbotsford_Mission"}},
{"type":"Feature","geometry":{"type":"Polygon","coordinates":[[[-122.29336402293889,49.14873699539322],[-122.2917968135181,49.14846130219043],[-122.29073691361465,49.14923510263228],[-122.28806410875828,49.148741789282035],[-122.28647552415987,49.14902677983544],[-122.28549022514987,49.152349496523065],[-122.28647698785136,49.15458839115446],[-122.28713469490636,49.154594803982185],[-122.28616750229529,49.15267759406305],[-122.28697230203267,49.1514767791677],[-122.28853731104158,49.15157490858027],[-122.29169959140503,49.15100429536447],[-122.2945314953248,49.15103340891056],[-122.29451238877839,49.1502584060045],[-122.29336380763877,49.14990879810633],[-122.29336402293889,49.14873699539322]]]},"properties":{"DAUID":"59090495","DGUID":"2021S051259090495","LANDAREA":0.1636,"PRUID":"59","CMA":"Abbotsford_Mission"}},
{"type":"Feature","geometry":{"type":"Polygon","coordinates":[[[-122.29283439254333,49.14794990975343],[-122.2915410903889,49.147146293002685],[-122.29178560021701,49.1464868009959],[-122.29352620580741,49.14597898577413],[-122.29408930357913,49.14493469155305],[-122.2923814847434,49.1444819961909],[-122.29017142756905,49.144294855058625],[-122.28807519079784,49.1454189470799],[-122.28778051985688,49.14774936891531],[-122.28647552415987,49.14902677983544],[-122.28806410875828,49.148741789282035],[-122.29073691361465,49.14923510263228],[-122.2917968135181,49.14846130219043],[-122.29336402293889,49.14873699539322],[-122.29283439254333,49.14794990975343]]]},"properties":{"DAUID":"59090496","DGUID":"2021S051259090496","LANDAREA":0.1837,"PRUID":"59","CMA":"Abbotsford_Mission"}},
{"type":"Feature","geometry":{"type":"Polygon","coordinates":[[[-122.30236560410604,49.14456239479558],[-122.29864681376577,49.144553499190806],[-122.29408930357913,49.14493469155305],[-122.29352620580741,49.14597898577413],[-122.29178560021701,49.1464868009959],[-122.2915410903889,49.147146293002685],[-122.29283439254333,49.14794990975343],[-122.29399792542493,49.14711379756939],[-122.29749788520526,49.1455171934235],[-122.30237559262291,49.14564348609939],[-122.30236560410604,49.14456239479558]]]},"properties":{"DAUID":"59090497","DGUID":"2021S051259090497","LANDAREA":0.1112,"PRUID":"59","CMA":"Abbotsford_Mission"}},
{"type":"Feature","geometry":{"type":"Polygon","coordinates":[[[-122.29408930357913,49.14493469155305],[-122.29864681376577,49.144553499190806],[-122.29868209242326,49.13982058949506],[-122.29741958695053,49.139820388034266],[-122.29276592354815,49.13981519212466],[-122.29272678554331,49.14384759947104],[-122.2923814847434,49.1444819961909],[-122.29408930357913,49.14493469155305]]]},"properties":{"DAUID":"59090498","DGUID":"2021S051259090498","LANDAREA":0.2363,"PRUID":"59","CMA":"Abbotsford_Mission"}},
{"type":"Feature","geometry":{"type":"Polygon","coordinates":[[[-122.30590570805846,49.14387009801872],[-122.30561299995298,49.13983981516928],[-122.29868209242326,49.13982058949506],[-122.29864681376577,49.144553499190806],[-122.30236560410604,49.14456239479558],[-122.30590082489334,49.144587406940566],[-122.30590570805846,49.14387009801872]]]},"properties":{"DAUID":"59090499","DGUID":"2021S051259090499","LANDAREA":0.2749,"PRUID":"59","CMA":"Abbotsford_Mission"}},
{"type":"Feature","geometry":{"type":"Polygon","coordinates":[[[-122.29868209242326,49.13982058949506],[-122.30561299995298,49.13983981516928],[-122.30950069868433,49.1401688864305],[-122.30951588794218,49.138077304288934],[-122.2986913865528,49.1379812078717],[-122.29742648495103,49.13797639714578],[-122.29741958695053,49.139820388034266],[-122.29868209242326,49.13982058949506]]]},"properties":{"DAUID":"59090500","DGUID":"2021S051259090500","LANDAREA":0.1813,"PRUID":"59","CMA":"Abbotsford_Mission"}},
{"type":"Feature","geometry":{"type":"Polygon","coordinates":[[[-122.30951588794218,49.138077304288934],[-122.31142769256786,49.13813480147342],[-122.31145298899835,49.13624360110742],[-122.30715639948492,49.13623499880153],[-122.3046438198076,49.13623411747898],[-122.30478270040878,49.13531430804181],[-122.30232578593677,49.135321801984226],[-122.30228811301754,49.13622639966527],[-122.2986885931093,49.1362080040251],[-122.2986913865528,49.1379812078717],[-122.30951588794218,49.138077304288934]]]},"properties":{"DAUID":"59090501","DGUID":"2021S051259090501","LANDAREA":0.2048,"PRUID":"59","CMA":"Abbotsford_Mission"}},
{"type":"Feature","geometry":{"type":"Polygon","coordinates":[[[-122.2986913865528,49.1379812078717],[-122.2986885931093,49.1362080040251],[-122.30228811301754,49.13622639966527],[-122.30232578593677,49.135321801984226],[-122.30232367219703,49.1343995915297],[-122.29993000455185,49.13438748541748],[-122.29605837107485,49.1343804914888],[-122.29607839643623,49.13528260369084],[-122.29281190899628,49.13528270078077],[-122.29278179942739,49.13617590701247],[-122.2960022917691,49.13620300954065],[-122.2974276156587,49.1361898886835],[-122.29742648495103,49.13797639714578],[-122.2986913865528,49.1379812078717]]]},"properties":{"DAUID":"59090502","DGUID":"2021S051259090502","LANDAREA":0.1346,"PRUID":"59","CMA":"Abbotsford_Mission"}},
{"type":"Feature","geometry":{"type":"Polygon","coordinates":[[[-122.29993000455185,49.13438748541748],[-122.29995688190927,49.13377460897833],[-122.30152102647281,49.1327206107205],[-122.29581195949808,49.12839719803544],[-122.28923510832514,49.131266992192316],[-122.2837942050924,49.13388809882363],[-122.28529141726703,49.135544715995515],[-122.28475431728262,49.13714100460308],[-122.28711979430942,49.136699905867566],[-122.28863018345515,49.13792200904564],[-122.29278527580777,49.137904000389],[-122.29278910330498,49.13711629372269],[-122.29601039262897,49.13711639497853],[-122.2960022917691,49.13620300954065],[-122.29278179942739,49.13617590701247],[-122.29281190899628,49.13528270078077],[-122.29607839643623,49.13528260369084],[-122.29605837107485,49.1343804914888],[-122.29993000455185,49.13438748541748]]]},"properties":{"DAUID":"59090503","DGUID":"2021S051259090503","LANDAREA":0.4701,"PRUID":"59","CMA":"Abbotsford_Mission"}},
{"type":"Feature","geometry":{"type":"Polygon","coordinates":[[[-122.29741958695053,49.139820388034266],[-122.29742648495103,49.13797639714578],[-122.2974276156587,49.1361898886835],[-122.2960022917691,49.13620300954065],[-122.29601039262897,49.13711639497853],[-122.29278910330498,49.13711629372269],[-122.29278527580777,49.137904000389],[-122.28863018345515,49.13792200904564],[-122.2910435617773,49.13980445496959],[-122.29276592354815,49.13981519212466],[-122.29741958695053,49.139820388034266]]]},"properties":{"DAUID":"59090504","DGUID":"2021S051259090504","LANDAREA":0.1574,"PRUID":"59","CMA":"Abbotsford_Mission"}},
{"type":"Feature","geometry":{"type":"Polygon","coordinates":[[[-122.28647552415987,49.14902677983544],[-122.28778051985688,49.14774936891531],[-122.28807519079784,49.1454189470799],[-122.29017142756905,49.144294855058625],[-122.2923814847434,49.1444819961909],[-122.29272678554331,49.14384759947104],[-122.29276592354815,49.13981519212466],[-122.2910435617773,49.13980445496959],[-122.28863018345515,49.13792200904564],[-122.28711979430942,49.136699905867566],[-122.28475431728262,49.13714100460308],[-122.27627471641564,49.14049400830518],[-122.27365589447838,49.141755418294586],[-122.27414522431175,49.143039066958366],[-122.26824620112662,49.14671760017033],[-122.26918822499526,49.14731540788949],[-122.27082441247222,49.14648880421514],[-122.27180858790113,49.147176406121275],[-122.26937057171031,49.14888749871654],[-122.26714179293592,49.15000549774362],[-122.26716521404936,49.150499297615845],[-122.26506130244297,49.15155787236871],[-122.26461509752706,49.15527388688371],[-122.26414300576934,49.15669520098203],[-122.262960189082,49.15815230456847],[-122.26296181540863,49.159020301403345],[-122.2641128160078,49.16002300636968],[-122.26630988537921,49.16033089201791],[-122.274245995904,49.15816681105527],[-122.28523888312833,49.15818899267754],[-122.28593178300943,49.157670297692064],[-122.28647698785136,49.15458839115446],[-122.28549022514987,49.152349496523065],[-122.28647552415987,49.14902677983544]]]},"properties":{"DAUID":"59090505","DGUID":"2021S051259090505","LANDAREA":3.1892,"PRUID":"59","CMA":"Abbotsford_Mission"}},
{"type":"Feature","geometry":{"type":"Polygon","coordinates":[[[-122.27365589447838,49.141755418294586],[-122.26640540041416,49.14560088526394],[-122.26301323998247,49.14725706517815],[-122.26308609693747,49.1501035001398],[-122.26714179293592,49.15000549774362],[-122.26937057171031,49.14888749871654],[-122.27180858790113,49.147176406121275],[-122.27082441247222,49.14648880421514],[-122.26918822499526,49.14731540788949],[-122.26824620112662,49.14671760017033],[-122.27414522431175,49.143039066958366],[-122.27365589447838,49.141755418294586]]]},"properties":{"DAUID":"59090506","DGUID":"2021S051259090506","LANDAREA":0.2895,"PRUID":"59","CMA":"Abbotsford_Mission"}},
{"type":"Feature","geometry":{"type":"Polygon","coordinates":[[[-122.26301323998247,49.14725706517815],[-122.26052331776565,49.14812600694117],[-122.25946139139467,49.14900321583224],[-122.25947641298758,49.150095297475275],[-122.25518978117223,49.15081329329788],[-122.25517658943272,49.15169171553153],[-122.2562201889999,49.15170820430488],[-122.26314331489533,49.15101230735978],[-122.26308609693747,49.1501035001398],[-122.26301323998247,49.14725706517815]]]},"properties":{"DAUID":"59090507","DGUID":"2021S051259090507","LANDAREA":0.1303,"PRUID":"59","CMA":"Abbotsford_Mission"}},
{"type":"Feature","geometry":{"type":"Polygon","coordinates":[[[-122.26714179293592,49.15000549774362],[-122.26308609693747,49.1501035001398],[-122.26314331489533,49.15101230735978],[-122.2562201889999,49.15170820430488],[-122.25517658943272,49.15169171553153],[-122.25513879726672,49.15326790334133],[-122.25735626235432,49.15309625386],[-122.25736003067999,49.15383247830184],[-122.2551447030031,49.153824233861556],[-122.25510099461236,49.15600139590344],[-122.25186121448553,49.15602470797852],[-122.25185020112777,49.15680859453032],[-122.25512987308424,49.15681639384311],[-122.25542411216857,49.15844280498337],[-122.26059798845021,49.1584153985492],[-122.262960189082,49.15815230456847],[-122.26414300576934,49.15669520098203],[-122.26461509752706,49.15527388688371],[-122.26506130244297,49.15155787236871],[-122.26716521404936,49.150499297615845],[-122.26714179293592,49.15000549774362]]]},"properties":{"DAUID":"59090508","DGUID":"2021S051259090508","LANDAREA":0.5673,"PRUID":"59","CMA":"Abbotsford_Mission"}},
{"type":"Feature","geometry":{"type":"Polygon","coordinates":[[[-122.25513879726672,49.15326790334133],[-122.24857668167662,49.15327269024722],[-122.24855071057743,49.15685760582839],[-122.24963090162547,49.157594796094024],[-122.251135496981,49.15750749734743],[-122.25167599145139,49.15825369759426],[-122.24972347686548,49.15944046458874],[-122.25623422541375,49.16116265486356],[-122.2592196191771,49.16052466490517],[-122.26093272619109,49.1606442542273],[-122.26059798845021,49.1584153985492],[-122.25542411216857,49.15844280498337],[-122.25512987308424,49.15681639384311],[-122.25185020112777,49.15680859453032],[-122.25186121448553,49.15602470797852],[-122.25510099461236,49.15600139590344],[-122.2551447030031,49.153824233861556],[-122.25736003067999,49.15383247830184],[-122.25735626235432,49.15309625386],[-122.25513879726672,49.15326790334133]]]},"properties":{"DAUID":"59090509","DGUID":"2021S051259090509","LANDAREA":0.4308,"PRUID":"59","CMA":"Abbotsford_Mission"}},
{"type":"Feature","geometry":{"type":"Polygon","coordinates":[[[-122.2837942050924,49.13388809882363],[-122.27115829869496,49.13981369291463],[-122.26451211041721,49.143557997615645],[-122.26187538500695,49.14473149879226],[-122.2595704120037,49.145193602290476],[-122.25590619529885,49.14504771227983],[-122.24969641265463,49.14318968858555],[-122.24728421497886,49.1452409994044],[-122.24570349003072,49.14579678933333],[-122.24190381385937,49.145218593351565],[-122.23920458641528,49.14378729263679],[-122.23694490279203,49.143167712620325],[-122.23471467794387,49.14327599494825],[-122.23413170871812,49.14382411023253],[-122.22818758623298,49.14417890330833],[-122.22559568434517,49.14566579094675],[-122.22491900718242,49.14665280368958],[-122.2263228834837,49.1492704978989],[-122.22528908530569,49.15075870727308],[-122.22565631595758,49.151493300486266],[-122.22632670458991,49.151928404094846],[-122.22997149701916,49.151543406249154],[-122.23164299011793,49.15066020853896],[-122.23341888978054,49.15053418954199],[-122.23408331031025,49.151356099957326],[-122.23370138606042,49.152290701950626],[-122.23418280457952,49.15415159191011],[-122.23462127273089,49.15488063159217],[-122.23620402028287,49.15686429850307],[-122.24333649320924,49.16222218835156],[-122.247322070624,49.16022965118372],[-122.24972347686548,49.15944046458874],[-122.25167599145139,49.15825369759426],[-122.251135496981,49.15750749734743],[-122.24963090162547,49.157594796094024],[-122.24855071057743,49.15685760582839],[-122.24857668167662,49.15327269024722],[-122.25513879726672,49.15326790334133],[-122.25517658943272,49.15169171553153],[-122.25518978117223,49.15081329329788],[-122.25947641298758,49.150095297475275],[-122.25946139139467,49.14900321583224],[-122.26052331776565,49.14812600694117],[-122.26301323998247,49.14725706517815],[-122.26640540041416,49.14560088526394],[-122.27365589447838,49.141755418294586],[-122.27627471641564,49.14049400830518],[-122.28475431728262,49.13714100460308],[-122.28529141726703,49.135544715995515],[-122.2837942050924,49.13388809882363]]]},"properties":{"DAUID":"59090510","DGUID":"2021S051259090510","LANDAREA":2.4582,"PRUID":"59","CMA":"Abbotsford_Mission"}},
{"type":"Feature","geometry":{"type":"Polygon","coordinates":[[[-122.262960189082,49.15815230456847],[-122.26059798845021,49.1584153985492],[-122.26093272619109,49.1606442542273],[-122.2592196191771,49.16052466490517],[-122.25623422541375,49.16116265486356],[-122.24972347686548,49.15944046458874],[-122.247322070624,49.16022965118372],[-122.24333649320924,49.16222218835156],[-122.24779491341954,49.169712996114995],[-122.24904793701128,49.17480163077412],[-122.24890540659672,49.1763585235393],[-122.253749638993,49.176485684768146],[-122.2699681046831,49.17664162179741],[-122.27025400983776,49.182967163318914],[-122.26927190848193,49.1866003119099],[-122.27216470771344,49.18625699953836],[-122.27239099193584,49.18554108863839],[-122.274967709284,49.1845008915213],[-122.2755075199769,49.182166999563876],[-122.27680289295765,49.18108694104959],[-122.27699979480346,49.180054448811674],[-122.27659849240331,49.17884360943881],[-122.28036988526071,49.17764810849279],[-122.28212052902946,49.176688234464166],[-122.27225248417847,49.17669345580465],[-122.27171270898849,49.17393520835922],[-122.27175139098262,49.169042101445086],[-122.28283372209765,49.169059405924436],[-122.28282453821559,49.16246616574017],[-122.28457866720169,49.162443664761355],[-122.28585816814471,49.16102879263481],[-122.28749054593636,49.16088820808882],[-122.28919296570346,49.1615802141975],[-122.290398709631,49.16095799496841],[-122.2899755988467,49.15932281779259],[-122.29066772613342,49.15818910270784],[-122.28523888312833,49.15818899267754],[-122.274245995904,49.15816681105527],[-122.26630988537921,49.16033089201791],[-122.2641128160078,49.16002300636968],[-122.26296181540863,49.159020301403345],[-122.262960189082,49.15815230456847]]]},"properties":{"DAUID":"59090513","DGUID":"2021S051259090513","LANDAREA":4.5418,"PRUID":"59","CMA":"Abbotsford_Mission"}},
{"type":"Feature","geometry":{"type":"Polygon","coordinates":[[[-122.29613694059186,49.169083539451556],[-122.28283372209765,49.169059405924436],[-122.27175139098262,49.169042101445086],[-122.27171270898849,49.17393520835922],[-122.27225248417847,49.17669345580465],[-122.28212052902946,49.176688234464166],[-122.28036988526071,49.17764810849279],[-122.27659849240331,49.17884360943881],[-122.27699979480346,49.180054448811674],[-122.27907587864107,49.180323670766704],[-122.29165910446167,49.18030619191245],[-122.29180239984366,49.179284499259765],[-122.29339840306353,49.17805961269408],[-122.29577388942724,49.17714088870193],[-122.29938540371468,49.17455019240976],[-122.2993923026938,49.16908920148926],[-122.29613694059186,49.169083539451556]]]},"properties":{"DAUID":"59090514","DGUID":"2021S051259090514","LANDAREA":2.1104,"PRUID":"59","CMA":"Abbotsford_Mission"}},
{"type":"Feature","geometry":{"type":"Polygon","coordinates":[[[-122.30218136426343,49.1618263779179],[-122.29937431386298,49.15829028183365],[-122.30015188636595,49.156050096937285],[-122.30130228048165,49.1546032932176],[-122.29376401216618,49.15460709976389],[-122.29393321643614,49.1581615912208],[-122.29066772613342,49.15818910270784],[-122.2899755988467,49.15932281779259],[-122.290398709631,49.16095799496841],[-122.28919296570346,49.1615802141975],[-122.28749054593636,49.16088820808882],[-122.28585816814471,49.16102879263481],[-122.28457866720169,49.162443664761355],[-122.28282453821559,49.16246616574017],[-122.28283372209765,49.169059405924436],[-122.29613694059186,49.169083539451556],[-122.29672160976489,49.164889022611554],[-122.29612670899411,49.16310046245128],[-122.2966469950725,49.1618479012285],[-122.30218136426343,49.1618263779179]]]},"properties":{"DAUID":"59090515","DGUID":"2021S051259090515","LANDAREA":1.3077,"PRUID":"59","CMA":"Abbotsford_Mission"}},
{"type":"Feature","geometry":{"type":"Polygon","coordinates":[[[-122.28713469490636,49.154594803982185],[-122.28647698785136,49.15458839115446],[-122.28593178300943,49.157670297692064],[-122.28523888312833,49.15818899267754],[-122.29066772613342,49.15818910270784],[-122.29393321643614,49.1581615912208],[-122.29376401216618,49.15460709976389],[-122.28713469490636,49.154594803982185]]]},"properties":{"DAUID":"59090516","DGUID":"2021S051259090516","LANDAREA":0.2247,"PRUID":"59","CMA":"Abbotsford_Mission"}},
{"type":"Feature","geometry":{"type":"Polygon","coordinates":[[[-122.33211530417661,49.175421600931465],[-122.33131205883423,49.17504121915716],[-122.32946241526093,49.1746533956239],[-122.32575799856733,49.17517870581929],[-122.32414448264716,49.174730610544486],[-122.32282009839118,49.17326400631059],[-122.31732607463654,49.170007101831054],[-122.31596471335823,49.169149297873396],[-122.2993923026938,49.16908920148926],[-122.29938540371468,49.17455019240976],[-122.29577388942724,49.17714088870193],[-122.29339840306353,49.17805961269408],[-122.29180239984366,49.179284499259765],[-122.29165910446167,49.18030619191245],[-122.30560911908331,49.18030360677167],[-122.3070294883067,49.180126092390175],[-122.3112715036415,49.18101241199367],[-122.31446128603525,49.18058270413518],[-122.31682230363513,49.18086439707913],[-122.32014732506653,49.180338209661436],[-122.32499980027984,49.18244178478033],[-122.32714261364171,49.18279430581852],[-122.33033569745939,49.182321805525284],[-122.33102249542395,49.17709960958055],[-122.33211530417661,49.175421600931465]]]},"properties":{"DAUID":"59090517","DGUID":"2021S051259090517","LANDAREA":2.7618,"PRUID":"59","CMA":"Abbotsford_Mission"}},
{"type":"Feature","geometry":{"type":"Polygon","coordinates":[[[-122.2702409735019,49.23330081641558],[-122.2728320275407,49.236329680207184],[-122.28069166977366,49.24787084486891],[-122.28270925552067,49.247485739335346],[-122.28613096717845,49.245328808079115],[-122.28862959920559,49.244544803177256],[-122.2903531122188,49.24283668550787],[-122.29096459247955,49.24134010418397],[-122.2898787837594,49.240520390882914],[-122.28972137671927,49.23939649937942],[-122.29103601119473,49.236013386669356],[-122.29144061813533,49.23349470048518],[-122.29274031613357,49.23196131308703],[-122.29490239656751,49.22767620811939],[-122.29824761855666,49.225306298866855],[-122.29991360075792,49.22551221700435],[-122.30215938449386,49.22442219735912],[-122.30469061024758,49.22407640491486],[-122.30629622148714,49.22219280751297],[-122.31009498982631,49.22015080525904],[-122.31085039709752,49.21918169090071],[-122.31256568283679,49.21890238926741],[-122.31518725513132,49.21935078663203],[-122.31358108058585,49.216664094298636],[-122.31355049921245,49.216011504776965],[-122.31513830810428,49.21403339804649],[-122.3140194036397,49.21057380743449],[-122.31409671181072,49.20982479052515],[-122.3154351983734,49.20740289889639],[-122.31857301389562,49.20578238203817],[-122.32897611401943,49.19232236946502],[-122.32941333340649,49.18996774436441],[-122.32948188301313,49.18769337868861],[-122.33033569745939,49.182321805525284],[-122.32714261364171,49.18279430581852],[-122.32499980027984,49.18244178478033],[-122.32014732506653,49.180338209661436],[-122.31682230363513,49.18086439707913],[-122.31446128603525,49.18058270413518],[-122.3112715036415,49.18101241199367],[-122.3070294883067,49.180126092390175],[-122.30560911908331,49.18030360677167],[-122.29165910446167,49.18030619191245],[-122.27907587864107,49.180323670766704],[-122.27699979480346,49.180054448811674],[-122.27680289295765,49.18108694104959],[-122.2755075199769,49.182166999563876],[-122.274967709284,49.1845008915213],[-122.27239099193584,49.18554108863839],[-122.27216470771344,49.18625699953836],[-122.26927190848193,49.1866003119099],[-122.27012277564177,49.19338834376565],[-122.27025949699453,49.196387872511345],[-122.27020213610956,49.21005617649746],[-122.27041128972196,49.220829793407155],[-122.2702409735019,49.23330081641558]]]},"properties":{"DAUID":"59090518","DGUID":"2021S051259090518","LANDAREA":20.9919,"PRUID":"59","CMA":"Abbotsford_Mission"}},
{"type":"Feature","geometry":{"type":"Polygon","coordinates":[[[-122.29835243356781,49.31271066980374],[-122.29817874998176,49.309347572033964],[-122.30028240655297,49.30696031591898],[-122.30498479900804,49.30818242530422],[-122.30885680636102,49.3085461170828],[-122.31352982364587,49.30792258803638],[-122.31720921322461,49.306427369930105],[-122.32011420886906,49.30447946668644],[-122.32152888900023,49.301557326721905],[-122.321512543624,49.30020624321198],[-122.32198346126764,49.292104040377396],[-122.32369061372633,49.28955116140228],[-122.32761822370965,49.285948063918454],[-122.34041959406251,49.27471657485992],[-122.34353915873739,49.26112515439169],[-122.35626721145759,49.24858137610278],[-122.35750035626597,49.24201935780426],[-122.3581200619849,49.23657872571246],[-122.3568878258409,49.23452070130998],[-122.3548235077304,49.23318030965539],[-122.35214469158016,49.23439889056277],[-122.35060507447902,49.23397730182102],[-122.34856890341166,49.23258708698245],[-122.34673180503312,49.22964629815117],[-122.34556439537181,49.229122804022175],[-122.3377476846813,49.228796196471045],[-122.3342063154974,49.228179185063375],[-122.33053391923453,49.2294971937756],[-122.32700138640554,49.230223998549675],[-122.32524065560601,49.229945913068136],[-122.32439640596895,49.22756393987189],[-122.31716803907894,49.22273515849206],[-122.31518725513132,49.21935078663203],[-122.31256568283679,49.21890238926741],[-122.31085039709752,49.21918169090071],[-122.31009498982631,49.22015080525904],[-122.30629622148714,49.22219280751297],[-122.30469061024758,49.22407640491486],[-122.30215938449386,49.22442219735912],[-122.29991360075792,49.22551221700435],[-122.29824761855666,49.225306298866855],[-122.29490239656751,49.22767620811939],[-122.29274031613357,49.23196131308703],[-122.29144061813533,49.23349470048518],[-122.29103601119473,49.236013386669356],[-122.28972137671927,49.23939649937942],[-122.2898787837594,49.240520390882914],[-122.29096459247955,49.24134010418397],[-122.2903531122188,49.24283668550787],[-122.28862959920559,49.244544803177256],[-122.28613096717845,49.245328808079115],[-122.28270925552067,49.247485739335346],[-122.28069166977366,49.24787084486891],[-122.2728320275407,49.236329680207184],[-122.2702409735019,49.23330081641558],[-122.27055361488107,49.25182009948597],[-122.27103067693679,49.26380064198527],[-122.27436581526393,49.264008117456264],[-122.27435419958576,49.270976980989296],[-122.27389000533553,49.27481226408748],[-122.27313729136539,49.2831124920048],[-122.27748476862924,49.289741165630076],[-122.28386584267709,49.29498031344064],[-122.2926632922566,49.30243311234323],[-122.29403610314193,49.303877697261754],[-122.29498741257436,49.30658540598668],[-122.29835243356781,49.31271066980374]]]},"properties":{"DAUID":"59090519","DGUID":"2021S051259090519","LANDAREA":31.3818,"PRUID":"59","CMA":"Abbotsford_Mission"}},
{"type":"Feature","geometry":{"type":"Polygon","coordinates":[[[-122.0802708442726,49.10391426640761],[-122.10970138278653,49.1041794609605],[-122.10967639979789,49.09033479697051],[-122.1097031005667,49.07490298762559],[-122.10960997815373,49.06034829933161],[-122.10961348071426,49.045850930718316],[-122.09510502913967,49.04585420213816],[-122.09504647998838,49.06026950101721],[-122.0803496951561,49.06035788958312],[-122.08038343180229,49.06773280182995],[-122.08047250351432,49.088180509943804],[-122.0804165186704,49.089334301983605],[-122.08037538982462,49.101892169045776],[-122.0802708442726,49.10391426640761]]]},"properties":{"DAUID":"59090717","DGUID":"2021S051259090717","LANDAREA":12.1041,"PRUID":"59","CMA":"Abbotsford_Mission"}},
{"type":"Feature","geometry":{"type":"Polygon","coordinates":[[[-122.0989714159798,49.1269943962177],[-122.10227569952268,49.125604391737895],[-122.10431430236802,49.123772907568416],[-122.10533998894947,49.12160950907272],[-122.10807080661067,49.11797489174527],[-122.10989707980364,49.11617259288159],[-122.11151511215654,49.115696087840725],[-122.11324729493708,49.11393731386],[-122.11410498786586,49.11110450003409],[-122.11407278162041,49.10525100284091],[-122.11676652402765,49.10525390569045],[-122.11863158341558,49.10439929547894],[-122.12024819238549,49.10297799558565],[-122.12375530227979,49.10110938842029],[-122.12458338309864,49.10014379851783],[-122.12503779335596,49.09683390581208],[-122.12691080967247,49.09596940545192],[-122.13019761168007,49.09599080363639],[-122.13145149222859,49.095201811000514],[-122.13148350875214,49.093306204530336],[-122.13302959409528,49.092149710255285],[-122.1366674880958,49.09071549091952],[-122.13910821063762,49.089173086360134],[-122.13912478930261,49.08853360978297],[-122.136919401968,49.0855470940867],[-122.13752109562452,49.08472099895639],[-122.14083159018715,49.084514496828774],[-122.14300359211519,49.08410150716046],[-122.14487959626678,49.083205703190586],[-122.15103251530715,49.082661600675266],[-122.15323271455854,49.081864104007444],[-122.15550549300904,49.080449795318835],[-122.15917589471523,49.078930213856346],[-122.15952551760294,49.07836340807451],[-122.16330535308798,49.0753428521034],[-122.1670179805108,49.07291860193542],[-122.16892230173161,49.07083209362834],[-122.17070760803932,49.06672039189754],[-122.17288429320209,49.06116751219082],[-122.17413910675027,49.060233197550495],[-122.17908948971542,49.059073105614154],[-122.18132340185494,49.057713696269815],[-122.18082655389588,49.0567762476688],[-122.18331706808004,49.05564883279175],[-122.18319179149015,49.054922941658326],[-122.1787226755764,49.0569692415408],[-122.17829546144476,49.05612096333911],[-122.18088823645583,49.05195410433183],[-122.18191516168535,49.04935796435802],[-122.18199065596845,49.04801907536103],[-122.18307378147072,49.04620479744118],[-122.14942580386868,49.04615511029766],[-122.13927620897555,49.045822084034896],[-122.10961348071426,49.045850930718316],[-122.10960997815373,49.06034829933161],[-122.1097031005667,49.07490298762559],[-122.10967639979789,49.09033479697051],[-122.10970138278653,49.1041794609605],[-122.0802708442726,49.10391426640761],[-122.08012302770196,49.10602546435505],[-122.09613071195415,49.12307223983911],[-122.09713549547646,49.124141713354334],[-122.0989714159798,49.1269943962177]]]},"properties":{"DAUID":"59090718","DGUID":"2021S051259090718","LANDAREA":25.5244,"PRUID":"59","CMA":"Abbotsford_Mission"}},
{"type":"Feature","geometry":{"type":"Polygon","coordinates":[[[-122.10961348071426,49.045850930718316],[-122.13927620897555,49.045822084034896],[-122.14942580386868,49.04615511029766],[-122.18307378147072,49.04620479744118],[-122.18219938553358,49.04451930971314],[-122.18271928442917,49.04284819126297],[-122.18367731537066,49.041290894229085],[-122.18370390162862,49.03162650261887],[-122.1616066767581,49.031411702716866],[-122.16160289675064,49.01695451042217],[-122.12927212999111,49.01685110679461],[-122.12808885465054,49.01693915431267],[-122.11697178437028,49.01636724020815],[-122.10155328503042,49.01658371277365],[-122.09432979559948,49.01659530049115],[-122.0946017507437,49.02488133666038],[-122.09464227324924,49.03649431042129],[-122.09442942237855,49.038440656029394],[-122.08357754671405,49.03827703571017],[-122.083437312526,49.045634589837334],[-122.07256046377995,49.0455176304212],[-122.07290804979338,49.05615492286959],[-122.07262749506339,49.05794200090868],[-122.07595997285932,49.05885701593089],[-122.07497141821014,49.060362498671225],[-122.0803496951561,49.06035788958312],[-122.09504647998838,49.06026950101721],[-122.09510502913967,49.04585420213816],[-122.10961348071426,49.045850930718316]]]},"properties":{"DAUID":"59090719","DGUID":"2021S051259090719","LANDAREA":21.7914,"PRUID":"59","CMA":"Abbotsford_Mission"}},
{"type":"Feature","geometry":{"type":"Polygon","coordinates":[[[-122.18370390162862,49.03162650261887],[-122.18373979087154,49.01701860200971],[-122.21698690017088,49.0171054941025],[-122.2163225996962,49.01535000725693],[-122.21731230370912,49.013548290682884],[-122.22011989202001,49.01154920464282],[-122.22186251068618,49.00927810317446],[-122.22331220342609,49.00656931336187],[-122.22751220677006,49.004518094529416],[-122.2304462734815,49.00254839953531],[-122.23132489437405,49.00228518261665],[-122.22254648204039,49.00239498695888],[-122.21386757773033,49.00228824735641],[-122.20644919871947,49.002319758939656],[-122.15927901025671,49.00238340392954],[-122.14330935034346,49.00226618967794],[-122.11677438352724,49.00223376986479],[-122.11695508295101,49.006914146611905],[-122.11697178437028,49.01636724020815],[-122.12808885465054,49.01693915431267],[-122.12927212999111,49.01685110679461],[-122.16160289675064,49.01695451042217],[-122.1616066767581,49.031411702716866],[-122.18370390162862,49.03162650261887]]]},"properties":{"DAUID":"59090720","DGUID":"2021S051259090720","LANDAREA":15.1071,"PRUID":"59","CMA":"Abbotsford_Mission"}},
{"type":"Feature","geometry":{"type":"Polygon","coordinates":[[[-122.26535061065526,49.0169141899065],[-122.24967271586424,49.01698839267917],[-122.24944091648574,49.00987380883002],[-122.24975711712246,49.0024556060891],[-122.25683847468129,49.00244334963881],[-122.25702585874981,49.002330443897],[-122.249102430164,49.00234953074534],[-122.2344646645378,49.002247006231656],[-122.23132489437405,49.00228518261665],[-122.2304462734815,49.00254839953531],[-122.22751220677006,49.004518094529416],[-122.22331220342609,49.00656931336187],[-122.22186251068618,49.00927810317446],[-122.22011989202001,49.01154920464282],[-122.21731230370912,49.013548290682884],[-122.2163225996962,49.01535000725693],[-122.21698690017088,49.0171054941025],[-122.18373979087154,49.01701860200971],[-122.18370390162862,49.03162650261887],[-122.18367731537066,49.041290894229085],[-122.18271928442917,49.04284819126297],[-122.18219938553358,49.04451930971314],[-122.18307378147072,49.04620479744118],[-122.18199065596845,49.04801907536103],[-122.18191516168535,49.04935796435802],[-122.18088823645583,49.05195410433183],[-122.17829546144476,49.05612096333911],[-122.1787226755764,49.0569692415408],[-122.18319179149015,49.054922941658326],[-122.18297460129476,49.05355282406018],[-122.18296986672809,49.04762982805365],[-122.18322190447492,49.04668400125677],[-122.18476717167341,49.045968378962165],[-122.19000815897456,49.04581135135618],[-122.18994054191975,49.040516914718786],[-122.19437704411675,49.040761361307126],[-122.1944682474643,49.044322176167405],[-122.19675770943583,49.04428741513893],[-122.19981118359925,49.047438313140276],[-122.20327263888247,49.05040749883507],[-122.20624166814815,49.05339734101893],[-122.20877184858642,49.05193715479206],[-122.20932324321954,49.05247275271137],[-122.21166084165195,49.05184036096358],[-122.21385504908223,49.05069525984113],[-122.21392600993805,49.04969695746308],[-122.2149790216248,49.04876836404118],[-122.21475944848385,49.047201768265566],[-122.21669072404292,49.047853969895876],[-122.21858324610939,49.04681437018954],[-122.21870014244898,49.044611053807],[-122.22195844236695,49.04111614638489],[-122.21991700588416,49.03906993945037],[-122.2245851708928,49.037012940301715],[-122.22762392804043,49.035794327963345],[-122.23029620882835,49.03505114342308],[-122.23492062156623,49.034231209856095],[-122.24144108516126,49.03365289535807],[-122.25233737645955,49.03363099422355],[-122.25901256944334,49.03351040298713],[-122.26629452454536,49.03350900874241],[-122.26539139724063,49.030184216458515],[-122.26529591851124,49.02712450291903],[-122.26535061065526,49.0169141899065]]]},"properties":{"DAUID":"59090721","DGUID":"2021S051259090721","LANDAREA":18.9257,"PRUID":"59","CMA":"Abbotsford_Mission"}},
{"type":"Feature","geometry":{"type":"Polygon","coordinates":[[[-122.20624166814815,49.05339734101893],[-122.20327263888247,49.05040749883507],[-122.19981118359925,49.047438313140276],[-122.19675770943583,49.04428741513893],[-122.1944682474643,49.044322176167405],[-122.19437704411675,49.040761361307126],[-122.18994054191975,49.040516914718786],[-122.19000815897456,49.04581135135618],[-122.18476717167341,49.045968378962165],[-122.18322190447492,49.04668400125677],[-122.18296986672809,49.04762982805365],[-122.18297460129476,49.05355282406018],[-122.18319179149015,49.054922941658326],[-122.18331706808004,49.05564883279175],[-122.18289554379145,49.05754769679775],[-122.19156351016578,49.05775100730419],[-122.19150423996214,49.06079573710423],[-122.19291879700052,49.06080219078043],[-122.1947972918991,49.060590310011015],[-122.20131038408199,49.06072562340339],[-122.20728056752094,49.060423825749574],[-122.20713396572674,49.05697256363175],[-122.20632824768416,49.05533606781179],[-122.20624166814815,49.05339734101893]]]},"properties":{"DAUID":"59090722","DGUID":"2021S051259090722","LANDAREA":2.564,"PRUID":"59","CMA":"Abbotsford_Mission"}},
{"type":"Feature","geometry":{"type":"Polygon","coordinates":[[[-122.26529551847949,49.00946029407683],[-122.2630103113148,49.00955410643635],[-122.26294356544815,49.004209790883124],[-122.2575703250477,49.004225241868994],[-122.25686981546518,49.00370491524305],[-122.25683847468129,49.00244334963881],[-122.24975711712246,49.0024556060891],[-122.24944091648574,49.00987380883002],[-122.24967271586424,49.01698839267917],[-122.26535061065526,49.0169141899065],[-122.26529551847949,49.00946029407683]]]},"properties":{"DAUID":"59090723","DGUID":"2021S051259090723","LANDAREA":1.6358,"PRUID":"59","CMA":"Abbotsford_Mission"}},
{"type":"Feature","geometry":{"type":"Polygon","coordinates":[[[-122.26294356544815,49.004209790883124],[-122.2630103113148,49.00955410643635],[-122.26529551847949,49.00946029407683],[-122.26523059244006,49.00441299120717],[-122.26294356544815,49.004209790883124]]]},"properties":{"DAUID":"59090724","DGUID":"2021S051259090724","LANDAREA":0.0989,"PRUID":"59","CMA":"Abbotsford_Mission"}},
{"type":"Feature","geometry":{"type":"Polygon","coordinates":[[[-122.29581195949808,49.12839719803544],[-122.29915420285012,49.126775092683836],[-122.3053870202912,49.123382768471714],[-122.2904116056628,49.11493511530033],[-122.28942100996544,49.11414459577792],[-122.28863900309848,49.112594205455856],[-122.28890499786745,49.11099429598568],[-122.27189817465631,49.11108639922925],[-122.26351341656255,49.111054001006785],[-122.24724699721695,49.111100317503585],[-122.24729789416511,49.11828409543925],[-122.24706597845999,49.119867890549315],[-122.22136939835035,49.12641400285649],[-122.21974171850333,49.12586819548295],[-122.21670183748192,49.12665497475488],[-122.21697916604624,49.13108298166665],[-122.22023598310598,49.13143790447168],[-122.22416708802609,49.132386209358025],[-122.22773510224467,49.133550485960065],[-122.2310016133016,49.13489289364982],[-122.24126009748947,49.13980941418696],[-122.24969641265463,49.14318968858555],[-122.25590619529885,49.14504771227983],[-122.2595704120037,49.145193602290476],[-122.26187538500695,49.14473149879226],[-122.26451211041721,49.143557997615645],[-122.27115829869496,49.13981369291463],[-122.2837942050924,49.13388809882363],[-122.28923510832514,49.131266992192316],[-122.29581195949808,49.12839719803544]]]},"properties":{"DAUID":"59090734","DGUID":"2021S051259090734","LANDAREA":11.8374,"PRUID":"59","CMA":"Abbotsford_Mission"}},
{"type":"Feature","geometry":{"type":"Polygon","coordinates":[[[-122.3053870202912,49.123382768471714],[-122.30713509580197,49.122431195993514],[-122.31189790714045,49.1204791003991],[-122.31546989840398,49.11980502173569],[-122.31811517881272,49.117552717847246],[-122.32510403107993,49.11279056227753],[-122.32793965207684,49.111226702133905],[-122.33605103611968,49.10934069250323],[-122.33841694766018,49.10905098817556],[-122.33845178743721,49.103915498241534],[-122.33835029721286,49.10017379163671],[-122.33846910071213,49.089330997752704],[-122.31636349032247,49.08926309259317],[-122.31635378828423,49.103838190637],[-122.29415200736922,49.103753800467075],[-122.2942162071252,49.10726529234092],[-122.29137699775423,49.1072575052868],[-122.29062450256795,49.10377451061786],[-122.28988722603114,49.1037779085178],[-122.2904448205287,49.1073001914539],[-122.28995729386102,49.10930891389035],[-122.28890499786745,49.11099429598568],[-122.28863900309848,49.112594205455856],[-122.28942100996544,49.11414459577792],[-122.2904116056628,49.11493511530033],[-122.3053870202912,49.123382768471714]]]},"properties":{"DAUID":"59090735","DGUID":"2021S051259090735","LANDAREA":6.6087,"PRUID":"59","CMA":"Abbotsford_Mission"}},
{"type":"Feature","geometry":{"type":"Polygon","coordinates":[[[-122.28476826906444,49.080686382357406],[-122.28505759882913,49.0818568290436],[-122.28600055124542,49.08481473297959],[-122.2883321734416,49.09648100823069],[-122.28988722603114,49.1037779085178],[-122.29062450256795,49.10377451061786],[-122.29137699775423,49.1072575052868],[-122.2942162071252,49.10726529234092],[-122.29415200736922,49.103753800467075],[-122.31635378828423,49.103838190637],[-122.31636349032247,49.08926309259317],[-122.31633296886685,49.07748179607475],[-122.31618799769223,49.0746065429566],[-122.29416149849341,49.07464391067088],[-122.2941474614201,49.08196077265994],[-122.29053838743815,49.082080492076734],[-122.28775645060115,49.08188882229558],[-122.2859089274227,49.0814722899774],[-122.28476826906444,49.080686382357406]]]},"properties":{"DAUID":"59090736","DGUID":"2021S051259090736","LANDAREA":6.512,"PRUID":"59","CMA":"Abbotsford_Mission"}},
{"type":"Feature","geometry":{"type":"Polygon","coordinates":[[[-122.35997481292985,49.07510329598387],[-122.35405340575434,49.07467710138809],[-122.34534678138152,49.07450739540401],[-122.33387488939306,49.07437515768933],[-122.32696658931611,49.074395930619126],[-122.31618799769223,49.0746065429566],[-122.31633296886685,49.07748179607475],[-122.31636349032247,49.08926309259317],[-122.33846910071213,49.089330997752704],[-122.33835029721286,49.10017379163671],[-122.33845178743721,49.103915498241534],[-122.34197887195866,49.10365520027776],[-122.34375620818872,49.10392480339539],[-122.35182989173278,49.10388631471199],[-122.35774219614814,49.10370514566565],[-122.35995373038229,49.10396133519831],[-122.36894248664598,49.10400340374069],[-122.36949182308754,49.10389587412044],[-122.37094050510495,49.107945110568274],[-122.37093030427576,49.10354321431598],[-122.37096048005989,49.0966556953667],[-122.37036611018881,49.096655498716544],[-122.36999387196677,49.086008897580875],[-122.360275479962,49.08600085117552],[-122.35983006838848,49.08304227189083],[-122.35998671074972,49.08186991190842],[-122.35997481292985,49.07510329598387]]]},"properties":{"DAUID":"59090738","DGUID":"2021S051259090738","LANDAREA":9.3384,"PRUID":"59","CMA":"Abbotsford_Mission"}},
{"type":"Feature","geometry":{"type":"Polygon","coordinates":[[[-122.35995373038229,49.10396133519831],[-122.35774219614814,49.10370514566565],[-122.35182989173278,49.10388631471199],[-122.34375620818872,49.10392480339539],[-122.34197887195866,49.10365520027776],[-122.33845178743721,49.103915498241534],[-122.33841694766018,49.10905098817556],[-122.34189267808573,49.1090798781574],[-122.34360628604429,49.10954178242843],[-122.35039897122886,49.11304977129861],[-122.35587130814194,49.116149134676355],[-122.3598822994413,49.11918548673773],[-122.35968686107584,49.117180855950856],[-122.35961510969408,49.10901159076036],[-122.35995373038229,49.10396133519831]]]},"properties":{"DAUID":"59090739","DGUID":"2021S051259090739","LANDAREA":1.3578,"PRUID":"59","CMA":"Abbotsford_Mission"}},
{"type":"Feature","geometry":{"type":"Polygon","coordinates":[[[-122.3598822994413,49.11918548673773],[-122.35587130814194,49.116149134676355],[-122.35039897122886,49.11304977129861],[-122.34360628604429,49.10954178242843],[-122.34189267808573,49.1090798781574],[-122.33841694766018,49.10905098817556],[-122.33605103611968,49.10934069250323],[-122.32793965207684,49.111226702133905],[-122.32510403107993,49.11279056227753],[-122.31811517881272,49.117552717847246],[-122.31546989840398,49.11980502173569],[-122.31804580644689,49.1198720063822],[-122.32245071728568,49.120682301652536],[-122.3278433120106,49.122764490706714],[-122.33549189878059,49.12607579742259],[-122.33388188432642,49.12888290505796],[-122.33780506776591,49.13024022165337],[-122.33818371952711,49.13079332619691],[-122.33821960779963,49.133157904093494],[-122.33828828855094,49.136342104147175],[-122.34352757930895,49.13630220491104],[-122.34355260254888,49.137465801721504],[-122.3422460757704,49.13847869592795],[-122.34061700837809,49.13848731031721],[-122.34064671294126,49.13955550242381],[-122.33837791448407,49.139556688178814],[-122.33839089997794,49.14064510436291],[-122.33950068249032,49.14065309139939],[-122.33951490464587,49.14261410815807],[-122.34133890033175,49.142604915379884],[-122.3413605927772,49.14340971592347],[-122.34623439463923,49.14349511757534],[-122.3479015490415,49.14317946436809],[-122.35103065330779,49.14203547750489],[-122.35239337624088,49.14205193433098],[-122.35491280234999,49.1408131137003],[-122.35421663728943,49.13960586493239],[-122.35226241758555,49.139046162194006],[-122.3522853363665,49.13722027544816],[-122.35327364816385,49.136154953465216],[-122.35600213375923,49.1361791723805],[-122.35547731295475,49.135465593660086],[-122.35615588678102,49.13399439610446],[-122.35790529700071,49.13394739553906],[-122.35846548826179,49.1332288074901],[-122.35871330070925,49.13114619053166],[-122.36401089740002,49.132049906029266],[-122.38156349704657,49.135414698191326],[-122.38412347589784,49.13669139385857],[-122.38857130593256,49.14046170246305],[-122.38723035152017,49.138006611030335],[-122.37276200931714,49.12821276788121],[-122.3598822994413,49.11918548673773]]]},"properties":{"DAUID":"59090740","DGUID":"2021S051259090740","LANDAREA":5.1889,"PRUID":"59","CMA":"Abbotsford_Mission"}},
{"type":"Feature","geometry":{"type":"Polygon","coordinates":[[[-122.33837791448407,49.139556688178814],[-122.34064671294126,49.13955550242381],[-122.34061700837809,49.13848731031721],[-122.3422460757704,49.13847869592795],[-122.34355260254888,49.137465801721504],[-122.34352757930895,49.13630220491104],[-122.33828828855094,49.136342104147175],[-122.33831599572727,49.13778341295717],[-122.33837791448407,49.139556688178814]]]},"properties":{"DAUID":"59090741","DGUID":"2021S051259090741","LANDAREA":0.1117,"PRUID":"59","CMA":"Abbotsford_Mission"}},
{"type":"Feature","geometry":{"type":"Polygon","coordinates":[[[-122.33831599572727,49.13778341295717],[-122.33828828855094,49.136342104147175],[-122.33821960779963,49.133157904093494],[-122.3291374227481,49.133006039061776],[-122.32952967829165,49.133592719233874],[-122.33267455264868,49.13391630532675],[-122.33270571666971,49.13694600736343],[-122.33270789590051,49.13783929439752],[-122.33831599572727,49.13778341295717]]]},"properties":{"DAUID":"59090742","DGUID":"2021S051259090742","LANDAREA":0.2272,"PRUID":"59","CMA":"Abbotsford_Mission"}},
{"type":"Feature","geometry":{"type":"Polygon","coordinates":[[[-122.33270571666971,49.13694600736343],[-122.33267455264868,49.13391630532675],[-122.32952967829165,49.133592719233874],[-122.3291374227481,49.133006039061776],[-122.32613104348617,49.13334324934226],[-122.32595794002854,49.135013928399076],[-122.32467816201066,49.13577151684804],[-122.3230278945446,49.1375566435322],[-122.32068726354646,49.13837976941273],[-122.32069028115298,49.14021329460989],[-122.3245058971589,49.140205785455926],[-122.32624628575672,49.14021390872788],[-122.32891188245875,49.140204904419534],[-122.3289105799422,49.13692199795485],[-122.33270571666971,49.13694600736343]]]},"properties":{"DAUID":"59090743","DGUID":"2021S051259090743","LANDAREA":0.4064,"PRUID":"59","CMA":"Abbotsford_Mission"}},
{"type":"Feature","geometry":{"type":"Polygon","coordinates":[[[-122.32613104348617,49.13334324934226],[-122.32551002780345,49.132997532572666],[-122.3225691444843,49.133008798201544],[-122.32255651488285,49.134503788252694],[-122.32114159813864,49.134248097981185],[-122.31647008611887,49.13447581065853],[-122.3164724887442,49.137162907777586],[-122.3168417330246,49.13905503142059],[-122.32068726354646,49.13837976941273],[-122.3230278945446,49.1375566435322],[-122.32467816201066,49.13577151684804],[-122.32595794002854,49.135013928399076],[-122.32613104348617,49.13334324934226]]]},"properties":{"DAUID":"59090744","DGUID":"2021S051259090744","LANDAREA":0.2965,"PRUID":"59","CMA":"Abbotsford_Mission"}},
{"type":"Feature","geometry":{"type":"Polygon","coordinates":[[[-122.3245058971589,49.140205785455926],[-122.32069028115298,49.14021329460989],[-122.32068726354646,49.13837976941273],[-122.3168417330246,49.13905503142059],[-122.316423599195,49.140220494860436],[-122.31985661752977,49.140215412048846],[-122.31979229825794,49.141894305975086],[-122.32448622018757,49.142016901930695],[-122.3245058971589,49.140205785455926]]]},"properties":{"DAUID":"59090745","DGUID":"2021S051259090745","LANDAREA":0.1202,"PRUID":"59","CMA":"Abbotsford_Mission"}},
{"type":"Feature","geometry":{"type":"Polygon","coordinates":[[[-122.30950069868433,49.1401688864305],[-122.316423599195,49.140220494860436],[-122.3168417330246,49.13905503142059],[-122.3164724887442,49.137162907777586],[-122.31335928490167,49.137147302519345],[-122.31337168162564,49.13624809489276],[-122.31145298899835,49.13624360110742],[-122.31142769256786,49.13813480147342],[-122.30951588794218,49.138077304288934],[-122.30950069868433,49.1401688864305]]]},"properties":{"DAUID":"59090746","DGUID":"2021S051259090746","LANDAREA":0.1729,"PRUID":"59","CMA":"Abbotsford_Mission"}},
{"type":"Feature","geometry":{"type":"Polygon","coordinates":[[[-122.30950069868433,49.1401688864305],[-122.30948130754945,49.14210709989431],[-122.31303639588616,49.142119893203976],[-122.31305948548028,49.14447420545779],[-122.31622160794065,49.14450141426542],[-122.316423599195,49.140220494860436],[-122.30950069868433,49.1401688864305]]]},"properties":{"DAUID":"59090747","DGUID":"2021S051259090747","LANDAREA":0.1698,"PRUID":"59","CMA":"Abbotsford_Mission"}},
{"type":"Feature","geometry":{"type":"Polygon","coordinates":[[[-122.31979229825794,49.141894305975086],[-122.31985661752977,49.140215412048846],[-122.316423599195,49.140220494860436],[-122.31622160794065,49.14450141426542],[-122.31615969792021,49.14561069635087],[-122.31986521775522,49.14523460299528],[-122.3196869949857,49.143831310237964],[-122.31979229825794,49.141894305975086]]]},"properties":{"DAUID":"59090748","DGUID":"2021S051259090748","LANDAREA":0.1486,"PRUID":"59","CMA":"Abbotsford_Mission"}},
{"type":"Feature","geometry":{"type":"Polygon","coordinates":[[[-122.31615969792021,49.14561069635087],[-122.31622160794065,49.14450141426542],[-122.31305948548028,49.14447420545779],[-122.31242708365038,49.146086812764814],[-122.30945270664431,49.146076709213204],[-122.30908600658663,49.14738011139543],[-122.31606389349099,49.147392209206465],[-122.31615969792021,49.14561069635087]]]},"properties":{"DAUID":"59090749","DGUID":"2021S051259090749","LANDAREA":0.1117,"PRUID":"59","CMA":"Abbotsford_Mission"}},
{"type":"Feature","geometry":{"type":"Polygon","coordinates":[[[-122.30945270664431,49.146076709213204],[-122.31242708365038,49.146086812764814],[-122.31305948548028,49.14447420545779],[-122.31303639588616,49.142119893203976],[-122.30948130754945,49.14210709989431],[-122.30950069868433,49.1401688864305],[-122.30561299995298,49.13983981516928],[-122.30590570805846,49.14387009801872],[-122.30946777955187,49.14386610087419],[-122.30945270664431,49.146076709213204]]]},"properties":{"DAUID":"59090750","DGUID":"2021S051259090750","LANDAREA":0.2331,"PRUID":"59","CMA":"Abbotsford_Mission"}},
{"type":"Feature","geometry":{"type":"Polygon","coordinates":[[[-122.31606389349099,49.147392209206465],[-122.30908600658663,49.14738011139543],[-122.30908440206984,49.149784907017796],[-122.31253178448583,49.149607491991496],[-122.31249008175313,49.150478599323186],[-122.3098291156975,49.15100839728569],[-122.31603381744915,49.151007399330986],[-122.31604709725706,49.149196096322655],[-122.31606389349099,49.147392209206465]]]},"properties":{"DAUID":"59090751","DGUID":"2021S051259090751","LANDAREA":0.1816,"PRUID":"59","CMA":"Abbotsford_Mission"}},
{"type":"Feature","geometry":{"type":"Polygon","coordinates":[[[-122.31145298899835,49.13624360110742],[-122.31337168162564,49.13624809489276],[-122.31335928490167,49.137147302519345],[-122.3164724887442,49.137162907777586],[-122.31647008611887,49.13447581065853],[-122.31650838785255,49.13307449628918],[-122.31126659603986,49.13377190939289],[-122.30956680437832,49.13441220486191],[-122.30953902169252,49.13533329633212],[-122.30714668868231,49.13533780635486],[-122.30715639948492,49.13623499880153],[-122.31145298899835,49.13624360110742]]]},"properties":{"DAUID":"59090752","DGUID":"2021S051259090752","LANDAREA":0.1899,"PRUID":"59","CMA":"Abbotsford_Mission"}},
{"type":"Feature","geometry":{"type":"Polygon","coordinates":[[[-122.30715639948492,49.13623499880153],[-122.30714668868231,49.13533780635486],[-122.30953902169252,49.13533329633212],[-122.30956680437832,49.13441220486191],[-122.31126659603986,49.13377190939289],[-122.31650838785255,49.13307449628918],[-122.31647008611887,49.13447581065853],[-122.32114159813864,49.134248097981185],[-122.32255651488285,49.134503788252694],[-122.3225691444843,49.133008798201544],[-122.32551002780345,49.132997532572666],[-122.32613104348617,49.13334324934226],[-122.3291374227481,49.133006039061776],[-122.33821960779963,49.133157904093494],[-122.33818371952711,49.13079332619691],[-122.33780506776591,49.13024022165337],[-122.33388188432642,49.12888290505796],[-122.33549189878059,49.12607579742259],[-122.3278433120106,49.122764490706714],[-122.32245071728568,49.120682301652536],[-122.31804580644689,49.1198720063822],[-122.31546989840398,49.11980502173569],[-122.31189790714045,49.1204791003991],[-122.30713509580197,49.122431195993514],[-122.3053870202912,49.123382768471714],[-122.29915420285012,49.126775092683836],[-122.29581195949808,49.12839719803544],[-122.30152102647281,49.1327206107205],[-122.29995688190927,49.13377460897833],[-122.29993000455185,49.13438748541748],[-122.30232367219703,49.1343995915297],[-122.30232578593677,49.135321801984226],[-122.30478270040878,49.13531430804181],[-122.3046438198076,49.13623411747898],[-122.30715639948492,49.13623499880153]]]},"properties":{"DAUID":"59090753","DGUID":"2021S051259090753","LANDAREA":2.5133,"PRUID":"59","CMA":"Abbotsford_Mission"}},
{"type":"Feature","geometry":{"type":"Polygon","coordinates":[[[-122.3397880179035,49.06966009561732],[-122.34320209323424,49.07174901464654],[-122.34534678138152,49.07450739540401],[-122.35405340575434,49.07467710138809],[-122.35997481292985,49.07510329598387],[-122.359862914772,49.06978759170068],[-122.35982101302257,49.06773507271942],[-122.35612229116057,49.067653800471334],[-122.3549179044322,49.06761830045738],[-122.35462370169623,49.069175087725085],[-122.35228798781655,49.06907769791933],[-122.34880779187625,49.06894961270793],[-122.34872979860562,49.06750010332803],[-122.34512430538373,49.06717278765626],[-122.343437288115,49.06560014362526],[-122.3423704070204,49.06706242725538],[-122.3409373311134,49.06699611606211],[-122.34092755630662,49.06831717763842],[-122.3397880179035,49.06966009561732]]]},"properties":{"DAUID":"59090754","DGUID":"2021S051259090754","LANDAREA":0.9685,"PRUID":"59","CMA":"Abbotsford_Mission"}},
{"type":"Feature","geometry":{"type":"Polygon","coordinates":[[[-122.35228798781655,49.06907769791933],[-122.35235471726202,49.067579106035815],[-122.34872979860562,49.06750010332803],[-122.34880779187625,49.06894961270793],[-122.35228798781655,49.06907769791933]]]},"properties":{"DAUID":"59090755","DGUID":"2021S051259090755","LANDAREA":0.0425,"PRUID":"59","CMA":"Abbotsford_Mission"}},
{"type":"Feature","geometry":{"type":"Polygon","coordinates":[[[-122.3549179044322,49.06761830045738],[-122.35235471726202,49.067579106035815],[-122.35228798781655,49.06907769791933],[-122.35462370169623,49.069175087725085],[-122.3549179044322,49.06761830045738]]]},"properties":{"DAUID":"59090756","DGUID":"2021S051259090756","LANDAREA":0.0324,"PRUID":"59","CMA":"Abbotsford_Mission"}},
{"type":"Feature","geometry":{"type":"Polygon","coordinates":[[[-122.35612229116057,49.067653800471334],[-122.35614549162263,49.06712988953449],[-122.35617270756619,49.06643219759615],[-122.35772237056935,49.066130494729585],[-122.35774880012438,49.06475940465943],[-122.35440882181616,49.06523919986083],[-122.35074679986917,49.065199598366064],[-122.34931641320676,49.06573178390121],[-122.34872979860562,49.06750010332803],[-122.35235471726202,49.067579106035815],[-122.3549179044322,49.06761830045738],[-122.35612229116057,49.067653800471334]]]},"properties":{"DAUID":"59090757","DGUID":"2021S051259090757","LANDAREA":0.1557,"PRUID":"59","CMA":"Abbotsford_Mission"}},
{"type":"Feature","geometry":{"type":"Polygon","coordinates":[[[-122.35614549162263,49.06712988953449],[-122.35873222348589,49.066974298271084],[-122.35878019851967,49.06476550987347],[-122.35774880012438,49.06475940465943],[-122.35772237056935,49.066130494729585],[-122.35617270756619,49.06643219759615],[-122.35614549162263,49.06712988953449]]]},"properties":{"DAUID":"59090758","DGUID":"2021S051259090758","LANDAREA":0.0289,"PRUID":"59","CMA":"Abbotsford_Mission"}},
{"type":"Feature","geometry":{"type":"Polygon","coordinates":[[[-122.35982101302257,49.06773507271942],[-122.3599028919109,49.06477841693712],[-122.35878019851967,49.06476550987347],[-122.35873222348589,49.066974298271084],[-122.35614549162263,49.06712988953449],[-122.35612229116057,49.067653800471334],[-122.35982101302257,49.06773507271942]]]},"properties":{"DAUID":"59090759","DGUID":"2021S051259090759","LANDAREA":0.0381,"PRUID":"59","CMA":"Abbotsford_Mission"}},
{"type":"Feature","geometry":{"type":"Polygon","coordinates":[[[-122.35543999289995,49.06036850278461],[-122.35543279723278,49.06220901195501],[-122.35625329895872,49.06282911317187],[-122.35861001772652,49.062828809901404],[-122.35878019851967,49.06476550987347],[-122.3599028919109,49.06477841693712],[-122.36002892267152,49.060397025834995],[-122.35543999289995,49.06036850278461]]]},"properties":{"DAUID":"59090760","DGUID":"2021S051259090760","LANDAREA":0.1069,"PRUID":"59","CMA":"Abbotsford_Mission"}},
{"type":"Feature","geometry":{"type":"Polygon","coordinates":[[[-122.35438300300913,49.060356891524165],[-122.35440882181616,49.06523919986083],[-122.35774880012438,49.06475940465943],[-122.35878019851967,49.06476550987347],[-122.35861001772652,49.062828809901404],[-122.35625329895872,49.06282911317187],[-122.35543279723278,49.06220901195501],[-122.35543999289995,49.06036850278461],[-122.35438300300913,49.060356891524165]]]},"properties":{"DAUID":"59090761","DGUID":"2021S051259090761","LANDAREA":0.099,"PRUID":"59","CMA":"Abbotsford_Mission"}},
{"type":"Feature","geometry":{"type":"Polygon","coordinates":[[[-122.37075931837026,49.06591026823722],[-122.3708320057279,49.067296391487375],[-122.37182600341758,49.0691194124753],[-122.37611338191158,49.069128895664704],[-122.37739437428053,49.06817970612783],[-122.37710321423894,49.06572964237886],[-122.37267611441422,49.06584793212187],[-122.3707552135937,49.06583980803194],[-122.37075931837026,49.06591026823722]]]},"properties":{"DAUID":"59090765","DGUID":"2021S051259090765","LANDAREA":0.1631,"PRUID":"59","CMA":"Abbotsford_Mission"}},
{"type":"Feature","geometry":{"type":"Polygon","coordinates":[[[-122.2606977908981,49.07084981410503],[-122.25953228413738,49.069765307096404],[-122.25862478437881,49.070105996178505],[-122.25611781674509,49.07009609558878],[-122.25588329036069,49.06913140106125],[-122.25719918887096,49.06813789838369],[-122.25336128555922,49.067981493213885],[-122.25140968793802,49.06986516009618],[-122.25134553512449,49.07100336475973],[-122.24942230589467,49.071648432033115],[-122.24957011236381,49.07329800290488],[-122.24939374791147,49.07484875784657],[-122.25261046317026,49.07481431137234],[-122.25485298651931,49.0744721935506],[-122.25593949795977,49.074733590641564],[-122.26100248440797,49.07476126295978],[-122.2606977908981,49.07084981410503]]]},"properties":{"DAUID":"59090782","DGUID":"2021S051259090782","LANDAREA":0.4783,"PRUID":"59","CMA":"Abbotsford_Mission"}},
{"type":"Feature","geometry":{"type":"Polygon","coordinates":[[[-122.24942230589467,49.071648432033115],[-122.25134553512449,49.07100336475973],[-122.25140968793802,49.06986516009618],[-122.25336128555922,49.067981493213885],[-122.25540380684974,49.06663280691294],[-122.25648491266637,49.06498443986223],[-122.25387212449405,49.06614760888577],[-122.25270895328867,49.065013965590204],[-122.25388118887498,49.06406741120854],[-122.25200930111656,49.063655690620976],[-122.25134728169927,49.063038404410726],[-122.24936979726013,49.06493921204335],[-122.24942230589467,49.071648432033115]]]},"properties":{"DAUID":"59090783","DGUID":"2021S051259090783","LANDAREA":0.2372,"PRUID":"59","CMA":"Abbotsford_Mission"}},
{"type":"Feature","geometry":{"type":"Polygon","coordinates":[[[-122.20713396572674,49.05697256363175],[-122.20728056752094,49.060423825749574],[-122.20131038408199,49.06072562340339],[-122.1947972918991,49.060590310011015],[-122.19291879700052,49.06080219078043],[-122.19186169651398,49.06126061165722],[-122.19147708803406,49.06224769746724],[-122.1929281138946,49.06713609469644],[-122.1926303016632,49.06851851054891],[-122.19336869868799,49.07053889353394],[-122.19745639491605,49.07353901557069],[-122.19958480993468,49.074065097624874],[-122.20556859588558,49.077310404148335],[-122.20542474359308,49.079832295385366],[-122.20861449431723,49.07977094132287],[-122.21273984312927,49.07919885457715],[-122.21793387651962,49.07745258056925],[-122.22059658022067,49.07573422127613],[-122.22221091157238,49.07237330900987],[-122.22363487421225,49.07144160079308],[-122.22509769996513,49.07116389420037],[-122.22815616188817,49.07115611204422],[-122.22827246849114,49.059652921556264],[-122.2279540277788,49.0546729487501],[-122.22765587910716,49.05376411219458],[-122.22587212416714,49.05315656378067],[-122.22513280938203,49.0520631080631],[-122.22439333095241,49.051496173583224],[-122.21892151419688,49.052218668458124],[-122.2174623420184,49.05305078938571],[-122.21495953937752,49.0537415172191],[-122.20965226013703,49.05640591737893],[-122.20713396572674,49.05697256363175]]]},"properties":{"DAUID":"59090786","DGUID":"2021S051259090786","LANDAREA":5.4979,"PRUID":"59","CMA":"Abbotsford_Mission"}},
{"type":"Feature","geometry":{"type":"Polygon","coordinates":[[[-122.24140480369213,49.06782870256699],[-122.24113888783036,49.07120915680914],[-122.24291361791755,49.07152368399842],[-122.24506864875669,49.071604496541376],[-122.24758498767535,49.07329889639306],[-122.24957011236381,49.07329800290488],[-122.24942230589467,49.071648432033115],[-122.24821291024348,49.07082369733606],[-122.24647118727705,49.070558111943726],[-122.24699559623599,49.0692828188853],[-122.24574238638267,49.069189401006746],[-122.24437659704826,49.067877688109874],[-122.24140480369213,49.06782870256699]]]},"properties":{"DAUID":"59090787","DGUID":"2021S051259090787","LANDAREA":0.2031,"PRUID":"59","CMA":"Abbotsford_Mission"}},
{"type":"Feature","geometry":{"type":"Polygon","coordinates":[[[-122.22815616188817,49.07115611204422],[-122.23377425986429,49.07115669344018],[-122.23540424788042,49.070687326908406],[-122.23755181589078,49.06913082767927],[-122.23859874461496,49.06704890957108],[-122.24178291294932,49.06585677577857],[-122.23966779903392,49.063810141930176],[-122.23867048819963,49.062431012317646],[-122.23756349382764,49.060133934520714],[-122.23502024575936,49.05671982718709],[-122.23209242982259,49.05579695859099],[-122.22765587910716,49.05376411219458],[-122.2279540277788,49.0546729487501],[-122.22827246849114,49.059652921556264],[-122.22815616188817,49.07115611204422]]]},"properties":{"DAUID":"59090791","DGUID":"2021S051259090791","LANDAREA":1.2313,"PRUID":"59","CMA":"Abbotsford_Mission"}},
{"type":"Feature","geometry":{"type":"Polygon","coordinates":[[[-122.3257973989427,49.067272047184034],[-122.33468159008137,49.06902023808629],[-122.33467395742368,49.071237375788094],[-122.33176444411599,49.07174085085563],[-122.3303593239421,49.073486967862536],[-122.3287959453411,49.07366775517107],[-122.32696658931611,49.074395930619126],[-122.33387488939306,49.07437515768933],[-122.34534678138152,49.07450739540401],[-122.34320209323424,49.07174901464654],[-122.3397880179035,49.06966009561732],[-122.33926793961066,49.069329726958095],[-122.33830789696891,49.06839643328918],[-122.33822172608618,49.06623628759808],[-122.33598121731718,49.06623650395822],[-122.33291399348688,49.066237290720125],[-122.33290990686997,49.06552410016832],[-122.33093940761103,49.065519812268036],[-122.33059590990597,49.064737304792985],[-122.3275062143912,49.06474620428212],[-122.32783271045953,49.06541370279093],[-122.32706908662054,49.06690559695048],[-122.3257973989427,49.067272047184034]]]},"properties":{"DAUID":"59090792","DGUID":"2021S051259090792","LANDAREA":0.7207,"PRUID":"59","CMA":"Abbotsford_Mission"}},
{"type":"Feature","geometry":{"type":"Polygon","coordinates":[[[-122.31618799769223,49.0746065429566],[-122.32696658931611,49.074395930619126],[-122.3287959453411,49.07366775517107],[-122.3303593239421,49.073486967862536],[-122.33176444411599,49.07174085085563],[-122.33467395742368,49.071237375788094],[-122.33468159008137,49.06902023808629],[-122.3257973989427,49.067272047184034],[-122.32103870118937,49.06726889243891],[-122.32132472538673,49.068499304421884],[-122.31986620120627,49.0688558833219],[-122.3199112912578,49.070051898063234],[-122.31853780973947,49.07184390323235],[-122.31612012291228,49.07234962054965],[-122.31618799769223,49.0746065429566]]]},"properties":{"DAUID":"59090793","DGUID":"2021S051259090793","LANDAREA":0.7618,"PRUID":"59","CMA":"Abbotsford_Mission"}},
{"type":"Feature","geometry":{"type":"Polygon","coordinates":[[[-122.23079242952394,49.048036405699804],[-122.2323433056651,49.04591260775946],[-122.23689554851876,49.04420278831853],[-122.23980891761664,49.04171145438333],[-122.24058565452475,49.04136629416862],[-122.23835631109104,49.04120189970149],[-122.23672448631775,49.04018089842054],[-122.23261231444607,49.04028268980378],[-122.23206716422233,49.04052375346878],[-122.23304700931868,49.041082397006136],[-122.23186670739219,49.042651998514486],[-122.2329230024711,49.04351319853924],[-122.23057359820997,49.04434758184812],[-122.22966899557207,49.045467094812615],[-122.2302359222719,49.04759220046721],[-122.23079242952394,49.048036405699804]]]},"properties":{"DAUID":"59090795","DGUID":"2021S051259090795","LANDAREA":0.2834,"PRUID":"59","CMA":"Abbotsford_Mission"}},
{"type":"Feature","geometry":{"type":"Polygon","coordinates":[[[-122.21697916604624,49.13108298166665],[-122.21670183748192,49.12665497475488],[-122.21666225598958,49.10747378558567],[-122.21647657650605,49.09950893828242],[-122.21648571402804,49.08941483343011],[-122.20556593092932,49.08966038938661],[-122.19989601993224,49.08952940295324],[-122.19633662428924,49.089060904041375],[-122.19468622380037,49.089683065396116],[-122.1896501986953,49.08960376807042],[-122.18626849552766,49.08970914772681],[-122.17733305309753,49.08953492701753],[-122.16632427817432,49.08942078484026],[-122.16110594901913,49.089513205172956],[-122.16121169124406,49.09658738728249],[-122.18481093508984,49.09655089615075],[-122.18441325111795,49.10416122145316],[-122.16184961688974,49.10416808926255],[-122.16174377762603,49.113526679106414],[-122.1742576394134,49.11354733066484],[-122.17375932688185,49.11934480562586],[-122.18489953546596,49.119250322972796],[-122.18531565300735,49.12481073373511],[-122.17352136807887,49.12505416218625],[-122.17361392703907,49.132022838307805],[-122.16977051427476,49.132169843583654],[-122.16967790955567,49.134149625581564],[-122.16500508331171,49.134360753468336],[-122.16494041993695,49.13553724067347],[-122.15939327655165,49.135755376679874],[-122.15944744903092,49.13856632630269],[-122.15483634714754,49.13973976846564],[-122.15267883742774,49.14073946800899],[-122.14970061759628,49.14073663933537],[-122.14997989775804,49.14390260777774],[-122.15212850670483,49.14381859356962],[-122.15387458515441,49.14338850462593],[-122.1590498937851,49.14118241637998],[-122.16629401369644,49.140114204997225],[-122.18150359407896,49.13823279409476],[-122.19658820056705,49.13169000356054],[-122.20124130620594,49.13077848834019],[-122.21248607944149,49.13074430157788],[-122.21697916604624,49.13108298166665]]]},"properties":{"DAUID":"59090799","DGUID":"2021S051259090799","LANDAREA":15.0022,"PRUID":"59","CMA":"Abbotsford_Mission"}},
{"type":"Feature","geometry":{"type":"Polygon","coordinates":[[[-122.29991410184026,49.03859080765477],[-122.29843080845983,49.03869285329359],[-122.29846550839903,49.04021388312868],[-122.30349779810619,49.040110710486594],[-122.30347378443216,49.038343809978805],[-122.29991410184026,49.03859080765477]]]},"properties":{"DAUID":"59090874","DGUID":"2021S051259090874","LANDAREA":0.067,"PRUID":"59","CMA":"Abbotsford_Mission"}},
{"type":"Feature","geometry":{"type":"Polygon","coordinates":[[[-122.29333410489791,49.039043394315456],[-122.29335942808693,49.04022170591229],[-122.29846550839903,49.04021388312868],[-122.29843080845983,49.03869285329359],[-122.29333410489791,49.039043394315456]]]},"properties":{"DAUID":"59090875","DGUID":"2021S051259090875","LANDAREA":0.0561,"PRUID":"59","CMA":"Abbotsford_Mission"}},
{"type":"Feature","geometry":{"type":"Polygon","coordinates":[[[-122.3044095533637,49.04865973133506],[-122.30008479390372,49.04867570788687],[-122.29908847121425,49.04985120536878],[-122.29903287705156,49.04999986758757],[-122.3021895942626,49.050945199622056],[-122.30182170136362,49.05239210953502],[-122.30417009110772,49.05305900200122],[-122.30434136604087,49.05048565269419],[-122.3044012539068,49.04959251052457],[-122.3044095533637,49.04865973133506]]]},"properties":{"DAUID":"59090878","DGUID":"2021S051259090878","LANDAREA":0.1052,"PRUID":"59","CMA":"Abbotsford_Mission"}},
{"type":"Feature","geometry":{"type":"Polygon","coordinates":[[[-122.30006571956599,49.04815850644838],[-122.30008479390372,49.04867570788687],[-122.3044095533637,49.04865973133506],[-122.30442488680426,49.04687885123295],[-122.30136726067667,49.04708365958689],[-122.30006571956599,49.04815850644838]]]},"properties":{"DAUID":"59090882","DGUID":"2021S051259090882","LANDAREA":0.0552,"PRUID":"59","CMA":"Abbotsford_Mission"}},
{"type":"Feature","geometry":{"type":"Polygon","coordinates":[[[-122.30182170136362,49.05239210953502],[-122.3021895942626,49.050945199622056],[-122.29903287705156,49.04999986758757],[-122.29767559133758,49.05118245303823],[-122.30014999760256,49.051990107464626],[-122.30182170136362,49.05239210953502]]]},"properties":{"DAUID":"59090884","DGUID":"2021S051259090884","LANDAREA":0.0494,"PRUID":"59","CMA":"Abbotsford_Mission"}},
{"type":"Feature","geometry":{"type":"Polygon","coordinates":[[[-122.29767559133758,49.05118245303823],[-122.29903287705156,49.04999986758757],[-122.29908847121425,49.04985120536878],[-122.29294889249985,49.049029914055765],[-122.29377579283653,49.05012500768616],[-122.29767559133758,49.05118245303823]]]},"properties":{"DAUID":"59090885","DGUID":"2021S051259090885","LANDAREA":0.052,"PRUID":"59","CMA":"Abbotsford_Mission"}},
{"type":"Feature","geometry":{"type":"Polygon","coordinates":[[[-122.2957008089534,49.04756169534179],[-122.29362050237829,49.04763859616138],[-122.29294889249985,49.049029914055765],[-122.29908847121425,49.04985120536878],[-122.30008479390372,49.04867570788687],[-122.30006571956599,49.04815850644838],[-122.29836710398313,49.048215746248694],[-122.29731878977341,49.04749938967967],[-122.2957008089534,49.04756169534179]]]},"properties":{"DAUID":"59090886","DGUID":"2021S051259090886","LANDAREA":0.0932,"PRUID":"59","CMA":"Abbotsford_Mission"}},
{"type":"Feature","geometry":{"type":"Polygon","coordinates":[[[-122.29377579283653,49.05012500768616],[-122.29294889249985,49.049029914055765],[-122.28770020539224,49.048964803881134],[-122.28766941701929,49.050124022129346],[-122.28731030363114,49.05281725916295],[-122.29001579846246,49.05293149792102],[-122.29050347889239,49.053890607085634],[-122.29190398598426,49.05490800469007],[-122.29403111375586,49.055427919992866],[-122.29401959063951,49.05285690476327],[-122.29377579283653,49.05012500768616]]]},"properties":{"DAUID":"59090888","DGUID":"2021S051259090888","LANDAREA":0.2561,"PRUID":"59","CMA":"Abbotsford_Mission"}},
{"type":"Feature","geometry":{"type":"Polygon","coordinates":[[[-122.28941159789964,49.06916038515355],[-122.29385223579878,49.06915487558556],[-122.29466322072801,49.0682173446709],[-122.29701905469874,49.06699235838087],[-122.29891304361915,49.06367568083108],[-122.29331470900678,49.063773657686404],[-122.29549688992923,49.06103495919193],[-122.29735019293426,49.05922888478828],[-122.29795268211318,49.05808515832018],[-122.29771578420973,49.05705276617602],[-122.29600539885472,49.055788850310165],[-122.29403111375586,49.055427919992866],[-122.29190398598426,49.05490800469007],[-122.29050347889239,49.053890607085634],[-122.29001579846246,49.05293149792102],[-122.28731030363114,49.05281725916295],[-122.28664358523413,49.05475572042339],[-122.28650619494724,49.058625712098824],[-122.28293073132107,49.05867236896929],[-122.28296415354446,49.060106036057796],[-122.27967958918867,49.06014099731817],[-122.27952278268864,49.06364699419751],[-122.28624074239211,49.06369022937523],[-122.28604159935514,49.06908968277766],[-122.28941159789964,49.06916038515355]]]},"properties":{"DAUID":"59090889","DGUID":"2021S051259090889","LANDAREA":1.454,"PRUID":"59","CMA":"Abbotsford_Mission"}},
{"type":"Feature","geometry":{"type":"Polygon","coordinates":[[[-122.2808965826474,49.0525760968607],[-122.28731030363114,49.05281725916295],[-122.28766941701929,49.050124022129346],[-122.28258348786741,49.05012558900791],[-122.28169098995622,49.05011359110978],[-122.2808965826474,49.0525760968607]]]},"properties":{"DAUID":"59090890","DGUID":"2021S051259090890","LANDAREA":0.136,"PRUID":"59","CMA":"Abbotsford_Mission"}},
{"type":"Feature","geometry":{"type":"Polygon","coordinates":[[[-122.28258348786741,49.05012558900791],[-122.28766941701929,49.050124022129346],[-122.28770020539224,49.048964803881134],[-122.29294889249985,49.049029914055765],[-122.29362050237829,49.04763859616138],[-122.29347090860283,49.04556360421026],[-122.28858729089092,49.04557330346811],[-122.28691471414504,49.0449651800719],[-122.28650570709972,49.04536525085291],[-122.28067978158906,49.04200619322629],[-122.27823879707319,49.0411715014755],[-122.2758781623918,49.04085235850533],[-122.27520331301272,49.040761420814285],[-122.27666828611532,49.04182756996685],[-122.2822461909633,49.04394156540742],[-122.28487955830433,49.04565674570523],[-122.28097076820927,49.045560276397026],[-122.28096757192962,49.046834002692556],[-122.2826306106724,49.04713420211444],[-122.28258348786741,49.05012558900791]]]},"properties":{"DAUID":"59090891","DGUID":"2021S051259090891","LANDAREA":0.4648,"PRUID":"59","CMA":"Abbotsford_Mission"}},
{"type":"Feature","geometry":{"type":"Polygon","coordinates":[[[-122.31554910908883,49.04184230161409],[-122.31564429512916,49.040214210005445],[-122.31118750155962,49.04012019870961],[-122.31116958359117,49.041868493620015],[-122.31554910908883,49.04184230161409]]]},"properties":{"DAUID":"59090892","DGUID":"2021S051259090892","LANDAREA":0.0595,"PRUID":"59","CMA":"Abbotsford_Mission"}},
{"type":"Feature","geometry":{"type":"Polygon","coordinates":[[[-122.30954439062603,49.03820569483255],[-122.30953119280525,49.040065993975404],[-122.31118750155962,49.04012019870961],[-122.31564429512916,49.040214210005445],[-122.31564770425288,49.03813769129516],[-122.30954439062603,49.03820569483255]]]},"properties":{"DAUID":"59090893","DGUID":"2021S051259090893","LANDAREA":0.1004,"PRUID":"59","CMA":"Abbotsford_Mission"}},
{"type":"Feature","geometry":{"type":"Polygon","coordinates":[[[-122.33226389290817,49.053980996915215],[-122.33265172892959,49.051800063610074],[-122.32250058740793,49.05126439924355],[-122.32153897626488,49.051225092770224],[-122.32152290648122,49.05484500934378],[-122.32666405886758,49.055118364481025],[-122.33225321312266,49.054951593798485],[-122.33226389290817,49.053980996915215]]]},"properties":{"DAUID":"59090894","DGUID":"2021S051259090894","LANDAREA":0.3052,"PRUID":"59","CMA":"Abbotsford_Mission"}},
{"type":"Feature","geometry":{"type":"Polygon","coordinates":[[[-122.33250810844113,49.04701811269638],[-122.32879270098154,49.04699660326102],[-122.32883479415061,49.04809419305478],[-122.32814278896224,49.049063996411796],[-122.32406161120807,49.0493750967977],[-122.3224250173651,49.049395695128766],[-122.32250058740793,49.05126439924355],[-122.33265172892959,49.051800063610074],[-122.33228039941744,49.05118160218179],[-122.33250810844113,49.04701811269638]]]},"properties":{"DAUID":"59090895","DGUID":"2021S051259090895","LANDAREA":0.2493,"PRUID":"59","CMA":"Abbotsford_Mission"}},
{"type":"Feature","geometry":{"type":"Polygon","coordinates":[[[-122.31551234814144,49.05675692869263],[-122.31108661059781,49.05672628939245],[-122.31114975864838,49.05827843661221],[-122.31577380401757,49.058311961629705],[-122.31551234814144,49.05675692869263]]]},"properties":{"DAUID":"59090896","DGUID":"2021S051259090896","LANDAREA":0.0564,"PRUID":"59","CMA":"Abbotsford_Mission"}},
{"type":"Feature","geometry":{"type":"Polygon","coordinates":[[[-122.31099697301991,49.054523241868615],[-122.31108661059781,49.05672628939245],[-122.31551234814144,49.05675692869263],[-122.31528065205097,49.05539627046219],[-122.31399749456818,49.05535674792188],[-122.31099697301991,49.054523241868615]]]},"properties":{"DAUID":"59090897","DGUID":"2021S051259090897","LANDAREA":0.0584,"PRUID":"59","CMA":"Abbotsford_Mission"}},
{"type":"Feature","geometry":{"type":"Polygon","coordinates":[[[-122.30999011598456,49.054348197595765],[-122.30905370269927,49.054335906236034],[-122.30836609717636,49.055674393550184],[-122.30924091141463,49.0581051853398],[-122.30805873065941,49.06007217129117],[-122.30803626171237,49.06086680633465],[-122.30916262161152,49.05988599094681],[-122.31085834029224,49.059460584981075],[-122.31114975864838,49.05827843661221],[-122.31108661059781,49.05672628939245],[-122.31099697301991,49.054523241868615],[-122.30999011598456,49.054348197595765]]]},"properties":{"DAUID":"59090898","DGUID":"2021S051259090898","LANDAREA":0.1059,"PRUID":"59","CMA":"Abbotsford_Mission"}},
{"type":"Feature","geometry":{"type":"Polygon","coordinates":[[[-122.32683625125904,49.058749153072945],[-122.3267520235734,49.05695642182268],[-122.32297456254244,49.057394287011775],[-122.32123674082126,49.05738884022614],[-122.32150825151723,49.05997780365051],[-122.32100408746957,49.06016765029242],[-122.32689327071745,49.0601610220474],[-122.32683625125904,49.058749153072945]]]},"properties":{"DAUID":"59090899","DGUID":"2021S051259090899","LANDAREA":0.1303,"PRUID":"59","CMA":"Abbotsford_Mission"}},
{"type":"Feature","geometry":{"type":"Polygon","coordinates":[[[-122.32666405886758,49.055118364481025],[-122.32152290648122,49.05484500934378],[-122.32172468710161,49.05652247520931],[-122.32123674082126,49.05738884022614],[-122.32297456254244,49.057394287011775],[-122.3267520235734,49.05695642182268],[-122.32666405886758,49.055118364481025]]]},"properties":{"DAUID":"59090901","DGUID":"2021S051259090901","LANDAREA":0.0968,"PRUID":"59","CMA":"Abbotsford_Mission"}},
{"type":"Feature","geometry":{"type":"Polygon","coordinates":[[[-122.36532164338043,49.051581316367404],[-122.36366877484882,49.05240614618989],[-122.36388131525783,49.054003076035464],[-122.36502031075564,49.05481304310962],[-122.37041731228044,49.055245273793396],[-122.37025429083133,49.05391280855687],[-122.36946681019555,49.05330744204891],[-122.36532164338043,49.051581316367404]]]},"properties":{"DAUID":"59090902","DGUID":"2021S051259090902","LANDAREA":0.1258,"PRUID":"59","CMA":"Abbotsford_Mission"}},
{"type":"Feature","geometry":{"type":"Polygon","coordinates":[[[-122.3599326007471,49.0542385281211],[-122.36502031075564,49.05481304310962],[-122.36388131525783,49.054003076035464],[-122.36366877484882,49.05240614618989],[-122.36532164338043,49.051581316367404],[-122.3601996301735,49.04926739856879],[-122.36005269087889,49.05098469687704],[-122.35576374771577,49.051708136347095],[-122.35414830737342,49.05239160091342],[-122.35603300162698,49.05325800084772],[-122.35850939065469,49.05352228735616],[-122.35890599586372,49.05238730535961],[-122.36002390673566,49.052403497573465],[-122.3599326007471,49.0542385281211]]]},"properties":{"DAUID":"59090903","DGUID":"2021S051259090903","LANDAREA":0.2124,"PRUID":"59","CMA":"Abbotsford_Mission"}},
{"type":"Feature","geometry":{"type":"Polygon","coordinates":[[[-122.36900639531655,49.060445905324876],[-122.36569028151054,49.06044997967093],[-122.36545310025424,49.0628236108291],[-122.36123829938941,49.06467760437684],[-122.3599028919109,49.06477841693712],[-122.35982101302257,49.06773507271942],[-122.36386141228034,49.06754200546547],[-122.36531177442077,49.066979128852985],[-122.36740980208121,49.06600430661883],[-122.37075931837026,49.06591026823722],[-122.3707552135937,49.06583980803194],[-122.37050240363396,49.06045949804724],[-122.36900639531655,49.060445905324876]]]},"properties":{"DAUID":"59090904","DGUID":"2021S051259090904","LANDAREA":0.3931,"PRUID":"59","CMA":"Abbotsford_Mission"}},
{"type":"Feature","geometry":{"type":"Polygon","coordinates":[[[-122.36002892267152,49.060397025834995],[-122.3599028919109,49.06477841693712],[-122.36123829938941,49.06467760437684],[-122.36545310025424,49.0628236108291],[-122.36569028151054,49.06044997967093],[-122.36002892267152,49.060397025834995]]]},"properties":{"DAUID":"59090905","DGUID":"2021S051259090905","LANDAREA":0.1645,"PRUID":"59","CMA":"Abbotsford_Mission"}},
{"type":"Feature","geometry":{"type":"Polygon","coordinates":[[[-122.37779399807597,49.062742105372436],[-122.37663110228853,49.06273708229462],[-122.37710321423894,49.06572964237886],[-122.38122463018291,49.06556391402701],[-122.38121039018449,49.062751798298784],[-122.37779399807597,49.062742105372436]]]},"properties":{"DAUID":"59090906","DGUID":"2021S051259090906","LANDAREA":0.1032,"PRUID":"59","CMA":"Abbotsford_Mission"}},
{"type":"Feature","geometry":{"type":"Polygon","coordinates":[[[-122.37163991199661,49.060666503986376],[-122.37182380613687,49.0618716850652],[-122.37358279792434,49.06392329849237],[-122.37263726957683,49.06490551313275],[-122.37267611441422,49.06584793212187],[-122.37710321423894,49.06572964237886],[-122.37663110228853,49.06273708229462],[-122.37405409967174,49.06261589133028],[-122.37281320907073,49.061063996133036],[-122.37163991199661,49.060666503986376]]]},"properties":{"DAUID":"59090907","DGUID":"2021S051259090907","LANDAREA":0.116,"PRUID":"59","CMA":"Abbotsford_Mission"}},
{"type":"Feature","geometry":{"type":"Polygon","coordinates":[[[-122.37050240363396,49.06045949804724],[-122.3707552135937,49.06583980803194],[-122.37267611441422,49.06584793212187],[-122.37263726957683,49.06490551313275],[-122.37358279792434,49.06392329849237],[-122.37182380613687,49.0618716850652],[-122.37163991199661,49.060666503986376],[-122.37050240363396,49.06045949804724]]]},"properties":{"DAUID":"59090908","DGUID":"2021S051259090908","LANDAREA":0.084,"PRUID":"59","CMA":"Abbotsford_Mission"}},
{"type":"Feature","geometry":{"type":"Polygon","coordinates":[[[-122.38114740005216,49.07489120835367],[-122.38122463018291,49.06556391402701],[-122.37710321423894,49.06572964237886],[-122.37739437428053,49.06817970612783],[-122.37611338191158,49.069128895664704],[-122.37182600341758,49.0691194124753],[-122.3708320057279,49.067296391487375],[-122.37082714673342,49.069855397529],[-122.36461639467817,49.06986449112688],[-122.359862914772,49.06978759170068],[-122.35997481292985,49.07510329598387],[-122.36145750827758,49.07490750691811],[-122.38114740005216,49.07489120835367]]]},"properties":{"DAUID":"59090909","DGUID":"2021S051259090909","LANDAREA":1.0567,"PRUID":"59","CMA":"Abbotsford_Mission"}},
{"type":"Feature","geometry":{"type":"Polygon","coordinates":[[[-122.37075931837026,49.06591026823722],[-122.36740980208121,49.06600430661883],[-122.36531177442077,49.066979128852985],[-122.36547046441548,49.06871307864283],[-122.36461639467817,49.06986449112688],[-122.37082714673342,49.069855397529],[-122.3708320057279,49.067296391487375],[-122.37075931837026,49.06591026823722]]]},"properties":{"DAUID":"59090910","DGUID":"2021S051259090910","LANDAREA":0.1746,"PRUID":"59","CMA":"Abbotsford_Mission"}},
{"type":"Feature","geometry":{"type":"Polygon","coordinates":[[[-122.359862914772,49.06978759170068],[-122.36461639467817,49.06986449112688],[-122.36547046441548,49.06871307864283],[-122.36531177442077,49.066979128852985],[-122.36386141228034,49.06754200546547],[-122.35982101302257,49.06773507271942],[-122.359862914772,49.06978759170068]]]},"properties":{"DAUID":"59090911","DGUID":"2021S051259090911","LANDAREA":0.0946,"PRUID":"59","CMA":"Abbotsford_Mission"}},
{"type":"Feature","geometry":{"type":"Polygon","coordinates":[[[-122.27952278268864,49.06364699419751],[-122.27967958918867,49.06014099731817],[-122.28296415354446,49.060106036057796],[-122.28293073132107,49.05867236896929],[-122.27937288657775,49.058377846906666],[-122.27643088265029,49.057552809606584],[-122.27315192650285,49.055706317697386],[-122.27178476830406,49.05644317416745],[-122.27191407476946,49.059034144378856],[-122.27348515014998,49.06012904613022],[-122.27681281391055,49.060394137679836],[-122.27788112479725,49.06134262289101],[-122.27824195574723,49.062633464302515],[-122.27952278268864,49.06364699419751]]]},"properties":{"DAUID":"59090912","DGUID":"2021S051259090912","LANDAREA":0.2727,"PRUID":"59","CMA":"Abbotsford_Mission"}},
{"type":"Feature","geometry":{"type":"Polygon","coordinates":[[[-122.26620468811396,49.06555658829807],[-122.26621219172766,49.06409731410264],[-122.27003910194166,49.06235239524413],[-122.27277631787767,49.06154869890733],[-122.27348515014998,49.06012904613022],[-122.27191407476946,49.059034144378856],[-122.27178476830406,49.05644317416745],[-122.27119287378525,49.05684541657059],[-122.26856780285972,49.05893499037625],[-122.26825219342942,49.06202079248403],[-122.2620197976422,49.06327979302129],[-122.26072970902196,49.06410849570857],[-122.2629543137618,49.06410300834667],[-122.26308048602381,49.06541279872309],[-122.26620468811396,49.06555658829807]]]},"properties":{"DAUID":"59090913","DGUID":"2021S051259090913","LANDAREA":0.2604,"PRUID":"59","CMA":"Abbotsford_Mission"}},
{"type":"Feature","geometry":{"type":"Polygon","coordinates":[[[-122.42653992193868,49.045968206349905],[-122.42655921839969,49.029337000646876],[-122.42570200753079,49.028746015039665],[-122.42765869507997,49.026766588011924],[-122.42539760260745,49.0243329902393],[-122.42656130316867,49.02222539410934],[-122.4265179913132,49.01676009060156],[-122.42599310131881,49.01594262418468],[-122.42488848268047,49.01675810754684],[-122.41525668116346,49.0167989980212],[-122.4061180205867,49.017252299956546],[-122.40407322395427,49.01978097918429],[-122.40311901582027,49.02063065366026],[-122.40394439826699,49.021185685085555],[-122.40368700657491,49.0330694257748],[-122.40626683844046,49.034553130034126],[-122.40754677836546,49.03760869713539],[-122.40596607448329,49.03969673839879],[-122.40559089489233,49.04200814788434],[-122.40370795177436,49.0430989351487],[-122.40372098688393,49.04624545972581],[-122.41541142291955,49.04596850514945],[-122.42653992193868,49.045968206349905]]]},"properties":{"DAUID":"59090915","DGUID":"2021S051259090915","LANDAREA":5.1633,"PRUID":"59","CMA":"Abbotsford_Mission"}},
{"type":"Feature","geometry":{"type":"Polygon","coordinates":[[[-122.45351178416246,49.05749671844929],[-122.45976563660314,49.057649023697536],[-122.45976691339892,49.055975167640305],[-122.45773848309389,49.056032088461066],[-122.45620166126254,49.056611808685346],[-122.4539997217516,49.0566411852944],[-122.45351178416246,49.05749671844929]]]},"properties":{"DAUID":"59090916","DGUID":"2021S051259090916","LANDAREA":0.0621,"PRUID":"59","CMA":"Abbotsford_Mission"}},
{"type":"Feature","geometry":{"type":"Polygon","coordinates":[[[-122.45976691339892,49.055975167640305],[-122.45976363290816,49.05412717671945],[-122.45779334503096,49.05223862351595],[-122.45574367565666,49.05315892097522],[-122.45172041802104,49.053152226647896],[-122.45170770254262,49.05391171499204],[-122.45397491793126,49.05409029253697],[-122.4539997217516,49.0566411852944],[-122.45620166126254,49.056611808685346],[-122.45773848309389,49.056032088461066],[-122.45976691339892,49.055975167640305]]]},"properties":{"DAUID":"59090917","DGUID":"2021S051259090917","LANDAREA":0.172,"PRUID":"59","CMA":"Abbotsford_Mission"}},
{"type":"Feature","geometry":{"type":"Polygon","coordinates":[[[-122.4539997217516,49.0566411852944],[-122.45397491793126,49.05409029253697],[-122.45170770254262,49.05391171499204],[-122.45172041802104,49.053152226647896],[-122.4486903419091,49.05316470876679],[-122.4487711110065,49.057383300349294],[-122.45351178416246,49.05749671844929],[-122.4539997217516,49.0566411852944]]]},"properties":{"DAUID":"59090918","DGUID":"2021S051259090918","LANDAREA":0.1658,"PRUID":"59","CMA":"Abbotsford_Mission"}},
{"type":"Feature","geometry":{"type":"Polygon","coordinates":[[[-122.45779334503096,49.05223862351595],[-122.4568268787826,49.05118449488758],[-122.45278514745775,49.05120699743079],[-122.45278230865495,49.05039922458955],[-122.44866297797016,49.05038202325894],[-122.4486903419091,49.05316470876679],[-122.45172041802104,49.053152226647896],[-122.45574367565666,49.05315892097522],[-122.45779334503096,49.05223862351595]]]},"properties":{"DAUID":"59090919","DGUID":"2021S051259090919","LANDAREA":0.156,"PRUID":"59","CMA":"Abbotsford_Mission"}},
{"type":"Feature","geometry":{"type":"Polygon","coordinates":[[[-122.45976363290816,49.05412717671945],[-122.45976042148023,49.05312469710311],[-122.45975573332771,49.04604931491201],[-122.44857761087971,49.04591808588129],[-122.44866297797016,49.05038202325894],[-122.45278230865495,49.05039922458955],[-122.45278514745775,49.05120699743079],[-122.4568268787826,49.05118449488758],[-122.45779334503096,49.05223862351595],[-122.45976363290816,49.05412717671945]]]},"properties":{"DAUID":"59090920","DGUID":"2021S051259090920","LANDAREA":0.4857,"PRUID":"59","CMA":"Abbotsford_Mission"}},
{"type":"Feature","geometry":{"type":"Polygon","coordinates":[[[-122.42644261283161,49.002362581732626],[-122.42640639037803,49.00938401803007],[-122.42649911091293,49.01536489717687],[-122.42599310131881,49.01594262418468],[-122.4265179913132,49.01676009060156],[-122.42656130316867,49.02222539410934],[-122.42539760260745,49.0243329902393],[-122.42765869507997,49.026766588011924],[-122.42570200753079,49.028746015039665],[-122.42655921839969,49.029337000646876],[-122.42653992193868,49.045968206349905],[-122.42651569565471,49.053207695136535],[-122.42608718914315,49.05701100893191],[-122.429767417268,49.05691081043822],[-122.4487711110065,49.057383300349294],[-122.4486903419091,49.05316470876679],[-122.44866297797016,49.05038202325894],[-122.44857761087971,49.04591808588129],[-122.45975573332771,49.04604931491201],[-122.45975269358956,49.028336997991374],[-122.45939362480901,49.0260959913929],[-122.45985401288104,49.025507988182724],[-122.45968740624268,49.01664273502248],[-122.45915453446973,49.00225644694133],[-122.44898979595256,49.00229669282723],[-122.42688267856069,49.00229957999032],[-122.42644261283161,49.002362581732626]]]},"properties":{"DAUID":"59090922","DGUID":"2021S051259090922","LANDAREA":13.7787,"PRUID":"59","CMA":"Abbotsford_Mission"}},
{"type":"Feature","geometry":{"type":"Polygon","coordinates":[[[-122.42619478316335,49.08939749316468],[-122.46021040385017,49.08934813334877],[-122.46022265593271,49.0885081518899],[-122.46021857926291,49.088214499667515],[-122.4595581739752,49.08042295909544],[-122.45999119605072,49.07499558817637],[-122.4597769002276,49.06605490117866],[-122.4597929514382,49.061308267653594],[-122.45979570360034,49.06049479068854],[-122.44880470962673,49.06053299709233],[-122.4487711110065,49.057383300349294],[-122.429767417268,49.05691081043822],[-122.42608718914315,49.05701100893191],[-122.42587459144077,49.05848048644772],[-122.4256871163076,49.0723767054168],[-122.42687860930556,49.073795488020224],[-122.4269171018767,49.07482710664724],[-122.42570999837002,49.07673398922802],[-122.42575712613775,49.082042109264734],[-122.42619478316335,49.08939749316468]]]},"properties":{"DAUID":"59090923","DGUID":"2021S051259090923","LANDAREA":8.5876,"PRUID":"59","CMA":"Abbotsford_Mission"}},
{"type":"Feature","geometry":{"type":"Polygon","coordinates":[[[-122.45351178416246,49.05749671844929],[-122.4487711110065,49.057383300349294],[-122.44880470962673,49.06053299709233],[-122.45979570360034,49.06049479068854],[-122.45976563660314,49.057649023697536],[-122.45351178416246,49.05749671844929]]]},"properties":{"DAUID":"59090924","DGUID":"2021S051259090924","LANDAREA":0.2656,"PRUID":"59","CMA":"Abbotsford_Mission"}},
{"type":"Feature","geometry":{"type":"Polygon","coordinates":[[[-122.28730957475322,49.03416419395544],[-122.29284565641996,49.03438248703365],[-122.29316381643876,49.03341523219926],[-122.29306542111163,49.031224105063664],[-122.29322391553039,49.029431882599106],[-122.28886404440972,49.029508106186064],[-122.28772738776046,49.03042120756272],[-122.28749368750937,49.03134160627725],[-122.28730957475322,49.03416419395544]]]},"properties":{"DAUID":"59090925","DGUID":"2021S051259090925","LANDAREA":0.2063,"PRUID":"59","CMA":"Abbotsford_Mission"}},
{"type":"Feature","geometry":{"type":"Polygon","coordinates":[[[-122.28749368750937,49.03134160627725],[-122.28772738776046,49.03042120756272],[-122.28886404440972,49.029508106186064],[-122.29322391553039,49.029431882599106],[-122.29347450617247,49.02699285044898],[-122.29376148311901,49.0240682089448],[-122.28217662115071,49.02404600618726],[-122.2819443374918,49.03146946692757],[-122.28749368750937,49.03134160627725]]]},"properties":{"DAUID":"59090926","DGUID":"2021S051259090926","LANDAREA":0.6009,"PRUID":"59","CMA":"Abbotsford_Mission"}},
{"type":"Feature","geometry":{"type":"Polygon","coordinates":[[[-122.288901109049,49.03883249112305],[-122.29333410489791,49.039043394315456],[-122.29328857534537,49.0375635496947],[-122.28774581288275,49.03767923980464],[-122.28777368531188,49.03878360140247],[-122.288901109049,49.03883249112305]]]},"properties":{"DAUID":"59090927","DGUID":"2021S051259090927","LANDAREA":0.0583,"PRUID":"59","CMA":"Abbotsford_Mission"}},
{"type":"Feature","geometry":{"type":"Polygon","coordinates":[[[-122.28774581288275,49.03767923980464],[-122.29328857534537,49.0375635496947],[-122.29322960437996,49.03621168418725],[-122.2924155157669,49.03491917518347],[-122.29284565641996,49.03438248703365],[-122.28730957475322,49.03416419395544],[-122.28769248598635,49.03550909808293],[-122.28773551176647,49.0372704047811],[-122.28774581288275,49.03767923980464]]]},"properties":{"DAUID":"59090928","DGUID":"2021S051259090928","LANDAREA":0.1452,"PRUID":"59","CMA":"Abbotsford_Mission"}},
{"type":"Feature","geometry":{"type":"Polygon","coordinates":[[[-122.24957011236381,49.07329800290488],[-122.24758498767535,49.07329889639306],[-122.24506864875669,49.071604496541376],[-122.24291361791755,49.07152368399842],[-122.24303248019201,49.07474197469409],[-122.24399446373754,49.07474051525303],[-122.24473102505112,49.07513147895401],[-122.24940430103473,49.075135789523806],[-122.24939374791147,49.07484875784657],[-122.24957011236381,49.07329800290488]]]},"properties":{"DAUID":"59090929","DGUID":"2021S051259090929","LANDAREA":0.1394,"PRUID":"59","CMA":"Abbotsford_Mission"}},
{"type":"Feature","geometry":{"type":"Polygon","coordinates":[[[-122.2445251741346,49.064269539583165],[-122.24366881681217,49.065163666029406],[-122.24178291294932,49.06585677577857],[-122.23859874461496,49.06704890957108],[-122.23755181589078,49.06913082767927],[-122.23540424788042,49.070687326908406],[-122.23597913282616,49.07114552549871],[-122.23832679463958,49.07110636580077],[-122.23880917087662,49.071646501515666],[-122.23882889332339,49.074744863481726],[-122.24206661685068,49.074746103614366],[-122.24304076592091,49.07545324362892],[-122.24399446373754,49.07474051525303],[-122.24303248019201,49.07474197469409],[-122.24291361791755,49.07152368399842],[-122.24113888783036,49.07120915680914],[-122.24140480369213,49.06782870256699],[-122.24183128638721,49.06727570253662],[-122.2448919953243,49.06581500119646],[-122.2445251741346,49.064269539583165]]]},"properties":{"DAUID":"59090930","DGUID":"2021S051259090930","LANDAREA":0.3189,"PRUID":"59","CMA":"Abbotsford_Mission"}},
{"type":"Feature","geometry":{"type":"Polygon","coordinates":[[[-122.26100248440797,49.07476126295978],[-122.25593949795977,49.074733590641564],[-122.25485298651931,49.0744721935506],[-122.25261046317026,49.07481431137234],[-122.24939374791147,49.07484875784657],[-122.24940430103473,49.075135789523806],[-122.24938019591706,49.07747527116551],[-122.24978187028752,49.07831869050687],[-122.2498667175206,49.08086015921735],[-122.25231042709845,49.080866950630295],[-122.25303062232865,49.08247262718212],[-122.25535407135855,49.081946020003485],[-122.28505759882913,49.0818568290436],[-122.28476826906444,49.080686382357406],[-122.28472411216478,49.07918951431155],[-122.28544236893158,49.07471593499216],[-122.28187746177692,49.07478639477464],[-122.26100248440797,49.07476126295978]]]},"properties":{"DAUID":"59090931","DGUID":"2021S051259090931","LANDAREA":2.0385,"PRUID":"59","CMA":"Abbotsford_Mission"}},
{"type":"Feature","geometry":{"type":"Polygon","coordinates":[[[-122.21273984312927,49.07919885457715],[-122.21406118493381,49.08157228884904],[-122.21664967288501,49.08311495795588],[-122.2208542922274,49.081753814404884],[-122.2219714440592,49.08055801365125],[-122.2237661622782,49.07969977001907],[-122.22272220294599,49.07927561944778],[-122.22397426792575,49.075270858515914],[-122.22509158261981,49.075068744096576],[-122.22509769996513,49.07116389420037],[-122.22363487421225,49.07144160079308],[-122.22221091157238,49.07237330900987],[-122.22059658022067,49.07573422127613],[-122.21793387651962,49.07745258056925],[-122.21273984312927,49.07919885457715]]]},"properties":{"DAUID":"59090939","DGUID":"2021S051259090939","LANDAREA":0.497,"PRUID":"59","CMA":"Abbotsford_Mission"}},
{"type":"Feature","geometry":{"type":"Polygon","coordinates":[[[-122.20542474359308,49.079832295385366],[-122.20511479783069,49.08049387987192],[-122.20556002384579,49.082373109829966],[-122.21088824395083,49.08244512201854],[-122.21318478101719,49.08340846494023],[-122.21664967288501,49.08311495795588],[-122.21406118493381,49.08157228884904],[-122.21273984312927,49.07919885457715],[-122.20861449431723,49.07977094132287],[-122.20542474359308,49.079832295385366]]]},"properties":{"DAUID":"59090941","DGUID":"2021S051259090941","LANDAREA":0.2263,"PRUID":"59","CMA":"Abbotsford_Mission"}},
{"type":"Feature","geometry":{"type":"Polygon","coordinates":[[[-122.09552475168039,49.13293125435389],[-122.10011079854323,49.132814858229345],[-122.10018754043062,49.13138285092077],[-122.10267570565013,49.13138610142801],[-122.10278727580757,49.12999856154476],[-122.10532003498605,49.129939472297735],[-122.10600133010374,49.12414507612107],[-122.10872467995992,49.12408180314456],[-122.10894069885018,49.1220696290111],[-122.11185427615283,49.12197044349119],[-122.11210687742314,49.118339238835674],[-122.11540009219638,49.11828786744611],[-122.11584569832344,49.110945293619444],[-122.11576510281228,49.10778288245251],[-122.12122198231302,49.10648729817314],[-122.12355534924396,49.10521032124806],[-122.12472816604654,49.10407427984941],[-122.12523458987701,49.102449340623544],[-122.12851256789334,49.09883231785972],[-122.12969071724177,49.09801395414036],[-122.13201710021357,49.097076480758716],[-122.13410419940773,49.09689643120603],[-122.14714747146566,49.0967920739984],[-122.15282086606992,49.096869381462014],[-122.16120207639153,49.09684455524906],[-122.16121169124406,49.09658738728249],[-122.16110594901913,49.089513205172956],[-122.16632427817432,49.08942078484026],[-122.17733305309753,49.08953492701753],[-122.18626849552766,49.08970914772681],[-122.1896501986953,49.08960376807042],[-122.19468622380037,49.089683065396116],[-122.19633662428924,49.089060904041375],[-122.19989601993224,49.08952940295324],[-122.20556593092932,49.08966038938661],[-122.20556002384579,49.082373109829966],[-122.20511479783069,49.08049387987192],[-122.20542474359308,49.079832295385366],[-122.20556859588558,49.077310404148335],[-122.19958480993468,49.074065097624874],[-122.19745639491605,49.07353901557069],[-122.19336869868799,49.07053889353394],[-122.1926303016632,49.06851851054891],[-122.1929281138946,49.06713609469644],[-122.19147708803406,49.06224769746724],[-122.19186169651398,49.06126061165722],[-122.19291879700052,49.06080219078043],[-122.19150423996214,49.06079573710423],[-122.19156351016578,49.05775100730419],[-122.18289554379145,49.05754769679775],[-122.18331706808004,49.05564883279175],[-122.18082655389588,49.0567762476688],[-122.18132340185494,49.057713696269815],[-122.17908948971542,49.059073105614154],[-122.17413910675027,49.060233197550495],[-122.17288429320209,49.06116751219082],[-122.17070760803932,49.06672039189754],[-122.16892230173161,49.07083209362834],[-122.1670179805108,49.07291860193542],[-122.16330535308798,49.0753428521034],[-122.15952551760294,49.07836340807451],[-122.15917589471523,49.078930213856346],[-122.15550549300904,49.080449795318835],[-122.15323271455854,49.081864104007444],[-122.15103251530715,49.082661600675266],[-122.14487959626678,49.083205703190586],[-122.14300359211519,49.08410150716046],[-122.14083159018715,49.084514496828774],[-122.13752109562452,49.08472099895639],[-122.136919401968,49.0855470940867],[-122.13912478930261,49.08853360978297],[-122.13910821063762,49.089173086360134],[-122.1366674880958,49.09071549091952],[-122.13302959409528,49.092149710255285],[-122.13148350875214,49.093306204530336],[-122.13145149222859,49.095201811000514],[-122.13019761168007,49.09599080363639],[-122.12691080967247,49.09596940545192],[-122.12503779335596,49.09683390581208],[-122.12458338309864,49.10014379851783],[-122.12375530227979,49.10110938842029],[-122.12024819238549,49.10297799558565],[-122.11863158341558,49.10439929547894],[-122.11676652402765,49.10525390569045],[-122.11407278162041,49.10525100284091],[-122.11410498786586,49.11110450003409],[-122.11324729493708,49.11393731386],[-122.11151511215654,49.115696087840725],[-122.10989707980364,49.11617259288159],[-122.10807080661067,49.11797489174527],[-122.10533998894947,49.12160950907272],[-122.10431430236802,49.123772907568416],[-122.10227569952268,49.125604391737895],[-122.0989714159798,49.1269943962177],[-122.0979705241316,49.128236302855136],[-122.09552475168039,49.13293125435389]]]},"properties":{"DAUID":"59090942","DGUID":"2021S051259090942","LANDAREA":12.1986,"PRUID":"59","CMA":"Abbotsford_Mission"}},
{"type":"Feature","geometry":{"type":"Polygon","coordinates":[[[-122.24399446373754,49.07474051525303],[-122.24304076592091,49.07545324362892],[-122.24206661685068,49.074746103614366],[-122.23882889332339,49.074744863481726],[-122.23887525674739,49.077572427042064],[-122.23925050862603,49.078015390581726],[-122.24323510377532,49.07817921076016],[-122.2466962921234,49.07968939983673],[-122.24806223048192,49.0813445046629],[-122.25046808285875,49.08237869646617],[-122.25303062232865,49.08247262718212],[-122.25231042709845,49.080866950630295],[-122.2498667175206,49.08086015921735],[-122.24978187028752,49.07831869050687],[-122.24938019591706,49.07747527116551],[-122.24940430103473,49.075135789523806],[-122.24473102505112,49.07513147895401],[-122.24399446373754,49.07474051525303]]]},"properties":{"DAUID":"59090943","DGUID":"2021S051259090943","LANDAREA":0.4006,"PRUID":"59","CMA":"Abbotsford_Mission"}},
{"type":"Feature","geometry":{"type":"Polygon","coordinates":[[[-122.22509769996513,49.07116389420037],[-122.22509158261981,49.075068744096576],[-122.22397426792575,49.075270858515914],[-122.22272220294599,49.07927561944778],[-122.2237661622782,49.07969977001907],[-122.22511529047179,49.08046137711881],[-122.22547557929633,49.08131938796531],[-122.22791998826226,49.08170110617715],[-122.22793225922274,49.08492478278495],[-122.23051699531645,49.083630400614375],[-122.23316479320611,49.084312904095434],[-122.23493411872052,49.08424331272394],[-122.23768201822229,49.08311080102414],[-122.23888000692936,49.08184110692509],[-122.2392091065067,49.080817592475576],[-122.23925050862603,49.078015390581726],[-122.23887525674739,49.077572427042064],[-122.23882889332339,49.074744863481726],[-122.23880917087662,49.071646501515666],[-122.23832679463958,49.07110636580077],[-122.23597913282616,49.07114552549871],[-122.23540424788042,49.070687326908406],[-122.23377425986429,49.07115669344018],[-122.22815616188817,49.07115611204422],[-122.22509769996513,49.07116389420037]]]},"properties":{"DAUID":"59090944","DGUID":"2021S051259090944","LANDAREA":1.4356,"PRUID":"59","CMA":"Abbotsford_Mission"}},
{"type":"Feature","geometry":{"type":"Polygon","coordinates":[[[-122.21648571402804,49.08941483343011],[-122.21851419266005,49.089375002964],[-122.21958901064615,49.08893950364077],[-122.22171271715453,49.087205809197584],[-122.22376049870638,49.086641290011315],[-122.22664738978575,49.08506679543745],[-122.22793225922274,49.08492478278495],[-122.22791998826226,49.08170110617715],[-122.22547557929633,49.08131938796531],[-122.22511529047179,49.08046137711881],[-122.2237661622782,49.07969977001907],[-122.2219714440592,49.08055801365125],[-122.2208542922274,49.081753814404884],[-122.21664967288501,49.08311495795588],[-122.21318478101719,49.08340846494023],[-122.21088824395083,49.08244512201854],[-122.20556002384579,49.082373109829966],[-122.20556593092932,49.08966038938661],[-122.21648571402804,49.08941483343011]]]},"properties":{"DAUID":"59090945","DGUID":"2021S051259090945","LANDAREA":1.1407,"PRUID":"59","CMA":"Abbotsford_Mission"}},
{"type":"Feature","geometry":{"type":"Polygon","coordinates":[[[-122.28890499786745,49.11099429598568],[-122.28995729386102,49.10930891389035],[-122.2904448205287,49.1073001914539],[-122.28988722603114,49.1037779085178],[-122.2883321734416,49.09648100823069],[-122.28600055124542,49.08481473297959],[-122.28505759882913,49.0818568290436],[-122.25535407135855,49.081946020003485],[-122.25303062232865,49.08247262718212],[-122.25046808285875,49.08237869646617],[-122.24806223048192,49.0813445046629],[-122.2466962921234,49.07968939983673],[-122.24323510377532,49.07817921076016],[-122.23925050862603,49.078015390581726],[-122.2392091065067,49.080817592475576],[-122.23888000692936,49.08184110692509],[-122.23768201822229,49.08311080102414],[-122.23493411872052,49.08424331272394],[-122.23316479320611,49.084312904095434],[-122.23051699531645,49.083630400614375],[-122.22793225922274,49.08492478278495],[-122.22664738978575,49.08506679543745],[-122.22376049870638,49.086641290011315],[-122.22171271715453,49.087205809197584],[-122.21958901064615,49.08893950364077],[-122.21851419266005,49.089375002964],[-122.21648571402804,49.08941483343011],[-122.21647657650605,49.09950893828242],[-122.21666225598958,49.10747378558567],[-122.21670183748192,49.12665497475488],[-122.21974171850333,49.12586819548295],[-122.22136939835035,49.12641400285649],[-122.24706597845999,49.119867890549315],[-122.24729789416511,49.11828409543925],[-122.24724699721695,49.111100317503585],[-122.26351341656255,49.111054001006785],[-122.27189817465631,49.11108639922925],[-122.28890499786745,49.11099429598568]]]},"properties":{"DAUID":"59090946","DGUID":"2021S051259090946","LANDAREA":19.607,"PRUID":"59","CMA":"Abbotsford_Mission"}},
{"type":"Feature","geometry":{"type":"Polygon","coordinates":[[[-122.24659800259114,49.063123202099646],[-122.24607368087948,49.062378201474736],[-122.2436489202839,49.06204998876318],[-122.24360229233099,49.06038771540212],[-122.24089847026282,49.06014055978109],[-122.23756349382764,49.060133934520714],[-122.23867048819963,49.062431012317646],[-122.23966779903392,49.063810141930176],[-122.24178291294932,49.06585677577857],[-122.24366881681217,49.065163666029406],[-122.2445251741346,49.064269539583165],[-122.24659800259114,49.063123202099646]]]},"properties":{"DAUID":"59090947","DGUID":"2021S051259090947","LANDAREA":0.2288,"PRUID":"59","CMA":"Abbotsford_Mission"}},
{"type":"Feature","geometry":{"type":"Polygon","coordinates":[[[-122.26039957341928,49.05271520068987],[-122.25652258181715,49.052850274917056],[-122.25439003289084,49.05267002874877],[-122.24946380555556,49.05276066013204],[-122.24949884826276,49.05402678267874],[-122.24663068584314,49.05545806249139],[-122.24333482294037,49.05544039632849],[-122.24091319761376,49.05464299964596],[-122.24089847026282,49.06014055978109],[-122.24360229233099,49.06038771540212],[-122.24865861317453,49.060343600167144],[-122.24993589522083,49.05996450608694],[-122.25111950437966,49.05841908962207],[-122.25167690723003,49.057189999161615],[-122.25453959621498,49.0560682923701],[-122.25765040926146,49.055569994460214],[-122.260490583891,49.05549320634208],[-122.26039957341928,49.05271520068987]]]},"properties":{"DAUID":"59090949","DGUID":"2021S051259090949","LANDAREA":0.7002,"PRUID":"59","CMA":"Abbotsford_Mission"}},
{"type":"Feature","geometry":{"type":"Polygon","coordinates":[[[-122.25382780160366,49.04742381213467],[-122.25254018799174,49.04693248826398],[-122.25034089629749,49.04535818790181],[-122.24705581053934,49.044188607268545],[-122.24340510027804,49.04402568433819],[-122.24157472153455,49.04344771057079],[-122.24052739432108,49.0445244967207],[-122.24218368410075,49.04543088882469],[-122.2450434073892,49.04624230519603],[-122.2451355025589,49.047221912638115],[-122.24392373904882,49.047997218287385],[-122.24466391053272,49.048659599972325],[-122.24942020991313,49.049939649493304],[-122.24946380555556,49.05276066013204],[-122.25439003289084,49.05267002874877],[-122.25652258181715,49.052850274917056],[-122.26039957341928,49.05271520068987],[-122.26031230897674,49.04999029708191],[-122.25737559622445,49.04997809411347],[-122.25735761933484,49.05228090988388],[-122.25621808227805,49.05220958972641],[-122.255961515806,49.05106020940856],[-122.25382780160366,49.04742381213467]]]},"properties":{"DAUID":"59090955","DGUID":"2021S051259090955","LANDAREA":0.6062,"PRUID":"59","CMA":"Abbotsford_Mission"}},
{"type":"Feature","geometry":{"type":"Polygon","coordinates":[[[-122.22513280938203,49.0520631080631],[-122.22587212416714,49.05315656378067],[-122.22765587910716,49.05376411219458],[-122.23209242982259,49.05579695859099],[-122.23502024575936,49.05671982718709],[-122.23756349382764,49.060133934520714],[-122.24089847026282,49.06014055978109],[-122.24091319761376,49.05464299964596],[-122.24333482294037,49.05544039632849],[-122.24663068584314,49.05545806249139],[-122.24949884826276,49.05402678267874],[-122.24946380555556,49.05276066013204],[-122.24942020991313,49.049939649493304],[-122.24466391053272,49.048659599972325],[-122.24392373904882,49.047997218287385],[-122.24226420781464,49.04858915903149],[-122.23903405241107,49.04814514045651],[-122.23511344250635,49.048796560605695],[-122.2339170094522,49.04953173585907],[-122.2333439316913,49.05112002431733],[-122.23132116109795,49.051006649808976],[-122.2295285920403,49.05105821859304],[-122.22513280938203,49.0520631080631]]]},"properties":{"DAUID":"59090956","DGUID":"2021S051259090956","LANDAREA":1.2611,"PRUID":"59","CMA":"Abbotsford_Mission"}},
{"type":"Feature","geometry":{"type":"Polygon","coordinates":[[[-122.24991800802572,49.03849159078079],[-122.24983963724706,49.03743376733919],[-122.24688373784072,49.037404583977505],[-122.24652867868465,49.03675206382962],[-122.24426779886423,49.03756461001205],[-122.24334969040157,49.03695641499215],[-122.24040542103461,49.03923611074445],[-122.24445591719575,49.040544600056606],[-122.24631899159871,49.04249943594591],[-122.24847459009287,49.04112779387813],[-122.24803141376302,49.03975091019476],[-122.24845657282926,49.03890478824118],[-122.24991800802572,49.03849159078079]]]},"properties":{"DAUID":"59090957","DGUID":"2021S051259090957","LANDAREA":0.2249,"PRUID":"59","CMA":"Abbotsford_Mission"}},
{"type":"Feature","geometry":{"type":"Polygon","coordinates":[[[-122.26015374544674,49.03365346836318],[-122.25480530686681,49.033642310073155],[-122.2545359984972,49.034049492814134],[-122.25448279329679,49.03842288360926],[-122.26068970546612,49.03829589194819],[-122.26880345156141,49.03815096008852],[-122.26767510142177,49.03642310200504],[-122.26644307750479,49.036572306413774],[-122.26269220571444,49.03430500500732],[-122.26015374544674,49.03365346836318]]]},"properties":{"DAUID":"59090959","DGUID":"2021S051259090959","LANDAREA":0.4167,"PRUID":"59","CMA":"Abbotsford_Mission"}},
{"type":"Feature","geometry":{"type":"Polygon","coordinates":[[[-122.25901256944334,49.03351040298713],[-122.25233737645955,49.03363099422355],[-122.24144108516126,49.03365289535807],[-122.23492062156623,49.034231209856095],[-122.23029620882835,49.03505114342308],[-122.23336081112888,49.03848600704814],[-122.2362085251513,49.03815136160011],[-122.24040542103461,49.03923611074445],[-122.24334969040157,49.03695641499215],[-122.24426779886423,49.03756461001205],[-122.24652867868465,49.03675206382962],[-122.24688373784072,49.037404583977505],[-122.24983963724706,49.03743376733919],[-122.24991800802572,49.03849159078079],[-122.25250298959065,49.03846200990118],[-122.25448279329679,49.03842288360926],[-122.2545359984972,49.034049492814134],[-122.25480530686681,49.033642310073155],[-122.26015374544674,49.03365346836318],[-122.25901256944334,49.03351040298713]]]},"properties":{"DAUID":"59090961","DGUID":"2021S051259090961","LANDAREA":0.7959,"PRUID":"59","CMA":"Abbotsford_Mission"}},
{"type":"Feature","geometry":{"type":"Polygon","coordinates":[[[-122.24058565452475,49.04136629416862],[-122.24224091332832,49.04141189712991],[-122.244860010508,49.04260980224604],[-122.24631899159871,49.04249943594591],[-122.24445591719575,49.040544600056606],[-122.24040542103461,49.03923611074445],[-122.2362085251513,49.03815136160011],[-122.23336081112888,49.03848600704814],[-122.23144706791433,49.038791897864186],[-122.23206716422233,49.04052375346878],[-122.23261231444607,49.04028268980378],[-122.23672448631775,49.04018089842054],[-122.23835631109104,49.04120189970149],[-122.24058565452475,49.04136629416862]]]},"properties":{"DAUID":"59090962","DGUID":"2021S051259090962","LANDAREA":0.2112,"PRUID":"59","CMA":"Abbotsford_Mission"}},
{"type":"Feature","geometry":{"type":"Polygon","coordinates":[[[-122.23186670739219,49.042651998514486],[-122.23304700931868,49.041082397006136],[-122.23206716422233,49.04052375346878],[-122.23144706791433,49.038791897864186],[-122.23011828194043,49.03937108482244],[-122.2264059182347,49.04151259058876],[-122.2235230439948,49.042463338592206],[-122.2234141647919,49.04495508281772],[-122.22504042892747,49.044639926911145],[-122.22590160753592,49.04326376428366],[-122.22820200901266,49.04383150543705],[-122.22955167576903,49.04370310301551],[-122.23064399223907,49.04268210708141],[-122.23186670739219,49.042651998514486]]]},"properties":{"DAUID":"59090963","DGUID":"2021S051259090963","LANDAREA":0.2054,"PRUID":"59","CMA":"Abbotsford_Mission"}},
{"type":"Feature","geometry":{"type":"Polygon","coordinates":[[[-122.2245851708928,49.037012940301715],[-122.22493201159186,49.03771213284116],[-122.22679820484186,49.03871705602573],[-122.22903237279621,49.03850529735212],[-122.23011828194043,49.03937108482244],[-122.23144706791433,49.038791897864186],[-122.23336081112888,49.03848600704814],[-122.23029620882835,49.03505114342308],[-122.22762392804043,49.035794327963345],[-122.2245851708928,49.037012940301715]]]},"properties":{"DAUID":"59090964","DGUID":"2021S051259090964","LANDAREA":0.1598,"PRUID":"59","CMA":"Abbotsford_Mission"}},
{"type":"Feature","geometry":{"type":"Polygon","coordinates":[[[-122.2235230439948,49.042463338592206],[-122.2264059182347,49.04151259058876],[-122.23011828194043,49.03937108482244],[-122.22903237279621,49.03850529735212],[-122.22679820484186,49.03871705602573],[-122.22493201159186,49.03771213284116],[-122.2245851708928,49.037012940301715],[-122.21991700588416,49.03906993945037],[-122.22195844236695,49.04111614638489],[-122.2235230439948,49.042463338592206]]]},"properties":{"DAUID":"59090965","DGUID":"2021S051259090965","LANDAREA":0.2372,"PRUID":"59","CMA":"Abbotsford_Mission"}},
{"type":"Feature","geometry":{"type":"Polygon","coordinates":[[[-122.230118700821,49.04878709715105],[-122.23198119558513,49.04878310857013],[-122.23132116109795,49.051006649808976],[-122.2333439316913,49.05112002431733],[-122.2339170094522,49.04953173585907],[-122.23511344250635,49.048796560605695],[-122.23903405241107,49.04814514045651],[-122.24226420781464,49.04858915903149],[-122.24392373904882,49.047997218287385],[-122.2451355025589,49.047221912638115],[-122.2450434073892,49.04624230519603],[-122.24218368410075,49.04543088882469],[-122.24052739432108,49.0445244967207],[-122.24157472153455,49.04344771057079],[-122.24340510027804,49.04402568433819],[-122.24705581053934,49.044188607268545],[-122.25034089629749,49.04535818790181],[-122.24929885096624,49.04465557756338],[-122.24631899159871,49.04249943594591],[-122.244860010508,49.04260980224604],[-122.24224091332832,49.04141189712991],[-122.24058565452475,49.04136629416862],[-122.23980891761664,49.04171145438333],[-122.23689554851876,49.04420278831853],[-122.2323433056651,49.04591260775946],[-122.23079242952394,49.048036405699804],[-122.230118700821,49.04878709715105]]]},"properties":{"DAUID":"59090966","DGUID":"2021S051259090966","LANDAREA":0.5847,"PRUID":"59","CMA":"Abbotsford_Mission"}},
{"type":"Feature","geometry":{"type":"Polygon","coordinates":[[[-122.35114579224869,49.060296509335906],[-122.34896586543863,49.06025843284271],[-122.34904510044369,49.0624055526921],[-122.34796514431997,49.06325722089322],[-122.34931641320676,49.06573178390121],[-122.35074679986917,49.065199598366064],[-122.35440882181616,49.06523919986083],[-122.35438300300913,49.060356891524165],[-122.35114579224869,49.060296509335906]]]},"properties":{"DAUID":"59090967","DGUID":"2021S051259090967","LANDAREA":0.2243,"PRUID":"59","CMA":"Abbotsford_Mission"}},
{"type":"Feature","geometry":{"type":"Polygon","coordinates":[[[-122.343437288115,49.06560014362526],[-122.34512430538373,49.06717278765626],[-122.34872979860562,49.06750010332803],[-122.34931641320676,49.06573178390121],[-122.34796514431997,49.06325722089322],[-122.34904510044369,49.0624055526921],[-122.34896586543863,49.06025843284271],[-122.34424665247754,49.05995715681811],[-122.34363664141493,49.062622318092544],[-122.343437288115,49.06560014362526]]]},"properties":{"DAUID":"59090968","DGUID":"2021S051259090968","LANDAREA":0.2928,"PRUID":"59","CMA":"Abbotsford_Mission"}},
{"type":"Feature","geometry":{"type":"Polygon","coordinates":[[[-122.41069870669241,49.18737381049649],[-122.41347068905603,49.19072739081297],[-122.41577493947644,49.19137830613445],[-122.4237887861941,49.19110276023236],[-122.42458299238392,49.18450265379895],[-122.4219465221723,49.184257662173145],[-122.42190062430535,49.18348437723461],[-122.4190286121508,49.18211688473787],[-122.41503901139737,49.185257199148715],[-122.41069870669241,49.18737381049649]]]},"properties":{"DAUID":"59090969","DGUID":"2021S051259090969","LANDAREA":0.4799,"PRUID":"59","CMA":"Abbotsford_Mission"}},
{"type":"Feature","geometry":{"type":"Polygon","coordinates":[[[-122.4190286121508,49.18211688473787],[-122.42190062430535,49.18348437723461],[-122.4219465221723,49.184257662173145],[-122.42458299238392,49.18450265379895],[-122.42483751123913,49.1820448513204],[-122.42517548359481,49.1799621509585],[-122.42478633383287,49.17896164558156],[-122.42192390879934,49.176691638146515],[-122.42141489222483,49.17862921120242],[-122.4190286121508,49.18211688473787]]]},"properties":{"DAUID":"59090970","DGUID":"2021S051259090970","LANDAREA":0.1117,"PRUID":"59","CMA":"Abbotsford_Mission"}},
{"type":"Feature","geometry":{"type":"Polygon","coordinates":[[[-122.42449880812165,49.220377009235705],[-122.42397877424536,49.2191875349293],[-122.42431050791441,49.19831718446891],[-122.4237887861941,49.19110276023236],[-122.41577493947644,49.19137830613445],[-122.41347068905603,49.19072739081297],[-122.41069870669241,49.18737381049649],[-122.41028970940772,49.18916009467641],[-122.41109016821423,49.19113197099687],[-122.40608257663308,49.19279928213435],[-122.40730030427935,49.193558502209015],[-122.40721050570708,49.195678003408794],[-122.40801451453584,49.196639396384406],[-122.40724416213243,49.198320011701355],[-122.40467962433665,49.198309365722814],[-122.40327378470073,49.1990145998738],[-122.40201088532733,49.20154819852066],[-122.40088759461598,49.202025522145725],[-122.39764346413237,49.20172874980158],[-122.39674928474699,49.20299374717239],[-122.39361277922822,49.20412430588688],[-122.39079485165887,49.20472074176485],[-122.38934994461519,49.20634565647719],[-122.38814304945338,49.20695073091398],[-122.38849582370527,49.20822303261783],[-122.38737706886944,49.20827587101917],[-122.38579417101998,49.20742983962343],[-122.3836107301979,49.20894083331931],[-122.38132427682427,49.209591180114614],[-122.37863313200053,49.20976756420809],[-122.37663473186659,49.21028477541629],[-122.37403905498725,49.210459282139865],[-122.37271020489332,49.21091048519139],[-122.37122386804013,49.21219766246659],[-122.36826698646617,49.21413900692849],[-122.36779645388333,49.21524934054977],[-122.36600014457477,49.215990064280824],[-122.36390647133932,49.21815236657156],[-122.35959968512971,49.220375858166484],[-122.35965223840873,49.22183726313978],[-122.35874832185199,49.223063802338075],[-122.35908891464726,49.22528609193872],[-122.357819999318,49.227928893217594],[-122.35764708867148,49.22909920966144],[-122.35877782541903,49.22767649692413],[-122.36059080200263,49.22665890186164],[-122.3800307111142,49.2201082995742],[-122.38008798911437,49.23442877484431],[-122.3910601988031,49.23446320268189],[-122.39478731541163,49.233164018614566],[-122.39469396253119,49.22870804006384],[-122.39115820240825,49.2286988042766],[-122.39113540487291,49.22717224493421],[-122.39325134523202,49.227636927296714],[-122.40216328875167,49.22713810047542],[-122.4021469917281,49.21994228558686],[-122.40410041448426,49.219807394746034],[-122.40557750244837,49.219138410677644],[-122.40748870193184,49.21883891112415],[-122.41067848736134,49.220027606303105],[-122.41400869933888,49.220288989759155],[-122.41805188409448,49.22095508983282],[-122.42214978517579,49.22119850414895],[-122.42449880812165,49.220377009235705]]]},"properties":{"DAUID":"59090972","DGUID":"2021S051259090972","LANDAREA":11.0628,"PRUID":"59","CMA":"Abbotsford_Mission"}},
{"type":"Feature","geometry":{"type":"Polygon","coordinates":[[[-122.30803050392446,49.061067366130985],[-122.31071477519487,49.06106044760139],[-122.31450157644046,49.060194353652356],[-122.31607304780357,49.060171664400755],[-122.31577380401757,49.058311961629705],[-122.31114975864838,49.05827843661221],[-122.31085834029224,49.059460584981075],[-122.30916262161152,49.05988599094681],[-122.30803626171237,49.06086680633465],[-122.30803050392446,49.061067366130985]]]},"properties":{"DAUID":"59090975","DGUID":"2021S051259090975","LANDAREA":0.1099,"PRUID":"59","CMA":"Abbotsford_Mission"}},
{"type":"Feature","geometry":{"type":"Polygon","coordinates":[[[-122.31420639719552,49.067782895634686],[-122.3159948054449,49.06779015604867],[-122.3159716390207,49.0670447401943],[-122.31600479771217,49.0647732373542],[-122.31603552471462,49.062463756949974],[-122.31607304780357,49.060171664400755],[-122.31450157644046,49.060194353652356],[-122.31071477519487,49.06106044760139],[-122.30803050392446,49.061067366130985],[-122.30805148115581,49.06733070566372],[-122.31068600296358,49.06698860616654],[-122.31125091288195,49.06806451032317],[-122.31420639719552,49.067782895634686]]]},"properties":{"DAUID":"59090976","DGUID":"2021S051259090976","LANDAREA":0.4467,"PRUID":"59","CMA":"Abbotsford_Mission"}}
]}