{"type":"FeatureCollection", "features": [
{"type":"Feature","geometry":{"type":"Polygon","coordinates":[[[-80.26837268681292,43.18242009956608],[-80.2675053930669,43.18253190744431],[-80.26482718383369,43.18378219658213],[-80.26604859721768,43.186372591656365],[-80.26682649309407,43.188401086643125],[-80.27110020717572,43.187738405712466],[-80.27090241659579,43.18558369377331],[-80.26975519716511,43.184401111589736],[-80.26837268681292,43.18242009956608]]]},"properties":{"DAUID":"35290007","DGUID":"2021S051235290007","LANDAREA":0.2107,"PRUID":"35","CMA":"Brantford"}},
{"type":"Feature","geometry":{"type":"Polygon","coordinates":[[[-80.26604859721768,43.186372591656365],[-80.26025660400205,43.18734119697846],[-80.26141649080728,43.18924230289074],[-80.26682649309407,43.188401086643125],[-80.26604859721768,43.186372591656365]]]},"properties":{"DAUID":"35290008","DGUID":"2021S051235290008","LANDAREA":0.1081,"PRUID":"35","CMA":"Brantford"}},
{"type":"Feature","geometry":{"type":"Polygon","coordinates":[[[-80.26482718383369,43.18378219658213],[-80.26366561591254,43.1842631909451],[-80.25995778530763,43.18583080522808],[-80.25756341129338,43.18624139902292],[-80.25810081321933,43.18766051094627],[-80.26025660400205,43.18734119697846],[-80.26604859721768,43.186372591656365],[-80.26482718383369,43.18378219658213]]]},"properties":{"DAUID":"35290009","DGUID":"2021S051235290009","LANDAREA":0.1414,"PRUID":"35","CMA":"Brantford"}},
{"type":"Feature","geometry":{"type":"Polygon","coordinates":[[[-80.26366561591254,43.1842631909451],[-80.26168258434349,43.1825935037697],[-80.26111511335523,43.18088100238454],[-80.25974409153346,43.181305808897484],[-80.25798930715744,43.18207718906084],[-80.25883179692768,43.184241706099726],[-80.25693119627735,43.1845970097644],[-80.25536381530023,43.184245491873206],[-80.25335870075592,43.184785806174936],[-80.25254628149735,43.18541250660944],[-80.25287850741513,43.18697319302063],[-80.25756341129338,43.18624139902292],[-80.25995778530763,43.18583080522808],[-80.26366561591254,43.1842631909451]]]},"properties":{"DAUID":"35290010","DGUID":"2021S051235290010","LANDAREA":0.2576,"PRUID":"35","CMA":"Brantford"}},
{"type":"Feature","geometry":{"type":"Polygon","coordinates":[[[-80.25798930715744,43.18207718906084],[-80.25617919479727,43.182572787336774],[-80.253878408752,43.18291170734954],[-80.2521114869467,43.18284439758747],[-80.2478521901065,43.18355770207887],[-80.24929138889854,43.18666880906875],[-80.25056579297565,43.19088369730967],[-80.25640399090106,43.190021197845354],[-80.25595999115049,43.188859399779275],[-80.2539064016001,43.18967539533737],[-80.25287850741513,43.18697319302063],[-80.25254628149735,43.18541250660944],[-80.25335870075592,43.184785806174936],[-80.25536381530023,43.184245491873206],[-80.25693119627735,43.1845970097644],[-80.25883179692768,43.184241706099726],[-80.25798930715744,43.18207718906084]]]},"properties":{"DAUID":"35290011","DGUID":"2021S051235290011","LANDAREA":0.3851,"PRUID":"35","CMA":"Brantford"}},
{"type":"Feature","geometry":{"type":"Polygon","coordinates":[[[-80.26025660400205,43.18734119697846],[-80.25810081321933,43.18766051094627],[-80.25756341129338,43.18624139902292],[-80.25287850741513,43.18697319302063],[-80.2539064016001,43.18967539533737],[-80.25595999115049,43.188859399779275],[-80.25640399090106,43.190021197845354],[-80.26141649080728,43.18924230289074],[-80.26025660400205,43.18734119697846]]]},"properties":{"DAUID":"35290012","DGUID":"2021S051235290012","LANDAREA":0.1738,"PRUID":"35","CMA":"Brantford"}},
{"type":"Feature","geometry":{"type":"Polygon","coordinates":[[[-80.25617919479727,43.182572787336774],[-80.25531840752413,43.179672812664045],[-80.25356748764757,43.178608707925],[-80.2513260047553,43.18008089487265],[-80.25230239592287,43.180648588336844],[-80.25291771379531,43.18186119363605],[-80.2521114869467,43.18284439758747],[-80.253878408752,43.18291170734954],[-80.25617919479727,43.182572787336774]]]},"properties":{"DAUID":"35290013","DGUID":"2021S051235290013","LANDAREA":0.1193,"PRUID":"35","CMA":"Brantford"}},
{"type":"Feature","geometry":{"type":"Polygon","coordinates":[[[-80.2521114869467,43.18284439758747],[-80.25291771379531,43.18186119363605],[-80.25230239592287,43.180648588336844],[-80.2513260047553,43.18008089487265],[-80.2502890868956,43.180241796431254],[-80.2498821977382,43.17918358786797],[-80.24898248930238,43.179367296404266],[-80.24818061785534,43.17723179290862],[-80.24816419670957,43.17550141069798],[-80.24742171388982,43.175158297308364],[-80.24641040210801,43.17266820540097],[-80.24353991203809,43.17313920402353],[-80.24531630596441,43.17696650909229],[-80.2478521901065,43.18355770207887],[-80.2521114869467,43.18284439758747]]]},"properties":{"DAUID":"35290014","DGUID":"2021S051235290014","LANDAREA":0.3368,"PRUID":"35","CMA":"Brantford"}},
{"type":"Feature","geometry":{"type":"Polygon","coordinates":[[[-80.25974409153346,43.181305808897484],[-80.25751938900629,43.17837710128991],[-80.25622799125117,43.17560018664976],[-80.25411538298151,43.176136008392795],[-80.25406671033781,43.17672008878462],[-80.25222859325237,43.178487796561946],[-80.2498821977382,43.17918358786797],[-80.2502890868956,43.180241796431254],[-80.2513260047553,43.18008089487265],[-80.25356748764757,43.178608707925],[-80.25531840752413,43.179672812664045],[-80.25617919479727,43.182572787336774],[-80.25798930715744,43.18207718906084],[-80.25974409153346,43.181305808897484]]]},"properties":{"DAUID":"35290015","DGUID":"2021S051235290015","LANDAREA":0.2257,"PRUID":"35","CMA":"Brantford"}},
{"type":"Feature","geometry":{"type":"Polygon","coordinates":[[[-80.26111511335523,43.18088100238454],[-80.26339218880064,43.18022069170293],[-80.2627092124645,43.17845500921141],[-80.26149910975354,43.17898989071793],[-80.26011070738654,43.1776666981331],[-80.25751938900629,43.17837710128991],[-80.25974409153346,43.181305808897484],[-80.26111511335523,43.18088100238454]]]},"properties":{"DAUID":"35290016","DGUID":"2021S051235290016","LANDAREA":0.1073,"PRUID":"35","CMA":"Brantford"}},
{"type":"Feature","geometry":{"type":"Polygon","coordinates":[[[-80.25751938900629,43.17837710128991],[-80.26011070738654,43.1776666981331],[-80.26105369151192,43.17727489150478],[-80.25985161179767,43.17535350721785],[-80.25905788845877,43.17503269893972],[-80.25722448728249,43.17532230808868],[-80.25622799125117,43.17560018664976],[-80.25751938900629,43.17837710128991]]]},"properties":{"DAUID":"35290017","DGUID":"2021S051235290017","LANDAREA":0.097,"PRUID":"35","CMA":"Brantford"}},
{"type":"Feature","geometry":{"type":"Polygon","coordinates":[[[-80.2627092124645,43.17845500921141],[-80.2632673025031,43.177874604047915],[-80.26163648363475,43.17646000304422],[-80.26261279626051,43.175993393412746],[-80.26156489990161,43.174028399026895],[-80.2587322948078,43.1729624085962],[-80.25783118179714,43.17399300920542],[-80.25722448728249,43.17532230808868],[-80.25905788845877,43.17503269893972],[-80.25985161179767,43.17535350721785],[-80.26105369151192,43.17727489150478],[-80.26011070738654,43.1776666981331],[-80.26149910975354,43.17898989071793],[-80.2627092124645,43.17845500921141]]]},"properties":{"DAUID":"35290018","DGUID":"2021S051235290018","LANDAREA":0.135,"PRUID":"35","CMA":"Brantford"}},
{"type":"Feature","geometry":{"type":"Polygon","coordinates":[[[-80.26339218880064,43.18022069170293],[-80.26585881326916,43.17943800044784],[-80.26696859559516,43.178760405832996],[-80.26515770968753,43.1771149025119],[-80.26422868679346,43.17627569392684],[-80.26290901515146,43.17369159849639],[-80.26209008673487,43.17331400247578],[-80.25928358881,43.17221100416631],[-80.2587322948078,43.1729624085962],[-80.26156489990161,43.174028399026895],[-80.26261279626051,43.175993393412746],[-80.26163648363475,43.17646000304422],[-80.2632673025031,43.177874604047915],[-80.2627092124645,43.17845500921141],[-80.26339218880064,43.18022069170293]]]},"properties":{"DAUID":"35290019","DGUID":"2021S051235290019","LANDAREA":0.1518,"PRUID":"35","CMA":"Brantford"}},
{"type":"Feature","geometry":{"type":"Polygon","coordinates":[[[-80.26515770968753,43.1771149025119],[-80.26805399825975,43.17540889895246],[-80.26926210837114,43.17447060801635],[-80.26882881499577,43.17333430025934],[-80.26804328813188,43.171247410326195],[-80.26671749647228,43.17160480389524],[-80.26290901515146,43.17369159849639],[-80.26422868679346,43.17627569392684],[-80.26515770968753,43.1771149025119]]]},"properties":{"DAUID":"35290020","DGUID":"2021S051235290020","LANDAREA":0.1952,"PRUID":"35","CMA":"Brantford"}},
{"type":"Feature","geometry":{"type":"Polygon","coordinates":[[[-80.26696859559516,43.178760405832996],[-80.26768480478505,43.179464797666895],[-80.26880290592561,43.17913270946333],[-80.27085330428582,43.17973591167174],[-80.27200739396497,43.179565391549666],[-80.27314111356026,43.17731089502424],[-80.27354568521858,43.17607369918688],[-80.27274810279067,43.175342297480896],[-80.27180789553798,43.17449439751418],[-80.26891741521973,43.17619439866326],[-80.26805399825975,43.17540889895246],[-80.26515770968753,43.1771149025119],[-80.26696859559516,43.178760405832996]]]},"properties":{"DAUID":"35290021","DGUID":"2021S051235290021","LANDAREA":0.2349,"PRUID":"35","CMA":"Brantford"}},
{"type":"Feature","geometry":{"type":"Polygon","coordinates":[[[-80.26805399825975,43.17540889895246],[-80.26891741521973,43.17619439866326],[-80.27180789553798,43.17449439751418],[-80.27274810279067,43.175342297480896],[-80.2776217843764,43.17254411036233],[-80.27655808456987,43.169906596078086],[-80.27350800332488,43.17054628791082],[-80.27177439689198,43.17158190282089],[-80.26882881499577,43.17333430025934],[-80.26926210837114,43.17447060801635],[-80.26805399825975,43.17540889895246]]]},"properties":{"DAUID":"35290022","DGUID":"2021S051235290022","LANDAREA":0.2602,"PRUID":"35","CMA":"Brantford"}},
{"type":"Feature","geometry":{"type":"Polygon","coordinates":[[[-80.27314111356026,43.17731089502424],[-80.2763458963095,43.18050958928764],[-80.27814349947974,43.17956949490934],[-80.28018529554434,43.17911218931761],[-80.2776217843764,43.17254411036233],[-80.27274810279067,43.175342297480896],[-80.27354568521858,43.17607369918688],[-80.27314111356026,43.17731089502424]]]},"properties":{"DAUID":"35290023","DGUID":"2021S051235290023","LANDAREA":0.3078,"PRUID":"35","CMA":"Brantford"}},
{"type":"Feature","geometry":{"type":"Polygon","coordinates":[[[-80.27200739396497,43.179565391549666],[-80.27323089336572,43.18026169417621],[-80.27076650450768,43.181709196560796],[-80.27282119502262,43.18259588790261],[-80.27424659524439,43.18386980498895],[-80.27672360895185,43.1822983911732],[-80.27748919081117,43.1820977930955],[-80.2763458963095,43.18050958928764],[-80.27314111356026,43.17731089502424],[-80.27200739396497,43.179565391549666]]]},"properties":{"DAUID":"35290024","DGUID":"2021S051235290024","LANDAREA":0.1784,"PRUID":"35","CMA":"Brantford"}},
{"type":"Feature","geometry":{"type":"Polygon","coordinates":[[[-80.26975519716511,43.184401111589736],[-80.27282119502262,43.18259588790261],[-80.27076650450768,43.181709196560796],[-80.27323089336572,43.18026169417621],[-80.27200739396497,43.179565391549666],[-80.27085330428582,43.17973591167174],[-80.26880290592561,43.17913270946333],[-80.26768480478505,43.179464797666895],[-80.26837268681292,43.18242009956608],[-80.26975519716511,43.184401111589736]]]},"properties":{"DAUID":"35290025","DGUID":"2021S051235290025","LANDAREA":0.1488,"PRUID":"35","CMA":"Brantford"}},
{"type":"Feature","geometry":{"type":"Polygon","coordinates":[[[-80.26837268681292,43.18242009956608],[-80.26768480478505,43.179464797666895],[-80.26696859559516,43.178760405832996],[-80.26585881326916,43.17943800044784],[-80.26339218880064,43.18022069170293],[-80.26111511335523,43.18088100238454],[-80.26168258434349,43.1825935037697],[-80.26366561591254,43.1842631909451],[-80.26482718383369,43.18378219658213],[-80.2675053930669,43.18253190744431],[-80.26837268681292,43.18242009956608]]]},"properties":{"DAUID":"35290026","DGUID":"2021S051235290026","LANDAREA":0.2121,"PRUID":"35","CMA":"Brantford"}},
{"type":"Feature","geometry":{"type":"Polygon","coordinates":[[[-80.27110020717572,43.187738405712466],[-80.28179819283582,43.18602839352363],[-80.2816964000208,43.1831123980126],[-80.28018529554434,43.17911218931761],[-80.27814349947974,43.17956949490934],[-80.2763458963095,43.18050958928764],[-80.27748919081117,43.1820977930955],[-80.27672360895185,43.1822983911732],[-80.27424659524439,43.18386980498895],[-80.27282119502262,43.18259588790261],[-80.26975519716511,43.184401111589736],[-80.27090241659579,43.18558369377331],[-80.27110020717572,43.187738405712466]]]},"properties":{"DAUID":"35290027","DGUID":"2021S051235290027","LANDAREA":0.5124,"PRUID":"35","CMA":"Brantford"}},
{"type":"Feature","geometry":{"type":"Polygon","coordinates":[[[-80.28322870976005,43.170521204086896],[-80.28289470366782,43.17096550705998],[-80.27992068806498,43.17199418806416],[-80.28127689050274,43.17585551034412],[-80.28316320686488,43.17652579503493],[-80.28454955551396,43.175397294430375],[-80.2852844004585,43.17450578936908],[-80.283963296785,43.17108190172927],[-80.28322870976005,43.170521204086896]]]},"properties":{"DAUID":"35290029","DGUID":"2021S051235290029","LANDAREA":0.1812,"PRUID":"35","CMA":"Brantford"}},
{"type":"Feature","geometry":{"type":"Polygon","coordinates":[[[-80.2852844004585,43.17450578936908],[-80.28727189806916,43.17488468855499],[-80.28936910160135,43.1744526897646],[-80.29132399834869,43.173220689549446],[-80.28821689551742,43.171302788393355],[-80.28770140554465,43.1703889007542],[-80.28636489371478,43.16982731030269],[-80.28364582846004,43.16978040659074],[-80.28322870976005,43.170521204086896],[-80.283963296785,43.17108190172927],[-80.2852844004585,43.17450578936908]]]},"properties":{"DAUID":"35290030","DGUID":"2021S051235290030","LANDAREA":0.2112,"PRUID":"35","CMA":"Brantford"}},
{"type":"Feature","geometry":{"type":"Polygon","coordinates":[[[-80.2776217843764,43.17254411036233],[-80.27992068806498,43.17199418806416],[-80.28289470366782,43.17096550705998],[-80.28322870976005,43.170521204086896],[-80.28364582846004,43.16978040659074],[-80.28636489371478,43.16982731030269],[-80.28770140554465,43.1703889007542],[-80.29094041442175,43.170502091639456],[-80.29207958522892,43.17096469363342],[-80.29186440755637,43.16919399429193],[-80.27960774748546,43.167769215528686],[-80.27557521559837,43.16731837316952],[-80.27655808456987,43.169906596078086],[-80.2776217843764,43.17254411036233]]]},"properties":{"DAUID":"35290031","DGUID":"2021S051235290031","LANDAREA":0.3696,"PRUID":"35","CMA":"Brantford"}},
{"type":"Feature","geometry":{"type":"Polygon","coordinates":[[[-80.29186440755637,43.16919399429193],[-80.29044418372459,43.16557160460469],[-80.28319981392885,43.16677040482831],[-80.28072239291096,43.167214203346376],[-80.27960774748546,43.167769215528686],[-80.29186440755637,43.16919399429193]]]},"properties":{"DAUID":"35290032","DGUID":"2021S051235290032","LANDAREA":0.2071,"PRUID":"35","CMA":"Brantford"}},
{"type":"Feature","geometry":{"type":"Polygon","coordinates":[[[-80.29044418372459,43.16557160460469],[-80.29236978615161,43.16524809150106],[-80.29095880566028,43.163651395319945],[-80.28834848975653,43.164040693121805],[-80.28695289590407,43.162887306980366],[-80.28506001031664,43.16326939678332],[-80.28482070916576,43.16406309097638],[-80.28252650409105,43.16501651098111],[-80.28319981392885,43.16677040482831],[-80.29044418372459,43.16557160460469]]]},"properties":{"DAUID":"35290033","DGUID":"2021S051235290033","LANDAREA":0.1855,"PRUID":"35","CMA":"Brantford"}},
{"type":"Feature","geometry":{"type":"Polygon","coordinates":[[[-80.29236978615161,43.16524809150106],[-80.29483852143909,43.16483254590438],[-80.28595777518449,43.15663597567244],[-80.28760419195383,43.15869080784998],[-80.28483619059345,43.16030768943923],[-80.28411779342645,43.16040749324628],[-80.28221551069547,43.15867569181211],[-80.28029550282565,43.159816112688155],[-80.28137119289238,43.16186781015545],[-80.28157031022775,43.16258740532738],[-80.28376009967106,43.16221261230273],[-80.28506001031664,43.16326939678332],[-80.28695289590407,43.162887306980366],[-80.28834848975653,43.164040693121805],[-80.29095880566028,43.163651395319945],[-80.29236978615161,43.16524809150106]]]},"properties":{"DAUID":"35290034","DGUID":"2021S051235290034","LANDAREA":0.3853,"PRUID":"35","CMA":"Brantford"}},
{"type":"Feature","geometry":{"type":"Polygon","coordinates":[[[-80.28506001031664,43.16326939678332],[-80.28376009967106,43.16221261230273],[-80.28157031022775,43.16258740532738],[-80.28137119289238,43.16186781015545],[-80.27651191001773,43.162679893116504],[-80.27735761786731,43.16486229126036],[-80.27976130042235,43.164467904554456],[-80.28011601278995,43.16542169728637],[-80.28252650409105,43.16501651098111],[-80.28482070916576,43.16406309097638],[-80.28506001031664,43.16326939678332]]]},"properties":{"DAUID":"35290035","DGUID":"2021S051235290035","LANDAREA":0.1816,"PRUID":"35","CMA":"Brantford"}},
{"type":"Feature","geometry":{"type":"Polygon","coordinates":[[[-80.27960774748546,43.167769215528686],[-80.28072239291096,43.167214203346376],[-80.28319981392885,43.16677040482831],[-80.28252650409105,43.16501651098111],[-80.28011601278995,43.16542169728637],[-80.27976130042235,43.164467904554456],[-80.27735761786731,43.16486229126036],[-80.27651191001773,43.162679893116504],[-80.27619878392557,43.16180010539491],[-80.2736696028986,43.16221251285351],[-80.27421809669096,43.163674796267],[-80.27557521559837,43.16731837316952],[-80.27960774748546,43.167769215528686]]]},"properties":{"DAUID":"35290036","DGUID":"2021S051235290036","LANDAREA":0.2409,"PRUID":"35","CMA":"Brantford"}},
{"type":"Feature","geometry":{"type":"Polygon","coordinates":[[[-80.28221551069547,43.15867569181211],[-80.28006850270083,43.156763000013314],[-80.27718281198952,43.15845270730194],[-80.27755859675295,43.15878698683436],[-80.27462979127642,43.16056438795517],[-80.27308969915993,43.16090400445077],[-80.2736696028986,43.16221251285351],[-80.27619878392557,43.16180010539491],[-80.27651191001773,43.162679893116504],[-80.28137119289238,43.16186781015545],[-80.28029550282565,43.159816112688155],[-80.28221551069547,43.15867569181211]]]},"properties":{"DAUID":"35290037","DGUID":"2021S051235290037","LANDAREA":0.2428,"PRUID":"35","CMA":"Brantford"}},
{"type":"Feature","geometry":{"type":"Polygon","coordinates":[[[-80.2736696028986,43.16221251285351],[-80.27308969915993,43.16090400445077],[-80.2725369121265,43.1593744932367],[-80.27351019310161,43.15755590294228],[-80.27050829592078,43.15641568939692],[-80.26952468494001,43.157814193700574],[-80.26772810895126,43.16035928974785],[-80.27054450883477,43.16137569018624],[-80.26840168590658,43.164452499222875],[-80.27025271549493,43.16511840142223],[-80.27136731308784,43.164928510946105],[-80.27210938580684,43.1641116073319],[-80.27421809669096,43.163674796267],[-80.2736696028986,43.16221251285351]]]},"properties":{"DAUID":"35290038","DGUID":"2021S051235290038","LANDAREA":0.2858,"PRUID":"35","CMA":"Brantford"}},
{"type":"Feature","geometry":{"type":"Polygon","coordinates":[[[-80.28006850270083,43.156763000013314],[-80.28270630623638,43.15523681035025],[-80.28125340624271,43.15420008838302],[-80.279654594679,43.15247699351297],[-80.27726231306558,43.15587790705485],[-80.27466668471716,43.15590650464117],[-80.27351019310161,43.15755590294228],[-80.2725369121265,43.1593744932367],[-80.27308969915993,43.16090400445077],[-80.27462979127642,43.16056438795517],[-80.27755859675295,43.15878698683436],[-80.27718281198952,43.15845270730194],[-80.28006850270083,43.156763000013314]]]},"properties":{"DAUID":"35290039","DGUID":"2021S051235290039","LANDAREA":0.2807,"PRUID":"35","CMA":"Brantford"}},
{"type":"Feature","geometry":{"type":"Polygon","coordinates":[[[-80.27351019310161,43.15755590294228],[-80.27466668471716,43.15590650464117],[-80.27673050919837,43.15300200888947],[-80.27322108721155,43.15165199187423],[-80.27217021230936,43.153155208801486],[-80.27166390142902,43.15478661058278],[-80.27050829592078,43.15641568939692],[-80.27351019310161,43.15755590294228]]]},"properties":{"DAUID":"35290040","DGUID":"2021S051235290040","LANDAREA":0.1653,"PRUID":"35","CMA":"Brantford"}},
{"type":"Feature","geometry":{"type":"Polygon","coordinates":[[[-80.279654594679,43.15247699351297],[-80.28033390903101,43.15153264313089],[-80.27847150725286,43.15039482589592],[-80.27673050919837,43.15300200888947],[-80.27466668471716,43.15590650464117],[-80.27726231306558,43.15587790705485],[-80.279654594679,43.15247699351297]]]},"properties":{"DAUID":"35290041","DGUID":"2021S051235290041","LANDAREA":0.1158,"PRUID":"35","CMA":"Brantford"}},
{"type":"Feature","geometry":{"type":"Polygon","coordinates":[[[-80.27673050919837,43.15300200888947],[-80.27847150725286,43.15039482589592],[-80.27667939510725,43.14898548963429],[-80.275491485869,43.14912130095237],[-80.2748015620507,43.149928818506794],[-80.27281950457615,43.147734289748236],[-80.27137080402426,43.14966319801687],[-80.27107409174016,43.150792203803],[-80.27322108721155,43.15165199187423],[-80.27673050919837,43.15300200888947]]]},"properties":{"DAUID":"35290042","DGUID":"2021S051235290042","LANDAREA":0.1742,"PRUID":"35","CMA":"Brantford"}},
{"type":"Feature","geometry":{"type":"Polygon","coordinates":[[[-80.27847150725286,43.15039482589592],[-80.28112529533833,43.1467930096842],[-80.27845080488831,43.14581800897378],[-80.27741708827405,43.14728009820475],[-80.27546610416574,43.147591106547864],[-80.27667939510725,43.14898548963429],[-80.27847150725286,43.15039482589592]]]},"properties":{"DAUID":"35290043","DGUID":"2021S051235290043","LANDAREA":0.1169,"PRUID":"35","CMA":"Brantford"}},
{"type":"Feature","geometry":{"type":"Polygon","coordinates":[[[-80.27667939510725,43.14898548963429],[-80.27546610416574,43.147591106547864],[-80.27183830618257,43.14343490105696],[-80.26988599074977,43.14434538631629],[-80.27079391092398,43.14542730764503],[-80.27281950457615,43.147734289748236],[-80.2748015620507,43.149928818506794],[-80.275491485869,43.14912130095237],[-80.27667939510725,43.14898548963429]]]},"properties":{"DAUID":"35290044","DGUID":"2021S051235290044","LANDAREA":0.1364,"PRUID":"35","CMA":"Brantford"}},
{"type":"Feature","geometry":{"type":"Polygon","coordinates":[[[-80.27845080488831,43.14581800897378],[-80.27575470804886,43.1447913073999],[-80.27669921333388,43.143853089719364],[-80.27468851065295,43.14366909780335],[-80.27377819381006,43.144050288020175],[-80.27283279012815,43.142960193931366],[-80.27183830618257,43.14343490105696],[-80.27546610416574,43.147591106547864],[-80.27741708827405,43.14728009820475],[-80.27845080488831,43.14581800897378]]]},"properties":{"DAUID":"35290045","DGUID":"2021S051235290045","LANDAREA":0.1202,"PRUID":"35","CMA":"Brantford"}},
{"type":"Feature","geometry":{"type":"Polygon","coordinates":[[[-80.28112529533833,43.1467930096842],[-80.28420319109202,43.147504000670075],[-80.28579229568992,43.145249808309465],[-80.2829341943348,43.1441799898065],[-80.28270898837904,43.14449410372299],[-80.27569410006083,43.14185409914126],[-80.27468851065295,43.14366909780335],[-80.27669921333388,43.143853089719364],[-80.27575470804886,43.1447913073999],[-80.27845080488831,43.14581800897378],[-80.28112529533833,43.1467930096842]]]},"properties":{"DAUID":"35290046","DGUID":"2021S051235290046","LANDAREA":0.2459,"PRUID":"35","CMA":"Brantford"}},
{"type":"Feature","geometry":{"type":"Polygon","coordinates":[[[-80.2829341943348,43.1441799898065],[-80.28488211606106,43.14135929656163],[-80.28374132331972,43.14025091232479],[-80.28593054544083,43.13972597818198],[-80.28746714979884,43.13898215588497],[-80.28852493823939,43.13649214104477],[-80.28606813941563,43.137886090358386],[-80.282864850993,43.13904828411008],[-80.27953349676537,43.139121300100264],[-80.27730752723534,43.13937550744539],[-80.27671756951956,43.140171177121125],[-80.27569410006083,43.14185409914126],[-80.28270898837904,43.14449410372299],[-80.2829341943348,43.1441799898065]]]},"properties":{"DAUID":"35290047","DGUID":"2021S051235290047","LANDAREA":0.2593,"PRUID":"35","CMA":"Brantford"}},
{"type":"Feature","geometry":{"type":"Polygon","coordinates":[[[-80.28579229568992,43.145249808309465],[-80.28736359753191,43.14583299846747],[-80.29095260921581,43.1405689003765],[-80.28488211606106,43.14135929656163],[-80.2829341943348,43.1441799898065],[-80.28579229568992,43.145249808309465]]]},"properties":{"DAUID":"35290048","DGUID":"2021S051235290048","LANDAREA":0.205,"PRUID":"35","CMA":"Brantford"}},
{"type":"Feature","geometry":{"type":"Polygon","coordinates":[[[-80.28420319109202,43.147504000670075],[-80.28579230942466,43.14787508992084],[-80.28711659138789,43.14894658650583],[-80.28811548945501,43.14825378929002],[-80.29104590237858,43.14916909852443],[-80.29227290054894,43.14767010172581],[-80.28736359753191,43.14583299846747],[-80.28579229568992,43.145249808309465],[-80.28420319109202,43.147504000670075]]]},"properties":{"DAUID":"35290049","DGUID":"2021S051235290049","LANDAREA":0.1414,"PRUID":"35","CMA":"Brantford"}},
{"type":"Feature","geometry":{"type":"Polygon","coordinates":[[[-80.28488211606106,43.14135929656163],[-80.29095260921581,43.1405689003765],[-80.28736359753191,43.14583299846747],[-80.29227290054894,43.14767010172581],[-80.29324569663338,43.14817650518454],[-80.29443622897907,43.14847488283268],[-80.29427588064868,43.1507133789964],[-80.29533676493759,43.150220789808984],[-80.29670451515118,43.14887719248158],[-80.29923422028281,43.14694185424583],[-80.3023005611635,43.14505744271282],[-80.3047126222368,43.14188900135793],[-80.30505191438692,43.139157999275376],[-80.30435415348589,43.13753280322366],[-80.30317417983021,43.136279419976574],[-80.30118824035159,43.1350392152841],[-80.29756962291772,43.13353041900703],[-80.2947984154458,43.133268396603306],[-80.29210414686737,43.13372534622631],[-80.29029885334609,43.1346433966694],[-80.28852493823939,43.13649214104477],[-80.28746714979884,43.13898215588497],[-80.28593054544083,43.13972597818198],[-80.28374132331972,43.14025091232479],[-80.28488211606106,43.14135929656163]]]},"properties":{"DAUID":"35290050","DGUID":"2021S051235290050","LANDAREA":1.6764,"PRUID":"35","CMA":"Brantford"}},
{"type":"Feature","geometry":{"type":"Polygon","coordinates":[[[-80.28033390903101,43.15153264313089],[-80.28364960471475,43.15451321641833],[-80.28431320087338,43.15434161104416],[-80.28755549644366,43.152428303805046],[-80.29147430274256,43.150736495235854],[-80.29324569663338,43.14817650518454],[-80.29227290054894,43.14767010172581],[-80.29104590237858,43.14916909852443],[-80.28811548945501,43.14825378929002],[-80.28711659138789,43.14894658650583],[-80.28579230942466,43.14787508992084],[-80.28420319109202,43.147504000670075],[-80.28112529533833,43.1467930096842],[-80.27847150725286,43.15039482589592],[-80.28033390903101,43.15153264313089]]]},"properties":{"DAUID":"35290051","DGUID":"2021S051235290051","LANDAREA":0.5259,"PRUID":"35","CMA":"Brantford"}},
{"type":"Feature","geometry":{"type":"Polygon","coordinates":[[[-80.28595777518449,43.15663597567244],[-80.28364960471475,43.15451321641833],[-80.28033390903101,43.15153264313089],[-80.279654594679,43.15247699351297],[-80.28125340624271,43.15420008838302],[-80.28270630623638,43.15523681035025],[-80.28006850270083,43.156763000013314],[-80.28221551069547,43.15867569181211],[-80.28411779342645,43.16040749324628],[-80.28483619059345,43.16030768943923],[-80.28760419195383,43.15869080784998],[-80.28595777518449,43.15663597567244]]]},"properties":{"DAUID":"35290052","DGUID":"2021S051235290052","LANDAREA":0.2533,"PRUID":"35","CMA":"Brantford"}},
{"type":"Feature","geometry":{"type":"Polygon","coordinates":[[[-80.29186440755637,43.16919399429193],[-80.30022727330432,43.17055924394027],[-80.30295857324987,43.17119583755137],[-80.30679009461355,43.17159830798263],[-80.3104393160376,43.171569470763764],[-80.30381998314907,43.169853152059886],[-80.3007740882262,43.16880095605622],[-80.29680827638774,43.166528745717436],[-80.29483852143909,43.16483254590438],[-80.29236978615161,43.16524809150106],[-80.29044418372459,43.16557160460469],[-80.29186440755637,43.16919399429193]]]},"properties":{"DAUID":"35290054","DGUID":"2021S051235290054","LANDAREA":0.3987,"PRUID":"35","CMA":"Brantford"}},
{"type":"Feature","geometry":{"type":"Polygon","coordinates":[[[-80.29207958522892,43.17096469363342],[-80.29349069066915,43.17336071109998],[-80.29662879371504,43.172861807801645],[-80.29741718768688,43.17238360786324],[-80.29905379827389,43.17254379698677],[-80.29992870337911,43.17314550625057],[-80.30142529066046,43.17293660830231],[-80.30401146545174,43.173126469793154],[-80.30295857324987,43.17119583755137],[-80.30022727330432,43.17055924394027],[-80.29186440755637,43.16919399429193],[-80.29207958522892,43.17096469363342]]]},"properties":{"DAUID":"35290055","DGUID":"2021S051235290055","LANDAREA":0.2697,"PRUID":"35","CMA":"Brantford"}},
{"type":"Feature","geometry":{"type":"Polygon","coordinates":[[[-80.28936910160135,43.1744526897646],[-80.28971030361494,43.174883395947816],[-80.29259580219504,43.174379496649706],[-80.29349069066915,43.17336071109998],[-80.29207958522892,43.17096469363342],[-80.29094041442175,43.170502091639456],[-80.28770140554465,43.1703889007542],[-80.28821689551742,43.171302788393355],[-80.29132399834869,43.173220689549446],[-80.28936910160135,43.1744526897646]]]},"properties":{"DAUID":"35290056","DGUID":"2021S051235290056","LANDAREA":0.119,"PRUID":"35","CMA":"Brantford"}},
{"type":"Feature","geometry":{"type":"Polygon","coordinates":[[[-80.29349069066915,43.17336071109998],[-80.29475341147926,43.17622040186506],[-80.29590207426531,43.178227422691755],[-80.29724093961737,43.17809921269938],[-80.29800219524039,43.17730762271462],[-80.30012839873602,43.177013865813684],[-80.29976009930141,43.175866759597525],[-80.30470473654826,43.175163772953134],[-80.30401146545174,43.173126469793154],[-80.30142529066046,43.17293660830231],[-80.29992870337911,43.17314550625057],[-80.29905379827389,43.17254379698677],[-80.29741718768688,43.17238360786324],[-80.29662879371504,43.172861807801645],[-80.29349069066915,43.17336071109998]]]},"properties":{"DAUID":"35290057","DGUID":"2021S051235290057","LANDAREA":0.337,"PRUID":"35","CMA":"Brantford"}},
{"type":"Feature","geometry":{"type":"Polygon","coordinates":[[[-80.30586759844441,43.131743291513246],[-80.29966358452347,43.131185496111414],[-80.29758000417648,43.13290869198583],[-80.30200491450772,43.13363029708638],[-80.30490218497637,43.13410280214238],[-80.30586759844441,43.131743291513246]]]},"properties":{"DAUID":"35290060","DGUID":"2021S051235290060","LANDAREA":0.1466,"PRUID":"35","CMA":"Brantford"}},
{"type":"Feature","geometry":{"type":"Polygon","coordinates":[[[-80.27582710713857,43.131591802674755],[-80.27161420065174,43.13476050881641],[-80.27251720821751,43.13538009506891],[-80.27431980549713,43.13662109153544],[-80.27861090271143,43.13324830843484],[-80.27681490402446,43.13200530534559],[-80.27582710713857,43.131591802674755]]]},"properties":{"DAUID":"35290066","DGUID":"2021S051235290066","LANDAREA":0.1492,"PRUID":"35","CMA":"Brantford"}},
{"type":"Feature","geometry":{"type":"Polygon","coordinates":[[[-80.27582710713857,43.131591802674755],[-80.27547439753751,43.12918529132697],[-80.27268070685265,43.13125278847432],[-80.27123160624517,43.1323911101167],[-80.27001531499135,43.13202460921411],[-80.26889209247064,43.132895003772695],[-80.27161420065174,43.13476050881641],[-80.27582710713857,43.131591802674755]]]},"properties":{"DAUID":"35290067","DGUID":"2021S051235290067","LANDAREA":0.1353,"PRUID":"35","CMA":"Brantford"}},
{"type":"Feature","geometry":{"type":"Polygon","coordinates":[[[-80.27161420065174,43.13476050881641],[-80.26889209247064,43.132895003772695],[-80.27001531499135,43.13202460921411],[-80.26795128353915,43.13077850830299],[-80.26596171518727,43.130841673852956],[-80.26527117502688,43.1311492000648],[-80.26730649145017,43.13358977482365],[-80.26865555521451,43.13635602204709],[-80.2699782078523,43.13738297848847],[-80.27251720821751,43.13538009506891],[-80.27161420065174,43.13476050881641]]]},"properties":{"DAUID":"35290068","DGUID":"2021S051235290068","LANDAREA":0.1321,"PRUID":"35","CMA":"Brantford"}},
{"type":"Feature","geometry":{"type":"Polygon","coordinates":[[[-80.27268070685265,43.13125278847432],[-80.27056930983527,43.12979669280077],[-80.26974141424432,43.12894153890367],[-80.27150062866485,43.127579085242836],[-80.27184920156313,43.126669405956655],[-80.27048968890091,43.12490339483748],[-80.26828331498588,43.12568910208555],[-80.26788819916825,43.12690560461006],[-80.26575751167087,43.12880219409788],[-80.26542460263086,43.12999429463636],[-80.26596171518727,43.130841673852956],[-80.26795128353915,43.13077850830299],[-80.27001531499135,43.13202460921411],[-80.27123160624517,43.1323911101167],[-80.27268070685265,43.13125278847432]]]},"properties":{"DAUID":"35290069","DGUID":"2021S051235290069","LANDAREA":0.2489,"PRUID":"35","CMA":"Brantford"}},
{"type":"Feature","geometry":{"type":"Polygon","coordinates":[[[-80.27547439753751,43.12918529132697],[-80.27654629810388,43.12833708715926],[-80.2753299987271,43.12745980965783],[-80.27218400942199,43.128331000530096],[-80.27239399023452,43.12914780130877],[-80.27056930983527,43.12979669280077],[-80.27268070685265,43.13125278847432],[-80.27547439753751,43.12918529132697]]]},"properties":{"DAUID":"35290070","DGUID":"2021S051235290070","LANDAREA":0.096,"PRUID":"35","CMA":"Brantford"}},
{"type":"Feature","geometry":{"type":"Polygon","coordinates":[[[-80.27056930983527,43.12979669280077],[-80.27239399023452,43.12914780130877],[-80.27218400942199,43.128331000530096],[-80.2753299987271,43.12745980965783],[-80.2750900140955,43.12484001131413],[-80.27488150189713,43.12318960885726],[-80.27048968890091,43.12490339483748],[-80.27184920156313,43.126669405956655],[-80.27150062866485,43.127579085242836],[-80.26974141424432,43.12894153890367],[-80.27056930983527,43.12979669280077]]]},"properties":{"DAUID":"35290071","DGUID":"2021S051235290071","LANDAREA":0.1708,"PRUID":"35","CMA":"Brantford"}},
{"type":"Feature","geometry":{"type":"Polygon","coordinates":[[[-80.23508901581818,43.13219875294747],[-80.2355817166108,43.1389806939291],[-80.23893221210645,43.137224411711514],[-80.2399648021922,43.13827239363919],[-80.24359241148927,43.136283492848364],[-80.24730180576911,43.13596301077277],[-80.25024240351985,43.1357423911642],[-80.25002680087957,43.134142695790196],[-80.2514928034002,43.1340315002393],[-80.25122420362487,43.13165860801336],[-80.24730548861505,43.13260600357726],[-80.24521741342623,43.13283999561926],[-80.24234179990083,43.131632807285555],[-80.24043208507676,43.13126449289258],[-80.23663678834565,43.13130339083196],[-80.23508901581818,43.13219875294747]]]},"properties":{"DAUID":"35290084","DGUID":"2021S051235290084","LANDAREA":0.6732,"PRUID":"35","CMA":"Brantford"}},
{"type":"Feature","geometry":{"type":"Polygon","coordinates":[[[-80.25024240351985,43.1357423911642],[-80.2532011924213,43.135544993663956],[-80.25591638243527,43.13538080707866],[-80.25571600402449,43.13388951231114],[-80.25430068369053,43.13297710555753],[-80.25186019967163,43.13167370151269],[-80.25122420362487,43.13165860801336],[-80.2514928034002,43.1340315002393],[-80.25002680087957,43.134142695790196],[-80.25024240351985,43.1357423911642]]]},"properties":{"DAUID":"35290085","DGUID":"2021S051235290085","LANDAREA":0.1304,"PRUID":"35","CMA":"Brantford"}},
{"type":"Feature","geometry":{"type":"Polygon","coordinates":[[[-80.24730180576911,43.13596301077277],[-80.24753189155572,43.13774720266085],[-80.25343841338854,43.13736078917549],[-80.2532011924213,43.135544993663956],[-80.25024240351985,43.1357423911642],[-80.24730180576911,43.13596301077277]]]},"properties":{"DAUID":"35290086","DGUID":"2021S051235290086","LANDAREA":0.0969,"PRUID":"35","CMA":"Brantford"}},
{"type":"Feature","geometry":{"type":"Polygon","coordinates":[[[-80.24753189155572,43.13774720266085],[-80.24777628702279,43.13956698689242],[-80.25366661592494,43.13915630323976],[-80.25343841338854,43.13736078917549],[-80.24753189155572,43.13774720266085]]]},"properties":{"DAUID":"35290087","DGUID":"2021S051235290087","LANDAREA":0.097,"PRUID":"35","CMA":"Brantford"}},
{"type":"Feature","geometry":{"type":"Polygon","coordinates":[[[-80.24777628702279,43.13956698689242],[-80.24800179066224,43.1413413908166],[-80.25391510208974,43.14096249338691],[-80.25366661592494,43.13915630323976],[-80.24777628702279,43.13956698689242]]]},"properties":{"DAUID":"35290088","DGUID":"2021S051235290088","LANDAREA":0.0964,"PRUID":"35","CMA":"Brantford"}},
{"type":"Feature","geometry":{"type":"Polygon","coordinates":[[[-80.24800179066224,43.1413413908166],[-80.24833899375535,43.14406330321824],[-80.25128589912995,43.143870802764646],[-80.25117279877543,43.142968005891326],[-80.25414719658092,43.14275929839483],[-80.25391510208974,43.14096249338691],[-80.24800179066224,43.1413413908166]]]},"properties":{"DAUID":"35290089","DGUID":"2021S051235290089","LANDAREA":0.1218,"PRUID":"35","CMA":"Brantford"}},
{"type":"Feature","geometry":{"type":"Polygon","coordinates":[[[-80.25128589912995,43.143870802764646],[-80.25140009681202,43.14477988931258],[-80.25286650226438,43.14466920915867],[-80.25299750424533,43.14556999530145],[-80.25597090695895,43.145374488615936],[-80.25563401589434,43.1426609943913],[-80.25414719658092,43.14275929839483],[-80.25117279877543,43.142968005891326],[-80.25128589912995,43.143870802764646]]]},"properties":{"DAUID":"35290090","DGUID":"2021S051235290090","LANDAREA":0.0983,"PRUID":"35","CMA":"Brantford"}},
{"type":"Feature","geometry":{"type":"Polygon","coordinates":[[[-80.25299750424533,43.14556999530145],[-80.2532191307639,43.14730899149332],[-80.25719267470734,43.147087851803754],[-80.25772912304214,43.14617782774202],[-80.25901647891317,43.143354374065694],[-80.25899592303384,43.14153260606011],[-80.25552300209749,43.14175098863187],[-80.25563401589434,43.1426609943913],[-80.25597090695895,43.145374488615936],[-80.25299750424533,43.14556999530145]]]},"properties":{"DAUID":"35290091","DGUID":"2021S051235290091","LANDAREA":0.1784,"PRUID":"35","CMA":"Brantford"}},
{"type":"Feature","geometry":{"type":"Polygon","coordinates":[[[-80.24833899375535,43.14406330321824],[-80.24845040061275,43.144964893441895],[-80.24875581756346,43.14757700261616],[-80.2532191307639,43.14730899149332],[-80.25299750424533,43.14556999530145],[-80.25286650226438,43.14466920915867],[-80.25140009681202,43.14477988931258],[-80.25128589912995,43.143870802764646],[-80.24833899375535,43.14406330321824]]]},"properties":{"DAUID":"35290092","DGUID":"2021S051235290092","LANDAREA":0.1301,"PRUID":"35","CMA":"Brantford"}},
{"type":"Feature","geometry":{"type":"Polygon","coordinates":[[[-80.2532191307639,43.14730899149332],[-80.24875581756346,43.14757700261616],[-80.24877489388632,43.14774240769711],[-80.24898218574108,43.149495891688176],[-80.25192420411166,43.149298302065276],[-80.25259159470968,43.15263970594471],[-80.253051007407,43.15249510241894],[-80.25920919409295,43.15211820334283],[-80.26020311590338,43.15248089654655],[-80.26055771750313,43.15198639013163],[-80.25976079111055,43.14604470190905],[-80.25772912304214,43.14617782774202],[-80.25719267470734,43.147087851803754],[-80.2532191307639,43.14730899149332]]]},"properties":{"DAUID":"35290093","DGUID":"2021S051235290093","LANDAREA":0.4556,"PRUID":"35","CMA":"Brantford"}},
{"type":"Feature","geometry":{"type":"Polygon","coordinates":[[[-80.24898218574108,43.149495891688176],[-80.24928961787967,43.15202529105666],[-80.24817480560931,43.153671404960946],[-80.25186189473963,43.15296810342907],[-80.25259159470968,43.15263970594471],[-80.25192420411166,43.149298302065276],[-80.24898218574108,43.149495891688176]]]},"properties":{"DAUID":"35290094","DGUID":"2021S051235290094","LANDAREA":0.1089,"PRUID":"35","CMA":"Brantford"}},
{"type":"Feature","geometry":{"type":"Polygon","coordinates":[[[-80.24877489388632,43.14774240769711],[-80.24736298564855,43.14783829901477],[-80.24745390420264,43.14868540899054],[-80.2459523050619,43.148783005700416],[-80.24606399940876,43.149692992454455],[-80.24172800036398,43.14997708972721],[-80.24068580121602,43.152175287845346],[-80.24073340149901,43.153301311520494],[-80.24160248643446,43.15474999047433],[-80.24817480560931,43.153671404960946],[-80.24928961787967,43.15202529105666],[-80.24898218574108,43.149495891688176],[-80.24877489388632,43.14774240769711]]]},"properties":{"DAUID":"35290095","DGUID":"2021S051235290095","LANDAREA":0.3522,"PRUID":"35","CMA":"Brantford"}},
{"type":"Feature","geometry":{"type":"Polygon","coordinates":[[[-80.24845040061275,43.144964893441895],[-80.24398710702333,43.145262304135294],[-80.24310210807765,43.147157390340276],[-80.24172800036398,43.14997708972721],[-80.24606399940876,43.149692992454455],[-80.2459523050619,43.148783005700416],[-80.24745390420264,43.14868540899054],[-80.24736298564855,43.14783829901477],[-80.24877489388632,43.14774240769711],[-80.24875581756346,43.14757700261616],[-80.24845040061275,43.144964893441895]]]},"properties":{"DAUID":"35290096","DGUID":"2021S051235290096","LANDAREA":0.2066,"PRUID":"35","CMA":"Brantford"}},
{"type":"Feature","geometry":{"type":"Polygon","coordinates":[[[-80.24310210807765,43.147157390340276],[-80.23685105497646,43.147510662491065],[-80.23658958976428,43.14749049326061],[-80.23690998163694,43.14828796729531],[-80.23771420413331,43.15039450733536],[-80.24172800036398,43.14997708972721],[-80.24310210807765,43.147157390340276]]]},"properties":{"DAUID":"35290097","DGUID":"2021S051235290097","LANDAREA":0.1315,"PRUID":"35","CMA":"Brantford"}},
{"type":"Feature","geometry":{"type":"Polygon","coordinates":[[[-80.24398710702333,43.145262304135294],[-80.24445968703255,43.14431860893113],[-80.23578970418059,43.14489959987646],[-80.23685105497646,43.147510662491065],[-80.24310210807765,43.147157390340276],[-80.24398710702333,43.145262304135294]]]},"properties":{"DAUID":"35290098","DGUID":"2021S051235290098","LANDAREA":0.1841,"PRUID":"35","CMA":"Brantford"}},
{"type":"Feature","geometry":{"type":"Polygon","coordinates":[[[-80.24445968703255,43.14431860893113],[-80.24536218513143,43.142443899204075],[-80.24099308847623,43.142739095101035],[-80.2407904941693,43.140402595340085],[-80.23595458738366,43.141649202390575],[-80.23469531439753,43.141958770036666],[-80.23578970418059,43.14489959987646],[-80.24445968703255,43.14431860893113]]]},"properties":{"DAUID":"35290099","DGUID":"2021S051235290099","LANDAREA":0.2517,"PRUID":"35","CMA":"Brantford"}},
{"type":"Feature","geometry":{"type":"Polygon","coordinates":[[[-80.24536218513143,43.142443899204075],[-80.24654758440109,43.13964069858441],[-80.24420731234743,43.13981449153931],[-80.2407904941693,43.140402595340085],[-80.24099308847623,43.142739095101035],[-80.24536218513143,43.142443899204075]]]},"properties":{"DAUID":"35290100","DGUID":"2021S051235290100","LANDAREA":0.1219,"PRUID":"35","CMA":"Brantford"}},
{"type":"Feature","geometry":{"type":"Polygon","coordinates":[[[-80.24777628702279,43.13956698689242],[-80.24654758440109,43.13964069858441],[-80.24536218513143,43.142443899204075],[-80.24445968703255,43.14431860893113],[-80.24398710702333,43.145262304135294],[-80.24845040061275,43.144964893441895],[-80.24833899375535,43.14406330321824],[-80.24800179066224,43.1413413908166],[-80.24777628702279,43.13956698689242]]]},"properties":{"DAUID":"35290101","DGUID":"2021S051235290101","LANDAREA":0.1364,"PRUID":"35","CMA":"Brantford"}},
{"type":"Feature","geometry":{"type":"Polygon","coordinates":[[[-80.2355817166108,43.1389806939291],[-80.23595458738366,43.141649202390575],[-80.2407904941693,43.140402595340085],[-80.24420731234743,43.13981449153931],[-80.24654758440109,43.13964069858441],[-80.24777628702279,43.13956698689242],[-80.24753189155572,43.13774720266085],[-80.24730180576911,43.13596301077277],[-80.24359241148927,43.136283492848364],[-80.2399648021922,43.13827239363919],[-80.23893221210645,43.137224411711514],[-80.2355817166108,43.1389806939291]]]},"properties":{"DAUID":"35290102","DGUID":"2021S051235290102","LANDAREA":0.347,"PRUID":"35","CMA":"Brantford"}},
{"type":"Feature","geometry":{"type":"Polygon","coordinates":[[[-80.23508901581818,43.13219875294747],[-80.23262476176625,43.13402541800109],[-80.22981834904604,43.134683755057864],[-80.22662631646772,43.134815484537164],[-80.22137473260715,43.13746491283012],[-80.22135659736385,43.137862791612896],[-80.22613438264075,43.135453109795066],[-80.22729359252497,43.135367988345486],[-80.22979791177491,43.13619970925099],[-80.22976610028692,43.13714109850299],[-80.22736659734737,43.13758720308232],[-80.22545278957242,43.137203009027566],[-80.22487101341238,43.137967094415764],[-80.2270182973858,43.13853030981317],[-80.227289287752,43.139839200812446],[-80.23105900389447,43.13906329522686],[-80.2314555122738,43.140318410820704],[-80.23229559127705,43.14251359680145],[-80.23469531439753,43.141958770036666],[-80.23595458738366,43.141649202390575],[-80.2355817166108,43.1389806939291],[-80.23508901581818,43.13219875294747]]]},"properties":{"DAUID":"35290103","DGUID":"2021S051235290103","LANDAREA":0.4442,"PRUID":"35","CMA":"Brantford"}},
{"type":"Feature","geometry":{"type":"Polygon","coordinates":[[[-80.23685105497646,43.147510662491065],[-80.23578970418059,43.14489959987646],[-80.23469531439753,43.141958770036666],[-80.23229559127705,43.14251359680145],[-80.2314555122738,43.140318410820704],[-80.22698200929817,43.141725203649685],[-80.22750388455015,43.14361019580191],[-80.22663590890464,43.14375509456111],[-80.22749150347789,43.14596140439207],[-80.2282664050687,43.14793620851898],[-80.23200729842569,43.14713970822042],[-80.23658958976428,43.14749049326061],[-80.23685105497646,43.147510662491065]]]},"properties":{"DAUID":"35290104","DGUID":"2021S051235290104","LANDAREA":0.4471,"PRUID":"35","CMA":"Brantford"}},
{"type":"Feature","geometry":{"type":"Polygon","coordinates":[[[-80.22698200929817,43.141725203649685],[-80.22399050027643,43.14266790915942],[-80.22300068904163,43.14298198593475],[-80.22327810888663,43.14402560755286],[-80.2215565836289,43.14414320715653],[-80.22185961423595,43.14655469646308],[-80.22197828380123,43.14722860263958],[-80.2260954152642,43.14693640772006],[-80.22749150347789,43.14596140439207],[-80.22663590890464,43.14375509456111],[-80.22750388455015,43.14361019580191],[-80.22698200929817,43.141725203649685]]]},"properties":{"DAUID":"35290105","DGUID":"2021S051235290105","LANDAREA":0.2036,"PRUID":"35","CMA":"Brantford"}},
{"type":"Feature","geometry":{"type":"Polygon","coordinates":[[[-80.23658958976428,43.14749049326061],[-80.23200729842569,43.14713970822042],[-80.2282664050687,43.14793620851898],[-80.22749150347789,43.14596140439207],[-80.2260954152642,43.14693640772006],[-80.22197828380123,43.14722860263958],[-80.22052439694018,43.14804369437157],[-80.22059238397367,43.14884780001542],[-80.22058428809049,43.15002415170654],[-80.22418096948779,43.14993786084563],[-80.23276396993202,43.148712555940556],[-80.23690998163694,43.14828796729531],[-80.23658958976428,43.14749049326061]]]},"properties":{"DAUID":"35290106","DGUID":"2021S051235290106","LANDAREA":0.2989,"PRUID":"35","CMA":"Brantford"}},
{"type":"Feature","geometry":{"type":"Polygon","coordinates":[[[-80.22185961423595,43.14655469646308],[-80.21775090002025,43.14683310813225],[-80.21752760492211,43.14869651028933],[-80.22059238397367,43.14884780001542],[-80.22052439694018,43.14804369437157],[-80.22197828380123,43.14722860263958],[-80.22185961423595,43.14655469646308]]]},"properties":{"DAUID":"35290107","DGUID":"2021S051235290107","LANDAREA":0.0724,"PRUID":"35","CMA":"Brantford"}},
{"type":"Feature","geometry":{"type":"Polygon","coordinates":[[[-80.21775090002025,43.14683310813225],[-80.21759009383656,43.14566248855369],[-80.2142078940335,43.146996200279666],[-80.2122710024586,43.147316391039666],[-80.21173598660029,43.1478660008266],[-80.21374158646213,43.14840610428635],[-80.21752760492211,43.14869651028933],[-80.21775090002025,43.14683310813225]]]},"properties":{"DAUID":"35290108","DGUID":"2021S051235290108","LANDAREA":0.0939,"PRUID":"35","CMA":"Brantford"}},
{"type":"Feature","geometry":{"type":"Polygon","coordinates":[[[-80.21759009383656,43.14566248855369],[-80.21747689795087,43.1444346028425],[-80.20920150239978,43.14501709039212],[-80.20923399040113,43.14693689115851],[-80.21173598660029,43.1478660008266],[-80.2122710024586,43.147316391039666],[-80.2142078940335,43.146996200279666],[-80.21759009383656,43.14566248855369]]]},"properties":{"DAUID":"35290109","DGUID":"2021S051235290109","LANDAREA":0.1627,"PRUID":"35","CMA":"Brantford"}},
{"type":"Feature","geometry":{"type":"Polygon","coordinates":[[[-80.22059238397367,43.14884780001542],[-80.21752760492211,43.14869651028933],[-80.21374158646213,43.14840610428635],[-80.21173598660029,43.1478660008266],[-80.20923399040113,43.14693689115851],[-80.20925783605281,43.148327419550206],[-80.21175596682296,43.148988262038216],[-80.21592766865315,43.14972694892532],[-80.22058428809049,43.15002415170654],[-80.22059238397367,43.14884780001542]]]},"properties":{"DAUID":"35290110","DGUID":"2021S051235290110","LANDAREA":0.1184,"PRUID":"35","CMA":"Brantford"}},
{"type":"Feature","geometry":{"type":"Polygon","coordinates":[[[-80.24172800036398,43.14997708972721],[-80.23771420413331,43.15039450733536],[-80.23947489196179,43.15509279596444],[-80.24160248643446,43.15474999047433],[-80.24073340149901,43.153301311520494],[-80.24068580121602,43.152175287845346],[-80.24172800036398,43.14997708972721]]]},"properties":{"DAUID":"35290112","DGUID":"2021S051235290112","LANDAREA":0.1096,"PRUID":"35","CMA":"Brantford"}},
{"type":"Feature","geometry":{"type":"Polygon","coordinates":[[[-80.23097578272716,43.179092406872826],[-80.23185118940529,43.17846340035355],[-80.23123669695681,43.17694350321465],[-80.22814261189052,43.1773047898528],[-80.22886390422018,43.17866970395552],[-80.23074751299022,43.17836670817407],[-80.23097578272716,43.179092406872826]]]},"properties":{"DAUID":"35290114","DGUID":"2021S051235290114","LANDAREA":0.0482,"PRUID":"35","CMA":"Brantford"}},
{"type":"Feature","geometry":{"type":"Polygon","coordinates":[[[-80.22814261189052,43.1773047898528],[-80.22673469708451,43.177352498743375],[-80.22323178947222,43.17783608661878],[-80.22389230956426,43.17930988864558],[-80.22717428793807,43.178609298926816],[-80.22750069376153,43.179422590732706],[-80.2301172859596,43.179244800533866],[-80.23097578272716,43.179092406872826],[-80.23074751299022,43.17836670817407],[-80.22886390422018,43.17866970395552],[-80.22814261189052,43.1773047898528]]]},"properties":{"DAUID":"35290115","DGUID":"2021S051235290115","LANDAREA":0.089,"PRUID":"35","CMA":"Brantford"}},
{"type":"Feature","geometry":{"type":"Polygon","coordinates":[[[-80.22673469708451,43.177352498743375],[-80.22650209183557,43.17592669202297],[-80.22162905610637,43.176716293158016],[-80.22512049535646,43.185584108392305],[-80.23021897905484,43.18438727017731],[-80.22960595477859,43.182350322649675],[-80.22920830226278,43.18223190044275],[-80.22746629951426,43.18355280369517],[-80.22560520643287,43.18384921282543],[-80.22455340096799,43.180971801291506],[-80.22782550679825,43.18025090139128],[-80.22750069376153,43.179422590732706],[-80.22717428793807,43.178609298926816],[-80.22389230956426,43.17930988864558],[-80.22323178947222,43.17783608661878],[-80.22673469708451,43.177352498743375]]]},"properties":{"DAUID":"35290116","DGUID":"2021S051235290116","LANDAREA":0.241,"PRUID":"35","CMA":"Brantford"}},
{"type":"Feature","geometry":{"type":"Polygon","coordinates":[[[-80.22920830226278,43.18223190044275],[-80.22782550679825,43.18025090139128],[-80.22455340096799,43.180971801291506],[-80.22560520643287,43.18384921282543],[-80.22746629951426,43.18355280369517],[-80.22920830226278,43.18223190044275]]]},"properties":{"DAUID":"35290118","DGUID":"2021S051235290118","LANDAREA":0.1111,"PRUID":"35","CMA":"Brantford"}},
{"type":"Feature","geometry":{"type":"Polygon","coordinates":[[[-80.22750069376153,43.179422590732706],[-80.22782550679825,43.18025090139128],[-80.22920830226278,43.18223190044275],[-80.22960595477859,43.182350322649675],[-80.23138531763726,43.18235889576418],[-80.2313330043609,43.18155521295447],[-80.2337826058638,43.18147470010735],[-80.2336791846823,43.180702704080424],[-80.23112199854344,43.18086621143581],[-80.2301172859596,43.179244800533866],[-80.22750069376153,43.179422590732706]]]},"properties":{"DAUID":"35290119","DGUID":"2021S051235290119","LANDAREA":0.0933,"PRUID":"35","CMA":"Brantford"}},
{"type":"Feature","geometry":{"type":"Polygon","coordinates":[[[-80.23942629225677,43.186368204607646],[-80.23805738749448,43.18480329782138],[-80.2362497052855,43.185545508502685],[-80.23437799103407,43.185334992607885],[-80.23325420511108,43.18480459034218],[-80.23170921506151,43.18594320688079],[-80.23253048622821,43.18804650649911],[-80.23390580787952,43.187689101929415],[-80.23502949282457,43.188106699557],[-80.23693860341191,43.18801990774267],[-80.23766339033126,43.186535707166776],[-80.23942629225677,43.186368204607646]]]},"properties":{"DAUID":"35290121","DGUID":"2021S051235290121","LANDAREA":0.149,"PRUID":"35","CMA":"Brantford"}},
{"type":"Feature","geometry":{"type":"Polygon","coordinates":[[[-80.23693860341191,43.18801990774267],[-80.23707698489685,43.189492509289835],[-80.2400714825293,43.189228409593625],[-80.24124909700612,43.188479600041674],[-80.24135358571988,43.18712611061282],[-80.24039511120914,43.18594380194811],[-80.23942629225677,43.186368204607646],[-80.23766339033126,43.186535707166776],[-80.23693860341191,43.18801990774267]]]},"properties":{"DAUID":"35290122","DGUID":"2021S051235290122","LANDAREA":0.1071,"PRUID":"35","CMA":"Brantford"}},
{"type":"Feature","geometry":{"type":"Polygon","coordinates":[[[-80.23707698489685,43.189492509289835],[-80.23796810183262,43.190764890127085],[-80.2389264896072,43.191281203480244],[-80.24129371837996,43.191067493011275],[-80.24114830635133,43.1901924942913],[-80.24124909700612,43.188479600041674],[-80.2400714825293,43.189228409593625],[-80.23707698489685,43.189492509289835]]]},"properties":{"DAUID":"35290123","DGUID":"2021S051235290123","LANDAREA":0.0687,"PRUID":"35","CMA":"Brantford"}},
{"type":"Feature","geometry":{"type":"Polygon","coordinates":[[[-80.23796810183262,43.190764890127085],[-80.23671421031,43.19101761369417],[-80.2361075127797,43.190180811767924],[-80.23494601134297,43.1903660917019],[-80.2332079120974,43.189815894835476],[-80.23403870767203,43.19191720498016],[-80.23509388980236,43.19196539869748],[-80.23560258869387,43.193272489533015],[-80.24172868409418,43.19230429891316],[-80.24129371837996,43.191067493011275],[-80.2389264896072,43.191281203480244],[-80.23796810183262,43.190764890127085]]]},"properties":{"DAUID":"35290124","DGUID":"2021S051235290124","LANDAREA":0.1334,"PRUID":"35","CMA":"Brantford"}},
{"type":"Feature","geometry":{"type":"Polygon","coordinates":[[[-80.24124909700612,43.188479600041674],[-80.24114830635133,43.1901924942913],[-80.24298261377437,43.190269003979076],[-80.2430860072702,43.19142050273048],[-80.24552311420862,43.191038693719015],[-80.24598399550023,43.189093401152356],[-80.24458378583516,43.187374797254996],[-80.24241958749232,43.186935107759226],[-80.24135358571988,43.18712611061282],[-80.24124909700612,43.188479600041674]]]},"properties":{"DAUID":"35290126","DGUID":"2021S051235290126","LANDAREA":0.1441,"PRUID":"35","CMA":"Brantford"}},
{"type":"Feature","geometry":{"type":"Polygon","coordinates":[[[-80.2457157192538,43.183965990708415],[-80.24401428958043,43.183299101917264],[-80.24432621554132,43.182224702595406],[-80.24257598918923,43.1818951067747],[-80.24222120095835,43.18279488847553],[-80.2395897933691,43.183336595777355],[-80.24272834290731,43.1844595177259],[-80.2457157192538,43.183965990708415]]]},"properties":{"DAUID":"35290128","DGUID":"2021S051235290128","LANDAREA":0.0684,"PRUID":"35","CMA":"Brantford"}},
{"type":"Feature","geometry":{"type":"Polygon","coordinates":[[[-80.24353991203809,43.17313920402353],[-80.23421828356601,43.17463779879127],[-80.23529760188875,43.17750709937898],[-80.23543940541781,43.17851889018329],[-80.2343046864748,43.178642700601934],[-80.2320685153386,43.176513494313156],[-80.23123669695681,43.17694350321465],[-80.23185118940529,43.17846340035355],[-80.23097578272716,43.179092406872826],[-80.2301172859596,43.179244800533866],[-80.23112199854344,43.18086621143581],[-80.2336791846823,43.180702704080424],[-80.2337826058638,43.18147470010735],[-80.2313330043609,43.18155521295447],[-80.23138531763726,43.18235889576418],[-80.23729891317286,43.182155809879006],[-80.23857229667627,43.18246280789077],[-80.2395897933691,43.183336595777355],[-80.24222120095835,43.18279488847553],[-80.24257598918923,43.1818951067747],[-80.24432621554132,43.182224702595406],[-80.24401428958043,43.183299101917264],[-80.2457157192538,43.183965990708415],[-80.2478521901065,43.18355770207887],[-80.24531630596441,43.17696650909229],[-80.24353991203809,43.17313920402353]]]},"properties":{"DAUID":"35290129","DGUID":"2021S051235290129","LANDAREA":1.0273,"PRUID":"35","CMA":"Brantford"}},
{"type":"Feature","geometry":{"type":"Polygon","coordinates":[[[-80.2498821977382,43.17918358786797],[-80.25222859325237,43.178487796561946],[-80.25406671033781,43.17672008878462],[-80.25411538298151,43.176136008392795],[-80.25231269515743,43.175233712066515],[-80.25068818795692,43.17556120256001],[-80.25004528981299,43.17440730562532],[-80.24842970778326,43.17415390607411],[-80.24816419670957,43.17550141069798],[-80.24818061785534,43.17723179290862],[-80.24898248930238,43.179367296404266],[-80.2498821977382,43.17918358786797]]]},"properties":{"DAUID":"35290130","DGUID":"2021S051235290130","LANDAREA":0.1821,"PRUID":"35","CMA":"Brantford"}},
{"type":"Feature","geometry":{"type":"Polygon","coordinates":[[[-80.25622799125117,43.17560018664976],[-80.25722448728249,43.17532230808868],[-80.25783118179714,43.17399300920542],[-80.25562181416691,43.17332740505249],[-80.25307870529709,43.1737201940715],[-80.25270599870758,43.17274309546098],[-80.25060581414856,43.173166909858345],[-80.25004528981299,43.17440730562532],[-80.25068818795692,43.17556120256001],[-80.25231269515743,43.175233712066515],[-80.25411538298151,43.176136008392795],[-80.25622799125117,43.17560018664976]]]},"properties":{"DAUID":"35290131","DGUID":"2021S051235290131","LANDAREA":0.1465,"PRUID":"35","CMA":"Brantford"}},
{"type":"Feature","geometry":{"type":"Polygon","coordinates":[[[-80.2587322948078,43.1729624085962],[-80.25928358881,43.17221100416631],[-80.25724623163818,43.17138731376115],[-80.25645416133437,43.17110070450084],[-80.25233030976463,43.17174919081632],[-80.25270599870758,43.17274309546098],[-80.25307870529709,43.1737201940715],[-80.25562181416691,43.17332740505249],[-80.25783118179714,43.17399300920542],[-80.2587322948078,43.1729624085962]]]},"properties":{"DAUID":"35290132","DGUID":"2021S051235290132","LANDAREA":0.1157,"PRUID":"35","CMA":"Brantford"}},
{"type":"Feature","geometry":{"type":"Polygon","coordinates":[[[-80.24816419670957,43.17550141069798],[-80.24842970778326,43.17415390607411],[-80.25004528981299,43.17440730562532],[-80.25060581414856,43.173166909858345],[-80.25270599870758,43.17274309546098],[-80.25233030976463,43.17174919081632],[-80.24804479510487,43.17240559766685],[-80.24641040210801,43.17266820540097],[-80.24742171388982,43.175158297308364],[-80.24816419670957,43.17550141069798]]]},"properties":{"DAUID":"35290133","DGUID":"2021S051235290133","LANDAREA":0.0958,"PRUID":"35","CMA":"Brantford"}},
{"type":"Feature","geometry":{"type":"Polygon","coordinates":[[[-80.25724623163818,43.17138731376115],[-80.25622768761191,43.168711110396],[-80.25556561112157,43.16694920547757],[-80.25350699869311,43.16735950178666],[-80.25328690206818,43.165514796881325],[-80.25140689443451,43.165997110927954],[-80.25033091572271,43.167494497029466],[-80.24961278601289,43.16721559598594],[-80.24792118989406,43.16949339955508],[-80.24763128590851,43.170905990126315],[-80.24804479510487,43.17240559766685],[-80.25233030976463,43.17174919081632],[-80.25645416133437,43.17110070450084],[-80.25724623163818,43.17138731376115]]]},"properties":{"DAUID":"35290134","DGUID":"2021S051235290134","LANDAREA":0.3675,"PRUID":"35","CMA":"Brantford"}},
{"type":"Feature","geometry":{"type":"Polygon","coordinates":[[[-80.25622768761191,43.168711110396],[-80.25873629349718,43.168981397279516],[-80.259966909916,43.16723879651859],[-80.25959428847206,43.16594138570979],[-80.25981742676301,43.165548330115335],[-80.25152385408978,43.16459281914137],[-80.24961278601289,43.16721559598594],[-80.25033091572271,43.167494497029466],[-80.25140689443451,43.165997110927954],[-80.25328690206818,43.165514796881325],[-80.25350699869311,43.16735950178666],[-80.25556561112157,43.16694920547757],[-80.25622768761191,43.168711110396]]]},"properties":{"DAUID":"35290135","DGUID":"2021S051235290135","LANDAREA":0.1957,"PRUID":"35","CMA":"Brantford"}},
{"type":"Feature","geometry":{"type":"Polygon","coordinates":[[[-80.25928358881,43.17221100416631],[-80.26065550565323,43.170265791358226],[-80.26282481433896,43.167185805682735],[-80.25959428847206,43.16594138570979],[-80.259966909916,43.16723879651859],[-80.25873629349718,43.168981397279516],[-80.25622768761191,43.168711110396],[-80.25724623163818,43.17138731376115],[-80.25928358881,43.17221100416631]]]},"properties":{"DAUID":"35290136","DGUID":"2021S051235290136","LANDAREA":0.1665,"PRUID":"35","CMA":"Brantford"}},
{"type":"Feature","geometry":{"type":"Polygon","coordinates":[[[-80.26209008673487,43.17331400247578],[-80.26441591280407,43.169835094478486],[-80.26065550565323,43.170265791358226],[-80.25928358881,43.17221100416631],[-80.26209008673487,43.17331400247578]]]},"properties":{"DAUID":"35290137","DGUID":"2021S051235290137","LANDAREA":0.0868,"PRUID":"35","CMA":"Brantford"}},
{"type":"Feature","geometry":{"type":"Polygon","coordinates":[[[-80.26290901515146,43.17369159849639],[-80.26671749647228,43.17160480389524],[-80.26804328813188,43.171247410326195],[-80.26882881499577,43.17333430025934],[-80.27177439689198,43.17158190282089],[-80.27109930267406,43.16977560373702],[-80.26764560152435,43.170222787899974],[-80.26733090463499,43.16936468849495],[-80.26441591280407,43.169835094478486],[-80.26209008673487,43.17331400247578],[-80.26290901515146,43.17369159849639]]]},"properties":{"DAUID":"35290138","DGUID":"2021S051235290138","LANDAREA":0.1873,"PRUID":"35","CMA":"Brantford"}},
{"type":"Feature","geometry":{"type":"Polygon","coordinates":[[[-80.27655808456987,43.169906596078086],[-80.27557521559837,43.16731837316952],[-80.26367398618466,43.16599057045404],[-80.25981742676301,43.165548330115335],[-80.25959428847206,43.16594138570979],[-80.26282481433896,43.167185805682735],[-80.26065550565323,43.170265791358226],[-80.26441591280407,43.169835094478486],[-80.26733090463499,43.16936468849495],[-80.26764560152435,43.170222787899974],[-80.27109930267406,43.16977560373702],[-80.27177439689198,43.17158190282089],[-80.27350800332488,43.17054628791082],[-80.27655808456987,43.169906596078086]]]},"properties":{"DAUID":"35290139","DGUID":"2021S051235290139","LANDAREA":0.4707,"PRUID":"35","CMA":"Brantford"}},
{"type":"Feature","geometry":{"type":"Polygon","coordinates":[[[-80.27421809669096,43.163674796267],[-80.27210938580684,43.1641116073319],[-80.27136731308784,43.164928510946105],[-80.27025271549493,43.16511840142223],[-80.26840168590658,43.164452499222875],[-80.26554928589223,43.163376309577686],[-80.26424728589728,43.165206699323434],[-80.26367398618466,43.16599057045404],[-80.27557521559837,43.16731837316952],[-80.27421809669096,43.163674796267]]]},"properties":{"DAUID":"35290140","DGUID":"2021S051235290140","LANDAREA":0.2329,"PRUID":"35","CMA":"Brantford"}},
{"type":"Feature","geometry":{"type":"Polygon","coordinates":[[[-80.26952468494001,43.157814193700574],[-80.26743671240129,43.15702060958976],[-80.26347969818976,43.16258901203798],[-80.26250658614465,43.163964899857056],[-80.26313988727142,43.164985898911404],[-80.26424728589728,43.165206699323434],[-80.26554928589223,43.163376309577686],[-80.26840168590658,43.164452499222875],[-80.27054450883477,43.16137569018624],[-80.26772810895126,43.16035928974785],[-80.26952468494001,43.157814193700574]]]},"properties":{"DAUID":"35290141","DGUID":"2021S051235290141","LANDAREA":0.2704,"PRUID":"35","CMA":"Brantford"}},
{"type":"Feature","geometry":{"type":"Polygon","coordinates":[[[-80.26743671240129,43.15702060958976],[-80.26623070924445,43.15655770643413],[-80.26442218807462,43.15585688691586],[-80.26257218505937,43.15847430768592],[-80.26319230305948,43.15869959310164],[-80.26107390826552,43.16169659740087],[-80.26347969818976,43.16258901203798],[-80.26743671240129,43.15702060958976]]]},"properties":{"DAUID":"35290142","DGUID":"2021S051235290142","LANDAREA":0.1725,"PRUID":"35","CMA":"Brantford"}},
{"type":"Feature","geometry":{"type":"Polygon","coordinates":[[[-80.26347969818976,43.16258901203798],[-80.26107390826552,43.16169659740087],[-80.26319230305948,43.15869959310164],[-80.26257218505937,43.15847430768592],[-80.25735378655496,43.156533394532964],[-80.25415148750879,43.160898294400624],[-80.25617301537594,43.16165649763044],[-80.25580921422788,43.16247980582827],[-80.25774231778375,43.16304229760844],[-80.26313988727142,43.164985898911404],[-80.26250658614465,43.163964899857056],[-80.26347969818976,43.16258901203798]]]},"properties":{"DAUID":"35290143","DGUID":"2021S051235290143","LANDAREA":0.3901,"PRUID":"35","CMA":"Brantford"}},
{"type":"Feature","geometry":{"type":"Polygon","coordinates":[[[-80.25981742676301,43.165548330115335],[-80.26367398618466,43.16599057045404],[-80.26424728589728,43.165206699323434],[-80.26313988727142,43.164985898911404],[-80.25774231778375,43.16304229760844],[-80.25580921422788,43.16247980582827],[-80.25617301537594,43.16165649763044],[-80.25415148750879,43.160898294400624],[-80.25157999666665,43.16451482509726],[-80.25152385408978,43.16459281914137],[-80.25981742676301,43.165548330115335]]]},"properties":{"DAUID":"35290144","DGUID":"2021S051235290144","LANDAREA":0.2309,"PRUID":"35","CMA":"Brantford"}},
{"type":"Feature","geometry":{"type":"Polygon","coordinates":[[[-80.26020311590338,43.15248089654655],[-80.25735378655496,43.156533394532964],[-80.26257218505937,43.15847430768592],[-80.26442218807462,43.15585688691586],[-80.26548488850469,43.1543386925807],[-80.26124558918393,43.15264090792063],[-80.26088060130078,43.15155960005301],[-80.26055771750313,43.15198639013163],[-80.26020311590338,43.15248089654655]]]},"properties":{"DAUID":"35290145","DGUID":"2021S051235290145","LANDAREA":0.2535,"PRUID":"35","CMA":"Brantford"}},
{"type":"Feature","geometry":{"type":"Polygon","coordinates":[[[-80.26548488850469,43.1543386925807],[-80.26678360026403,43.152527496122914],[-80.26525470786066,43.151828304643736],[-80.26667620981958,43.14981360109692],[-80.2653254009446,43.14945089952287],[-80.26300810590341,43.14861910583131],[-80.26088060130078,43.15155960005301],[-80.26124558918393,43.15264090792063],[-80.26548488850469,43.1543386925807]]]},"properties":{"DAUID":"35290146","DGUID":"2021S051235290146","LANDAREA":0.1813,"PRUID":"35","CMA":"Brantford"}},
{"type":"Feature","geometry":{"type":"Polygon","coordinates":[[[-80.27217021230936,43.153155208801486],[-80.26759640541572,43.15141750547967],[-80.26678360026403,43.152527496122914],[-80.26548488850469,43.1543386925807],[-80.26442218807462,43.15585688691586],[-80.26623070924445,43.15655770643413],[-80.26832738855803,43.1535949057541],[-80.27166390142902,43.15478661058278],[-80.27217021230936,43.153155208801486]]]},"properties":{"DAUID":"35290147","DGUID":"2021S051235290147","LANDAREA":0.1469,"PRUID":"35","CMA":"Brantford"}},
{"type":"Feature","geometry":{"type":"Polygon","coordinates":[[[-80.27050829592078,43.15641568939692],[-80.27166390142902,43.15478661058278],[-80.26832738855803,43.1535949057541],[-80.26623070924445,43.15655770643413],[-80.26743671240129,43.15702060958976],[-80.26952468494001,43.157814193700574],[-80.27050829592078,43.15641568939692]]]},"properties":{"DAUID":"35290148","DGUID":"2021S051235290148","LANDAREA":0.1146,"PRUID":"35","CMA":"Brantford"}},
{"type":"Feature","geometry":{"type":"Polygon","coordinates":[[[-80.27322108721155,43.15165199187423],[-80.27107409174016,43.150792203803],[-80.27013460731501,43.150415905468954],[-80.26667620981958,43.14981360109692],[-80.26525470786066,43.151828304643736],[-80.26678360026403,43.152527496122914],[-80.26759640541572,43.15141750547967],[-80.27217021230936,43.153155208801486],[-80.27322108721155,43.15165199187423]]]},"properties":{"DAUID":"35290149","DGUID":"2021S051235290149","LANDAREA":0.12,"PRUID":"35","CMA":"Brantford"}},
{"type":"Feature","geometry":{"type":"Polygon","coordinates":[[[-80.27281950457615,43.147734289748236],[-80.27079391092398,43.14542730764503],[-80.2693375075311,43.14609880343427],[-80.26721608752932,43.14530510473217],[-80.26572279816511,43.14474430102017],[-80.26431661520165,43.14482790303317],[-80.26435338272188,43.146782511911375],[-80.26654961196388,43.147624307707524],[-80.2653254009446,43.14945089952287],[-80.26667620981958,43.14981360109692],[-80.27013460731501,43.150415905468954],[-80.27107409174016,43.150792203803],[-80.27137080402426,43.14966319801687],[-80.27281950457615,43.147734289748236]]]},"properties":{"DAUID":"35290150","DGUID":"2021S051235290150","LANDAREA":0.2823,"PRUID":"35","CMA":"Brantford"}},
{"type":"Feature","geometry":{"type":"Polygon","coordinates":[[[-80.26055771750313,43.15198639013163],[-80.26088060130078,43.15155960005301],[-80.26300810590341,43.14861910583131],[-80.2653254009446,43.14945089952287],[-80.26654961196388,43.147624307707524],[-80.26435338272188,43.146782511911375],[-80.26431661520165,43.14482790303317],[-80.26418358951219,43.14391719007604],[-80.26297359539174,43.14400460041828],[-80.26322779881558,43.14581919356772],[-80.25976079111055,43.14604470190905],[-80.26055771750313,43.15198639013163]]]},"properties":{"DAUID":"35290151","DGUID":"2021S051235290151","LANDAREA":0.2109,"PRUID":"35","CMA":"Brantford"}},
{"type":"Feature","geometry":{"type":"Polygon","coordinates":[[[-80.25772912304214,43.14617782774202],[-80.25976079111055,43.14604470190905],[-80.26322779881558,43.14581919356772],[-80.26297359539174,43.14400460041828],[-80.26418358951219,43.14391719007604],[-80.26408489949192,43.143021101584],[-80.262844110562,43.143098998735894],[-80.25901647891317,43.143354374065694],[-80.25772912304214,43.14617782774202]]]},"properties":{"DAUID":"35290152","DGUID":"2021S051235290152","LANDAREA":0.1225,"PRUID":"35","CMA":"Brantford"}},
{"type":"Feature","geometry":{"type":"Polygon","coordinates":[[[-80.26721608752932,43.14530510473217],[-80.26879611132057,43.14310408974255],[-80.27074659715193,43.14216721175673],[-80.26907190466204,43.14029251056451],[-80.26723410760546,43.14282010708086],[-80.26408489949192,43.143021101584],[-80.26418358951219,43.14391719007604],[-80.26431661520165,43.14482790303317],[-80.26572279816511,43.14474430102017],[-80.26721608752932,43.14530510473217]]]},"properties":{"DAUID":"35290153","DGUID":"2021S051235290153","LANDAREA":0.1159,"PRUID":"35","CMA":"Brantford"}},
{"type":"Feature","geometry":{"type":"Polygon","coordinates":[[[-80.27183830618257,43.14343490105696],[-80.27074659715193,43.14216721175673],[-80.26879611132057,43.14310408974255],[-80.26721608752932,43.14530510473217],[-80.2693375075311,43.14609880343427],[-80.27079391092398,43.14542730764503],[-80.26988599074977,43.14434538631629],[-80.27183830618257,43.14343490105696]]]},"properties":{"DAUID":"35290154","DGUID":"2021S051235290154","LANDAREA":0.0798,"PRUID":"35","CMA":"Brantford"}},
{"type":"Feature","geometry":{"type":"Polygon","coordinates":[[[-80.27468851065295,43.14366909780335],[-80.27569410006083,43.14185409914126],[-80.27671756951956,43.140171177121125],[-80.27389058110853,43.13953195593509],[-80.2699782078523,43.13738297848847],[-80.26934810970883,43.13786221232391],[-80.26973081570367,43.13938929237231],[-80.26907190466204,43.14029251056451],[-80.27074659715193,43.14216721175673],[-80.27183830618257,43.14343490105696],[-80.27283279012815,43.142960193931366],[-80.27377819381006,43.144050288020175],[-80.27468851065295,43.14366909780335]]]},"properties":{"DAUID":"35290155","DGUID":"2021S051235290155","LANDAREA":0.213,"PRUID":"35","CMA":"Brantford"}},
{"type":"Feature","geometry":{"type":"Polygon","coordinates":[[[-80.26408489949192,43.143021101584],[-80.26723410760546,43.14282010708086],[-80.26907190466204,43.14029251056451],[-80.26973081570367,43.13938929237231],[-80.26934810970883,43.13786221232391],[-80.26704720134728,43.13731909077371],[-80.26329009329206,43.13720678686733],[-80.26360851298757,43.13940479515287],[-80.26235799082815,43.139494089791405],[-80.262844110562,43.143098998735894],[-80.26408489949192,43.143021101584]]]},"properties":{"DAUID":"35290156","DGUID":"2021S051235290156","LANDAREA":0.2919,"PRUID":"35","CMA":"Brantford"}},
{"type":"Feature","geometry":{"type":"Polygon","coordinates":[[[-80.25901647891317,43.143354374065694],[-80.262844110562,43.143098998735894],[-80.26235799082815,43.139494089791405],[-80.26360851298757,43.13940479515287],[-80.26329009329206,43.13720678686733],[-80.26021841298444,43.136821494147085],[-80.25867215307099,43.13881826948996],[-80.25899592303384,43.14153260606011],[-80.25901647891317,43.143354374065694]]]},"properties":{"DAUID":"35290157","DGUID":"2021S051235290157","LANDAREA":0.2144,"PRUID":"35","CMA":"Brantford"}},
{"type":"Feature","geometry":{"type":"Polygon","coordinates":[[[-80.25391510208974,43.14096249338691],[-80.25414719658092,43.14275929839483],[-80.25563401589434,43.1426609943913],[-80.25552300209749,43.14175098863187],[-80.25899592303384,43.14153260606011],[-80.25867215307099,43.13881826948996],[-80.25366661592494,43.13915630323976],[-80.25391510208974,43.14096249338691]]]},"properties":{"DAUID":"35290158","DGUID":"2021S051235290158","LANDAREA":0.1345,"PRUID":"35","CMA":"Brantford"}},
{"type":"Feature","geometry":{"type":"Polygon","coordinates":[[[-80.2532011924213,43.135544993663956],[-80.25343841338854,43.13736078917549],[-80.25366661592494,43.13915630323976],[-80.25867215307099,43.13881826948996],[-80.26021841298444,43.136821494147085],[-80.25893210778979,43.136189810194765],[-80.25571600402449,43.13388951231114],[-80.25591638243527,43.13538080707866],[-80.2532011924213,43.135544993663956]]]},"properties":{"DAUID":"35290159","DGUID":"2021S051235290159","LANDAREA":0.2029,"PRUID":"35","CMA":"Brantford"}},
{"type":"Feature","geometry":{"type":"Polygon","coordinates":[[[-80.22137473260715,43.13746491283012],[-80.2190073601235,43.138701093661005],[-80.21755230102038,43.13884377182639],[-80.21666721027708,43.140971906073936],[-80.21559257966207,43.14216271773777],[-80.2141296260139,43.14298304262057],[-80.20935518307039,43.14348470638628],[-80.20920150239978,43.14501709039212],[-80.21747689795087,43.1444346028425],[-80.21759009383656,43.14566248855369],[-80.21775090002025,43.14683310813225],[-80.22185961423595,43.14655469646308],[-80.2215565836289,43.14414320715653],[-80.22327810888663,43.14402560755286],[-80.22300068904163,43.14298198593475],[-80.22399050027643,43.14266790915942],[-80.22135659736385,43.137862791612896],[-80.22137473260715,43.13746491283012]]]},"properties":{"DAUID":"35290164","DGUID":"2021S051235290164","LANDAREA":0.5245,"PRUID":"35","CMA":"Brantford"}},
{"type":"Feature","geometry":{"type":"Polygon","coordinates":[[[-80.22135659736385,43.137862791612896],[-80.22399050027643,43.14266790915942],[-80.22698200929817,43.141725203649685],[-80.2314555122738,43.140318410820704],[-80.23105900389447,43.13906329522686],[-80.227289287752,43.139839200812446],[-80.2270182973858,43.13853030981317],[-80.22487101341238,43.137967094415764],[-80.22545278957242,43.137203009027566],[-80.22736659734737,43.13758720308232],[-80.22976610028692,43.13714109850299],[-80.22979791177491,43.13619970925099],[-80.22729359252497,43.135367988345486],[-80.22613438264075,43.135453109795066],[-80.22135659736385,43.137862791612896]]]},"properties":{"DAUID":"35290165","DGUID":"2021S051235290165","LANDAREA":0.3327,"PRUID":"35","CMA":"Brantford"}},
{"type":"Feature","geometry":{"type":"Polygon","coordinates":[[[-80.2478521901065,43.18355770207887],[-80.2457157192538,43.183965990708415],[-80.24272834290731,43.1844595177259],[-80.2395897933691,43.183336595777355],[-80.24039511120914,43.18594380194811],[-80.24135358571988,43.18712611061282],[-80.24241958749232,43.186935107759226],[-80.24458378583516,43.187374797254996],[-80.24598399550023,43.189093401152356],[-80.24552311420862,43.191038693719015],[-80.2430860072702,43.19142050273048],[-80.24298261377437,43.190269003979076],[-80.24114830635133,43.1901924942913],[-80.24129371837996,43.191067493011275],[-80.24172868409418,43.19230429891316],[-80.25056579297565,43.19088369730967],[-80.24929138889854,43.18666880906875],[-80.2478521901065,43.18355770207887]]]},"properties":{"DAUID":"35290221","DGUID":"2021S051235290221","LANDAREA":0.4445,"PRUID":"35","CMA":"Brantford"}},
{"type":"Feature","geometry":{"type":"Polygon","coordinates":[[[-80.23021897905484,43.18438727017731],[-80.23410482780427,43.19351091778506],[-80.23560258869387,43.193272489533015],[-80.23509388980236,43.19196539869748],[-80.23403870767203,43.19191720498016],[-80.2332079120974,43.189815894835476],[-80.23494601134297,43.1903660917019],[-80.2361075127797,43.190180811767924],[-80.23671421031,43.19101761369417],[-80.23796810183262,43.190764890127085],[-80.23707698489685,43.189492509289835],[-80.23693860341191,43.18801990774267],[-80.23502949282457,43.188106699557],[-80.23390580787952,43.187689101929415],[-80.23253048622821,43.18804650649911],[-80.23170921506151,43.18594320688079],[-80.23325420511108,43.18480459034218],[-80.23437799103407,43.185334992607885],[-80.2362497052855,43.185545508502685],[-80.23805738749448,43.18480329782138],[-80.23942629225677,43.186368204607646],[-80.24039511120914,43.18594380194811],[-80.2395897933691,43.183336595777355],[-80.23857229667627,43.18246280789077],[-80.23729891317286,43.182155809879006],[-80.23138531763726,43.18235889576418],[-80.22960595477859,43.182350322649675],[-80.23021897905484,43.18438727017731]]]},"properties":{"DAUID":"35290223","DGUID":"2021S051235290223","LANDAREA":0.4189,"PRUID":"35","CMA":"Brantford"}},
{"type":"Feature","geometry":{"type":"Polygon","coordinates":[[[-80.22747859881738,43.2783655449249],[-80.2310377986863,43.287408023040705],[-80.23332086112703,43.29347751319949],[-80.23781692761871,43.30451758908328],[-80.23843479478441,43.30653390225089],[-80.25047640708506,43.30449429697831],[-80.25650669979203,43.30339010419502],[-80.26007638934873,43.30285498852307],[-80.2748144938741,43.300401099953945],[-80.29730878336738,43.29662450585243],[-80.3071205975265,43.29488930315181],[-80.3115731197017,43.29418073606631],[-80.30897789396012,43.287785391684935],[-80.30365580894109,43.274106797985965],[-80.30296751415419,43.27178838934178],[-80.29684459291241,43.256022893336564],[-80.2950165120122,43.25199990371378],[-80.28080660956088,43.25433528872861],[-80.25843750721873,43.258136503235015],[-80.2554873879903,43.25858559070078],[-80.23619901037435,43.261877016831626],[-80.22184145528553,43.26425229628436],[-80.22485546996202,43.271345300939906],[-80.22747859881738,43.2783655449249]]]},"properties":{"DAUID":"35290224","DGUID":"2021S051235290224","LANDAREA":29.3587,"PRUID":"35","CMA":"Brantford"}},
{"type":"Feature","geometry":{"type":"Polygon","coordinates":[[[-80.2950165120122,43.25199990371378],[-80.29407290318625,43.25001538920095],[-80.289274099096,43.23810779861724],[-80.26950389622671,43.24141400894273],[-80.26059349976585,43.242860610221385],[-80.2540019994938,43.24401539312105],[-80.25281700399609,43.24422380040789],[-80.25366691356831,43.24624640815489],[-80.25527611303525,43.246607989427716],[-80.25794190496467,43.246184099668554],[-80.25859780152072,43.24797129265803],[-80.26067108687865,43.247651602180525],[-80.26121778874963,43.24930290537852],[-80.25968849479244,43.2514811873172],[-80.25675149555325,43.25190339770454],[-80.2563547094969,43.25109939485035],[-80.2556143123629,43.251202607671694],[-80.25843750721873,43.258136503235015],[-80.28080660956088,43.25433528872861],[-80.2950165120122,43.25199990371378]]]},"properties":{"DAUID":"35290225","DGUID":"2021S051235290225","LANDAREA":4.5982,"PRUID":"35","CMA":"Brantford"}},
{"type":"Feature","geometry":{"type":"Polygon","coordinates":[[[-80.25366691356831,43.24624640815489],[-80.25456069687769,43.248710496686414],[-80.25570888728515,43.249510407794595],[-80.2563547094969,43.25109939485035],[-80.25675149555325,43.25190339770454],[-80.25968849479244,43.2514811873172],[-80.26121778874963,43.24930290537852],[-80.26067108687865,43.247651602180525],[-80.25859780152072,43.24797129265803],[-80.25794190496467,43.246184099668554],[-80.25527611303525,43.246607989427716],[-80.25366691356831,43.24624640815489]]]},"properties":{"DAUID":"35290226","DGUID":"2021S051235290226","LANDAREA":0.2272,"PRUID":"35","CMA":"Brantford"}},
{"type":"Feature","geometry":{"type":"Polygon","coordinates":[[[-80.21822583731603,43.25478641981973],[-80.22184145528553,43.26425229628436],[-80.23619901037435,43.261877016831626],[-80.2554873879903,43.25858559070078],[-80.25843750721873,43.258136503235015],[-80.2556143123629,43.251202607671694],[-80.2563547094969,43.25109939485035],[-80.25570888728515,43.249510407794595],[-80.25456069687769,43.248710496686414],[-80.25366691356831,43.24624640815489],[-80.25281700399609,43.24422380040789],[-80.25113841277155,43.244500990517054],[-80.25170079530655,43.24585529098545],[-80.24572229630266,43.24820230470238],[-80.237647203055,43.25070611005744],[-80.23623911425607,43.251011902235334],[-80.23308169277593,43.24345381061066],[-80.23196419900079,43.243185193536306],[-80.22840061297508,43.24154038953921],[-80.228240012806,43.240602791280565],[-80.22659418273076,43.23634150995159],[-80.22513699665222,43.233738298598595],[-80.22577873541547,43.23363464468408],[-80.21583453543549,43.233509058869366],[-80.21558553621792,43.2325275333173],[-80.2139547870176,43.23276149093734],[-80.21376830040822,43.23194081247758],[-80.21226489588344,43.23202048976646],[-80.21183920534823,43.23064890012581],[-80.2081767163491,43.22945069712328],[-80.20989658173168,43.23384792878645],[-80.21206447459292,43.23865867366238],[-80.21822583731603,43.25478641981973]]]},"properties":{"DAUID":"35290227","DGUID":"2021S051235290227","LANDAREA":6.9205,"PRUID":"35","CMA":"Brantford"}},
{"type":"Feature","geometry":{"type":"Polygon","coordinates":[[[-80.25113841277155,43.244500990517054],[-80.25012648756696,43.244656387582786],[-80.2490908876381,43.241723087230845],[-80.2465085863963,43.241372893428476],[-80.24550151503234,43.24014170396962],[-80.24595139157586,43.23961339835402],[-80.24929620113478,43.240049593308115],[-80.25102401764245,43.23976379735722],[-80.24727488327649,43.230158199619176],[-80.22577873541547,43.23363464468408],[-80.22513699665222,43.233738298598595],[-80.22659418273076,43.23634150995159],[-80.228240012806,43.240602791280565],[-80.22840061297508,43.24154038953921],[-80.23196419900079,43.243185193536306],[-80.23308169277593,43.24345381061066],[-80.23623911425607,43.251011902235334],[-80.237647203055,43.25070611005744],[-80.24572229630266,43.24820230470238],[-80.25170079530655,43.24585529098545],[-80.25113841277155,43.244500990517054]]]},"properties":{"DAUID":"35290228","DGUID":"2021S051235290228","LANDAREA":3.0575,"PRUID":"35","CMA":"Brantford"}},
{"type":"Feature","geometry":{"type":"Polygon","coordinates":[[[-80.2540019994938,43.24401539312105],[-80.25259470253913,43.240242302292],[-80.25102401764245,43.23976379735722],[-80.24929620113478,43.240049593308115],[-80.24595139157586,43.23961339835402],[-80.24550151503234,43.24014170396962],[-80.2465085863963,43.241372893428476],[-80.2490908876381,43.241723087230845],[-80.25012648756696,43.244656387582786],[-80.25113841277155,43.244500990517054],[-80.25281700399609,43.24422380040789],[-80.2540019994938,43.24401539312105]]]},"properties":{"DAUID":"35290229","DGUID":"2021S051235290229","LANDAREA":0.2025,"PRUID":"35","CMA":"Brantford"}},
{"type":"Feature","geometry":{"type":"Polygon","coordinates":[[[-80.2081767163491,43.22945069712328],[-80.21183920534823,43.23064890012581],[-80.21226489588344,43.23202048976646],[-80.21376830040822,43.23194081247758],[-80.2139547870176,43.23276149093734],[-80.21558553621792,43.2325275333173],[-80.21583453543549,43.233509058869366],[-80.22577873541547,43.23363464468408],[-80.24727488327649,43.230158199619176],[-80.25102401764245,43.23976379735722],[-80.25259470253913,43.240242302292],[-80.2540019994938,43.24401539312105],[-80.26059349976585,43.242860610221385],[-80.26950389622671,43.24141400894273],[-80.26607550361427,43.23253149084726],[-80.26313749052187,43.23311589804385],[-80.26118108489847,43.22787160356285],[-80.28377240544818,43.22411621022088],[-80.27893721179024,43.2112452097108],[-80.27872301042852,43.20852440719013],[-80.27977188513346,43.20517219468725],[-80.277157996133,43.205534002515854],[-80.271791086614,43.206553485792085],[-80.26125729431882,43.208304904521825],[-80.25659548284602,43.20900410957349],[-80.24006350298143,43.21191200803088],[-80.23758428578621,43.212282710374815],[-80.21708790563761,43.21601629317253],[-80.20362568736277,43.21831860874654],[-80.2081767163491,43.22945069712328]]]},"properties":{"DAUID":"35290230","DGUID":"2021S051235290230","LANDAREA":14.584,"PRUID":"35","CMA":"Brantford"}},
{"type":"Feature","geometry":{"type":"Polygon","coordinates":[[[-80.2950165120122,43.25199990371378],[-80.30041901413617,43.2511341948733],[-80.3062580031404,43.250071197405525],[-80.30919759490119,43.250467187123036],[-80.31385409545564,43.25046820285727],[-80.31578999241457,43.25030870842332],[-80.31761350348307,43.2491759971837],[-80.31890859223874,43.24792311133041],[-80.32165769187955,43.24773230025705],[-80.32293208881049,43.24721758837468],[-80.3314350952896,43.24577280768965],[-80.3256409073135,43.23169150243703],[-80.32551529744364,43.23079930678282],[-80.32027711378306,43.2178916048443],[-80.28377240544818,43.22411621022088],[-80.26118108489847,43.22787160356285],[-80.26313749052187,43.23311589804385],[-80.26607550361427,43.23253149084726],[-80.26950389622671,43.24141400894273],[-80.289274099096,43.23810779861724],[-80.29407290318625,43.25001538920095],[-80.2950165120122,43.25199990371378]]]},"properties":{"DAUID":"35290231","DGUID":"2021S051235290231","LANDAREA":12.6324,"PRUID":"35","CMA":"Brantford"}},
{"type":"Feature","geometry":{"type":"Polygon","coordinates":[[[-80.29483852143909,43.16483254590438],[-80.29680827638774,43.166528745717436],[-80.3007740882262,43.16880095605622],[-80.30381998314907,43.169853152059886],[-80.3104393160376,43.171569470763764],[-80.32419969891939,43.17502255125151],[-80.3332015428616,43.177367242761285],[-80.34146358283655,43.17578009409943],[-80.35295675042806,43.17380315970091],[-80.35163296185327,43.16924589484742],[-80.35047403897799,43.16715919555567],[-80.35144875215596,43.16438812040651],[-80.35317571765532,43.16193558653305],[-80.35379305411469,43.159982404110295],[-80.35396714666855,43.15664136781316],[-80.35355222171835,43.155538727919],[-80.35188130581348,43.15393061341001],[-80.34886741478671,43.15340470792304],[-80.34570755833906,43.15387740382039],[-80.34221710852444,43.15478039248737],[-80.34036629578554,43.154981594363086],[-80.3380498923046,43.15418567714263],[-80.33615803149254,43.15213419926164],[-80.33594920916738,43.1492238906794],[-80.33527168501054,43.14705874706502],[-80.3344470947496,43.14598689619695],[-80.33201706099699,43.1449734541709],[-80.32687725635094,43.14548305358768],[-80.32488676890159,43.1469802011559],[-80.3236244605578,43.14880299499529],[-80.32132624337368,43.15088020460696],[-80.32057364401358,43.1521995016698],[-80.319622247522,43.152378110612624],[-80.31740296360822,43.153433226638754],[-80.30723984796502,43.15769265813137],[-80.30458012506122,43.158284139661156],[-80.30471638706842,43.159511016663394],[-80.30283201122572,43.16007240363419],[-80.30201360196172,43.162465901654585],[-80.30189259219595,43.163677191004105],[-80.29523108629469,43.16476690583439],[-80.28509460523095,43.15538929766871],[-80.28518031218478,43.154896211674526],[-80.28804888554016,43.153195397385204],[-80.28755549644366,43.152428303805046],[-80.28431320087338,43.15434161104416],[-80.28364960471475,43.15451321641833],[-80.28595777518449,43.15663597567244],[-80.29483852143909,43.16483254590438]]]},"properties":{"DAUID":"35290234","DGUID":"2021S051235290234","LANDAREA":9.8574,"PRUID":"35","CMA":"Brantford"}},
{"type":"Feature","geometry":{"type":"Polygon","coordinates":[[[-80.29324569663338,43.14817650518454],[-80.29147430274256,43.150736495235854],[-80.28755549644366,43.152428303805046],[-80.28804888554016,43.153195397385204],[-80.28518031218478,43.154896211674526],[-80.28509460523095,43.15538929766871],[-80.29523108629469,43.16476690583439],[-80.30189259219595,43.163677191004105],[-80.30201360196172,43.162465901654585],[-80.30283201122572,43.16007240363419],[-80.30471638706842,43.159511016663394],[-80.30458012506122,43.158284139661156],[-80.29893292041757,43.15843803450002],[-80.29669262329702,43.1582361782742],[-80.29395395424395,43.157369525307345],[-80.29179207912428,43.15613933895048],[-80.29140122336253,43.15448179772346],[-80.29198577461072,43.153085101698565],[-80.29317713708515,43.15150683889496],[-80.29427588064868,43.1507133789964],[-80.29443622897907,43.14847488283268],[-80.29324569663338,43.14817650518454]]]},"properties":{"DAUID":"35290235","DGUID":"2021S051235290235","LANDAREA":0.9314,"PRUID":"35","CMA":"Brantford"}},
{"type":"Feature","geometry":{"type":"Polygon","coordinates":[[[-80.35295675042806,43.17380315970091],[-80.35315506013767,43.174325398321464],[-80.35590889922638,43.17340720820269],[-80.35738305189733,43.173315076502384],[-80.36339918338969,43.17245859950912],[-80.36561861148445,43.17198470325876],[-80.36819949571485,43.17105350887756],[-80.37064709336501,43.171120997399356],[-80.37340691030012,43.17073091018632],[-80.38618283826393,43.16851726129166],[-80.3876749001772,43.173384722169644],[-80.39006001146389,43.17900999192407],[-80.38962965785781,43.17953452011461],[-80.39035091464274,43.181408457496936],[-80.39478176731924,43.180546952843606],[-80.39606605370064,43.18081199336832],[-80.40264491261956,43.17762290741249],[-80.40426319528814,43.17696500175546],[-80.40617680446299,43.18136919354966],[-80.4087367273244,43.183942596830306],[-80.43215139095987,43.18015939818401],[-80.43320089537143,43.17975939994683],[-80.43645260586882,43.179406306351936],[-80.4325508193997,43.170247090226844],[-80.43133354057638,43.1665614820589],[-80.42546941074222,43.152299732272674],[-80.42143131386939,43.14263671342032],[-80.4149996963537,43.125890991906346],[-80.40242770338841,43.12795121267388],[-80.38556839369807,43.13080651107166],[-80.3794746898462,43.11577150429046],[-80.3625801119207,43.121063498253406],[-80.36066990281766,43.12152110015186],[-80.36613479374014,43.1352543114122],[-80.36779651712916,43.13855289300577],[-80.36910948919824,43.14240520960525],[-80.37283710795082,43.151871697135725],[-80.36315270231457,43.153547211954745],[-80.36195150985668,43.15078499258859],[-80.3601059870226,43.14967610005289],[-80.35788211668465,43.14947459741962],[-80.35480449802522,43.14975440459226],[-80.3526234975377,43.148985693763],[-80.35095748813737,43.14720229550946],[-80.34781980903945,43.14504129454913],[-80.34243181879108,43.14060709037829],[-80.34152249454561,43.13826058992534],[-80.33187689031436,43.13987960586356],[-80.32196061685384,43.14146909582456],[-80.31338578994114,43.1429128040504],[-80.3124803165416,43.14360968967841],[-80.31065297824692,43.14347647090475],[-80.31235991797827,43.14811204295866],[-80.31350642300781,43.14993205193548],[-80.319622247522,43.152378110612624],[-80.32057364401358,43.1521995016698],[-80.32132624337368,43.15088020460696],[-80.3236244605578,43.14880299499529],[-80.32488676890159,43.1469802011559],[-80.32687725635094,43.14548305358768],[-80.33201706099699,43.1449734541709],[-80.3344470947496,43.14598689619695],[-80.33527168501054,43.14705874706502],[-80.33594920916738,43.1492238906794],[-80.33615803149254,43.15213419926164],[-80.3380498923046,43.15418567714263],[-80.34036629578554,43.154981594363086],[-80.34221710852444,43.15478039248737],[-80.34570755833906,43.15387740382039],[-80.34886741478671,43.15340470792304],[-80.35188130581348,43.15393061341001],[-80.35355222171835,43.155538727919],[-80.35396714666855,43.15664136781316],[-80.35379305411469,43.159982404110295],[-80.35317571765532,43.16193558653305],[-80.35144875215596,43.16438812040651],[-80.35047403897799,43.16715919555567],[-80.35163296185327,43.16924589484742],[-80.35295675042806,43.17380315970091]]]},"properties":{"DAUID":"35290236","DGUID":"2021S051235290236","LANDAREA":33.4541,"PRUID":"35","CMA":"Brantford"}},
{"type":"Feature","geometry":{"type":"Polygon","coordinates":[[[-80.33187689031436,43.13987960586356],[-80.33005879427735,43.13520448854204],[-80.32917671172115,43.13379449523256],[-80.3256059014803,43.13202659469538],[-80.32796859372817,43.12959120658237],[-80.32913350908132,43.12986820713826],[-80.33075999178342,43.129535499908705],[-80.33026819057957,43.128415999274914],[-80.33146739961256,43.127801689487676],[-80.33102579279343,43.12658348678228],[-80.31448121174128,43.12961920442926],[-80.311713707175,43.12995550191919],[-80.30831253352258,43.13008149617242],[-80.30845871825007,43.131592979627065],[-80.30718314002338,43.13448653160832],[-80.30629280193925,43.13752489420573],[-80.30902487847081,43.139845258473386],[-80.31017419878505,43.14185394068841],[-80.31065297824692,43.14347647090475],[-80.3124803165416,43.14360968967841],[-80.31338578994114,43.1429128040504],[-80.32196061685384,43.14146909582456],[-80.33187689031436,43.13987960586356]]]},"properties":{"DAUID":"35290237","DGUID":"2021S051235290237","LANDAREA":2.5709,"PRUID":"35","CMA":"Brantford"}},
{"type":"Feature","geometry":{"type":"Polygon","coordinates":[[[-80.36066990281766,43.12152110015186],[-80.35499641151344,43.108099091963325],[-80.35314189315893,43.10797150394792],[-80.332550587569,43.100541304847816],[-80.33114821463727,43.10518860175373],[-80.32821380783635,43.10493729935881],[-80.32550129570797,43.105731811621716],[-80.32182807183644,43.10777472079099],[-80.32275090962399,43.10830899890744],[-80.32453425396955,43.10796191141486],[-80.32922619613045,43.10869798503217],[-80.32780410447455,43.10981569986745],[-80.32646643262844,43.112850995232556],[-80.32107429793328,43.12039269929925],[-80.31918043456506,43.12273178725386],[-80.31663082970941,43.1243371768022],[-80.31138481072038,43.125992424520355],[-80.31448121174128,43.12961920442926],[-80.33102579279343,43.12658348678228],[-80.33146739961256,43.127801689487676],[-80.33026819057957,43.128415999274914],[-80.33075999178342,43.129535499908705],[-80.32913350908132,43.12986820713826],[-80.32796859372817,43.12959120658237],[-80.3256059014803,43.13202659469538],[-80.32917671172115,43.13379449523256],[-80.33005879427735,43.13520448854204],[-80.33187689031436,43.13987960586356],[-80.34152249454561,43.13826058992534],[-80.34243181879108,43.14060709037829],[-80.34781980903945,43.14504129454913],[-80.35095748813737,43.14720229550946],[-80.3526234975377,43.148985693763],[-80.35480449802522,43.14975440459226],[-80.35788211668465,43.14947459741962],[-80.3601059870226,43.14967610005289],[-80.36195150985668,43.15078499258859],[-80.36315270231457,43.153547211954745],[-80.37283710795082,43.151871697135725],[-80.36910948919824,43.14240520960525],[-80.36779651712916,43.13855289300577],[-80.36613479374014,43.1352543114122],[-80.36066990281766,43.12152110015186]]]},"properties":{"DAUID":"35290238","DGUID":"2021S051235290238","LANDAREA":13.725,"PRUID":"35","CMA":"Brantford"}},
{"type":"Feature","geometry":{"type":"Polygon","coordinates":[[[-80.2603589851169,43.07975539283843],[-80.2808953153768,43.08739640260847],[-80.28137608948653,43.08725528997623],[-80.28421181289532,43.08323890722867],[-80.28479091261894,43.08309840386645],[-80.30768289303123,43.09140670472779],[-80.30889649410838,43.09055849854754],[-80.31050642536638,43.087721954647314],[-80.31613221102704,43.066369800514586],[-80.29281768391172,43.058123601836286],[-80.28977029768689,43.06892871123511],[-80.27927681201595,43.06510799790501],[-80.27841869161048,43.06706568739926],[-80.27618929087919,43.07074360784715],[-80.27156328646383,43.07450530376063],[-80.26881659923966,43.076162710160126],[-80.26782060418398,43.076246410881424],[-80.26344208597546,43.0746514992384],[-80.2624107064816,43.076670891916024],[-80.2603589851169,43.07975539283843]]]},"properties":{"DAUID":"35290240","DGUID":"2021S051235290240","LANDAREA":8.8994,"PRUID":"35","CMA":"Brantford"}},
{"type":"Feature","geometry":{"type":"Polygon","coordinates":[[[-80.24309798564359,43.03193429736859],[-80.23192660098661,43.04876219632878],[-80.22099810204922,43.06531140989878],[-80.23911810109324,43.071889909999165],[-80.2603589851169,43.07975539283843],[-80.2624107064816,43.076670891916024],[-80.26344208597546,43.0746514992384],[-80.26782060418398,43.076246410881424],[-80.26881659923966,43.076162710160126],[-80.27156328646383,43.07450530376063],[-80.27618929087919,43.07074360784715],[-80.27841869161048,43.06706568739926],[-80.27927681201595,43.06510799790501],[-80.28977029768689,43.06892871123511],[-80.29281768391172,43.058123601836286],[-80.31613221102704,43.066369800514586],[-80.3180755110591,43.05946550763172],[-80.29388879962359,43.05039499829864],[-80.29349951067267,43.05008640902916],[-80.28799309976348,43.048220846133574],[-80.27239651512853,43.042479999456965],[-80.26914620492052,43.04118059465501],[-80.25986728929026,43.03792420447602],[-80.25002870904174,43.03433019288884],[-80.24370921226593,43.03214540319015],[-80.24309798564359,43.03193429736859]]]},"properties":{"DAUID":"35290241","DGUID":"2021S051235290241","LANDAREA":20.1926,"PRUID":"35","CMA":"Brantford"}},
{"type":"Feature","geometry":{"type":"Polygon","coordinates":[[[-80.2536009001432,43.12368239666159],[-80.25335840551517,43.123347396976556],[-80.26309158090179,43.12234580750367],[-80.26331798732043,43.12436150901238],[-80.26365449738009,43.125939711308185],[-80.26400301617934,43.12773539056684],[-80.26179970466846,43.13009429649948],[-80.26066630800642,43.131319209104056],[-80.2624938016138,43.132324852787775],[-80.26527117502688,43.1311492000648],[-80.26410448885049,43.12983316536661],[-80.26493920977732,43.12701316154189],[-80.26504213523133,43.12529132456993],[-80.26393372199384,43.12303317848937],[-80.26372485612235,43.121762215381324],[-80.26415703115934,43.118815860767],[-80.26501644313386,43.11724360296518],[-80.26590700951427,43.11646785262358],[-80.27187443391732,43.114996533654505],[-80.27299782102682,43.113160423737284],[-80.27261690965966,43.11212430435814],[-80.27072073910874,43.110757596138725],[-80.26953241424596,43.10930254582439],[-80.26600380142804,43.10732613516314],[-80.2650101712885,43.10709280614253],[-80.26267206268034,43.10737068886344],[-80.25985819481252,43.109837147490325],[-80.25615465000894,43.110090531554704],[-80.25348934597916,43.11108828043972],[-80.2508451254977,43.111197434714086],[-80.24918884366035,43.11079646341375],[-80.24710880212412,43.109510401136774],[-80.24507634838737,43.10965745554896],[-80.24841899709898,43.114493491461225],[-80.25102409990313,43.119356209704335],[-80.2520380999749,43.12137139087012],[-80.24991230718699,43.12283609526579],[-80.24848990222496,43.12385468978066],[-80.2492632830249,43.12433640691957],[-80.25128139060695,43.123435995286435],[-80.2518633877696,43.12426790430834],[-80.2536009001432,43.12368239666159]]]},"properties":{"DAUID":"35290244","DGUID":"2021S051235290244","LANDAREA":2.2951,"PRUID":"35","CMA":"Brantford"}},
{"type":"Feature","geometry":{"type":"Polygon","coordinates":[[[-80.2536009001432,43.12368239666159],[-80.25526228831421,43.12603530949195],[-80.25819440287087,43.12559640591372],[-80.26022720296436,43.12542900057738],[-80.25995811275999,43.123771597329636],[-80.26167300409459,43.12359160507798],[-80.26183861457986,43.12446518990909],[-80.26331798732043,43.12436150901238],[-80.26309158090179,43.12234580750367],[-80.25335840551517,43.123347396976556],[-80.2536009001432,43.12368239666159]]]},"properties":{"DAUID":"35290245","DGUID":"2021S051235290245","LANDAREA":0.1886,"PRUID":"35","CMA":"Brantford"}},
{"type":"Feature","geometry":{"type":"Polygon","coordinates":[[[-80.26331798732043,43.12436150901238],[-80.26183861457986,43.12446518990909],[-80.26167300409459,43.12359160507798],[-80.25995811275999,43.123771597329636],[-80.26022720296436,43.12542900057738],[-80.25819440287087,43.12559640591372],[-80.25832141447657,43.1264032960707],[-80.26037571422077,43.12622631005639],[-80.26365449738009,43.125939711308185],[-80.26331798732043,43.12436150901238]]]},"properties":{"DAUID":"35290246","DGUID":"2021S051235290246","LANDAREA":0.0761,"PRUID":"35","CMA":"Brantford"}},
{"type":"Feature","geometry":{"type":"Polygon","coordinates":[[[-80.25526228831421,43.12603530949195],[-80.25593390864037,43.1269787007806],[-80.25379781601924,43.12713090352226],[-80.2538988089908,43.12789370409496],[-80.25644411241575,43.12770430189652],[-80.25685170464527,43.12830789843194],[-80.25856670071664,43.12799868773819],[-80.26061630896886,43.12781809702366],[-80.26037571422077,43.12622631005639],[-80.25832141447657,43.1264032960707],[-80.25819440287087,43.12559640591372],[-80.25526228831421,43.12603530949195]]]},"properties":{"DAUID":"35290247","DGUID":"2021S051235290247","LANDAREA":0.0992,"PRUID":"35","CMA":"Brantford"}},
{"type":"Feature","geometry":{"type":"Polygon","coordinates":[[[-80.26365449738009,43.125939711308185],[-80.26037571422077,43.12622631005639],[-80.26061630896886,43.12781809702366],[-80.25856670071664,43.12799868773819],[-80.25918830641366,43.12921849845927],[-80.26074829463458,43.12862089621324],[-80.26179970466846,43.13009429649948],[-80.26400301617934,43.12773539056684],[-80.26365449738009,43.125939711308185]]]},"properties":{"DAUID":"35290248","DGUID":"2021S051235290248","LANDAREA":0.1099,"PRUID":"35","CMA":"Brantford"}},
{"type":"Feature","geometry":{"type":"Polygon","coordinates":[[[-80.26527117502688,43.1311492000648],[-80.2624938016138,43.132324852787775],[-80.26066630800642,43.131319209104056],[-80.26179970466846,43.13009429649948],[-80.26074829463458,43.12862089621324],[-80.25918830641366,43.12921849845927],[-80.25856670071664,43.12799868773819],[-80.25685170464527,43.12830789843194],[-80.25788630242688,43.129708597767994],[-80.25655498871575,43.130208497306825],[-80.25746071563938,43.13149720535965],[-80.25876981550785,43.131005105709754],[-80.26057031731284,43.13353829513524],[-80.25977268711146,43.13551849556077],[-80.26021841298444,43.136821494147085],[-80.26329009329206,43.13720678686733],[-80.26704720134728,43.13731909077371],[-80.26934810970883,43.13786221232391],[-80.2699782078523,43.13738297848847],[-80.26865555521451,43.13635602204709],[-80.26730649145017,43.13358977482365],[-80.26527117502688,43.1311492000648]]]},"properties":{"DAUID":"35290249","DGUID":"2021S051235290249","LANDAREA":0.4628,"PRUID":"35","CMA":"Brantford"}},
{"type":"Feature","geometry":{"type":"Polygon","coordinates":[[[-80.25571600402449,43.13388951231114],[-80.25893210778979,43.136189810194765],[-80.26021841298444,43.136821494147085],[-80.25977268711146,43.13551849556077],[-80.26057031731284,43.13353829513524],[-80.25876981550785,43.131005105709754],[-80.25746071563938,43.13149720535965],[-80.25655498871575,43.130208497306825],[-80.25508700715821,43.13076131113244],[-80.25599568754372,43.132047996585534],[-80.25430068369053,43.13297710555753],[-80.25571600402449,43.13388951231114]]]},"properties":{"DAUID":"35290250","DGUID":"2021S051235290250","LANDAREA":0.1802,"PRUID":"35","CMA":"Brantford"}},
{"type":"Feature","geometry":{"type":"Polygon","coordinates":[[[-80.2538988089908,43.12789370409496],[-80.25205999532041,43.12803310204701],[-80.2519443139582,43.128924295576574],[-80.25353520472598,43.13134591230231],[-80.25508700715821,43.13076131113244],[-80.25655498871575,43.130208497306825],[-80.25788630242688,43.129708597767994],[-80.25685170464527,43.12830789843194],[-80.25644411241575,43.12770430189652],[-80.2538988089908,43.12789370409496]]]},"properties":{"DAUID":"35290251","DGUID":"2021S051235290251","LANDAREA":0.1266,"PRUID":"35","CMA":"Brantford"}},
{"type":"Feature","geometry":{"type":"Polygon","coordinates":[[[-80.25430068369053,43.13297710555753],[-80.25599568754372,43.132047996585534],[-80.25508700715821,43.13076131113244],[-80.25353520472598,43.13134591230231],[-80.2519443139582,43.128924295576574],[-80.25205999532041,43.12803310204701],[-80.25048819660817,43.12815151177067],[-80.24926769464983,43.12937819055152],[-80.25035929448374,43.12999600244413],[-80.25186019967163,43.13167370151269],[-80.25430068369053,43.13297710555753]]]},"properties":{"DAUID":"35290252","DGUID":"2021S051235290252","LANDAREA":0.1011,"PRUID":"35","CMA":"Brantford"}},
{"type":"Feature","geometry":{"type":"Polygon","coordinates":[[[-80.25379781601924,43.12713090352226],[-80.25366260486517,43.12627159569792],[-80.24898609670244,43.126673190893484],[-80.24742741364908,43.128494191725935],[-80.24926769464983,43.12937819055152],[-80.25048819660817,43.12815151177067],[-80.25205999532041,43.12803310204701],[-80.2538988089908,43.12789370409496],[-80.25379781601924,43.12713090352226]]]},"properties":{"DAUID":"35290253","DGUID":"2021S051235290253","LANDAREA":0.102,"PRUID":"35","CMA":"Brantford"}},
{"type":"Feature","geometry":{"type":"Polygon","coordinates":[[[-80.2518633877696,43.12426790430834],[-80.2498908107686,43.12484771259237],[-80.24874060555614,43.12560769158415],[-80.24774928452392,43.12514720866974],[-80.24715018959661,43.12582041106358],[-80.24898609670244,43.126673190893484],[-80.25366260486517,43.12627159569792],[-80.25379781601924,43.12713090352226],[-80.25593390864037,43.1269787007806],[-80.25526228831421,43.12603530949195],[-80.2536009001432,43.12368239666159],[-80.2518633877696,43.12426790430834]]]},"properties":{"DAUID":"35290254","DGUID":"2021S051235290254","LANDAREA":0.1283,"PRUID":"35","CMA":"Brantford"}},
{"type":"Feature","geometry":{"type":"Polygon","coordinates":[[[-80.24991230718699,43.12283609526579],[-80.24820680056345,43.12104009563805],[-80.24644740239484,43.12234369809136],[-80.24499421036084,43.123378193105985],[-80.24774928452392,43.12514720866974],[-80.24874060555614,43.12560769158415],[-80.2498908107686,43.12484771259237],[-80.2518633877696,43.12426790430834],[-80.25128139060695,43.123435995286435],[-80.2492632830249,43.12433640691957],[-80.24848990222496,43.12385468978066],[-80.24991230718699,43.12283609526579]]]},"properties":{"DAUID":"35290255","DGUID":"2021S051235290255","LANDAREA":0.1205,"PRUID":"35","CMA":"Brantford"}},
{"type":"Feature","geometry":{"type":"Polygon","coordinates":[[[-80.25102409990313,43.119356209704335],[-80.24811880420361,43.12008269170492],[-80.24576048401131,43.12183270462001],[-80.24644740239484,43.12234369809136],[-80.24820680056345,43.12104009563805],[-80.24991230718699,43.12283609526579],[-80.2520380999749,43.12137139087012],[-80.25102409990313,43.119356209704335]]]},"properties":{"DAUID":"35290256","DGUID":"2021S051235290256","LANDAREA":0.093,"PRUID":"35","CMA":"Brantford"}},
{"type":"Feature","geometry":{"type":"Polygon","coordinates":[[[-80.24507634838737,43.10965745554896],[-80.24304143366315,43.11108916901451],[-80.24234224742574,43.11235724021397],[-80.2419523528978,43.114372899012324],[-80.2425582094447,43.115739263288916],[-80.24181031615633,43.11750665677787],[-80.24011150811057,43.11812703779982],[-80.23910426900865,43.11787832795423],[-80.23768223814494,43.116764133174485],[-80.23559350880835,43.116531154273005],[-80.23402777412853,43.117224607908845],[-80.23926834091313,43.121034746739],[-80.23818456146624,43.123299576982596],[-80.23719369633315,43.12328293502537],[-80.23728003022677,43.124607227962734],[-80.24069128362777,43.12538480390194],[-80.24282051509462,43.12641529656085],[-80.24453620234439,43.12471999545062],[-80.24302229499865,43.123798211866955],[-80.24429668575802,43.122875605291085],[-80.24499421036084,43.123378193105985],[-80.24644740239484,43.12234369809136],[-80.24576048401131,43.12183270462001],[-80.24811880420361,43.12008269170492],[-80.25102409990313,43.119356209704335],[-80.24841899709898,43.114493491461225],[-80.24507634838737,43.10965745554896]]]},"properties":{"DAUID":"35290257","DGUID":"2021S051235290257","LANDAREA":1.0067,"PRUID":"35","CMA":"Brantford"}},
{"type":"Feature","geometry":{"type":"Polygon","coordinates":[[[-80.23402777412853,43.117224607908845],[-80.23324572094697,43.11798886099783],[-80.2328343752482,43.12007686716327],[-80.23401585948245,43.122368817954275],[-80.23420120088501,43.12360507191132],[-80.2334306702808,43.12413425741035],[-80.23168796704086,43.1239596352249],[-80.23046550834155,43.12264796455003],[-80.23010265252267,43.12091519292683],[-80.22788516964818,43.11876111979341],[-80.22500031037266,43.12562540161509],[-80.2271697880156,43.12593390157484],[-80.23255219536362,43.12741060975068],[-80.23443585752649,43.12814785414251],[-80.23508271662142,43.130689009713514],[-80.2372810639421,43.13022874223659],[-80.24107214671653,43.13003958467992],[-80.2432918689704,43.12779918597868],[-80.24450736365912,43.12712751958992],[-80.24282051509462,43.12641529656085],[-80.24069128362777,43.12538480390194],[-80.23728003022677,43.124607227962734],[-80.23719369633315,43.12328293502537],[-80.23818456146624,43.123299576982596],[-80.23926834091313,43.121034746739],[-80.23402777412853,43.117224607908845]]]},"properties":{"DAUID":"35290258","DGUID":"2021S051235290258","LANDAREA":0.9841,"PRUID":"35","CMA":"Brantford"}},
{"type":"Feature","geometry":{"type":"Polygon","coordinates":[[[-80.25122420362487,43.13165860801336],[-80.25186019967163,43.13167370151269],[-80.25035929448374,43.12999600244413],[-80.24926769464983,43.12937819055152],[-80.24742741364908,43.128494191725935],[-80.24898609670244,43.126673190893484],[-80.24715018959661,43.12582041106358],[-80.24774928452392,43.12514720866974],[-80.24499421036084,43.123378193105985],[-80.24429668575802,43.122875605291085],[-80.24302229499865,43.123798211866955],[-80.24453620234439,43.12471999545062],[-80.24282051509462,43.12641529656085],[-80.24450736365912,43.12712751958992],[-80.2432918689704,43.12779918597868],[-80.24107214671653,43.13003958467992],[-80.2372810639421,43.13022874223659],[-80.23508271662142,43.130689009713514],[-80.23443585752649,43.12814785414251],[-80.23255219536362,43.12741060975068],[-80.2271697880156,43.12593390157484],[-80.22500031037266,43.12562540161509],[-80.22788516964818,43.11876111979341],[-80.22542018057553,43.11907371822268],[-80.22495282391708,43.12005764588497],[-80.22380691061984,43.120253941460206],[-80.21847894654277,43.119313279651884],[-80.2164686435808,43.119268833179994],[-80.21553588483702,43.119944604421164],[-80.2138607689867,43.12336150484529],[-80.21210788672664,43.12492136630252],[-80.21150523165532,43.127111013535696],[-80.21340387746129,43.12951955357193],[-80.21457459916998,43.13043326533132],[-80.21901440900832,43.13173129765009],[-80.21962646560169,43.13325787414155],[-80.21830557410125,43.1361344610172],[-80.21755230102038,43.13884377182639],[-80.2190073601235,43.138701093661005],[-80.22137473260715,43.13746491283012],[-80.22662631646772,43.134815484537164],[-80.22981834904604,43.134683755057864],[-80.23262476176625,43.13402541800109],[-80.23508901581818,43.13219875294747],[-80.23663678834565,43.13130339083196],[-80.24043208507676,43.13126449289258],[-80.24234179990083,43.131632807285555],[-80.24521741342623,43.13283999561926],[-80.24730548861505,43.13260600357726],[-80.25122420362487,43.13165860801336]]]},"properties":{"DAUID":"35290259","DGUID":"2021S051235290259","LANDAREA":2.6342,"PRUID":"35","CMA":"Brantford"}},
{"type":"Feature","geometry":{"type":"Polygon","coordinates":[[[-80.11343819560362,43.117137005007855],[-80.11579891043878,43.118765300493045],[-80.11740041595431,43.1193810002972],[-80.11902439342269,43.11585460637202],[-80.12081319384029,43.11540010482551],[-80.12406910041625,43.11636160648403],[-80.12616159652477,43.112703596728316],[-80.12733180736784,43.11165900271024],[-80.12995028907635,43.110751404442794],[-80.13438170428445,43.110271704249946],[-80.14036099072172,43.11071299959885],[-80.1501270019077,43.11019170489389],[-80.15637669087378,43.1097515903664],[-80.1751479057006,43.1085647970483],[-80.17711159199267,43.108767992710185],[-80.17902189584245,43.11021348777078],[-80.17935581691327,43.11098130098066],[-80.18028811153556,43.1184800895871],[-80.1813184992471,43.12048651041937],[-80.18316070861063,43.1215352108423],[-80.19524971316694,43.12583519975656],[-80.19635809878851,43.12662639070371],[-80.19620638392057,43.12788599665929],[-80.1937595090728,43.13633330674511],[-80.19197129946996,43.14086900205872],[-80.19817607731359,43.14365339284822],[-80.198045205044,43.1432574733025],[-80.20017350358071,43.141855218932655],[-80.19936396767835,43.14110880067978],[-80.19910529643298,43.139205467025604],[-80.1991945867948,43.1370475082443],[-80.19837791821628,43.134804228070955],[-80.19841487515905,43.13163623034599],[-80.19989056443531,43.12606084275382],[-80.20114295496113,43.12395728066592],[-80.20267229754363,43.12205276347159],[-80.20410482796899,43.120830282989374],[-80.20732232642304,43.11883055579763],[-80.20970236064836,43.117687934464485],[-80.21129509346508,43.11637117629766],[-80.21236949840751,43.11345993090479],[-80.21303866614441,43.112468837258284],[-80.21446955571028,43.1114249291278],[-80.21817713095415,43.1107017698906],[-80.2219306459136,43.10900009509092],[-80.22358067604952,43.1085364777108],[-80.22679984514183,43.10821604874846],[-80.23033931466647,43.10723854787488],[-80.23729823930776,43.10629270097956],[-80.23912228091042,43.10587478612632],[-80.2403028752974,43.10508140648245],[-80.24138598449846,43.103157752325295],[-80.24134365175082,43.10185324962246],[-80.23938839955557,43.096419315122525],[-80.23784605141778,43.093758000329444],[-80.23581119786621,43.09228813035576],[-80.23254800482485,43.09161766546696],[-80.23039170457699,43.091620079907074],[-80.22562928103454,43.09225932811864],[-80.22311067966773,43.093245653608285],[-80.22009879329029,43.09370473720438],[-80.21865297347713,43.09428197510898],[-80.21466732708622,43.09762234864796],[-80.21305812213654,43.0983144294993],[-80.21018742611865,43.09851085914496],[-80.20857678370899,43.09803450154755],[-80.20494562721476,43.09604774178686],[-80.20155857695305,43.09506271654721],[-80.19817510145603,43.093829709882115],[-80.19449419496576,43.092227431687824],[-80.19223307280772,43.0916587135001],[-80.18663508881482,43.09199864874853],[-80.18387400807947,43.09155748606424],[-80.18099808689257,43.09025187575223],[-80.17822499320786,43.088233845719145],[-80.17648085685003,43.08773507377423],[-80.16794232591823,43.08823403653236],[-80.16471461008315,43.088424427288736],[-80.16267489287254,43.089133747819126],[-80.15963398877847,43.09146112146655],[-80.15742514437368,43.09209013059903],[-80.14985783127138,43.092550720274446],[-80.14785898399232,43.09340407773715],[-80.14507898081189,43.09548926104848],[-80.14325071687479,43.09724736862789],[-80.14209184217081,43.10066404218886],[-80.1404271042903,43.10221596373338],[-80.13751135509148,43.10299289638623],[-80.13179869366077,43.10399136867281],[-80.12908925466616,43.10478809385492],[-80.12755538331743,43.10722304758767],[-80.1268510959552,43.10920008425327],[-80.12577610964806,43.11062034722237],[-80.12319431311603,43.11309971004556],[-80.12088247352524,43.11456296179511],[-80.11808254597524,43.11514303308789],[-80.11574217600597,43.114969619426034],[-80.11424444846726,43.114521219314554],[-80.11343819560362,43.117137005007855]]]},"properties":{"DAUID":"35290260","DGUID":"2021S051235290260","LANDAREA":19.7378,"PRUID":"35","CMA":"Brantford"}},
{"type":"Feature","geometry":{"type":"Polygon","coordinates":[[[-80.11343819560362,43.117137005007855],[-80.1119368554885,43.119737462678415],[-80.11742172294802,43.12096630452835],[-80.12640854743088,43.12248717151641],[-80.12315628601583,43.130564108227006],[-80.11407159894104,43.12720043603542],[-80.10993819961502,43.136387304456996],[-80.11807388957564,43.13924179665113],[-80.11905173129615,43.13930055063875],[-80.12385700774765,43.13811560526899],[-80.12495200555115,43.13806991101425],[-80.12887800816247,43.139549711041035],[-80.13258308462602,43.13845209447266],[-80.14298138633092,43.13585644908251],[-80.14401815645053,43.13646249427106],[-80.14915625963685,43.137464401394524],[-80.15058364236842,43.13561098877195],[-80.15286616951961,43.13505158921304],[-80.15394314819189,43.13541080876202],[-80.1547281665686,43.136443103643565],[-80.16061651499568,43.133713508029864],[-80.16505496589605,43.13149977390809],[-80.16705715144442,43.13247185407553],[-80.17292135649227,43.13434245658336],[-80.17568870667886,43.135022579448986],[-80.17929789401596,43.13646460636664],[-80.18723989938799,43.13933079303659],[-80.19197129946996,43.14086900205872],[-80.1937595090728,43.13633330674511],[-80.19620638392057,43.12788599665929],[-80.19635809878851,43.12662639070371],[-80.19524971316694,43.12583519975656],[-80.18316070861063,43.1215352108423],[-80.1813184992471,43.12048651041937],[-80.18028811153556,43.1184800895871],[-80.17935581691327,43.11098130098066],[-80.17902189584245,43.11021348777078],[-80.17711159199267,43.108767992710185],[-80.1751479057006,43.1085647970483],[-80.15637669087378,43.1097515903664],[-80.1501270019077,43.11019170489389],[-80.14036099072172,43.11071299959885],[-80.13438170428445,43.110271704249946],[-80.12995028907635,43.110751404442794],[-80.12733180736784,43.11165900271024],[-80.12616159652477,43.112703596728316],[-80.12406910041625,43.11636160648403],[-80.12081319384029,43.11540010482551],[-80.11902439342269,43.11585460637202],[-80.11740041595431,43.1193810002972],[-80.11579891043878,43.118765300493045],[-80.11343819560362,43.117137005007855]],[[-80.11684647221601,43.11976475451361],[-80.11652463330236,43.12031451028847],[-80.11376930550695,43.11960642153118],[-80.11382555557464,43.119120989959704],[-80.11684647221601,43.11976475451361]]]},"properties":{"DAUID":"35290261","DGUID":"2021S051235290261","LANDAREA":16.3353,"PRUID":"35","CMA":"Brantford"}},
{"type":"Feature","geometry":{"type":"Polygon","coordinates":[[[-80.11684647221601,43.11976475451361],[-80.11382555557464,43.119120989959704],[-80.11376930550695,43.11960642153118],[-80.11652463330236,43.12031451028847],[-80.11684647221601,43.11976475451361]]]},"properties":{"DAUID":"35290262","DGUID":"2021S051235290262","LANDAREA":0.0147,"PRUID":"35","CMA":"Brantford"}},
{"type":"Feature","geometry":{"type":"Polygon","coordinates":[[[-80.1020307799915,43.17481316526631],[-80.10419147099164,43.17413098069181],[-80.11595870065752,43.171678702070885],[-80.13201580449238,43.16807359107989],[-80.13304998860238,43.16888289526637],[-80.14798399007486,43.17427188737929],[-80.15138920914565,43.17535979651484],[-80.1531259885166,43.175219503596026],[-80.16730021335894,43.17156860614316],[-80.17017320963285,43.17018469911822],[-80.17004961438603,43.16840990099858],[-80.168677096071,43.16347430497375],[-80.17066478572065,43.159310491836244],[-80.17098710646313,43.15639529886114],[-80.17180660856442,43.154915489968175],[-80.17159170327756,43.15260869666015],[-80.1770940104003,43.15135169337162],[-80.18248319819459,43.15025569326776],[-80.18237378291231,43.14830990066669],[-80.18329761133617,43.14728100591171],[-80.19142639498479,43.14542970232142],[-80.19100659046106,43.14462530145865],[-80.19111440575846,43.14297819796781],[-80.19197129946996,43.14086900205872],[-80.18723989938799,43.13933079303659],[-80.17929789401596,43.13646460636664],[-80.17568870667886,43.135022579448986],[-80.17292135649227,43.13434245658336],[-80.16705715144442,43.13247185407553],[-80.16505496589605,43.13149977390809],[-80.16061651499568,43.133713508029864],[-80.1547281665686,43.136443103643565],[-80.15394314819189,43.13541080876202],[-80.15286616951961,43.13505158921304],[-80.15058364236842,43.13561098877195],[-80.14915625963685,43.137464401394524],[-80.14401815645053,43.13646249427106],[-80.14298138633092,43.13585644908251],[-80.13258308462602,43.13845209447266],[-80.12887800816247,43.139549711041035],[-80.12495200555115,43.13806991101425],[-80.12385700774765,43.13811560526899],[-80.11905173129615,43.13930055063875],[-80.10146032921169,43.143311700141396],[-80.10010739872993,43.146044589615244],[-80.09756621248243,43.14742030223808],[-80.08966508292417,43.14946480732693],[-80.06236708625174,43.15641219397386],[-80.05630835726663,43.15786643767957],[-80.0628565853294,43.16042712601484],[-80.0673163365236,43.16194569792993],[-80.07938582595668,43.16652776988238],[-80.1020307799915,43.17481316526631]]]},"properties":{"DAUID":"35290263","DGUID":"2021S051235290263","LANDAREA":29.3066,"PRUID":"35","CMA":"Brantford"}},
{"type":"Feature","geometry":{"type":"Polygon","coordinates":[[[-80.05630835726663,43.15786643767957],[-80.06236708625174,43.15641219397386],[-80.08966508292417,43.14946480732693],[-80.09756621248243,43.14742030223808],[-80.10010739872993,43.146044589615244],[-80.10146032921169,43.143311700141396],[-80.11905173129615,43.13930055063875],[-80.11807388957564,43.13924179665113],[-80.10993819961502,43.136387304456996],[-80.11407159894104,43.12720043603542],[-80.08657997311792,43.11731651071617],[-80.07029241817882,43.11180169447151],[-80.06866000196995,43.11377181126008],[-80.0656228921163,43.1203115891771],[-80.05496210630723,43.11652301132861],[-80.04695748994821,43.134115099660555],[-80.03994045156337,43.13151705131256],[-80.0304891079049,43.12818651546528],[-80.02149379853824,43.1248592987183],[-80.01963499608928,43.12424908945206],[-80.01177760057755,43.141929892353104],[-80.03230810807888,43.149282193076615],[-80.0482307880656,43.15507080480502],[-80.05488159219128,43.157674297264855],[-80.05630835726663,43.15786643767957]]]},"properties":{"DAUID":"35290264","DGUID":"2021S051235290264","LANDAREA":24.4089,"PRUID":"35","CMA":"Brantford"}},
{"type":"Feature","geometry":{"type":"Polygon","coordinates":[[[-80.01177760057755,43.141929892353104],[-80.01963499608928,43.12424908945206],[-80.02149379853824,43.1248592987183],[-80.0304891079049,43.12818651546528],[-80.03994045156337,43.13151705131256],[-80.04695748994821,43.134115099660555],[-80.05496210630723,43.11652301132861],[-80.0656228921163,43.1203115891771],[-80.06866000196995,43.11377181126008],[-80.07029241817882,43.11180169447151],[-80.07582029546354,43.099801988905284],[-80.06738634531438,43.09507297391123],[-80.06393057552175,43.092141430744405],[-80.06053933073076,43.09027892156697],[-80.0565558690214,43.08929711577997],[-80.05087905344188,43.08620045623802],[-80.04810277279392,43.08567927182629],[-80.04492531462294,43.086030406627025],[-80.03998176912218,43.08805413863167],[-80.03104349150448,43.094850500384986],[-80.02830952405229,43.09591268480256],[-80.02521634649733,43.096162141851174],[-80.01857486373093,43.094932979966345],[-80.01256226873986,43.094249784107255],[-80.00970342553813,43.09248459253622],[-80.00667021872877,43.09001881633141],[-80.00389070748473,43.088769413032885],[-80.00182680080296,43.092938395874484],[-79.99228421086443,43.114394405533005],[-79.98432309550881,43.13200039484816],[-79.99215811514375,43.134807101552724],[-80.01177760057755,43.141929892353104]]]},"properties":{"DAUID":"35290265","DGUID":"2021S051235290265","LANDAREA":25.9707,"PRUID":"35","CMA":"Brantford"}},
{"type":"Feature","geometry":{"type":"Polygon","coordinates":[[[-80.31662435166255,43.021304951771214],[-80.3061693435207,43.022841672281025],[-80.30029774201202,43.02360703353921],[-80.29451629738757,43.02457250113831],[-80.26321330731861,43.02913889610727],[-80.24370921226593,43.03214540319015],[-80.25002870904174,43.03433019288884],[-80.25986728929026,43.03792420447602],[-80.26914620492052,43.04118059465501],[-80.27239651512853,43.042479999456965],[-80.28799309976348,43.048220846133574],[-80.29349951067267,43.05008640902916],[-80.29388879962359,43.05039499829864],[-80.30008870571068,43.049388496384],[-80.31367968878617,43.04730058721418],[-80.30891720775377,43.03514219601865],[-80.3296231872151,43.03203259649684],[-80.32895599813402,43.03018260738899],[-80.33123319975809,43.0295925945096],[-80.33204530830616,43.03167748904943],[-80.33981509262793,43.030552000079254],[-80.36633220727325,43.02660461222267],[-80.36670199021017,43.025255896394036],[-80.36796360852557,43.023119690161046],[-80.37043351056134,43.02042280317651],[-80.37186780068795,43.01817040425658],[-80.37200708631505,43.016550307001],[-80.37072849453145,43.013166295650755],[-80.34914489367148,43.01651258845707],[-80.33735749297814,43.018272859038994],[-80.31662435166255,43.021304951771214]]]},"properties":{"DAUID":"35290270","DGUID":"2021S051235290270","LANDAREA":16.0961,"PRUID":"35","CMA":"Brantford"}},
{"type":"Feature","geometry":{"type":"Polygon","coordinates":[[[-80.3180755110591,43.05946550763172],[-80.32650506547839,43.062238129091895],[-80.34155491196437,43.06758140149821],[-80.34279846421961,43.06906784648877],[-80.35577732034515,43.0729686324858],[-80.35974561568862,43.074465360998715],[-80.368538487825,43.05802619554907],[-80.36911708626084,43.056687607237436],[-80.36933698320473,43.05440160445099],[-80.36624951327781,43.03941821008212],[-80.3650106936565,43.033350988902335],[-80.36503969861587,43.03173030186298],[-80.36611458627426,43.02747690006271],[-80.36633220727325,43.02660461222267],[-80.33981509262793,43.030552000079254],[-80.33204530830616,43.03167748904943],[-80.33123319975809,43.0295925945096],[-80.32895599813402,43.03018260738899],[-80.3296231872151,43.03203259649684],[-80.30891720775377,43.03514219601865],[-80.31367968878617,43.04730058721418],[-80.30008870571068,43.049388496384],[-80.29388879962359,43.05039499829864],[-80.3180755110591,43.05946550763172]]]},"properties":{"DAUID":"35290271","DGUID":"2021S051235290271","LANDAREA":18.48,"PRUID":"35","CMA":"Brantford"}},
{"type":"Feature","geometry":{"type":"Polygon","coordinates":[[[-80.36624951327781,43.03941821008212],[-80.37984691584398,43.03746659844185],[-80.37881801308012,43.034813605376776],[-80.37655946251014,43.02887309788343],[-80.37895844148464,43.02832218491193],[-80.38100798946775,43.028991388544334],[-80.38323200039048,43.02866556919918],[-80.38136139669206,43.02357110025589],[-80.37956628802239,43.023894599846415],[-80.37901598999116,43.02247780018921],[-80.37112409436747,43.02370440026337],[-80.37187639128847,43.02576171073483],[-80.36767219067586,43.026395895369404],[-80.36611458627426,43.02747690006271],[-80.36503969861587,43.03173030186298],[-80.3650106936565,43.033350988902335],[-80.36624951327781,43.03941821008212]]]},"properties":{"DAUID":"35290272","DGUID":"2021S051235290272","LANDAREA":1.7787,"PRUID":"35","CMA":"Brantford"}},
{"type":"Feature","geometry":{"type":"Polygon","coordinates":[[[-80.37003349496045,43.011532595138505],[-80.37072849453145,43.013166295650755],[-80.37200708631505,43.016550307001],[-80.37186780068795,43.01817040425658],[-80.37043351056134,43.02042280317651],[-80.36796360852557,43.023119690161046],[-80.36670199021017,43.025255896394036],[-80.36633220727325,43.02660461222267],[-80.36611458627426,43.02747690006271],[-80.36767219067586,43.026395895369404],[-80.37187639128847,43.02576171073483],[-80.37112409436747,43.02370440026337],[-80.37901598999116,43.02247780018921],[-80.37956628802239,43.023894599846415],[-80.38136139669206,43.02357110025589],[-80.38323200039048,43.02866556919918],[-80.38100798946775,43.028991388544334],[-80.37895844148464,43.02832218491193],[-80.37655946251014,43.02887309788343],[-80.37881801308012,43.034813605376776],[-80.40068898419614,43.031445208514874],[-80.42201810429823,43.02801600311141],[-80.41763600842252,43.016350313146155],[-80.41816451556677,43.01626289849343],[-80.41386569197643,43.0050296931565],[-80.37937379258437,43.010106791614675],[-80.37003349496045,43.011532595138505]]]},"properties":{"DAUID":"35290273","DGUID":"2021S051235290273","LANDAREA":9.5499,"PRUID":"35","CMA":"Brantford"}},
{"type":"Feature","geometry":{"type":"Polygon","coordinates":[[[-80.41386569197643,43.0050296931565],[-80.41816451556677,43.01626289849343],[-80.41763600842252,43.016350313146155],[-80.42201810429823,43.02801600311141],[-80.40068898419614,43.031445208514874],[-80.37881801308012,43.034813605376776],[-80.37984691584398,43.03746659844185],[-80.36624951327781,43.03941821008212],[-80.36933698320473,43.05440160445099],[-80.36911708626084,43.056687607237436],[-80.368538487825,43.05802619554907],[-80.35974561568862,43.074465360998715],[-80.37484056191921,43.07992725434353],[-80.37815005242489,43.08105612859233],[-80.39061370615953,43.08576401138619],[-80.39793490797301,43.08837819372115],[-80.39944788717358,43.08819700727239],[-80.39732498592787,43.0829180043757],[-80.39270240020487,43.0708269071424],[-80.40919779685194,43.06830179044741],[-80.43412859348311,43.064528698027],[-80.43801550640791,43.06388150141894],[-80.46097668936657,43.060245894404105],[-80.47761370929632,43.05773860758952],[-80.47852579436774,43.057337505747356],[-80.47785879411202,43.05634389745487],[-80.47424201708493,43.047052190257894],[-80.4743489059174,43.04603520358223],[-80.47168760835561,43.045680707206266],[-80.45312240170117,43.04859220791578],[-80.44841730648892,43.03652990680181],[-80.45637130010743,43.03523518800743],[-80.45181199735521,43.023389900967324],[-80.46583470978345,43.02120500043581],[-80.46462008839548,43.019749499168455],[-80.4606110123169,43.00947389880475],[-80.46192579660045,43.00925499329237],[-80.4575440100892,42.998248096943094],[-80.44604468750876,43.00004810513241],[-80.44186609420818,43.000847191095986],[-80.42774651003414,43.00329889449285],[-80.42206111776902,43.003801695108024],[-80.41386569197643,43.0050296931565]]]},"properties":{"DAUID":"35290274","DGUID":"2021S051235290274","LANDAREA":44.3495,"PRUID":"35","CMA":"Brantford"}},
{"type":"Feature","geometry":{"type":"Polygon","coordinates":[[[-80.39944788717358,43.08819700727239],[-80.40217219115624,43.094847894747154],[-80.40776138632347,43.107762991251796],[-80.41035869624243,43.1073441949479],[-80.40998709742438,43.10636970869948],[-80.42542191327543,43.10387289259712],[-80.4271326121259,43.103602311733795],[-80.42534128702286,43.09935199863087],[-80.4273102861456,43.09904668836494],[-80.4246635041527,43.0929911017223],[-80.42634908912864,43.09275649934343],[-80.42570141052933,43.09106029972603],[-80.44468760636657,43.08799329121465],[-80.4725057877313,43.08344229222557],[-80.471624103097,43.08025049177323],[-80.4714059114815,43.078484498160265],[-80.47143508657514,43.07508079110063],[-80.47284948587551,43.07200759325283],[-80.47374129776485,43.07113819628289],[-80.48404811275167,43.069501312930846],[-80.48358819450854,43.06868870739637],[-80.47971820329802,43.05863969694021],[-80.478988398381,43.05781689247439],[-80.47852579436774,43.057337505747356],[-80.47761370929632,43.05773860758952],[-80.46097668936657,43.060245894404105],[-80.43801550640791,43.06388150141894],[-80.43412859348311,43.064528698027],[-80.40919779685194,43.06830179044741],[-80.39270240020487,43.0708269071424],[-80.39732498592787,43.0829180043757],[-80.39944788717358,43.08819700727239]]]},"properties":{"DAUID":"35290275","DGUID":"2021S051235290275","LANDAREA":20.5511,"PRUID":"35","CMA":"Brantford"}},
{"type":"Feature","geometry":{"type":"Polygon","coordinates":[[[-80.4271326121259,43.103602311733795],[-80.42913878648775,43.103279105618384],[-80.42836909877767,43.10147430945855],[-80.43020250209963,43.10122229611658],[-80.42866398403044,43.09751359823332],[-80.43009230198963,43.09719660247471],[-80.43112679785163,43.098282311862505],[-80.43324471536492,43.097806504667474],[-80.43466878289462,43.09929040514922],[-80.43575999414244,43.10223139915528],[-80.43625231654478,43.102152789902114],[-80.4498012021357,43.10006649604921],[-80.44468760636657,43.08799329121465],[-80.42570141052933,43.09106029972603],[-80.42634908912864,43.09275649934343],[-80.4246635041527,43.0929911017223],[-80.4273102861456,43.09904668836494],[-80.42534128702286,43.09935199863087],[-80.4271326121259,43.103602311733795]]]},"properties":{"DAUID":"35290276","DGUID":"2021S051235290276","LANDAREA":2.2008,"PRUID":"35","CMA":"Brantford"}},
{"type":"Feature","geometry":{"type":"Polygon","coordinates":[[[-80.42542191327543,43.10387289259712],[-80.42690390870163,43.10704099191985],[-80.43056828661081,43.10682520457661],[-80.43131380432261,43.108611797340814],[-80.4349528112923,43.1071530916278],[-80.43333608673133,43.10388528745446],[-80.43642518853186,43.103405307172174],[-80.43625231654478,43.102152789902114],[-80.43575999414244,43.10223139915528],[-80.43466878289462,43.09929040514922],[-80.43324471536492,43.097806504667474],[-80.43112679785163,43.098282311862505],[-80.43009230198963,43.09719660247471],[-80.42866398403044,43.09751359823332],[-80.43020250209963,43.10122229611658],[-80.42836909877767,43.10147430945855],[-80.42913878648775,43.103279105618384],[-80.4271326121259,43.103602311733795],[-80.42542191327543,43.10387289259712]]]},"properties":{"DAUID":"35290277","DGUID":"2021S051235290277","LANDAREA":0.5898,"PRUID":"35","CMA":"Brantford"}},
{"type":"Feature","geometry":{"type":"Polygon","coordinates":[[[-80.43625231654478,43.102152789902114],[-80.43642518853186,43.103405307172174],[-80.43333608673133,43.10388528745446],[-80.4349528112923,43.1071530916278],[-80.43131380432261,43.108611797340814],[-80.43406520546667,43.11546019026272],[-80.43833861117393,43.12665629465706],[-80.4393433977161,43.12836309643106],[-80.44308911060787,43.1382957986838],[-80.44420740494795,43.13972399036543],[-80.44620280169966,43.14480339997074],[-80.45225149104276,43.143616811406126],[-80.51279323780629,43.13447983324021],[-80.51070570371884,43.12911378919684],[-80.50798831324708,43.12148401159107],[-80.50737230472845,43.12012161111541],[-80.50406730713784,43.11686558976787],[-80.51867531273821,43.1146407120203],[-80.5247904027992,43.11383781168125],[-80.53676380752287,43.11199591293206],[-80.55091479338384,43.10975609043421],[-80.55086411047427,43.10828810874155],[-80.54003478740515,43.10521038992504],[-80.53188700514707,43.10196261068436],[-80.53010771680806,43.1016220963981],[-80.52407709457846,43.10119199927127],[-80.51995920209978,43.101345891378536],[-80.5201993878741,43.10204931063157],[-80.50406899603234,43.10447490711308],[-80.49913400157105,43.105317796620746],[-80.47460738381004,43.10921500970072],[-80.45593729670695,43.11209939540428],[-80.45200128875923,43.101400799475655],[-80.45025739784977,43.10126640511384],[-80.4498012021357,43.10006649604921],[-80.43625231654478,43.102152789902114]]]},"properties":{"DAUID":"35290278","DGUID":"2021S051235290278","LANDAREA":25.3348,"PRUID":"35","CMA":"Brantford"}},
{"type":"Feature","geometry":{"type":"Polygon","coordinates":[[[-80.43133354057638,43.1665614820589],[-80.43141661468236,43.16651349603775],[-80.45285290059945,43.163043088517604],[-80.45237600088576,43.16134789196944],[-80.44876629121492,43.15238879015165],[-80.44828039886747,43.150351411493446],[-80.44629910576015,43.145028998412066],[-80.44986001700742,43.14426268975685],[-80.45559870859235,43.14335368882166],[-80.48479779116022,43.138980989467385],[-80.50177958437003,43.13641050741951],[-80.50705071083014,43.13568059161245],[-80.50953539833733,43.13555630276615],[-80.51218450302439,43.13640498803065],[-80.51345269247341,43.136185306533065],[-80.51279323780629,43.13447983324021],[-80.45225149104276,43.143616811406126],[-80.44620280169966,43.14480339997074],[-80.44420740494795,43.13972399036543],[-80.44308911060787,43.1382957986838],[-80.4393433977161,43.12836309643106],[-80.43833861117393,43.12665629465706],[-80.43406520546667,43.11546019026272],[-80.43131380432261,43.108611797340814],[-80.43056828661081,43.10682520457661],[-80.42690390870163,43.10704099191985],[-80.42542191327543,43.10387289259712],[-80.40998709742438,43.10636970869948],[-80.41035869624243,43.1073441949479],[-80.40776138632347,43.107762991251796],[-80.41207311497774,43.11826689842455],[-80.4149996963537,43.125890991906346],[-80.42143131386939,43.14263671342032],[-80.42546941074222,43.152299732272674],[-80.43133354057638,43.1665614820589]]]},"properties":{"DAUID":"35290279","DGUID":"2021S051235290279","LANDAREA":12.6542,"PRUID":"35","CMA":"Brantford"}},
{"type":"Feature","geometry":{"type":"Polygon","coordinates":[[[-80.4149996963537,43.125890991906346],[-80.41207311497774,43.11826689842455],[-80.40776138632347,43.107762991251796],[-80.40217219115624,43.094847894747154],[-80.39944788717358,43.08819700727239],[-80.39793490797301,43.08837819372115],[-80.39061370615953,43.08576401138619],[-80.37815005242489,43.08105612859233],[-80.37484056191921,43.07992725434353],[-80.35974561568862,43.074465360998715],[-80.35575001390279,43.08193510133757],[-80.35455171606021,43.083738295816985],[-80.35052871168202,43.08891549134439],[-80.34939199436695,43.09151549968273],[-80.34955329857283,43.09433730674658],[-80.35297109388996,43.103188996395225],[-80.35499641151344,43.108099091963325],[-80.36066990281766,43.12152110015186],[-80.3625801119207,43.121063498253406],[-80.3794746898462,43.11577150429046],[-80.38556839369807,43.13080651107166],[-80.40242770338841,43.12795121267388],[-80.4149996963537,43.125890991906346]]]},"properties":{"DAUID":"35290280","DGUID":"2021S051235290280","LANDAREA":20.0103,"PRUID":"35","CMA":"Brantford"}},
{"type":"Feature","geometry":{"type":"Polygon","coordinates":[[[-80.43645260586882,43.179406306351936],[-80.44477431280403,43.17801319938013],[-80.44531740619786,43.177295110203744],[-80.44693959351865,43.1776475099048],[-80.46393149456168,43.17484680931838],[-80.48768758367659,43.170696406591325],[-80.50774339941269,43.16733560094273],[-80.52242591191828,43.16497549149598],[-80.51840929477758,43.15481929170529],[-80.51806610788549,43.15153110531357],[-80.51466529529408,43.14300709881768],[-80.51419789065972,43.14145629840735],[-80.51425860688451,43.138457990984655],[-80.51345269247341,43.136185306533065],[-80.51218450302439,43.13640498803065],[-80.50953539833733,43.13555630276615],[-80.50705071083014,43.13568059161245],[-80.50177958437003,43.13641050741951],[-80.48479779116022,43.138980989467385],[-80.45559870859235,43.14335368882166],[-80.44986001700742,43.14426268975685],[-80.44629910576015,43.145028998412066],[-80.44828039886747,43.150351411493446],[-80.44876629121492,43.15238879015165],[-80.45237600088576,43.16134789196944],[-80.45285290059945,43.163043088517604],[-80.43141661468236,43.16651349603775],[-80.43133354057638,43.1665614820589],[-80.4325508193997,43.170247090226844],[-80.43645260586882,43.179406306351936]]]},"properties":{"DAUID":"35290281","DGUID":"2021S051235290281","LANDAREA":21.6276,"PRUID":"35","CMA":"Brantford"}},
{"type":"Feature","geometry":{"type":"Polygon","coordinates":[[[-80.51279323780629,43.13447983324021],[-80.51345269247341,43.136185306533065],[-80.51425860688451,43.138457990984655],[-80.51419789065972,43.14145629840735],[-80.51466529529408,43.14300709881768],[-80.51806610788549,43.15153110531357],[-80.51840929477758,43.15481929170529],[-80.52242591191828,43.16497549149598],[-80.52460600390546,43.16462441179861],[-80.5367743994525,43.1627112948307],[-80.54114598377234,43.16208060599193],[-80.55846061279075,43.159402208160095],[-80.58588299383274,43.15508339908952],[-80.60874540819285,43.15163401281346],[-80.60258659469686,43.13496158851577],[-80.60182760399225,43.132145890750905],[-80.60091281062348,43.13059808934991],[-80.59893900652068,43.125936204709866],[-80.59448069805445,43.11443399707695],[-80.5798990123759,43.11290081278892],[-80.5701513009413,43.11125268906768],[-80.56002501082152,43.11107020058658],[-80.55474841089027,43.109897105222615],[-80.55086411047427,43.10828810874155],[-80.55091479338384,43.10975609043421],[-80.53676380752287,43.11199591293206],[-80.5247904027992,43.11383781168125],[-80.51867531273821,43.1146407120203],[-80.50406730713784,43.11686558976787],[-80.50737230472845,43.12012161111541],[-80.50798831324708,43.12148401159107],[-80.51070570371884,43.12911378919684],[-80.51279323780629,43.13447983324021]]]},"properties":{"DAUID":"35290282","DGUID":"2021S051235290282","LANDAREA":37.0994,"PRUID":"35","CMA":"Brantford"}},
{"type":"Feature","geometry":{"type":"Polygon","coordinates":[[[-80.44468760636657,43.08799329121465],[-80.4498012021357,43.10006649604921],[-80.45025739784977,43.10126640511384],[-80.45200128875923,43.101400799475655],[-80.45593729670695,43.11209939540428],[-80.47460738381004,43.10921500970072],[-80.49913400157105,43.105317796620746],[-80.50406899603234,43.10447490711308],[-80.5201993878741,43.10204931063157],[-80.51995920209978,43.101345891378536],[-80.52407709457846,43.10119199927127],[-80.53010771680806,43.1016220963981],[-80.53188700514707,43.10196261068436],[-80.54003478740515,43.10521038992504],[-80.55086411047427,43.10828810874155],[-80.55474841089027,43.109897105222615],[-80.56002501082152,43.11107020058658],[-80.5701513009413,43.11125268906768],[-80.5798990123759,43.11290081278892],[-80.59448069805445,43.11443399707695],[-80.59040699137982,43.10382589876173],[-80.5766968861437,43.06744110947685],[-80.57256259053268,43.05615149875609],[-80.55842618892844,43.05817799602055],[-80.52810769429117,43.0627935912593],[-80.53261430159655,43.07419440052577],[-80.5222958888051,43.07581768787836],[-80.5088658030976,43.077840989164365],[-80.50728851460013,43.07846450582912],[-80.5026050076308,43.078858491638265],[-80.4725057877313,43.08344229222557],[-80.44468760636657,43.08799329121465]]]},"properties":{"DAUID":"35290283","DGUID":"2021S051235290283","LANDAREA":42.85,"PRUID":"35","CMA":"Brantford"}},
{"type":"Feature","geometry":{"type":"Polygon","coordinates":[[[-80.4725057877313,43.08344229222557],[-80.5026050076308,43.078858491638265],[-80.50728851460013,43.07846450582912],[-80.5088658030976,43.077840989164365],[-80.5222958888051,43.07581768787836],[-80.53261430159655,43.07419440052577],[-80.52810769429117,43.0627935912593],[-80.55842618892844,43.05817799602055],[-80.57256259053268,43.05615149875609],[-80.56714808626356,43.04204739030747],[-80.56709078855229,43.04147079082518],[-80.56257694791488,43.031553091496626],[-80.5573090612844,43.01959755914861],[-80.53053219806002,43.02347870947677],[-80.51439788605079,43.02595078761363],[-80.51460961045633,43.02712239181615],[-80.51810941469809,43.03632230480908],[-80.51832779755284,43.03821429420867],[-80.5170488072951,43.03850599498592],[-80.49999891222107,43.04129638924446],[-80.48836990661373,43.04310910236032],[-80.4930693107071,43.05536780745506],[-80.48071249571312,43.0572303950484],[-80.478988398381,43.05781689247439],[-80.47971820329802,43.05863969694021],[-80.48358819450854,43.06868870739637],[-80.48404811275167,43.069501312930846],[-80.47374129776485,43.07113819628289],[-80.47284948587551,43.07200759325283],[-80.47143508657514,43.07508079110063],[-80.4714059114815,43.078484498160265],[-80.471624103097,43.08025049177323],[-80.4725057877313,43.08344229222557]]]},"properties":{"DAUID":"35290284","DGUID":"2021S051235290284","LANDAREA":30.6228,"PRUID":"35","CMA":"Brantford"}},
{"type":"Feature","geometry":{"type":"Polygon","coordinates":[[[-80.50000501488219,42.99170410385212],[-80.49019418732628,42.99348819195093],[-80.47944431718291,42.99517099173098],[-80.47077289134617,42.9963920083559],[-80.46532028857813,42.99703298742087],[-80.4575440100892,42.998248096943094],[-80.46192579660045,43.00925499329237],[-80.4606110123169,43.00947389880475],[-80.46462008839548,43.019749499168455],[-80.46583470978345,43.02120500043581],[-80.45181199735521,43.023389900967324],[-80.45637130010743,43.03523518800743],[-80.44841730648892,43.03652990680181],[-80.45312240170117,43.04859220791578],[-80.47168760835561,43.045680707206266],[-80.4743489059174,43.04603520358223],[-80.47424201708493,43.047052190257894],[-80.47785879411202,43.05634389745487],[-80.47852579436774,43.057337505747356],[-80.478988398381,43.05781689247439],[-80.48071249571312,43.0572303950484],[-80.4930693107071,43.05536780745506],[-80.48836990661373,43.04310910236032],[-80.49999891222107,43.04129638924446],[-80.5170488072951,43.03850599498592],[-80.51832779755284,43.03821429420867],[-80.51810941469809,43.03632230480908],[-80.51460961045633,43.02712239181615],[-80.51439788605079,43.02595078761363],[-80.53053219806002,43.02347870947677],[-80.5573090612844,43.01959755914861],[-80.55177209447011,43.00706657381812],[-80.54755396940124,42.995968808353005],[-80.54342299281615,42.98486320161801],[-80.5226457133747,42.98793919265112],[-80.50567221503444,42.990631696218486],[-80.50000501488219,42.99170410385212]]]},"properties":{"DAUID":"35290285","DGUID":"2021S051235290285","LANDAREA":39.5968,"PRUID":"35","CMA":"Brantford"}},
{"type":"Feature","geometry":{"type":"Polygon","coordinates":[[[-80.37340691030012,43.17073091018632],[-80.37594201245166,43.17307699880082],[-80.3771294000262,43.17488440947991],[-80.37721848105603,43.175794408180735],[-80.37818809092518,43.17724939547525],[-80.37857310202578,43.17932260921141],[-80.37750029984117,43.1807575942235],[-80.37679689523056,43.18096090409939],[-80.37667430206832,43.18212180412755],[-80.37712620533992,43.18487969360978],[-80.3775429887611,43.18625068964372],[-80.3787383048179,43.18608609491657],[-80.37904870148867,43.18702430578236],[-80.38043209727796,43.187734187188624],[-80.38214518311324,43.1874823064595],[-80.38254289926648,43.18832190254875],[-80.3848720984564,43.18799228868112],[-80.38403913385694,43.18501792594997],[-80.38643319154993,43.18447980576589],[-80.38756460009441,43.187016206551114],[-80.39159180559268,43.18421919105642],[-80.39606605370064,43.18081199336832],[-80.39478176731924,43.180546952843606],[-80.39035091464274,43.181408457496936],[-80.38962965785781,43.17953452011461],[-80.39006001146389,43.17900999192407],[-80.3876749001772,43.173384722169644],[-80.38618283826393,43.16851726129166],[-80.37340691030012,43.17073091018632]]]},"properties":{"DAUID":"35290286","DGUID":"2021S051235290286","LANDAREA":2.0012,"PRUID":"35","CMA":"Brantford"}},
{"type":"Feature","geometry":{"type":"Polygon","coordinates":[[[-80.39606605370064,43.18081199336832],[-80.39159180559268,43.18421919105642],[-80.38756460009441,43.187016206551114],[-80.3866424990074,43.1881638060129],[-80.38205691510275,43.19136290897502],[-80.38105631777361,43.19172669245449],[-80.38286251719764,43.192162951028926],[-80.38481567478861,43.19091481009096],[-80.38587018154065,43.1907183873377],[-80.38722076041029,43.19151889946295],[-80.3901920505643,43.196222102751484],[-80.39154341242009,43.197969486594275],[-80.39168769714944,43.1993230675589],[-80.39481271218592,43.20061110557341],[-80.39612762193477,43.20067590099244],[-80.39854540849375,43.19941366251928],[-80.39914708704458,43.197813734673694],[-80.39807865151712,43.196726822302914],[-80.39670657276739,43.19621838765083],[-80.39680209595734,43.195194748991184],[-80.39892455581773,43.19432115820139],[-80.40012150745208,43.1931650736372],[-80.39998393532431,43.19115525467967],[-80.40069944846422,43.189602387149506],[-80.39906955945416,43.18587985090622],[-80.40043848818104,43.18399328288731],[-80.40033671149934,43.182713501827685],[-80.40158673991505,43.18021692043444],[-80.40340109394526,43.18075241245362],[-80.40339064072462,43.182095041062055],[-80.40531466531212,43.18205446183894],[-80.40576903621341,43.18257836752214],[-80.4052973345702,43.184395395358884],[-80.4087367273244,43.183942596830306],[-80.40617680446299,43.18136919354966],[-80.40426319528814,43.17696500175546],[-80.40264491261956,43.17762290741249],[-80.39606605370064,43.18081199336832]]]},"properties":{"DAUID":"35290287","DGUID":"2021S051235290287","LANDAREA":1.9071,"PRUID":"35","CMA":"Brantford"}},
{"type":"Feature","geometry":{"type":"Polygon","coordinates":[[[-80.38043209727796,43.187734187188624],[-80.3795597030954,43.18881898958838],[-80.38105631777361,43.19172669245449],[-80.38205691510275,43.19136290897502],[-80.3866424990074,43.1881638060129],[-80.38756460009441,43.187016206551114],[-80.38643319154993,43.18447980576589],[-80.38403913385694,43.18501792594997],[-80.3848720984564,43.18799228868112],[-80.38254289926648,43.18832190254875],[-80.38214518311324,43.1874823064595],[-80.38043209727796,43.187734187188624]]]},"properties":{"DAUID":"35290288","DGUID":"2021S051235290288","LANDAREA":0.2186,"PRUID":"35","CMA":"Brantford"}},
{"type":"Feature","geometry":{"type":"Polygon","coordinates":[[[-80.37712620533992,43.18487969360978],[-80.37484571509951,43.18526349127367],[-80.37520168261872,43.186562107418126],[-80.37290930245545,43.18690081247762],[-80.37291079687812,43.187954303528734],[-80.37567084965933,43.18929729551658],[-80.3795597030954,43.18881898958838],[-80.38043209727796,43.187734187188624],[-80.37904870148867,43.18702430578236],[-80.3787383048179,43.18608609491657],[-80.3775429887611,43.18625068964372],[-80.37712620533992,43.18487969360978]]]},"properties":{"DAUID":"35290289","DGUID":"2021S051235290289","LANDAREA":0.1749,"PRUID":"35","CMA":"Brantford"}},
{"type":"Feature","geometry":{"type":"Polygon","coordinates":[[[-80.38105631777361,43.19172669245449],[-80.3795597030954,43.18881898958838],[-80.37567084965933,43.18929729551658],[-80.37141389063432,43.18991821098638],[-80.37360868879716,43.19071359341981],[-80.37526840284004,43.19208239506055],[-80.37576249691902,43.193111588468035],[-80.37711139225962,43.19359620524614],[-80.37886930923042,43.19501049508154],[-80.38332349923833,43.19433239582201],[-80.38246694227558,43.19312732466795],[-80.38286251719764,43.192162951028926],[-80.38105631777361,43.19172669245449]]]},"properties":{"DAUID":"35290290","DGUID":"2021S051235290290","LANDAREA":0.2524,"PRUID":"35","CMA":"Brantford"}},
{"type":"Feature","geometry":{"type":"Polygon","coordinates":[[[-80.37141389063432,43.18991821098638],[-80.36945309324184,43.19031259563713],[-80.36778828880014,43.185873109177166],[-80.36780999973037,43.18497420991125],[-80.36514618587957,43.185430689129994],[-80.3639336829853,43.18792006628728],[-80.35840182137365,43.188821412627256],[-80.35963621230653,43.19205860995295],[-80.35883918889259,43.19260434901239],[-80.36565041514979,43.20692899740741],[-80.3648849636285,43.208869399585325],[-80.3695306323681,43.20770858693933],[-80.3717499866016,43.205553128118424],[-80.37607314019589,43.20394432385774],[-80.37904890292633,43.20078796156981],[-80.3821184084757,43.1986167642804],[-80.38298248438198,43.196208808238964],[-80.38332349923833,43.19433239582201],[-80.37886930923042,43.19501049508154],[-80.37711139225962,43.19359620524614],[-80.37576249691902,43.193111588468035],[-80.37526840284004,43.19208239506055],[-80.37360868879716,43.19071359341981],[-80.37141389063432,43.18991821098638]]]},"properties":{"DAUID":"35290291","DGUID":"2021S051235290291","LANDAREA":2.6053,"PRUID":"35","CMA":"Brantford"}},
{"type":"Feature","geometry":{"type":"Polygon","coordinates":[[[-80.3695306323681,43.20770858693933],[-80.37014428296922,43.20932802270966],[-80.37203757457367,43.20899989306053],[-80.38390619101472,43.20694201106516],[-80.38274249580266,43.20392819928109],[-80.38239099734167,43.20216140970795],[-80.38327521159894,43.20114860178799],[-80.38503790198561,43.200896891425515],[-80.38491041729492,43.198879193749086],[-80.38489291149835,43.19694309710216],[-80.38794549771478,43.19692339021713],[-80.38711951567198,43.19582940692746],[-80.38487949222359,43.19583539159789],[-80.38449111709461,43.19406839507755],[-80.38332349923833,43.19433239582201],[-80.38298248438198,43.196208808238964],[-80.3821184084757,43.1986167642804],[-80.37904890292633,43.20078796156981],[-80.37607314019589,43.20394432385774],[-80.3717499866016,43.205553128118424],[-80.3695306323681,43.20770858693933]]]},"properties":{"DAUID":"35290292","DGUID":"2021S051235290292","LANDAREA":0.6805,"PRUID":"35","CMA":"Brantford"}},
{"type":"Feature","geometry":{"type":"Polygon","coordinates":[[[-80.38390619101472,43.20694201106516],[-80.38689678832074,43.20577849831838],[-80.3863447031127,43.204370797089396],[-80.38812451251846,43.2036509055781],[-80.38892171128883,43.20270069042771],[-80.38989358757063,43.20152628603413],[-80.38613099981985,43.199903301476866],[-80.38612899527838,43.19887668798411],[-80.38491041729492,43.198879193749086],[-80.38503790198561,43.200896891425515],[-80.38327521159894,43.20114860178799],[-80.38239099734167,43.20216140970795],[-80.38274249580266,43.20392819928109],[-80.38390619101472,43.20694201106516]]]},"properties":{"DAUID":"35290293","DGUID":"2021S051235290293","LANDAREA":0.2768,"PRUID":"35","CMA":"Brantford"}},
{"type":"Feature","geometry":{"type":"Polygon","coordinates":[[[-80.38491041729492,43.198879193749086],[-80.38612899527838,43.19887668798411],[-80.38613099981985,43.199903301476866],[-80.38989358757063,43.20152628603413],[-80.38892171128883,43.20270069042771],[-80.39041950110773,43.20337691088401],[-80.39451841588486,43.20186599742688],[-80.39437439843634,43.201487010503534],[-80.39094591425257,43.19967691081541],[-80.38794549771478,43.19692339021713],[-80.38489291149835,43.19694309710216],[-80.38491041729492,43.198879193749086]]]},"properties":{"DAUID":"35290294","DGUID":"2021S051235290294","LANDAREA":0.2424,"PRUID":"35","CMA":"Brantford"}},
{"type":"Feature","geometry":{"type":"Polygon","coordinates":[[[-80.38689678832074,43.20577849831838],[-80.38713700649856,43.20638309986443],[-80.39193350030276,43.20558029662766],[-80.39316660453714,43.20537070920347],[-80.3924935082349,43.20372830651521],[-80.395196592687,43.20298620726258],[-80.39570528887911,43.20382630086415],[-80.39959301168696,43.20278420099133],[-80.40034319225128,43.20411179781123],[-80.40499088861989,43.203313208020404],[-80.40348980026307,43.19945911424166],[-80.40306518786538,43.19987740324905],[-80.39678801278393,43.201382707652144],[-80.39437439843634,43.201487010503534],[-80.39451841588486,43.20186599742688],[-80.39041950110773,43.20337691088401],[-80.38892171128883,43.20270069042771],[-80.38812451251846,43.2036509055781],[-80.3863447031127,43.204370797089396],[-80.38689678832074,43.20577849831838]]]},"properties":{"DAUID":"35290295","DGUID":"2021S051235290295","LANDAREA":0.3743,"PRUID":"35","CMA":"Brantford"}},
{"type":"Feature","geometry":{"type":"Polygon","coordinates":[[[-80.39570528887911,43.20382630086415],[-80.39696651342847,43.20575100193352],[-80.39802599963001,43.208169797619725],[-80.40054269303232,43.207615711227284],[-80.40110578898663,43.20920349541783],[-80.40231478432126,43.208939698297094],[-80.40034319225128,43.20411179781123],[-80.39959301168696,43.20278420099133],[-80.39570528887911,43.20382630086415]]]},"properties":{"DAUID":"35290296","DGUID":"2021S051235290296","LANDAREA":0.1877,"PRUID":"35","CMA":"Brantford"}},
{"type":"Feature","geometry":{"type":"Polygon","coordinates":[[[-80.39316660453714,43.20537070920347],[-80.39468329527176,43.20509959054599],[-80.39524269635368,43.207038591060716],[-80.3967068069643,43.20836999543823],[-80.39780070054918,43.209798490992604],[-80.40110578898663,43.20920349541783],[-80.40054269303232,43.207615711227284],[-80.39802599963001,43.208169797619725],[-80.39696651342847,43.20575100193352],[-80.39570528887911,43.20382630086415],[-80.395196592687,43.20298620726258],[-80.3924935082349,43.20372830651521],[-80.39316660453714,43.20537070920347]]]},"properties":{"DAUID":"35290297","DGUID":"2021S051235290297","LANDAREA":0.1649,"PRUID":"35","CMA":"Brantford"}},
{"type":"Feature","geometry":{"type":"Polygon","coordinates":[[[-80.39193350030276,43.20558029662766],[-80.391247487272,43.2064861007716],[-80.39234859480885,43.20716728885167],[-80.39237418935527,43.208311010041164],[-80.39380170079129,43.20835459757667],[-80.39378130681553,43.20917390634681],[-80.3902109991871,43.20920000047476],[-80.39099410642599,43.21091510573314],[-80.39475480500957,43.210322690698554],[-80.39454501292524,43.209133007169335],[-80.3967068069643,43.20836999543823],[-80.39524269635368,43.207038591060716],[-80.39468329527176,43.20509959054599],[-80.39316660453714,43.20537070920347],[-80.39193350030276,43.20558029662766]]]},"properties":{"DAUID":"35290298","DGUID":"2021S051235290298","LANDAREA":0.1647,"PRUID":"35","CMA":"Brantford"}},
{"type":"Feature","geometry":{"type":"Polygon","coordinates":[[[-80.40110578898663,43.20920349541783],[-80.39780070054918,43.209798490992604],[-80.3967068069643,43.20836999543823],[-80.39454501292524,43.209133007169335],[-80.39475480500957,43.210322690698554],[-80.39099410642599,43.21091510573314],[-80.3902109991871,43.20920000047476],[-80.38840990030438,43.209577587476794],[-80.38991149576239,43.213313598327446],[-80.40315588558761,43.21105120215016],[-80.40236300733463,43.20904798887889],[-80.40231478432126,43.208939698297094],[-80.40110578898663,43.20920349541783]]]},"properties":{"DAUID":"35290299","DGUID":"2021S051235290299","LANDAREA":0.3245,"PRUID":"35","CMA":"Brantford"}},
{"type":"Feature","geometry":{"type":"Polygon","coordinates":[[[-80.38713700649856,43.20638309986443],[-80.38782148345642,43.208097698471505],[-80.38704851030272,43.20907498932467],[-80.38506291805567,43.20943359008033],[-80.38551159155016,43.21011128916204],[-80.38840990030438,43.209577587476794],[-80.3902109991871,43.20920000047476],[-80.39378130681553,43.20917390634681],[-80.39380170079129,43.20835459757667],[-80.39237418935527,43.208311010041164],[-80.39234859480885,43.20716728885167],[-80.391247487272,43.2064861007716],[-80.39193350030276,43.20558029662766],[-80.38713700649856,43.20638309986443]]]},"properties":{"DAUID":"35290300","DGUID":"2021S051235290300","LANDAREA":0.1695,"PRUID":"35","CMA":"Brantford"}},
{"type":"Feature","geometry":{"type":"Polygon","coordinates":[[[-80.37203757457367,43.20899989306053],[-80.37280233814597,43.21077545053387],[-80.3698240987914,43.21155228759147],[-80.37058332599999,43.214591726180934],[-80.37590621508775,43.21180420730597],[-80.37854585450077,43.21771785313523],[-80.39090961714757,43.21569609073646],[-80.38991149576239,43.213313598327446],[-80.38840990030438,43.209577587476794],[-80.38551159155016,43.21011128916204],[-80.38506291805567,43.20943359008033],[-80.38704851030272,43.20907498932467],[-80.38782148345642,43.208097698471505],[-80.38713700649856,43.20638309986443],[-80.38689678832074,43.20577849831838],[-80.38390619101472,43.20694201106516],[-80.37203757457367,43.20899989306053]]]},"properties":{"DAUID":"35290301","DGUID":"2021S051235290301","LANDAREA":1.2611,"PRUID":"35","CMA":"Brantford"}},
{"type":"Feature","geometry":{"type":"Polygon","coordinates":[[[-80.38991149576239,43.213313598327446],[-80.39090961714757,43.21569609073646],[-80.39136113312227,43.21679832796137],[-80.3977166171006,43.215706097538686],[-80.39807785248023,43.21636714745301],[-80.40095587543983,43.21586607998069],[-80.4038249186994,43.2151274523411],[-80.40326028198223,43.21366760190757],[-80.40898368669106,43.212955478763455],[-80.40806279222943,43.21028461323882],[-80.40684430211151,43.209008293244636],[-80.4051664925724,43.20937780503803],[-80.40474421561083,43.20850210291858],[-80.40236300733463,43.20904798887889],[-80.40315588558761,43.21105120215016],[-80.38991149576239,43.213313598327446]]]},"properties":{"DAUID":"35290302","DGUID":"2021S051235290302","LANDAREA":0.6649,"PRUID":"35","CMA":"Brantford"}},
{"type":"Feature","geometry":{"type":"Polygon","coordinates":[[[-80.40034319225128,43.20411179781123],[-80.40231478432126,43.208939698297094],[-80.40236300733463,43.20904798887889],[-80.40474421561083,43.20850210291858],[-80.4051664925724,43.20937780503803],[-80.40684430211151,43.209008293244636],[-80.40806279222943,43.21028461323882],[-80.40499088861989,43.203313208020404],[-80.40034319225128,43.20411179781123]]]},"properties":{"DAUID":"35290303","DGUID":"2021S051235290303","LANDAREA":0.2433,"PRUID":"35","CMA":"Brantford"}},
{"type":"Feature","geometry":{"type":"Polygon","coordinates":[[[-80.4087367273244,43.183942596830306],[-80.4052973345702,43.184395395358884],[-80.40456487116083,43.18449872638512],[-80.4066806912763,43.18952123239086],[-80.40446735402838,43.189923395848474],[-80.40339955941279,43.19628579590989],[-80.40282794039226,43.19772909700206],[-80.40348980026307,43.19945911424166],[-80.40499088861989,43.203313208020404],[-80.40806279222943,43.21028461323882],[-80.40898368669106,43.212955478763455],[-80.40326028198223,43.21366760190757],[-80.4038249186994,43.2151274523411],[-80.40095587543983,43.21586607998069],[-80.39807785248023,43.21636714745301],[-80.3977166171006,43.215706097538686],[-80.39136113312227,43.21679832796137],[-80.39090961714757,43.21569609073646],[-80.37854585450077,43.21771785313523],[-80.37590621508775,43.21180420730597],[-80.37058332599999,43.214591726180934],[-80.3698240987914,43.21155228759147],[-80.37280233814597,43.21077545053387],[-80.37203757457367,43.20899989306053],[-80.37014428296922,43.20932802270966],[-80.36791140661317,43.20971829394369],[-80.3665373174266,43.21044909900776],[-80.36522671699933,43.212188694582736],[-80.35726030708992,43.221671189788474],[-80.35549609527874,43.22433568723999],[-80.35516509833325,43.22536938989823],[-80.35506999933112,43.228547506484205],[-80.35352259778642,43.232806997909435],[-80.35345350205525,43.23351801001967],[-80.3540366834863,43.2377715039585],[-80.3562236852251,43.24178190868599],[-80.35800218597966,43.24835629421482],[-80.35891288340684,43.25078360710373],[-80.3597362159108,43.25098639136],[-80.36705490984633,43.2496674089114],[-80.37357001279108,43.24861369299841],[-80.37382760156737,43.2487140914331],[-80.37562980271564,43.25318130001883],[-80.37586230976676,43.253335606225086],[-80.38356318214912,43.2519817092287],[-80.39632161134938,43.2499155971946],[-80.43422439176521,43.243454892954254],[-80.43973999405996,43.257169102150826],[-80.44039340932022,43.25981070638832],[-80.44497058560421,43.271340909500644],[-80.45735420869705,43.26920020885056],[-80.47154301322111,43.266802011894775],[-80.46997769661621,43.26280679952415],[-80.46709281790297,43.25543699492954],[-80.46053729454117,43.2389265999527],[-80.45582621205799,43.22717119833351],[-80.45066969073152,43.21447690604716],[-80.44573191054214,43.20234169305621],[-80.44160628758925,43.19176809820224],[-80.43645260586882,43.179406306351936],[-80.43320089537143,43.17975939994683],[-80.43215139095987,43.18015939818401],[-80.4087367273244,43.183942596830306]]]},"properties":{"DAUID":"35290304","DGUID":"2021S051235290304","LANDAREA":47.2444,"PRUID":"35","CMA":"Brantford"}},
{"type":"Feature","geometry":{"type":"Polygon","coordinates":[[[-80.38286251719764,43.192162951028926],[-80.38246694227558,43.19312732466795],[-80.38332349923833,43.19433239582201],[-80.38449111709461,43.19406839507755],[-80.38487949222359,43.19583539159789],[-80.38711951567198,43.19582940692746],[-80.38794549771478,43.19692339021713],[-80.39094591425257,43.19967691081541],[-80.39437439843634,43.201487010503534],[-80.39678801278393,43.201382707652144],[-80.40306518786538,43.19987740324905],[-80.40348980026307,43.19945911424166],[-80.40282794039226,43.19772909700206],[-80.40339955941279,43.19628579590989],[-80.40446735402838,43.189923395848474],[-80.4066806912763,43.18952123239086],[-80.40456487116083,43.18449872638512],[-80.4052973345702,43.184395395358884],[-80.40576903621341,43.18257836752214],[-80.40531466531212,43.18205446183894],[-80.40339064072462,43.182095041062055],[-80.40340109394526,43.18075241245362],[-80.40158673991505,43.18021692043444],[-80.40033671149934,43.182713501827685],[-80.40043848818104,43.18399328288731],[-80.39906955945416,43.18587985090622],[-80.40069944846422,43.189602387149506],[-80.39998393532431,43.19115525467967],[-80.40012150745208,43.1931650736372],[-80.39892455581773,43.19432115820139],[-80.39680209595734,43.195194748991184],[-80.39670657276739,43.19621838765083],[-80.39807865151712,43.196726822302914],[-80.39914708704458,43.197813734673694],[-80.39854540849375,43.19941366251928],[-80.39612762193477,43.20067590099244],[-80.39481271218592,43.20061110557341],[-80.39168769714944,43.1993230675589],[-80.39154341242009,43.197969486594275],[-80.3901920505643,43.196222102751484],[-80.38722076041029,43.19151889946295],[-80.38587018154065,43.1907183873377],[-80.38481567478861,43.19091481009096],[-80.38286251719764,43.192162951028926]]]},"properties":{"DAUID":"35290305","DGUID":"2021S051235290305","LANDAREA":1.1197,"PRUID":"35","CMA":"Brantford"}},
{"type":"Feature","geometry":{"type":"Polygon","coordinates":[[[-80.36565041514979,43.20692899740741],[-80.36353778834997,43.207667992263296],[-80.35861608360568,43.20979260317008],[-80.3563821033081,43.211518010528714],[-80.35542230660432,43.21263820518709],[-80.35426518740049,43.21612548763355],[-80.3510848908485,43.218808886251104],[-80.34734689071028,43.22527099541868],[-80.34570608486669,43.227864004196405],[-80.3455747903643,43.23092480067952],[-80.34480128899452,43.23530569353228],[-80.34386680461468,43.2386050924094],[-80.34326630043742,43.24521100661761],[-80.34473950009637,43.25831230924814],[-80.34753659033034,43.26404621119819],[-80.34876169673217,43.269329900519274],[-80.34821431366424,43.270965592266506],[-80.34551170077671,43.27472708991686],[-80.34389870823489,43.27579440030181],[-80.34101279095304,43.277137491991816],[-80.34410508620411,43.27953248938136],[-80.34690359834767,43.28060210989394],[-80.35011761408899,43.28074810438886],[-80.35787701685261,43.280028494194156],[-80.36219960893843,43.27927321065741],[-80.3740203090189,43.27680070127016],[-80.37618068545373,43.27680590679224],[-80.3782035924769,43.277480803142204],[-80.38270219538263,43.27998978986938],[-80.3847249830116,43.28069820325587],[-80.38544840060194,43.28155840839141],[-80.39296552053122,43.280155272109916],[-80.39598291516835,43.27974179374984],[-80.40588991785451,43.27813219608166],[-80.42099931527461,43.27552300681585],[-80.44497058560421,43.271340909500644],[-80.44039340932022,43.25981070638832],[-80.43973999405996,43.257169102150826],[-80.43422439176521,43.243454892954254],[-80.39632161134938,43.2499155971946],[-80.38356318214912,43.2519817092287],[-80.37586230976676,43.253335606225086],[-80.37562980271564,43.25318130001883],[-80.37382760156737,43.2487140914331],[-80.37357001279108,43.24861369299841],[-80.36705490984633,43.2496674089114],[-80.3597362159108,43.25098639136],[-80.35891288340684,43.25078360710373],[-80.35800218597966,43.24835629421482],[-80.3562236852251,43.24178190868599],[-80.3540366834863,43.2377715039585],[-80.35345350205525,43.23351801001967],[-80.35352259778642,43.232806997909435],[-80.35506999933112,43.228547506484205],[-80.35516509833325,43.22536938989823],[-80.35549609527874,43.22433568723999],[-80.35726030708992,43.221671189788474],[-80.36522671699933,43.212188694582736],[-80.3665373174266,43.21044909900776],[-80.36791140661317,43.20971829394369],[-80.37014428296922,43.20932802270966],[-80.3695306323681,43.20770858693933],[-80.3648849636285,43.208869399585325],[-80.36565041514979,43.20692899740741]]]},"properties":{"DAUID":"35290306","DGUID":"2021S051235290306","LANDAREA":27.2488,"PRUID":"35","CMA":"Brantford"}},
{"type":"Feature","geometry":{"type":"Polygon","coordinates":[[[-80.3115731197017,43.29418073606631],[-80.31551105271961,43.29342330215929],[-80.32072525329131,43.29200480620253],[-80.34316699716753,43.28866590791488],[-80.34866390544107,43.287698213404674],[-80.36964729204666,43.284132106240094],[-80.38234379283215,43.28201059535829],[-80.38544840060194,43.28155840839141],[-80.3847249830116,43.28069820325587],[-80.38270219538263,43.27998978986938],[-80.3782035924769,43.277480803142204],[-80.37618068545373,43.27680590679224],[-80.3740203090189,43.27680070127016],[-80.36219960893843,43.27927321065741],[-80.35787701685261,43.280028494194156],[-80.35011761408899,43.28074810438886],[-80.34690359834767,43.28060210989394],[-80.34410508620411,43.27953248938136],[-80.34101279095304,43.277137491991816],[-80.34389870823489,43.27579440030181],[-80.34551170077671,43.27472708991686],[-80.34821431366424,43.270965592266506],[-80.34876169673217,43.269329900519274],[-80.34753659033034,43.26404621119819],[-80.34473950009637,43.25831230924814],[-80.33698791385275,43.25963631177758],[-80.33533540594817,43.255250399237745],[-80.3314350952896,43.24577280768965],[-80.32293208881049,43.24721758837468],[-80.32165769187955,43.24773230025705],[-80.31890859223874,43.24792311133041],[-80.31761350348307,43.2491759971837],[-80.31578999241457,43.25030870842332],[-80.31385409545564,43.25046820285727],[-80.30919759490119,43.250467187123036],[-80.3062580031404,43.250071197405525],[-80.30041901413617,43.2511341948733],[-80.2950165120122,43.25199990371378],[-80.29684459291241,43.256022893336564],[-80.30296751415419,43.27178838934178],[-80.30365580894109,43.274106797985965],[-80.30897789396012,43.287785391684935],[-80.3115731197017,43.29418073606631]]]},"properties":{"DAUID":"35290307","DGUID":"2021S051235290307","LANDAREA":17.2319,"PRUID":"35","CMA":"Brantford"}},
{"type":"Feature","geometry":{"type":"Polygon","coordinates":[[[-80.35315506013767,43.174325398321464],[-80.35375155637603,43.17564230946478],[-80.35654005609706,43.1783325090557],[-80.35815154157065,43.17880979548207],[-80.36090713576391,43.178870306956114],[-80.3626576496526,43.17774540236698],[-80.36391804220798,43.175672299761274],[-80.36695465730159,43.173311902160066],[-80.36947474951376,43.17254239158424],[-80.37103803845278,43.17247000489725],[-80.37250906078118,43.17299130596718],[-80.37357755759265,43.174230810676946],[-80.37367104495118,43.17644649753967],[-80.37304344026563,43.17773078408516],[-80.36993946872649,43.18193699677084],[-80.36891270689648,43.184705002608936],[-80.36780999973037,43.18497420991125],[-80.36778828880014,43.185873109177166],[-80.36945309324184,43.19031259563713],[-80.37141389063432,43.18991821098638],[-80.37567084965933,43.18929729551658],[-80.37291079687812,43.187954303528734],[-80.37290930245545,43.18690081247762],[-80.37248380274512,43.18518750386678],[-80.37359910688274,43.1832216056393],[-80.3726399957953,43.18275999857939],[-80.37463571418297,43.18052578951065],[-80.37679689523056,43.18096090409939],[-80.37750029984117,43.1807575942235],[-80.37857310202578,43.17932260921141],[-80.37818809092518,43.17724939547525],[-80.37721848105603,43.175794408180735],[-80.3771294000262,43.17488440947991],[-80.37594201245166,43.17307699880082],[-80.37340691030012,43.17073091018632],[-80.37064709336501,43.171120997399356],[-80.36819949571485,43.17105350887756],[-80.36561861148445,43.17198470325876],[-80.36339918338969,43.17245859950912],[-80.35738305189733,43.173315076502384],[-80.35590889922638,43.17340720820269],[-80.35315506013767,43.174325398321464]]]},"properties":{"DAUID":"35290308","DGUID":"2021S051235290308","LANDAREA":1.0117,"PRUID":"35","CMA":"Brantford"}},
{"type":"Feature","geometry":{"type":"Polygon","coordinates":[[[-80.37679689523056,43.18096090409939],[-80.37463571418297,43.18052578951065],[-80.3726399957953,43.18275999857939],[-80.37359910688274,43.1832216056393],[-80.37248380274512,43.18518750386678],[-80.37290930245545,43.18690081247762],[-80.37520168261872,43.186562107418126],[-80.37484571509951,43.18526349127367],[-80.37712620533992,43.18487969360978],[-80.37667430206832,43.18212180412755],[-80.37679689523056,43.18096090409939]]]},"properties":{"DAUID":"35290309","DGUID":"2021S051235290309","LANDAREA":0.1759,"PRUID":"35","CMA":"Brantford"}},
{"type":"Feature","geometry":{"type":"Polygon","coordinates":[[[-80.28454955551396,43.175397294430375],[-80.28630094594827,43.176357460666274],[-80.28763402157682,43.180356211844085],[-80.28677751770888,43.18054491872266],[-80.2880832028883,43.184997826762014],[-80.29747938320487,43.18344030152128],[-80.29602079111682,43.17996651115742],[-80.29590207426531,43.178227422691755],[-80.29475341147926,43.17622040186506],[-80.29349069066915,43.17336071109998],[-80.29259580219504,43.174379496649706],[-80.28971030361494,43.174883395947816],[-80.28936910160135,43.1744526897646],[-80.28727189806916,43.17488468855499],[-80.2852844004585,43.17450578936908],[-80.28454955551396,43.175397294430375]]]},"properties":{"DAUID":"35290310","DGUID":"2021S051235290310","LANDAREA":0.8105,"PRUID":"35","CMA":"Brantford"}},
{"type":"Feature","geometry":{"type":"Polygon","coordinates":[[[-80.28018529554434,43.17911218931761],[-80.2816964000208,43.1831123980126],[-80.28179819283582,43.18602839352363],[-80.2880832028883,43.184997826762014],[-80.28677751770888,43.18054491872266],[-80.28763402157682,43.180356211844085],[-80.28630094594827,43.176357460666274],[-80.28454955551396,43.175397294430375],[-80.28316320686488,43.17652579503493],[-80.28127689050274,43.17585551034412],[-80.27992068806498,43.17199418806416],[-80.2776217843764,43.17254411036233],[-80.28018529554434,43.17911218931761]]]},"properties":{"DAUID":"35290311","DGUID":"2021S051235290311","LANDAREA":0.6334,"PRUID":"35","CMA":"Brantford"}},
{"type":"Feature","geometry":{"type":"Polygon","coordinates":[[[-80.29427588064868,43.1507133789964],[-80.29317713708515,43.15150683889496],[-80.29198577461072,43.153085101698565],[-80.29140122336253,43.15448179772346],[-80.29179207912428,43.15613933895048],[-80.29395395424395,43.157369525307345],[-80.29669262329702,43.1582361782742],[-80.29893292041757,43.15843803450002],[-80.30458012506122,43.158284139661156],[-80.30723984796502,43.15769265813137],[-80.31740296360822,43.153433226638754],[-80.319622247522,43.152378110612624],[-80.31350642300781,43.14993205193548],[-80.31235991797827,43.14811204295866],[-80.31065297824692,43.14347647090475],[-80.31017419878505,43.14185394068841],[-80.30902487847081,43.139845258473386],[-80.30629280193925,43.13752489420573],[-80.30718314002338,43.13448653160832],[-80.30845871825007,43.131592979627065],[-80.30831253352258,43.13008149617242],[-80.30567694834323,43.130118530879116],[-80.30586759844441,43.131743291513246],[-80.30490218497637,43.13410280214238],[-80.30200491450772,43.13363029708638],[-80.30118824035159,43.1350392152841],[-80.30317417983021,43.136279419976574],[-80.30435415348589,43.13753280322366],[-80.30505191438692,43.139157999275376],[-80.3047126222368,43.14188900135793],[-80.3023005611635,43.14505744271282],[-80.29923422028281,43.14694185424583],[-80.29670451515118,43.14887719248158],[-80.29533676493759,43.150220789808984],[-80.29427588064868,43.1507133789964]]]},"properties":{"DAUID":"35290313","DGUID":"2021S051235290313","LANDAREA":2.338,"PRUID":"35","CMA":"Brantford"}},
{"type":"Feature","geometry":{"type":"Polygon","coordinates":[[[-80.30586759844441,43.131743291513246],[-80.30567694834323,43.130118530879116],[-80.30008250682717,43.13054439767226],[-80.29305459107873,43.131678893324455],[-80.29144277660677,43.13158015873914],[-80.29365410064163,43.13248020787721],[-80.29758000417648,43.13290869198583],[-80.29966358452347,43.131185496111414],[-80.30586759844441,43.131743291513246]]]},"properties":{"DAUID":"35290314","DGUID":"2021S051235290314","LANDAREA":0.1391,"PRUID":"35","CMA":"Brantford"}},
{"type":"Feature","geometry":{"type":"Polygon","coordinates":[[[-80.32182807183644,43.10777472079099],[-80.32062273186355,43.10849295207178],[-80.30310559992648,43.11905179027008],[-80.30376621386968,43.11984720759582],[-80.30417989412769,43.121618498647344],[-80.30345390617823,43.12289480010758],[-80.29980790470812,43.12507170660866],[-80.29701929871277,43.12572590375555],[-80.29536278619554,43.125277802282454],[-80.29432551387573,43.12432731385542],[-80.29263400240967,43.12534398855358],[-80.29436579709598,43.126860896701295],[-80.2968273355218,43.1294136404382],[-80.30187162649952,43.128318469141],[-80.30511012285537,43.12747459459366],[-80.31138481072038,43.125992424520355],[-80.31663082970941,43.1243371768022],[-80.31918043456506,43.12273178725386],[-80.32107429793328,43.12039269929925],[-80.32646643262844,43.112850995232556],[-80.32780410447455,43.10981569986745],[-80.32922619613045,43.10869798503217],[-80.32453425396955,43.10796191141486],[-80.32275090962399,43.10830899890744],[-80.32182807183644,43.10777472079099]]]},"properties":{"DAUID":"35290316","DGUID":"2021S051235290316","LANDAREA":2.647,"PRUID":"35","CMA":"Brantford"}},
{"type":"Feature","geometry":{"type":"Polygon","coordinates":[[[-80.30310559992648,43.11905179027008],[-80.29881879201287,43.121634287159544],[-80.29432551387573,43.12432731385542],[-80.29536278619554,43.125277802282454],[-80.29701929871277,43.12572590375555],[-80.29980790470812,43.12507170660866],[-80.30345390617823,43.12289480010758],[-80.30417989412769,43.121618498647344],[-80.30376621386968,43.11984720759582],[-80.30310559992648,43.11905179027008]]]},"properties":{"DAUID":"35290317","DGUID":"2021S051235290317","LANDAREA":0.2807,"PRUID":"35","CMA":"Brantford"}},
{"type":"Feature","geometry":{"type":"Polygon","coordinates":[[[-80.29263400240967,43.12534398855358],[-80.28690499442853,43.12888191159287],[-80.28733128407202,43.129312438309334],[-80.29170331272064,43.12843221411241],[-80.29436579709598,43.126860896701295],[-80.29263400240967,43.12534398855358]]]},"properties":{"DAUID":"35290318","DGUID":"2021S051235290318","LANDAREA":0.1053,"PRUID":"35","CMA":"Brantford"}},
{"type":"Feature","geometry":{"type":"Polygon","coordinates":[[[-80.2750900140955,43.12484001131413],[-80.27840470790294,43.12344069813661],[-80.27988270580194,43.12327170292888],[-80.28165998385573,43.12370000426821],[-80.28395349427744,43.1222491204983],[-80.28352639681684,43.121167168388666],[-80.28469932893377,43.11828119462568],[-80.27779998961489,43.1207827062476],[-80.27468970552948,43.12176769669799],[-80.27488150189713,43.12318960885726],[-80.2750900140955,43.12484001131413]]]},"properties":{"DAUID":"35290321","DGUID":"2021S051235290321","LANDAREA":0.2783,"PRUID":"35","CMA":"Brantford"}},
{"type":"Feature","geometry":{"type":"Polygon","coordinates":[[[-80.27681490402446,43.13200530534559],[-80.27935059789158,43.13016569842319],[-80.28265109429513,43.13050918946915],[-80.28242261489328,43.13180790759167],[-80.28474280573595,43.13193249298503],[-80.28468949150651,43.13135639913014],[-80.28582231267328,43.129721001767194],[-80.28690499442853,43.12888191159287],[-80.28248999962847,43.124239998191584],[-80.28165998385573,43.12370000426821],[-80.27988270580194,43.12327170292888],[-80.27840470790294,43.12344069813661],[-80.2750900140955,43.12484001131413],[-80.2753299987271,43.12745980965783],[-80.27654629810388,43.12833708715926],[-80.27547439753751,43.12918529132697],[-80.27582710713857,43.131591802674755],[-80.27681490402446,43.13200530534559]]]},"properties":{"DAUID":"35290322","DGUID":"2021S051235290322","LANDAREA":0.6263,"PRUID":"35","CMA":"Brantford"}},
{"type":"Feature","geometry":{"type":"Polygon","coordinates":[[[-80.26596171518727,43.130841673852956],[-80.26542460263086,43.12999429463636],[-80.26575751167087,43.12880219409788],[-80.26788819916825,43.12690560461006],[-80.26828331498588,43.12568910208555],[-80.27048968890091,43.12490339483748],[-80.27488150189713,43.12318960885726],[-80.27468970552948,43.12176769669799],[-80.27415000426306,43.11865269049105],[-80.27359966916275,43.11737314166564],[-80.2732728809348,43.11367046720342],[-80.27299782102682,43.113160423737284],[-80.27187443391732,43.114996533654505],[-80.26590700951427,43.11646785262358],[-80.26501644313386,43.11724360296518],[-80.26415703115934,43.118815860767],[-80.26372485612235,43.121762215381324],[-80.26393372199384,43.12303317848937],[-80.26504213523133,43.12529132456993],[-80.26493920977732,43.12701316154189],[-80.26410448885049,43.12983316536661],[-80.26527117502688,43.1311492000648],[-80.26596171518727,43.130841673852956]]]},"properties":{"DAUID":"35290323","DGUID":"2021S051235290323","LANDAREA":0.8629,"PRUID":"35","CMA":"Brantford"}},
{"type":"Feature","geometry":{"type":"Polygon","coordinates":[[[-80.28852493823939,43.13649214104477],[-80.29029885334609,43.1346433966694],[-80.29210414686737,43.13372534622631],[-80.2947984154458,43.133268396603306],[-80.29756962291772,43.13353041900703],[-80.30118824035159,43.1350392152841],[-80.30200491450772,43.13363029708638],[-80.29758000417648,43.13290869198583],[-80.29365410064163,43.13248020787721],[-80.29144277660677,43.13158015873914],[-80.28962428328622,43.13101980261096],[-80.28733128407202,43.129312438309334],[-80.28690499442853,43.12888191159287],[-80.28582231267328,43.129721001767194],[-80.28468949150651,43.13135639913014],[-80.28474280573595,43.13193249298503],[-80.28242261489328,43.13180790759167],[-80.28265109429513,43.13050918946915],[-80.27935059789158,43.13016569842319],[-80.27681490402446,43.13200530534559],[-80.27861090271143,43.13324830843484],[-80.27431980549713,43.13662109153544],[-80.27251720821751,43.13538009506891],[-80.2699782078523,43.13738297848847],[-80.27389058110853,43.13953195593509],[-80.27671756951956,43.140171177121125],[-80.27730752723534,43.13937550744539],[-80.27953349676537,43.139121300100264],[-80.282864850993,43.13904828411008],[-80.28606813941563,43.137886090358386],[-80.28852493823939,43.13649214104477]]]},"properties":{"DAUID":"35290324","DGUID":"2021S051235290324","LANDAREA":1.0122,"PRUID":"35","CMA":"Brantford"}},
{"type":"Feature","geometry":{"type":"Polygon","coordinates":[[[-80.29432551387573,43.12432731385542],[-80.29015119101506,43.12039399947191],[-80.28876438703496,43.120946108978245],[-80.28481999411294,43.121789988264354],[-80.28395349427744,43.1222491204983],[-80.28165998385573,43.12370000426821],[-80.28248999962847,43.124239998191584],[-80.28690499442853,43.12888191159287],[-80.29263400240967,43.12534398855358],[-80.29432551387573,43.12432731385542]]]},"properties":{"DAUID":"35290325","DGUID":"2021S051235290325","LANDAREA":0.5078,"PRUID":"35","CMA":"Brantford"}},
{"type":"Feature","geometry":{"type":"Polygon","coordinates":[[[-80.31448121174128,43.12961920442926],[-80.31138481072038,43.125992424520355],[-80.30511012285537,43.12747459459366],[-80.30520583344813,43.1280327348895],[-80.30270740274861,43.12861719434042],[-80.30008250682717,43.13054439767226],[-80.30567694834323,43.130118530879116],[-80.30831253352258,43.13008149617242],[-80.311713707175,43.12995550191919],[-80.31448121174128,43.12961920442926]]]},"properties":{"DAUID":"35290326","DGUID":"2021S051235290326","LANDAREA":0.3073,"PRUID":"35","CMA":"Brantford"}},
{"type":"Feature","geometry":{"type":"Polygon","coordinates":[[[-80.30008250682717,43.13054439767226],[-80.30270740274861,43.12861719434042],[-80.30520583344813,43.1280327348895],[-80.30511012285537,43.12747459459366],[-80.30187162649952,43.128318469141],[-80.2968273355218,43.1294136404382],[-80.29436579709598,43.126860896701295],[-80.29170331272064,43.12843221411241],[-80.28733128407202,43.129312438309334],[-80.28962428328622,43.13101980261096],[-80.29144277660677,43.13158015873914],[-80.29305459107873,43.131678893324455],[-80.30008250682717,43.13054439767226]]]},"properties":{"DAUID":"35290327","DGUID":"2021S051235290327","LANDAREA":0.332,"PRUID":"35","CMA":"Brantford"}},
{"type":"Feature","geometry":{"type":"Polygon","coordinates":[[[-80.16794232591823,43.08823403653236],[-80.16586940970714,43.086795806754196],[-80.16072421094647,43.0848041112946],[-80.14495808585937,43.078897187560095],[-80.13413248946162,43.095691005840806],[-80.10714959304266,43.085479186368545],[-80.10058769617594,43.083059499235944],[-80.09801649905698,43.08246300145368],[-80.09649390208892,43.08157750720746],[-80.08000098830036,43.07545778854902],[-80.07399029763961,43.08469339781156],[-80.06738634531438,43.09507297391123],[-80.07582029546354,43.099801988905284],[-80.07029241817882,43.11180169447151],[-80.08657997311792,43.11731651071617],[-80.11407159894104,43.12720043603542],[-80.12315628601583,43.130564108227006],[-80.12640854743088,43.12248717151641],[-80.11742172294802,43.12096630452835],[-80.1119368554885,43.119737462678415],[-80.11343819560362,43.117137005007855],[-80.11424444846726,43.114521219314554],[-80.11574217600597,43.114969619426034],[-80.11808254597524,43.11514303308789],[-80.12088247352524,43.11456296179511],[-80.12319431311603,43.11309971004556],[-80.12577610964806,43.11062034722237],[-80.1268510959552,43.10920008425327],[-80.12755538331743,43.10722304758767],[-80.12908925466616,43.10478809385492],[-80.13179869366077,43.10399136867281],[-80.13751135509148,43.10299289638623],[-80.1404271042903,43.10221596373338],[-80.14209184217081,43.10066404218886],[-80.14325071687479,43.09724736862789],[-80.14507898081189,43.09548926104848],[-80.14785898399232,43.09340407773715],[-80.14985783127138,43.092550720274446],[-80.15742514437368,43.09209013059903],[-80.15963398877847,43.09146112146655],[-80.16267489287254,43.089133747819126],[-80.16471461008315,43.088424427288736],[-80.16794232591823,43.08823403653236]]]},"properties":{"DAUID":"35290328","DGUID":"2021S051235290328","LANDAREA":20.841,"PRUID":"35","CMA":"Brantford"}},
{"type":"Feature","geometry":{"type":"Polygon","coordinates":[[[-80.00389070748473,43.088769413032885],[-80.00667021872877,43.09001881633141],[-80.00970342553813,43.09248459253622],[-80.01256226873986,43.094249784107255],[-80.01857486373093,43.094932979966345],[-80.02521634649733,43.096162141851174],[-80.02830952405229,43.09591268480256],[-80.03104349150448,43.094850500384986],[-80.03998176912218,43.08805413863167],[-80.04492531462294,43.086030406627025],[-80.04810277279392,43.08567927182629],[-80.05087905344188,43.08620045623802],[-80.0565558690214,43.08929711577997],[-80.06053933073076,43.09027892156697],[-80.06393057552175,43.092141430744405],[-80.06738634531438,43.09507297391123],[-80.07399029763961,43.08469339781156],[-80.08000098830036,43.07545778854902],[-80.0909591953255,43.058751290616186],[-80.0638989038384,43.04870868787477],[-80.03675961710941,43.038785197243314],[-80.02586530201943,43.05540608969499],[-80.01494149311252,43.07196269756516],[-80.00813299585884,43.082097396838854],[-80.00389070748473,43.088769413032885]]]},"properties":{"DAUID":"35290329","DGUID":"2021S051235290329","LANDAREA":25.556,"PRUID":"35","CMA":"Brantford"}},
{"type":"Feature","geometry":{"type":"Polygon","coordinates":[[[-80.14495808585937,43.078897187560095],[-80.15580059812956,43.06221959259312],[-80.1396866917467,43.056165304751254],[-80.13656588892373,43.057159390946175],[-80.13407411446131,43.05621310032795],[-80.12714471567223,43.05473759506664],[-80.12832599616806,43.05196410074196],[-80.10171468151498,43.04206000876214],[-80.0909591953255,43.058751290616186],[-80.08000098830036,43.07545778854902],[-80.09649390208892,43.08157750720746],[-80.09801649905698,43.08246300145368],[-80.10058769617594,43.083059499235944],[-80.10714959304266,43.085479186368545],[-80.13413248946162,43.095691005840806],[-80.14495808585937,43.078897187560095]]]},"properties":{"DAUID":"35290330","DGUID":"2021S051235290330","LANDAREA":20.0141,"PRUID":"35","CMA":"Brantford"}},
{"type":"Feature","geometry":{"type":"Polygon","coordinates":[[[-80.1887549928777,43.01249838638212],[-80.17760000117097,43.02908699374971],[-80.17323938777987,43.03572830896506],[-80.168356403959,43.042797805027774],[-80.16658620525878,43.045684489081246],[-80.15580059812956,43.06221959259312],[-80.14495808585937,43.078897187560095],[-80.16072421094647,43.0848041112946],[-80.16586940970714,43.086795806754196],[-80.16794232591823,43.08823403653236],[-80.17648085685003,43.08773507377423],[-80.17822499320786,43.088233845719145],[-80.18099808689257,43.09025187575223],[-80.18387400807947,43.09155748606424],[-80.18663508881482,43.09199864874853],[-80.19223307280772,43.0916587135001],[-80.19449419496576,43.092227431687824],[-80.19817510145603,43.093829709882115],[-80.20155857695305,43.09506271654721],[-80.20261680926279,43.09340619103986],[-80.2101939155929,43.08220480310313],[-80.21767576706438,43.06993125009675],[-80.22099810204922,43.06531140989878],[-80.23192660098661,43.04876219632878],[-80.24309798564359,43.03193429736859],[-80.2385385004186,43.03039118786907],[-80.20315520879586,43.01770539980506],[-80.1887549928777,43.01249838638212]]]},"properties":{"DAUID":"35290331","DGUID":"2021S051235290331","LANDAREA":39.6373,"PRUID":"35","CMA":"Brantford"}},
{"type":"Feature","geometry":{"type":"Polygon","coordinates":[[[-80.1850082019512,43.011092407006146],[-80.13483399137225,42.992517599913455],[-80.12356909851142,43.009181206178944],[-80.11265750902378,43.025594310620505],[-80.10171468151498,43.04206000876214],[-80.12832599616806,43.05196410074196],[-80.12714471567223,43.05473759506664],[-80.13407411446131,43.05621310032795],[-80.13656588892373,43.057159390946175],[-80.1396866917467,43.056165304751254],[-80.15580059812956,43.06221959259312],[-80.16658620525878,43.045684489081246],[-80.168356403959,43.042797805027774],[-80.17323938777987,43.03572830896506],[-80.17760000117097,43.02908699374971],[-80.1887549928777,43.01249838638212],[-80.1850082019512,43.011092407006146]]]},"properties":{"DAUID":"35290332","DGUID":"2021S051235290332","LANDAREA":30.4657,"PRUID":"35","CMA":"Brantford"}},
{"type":"Feature","geometry":{"type":"Polygon","coordinates":[[[-80.03675961710941,43.038785197243314],[-80.0638989038384,43.04870868787477],[-80.0909591953255,43.058751290616186],[-80.10171468151498,43.04206000876214],[-80.11265750902378,43.025594310620505],[-80.09257811279328,43.0180706953628],[-80.05866340787763,43.00565809747648],[-80.05552529209841,43.0102697945374],[-80.05415010149838,43.01113190468608],[-80.05323048725576,43.01268220513472],[-80.05253509669485,43.014810591220034],[-80.03675961710941,43.038785197243314]]]},"properties":{"DAUID":"35290333","DGUID":"2021S051235290333","LANDAREA":20.1831,"PRUID":"35","CMA":"Brantford"}},
{"type":"Feature","geometry":{"type":"Polygon","coordinates":[[[-80.1619304934617,43.196056306406085],[-80.16478324209498,43.19395092372465],[-80.1698036700766,43.192195772789894],[-80.17617508544404,43.18861580817261],[-80.1778144058014,43.18751100188308],[-80.18340809351228,43.18330980081073],[-80.18478119243122,43.18277029424953],[-80.20436220746929,43.17965748992553],[-80.20254630042949,43.17453008983241],[-80.20050931448792,43.17222870087477],[-80.19912698645179,43.171624709490835],[-80.19553628181795,43.17055500983649],[-80.1896444159188,43.16954090516973],[-80.1901666015046,43.168193909503],[-80.2132777075771,43.16760769401641],[-80.21327954940747,43.16749977939639],[-80.21135168845181,43.16242340413569],[-80.20989231665486,43.160033894959874],[-80.20814600802824,43.158216413669656],[-80.2003829025423,43.15174199880793],[-80.19826168721144,43.15030438932916],[-80.19420552063661,43.14862534177575],[-80.20454841672789,43.14530651564946],[-80.20233489371826,43.14538919070881],[-80.1989937999953,43.14604120063506],[-80.19817607731359,43.14365339284822],[-80.19197129946996,43.14086900205872],[-80.19111440575846,43.14297819796781],[-80.19100659046106,43.14462530145865],[-80.19142639498479,43.14542970232142],[-80.18329761133617,43.14728100591171],[-80.18237378291231,43.14830990066669],[-80.18248319819459,43.15025569326776],[-80.1770940104003,43.15135169337162],[-80.17159170327756,43.15260869666015],[-80.17180660856442,43.154915489968175],[-80.17098710646313,43.15639529886114],[-80.17066478572065,43.159310491836244],[-80.168677096071,43.16347430497375],[-80.17004961438603,43.16840990099858],[-80.17017320963285,43.17018469911822],[-80.16730021335894,43.17156860614316],[-80.1531259885166,43.175219503596026],[-80.15138920914565,43.17535979651484],[-80.14798399007486,43.17427188737929],[-80.13304998860238,43.16888289526637],[-80.13201580449238,43.16807359107989],[-80.11595870065752,43.171678702070885],[-80.10419147099164,43.17413098069181],[-80.1020307799915,43.17481316526631],[-80.11785264608591,43.18060891113126],[-80.12459951493257,43.18300432140786],[-80.12518397351474,43.183099626831236],[-80.13461999645507,43.18665999207395],[-80.14134852828201,43.189067360279495],[-80.14645448935767,43.190624800098924],[-80.15143724213532,43.19261576386082],[-80.1563702037791,43.19427049346256],[-80.15668200096677,43.19454440137726],[-80.1619304934617,43.196056306406085]]]},"properties":{"DAUID":"35290335","DGUID":"2021S051235290335","LANDAREA":19.8375,"PRUID":"35","CMA":"Brantford"}},
{"type":"Feature","geometry":{"type":"Polygon","coordinates":[[[-80.24641040210801,43.17266820540097],[-80.24804479510487,43.17240559766685],[-80.24763128590851,43.170905990126315],[-80.24792118989406,43.16949339955508],[-80.24961278601289,43.16721559598594],[-80.25152385408978,43.16459281914137],[-80.25157999666665,43.16451482509726],[-80.24777360119985,43.164486422291056],[-80.24356424709319,43.165289610814696],[-80.23797441529824,43.16636952653218],[-80.23442123206925,43.16681081787337],[-80.21854309889348,43.16738522410638],[-80.21327954940747,43.16749977939639],[-80.2132777075771,43.16760769401641],[-80.1901666015046,43.168193909503],[-80.1896444159188,43.16954090516973],[-80.19553628181795,43.17055500983649],[-80.19912698645179,43.171624709490835],[-80.20050931448792,43.17222870087477],[-80.20254630042949,43.17453008983241],[-80.20436220746929,43.17965748992553],[-80.21571911530945,43.17773062233285],[-80.22162905610637,43.176716293158016],[-80.22650209183557,43.17592669202297],[-80.22673469708451,43.177352498743375],[-80.22814261189052,43.1773047898528],[-80.23123669695681,43.17694350321465],[-80.2320685153386,43.176513494313156],[-80.2343046864748,43.178642700601934],[-80.23543940541781,43.17851889018329],[-80.23529760188875,43.17750709937898],[-80.23421828356601,43.17463779879127],[-80.24353991203809,43.17313920402353],[-80.24641040210801,43.17266820540097]]]},"properties":{"DAUID":"35290336","DGUID":"2021S051235290336","LANDAREA":4.3366,"PRUID":"35","CMA":"Brantford"}},
{"type":"Feature","geometry":{"type":"Polygon","coordinates":[[[-80.20362568736277,43.21831860874654],[-80.21708790563761,43.21601629317253],[-80.23758428578621,43.212282710374815],[-80.24006350298143,43.21191200803088],[-80.25659548284602,43.20900410957349],[-80.26125729431882,43.208304904521825],[-80.25928601221115,43.20539261010479],[-80.25520782066476,43.195689374040676],[-80.2500776361352,43.196839648180564],[-80.25057401878213,43.19832218837605],[-80.24496223432355,43.199474721070416],[-80.24531612204288,43.20037185728404],[-80.24250650756244,43.20077058758138],[-80.24185781923086,43.19912578608857],[-80.2388266096338,43.19963597327776],[-80.23912138846295,43.20038360833037],[-80.22099121036958,43.203592077066496],[-80.21379591368844,43.18042773434455],[-80.21571911530945,43.17773062233285],[-80.20436220746929,43.17965748992553],[-80.18478119243122,43.18277029424953],[-80.18340809351228,43.18330980081073],[-80.1778144058014,43.18751100188308],[-80.17617508544404,43.18861580817261],[-80.1698036700766,43.192195772789894],[-80.16478324209498,43.19395092372465],[-80.1619304934617,43.196056306406085],[-80.17703272232514,43.20166994717948],[-80.1804341800277,43.203036336158775],[-80.19869911254668,43.20998191169517],[-80.20068139059377,43.21090518961551],[-80.20362568736277,43.21831860874654]]]},"properties":{"DAUID":"35290338","DGUID":"2021S051235290338","LANDAREA":15.8721,"PRUID":"35","CMA":"Brantford"}},
{"type":"Feature","geometry":{"type":"Polygon","coordinates":[[[-80.26682649309407,43.188401086643125],[-80.26141649080728,43.18924230289074],[-80.25640399090106,43.190021197845354],[-80.25056579297565,43.19088369730967],[-80.24172868409418,43.19230429891316],[-80.23560258869387,43.193272489533015],[-80.23410482780427,43.19351091778506],[-80.23021897905484,43.18438727017731],[-80.22512049535646,43.185584108392305],[-80.22162905610637,43.176716293158016],[-80.21571911530945,43.17773062233285],[-80.21379591368844,43.18042773434455],[-80.22099121036958,43.203592077066496],[-80.23912138846295,43.20038360833037],[-80.2388266096338,43.19963597327776],[-80.24185781923086,43.19912578608857],[-80.24250650756244,43.20077058758138],[-80.24531612204288,43.20037185728404],[-80.24496223432355,43.199474721070416],[-80.25057401878213,43.19832218837605],[-80.2500776361352,43.196839648180564],[-80.25520782066476,43.195689374040676],[-80.25928601221115,43.20539261010479],[-80.26125729431882,43.208304904521825],[-80.271791086614,43.206553485792085],[-80.277157996133,43.205534002515854],[-80.27977188513346,43.20517219468725],[-80.29609989635259,43.20256339241708],[-80.31642370504647,43.19912979447237],[-80.31924900651423,43.198525311637255],[-80.31771979185474,43.194374109507834],[-80.33670471877961,43.19099044767801],[-80.33133013990951,43.17766921203714],[-80.3332015428616,43.177367242761285],[-80.32419969891939,43.17502255125151],[-80.3104393160376,43.171569470763764],[-80.30679009461355,43.17159830798263],[-80.30295857324987,43.17119583755137],[-80.30401146545174,43.173126469793154],[-80.30470473654826,43.175163772953134],[-80.29976009930141,43.175866759597525],[-80.30012839873602,43.177013865813684],[-80.29800219524039,43.17730762271462],[-80.29724093961737,43.17809921269938],[-80.29590207426531,43.178227422691755],[-80.29602079111682,43.17996651115742],[-80.29747938320487,43.18344030152128],[-80.2880832028883,43.184997826762014],[-80.28179819283582,43.18602839352363],[-80.27110020717572,43.187738405712466],[-80.26682649309407,43.188401086643125]]]},"properties":{"DAUID":"35290341","DGUID":"2021S051235290341","LANDAREA":18.8887,"PRUID":"35","CMA":"Brantford"}},
{"type":"Feature","geometry":{"type":"Polygon","coordinates":[[[-80.28377240544818,43.22411621022088],[-80.32027711378306,43.2178916048443],[-80.32551529744364,43.23079930678282],[-80.3256409073135,43.23169150243703],[-80.3314350952896,43.24577280768965],[-80.33533540594817,43.255250399237745],[-80.33698791385275,43.25963631177758],[-80.34473950009637,43.25831230924814],[-80.34326630043742,43.24521100661761],[-80.34386680461468,43.2386050924094],[-80.34480128899452,43.23530569353228],[-80.3455747903643,43.23092480067952],[-80.34570608486669,43.227864004196405],[-80.34734689071028,43.22527099541868],[-80.3510848908485,43.218808886251104],[-80.35426518740049,43.21612548763355],[-80.35542230660432,43.21263820518709],[-80.3563821033081,43.211518010528714],[-80.35861608360568,43.20979260317008],[-80.36353778834997,43.207667992263296],[-80.36565041514979,43.20692899740741],[-80.35883918889259,43.19260434901239],[-80.35963621230653,43.19205860995295],[-80.35840182137365,43.188821412627256],[-80.3639336829853,43.18792006628728],[-80.36514618587957,43.185430689129994],[-80.36780999973037,43.18497420991125],[-80.36891270689648,43.184705002608936],[-80.36993946872649,43.18193699677084],[-80.37304344026563,43.17773078408516],[-80.37367104495118,43.17644649753967],[-80.37357755759265,43.174230810676946],[-80.37250906078118,43.17299130596718],[-80.37103803845278,43.17247000489725],[-80.36947474951376,43.17254239158424],[-80.36695465730159,43.173311902160066],[-80.36391804220798,43.175672299761274],[-80.3626576496526,43.17774540236698],[-80.36090713576391,43.178870306956114],[-80.35815154157065,43.17880979548207],[-80.35654005609706,43.1783325090557],[-80.35375155637603,43.17564230946478],[-80.35315506013767,43.174325398321464],[-80.35295675042806,43.17380315970091],[-80.34146358283655,43.17578009409943],[-80.3332015428616,43.177367242761285],[-80.33133013990951,43.17766921203714],[-80.33670471877961,43.19099044767801],[-80.31771979185474,43.194374109507834],[-80.31924900651423,43.198525311637255],[-80.31642370504647,43.19912979447237],[-80.29609989635259,43.20256339241708],[-80.27977188513346,43.20517219468725],[-80.27872301042852,43.20852440719013],[-80.27893721179024,43.2112452097108],[-80.28377240544818,43.22411621022088]]]},"properties":{"DAUID":"35290342","DGUID":"2021S051235290342","LANDAREA":27.1556,"PRUID":"35","CMA":"Brantford"}},
{"type":"Feature","geometry":{"type":"Polygon","coordinates":[[[-80.35499641151344,43.108099091963325],[-80.35297109388996,43.103188996395225],[-80.34955329857283,43.09433730674658],[-80.34939199436695,43.09151549968273],[-80.35052871168202,43.08891549134439],[-80.35455171606021,43.083738295816985],[-80.35575001390279,43.08193510133757],[-80.35974561568862,43.074465360998715],[-80.35577732034515,43.0729686324858],[-80.34279846421961,43.06906784648877],[-80.34155491196437,43.06758140149821],[-80.32650506547839,43.062238129091895],[-80.3180755110591,43.05946550763172],[-80.31613221102704,43.066369800514586],[-80.31050642536638,43.087721954647314],[-80.30889649410838,43.09055849854754],[-80.30768289303123,43.09140670472779],[-80.30612500199645,43.0922707006309],[-80.30137530955865,43.09396170299766],[-80.29973060453123,43.09487920137481],[-80.29877099758824,43.096062007681475],[-80.29865041240356,43.0990869101085],[-80.2986987857465,43.1002308055115],[-80.30305588687501,43.10165161823511],[-80.31695804681715,43.10691029096607],[-80.32062273186355,43.10849295207178],[-80.32182807183644,43.10777472079099],[-80.32550129570797,43.105731811621716],[-80.32821380783635,43.10493729935881],[-80.33114821463727,43.10518860175373],[-80.332550587569,43.100541304847816],[-80.35314189315893,43.10797150394792],[-80.35499641151344,43.108099091963325]]]},"properties":{"DAUID":"35290344","DGUID":"2021S051235290344","LANDAREA":15.7517,"PRUID":"35","CMA":"Brantford"}},
{"type":"Feature","geometry":{"type":"Polygon","coordinates":[[[-80.27299782102682,43.113160423737284],[-80.2732728809348,43.11367046720342],[-80.27359966916275,43.11737314166564],[-80.27415000426306,43.11865269049105],[-80.27468970552948,43.12176769669799],[-80.27779998961489,43.1207827062476],[-80.28469932893377,43.11828119462568],[-80.28678383480118,43.112974003535385],[-80.28817828647043,43.11152474042832],[-80.29131540915009,43.109772911423725],[-80.29383402180444,43.108626870617854],[-80.29655265453404,43.10776595860849],[-80.2995508647428,43.10589470310641],[-80.30305588687501,43.10165161823511],[-80.2986987857465,43.1002308055115],[-80.29865041240356,43.0990869101085],[-80.29559408499529,43.09877989371533],[-80.28405540358015,43.09455711093348],[-80.28241130056324,43.094357709837396],[-80.27206539727912,43.09434630185615],[-80.27037938642536,43.094560700947106],[-80.2676030922562,43.095542502900535],[-80.26064573036929,43.09907198070296],[-80.26179123461534,43.10527329518567],[-80.26326448999978,43.105879293527956],[-80.26267206268034,43.10737068886344],[-80.2650101712885,43.10709280614253],[-80.26600380142804,43.10732613516314],[-80.26953241424596,43.10930254582439],[-80.27072073910874,43.110757596138725],[-80.27261690965966,43.11212430435814],[-80.27299782102682,43.113160423737284]]]},"properties":{"DAUID":"35290347","DGUID":"2021S051235290347","LANDAREA":5.7387,"PRUID":"35","CMA":"Brantford"}},
{"type":"Feature","geometry":{"type":"Polygon","coordinates":[[[-80.21755230102038,43.13884377182639],[-80.21830557410125,43.1361344610172],[-80.21962646560169,43.13325787414155],[-80.21901440900832,43.13173129765009],[-80.21457459916998,43.13043326533132],[-80.21340387746129,43.12951955357193],[-80.21150523165532,43.127111013535696],[-80.21210788672664,43.12492136630252],[-80.2138607689867,43.12336150484529],[-80.21553588483702,43.119944604421164],[-80.2164686435808,43.119268833179994],[-80.21847894654277,43.119313279651884],[-80.22380691061984,43.120253941460206],[-80.22495282391708,43.12005764588497],[-80.22542018057553,43.11907371822268],[-80.22788516964818,43.11876111979341],[-80.23010265252267,43.12091519292683],[-80.23046550834155,43.12264796455003],[-80.23168796704086,43.1239596352249],[-80.2334306702808,43.12413425741035],[-80.23420120088501,43.12360507191132],[-80.23401585948245,43.122368817954275],[-80.2328343752482,43.12007686716327],[-80.23324572094697,43.11798886099783],[-80.23402777412853,43.117224607908845],[-80.23559350880835,43.116531154273005],[-80.23768223814494,43.116764133174485],[-80.23910426900865,43.11787832795423],[-80.24011150811057,43.11812703779982],[-80.24181031615633,43.11750665677787],[-80.2425582094447,43.115739263288916],[-80.2419523528978,43.114372899012324],[-80.24234224742574,43.11235724021397],[-80.24304143366315,43.11108916901451],[-80.24507634838737,43.10965745554896],[-80.24710880212412,43.109510401136774],[-80.24918884366035,43.11079646341375],[-80.2508451254977,43.111197434714086],[-80.25348934597916,43.11108828043972],[-80.25615465000894,43.110090531554704],[-80.25985819481252,43.109837147490325],[-80.26267206268034,43.10737068886344],[-80.26326448999978,43.105879293527956],[-80.26179123461534,43.10527329518567],[-80.26064573036929,43.09907198070296],[-80.2676030922562,43.095542502900535],[-80.27037938642536,43.094560700947106],[-80.27206539727912,43.09434630185615],[-80.28241130056324,43.094357709837396],[-80.28405540358015,43.09455711093348],[-80.29559408499529,43.09877989371533],[-80.29865041240356,43.0990869101085],[-80.29877099758824,43.096062007681475],[-80.29973060453123,43.09487920137481],[-80.30137530955865,43.09396170299766],[-80.30612500199645,43.0922707006309],[-80.30768289303123,43.09140670472779],[-80.28479091261894,43.08309840386645],[-80.28421181289532,43.08323890722867],[-80.28137608948653,43.08725528997623],[-80.2808953153768,43.08739640260847],[-80.2603589851169,43.07975539283843],[-80.23911810109324,43.071889909999165],[-80.22099810204922,43.06531140989878],[-80.21767576706438,43.06993125009675],[-80.2101939155929,43.08220480310313],[-80.20261680926279,43.09340619103986],[-80.20155857695305,43.09506271654721],[-80.20494562721476,43.09604774178686],[-80.20857678370899,43.09803450154755],[-80.21018742611865,43.09851085914496],[-80.21305812213654,43.0983144294993],[-80.21466732708622,43.09762234864796],[-80.21865297347713,43.09428197510898],[-80.22009879329029,43.09370473720438],[-80.22311067966773,43.093245653608285],[-80.22562928103454,43.09225932811864],[-80.23039170457699,43.091620079907074],[-80.23254800482485,43.09161766546696],[-80.23581119786621,43.09228813035576],[-80.23784605141778,43.093758000329444],[-80.23938839955557,43.096419315122525],[-80.24134365175082,43.10185324962246],[-80.24138598449846,43.103157752325295],[-80.2403028752974,43.10508140648245],[-80.23912228091042,43.10587478612632],[-80.23729823930776,43.10629270097956],[-80.23033931466647,43.10723854787488],[-80.22679984514183,43.10821604874846],[-80.22358067604952,43.1085364777108],[-80.2219306459136,43.10900009509092],[-80.21817713095415,43.1107017698906],[-80.21446955571028,43.1114249291278],[-80.21303866614441,43.112468837258284],[-80.21236949840751,43.11345993090479],[-80.21129509346508,43.11637117629766],[-80.20970236064836,43.117687934464485],[-80.20732232642304,43.11883055579763],[-80.20410482796899,43.120830282989374],[-80.20267229754363,43.12205276347159],[-80.20114295496113,43.12395728066592],[-80.19989056443531,43.12606084275382],[-80.19841487515905,43.13163623034599],[-80.19837791821628,43.134804228070955],[-80.1991945867948,43.1370475082443],[-80.19910529643298,43.139205467025604],[-80.19936396767835,43.14110880067978],[-80.20017350358071,43.141855218932655],[-80.198045205044,43.1432574733025],[-80.19817607731359,43.14365339284822],[-80.1989937999953,43.14604120063506],[-80.20233489371826,43.14538919070881],[-80.20454841672789,43.14530651564946],[-80.20461493085713,43.143720736166294],[-80.20935518307039,43.14348470638628],[-80.2141296260139,43.14298304262057],[-80.21559257966207,43.14216271773777],[-80.21666721027708,43.140971906073936],[-80.21755230102038,43.13884377182639]]]},"properties":{"DAUID":"35290348","DGUID":"2021S051235290348","LANDAREA":23.5184,"PRUID":"35","CMA":"Brantford"}},
{"type":"Feature","geometry":{"type":"Polygon","coordinates":[[[-80.29881879201287,43.121634287159544],[-80.29683730141262,43.11941580685856],[-80.29516851120115,43.11510350472825],[-80.29360351081047,43.11327290836775],[-80.2915929015818,43.11446060272259],[-80.29131598341668,43.115692702625],[-80.2920181035626,43.11770819305884],[-80.29128430948593,43.11952341217482],[-80.29015119101506,43.12039399947191],[-80.29432551387573,43.12432731385542],[-80.29881879201287,43.121634287159544]]]},"properties":{"DAUID":"35290349","DGUID":"2021S051235290349","LANDAREA":0.4358,"PRUID":"35","CMA":"Brantford"}},
{"type":"Feature","geometry":{"type":"Polygon","coordinates":[[[-80.29131540915009,43.109772911423725],[-80.29182568761235,43.11041609047428],[-80.29360351081047,43.11327290836775],[-80.29572229751477,43.11220660285737],[-80.29696569085729,43.113628387048536],[-80.29964228139005,43.11213659161959],[-80.29865204796211,43.11095851554326],[-80.30103925370143,43.110265361373514],[-80.30183238762821,43.109679367184484],[-80.30048099655009,43.10787075318475],[-80.30103517843146,43.10707769884062],[-80.2995508647428,43.10589470310641],[-80.29655265453404,43.10776595860849],[-80.29383402180444,43.108626870617854],[-80.29131540915009,43.109772911423725]]]},"properties":{"DAUID":"35290350","DGUID":"2021S051235290350","LANDAREA":0.3821,"PRUID":"35","CMA":"Brantford"}},
{"type":"Feature","geometry":{"type":"Polygon","coordinates":[[[-80.30310559992648,43.11905179027008],[-80.30230092719526,43.11804009803242],[-80.30178471526024,43.11615112387817],[-80.30062697783991,43.1150258949777],[-80.30155670652714,43.113889985557705],[-80.29964228139005,43.11213659161959],[-80.29696569085729,43.113628387048536],[-80.29572229751477,43.11220660285737],[-80.29360351081047,43.11327290836775],[-80.29516851120115,43.11510350472825],[-80.29683730141262,43.11941580685856],[-80.29881879201287,43.121634287159544],[-80.30310559992648,43.11905179027008]]]},"properties":{"DAUID":"35290351","DGUID":"2021S051235290351","LANDAREA":0.435,"PRUID":"35","CMA":"Brantford"}},
{"type":"Feature","geometry":{"type":"Polygon","coordinates":[[[-80.32062273186355,43.10849295207178],[-80.31695804681715,43.10691029096607],[-80.30305588687501,43.10165161823511],[-80.2995508647428,43.10589470310641],[-80.30103517843146,43.10707769884062],[-80.30048099655009,43.10787075318475],[-80.30183238762821,43.109679367184484],[-80.30103925370143,43.110265361373514],[-80.29865204796211,43.11095851554326],[-80.29964228139005,43.11213659161959],[-80.30155670652714,43.113889985557705],[-80.30062697783991,43.1150258949777],[-80.30178471526024,43.11615112387817],[-80.30230092719526,43.11804009803242],[-80.30310559992648,43.11905179027008],[-80.32062273186355,43.10849295207178]]]},"properties":{"DAUID":"35290352","DGUID":"2021S051235290352","LANDAREA":1.6955,"PRUID":"35","CMA":"Brantford"}},
{"type":"Feature","geometry":{"type":"Polygon","coordinates":[[[-80.28395349427744,43.1222491204983],[-80.28481999411294,43.121789988264354],[-80.28876438703496,43.120946108978245],[-80.29015119101506,43.12039399947191],[-80.2887942118155,43.11910440854377],[-80.2897472827313,43.1179473069383],[-80.28896300834528,43.1162954082851],[-80.28660289552195,43.115491110879745],[-80.28747238754333,43.11319420336902],[-80.2893574922245,43.11130741026344],[-80.29182568761235,43.11041609047428],[-80.29131540915009,43.109772911423725],[-80.28817828647043,43.11152474042832],[-80.28678383480118,43.112974003535385],[-80.28469932893377,43.11828119462568],[-80.28352639681684,43.121167168388666],[-80.28395349427744,43.1222491204983]]]},"properties":{"DAUID":"35290353","DGUID":"2021S051235290353","LANDAREA":0.2913,"PRUID":"35","CMA":"Brantford"}},
{"type":"Feature","geometry":{"type":"Polygon","coordinates":[[[-80.29360351081047,43.11327290836775],[-80.29182568761235,43.11041609047428],[-80.2893574922245,43.11130741026344],[-80.28747238754333,43.11319420336902],[-80.28660289552195,43.115491110879745],[-80.28896300834528,43.1162954082851],[-80.2897472827313,43.1179473069383],[-80.2887942118155,43.11910440854377],[-80.29015119101506,43.12039399947191],[-80.29128430948593,43.11952341217482],[-80.2920181035626,43.11770819305884],[-80.29131598341668,43.115692702625],[-80.2915929015818,43.11446060272259],[-80.29360351081047,43.11327290836775]]]},"properties":{"DAUID":"35290354","DGUID":"2021S051235290354","LANDAREA":0.3047,"PRUID":"35","CMA":"Brantford"}},
{"type":"Feature","geometry":{"type":"Polygon","coordinates":[[[-80.25259159470968,43.15263970594471],[-80.25186189473963,43.15296810342907],[-80.24817480560931,43.153671404960946],[-80.24160248643446,43.15474999047433],[-80.23947489196179,43.15509279596444],[-80.24176288613951,43.16102899955023],[-80.24356424709319,43.165289610814696],[-80.24777360119985,43.164486422291056],[-80.25157999666665,43.16451482509726],[-80.25415148750879,43.160898294400624],[-80.25735378655496,43.156533394532964],[-80.26020311590338,43.15248089654655],[-80.25920919409295,43.15211820334283],[-80.253051007407,43.15249510241894],[-80.25259159470968,43.15263970594471]]]},"properties":{"DAUID":"35290355","DGUID":"2021S051235290355","LANDAREA":1.4726,"PRUID":"35","CMA":"Brantford"}},
{"type":"Feature","geometry":{"type":"Polygon","coordinates":[[[-80.23690998163694,43.14828796729531],[-80.22751950207409,43.14972951212358],[-80.22384038652444,43.15017399854629],[-80.21910670198966,43.15094568957376],[-80.21911989162497,43.1527139099309],[-80.21410570671554,43.152778212341374],[-80.2093576956744,43.15354670690686],[-80.20945869798173,43.15771679834337],[-80.21258100846468,43.15948418883766],[-80.20989231665486,43.160033894959874],[-80.21135168845181,43.16242340413569],[-80.21327954940747,43.16749977939639],[-80.21854309889348,43.16738522410638],[-80.23442123206925,43.16681081787337],[-80.23797441529824,43.16636952653218],[-80.24356424709319,43.165289610814696],[-80.24176288613951,43.16102899955023],[-80.23947489196179,43.15509279596444],[-80.23771420413331,43.15039450733536],[-80.23690998163694,43.14828796729531]]]},"properties":{"DAUID":"35290356","DGUID":"2021S051235290356","LANDAREA":4.4139,"PRUID":"35","CMA":"Brantford"}},
{"type":"Feature","geometry":{"type":"Polygon","coordinates":[[[-80.22058428809049,43.15002415170654],[-80.21592766865315,43.14972694892532],[-80.21175596682296,43.148988262038216],[-80.20925783605281,43.148327419550206],[-80.2093576956744,43.15354670690686],[-80.21410570671554,43.152778212341374],[-80.21911989162497,43.1527139099309],[-80.21910670198966,43.15094568957376],[-80.22384038652444,43.15017399854629],[-80.22751950207409,43.14972951212358],[-80.23690998163694,43.14828796729531],[-80.23276396993202,43.148712555940556],[-80.22418096948779,43.14993786084563],[-80.22058428809049,43.15002415170654]]]},"properties":{"DAUID":"35290357","DGUID":"2021S051235290357","LANDAREA":0.3624,"PRUID":"35","CMA":"Brantford"}},
{"type":"Feature","geometry":{"type":"Polygon","coordinates":[[[-80.20920150239978,43.14501709039212],[-80.20935518307039,43.14348470638628],[-80.20461493085713,43.143720736166294],[-80.20454841672789,43.14530651564946],[-80.19420552063661,43.14862534177575],[-80.19826168721144,43.15030438932916],[-80.2003829025423,43.15174199880793],[-80.20814600802824,43.158216413669656],[-80.20989231665486,43.160033894959874],[-80.21258100846468,43.15948418883766],[-80.20945869798173,43.15771679834337],[-80.2093576956744,43.15354670690686],[-80.20925783605281,43.148327419550206],[-80.20923399040113,43.14693689115851],[-80.20920150239978,43.14501709039212]]]},"properties":{"DAUID":"35290358","DGUID":"2021S051235290358","LANDAREA":1.0202,"PRUID":"35","CMA":"Brantford"}}
]}