{"type":"FeatureCollection", "features": [
{"type":"Feature","geometry":{"type":"Polygon","coordinates":[[[-80.2397808948705,43.5586258884222],[-80.23660581436211,43.561017905960654],[-80.24048348264535,43.563799001678035],[-80.24207900005668,43.56493511214206],[-80.24304859520043,43.565625809666436],[-80.24351739964241,43.564773600927836],[-80.24215660166003,43.56368399783022],[-80.24304408804767,43.563014607612665],[-80.24363181488289,43.562559310048954],[-80.24174150855515,43.56124120163989],[-80.24282328945014,43.56087020856526],[-80.2397808948705,43.5586258884222]]]},"properties":{"DAUID":"35230052","DGUID":"2021S051235230052","LANDAREA":0.195,"PRUID":"35","CMA":"Guelph"}},
{"type":"Feature","geometry":{"type":"Polygon","coordinates":[[[-80.24207900005668,43.56493511214206],[-80.24122929486104,43.565550805144866],[-80.24206380454069,43.566150595057614],[-80.2403140136153,43.56743560628145],[-80.24500668277092,43.57045600820471],[-80.24650491159863,43.570474891501696],[-80.24760459331753,43.569671808093254],[-80.24771319692346,43.56890709004118],[-80.24304859520043,43.565625809666436],[-80.24207900005668,43.56493511214206]]]},"properties":{"DAUID":"35230054","DGUID":"2021S051235230054","LANDAREA":0.1673,"PRUID":"35","CMA":"Guelph"}},
{"type":"Feature","geometry":{"type":"Polygon","coordinates":[[[-80.24304859520043,43.565625809666436],[-80.24771319692346,43.56890709004118],[-80.2482412183245,43.565290890546024],[-80.24869951923014,43.5622865927149],[-80.246547210673,43.56211029410924],[-80.24608539599653,43.56339490917401],[-80.2449720022088,43.564305988127664],[-80.24304408804767,43.563014607612665],[-80.24215660166003,43.56368399783022],[-80.24351739964241,43.564773600927836],[-80.24304859520043,43.565625809666436]]]},"properties":{"DAUID":"35230055","DGUID":"2021S051235230055","LANDAREA":0.198,"PRUID":"35","CMA":"Guelph"}},
{"type":"Feature","geometry":{"type":"Polygon","coordinates":[[[-80.24760459331753,43.569671808093254],[-80.24693599191409,43.57463768919297],[-80.24828581172704,43.5736471105591],[-80.25118828726025,43.57144350202455],[-80.25241809230941,43.56997350400444],[-80.25407978621914,43.56878679765846],[-80.25355561424296,43.568116993945324],[-80.25215509413806,43.56821590489633],[-80.25092110414903,43.567865711125684],[-80.2509834056113,43.56683060769227],[-80.24879830373898,43.5652946124639],[-80.2482412183245,43.565290890546024],[-80.24771319692346,43.56890709004118],[-80.24760459331753,43.569671808093254]]]},"properties":{"DAUID":"35230056","DGUID":"2021S051235230056","LANDAREA":0.2665,"PRUID":"35","CMA":"Guelph"}},
{"type":"Feature","geometry":{"type":"Polygon","coordinates":[[[-80.2482412183245,43.565290890546024],[-80.24879830373898,43.5652946124639],[-80.2509834056113,43.56683060769227],[-80.25092110414903,43.567865711125684],[-80.25215509413806,43.56821590489633],[-80.2523307039065,43.56702849024605],[-80.25362738687858,43.564308809489454],[-80.25445200580153,43.563710890951576],[-80.2532369062788,43.56283848962787],[-80.25312810756564,43.561622289537354],[-80.25445270362238,43.56064040680411],[-80.24942059018395,43.55705989704998],[-80.2490396112874,43.5598306897737],[-80.24869951923014,43.5622865927149],[-80.2482412183245,43.565290890546024]]]},"properties":{"DAUID":"35230057","DGUID":"2021S051235230057","LANDAREA":0.3453,"PRUID":"35","CMA":"Guelph"}},
{"type":"Feature","geometry":{"type":"Polygon","coordinates":[[[-80.25407978621914,43.56878679765846],[-80.25990241070008,43.56454760348361],[-80.258441686609,43.56350270211716],[-80.25714200457071,43.5644757013285],[-80.2552640131168,43.56313090205707],[-80.25445200580153,43.563710890951576],[-80.25362738687858,43.564308809489454],[-80.2523307039065,43.56702849024605],[-80.25215509413806,43.56821590489633],[-80.25355561424296,43.568116993945324],[-80.25407978621914,43.56878679765846]]]},"properties":{"DAUID":"35230058","DGUID":"2021S051235230058","LANDAREA":0.2028,"PRUID":"35","CMA":"Guelph"}},
{"type":"Feature","geometry":{"type":"Polygon","coordinates":[[[-80.25445200580153,43.563710890951576],[-80.2552640131168,43.56313090205707],[-80.25714200457071,43.5644757013285],[-80.258441686609,43.56350270211716],[-80.25990241070008,43.56454760348361],[-80.26290069171517,43.56237899094423],[-80.25954970897779,43.55998028924744],[-80.2565882880491,43.562176091236],[-80.25445270362238,43.56064040680411],[-80.25312810756564,43.561622289537354],[-80.2532369062788,43.56283848962787],[-80.25445200580153,43.563710890951576]]]},"properties":{"DAUID":"35230059","DGUID":"2021S051235230059","LANDAREA":0.2111,"PRUID":"35","CMA":"Guelph"}},
{"type":"Feature","geometry":{"type":"Polygon","coordinates":[[[-80.25990241070008,43.56454760348361],[-80.26056230414235,43.565263200413014],[-80.26496910781454,43.568443113364395],[-80.26748048685626,43.566595405197646],[-80.26501080753819,43.5650127957484],[-80.26606438751566,43.56390310441091],[-80.26484130442334,43.563679090717535],[-80.26290069171517,43.56237899094423],[-80.25990241070008,43.56454760348361]]]},"properties":{"DAUID":"35230060","DGUID":"2021S051235230060","LANDAREA":0.1952,"PRUID":"35","CMA":"Guelph"}},
{"type":"Feature","geometry":{"type":"Polygon","coordinates":[[[-80.26496910781454,43.568443113364395],[-80.26295770152502,43.569888798514526],[-80.26113979395855,43.57069650019107],[-80.2597565959403,43.57240730547128],[-80.26284368897149,43.57415610849963],[-80.26215109619625,43.57611450537838],[-80.26763571266837,43.5721879057738],[-80.27179198042916,43.56920966103966],[-80.2705004453742,43.56745489510069],[-80.2693401446286,43.564911107534755],[-80.26858596349683,43.56449769617542],[-80.26913726700766,43.56076610332123],[-80.26807845249292,43.55969349282827],[-80.2665308996924,43.559723722978305],[-80.26290069171517,43.56237899094423],[-80.26484130442334,43.563679090717535],[-80.26606438751566,43.56390310441091],[-80.26501080753819,43.5650127957484],[-80.26748048685626,43.566595405197646],[-80.26496910781454,43.568443113364395]]]},"properties":{"DAUID":"35230061","DGUID":"2021S051235230061","LANDAREA":0.6336,"PRUID":"35","CMA":"Guelph"}},
{"type":"Feature","geometry":{"type":"Polygon","coordinates":[[[-80.26056230414235,43.565263200413014],[-80.25861350037023,43.566655298668216],[-80.26008221500946,43.568069393010404],[-80.25824551235685,43.56939920425054],[-80.25955871408743,43.570371108028404],[-80.25837501074437,43.571966197284944],[-80.2573843068057,43.57196869906572],[-80.25739830933745,43.57284221294378],[-80.2597565959403,43.57240730547128],[-80.26113979395855,43.57069650019107],[-80.26295770152502,43.569888798514526],[-80.26496910781454,43.568443113364395],[-80.26056230414235,43.565263200413014]]]},"properties":{"DAUID":"35230062","DGUID":"2021S051235230062","LANDAREA":0.2147,"PRUID":"35","CMA":"Guelph"}},
{"type":"Feature","geometry":{"type":"Polygon","coordinates":[[[-80.25241809230941,43.56997350400444],[-80.25328799500922,43.570735496158925],[-80.25454329731339,43.5703654906607],[-80.25667908824623,43.57191009487255],[-80.2573843068057,43.57196869906572],[-80.25837501074437,43.571966197284944],[-80.25955871408743,43.570371108028404],[-80.25824551235685,43.56939920425054],[-80.26008221500946,43.568069393010404],[-80.25861350037023,43.566655298668216],[-80.26056230414235,43.565263200413014],[-80.25990241070008,43.56454760348361],[-80.25407978621914,43.56878679765846],[-80.25241809230941,43.56997350400444]]]},"properties":{"DAUID":"35230063","DGUID":"2021S051235230063","LANDAREA":0.2334,"PRUID":"35","CMA":"Guelph"}},
{"type":"Feature","geometry":{"type":"Polygon","coordinates":[[[-80.25118828726025,43.57144350202455],[-80.25528548582189,43.57444920935406],[-80.25739830933745,43.57284221294378],[-80.2573843068057,43.57196869906572],[-80.25667908824623,43.57191009487255],[-80.25454329731339,43.5703654906607],[-80.25328799500922,43.570735496158925],[-80.25241809230941,43.56997350400444],[-80.25118828726025,43.57144350202455]]]},"properties":{"DAUID":"35230064","DGUID":"2021S051235230064","LANDAREA":0.1265,"PRUID":"35","CMA":"Guelph"}},
{"type":"Feature","geometry":{"type":"Polygon","coordinates":[[[-80.24828581172704,43.5736471105591],[-80.25062540588215,43.5747338933519],[-80.25255401128845,43.576007109418626],[-80.25434461013694,43.57643299601545],[-80.25602211688765,43.57497629267382],[-80.25528548582189,43.57444920935406],[-80.25118828726025,43.57144350202455],[-80.24828581172704,43.5736471105591]]]},"properties":{"DAUID":"35230065","DGUID":"2021S051235230065","LANDAREA":0.1627,"PRUID":"35","CMA":"Guelph"}},
{"type":"Feature","geometry":{"type":"Polygon","coordinates":[[[-80.24693599191409,43.57463768919297],[-80.246613211034,43.57668850546533],[-80.24810980810223,43.576842389773354],[-80.24886769195803,43.575658786396986],[-80.25107710005314,43.57725811152562],[-80.25020229491193,43.57789160461305],[-80.25197790513067,43.57852450957214],[-80.2540773849516,43.577007510288425],[-80.25434461013694,43.57643299601545],[-80.25255401128845,43.576007109418626],[-80.25062540588215,43.5747338933519],[-80.24828581172704,43.5736471105591],[-80.24693599191409,43.57463768919297]]]},"properties":{"DAUID":"35230066","DGUID":"2021S051235230066","LANDAREA":0.1467,"PRUID":"35","CMA":"Guelph"}},
{"type":"Feature","geometry":{"type":"Polygon","coordinates":[[[-80.246613211034,43.57668850546533],[-80.24634749683246,43.57859659793166],[-80.25261369873921,43.58296041237203],[-80.2546546963838,43.581414307293855],[-80.25215199502168,43.57947108843873],[-80.25197790513067,43.57852450957214],[-80.25020229491193,43.57789160461305],[-80.25107710005314,43.57725811152562],[-80.24886769195803,43.575658786396986],[-80.24810980810223,43.576842389773354],[-80.246613211034,43.57668850546533]]]},"properties":{"DAUID":"35230067","DGUID":"2021S051235230067","LANDAREA":0.2283,"PRUID":"35","CMA":"Guelph"}},
{"type":"Feature","geometry":{"type":"Polygon","coordinates":[[[-80.25197790513067,43.57852450957214],[-80.25215199502168,43.57947108843873],[-80.2546546963838,43.581414307293855],[-80.25824179605756,43.5787813907739],[-80.25555818653861,43.577449389742995],[-80.2540773849516,43.577007510288425],[-80.25197790513067,43.57852450957214]]]},"properties":{"DAUID":"35230068","DGUID":"2021S051235230068","LANDAREA":0.1336,"PRUID":"35","CMA":"Guelph"}},
{"type":"Feature","geometry":{"type":"Polygon","coordinates":[[[-80.25434461013694,43.57643299601545],[-80.2540773849516,43.577007510288425],[-80.25555818653861,43.577449389742995],[-80.25824179605756,43.5787813907739],[-80.25992579740641,43.57781088804867],[-80.25602211688765,43.57497629267382],[-80.25434461013694,43.57643299601545]]]},"properties":{"DAUID":"35230069","DGUID":"2021S051235230069","LANDAREA":0.0923,"PRUID":"35","CMA":"Guelph"}},
{"type":"Feature","geometry":{"type":"Polygon","coordinates":[[[-80.2597565959403,43.57240730547128],[-80.25739830933745,43.57284221294378],[-80.25528548582189,43.57444920935406],[-80.25602211688765,43.57497629267382],[-80.25992579740641,43.57781088804867],[-80.26215109619625,43.57611450537838],[-80.26284368897149,43.57415610849963],[-80.2597565959403,43.57240730547128]]]},"properties":{"DAUID":"35230070","DGUID":"2021S051235230070","LANDAREA":0.2081,"PRUID":"35","CMA":"Guelph"}},
{"type":"Feature","geometry":{"type":"Polygon","coordinates":[[[-80.25261369873921,43.58296041237203],[-80.25556832279423,43.58507320405704],[-80.26751518232403,43.59424758085623],[-80.26933495642919,43.59374919614198],[-80.27336203664903,43.59008758657564],[-80.27394692474472,43.587980067882285],[-80.2609446952391,43.57854679290109],[-80.26238551485231,43.57821400627785],[-80.26355340154049,43.57689789454795],[-80.26215109619625,43.57611450537838],[-80.25992579740641,43.57781088804867],[-80.25824179605756,43.5787813907739],[-80.2546546963838,43.581414307293855],[-80.25261369873921,43.58296041237203]]]},"properties":{"DAUID":"35230071","DGUID":"2021S051235230071","LANDAREA":1.4813,"PRUID":"35","CMA":"Guelph"}},
{"type":"Feature","geometry":{"type":"Polygon","coordinates":[[[-80.27179198042916,43.56920966103966],[-80.272061360696,43.57145089773131],[-80.27359595528632,43.57308139592877],[-80.27659410030384,43.570758531942616],[-80.27618841535488,43.56892496716815],[-80.27847479071045,43.56739718680014],[-80.27890070172285,43.56862839344995],[-80.27960117000994,43.568715455808345],[-80.28875941827269,43.56236757487315],[-80.2943559307603,43.56327616141419],[-80.29868258011058,43.55991748815486],[-80.30345258752749,43.55666080449956],[-80.3014402917542,43.55520818662666],[-80.29615520271226,43.55140671051855],[-80.29305279240054,43.55377239544896],[-80.28698409103434,43.55816468913027],[-80.283497387483,43.55567580019416],[-80.28194960078282,43.555693109940464],[-80.28083788335893,43.55651450801622],[-80.28080369913145,43.55730659237294],[-80.2797773972499,43.55823660845863],[-80.28325069253657,43.560815597064305],[-80.27736871418095,43.56501050279264],[-80.27638051181944,43.56584170774052],[-80.27534359000425,43.5666094969679],[-80.27179198042916,43.56920966103966]]]},"properties":{"DAUID":"35230074","DGUID":"2021S051235230074","LANDAREA":1.8181,"PRUID":"35","CMA":"Guelph"}},
{"type":"Feature","geometry":{"type":"Polygon","coordinates":[[[-80.27638051181944,43.56584170774052],[-80.27522580872532,43.565068992081436],[-80.2724329092261,43.56461009135952],[-80.27534359000425,43.5666094969679],[-80.27638051181944,43.56584170774052]]]},"properties":{"DAUID":"35230075","DGUID":"2021S051235230075","LANDAREA":0.0395,"PRUID":"35","CMA":"Guelph"}},
{"type":"Feature","geometry":{"type":"Polygon","coordinates":[[[-80.27179198042916,43.56920966103966],[-80.27534359000425,43.5666094969679],[-80.2724329092261,43.56461009135952],[-80.27522580872532,43.565068992081436],[-80.27638051181944,43.56584170774052],[-80.27736871418095,43.56501050279264],[-80.26824041240356,43.55842449906172],[-80.2665308996924,43.559723722978305],[-80.26807845249292,43.55969349282827],[-80.26913726700766,43.56076610332123],[-80.26858596349683,43.56449769617542],[-80.2693401446286,43.564911107534755],[-80.2705004453742,43.56745489510069],[-80.27179198042916,43.56920966103966]]]},"properties":{"DAUID":"35230076","DGUID":"2021S051235230076","LANDAREA":0.3656,"PRUID":"35","CMA":"Guelph"}},
{"type":"Feature","geometry":{"type":"Polygon","coordinates":[[[-80.2797773972499,43.55823660845863],[-80.27827900931321,43.55721870176063],[-80.27644628482862,43.55724309090096],[-80.27481349269944,43.55608920702078],[-80.27390310508608,43.55663269495312],[-80.27229469057477,43.555514994227686],[-80.27060850404757,43.55673780749599],[-80.26824041240356,43.55842449906172],[-80.27736871418095,43.56501050279264],[-80.28325069253657,43.560815597064305],[-80.2797773972499,43.55823660845863]]]},"properties":{"DAUID":"35230077","DGUID":"2021S051235230077","LANDAREA":0.6401,"PRUID":"35","CMA":"Guelph"}},
{"type":"Feature","geometry":{"type":"Polygon","coordinates":[[[-80.27827900931321,43.55721870176063],[-80.2803535107377,43.55560200105388],[-80.2762042938923,43.552640504055546],[-80.27470570882073,43.55372050359858],[-80.2724071136394,43.555434700910375],[-80.27229469057477,43.555514994227686],[-80.27390310508608,43.55663269495312],[-80.27481349269944,43.55608920702078],[-80.27644628482862,43.55724309090096],[-80.27827900931321,43.55721870176063]]]},"properties":{"DAUID":"35230078","DGUID":"2021S051235230078","LANDAREA":0.1761,"PRUID":"35","CMA":"Guelph"}},
{"type":"Feature","geometry":{"type":"Polygon","coordinates":[[[-80.27470570882073,43.55372050359858],[-80.2694776114376,43.549914404898196],[-80.26844971251475,43.55097028974873],[-80.27126040155926,43.552987201471524],[-80.27014830110754,43.55383549373178],[-80.2724071136394,43.555434700910375],[-80.27470570882073,43.55372050359858]]]},"properties":{"DAUID":"35230079","DGUID":"2021S051235230079","LANDAREA":0.1133,"PRUID":"35","CMA":"Guelph"}},
{"type":"Feature","geometry":{"type":"Polygon","coordinates":[[[-80.27229469057477,43.555514994227686],[-80.2724071136394,43.555434700910375],[-80.27014830110754,43.55383549373178],[-80.27126040155926,43.552987201471524],[-80.26844971251475,43.55097028974873],[-80.26557690772223,43.55306790836509],[-80.26740520202624,43.55442131034542],[-80.27060850404757,43.55673780749599],[-80.27229469057477,43.555514994227686]]]},"properties":{"DAUID":"35230080","DGUID":"2021S051235230080","LANDAREA":0.1583,"PRUID":"35","CMA":"Guelph"}},
{"type":"Feature","geometry":{"type":"Polygon","coordinates":[[[-80.27060850404757,43.55673780749599],[-80.26740520202624,43.55442131034542],[-80.26508151164647,43.55613510969379],[-80.26618599901157,43.556943605340486],[-80.26824041240356,43.55842449906172],[-80.27060850404757,43.55673780749599]]]},"properties":{"DAUID":"35230081","DGUID":"2021S051235230081","LANDAREA":0.0979,"PRUID":"35","CMA":"Guelph"}},
{"type":"Feature","geometry":{"type":"Polygon","coordinates":[[[-80.26557690772223,43.55306790836509],[-80.26423930181198,43.552095891165244],[-80.26191540129915,43.55382770311686],[-80.26341279847398,43.55489980274088],[-80.26228908515398,43.55567601039786],[-80.2650991933167,43.557738001301615],[-80.26618599901157,43.556943605340486],[-80.26508151164647,43.55613510969379],[-80.26740520202624,43.55442131034542],[-80.26557690772223,43.55306790836509]]]},"properties":{"DAUID":"35230082","DGUID":"2021S051235230082","LANDAREA":0.137,"PRUID":"35","CMA":"Guelph"}},
{"type":"Feature","geometry":{"type":"Polygon","coordinates":[[[-80.26824041240356,43.55842449906172],[-80.26618599901157,43.556943605340486],[-80.2650991933167,43.557738001301615],[-80.26228908515398,43.55567601039786],[-80.26341279847398,43.55489980274088],[-80.26191540129915,43.55382770311686],[-80.26016058828532,43.55255578835163],[-80.2584598853281,43.552931904764364],[-80.2572583839124,43.55372212840618],[-80.25849923878174,43.554533501554054],[-80.25894884389652,43.55592420319662],[-80.2601065545787,43.557133299596806],[-80.2626438549802,43.55761519428387],[-80.26401846971113,43.55864148912006],[-80.2665308996924,43.559723722978305],[-80.26824041240356,43.55842449906172]]]},"properties":{"DAUID":"35230083","DGUID":"2021S051235230083","LANDAREA":0.2273,"PRUID":"35","CMA":"Guelph"}},
{"type":"Feature","geometry":{"type":"Polygon","coordinates":[[[-80.26423930181198,43.552095891165244],[-80.2609994971901,43.54976090779786],[-80.25868809939614,43.55148370197302],[-80.2584598853281,43.552931904764364],[-80.26016058828532,43.55255578835163],[-80.26191540129915,43.55382770311686],[-80.26423930181198,43.552095891165244]]]},"properties":{"DAUID":"35230084","DGUID":"2021S051235230084","LANDAREA":0.1111,"PRUID":"35","CMA":"Guelph"}},
{"type":"Feature","geometry":{"type":"Polygon","coordinates":[[[-80.2584598853281,43.552931904764364],[-80.25868809939614,43.55148370197302],[-80.2609994971901,43.54976090779786],[-80.25923250953683,43.54847989019841],[-80.25781141297192,43.548272590164586],[-80.2558686005793,43.54922341222744],[-80.25535440681954,43.548751802615065],[-80.25315823781038,43.54997415551447],[-80.25590993621721,43.55365390021013],[-80.2572583839124,43.55372212840618],[-80.2584598853281,43.552931904764364]]]},"properties":{"DAUID":"35230085","DGUID":"2021S051235230085","LANDAREA":0.2201,"PRUID":"35","CMA":"Guelph"}},
{"type":"Feature","geometry":{"type":"Polygon","coordinates":[[[-80.25923250953683,43.54847989019841],[-80.26023201576069,43.54772999232805],[-80.25822730454827,43.545655001855515],[-80.2543031108025,43.547673510909796],[-80.25535440681954,43.548751802615065],[-80.2558686005793,43.54922341222744],[-80.25781141297192,43.548272590164586],[-80.25923250953683,43.54847989019841]]]},"properties":{"DAUID":"35230086","DGUID":"2021S051235230086","LANDAREA":0.1004,"PRUID":"35","CMA":"Guelph"}},
{"type":"Feature","geometry":{"type":"Polygon","coordinates":[[[-80.25535440681954,43.548751802615065],[-80.2543031108025,43.547673510909796],[-80.25287091098424,43.54836639067419],[-80.25076938461244,43.54798329280086],[-80.25062195619167,43.548632334552735],[-80.25315823781038,43.54997415551447],[-80.25535440681954,43.548751802615065]]]},"properties":{"DAUID":"35230087","DGUID":"2021S051235230087","LANDAREA":0.0508,"PRUID":"35","CMA":"Guelph"}},
{"type":"Feature","geometry":{"type":"Polygon","coordinates":[[[-80.2543031108025,43.547673510909796],[-80.25213960103855,43.54544429402962],[-80.24917459715564,43.545965093274475],[-80.24857241202768,43.5476089064408],[-80.247762265093,43.54822724250572],[-80.25062195619167,43.548632334552735],[-80.25076938461244,43.54798329280086],[-80.25287091098424,43.54836639067419],[-80.2543031108025,43.547673510909796]]]},"properties":{"DAUID":"35230088","DGUID":"2021S051235230088","LANDAREA":0.1122,"PRUID":"35","CMA":"Guelph"}},
{"type":"Feature","geometry":{"type":"Polygon","coordinates":[[[-80.25822730454827,43.545655001855515],[-80.25630800508718,43.543688708297694],[-80.25306839695477,43.545405287214365],[-80.25213960103855,43.54544429402962],[-80.2543031108025,43.547673510909796],[-80.25822730454827,43.545655001855515]]]},"properties":{"DAUID":"35230089","DGUID":"2021S051235230089","LANDAREA":0.1042,"PRUID":"35","CMA":"Guelph"}},
{"type":"Feature","geometry":{"type":"Polygon","coordinates":[[[-80.25630800508718,43.543688708297694],[-80.25566019524686,43.543018109217684],[-80.25201680975341,43.53935671108865],[-80.25043868882135,43.540849986056095],[-80.2517856917461,43.542029391415326],[-80.24978261140097,43.54307260763012],[-80.25213960103855,43.54544429402962],[-80.25306839695477,43.545405287214365],[-80.25630800508718,43.543688708297694]]]},"properties":{"DAUID":"35230090","DGUID":"2021S051235230090","LANDAREA":0.1791,"PRUID":"35","CMA":"Guelph"}},
{"type":"Feature","geometry":{"type":"Polygon","coordinates":[[[-80.25822730454827,43.545655001855515],[-80.26169101169934,43.54381361190822],[-80.25898588978826,43.54132889346558],[-80.25566019524686,43.543018109217684],[-80.25630800508718,43.543688708297694],[-80.25822730454827,43.545655001855515]]]},"properties":{"DAUID":"35230091","DGUID":"2021S051235230091","LANDAREA":0.1222,"PRUID":"35","CMA":"Guelph"}},
{"type":"Feature","geometry":{"type":"Polygon","coordinates":[[[-80.25566019524686,43.543018109217684],[-80.25898588978826,43.54132889346558],[-80.25858259725129,43.5409031043647],[-80.25792281270952,43.54020550666895],[-80.25607609344296,43.540400589534975],[-80.25463438668294,43.53886948810041],[-80.25329428491452,43.53814039382844],[-80.25201680975341,43.53935671108865],[-80.25566019524686,43.543018109217684]]]},"properties":{"DAUID":"35230092","DGUID":"2021S051235230092","LANDAREA":0.1363,"PRUID":"35","CMA":"Guelph"}},
{"type":"Feature","geometry":{"type":"Polygon","coordinates":[[[-80.26169101169934,43.54381361190822],[-80.26463088277355,43.54228380389693],[-80.26454521407177,43.5422111935671],[-80.26239848753752,43.54061269562535],[-80.260704804683,43.53943120612314],[-80.25858259725129,43.5409031043647],[-80.25898588978826,43.54132889346558],[-80.26169101169934,43.54381361190822]]]},"properties":{"DAUID":"35230093","DGUID":"2021S051235230093","LANDAREA":0.112,"PRUID":"35","CMA":"Guelph"}},
{"type":"Feature","geometry":{"type":"Polygon","coordinates":[[[-80.25858259725129,43.5409031043647],[-80.260704804683,43.53943120612314],[-80.25567360877619,43.535895912259775],[-80.25329428491452,43.53814039382844],[-80.25463438668294,43.53886948810041],[-80.25607609344296,43.540400589534975],[-80.25792281270952,43.54020550666895],[-80.25858259725129,43.5409031043647]]]},"properties":{"DAUID":"35230094","DGUID":"2021S051235230094","LANDAREA":0.1497,"PRUID":"35","CMA":"Guelph"}},
{"type":"Feature","geometry":{"type":"Polygon","coordinates":[[[-80.26239848753752,43.54061269562535],[-80.26389239998525,43.53889350967394],[-80.26424928289424,43.53702290043279],[-80.26206528268777,43.5354600992535],[-80.26125279357126,43.53408620247626],[-80.25859640526484,43.535734809734656],[-80.25705051055323,43.53463529547089],[-80.25567360877619,43.535895912259775],[-80.260704804683,43.53943120612314],[-80.26239848753752,43.54061269562535]]]},"properties":{"DAUID":"35230095","DGUID":"2021S051235230095","LANDAREA":0.2428,"PRUID":"35","CMA":"Guelph"}},
{"type":"Feature","geometry":{"type":"Polygon","coordinates":[[[-80.26125279357126,43.53408620247626],[-80.25950388183584,43.532373105734784],[-80.25831180275455,43.53169010001368],[-80.25460599138938,43.53515058649265],[-80.25567360877619,43.535895912259775],[-80.25705051055323,43.53463529547089],[-80.25859640526484,43.535734809734656],[-80.26125279357126,43.53408620247626]]]},"properties":{"DAUID":"35230096","DGUID":"2021S051235230096","LANDAREA":0.1173,"PRUID":"35","CMA":"Guelph"}},
{"type":"Feature","geometry":{"type":"Polygon","coordinates":[[[-80.25950388183584,43.532373105734784],[-80.26257611820128,43.52929329576692],[-80.26143208556955,43.52828160417802],[-80.26422205569598,43.527111535324906],[-80.2606999128487,43.5267896310937],[-80.25963803687652,43.528174495504416],[-80.25622113858077,43.5313453997192],[-80.2527417067098,43.53354241780226],[-80.25460599138938,43.53515058649265],[-80.25831180275455,43.53169010001368],[-80.25950388183584,43.532373105734784]]]},"properties":{"DAUID":"35230097","DGUID":"2021S051235230097","LANDAREA":0.2001,"PRUID":"35","CMA":"Guelph"}},
{"type":"Feature","geometry":{"type":"Polygon","coordinates":[[[-80.2705579994693,43.53526248880364],[-80.26691160409466,43.53794040708302],[-80.27183258672777,43.54144750917072],[-80.27268178979668,43.54082260536745],[-80.27162848585864,43.53989750374627],[-80.27227788463568,43.5394154034862],[-80.27290241694507,43.53895109504337],[-80.27060741489754,43.537324794518916],[-80.27198091232106,43.53632509676938],[-80.2705579994693,43.53526248880364]]]},"properties":{"DAUID":"35230100","DGUID":"2021S051235230100","LANDAREA":0.1485,"PRUID":"35","CMA":"Guelph"}},
{"type":"Feature","geometry":{"type":"Polygon","coordinates":[[[-80.26691160409466,43.53794040708302],[-80.26619978819494,43.5384580861797],[-80.26796698382707,43.53971200703935],[-80.27112081581613,43.54197419973152],[-80.27368629830046,43.54376439196359],[-80.27438538638233,43.54326460626716],[-80.27361230901667,43.54271040379919],[-80.27492770190118,43.54139509461753],[-80.27227788463568,43.5394154034862],[-80.27162848585864,43.53989750374627],[-80.27268178979668,43.54082260536745],[-80.27183258672777,43.54144750917072],[-80.26691160409466,43.53794040708302]]]},"properties":{"DAUID":"35230101","DGUID":"2021S051235230101","LANDAREA":0.1157,"PRUID":"35","CMA":"Guelph"}},
{"type":"Feature","geometry":{"type":"Polygon","coordinates":[[[-80.26463088277355,43.54228380389693],[-80.2659927043467,43.543291997691306],[-80.26774190038314,43.541943607362796],[-80.26947239170657,43.54317029538423],[-80.27112081581613,43.54197419973152],[-80.26796698382707,43.53971200703935],[-80.26454521407177,43.5422111935671],[-80.26463088277355,43.54228380389693]]]},"properties":{"DAUID":"35230102","DGUID":"2021S051235230102","LANDAREA":0.1016,"PRUID":"35","CMA":"Guelph"}},
{"type":"Feature","geometry":{"type":"Polygon","coordinates":[[[-80.26454521407177,43.5422111935671],[-80.26796698382707,43.53971200703935],[-80.26619978819494,43.5384580861797],[-80.26550060427464,43.5379404064889],[-80.26389239998525,43.53889350967394],[-80.26239848753752,43.54061269562535],[-80.26454521407177,43.5422111935671]]]},"properties":{"DAUID":"35230103","DGUID":"2021S051235230103","LANDAREA":0.11,"PRUID":"35","CMA":"Guelph"}},
{"type":"Feature","geometry":{"type":"Polygon","coordinates":[[[-80.2659927043467,43.543291997691306],[-80.26611520201232,43.543391901051116],[-80.27023951650244,43.546281599972176],[-80.27200039225842,43.544996195604426],[-80.26947239170657,43.54317029538423],[-80.26774190038314,43.541943607362796],[-80.2659927043467,43.543291997691306]]]},"properties":{"DAUID":"35230104","DGUID":"2021S051235230104","LANDAREA":0.0982,"PRUID":"35","CMA":"Guelph"}},
{"type":"Feature","geometry":{"type":"Polygon","coordinates":[[[-80.27112081581613,43.54197419973152],[-80.26947239170657,43.54317029538423],[-80.27200039225842,43.544996195604426],[-80.27253749920278,43.54459450233653],[-80.27368629830046,43.54376439196359],[-80.27112081581613,43.54197419973152]]]},"properties":{"DAUID":"35230105","DGUID":"2021S051235230105","LANDAREA":0.0544,"PRUID":"35","CMA":"Guelph"}},
{"type":"Feature","geometry":{"type":"Polygon","coordinates":[[[-80.27023951650244,43.546281599972176],[-80.2777198018691,43.55153259925357],[-80.27993761095081,43.54991270784546],[-80.27253749920278,43.54459450233653],[-80.27200039225842,43.544996195604426],[-80.27023951650244,43.546281599972176]]]},"properties":{"DAUID":"35230106","DGUID":"2021S051235230106","LANDAREA":0.2184,"PRUID":"35","CMA":"Guelph"}},
{"type":"Feature","geometry":{"type":"Polygon","coordinates":[[[-80.27779439967135,43.54077398783957],[-80.27603359863892,43.542077489689035],[-80.27914498489645,43.543771897326],[-80.2813704831241,43.54607299926576],[-80.28315709300031,43.544688488168426],[-80.28043499134512,43.542510398687874],[-80.27779439967135,43.54077398783957]]]},"properties":{"DAUID":"35230108","DGUID":"2021S051235230108","LANDAREA":0.1161,"PRUID":"35","CMA":"Guelph"}},
{"type":"Feature","geometry":{"type":"Polygon","coordinates":[[[-80.27227788463568,43.5394154034862],[-80.27492770190118,43.54139509461753],[-80.27361230901667,43.54271040379919],[-80.27438538638233,43.54326460626716],[-80.27603359863892,43.542077489689035],[-80.27779439967135,43.54077398783957],[-80.27960531521332,43.539453202442935],[-80.27588649136887,43.5367820867618],[-80.27447538523688,43.53782660479192],[-80.27582519750533,43.53880758755563],[-80.27499070185038,43.539243509213705],[-80.2723155968674,43.53730860925734],[-80.27198091232106,43.53632509676938],[-80.27060741489754,43.537324794518916],[-80.27290241694507,43.53895109504337],[-80.27227788463568,43.5394154034862]]]},"properties":{"DAUID":"35230110","DGUID":"2021S051235230110","LANDAREA":0.211,"PRUID":"35","CMA":"Guelph"}},
{"type":"Feature","geometry":{"type":"Polygon","coordinates":[[[-80.27960531521332,43.539453202442935],[-80.28124289754177,43.53818460278817],[-80.27613617611013,43.53452983994492],[-80.27446300554506,43.53576458999486],[-80.27588649136887,43.5367820867618],[-80.27960531521332,43.539453202442935]]]},"properties":{"DAUID":"35230111","DGUID":"2021S051235230111","LANDAREA":0.1114,"PRUID":"35","CMA":"Guelph"}},
{"type":"Feature","geometry":{"type":"Polygon","coordinates":[[[-80.27198091232106,43.53632509676938],[-80.2723155968674,43.53730860925734],[-80.27499070185038,43.539243509213705],[-80.27582519750533,43.53880758755563],[-80.27447538523688,43.53782660479192],[-80.27588649136887,43.5367820867618],[-80.27446300554506,43.53576458999486],[-80.27613617611013,43.53452983994492],[-80.27426320095493,43.53315849379252],[-80.27229569613483,43.53397779637595],[-80.2705579994693,43.53526248880364],[-80.27198091232106,43.53632509676938]]]},"properties":{"DAUID":"35230112","DGUID":"2021S051235230112","LANDAREA":0.1471,"PRUID":"35","CMA":"Guelph"}},
{"type":"Feature","geometry":{"type":"Polygon","coordinates":[[[-80.27613617611013,43.53452983994492],[-80.27749598224145,43.533631804337055],[-80.28001558861821,43.53198189315669],[-80.28140338660535,43.531846507186515],[-80.28615559885787,43.53290280436187],[-80.28764450627082,43.53363240045785],[-80.28924259244951,43.53245380371402],[-80.2860823181813,43.530723294104384],[-80.28627918524252,43.529770099941274],[-80.28825070168415,43.52839569524541],[-80.28940489029738,43.52811478915145],[-80.28958435281997,43.526461544739334],[-80.27491144103502,43.532033887958626],[-80.27341043158698,43.532535534031574],[-80.27426320095493,43.53315849379252],[-80.27613617611013,43.53452983994492]]]},"properties":{"DAUID":"35230113","DGUID":"2021S051235230113","LANDAREA":0.3924,"PRUID":"35","CMA":"Guelph"}},
{"type":"Feature","geometry":{"type":"Polygon","coordinates":[[[-80.28124289754177,43.53818460278817],[-80.28302598538578,43.53695309226246],[-80.28229200192031,43.53622821262393],[-80.28409391048163,43.53456469816211],[-80.2829305064302,43.5345663927019],[-80.2813909865218,43.53392639959062],[-80.27893260187234,43.53459530000237],[-80.27749598224145,43.533631804337055],[-80.27613617611013,43.53452983994492],[-80.28124289754177,43.53818460278817]]]},"properties":{"DAUID":"35230114","DGUID":"2021S051235230114","LANDAREA":0.1558,"PRUID":"35","CMA":"Guelph"}},
{"type":"Feature","geometry":{"type":"Polygon","coordinates":[[[-80.28302598538578,43.53695309226246],[-80.2838625061572,43.53633709145694],[-80.28553091082372,43.537599096237415],[-80.28799448253746,43.53755140329617],[-80.28923641598954,43.53824350357497],[-80.2901722064011,43.53866350188253],[-80.29105798548021,43.537003205930375],[-80.2928793866016,43.53578090753368],[-80.29311338786165,43.53481890846708],[-80.29071649658667,43.534461900737924],[-80.28764450627082,43.53363240045785],[-80.28564780754364,43.53503359428426],[-80.28409391048163,43.53456469816211],[-80.28229200192031,43.53622821262393],[-80.28302598538578,43.53695309226246]]]},"properties":{"DAUID":"35230117","DGUID":"2021S051235230117","LANDAREA":0.2522,"PRUID":"35","CMA":"Guelph"}},
{"type":"Feature","geometry":{"type":"Polygon","coordinates":[[[-80.28764450627082,43.53363240045785],[-80.29071649658667,43.534461900737924],[-80.29106460431166,43.53327549938514],[-80.29230170196948,43.532256702902075],[-80.2923966057055,43.53155489821104],[-80.29091990388842,43.53083450157571],[-80.28924259244951,43.53245380371402],[-80.28764450627082,43.53363240045785]]]},"properties":{"DAUID":"35230118","DGUID":"2021S051235230118","LANDAREA":0.0745,"PRUID":"35","CMA":"Guelph"}},
{"type":"Feature","geometry":{"type":"Polygon","coordinates":[[[-80.29311338786165,43.53481890846708],[-80.29467300341587,43.53480149821309],[-80.29457070079384,43.53402649800226],[-80.29401528984751,43.53070949595826],[-80.29360401126183,43.52989659227541],[-80.29183660125418,43.52864311109869],[-80.29091990388842,43.53083450157571],[-80.2923966057055,43.53155489821104],[-80.29230170196948,43.532256702902075],[-80.29106460431166,43.53327549938514],[-80.29071649658667,43.534461900737924],[-80.29311338786165,43.53481890846708]]]},"properties":{"DAUID":"35230119","DGUID":"2021S051235230119","LANDAREA":0.1395,"PRUID":"35","CMA":"Guelph"}},
{"type":"Feature","geometry":{"type":"Polygon","coordinates":[[[-80.29457070079384,43.53402649800226],[-80.29749791246778,43.533477310741276],[-80.29920070526734,43.53391989666518],[-80.30074920102027,43.53272290788487],[-80.29928518440649,43.53196650489942],[-80.29401528984751,43.53070949595826],[-80.29457070079384,43.53402649800226]]]},"properties":{"DAUID":"35230120","DGUID":"2021S051235230120","LANDAREA":0.1241,"PRUID":"35","CMA":"Guelph"}},
{"type":"Feature","geometry":{"type":"Polygon","coordinates":[[[-80.29467300341587,43.53480149821309],[-80.29541260521344,43.53612070231589],[-80.2972064074302,43.53736158856154],[-80.30129808297929,43.534481998298226],[-80.30498089255101,43.53172218921428],[-80.30359129449077,43.53036900385737],[-80.30157341336766,43.53100810167089],[-80.30074920102027,43.53272290788487],[-80.29920070526734,43.53391989666518],[-80.29749791246778,43.533477310741276],[-80.29457070079384,43.53402649800226],[-80.29467300341587,43.53480149821309]]]},"properties":{"DAUID":"35230121","DGUID":"2021S051235230121","LANDAREA":0.2239,"PRUID":"35","CMA":"Guelph"}},
{"type":"Feature","geometry":{"type":"Polygon","coordinates":[[[-80.29401528984751,43.53070949595826],[-80.29928518440649,43.53196650489942],[-80.30074920102027,43.53272290788487],[-80.30157341336766,43.53100810167089],[-80.2997582082288,43.5306547926263],[-80.29789139631043,43.529427804600076],[-80.29646508451162,43.52756419503214],[-80.29309410419532,43.52799361151852],[-80.29183660125418,43.52864311109869],[-80.29360401126183,43.52989659227541],[-80.29401528984751,43.53070949595826]]]},"properties":{"DAUID":"35230122","DGUID":"2021S051235230122","LANDAREA":0.1866,"PRUID":"35","CMA":"Guelph"}},
{"type":"Feature","geometry":{"type":"Polygon","coordinates":[[[-80.28924259244951,43.53245380371402],[-80.29091990388842,43.53083450157571],[-80.29183660125418,43.52864311109869],[-80.29064520369514,43.52787941290074],[-80.28940489029738,43.52811478915145],[-80.28825070168415,43.52839569524541],[-80.28627918524252,43.529770099941274],[-80.2860823181813,43.530723294104384],[-80.28924259244951,43.53245380371402]]]},"properties":{"DAUID":"35230124","DGUID":"2021S051235230124","LANDAREA":0.1409,"PRUID":"35","CMA":"Guelph"}},
{"type":"Feature","geometry":{"type":"Polygon","coordinates":[[[-80.2520434886669,43.52718308861793],[-80.2534908849732,43.52821909771378],[-80.2544006833906,43.52770280757294],[-80.2574988966325,43.52733580820787],[-80.25438741012594,43.524758290428316],[-80.25187869717784,43.526497711126964],[-80.2520434886669,43.52718308861793]]]},"properties":{"DAUID":"35230139","DGUID":"2021S051235230139","LANDAREA":0.0985,"PRUID":"35","CMA":"Guelph"}},
{"type":"Feature","geometry":{"type":"Polygon","coordinates":[[[-80.25000959781913,43.53152789351078],[-80.24653728754949,43.53408919734117],[-80.2461743973977,43.53540149142495],[-80.24593159031508,43.536618215510515],[-80.2475974480762,43.53612940561477],[-80.2527417067098,43.53354241780226],[-80.25000959781913,43.53152789351078]]]},"properties":{"DAUID":"35230141","DGUID":"2021S051235230141","LANDAREA":0.1414,"PRUID":"35","CMA":"Guelph"}},
{"type":"Feature","geometry":{"type":"Polygon","coordinates":[[[-80.25000959781913,43.53152789351078],[-80.24531209393686,43.52812938675782],[-80.24072748320867,43.531547600446714],[-80.24238300829538,43.5327652115785],[-80.24351948602042,43.531944292734316],[-80.24653728754949,43.53408919734117],[-80.25000959781913,43.53152789351078]]]},"properties":{"DAUID":"35230142","DGUID":"2021S051235230142","LANDAREA":0.2411,"PRUID":"35","CMA":"Guelph"}},
{"type":"Feature","geometry":{"type":"Polygon","coordinates":[[[-80.24653728754949,43.53408919734117],[-80.24351948602042,43.531944292734316],[-80.24238300829538,43.5327652115785],[-80.24072748320867,43.531547600446714],[-80.23988069701582,43.5319651880346],[-80.24088451486439,43.53284530260153],[-80.23936691238953,43.53345649545368],[-80.237505284788,43.53484869087738],[-80.23626850464943,43.534786509411425],[-80.23915129029794,43.536822605958044],[-80.23856519455836,43.536188406243596],[-80.24106351635403,43.53435919981158],[-80.24286550955352,43.53574879513103],[-80.24472688753704,43.53436539411597],[-80.2461743973977,43.53540149142495],[-80.24653728754949,43.53408919734117]]]},"properties":{"DAUID":"35230143","DGUID":"2021S051235230143","LANDAREA":0.1908,"PRUID":"35","CMA":"Guelph"}},
{"type":"Feature","geometry":{"type":"Polygon","coordinates":[[[-80.2461743973977,43.53540149142495],[-80.24472688753704,43.53436539411597],[-80.24286550955352,43.53574879513103],[-80.24106351635403,43.53435919981158],[-80.23856519455836,43.536188406243596],[-80.23915129029794,43.536822605958044],[-80.24165148165767,43.53862167844046],[-80.2453997399769,43.53669118755681],[-80.24593159031508,43.536618215510515],[-80.2461743973977,43.53540149142495]]]},"properties":{"DAUID":"35230144","DGUID":"2021S051235230144","LANDAREA":0.1568,"PRUID":"35","CMA":"Guelph"}},
{"type":"Feature","geometry":{"type":"Polygon","coordinates":[[[-80.25567360877619,43.535895912259775],[-80.25460599138938,43.53515058649265],[-80.2527417067098,43.53354241780226],[-80.2475974480762,43.53612940561477],[-80.24593159031508,43.536618215510515],[-80.2453997399769,43.53669118755681],[-80.24165148165767,43.53862167844046],[-80.2437973137178,43.54040909241857],[-80.24463779613562,43.54073309143724],[-80.24544680736717,43.53916040892283],[-80.24588049695855,43.53812779574718],[-80.25061270357266,43.53679930781266],[-80.25329428491452,43.53814039382844],[-80.25567360877619,43.535895912259775]]]},"properties":{"DAUID":"35230145","DGUID":"2021S051235230145","LANDAREA":0.2246,"PRUID":"35","CMA":"Guelph"}},
{"type":"Feature","geometry":{"type":"Polygon","coordinates":[[[-80.25201680975341,43.53935671108865],[-80.25329428491452,43.53814039382844],[-80.25061270357266,43.53679930781266],[-80.24588049695855,43.53812779574718],[-80.24544680736717,43.53916040892283],[-80.2482176118267,43.53830529162796],[-80.24749210808352,43.53991219333815],[-80.25043868882135,43.540849986056095],[-80.25201680975341,43.53935671108865]]]},"properties":{"DAUID":"35230146","DGUID":"2021S051235230146","LANDAREA":0.1425,"PRUID":"35","CMA":"Guelph"}},
{"type":"Feature","geometry":{"type":"Polygon","coordinates":[[[-80.25043868882135,43.540849986056095],[-80.24749210808352,43.53991219333815],[-80.2482176118267,43.53830529162796],[-80.24544680736717,43.53916040892283],[-80.24463779613562,43.54073309143724],[-80.24887379430032,43.54227141178405],[-80.24978261140097,43.54307260763012],[-80.2517856917461,43.542029391415326],[-80.25043868882135,43.540849986056095]]]},"properties":{"DAUID":"35230147","DGUID":"2021S051235230147","LANDAREA":0.1244,"PRUID":"35","CMA":"Guelph"}},
{"type":"Feature","geometry":{"type":"Polygon","coordinates":[[[-80.25213960103855,43.54544429402962],[-80.24978261140097,43.54307260763012],[-80.24887379430032,43.54227141178405],[-80.24463779613562,43.54073309143724],[-80.2437973137178,43.54040909241857],[-80.24165148165767,43.53862167844046],[-80.24039493498626,43.539008295532845],[-80.24276476754835,43.54052769498942],[-80.24334856702221,43.541359994780315],[-80.24300744919339,43.54264597276515],[-80.2422406254843,43.54460092131485],[-80.24353612804019,43.54722042191592],[-80.24600711407564,43.54800052999957],[-80.247762265093,43.54822724250572],[-80.24857241202768,43.5476089064408],[-80.24917459715564,43.545965093274475],[-80.25213960103855,43.54544429402962]]]},"properties":{"DAUID":"35230148","DGUID":"2021S051235230148","LANDAREA":0.4232,"PRUID":"35","CMA":"Guelph"}},
{"type":"Feature","geometry":{"type":"Polygon","coordinates":[[[-80.24300744919339,43.54264597276515],[-80.24054368728108,43.541261886390245],[-80.23611639260834,43.54290720380803],[-80.24146989679059,43.54439249231263],[-80.2422406254843,43.54460092131485],[-80.24300744919339,43.54264597276515]]]},"properties":{"DAUID":"35230149","DGUID":"2021S051235230149","LANDAREA":0.1063,"PRUID":"35","CMA":"Guelph"}},
{"type":"Feature","geometry":{"type":"Polygon","coordinates":[[[-80.23611639260834,43.54290720380803],[-80.23228018476682,43.54575390530586],[-80.23334728868241,43.54555389594039],[-80.23502750095037,43.54679879540872],[-80.23772730733475,43.544736800991785],[-80.24012249988569,43.54523001025038],[-80.24146989679059,43.54439249231263],[-80.23611639260834,43.54290720380803]]]},"properties":{"DAUID":"35230150","DGUID":"2021S051235230150","LANDAREA":0.1275,"PRUID":"35","CMA":"Guelph"}},
{"type":"Feature","geometry":{"type":"Polygon","coordinates":[[[-80.2422406254843,43.54460092131485],[-80.24146989679059,43.54439249231263],[-80.24012249988569,43.54523001025038],[-80.23772730733475,43.544736800991785],[-80.23502750095037,43.54679879540872],[-80.23616818995247,43.5476348063239],[-80.24002142667013,43.55021604765027],[-80.24292294568153,43.547781054846574],[-80.24353612804019,43.54722042191592],[-80.2422406254843,43.54460092131485]]]},"properties":{"DAUID":"35230151","DGUID":"2021S051235230151","LANDAREA":0.2474,"PRUID":"35","CMA":"Guelph"}},
{"type":"Feature","geometry":{"type":"Polygon","coordinates":[[[-80.23616818995247,43.5476348063239],[-80.23396949831536,43.54920480539679],[-80.2355645931523,43.550332002297445],[-80.23327679428434,43.55209051063455],[-80.23553328808569,43.5537134710762],[-80.24002142667013,43.55021604765027],[-80.23616818995247,43.5476348063239]]]},"properties":{"DAUID":"35230152","DGUID":"2021S051235230152","LANDAREA":0.178,"PRUID":"35","CMA":"Guelph"}},
{"type":"Feature","geometry":{"type":"Polygon","coordinates":[[[-80.23553328808569,43.5537134710762],[-80.23747331830302,43.5550628917004],[-80.23931390462803,43.556380798442966],[-80.24075101342747,43.5553189085952],[-80.24258799954198,43.55396239678418],[-80.24068579904016,43.55262621011734],[-80.24191081525534,43.551688900192964],[-80.24002142667013,43.55021604765027],[-80.23553328808569,43.5537134710762]]]},"properties":{"DAUID":"35230153","DGUID":"2021S051235230153","LANDAREA":0.1919,"PRUID":"35","CMA":"Guelph"}},
{"type":"Feature","geometry":{"type":"Polygon","coordinates":[[[-80.24002142667013,43.55021604765027],[-80.24191081525534,43.551688900192964],[-80.24068579904016,43.55262621011734],[-80.24258799954198,43.55396239678418],[-80.24380009321759,43.553060986402166],[-80.24717388204274,43.55056210239143],[-80.2448441923948,43.54876391063765],[-80.24292294568153,43.547781054846574],[-80.24002142667013,43.55021604765027]]]},"properties":{"DAUID":"35230154","DGUID":"2021S051235230154","LANDAREA":0.2022,"PRUID":"35","CMA":"Guelph"}},
{"type":"Feature","geometry":{"type":"Polygon","coordinates":[[[-80.24380009321759,43.553060986402166],[-80.24489229934406,43.55383359280021],[-80.2439677948823,43.55450279277814],[-80.24640880406376,43.556328690946756],[-80.24789899866416,43.55596940880408],[-80.24942059018395,43.55705989704998],[-80.24994070145029,43.55306539906541],[-80.25002281811281,43.5524356912948],[-80.24717388204274,43.55056210239143],[-80.24380009321759,43.553060986402166]]]},"properties":{"DAUID":"35230155","DGUID":"2021S051235230155","LANDAREA":0.223,"PRUID":"35","CMA":"Guelph"}},
{"type":"Feature","geometry":{"type":"Polygon","coordinates":[[[-80.247762265093,43.54822724250572],[-80.24600711407564,43.54800052999957],[-80.24353612804019,43.54722042191592],[-80.24292294568153,43.547781054846574],[-80.2448441923948,43.54876391063765],[-80.24717388204274,43.55056210239143],[-80.25002281811281,43.5524356912948],[-80.25062195619167,43.548632334552735],[-80.247762265093,43.54822724250572]]]},"properties":{"DAUID":"35230156","DGUID":"2021S051235230156","LANDAREA":0.1178,"PRUID":"35","CMA":"Guelph"}},
{"type":"Feature","geometry":{"type":"Polygon","coordinates":[[[-80.2572583839124,43.55372212840618],[-80.25590993621721,43.55365390021013],[-80.25315823781038,43.54997415551447],[-80.25062195619167,43.548632334552735],[-80.25002281811281,43.5524356912948],[-80.24994070145029,43.55306539906541],[-80.25954970897779,43.55998028924744],[-80.2626438549802,43.55761519428387],[-80.2601065545787,43.557133299596806],[-80.25894884389652,43.55592420319662],[-80.25849923878174,43.554533501554054],[-80.2572583839124,43.55372212840618]]]},"properties":{"DAUID":"35230157","DGUID":"2021S051235230157","LANDAREA":0.3917,"PRUID":"35","CMA":"Guelph"}},
{"type":"Feature","geometry":{"type":"Polygon","coordinates":[[[-80.25445270362238,43.56064040680411],[-80.2565882880491,43.562176091236],[-80.25954970897779,43.55998028924744],[-80.24994070145029,43.55306539906541],[-80.24942059018395,43.55705989704998],[-80.25445270362238,43.56064040680411]]]},"properties":{"DAUID":"35230158","DGUID":"2021S051235230158","LANDAREA":0.3287,"PRUID":"35","CMA":"Guelph"}},
{"type":"Feature","geometry":{"type":"Polygon","coordinates":[[[-80.26290069171517,43.56237899094423],[-80.2665308996924,43.559723722978305],[-80.26401846971113,43.55864148912006],[-80.2626438549802,43.55761519428387],[-80.25954970897779,43.55998028924744],[-80.26290069171517,43.56237899094423]]]},"properties":{"DAUID":"35230159","DGUID":"2021S051235230159","LANDAREA":0.1353,"PRUID":"35","CMA":"Guelph"}},
{"type":"Feature","geometry":{"type":"Polygon","coordinates":[[[-80.24942059018395,43.55705989704998],[-80.24789899866416,43.55596940880408],[-80.24640880406376,43.556328690946756],[-80.2439677948823,43.55450279277814],[-80.24489229934406,43.55383359280021],[-80.24380009321759,43.553060986402166],[-80.24258799954198,43.55396239678418],[-80.24075101342747,43.5553189085952],[-80.24332741170663,43.55719981082409],[-80.24672648860793,43.55964439332096],[-80.2490396112874,43.5598306897737],[-80.24942059018395,43.55705989704998]]]},"properties":{"DAUID":"35230160","DGUID":"2021S051235230160","LANDAREA":0.2276,"PRUID":"35","CMA":"Guelph"}},
{"type":"Feature","geometry":{"type":"Polygon","coordinates":[[[-80.24304408804767,43.563014607612665],[-80.2449720022088,43.564305988127664],[-80.24608539599653,43.56339490917401],[-80.246547210673,43.56211029410924],[-80.24869951923014,43.5622865927149],[-80.2490396112874,43.5598306897737],[-80.24672648860793,43.55964439332096],[-80.24332741170663,43.55719981082409],[-80.24191449780668,43.55830698780403],[-80.24098159077171,43.557661509944],[-80.2397808948705,43.5586258884222],[-80.24282328945014,43.56087020856526],[-80.24174150855515,43.56124120163989],[-80.24363181488289,43.562559310048954],[-80.24304408804767,43.563014607612665]]]},"properties":{"DAUID":"35230161","DGUID":"2021S051235230161","LANDAREA":0.2798,"PRUID":"35","CMA":"Guelph"}},
{"type":"Feature","geometry":{"type":"Polygon","coordinates":[[[-80.23747331830302,43.5550628917004],[-80.23599819070792,43.55618758689347],[-80.2397808948705,43.5586258884222],[-80.24098159077171,43.557661509944],[-80.24191449780668,43.55830698780403],[-80.24332741170663,43.55719981082409],[-80.24075101342747,43.5553189085952],[-80.23931390462803,43.556380798442966],[-80.23747331830302,43.5550628917004]]]},"properties":{"DAUID":"35230162","DGUID":"2021S051235230162","LANDAREA":0.1146,"PRUID":"35","CMA":"Guelph"}},
{"type":"Feature","geometry":{"type":"Polygon","coordinates":[[[-80.2397808948705,43.5586258884222],[-80.23599819070792,43.55618758689347],[-80.23747331830302,43.5550628917004],[-80.23553328808569,43.5537134710762],[-80.23294329240676,43.55508961482842],[-80.22991568665239,43.55628503733437],[-80.23220235724779,43.55792599889527],[-80.23660581436211,43.561017905960654],[-80.2397808948705,43.5586258884222]]]},"properties":{"DAUID":"35230163","DGUID":"2021S051235230163","LANDAREA":0.2894,"PRUID":"35","CMA":"Guelph"}},
{"type":"Feature","geometry":{"type":"Polygon","coordinates":[[[-80.23396949831536,43.54920480539679],[-80.23170740896389,43.55089140835751],[-80.22850610115512,43.54855579321735],[-80.22776869531823,43.5491090995232],[-80.22389460177736,43.55194619463039],[-80.22885689280713,43.55552290700334],[-80.22991568665239,43.55628503733437],[-80.23294329240676,43.55508961482842],[-80.23553328808569,43.5537134710762],[-80.23327679428434,43.55209051063455],[-80.2355645931523,43.550332002297445],[-80.23396949831536,43.54920480539679]]]},"properties":{"DAUID":"35230164","DGUID":"2021S051235230164","LANDAREA":0.4465,"PRUID":"35","CMA":"Guelph"}},
{"type":"Feature","geometry":{"type":"Polygon","coordinates":[[[-80.23228018476682,43.54575390530586],[-80.22925591594613,43.54800259781932],[-80.22797949863019,43.5471385890962],[-80.22653299765342,43.54699369368669],[-80.2257579075335,43.54759180009586],[-80.22776869531823,43.5491090995232],[-80.22850610115512,43.54855579321735],[-80.23170740896389,43.55089140835751],[-80.23396949831536,43.54920480539679],[-80.23616818995247,43.5476348063239],[-80.23502750095037,43.54679879540872],[-80.23334728868241,43.54555389594039],[-80.23228018476682,43.54575390530586]]]},"properties":{"DAUID":"35230165","DGUID":"2021S051235230165","LANDAREA":0.2181,"PRUID":"35","CMA":"Guelph"}},
{"type":"Feature","geometry":{"type":"Polygon","coordinates":[[[-80.24039493498626,43.539008295532845],[-80.23924896134339,43.540558503551225],[-80.23579334057787,43.5407245862415],[-80.2323571364476,43.54035038721929],[-80.22822185774993,43.54335699743999],[-80.22720953934562,43.54508799014718],[-80.22496126612124,43.5456940942483],[-80.22278686490938,43.54825448987799],[-80.22024261137521,43.54933724545062],[-80.22389460177736,43.55194619463039],[-80.22776869531823,43.5491090995232],[-80.2257579075335,43.54759180009586],[-80.22653299765342,43.54699369368669],[-80.22797949863019,43.5471385890962],[-80.22925591594613,43.54800259781932],[-80.23228018476682,43.54575390530586],[-80.23611639260834,43.54290720380803],[-80.24054368728108,43.541261886390245],[-80.24300744919339,43.54264597276515],[-80.24334856702221,43.541359994780315],[-80.24276476754835,43.54052769498942],[-80.24039493498626,43.539008295532845]]]},"properties":{"DAUID":"35230166","DGUID":"2021S051235230166","LANDAREA":0.5997,"PRUID":"35","CMA":"Guelph"}},
{"type":"Feature","geometry":{"type":"Polygon","coordinates":[[[-80.23626850464943,43.534786509411425],[-80.23252369006227,43.532148796945755],[-80.2363865082932,43.529357709116375],[-80.24153420306779,43.52543911104063],[-80.23790391542641,43.522857792514436],[-80.23369680368674,43.519912310067454],[-80.23265828956667,43.52082379628606],[-80.22470949912218,43.52666009603451],[-80.21764089166977,43.531986291259514],[-80.21546106413763,43.53363030067012],[-80.20707980054338,43.53988219554407],[-80.22024261137521,43.54933724545062],[-80.22278686490938,43.54825448987799],[-80.22496126612124,43.5456940942483],[-80.22720953934562,43.54508799014718],[-80.22822185774993,43.54335699743999],[-80.2323571364476,43.54035038721929],[-80.23579334057787,43.5407245862415],[-80.23924896134339,43.540558503551225],[-80.24039493498626,43.539008295532845],[-80.24165148165767,43.53862167844046],[-80.23915129029794,43.536822605958044],[-80.23626850464943,43.534786509411425]]]},"properties":{"DAUID":"35230167","DGUID":"2021S051235230167","LANDAREA":4.2052,"PRUID":"35","CMA":"Guelph"}},
{"type":"Feature","geometry":{"type":"Polygon","coordinates":[[[-80.23988069701582,43.5319651880346],[-80.2363865082932,43.529357709116375],[-80.23252369006227,43.532148796945755],[-80.23626850464943,43.534786509411425],[-80.237505284788,43.53484869087738],[-80.23936691238953,43.53345649545368],[-80.24088451486439,43.53284530260153],[-80.23988069701582,43.5319651880346]]]},"properties":{"DAUID":"35230168","DGUID":"2021S051235230168","LANDAREA":0.2102,"PRUID":"35","CMA":"Guelph"}},
{"type":"Feature","geometry":{"type":"Polygon","coordinates":[[[-80.24531209393686,43.52812938675782],[-80.24255210535642,43.52617520346818],[-80.2440204139384,43.52552760818399],[-80.24329409930404,43.52423519918456],[-80.24153420306779,43.52543911104063],[-80.2363865082932,43.529357709116375],[-80.23988069701582,43.5319651880346],[-80.24072748320867,43.531547600446714],[-80.24531209393686,43.52812938675782]]]},"properties":{"DAUID":"35230169","DGUID":"2021S051235230169","LANDAREA":0.2769,"PRUID":"35","CMA":"Guelph"}},
{"type":"Feature","geometry":{"type":"Polygon","coordinates":[[[-80.24153420306779,43.52543911104063],[-80.24329409930404,43.52423519918456],[-80.24413090998593,43.52361951383594],[-80.24157118716613,43.52150450035216],[-80.24012979388802,43.5209996980304],[-80.23790391542641,43.522857792514436],[-80.24153420306779,43.52543911104063]]]},"properties":{"DAUID":"35230170","DGUID":"2021S051235230170","LANDAREA":0.1272,"PRUID":"35","CMA":"Guelph"}},
{"type":"Feature","geometry":{"type":"Polygon","coordinates":[[[-80.23790391542641,43.522857792514436],[-80.24012979388802,43.5209996980304],[-80.2390516095291,43.52014620191383],[-80.23927598109108,43.5190311092904],[-80.24063731375661,43.51802270982053],[-80.24061791505251,43.51660890696677],[-80.23945351580579,43.51559830353734],[-80.23369680368674,43.519912310067454],[-80.23790391542641,43.522857792514436]]]},"properties":{"DAUID":"35230171","DGUID":"2021S051235230171","LANDAREA":0.2277,"PRUID":"35","CMA":"Guelph"}},
{"type":"Feature","geometry":{"type":"Polygon","coordinates":[[[-80.24875119334773,43.52024630077948],[-80.24323139969519,43.516383099960905],[-80.24413090998593,43.52361951383594],[-80.24875119334773,43.52024630077948]]]},"properties":{"DAUID":"35230173","DGUID":"2021S051235230173","LANDAREA":0.1626,"PRUID":"35","CMA":"Guelph"}},
{"type":"Feature","geometry":{"type":"Polygon","coordinates":[[[-80.24239540745927,43.51347361160256],[-80.24404320254328,43.514956792174196],[-80.25000470533351,43.51927949129302],[-80.25072310289129,43.51876600560599],[-80.24965170924533,43.51798479661084],[-80.25045729406938,43.516367691520564],[-80.24849760669737,43.515751496685176],[-80.247486396739,43.51648319728987],[-80.24525428582918,43.51489279148289],[-80.2478909826729,43.512794207107454],[-80.25024751144207,43.51232341116229],[-80.25006051093979,43.51044028995483],[-80.24898386314536,43.50922752554036],[-80.2472967884184,43.50983690762941],[-80.24239540745927,43.51347361160256]]]},"properties":{"DAUID":"35230175","DGUID":"2021S051235230175","LANDAREA":0.2717,"PRUID":"35","CMA":"Guelph"}},
{"type":"Feature","geometry":{"type":"Polygon","coordinates":[[[-80.25072310289129,43.51876600560599],[-80.25204769662977,43.5178240984363],[-80.25304628657335,43.517113997003875],[-80.25195780534601,43.51608940437092],[-80.25136819097337,43.514743906991534],[-80.24980389386455,43.5141753920805],[-80.2478909826729,43.512794207107454],[-80.24525428582918,43.51489279148289],[-80.247486396739,43.51648319728987],[-80.24849760669737,43.515751496685176],[-80.25045729406938,43.516367691520564],[-80.24965170924533,43.51798479661084],[-80.25072310289129,43.51876600560599]]]},"properties":{"DAUID":"35230176","DGUID":"2021S051235230176","LANDAREA":0.1657,"PRUID":"35","CMA":"Guelph"}},
{"type":"Feature","geometry":{"type":"Polygon","coordinates":[[[-80.2478909826729,43.512794207107454],[-80.24980389386455,43.5141753920805],[-80.25136819097337,43.514743906991534],[-80.25195780534601,43.51608940437092],[-80.25426108560544,43.51492490724468],[-80.25323791033972,43.513621608031286],[-80.25413150714773,43.512384793273604],[-80.2526327937672,43.51151960030813],[-80.25391859257284,43.51059160274028],[-80.25266960873574,43.509538908215966],[-80.25175519929627,43.50945191193388],[-80.25074940734424,43.51075999876176],[-80.25006051093979,43.51044028995483],[-80.25024751144207,43.51232341116229],[-80.2478909826729,43.512794207107454]]]},"properties":{"DAUID":"35230177","DGUID":"2021S051235230177","LANDAREA":0.1899,"PRUID":"35","CMA":"Guelph"}},
{"type":"Feature","geometry":{"type":"Polygon","coordinates":[[[-80.25304628657335,43.517113997003875],[-80.25594419531025,43.514947706464255],[-80.25721909309979,43.51383658675469],[-80.25615481188157,43.51183970698518],[-80.2551098859327,43.51130169585803],[-80.25413150714773,43.512384793273604],[-80.25323791033972,43.513621608031286],[-80.25426108560544,43.51492490724468],[-80.25195780534601,43.51608940437092],[-80.25304628657335,43.517113997003875]]]},"properties":{"DAUID":"35230178","DGUID":"2021S051235230178","LANDAREA":0.1207,"PRUID":"35","CMA":"Guelph"}},
{"type":"Feature","geometry":{"type":"Polygon","coordinates":[[[-80.25006051093979,43.51044028995483],[-80.25074940734424,43.51075999876176],[-80.25175519929627,43.50945191193388],[-80.25266960873574,43.509538908215966],[-80.25391859257284,43.51059160274028],[-80.2526327937672,43.51151960030813],[-80.25413150714773,43.512384793273604],[-80.2551098859327,43.51130169585803],[-80.25615481188157,43.51183970698518],[-80.25721909309979,43.51383658675469],[-80.25594419531025,43.514947706464255],[-80.25991033222066,43.51243548021372],[-80.2573149327313,43.50982710379807],[-80.25667314046615,43.508690585990024],[-80.25497705187561,43.506779602206606],[-80.25478671518808,43.50515612983851],[-80.25388364916236,43.50403822229886],[-80.25394569655393,43.50238198924544],[-80.24614809227076,43.50372440813755],[-80.2398753959326,43.50479038758834],[-80.23862858852554,43.50458400922948],[-80.23699860748535,43.50533851237855],[-80.23784698741422,43.50771230999897],[-80.23967891291083,43.50763441363195],[-80.24095928975986,43.50713868940178],[-80.24396100240642,43.5074918038199],[-80.2472967884184,43.50983690762941],[-80.24898386314536,43.50922752554036],[-80.25006051093979,43.51044028995483]]]},"properties":{"DAUID":"35230179","DGUID":"2021S051235230179","LANDAREA":0.8853,"PRUID":"35","CMA":"Guelph"}},
{"type":"Feature","geometry":{"type":"Polygon","coordinates":[[[-80.2472967884184,43.50983690762941],[-80.24396100240642,43.5074918038199],[-80.24095928975986,43.50713868940178],[-80.23967891291083,43.50763441363195],[-80.23784698741422,43.50771230999897],[-80.23699860748535,43.50533851237855],[-80.23452741358854,43.506332690677056],[-80.2381035987336,43.508929389494405],[-80.23939778464543,43.51006409739184],[-80.24239540745927,43.51347361160256],[-80.2472967884184,43.50983690762941]]]},"properties":{"DAUID":"35230180","DGUID":"2021S051235230180","LANDAREA":0.3446,"PRUID":"35","CMA":"Guelph"}},
{"type":"Feature","geometry":{"type":"Polygon","coordinates":[[[-80.23452741358854,43.506332690677056],[-80.2319515125213,43.50825811381423],[-80.23276059588768,43.508839807276935],[-80.23440680329942,43.50779738788886],[-80.23696960147149,43.50960630217232],[-80.23818179133268,43.511586288743],[-80.23861999402804,43.51313799457647],[-80.23737080568274,43.51409310825019],[-80.23945351580579,43.51559830353734],[-80.24239540745927,43.51347361160256],[-80.23939778464543,43.51006409739184],[-80.2381035987336,43.508929389494405],[-80.23452741358854,43.506332690677056]]]},"properties":{"DAUID":"35230181","DGUID":"2021S051235230181","LANDAREA":0.2153,"PRUID":"35","CMA":"Guelph"}},
{"type":"Feature","geometry":{"type":"Polygon","coordinates":[[[-80.23276059588768,43.508839807276935],[-80.23474620117065,43.510311795146755],[-80.23500091329296,43.51169119129426],[-80.23444110387493,43.512911996291216],[-80.23737080568274,43.51409310825019],[-80.23861999402804,43.51313799457647],[-80.23818179133268,43.511586288743],[-80.23696960147149,43.50960630217232],[-80.23440680329942,43.50779738788886],[-80.23276059588768,43.508839807276935]]]},"properties":{"DAUID":"35230182","DGUID":"2021S051235230182","LANDAREA":0.1533,"PRUID":"35","CMA":"Guelph"}},
{"type":"Feature","geometry":{"type":"Polygon","coordinates":[[[-80.2319515125213,43.50825811381423],[-80.22929299547418,43.51010410021419],[-80.22827489056426,43.510385408050105],[-80.23071779295195,43.5118875049898],[-80.23444110387493,43.512911996291216],[-80.23500091329296,43.51169119129426],[-80.23474620117065,43.510311795146755],[-80.23276059588768,43.508839807276935],[-80.2319515125213,43.50825811381423]]]},"properties":{"DAUID":"35230183","DGUID":"2021S051235230183","LANDAREA":0.1535,"PRUID":"35","CMA":"Guelph"}},
{"type":"Feature","geometry":{"type":"Polygon","coordinates":[[[-80.2319515125213,43.50825811381423],[-80.23088000336344,43.5078816918474],[-80.22799831396122,43.505881394731176],[-80.22709638320435,43.50579419931228],[-80.22553428837371,43.50702630208855],[-80.22614050128055,43.507993796583506],[-80.2278646883583,43.509572190862485],[-80.22827489056426,43.510385408050105],[-80.22929299547418,43.51010410021419],[-80.2319515125213,43.50825811381423]]]},"properties":{"DAUID":"35230184","DGUID":"2021S051235230184","LANDAREA":0.1387,"PRUID":"35","CMA":"Guelph"}},
{"type":"Feature","geometry":{"type":"Polygon","coordinates":[[[-80.23452741358854,43.506332690677056],[-80.23094137121967,43.50372452066101],[-80.22874436547336,43.50441515092741],[-80.2281563498748,43.50392680388149],[-80.22591545638902,43.50407370889102],[-80.22420243708463,43.504530288549034],[-80.22190075866379,43.50651359474615],[-80.22102972277523,43.50678431425739],[-80.22119195934782,43.507760301463186],[-80.22373539759523,43.51168510082164],[-80.22555879876806,43.510916297550416],[-80.22827489056426,43.510385408050105],[-80.2278646883583,43.509572190862485],[-80.22642031747647,43.5093282914999],[-80.2247063834209,43.50792110782377],[-80.224475508281,43.506631911268904],[-80.22565469973759,43.505352300118844],[-80.22709638320435,43.50579419931228],[-80.22799831396122,43.505881394731176],[-80.23088000336344,43.5078816918474],[-80.2319515125213,43.50825811381423],[-80.23452741358854,43.506332690677056]]]},"properties":{"DAUID":"35230185","DGUID":"2021S051235230185","LANDAREA":0.3731,"PRUID":"35","CMA":"Guelph"}},
{"type":"Feature","geometry":{"type":"Polygon","coordinates":[[[-80.22709638320435,43.50579419931228],[-80.22565469973759,43.505352300118844],[-80.224475508281,43.506631911268904],[-80.2247063834209,43.50792110782377],[-80.22642031747647,43.5093282914999],[-80.2278646883583,43.509572190862485],[-80.22614050128055,43.507993796583506],[-80.22553428837371,43.50702630208855],[-80.22709638320435,43.50579419931228]]]},"properties":{"DAUID":"35230186","DGUID":"2021S051235230186","LANDAREA":0.0565,"PRUID":"35","CMA":"Guelph"}},
{"type":"Feature","geometry":{"type":"Polygon","coordinates":[[[-80.22827489056426,43.510385408050105],[-80.22555879876806,43.510916297550416],[-80.22373539759523,43.51168510082164],[-80.22063579301637,43.5139869020725],[-80.22332038553184,43.51567330765685],[-80.22729831589453,43.51615050636936],[-80.22949260947489,43.51677759889907],[-80.23048301283802,43.515757804673584],[-80.23207520828576,43.5150932078057],[-80.23369841765518,43.513924498178305],[-80.23444110387493,43.512911996291216],[-80.23071779295195,43.5118875049898],[-80.22827489056426,43.510385408050105]]]},"properties":{"DAUID":"35230187","DGUID":"2021S051235230187","LANDAREA":0.4567,"PRUID":"35","CMA":"Guelph"}},
{"type":"Feature","geometry":{"type":"Polygon","coordinates":[[[-80.22332038553184,43.51567330765685],[-80.22106390957794,43.5169996057745],[-80.22336140427181,43.51826679808247],[-80.2245356831611,43.51835581010958],[-80.22637989195535,43.51927770799401],[-80.22812761447246,43.51806500016153],[-80.22949260947489,43.51677759889907],[-80.22729831589453,43.51615050636936],[-80.22332038553184,43.51567330765685]]]},"properties":{"DAUID":"35230188","DGUID":"2021S051235230188","LANDAREA":0.144,"PRUID":"35","CMA":"Guelph"}},
{"type":"Feature","geometry":{"type":"Polygon","coordinates":[[[-80.22063579301637,43.5139869020725],[-80.21690941296768,43.516782109715685],[-80.21984720822554,43.51827890024962],[-80.22180580892523,43.51992200398015],[-80.22336140427181,43.51826679808247],[-80.22106390957794,43.5169996057745],[-80.22332038553184,43.51567330765685],[-80.22063579301637,43.5139869020725]]]},"properties":{"DAUID":"35230189","DGUID":"2021S051235230189","LANDAREA":0.1595,"PRUID":"35","CMA":"Guelph"}},
{"type":"Feature","geometry":{"type":"Polygon","coordinates":[[[-80.21690941296768,43.516782109715685],[-80.21677451499754,43.51669119830526],[-80.21518751466517,43.51789589851787],[-80.21477630413881,43.52002700169333],[-80.21605998746175,43.52027000232333],[-80.21797330464778,43.521588712597826],[-80.22010778923014,43.52014459870494],[-80.22192558508577,43.521192394659515],[-80.22276251443358,43.52057680614705],[-80.22180580892523,43.51992200398015],[-80.21984720822554,43.51827890024962],[-80.21690941296768,43.516782109715685]]]},"properties":{"DAUID":"35230190","DGUID":"2021S051235230190","LANDAREA":0.174,"PRUID":"35","CMA":"Guelph"}},
{"type":"Feature","geometry":{"type":"Polygon","coordinates":[[[-80.21477630413881,43.52002700169333],[-80.21261350958285,43.52211119148708],[-80.21647000693471,43.523964506150236],[-80.22036249587596,43.52535070376323],[-80.22172449724992,43.52432450980767],[-80.22434439264133,43.52363099442727],[-80.22565629565291,43.52264040435456],[-80.22276251443358,43.52057680614705],[-80.22192558508577,43.521192394659515],[-80.22010778923014,43.52014459870494],[-80.21797330464778,43.521588712597826],[-80.21605998746175,43.52027000232333],[-80.21477630413881,43.52002700169333]]]},"properties":{"DAUID":"35230191","DGUID":"2021S051235230191","LANDAREA":0.3456,"PRUID":"35","CMA":"Guelph"}},
{"type":"Feature","geometry":{"type":"Polygon","coordinates":[[[-80.23945351580579,43.51559830353734],[-80.23737080568274,43.51409310825019],[-80.23444110387493,43.512911996291216],[-80.23369841765518,43.513924498178305],[-80.23207520828576,43.5150932078057],[-80.23048301283802,43.515757804673584],[-80.22949260947489,43.51677759889907],[-80.23369680368674,43.519912310067454],[-80.23945351580579,43.51559830353734]]]},"properties":{"DAUID":"35230194","DGUID":"2021S051235230194","LANDAREA":0.3117,"PRUID":"35","CMA":"Guelph"}},
{"type":"Feature","geometry":{"type":"Polygon","coordinates":[[[-80.24614809227076,43.50372440813755],[-80.24561991334532,43.50243330200769],[-80.24418149982144,43.50271200360221],[-80.2430599857185,43.50238039736825],[-80.24504509498607,43.50090780145541],[-80.2443168917127,43.49978650569157],[-80.24330660655718,43.49947361047216],[-80.24324380291141,43.49855479414362],[-80.24137419279946,43.49870449078184],[-80.24022839383827,43.49932719861444],[-80.23889169990397,43.49939929816823],[-80.23767379873145,43.500055601836095],[-80.23870759242628,43.50125300566907],[-80.23930000109652,43.50332790735931],[-80.23862858852554,43.50458400922948],[-80.2398753959326,43.50479038758834],[-80.24614809227076,43.50372440813755]]]},"properties":{"DAUID":"35230202","DGUID":"2021S051235230202","LANDAREA":0.2822,"PRUID":"35","CMA":"Guelph"}},
{"type":"Feature","geometry":{"type":"Polygon","coordinates":[[[-80.25394569655393,43.50238198924544],[-80.25335982272192,43.50020620959868],[-80.24923059559195,43.500783797372996],[-80.24913060672095,43.49995870831848],[-80.24720691495881,43.5002103106792],[-80.24499511212865,43.49440805366758],[-80.23459198143723,43.49620233554453],[-80.23353671191403,43.49645210117183],[-80.234223411473,43.49783740754096],[-80.2354488095304,43.49875508864765],[-80.23613729164,43.49810228655227],[-80.2350315844489,43.496528197254534],[-80.23974280035013,43.495641194307716],[-80.24033390014593,43.49782419200363],[-80.24022839383827,43.49932719861444],[-80.24137419279946,43.49870449078184],[-80.24324380291141,43.49855479414362],[-80.24330660655718,43.49947361047216],[-80.2443168917127,43.49978650569157],[-80.24504509498607,43.50090780145541],[-80.2430599857185,43.50238039736825],[-80.24418149982144,43.50271200360221],[-80.24561991334532,43.50243330200769],[-80.24614809227076,43.50372440813755],[-80.25394569655393,43.50238198924544]]]},"properties":{"DAUID":"35230203","DGUID":"2021S051235230203","LANDAREA":0.5222,"PRUID":"35","CMA":"Guelph"}},
{"type":"Feature","geometry":{"type":"Polygon","coordinates":[[[-80.3014402917542,43.55520818662666],[-80.30554681148121,43.552507291727565],[-80.30813761197268,43.550046901291545],[-80.3109049887959,43.54842530586289],[-80.31598598727093,43.54515654874073],[-80.31975128358836,43.542472207520866],[-80.31773198326493,43.54099959816628],[-80.32694355724918,43.53437290452199],[-80.3142815021576,43.524960025456345],[-80.30498089255101,43.53172218921428],[-80.30129808297929,43.534481998298226],[-80.2972064074302,43.53736158856154],[-80.29226178932448,43.54096351040553],[-80.28872888222214,43.54346270434549],[-80.27993761095081,43.54991270784546],[-80.2777198018691,43.55153259925357],[-80.2762042938923,43.552640504055546],[-80.2803535107377,43.55560200105388],[-80.27827900931321,43.55721870176063],[-80.2797773972499,43.55823660845863],[-80.28080369913145,43.55730659237294],[-80.28083788335893,43.55651450801622],[-80.28194960078282,43.555693109940464],[-80.283497387483,43.55567580019416],[-80.28698409103434,43.55816468913027],[-80.29305279240054,43.55377239544896],[-80.29615520271226,43.55140671051855],[-80.3014402917542,43.55520818662666]]]},"properties":{"DAUID":"35230215","DGUID":"2021S051235230215","LANDAREA":6.1938,"PRUID":"35","CMA":"Guelph"}},
{"type":"Feature","geometry":{"type":"Polygon","coordinates":[[[-80.28124289754177,43.53818460278817],[-80.28872888222214,43.54346270434549],[-80.29226178932448,43.54096351040553],[-80.29116900083272,43.54020939275192],[-80.2901722064011,43.53866350188253],[-80.28923641598954,43.53824350357497],[-80.28691350384209,43.540002797185295],[-80.28602000294804,43.540204407318306],[-80.2843265005302,43.53896920814191],[-80.28436798564302,43.53754679065669],[-80.28302598538578,43.53695309226246],[-80.28124289754177,43.53818460278817]]]},"properties":{"DAUID":"35230216","DGUID":"2021S051235230216","LANDAREA":0.2278,"PRUID":"35","CMA":"Guelph"}},
{"type":"Feature","geometry":{"type":"Polygon","coordinates":[[[-80.28302598538578,43.53695309226246],[-80.28436798564302,43.53754679065669],[-80.2843265005302,43.53896920814191],[-80.28602000294804,43.540204407318306],[-80.28691350384209,43.540002797185295],[-80.28923641598954,43.53824350357497],[-80.28799448253746,43.53755140329617],[-80.28553091082372,43.537599096237415],[-80.2838625061572,43.53633709145694],[-80.28302598538578,43.53695309226246]]]},"properties":{"DAUID":"35230217","DGUID":"2021S051235230217","LANDAREA":0.1014,"PRUID":"35","CMA":"Guelph"}},
{"type":"Feature","geometry":{"type":"Polygon","coordinates":[[[-80.2901722064011,43.53866350188253],[-80.29116900083272,43.54020939275192],[-80.29226178932448,43.54096351040553],[-80.2972064074302,43.53736158856154],[-80.29541260521344,43.53612070231589],[-80.29467300341587,43.53480149821309],[-80.29311338786165,43.53481890846708],[-80.2928793866016,43.53578090753368],[-80.29105798548021,43.537003205930375],[-80.2901722064011,43.53866350188253]]]},"properties":{"DAUID":"35230218","DGUID":"2021S051235230218","LANDAREA":0.2005,"PRUID":"35","CMA":"Guelph"}},
{"type":"Feature","geometry":{"type":"Polygon","coordinates":[[[-80.2762042938923,43.552640504055546],[-80.2777198018691,43.55153259925357],[-80.27023951650244,43.546281599972176],[-80.26611520201232,43.543391901051116],[-80.26330471123028,43.54548081011194],[-80.2694776114376,43.549914404898196],[-80.27470570882073,43.55372050359858],[-80.2762042938923,43.552640504055546]]]},"properties":{"DAUID":"35230219","DGUID":"2021S051235230219","LANDAREA":0.4329,"PRUID":"35","CMA":"Guelph"}},
{"type":"Feature","geometry":{"type":"Polygon","coordinates":[[[-80.2694776114376,43.549914404898196],[-80.26330471123028,43.54548081011194],[-80.26023201576069,43.54772999232805],[-80.25923250953683,43.54847989019841],[-80.2609994971901,43.54976090779786],[-80.26423930181198,43.552095891165244],[-80.26557690772223,43.55306790836509],[-80.26844971251475,43.55097028974873],[-80.2694776114376,43.549914404898196]]]},"properties":{"DAUID":"35230220","DGUID":"2021S051235230220","LANDAREA":0.3399,"PRUID":"35","CMA":"Guelph"}},
{"type":"Feature","geometry":{"type":"Polygon","coordinates":[[[-80.26023201576069,43.54772999232805],[-80.26330471123028,43.54548081011194],[-80.26611520201232,43.543391901051116],[-80.2659927043467,43.543291997691306],[-80.26463088277355,43.54228380389693],[-80.26169101169934,43.54381361190822],[-80.25822730454827,43.545655001855515],[-80.26023201576069,43.54772999232805]]]},"properties":{"DAUID":"35230221","DGUID":"2021S051235230221","LANDAREA":0.1493,"PRUID":"35","CMA":"Guelph"}},
{"type":"Feature","geometry":{"type":"Polygon","coordinates":[[[-80.24122929486104,43.565550805144866],[-80.23877980255955,43.567335299855074],[-80.23735490771017,43.56837929090342],[-80.23590498453774,43.569441091956485],[-80.23445509661616,43.57050288819686],[-80.22031735887508,43.58079281510349],[-80.22501217818619,43.58410783484522],[-80.22862995522479,43.58123142909777],[-80.23329790606614,43.58459560850833],[-80.24383459823835,43.57692371226339],[-80.24634749683246,43.57859659793166],[-80.246613211034,43.57668850546533],[-80.24693599191409,43.57463768919297],[-80.24760459331753,43.569671808093254],[-80.24650491159863,43.570474891501696],[-80.24500668277092,43.57045600820471],[-80.2403140136153,43.56743560628145],[-80.24206380454069,43.566150595057614],[-80.24122929486104,43.565550805144866]]]},"properties":{"DAUID":"35230227","DGUID":"2021S051235230227","LANDAREA":2.144,"PRUID":"35","CMA":"Guelph"}},
{"type":"Feature","geometry":{"type":"Polygon","coordinates":[[[-80.26389239998525,43.53889350967394],[-80.26550060427464,43.5379404064889],[-80.26619978819494,43.5384580861797],[-80.26691160409466,43.53794040708302],[-80.2705579994693,43.53526248880364],[-80.27229569613483,43.53397779637595],[-80.27426320095493,43.53315849379252],[-80.27341043158698,43.532535534031574],[-80.26858421418206,43.5291748531087],[-80.26714569052169,43.52816890682594],[-80.26422205569598,43.527111535324906],[-80.26143208556955,43.52828160417802],[-80.26257611820128,43.52929329576692],[-80.25950388183584,43.532373105734784],[-80.26125279357126,43.53408620247626],[-80.26206528268777,43.5354600992535],[-80.26424928289424,43.53702290043279],[-80.26389239998525,43.53889350967394]]]},"properties":{"DAUID":"35230269","DGUID":"2021S051235230269","LANDAREA":0.8016,"PRUID":"35","CMA":"Guelph"}},
{"type":"Feature","geometry":{"type":"Polygon","coordinates":[[[-80.27368629830046,43.54376439196359],[-80.27253749920278,43.54459450233653],[-80.27993761095081,43.54991270784546],[-80.28872888222214,43.54346270434549],[-80.28124289754177,43.53818460278817],[-80.27960531521332,43.539453202442935],[-80.27779439967135,43.54077398783957],[-80.28043499134512,43.542510398687874],[-80.28315709300031,43.544688488168426],[-80.2813704831241,43.54607299926576],[-80.27914498489645,43.543771897326],[-80.27603359863892,43.542077489689035],[-80.27438538638233,43.54326460626716],[-80.27368629830046,43.54376439196359]]]},"properties":{"DAUID":"35230270","DGUID":"2021S051235230270","LANDAREA":0.7305,"PRUID":"35","CMA":"Guelph"}},
{"type":"Feature","geometry":{"type":"Polygon","coordinates":[[[-80.27749598224145,43.533631804337055],[-80.27893260187234,43.53459530000237],[-80.2813909865218,43.53392639959062],[-80.2829305064302,43.5345663927019],[-80.28409391048163,43.53456469816211],[-80.28564780754364,43.53503359428426],[-80.28764450627082,43.53363240045785],[-80.28615559885787,43.53290280436187],[-80.28140338660535,43.531846507186515],[-80.28001558861821,43.53198189315669],[-80.27749598224145,43.533631804337055]]]},"properties":{"DAUID":"35230271","DGUID":"2021S051235230271","LANDAREA":0.1635,"PRUID":"35","CMA":"Guelph"}},
{"type":"Feature","geometry":{"type":"Polygon","coordinates":[[[-80.2606999128487,43.5267896310937],[-80.25749541189005,43.52601241260726],[-80.25528160995717,43.524528198711074],[-80.25265300406525,43.52127089093423],[-80.25000470533351,43.51927949129302],[-80.24875119334773,43.52024630077948],[-80.24413090998593,43.52361951383594],[-80.24329409930404,43.52423519918456],[-80.2440204139384,43.52552760818399],[-80.24255210535642,43.52617520346818],[-80.24531209393686,43.52812938675782],[-80.25000959781913,43.53152789351078],[-80.2527417067098,43.53354241780226],[-80.25622113858077,43.5313453997192],[-80.25963803687652,43.528174495504416],[-80.2606999128487,43.5267896310937]],[[-80.2520434886669,43.52718308861793],[-80.25187869717784,43.526497711126964],[-80.25438741012594,43.524758290428316],[-80.2574988966325,43.52733580820787],[-80.2544006833906,43.52770280757294],[-80.2534908849732,43.52821909771378],[-80.2520434886669,43.52718308861793]]]},"properties":{"DAUID":"35230272","DGUID":"2021S051235230272","LANDAREA":1.0398,"PRUID":"35","CMA":"Guelph"}},
{"type":"Feature","geometry":{"type":"Polygon","coordinates":[[[-80.21677451499754,43.51669119830526],[-80.21602679896222,43.5161457965519],[-80.21794131201145,43.51448410278739],[-80.21651899746392,43.513483888045336],[-80.2144570055911,43.51507250446251],[-80.21260449218617,43.51386219604655],[-80.21071999506944,43.51513000471629],[-80.20725671344638,43.51314989258742],[-80.2030079094122,43.516361909554945],[-80.20710148564015,43.51933479140756],[-80.21261350958285,43.52211119148708],[-80.21477630413881,43.52002700169333],[-80.21518751466517,43.51789589851787],[-80.21677451499754,43.51669119830526]]]},"properties":{"DAUID":"35230275","DGUID":"2021S051235230275","LANDAREA":0.6312,"PRUID":"35","CMA":"Guelph"}},
{"type":"Feature","geometry":{"type":"Polygon","coordinates":[[[-80.21260449218617,43.51386219604655],[-80.2110226917156,43.512770805693],[-80.21275409676495,43.5109188877711],[-80.21097408365549,43.51080749844999],[-80.20971801662948,43.511312099782955],[-80.20725671344638,43.51314989258742],[-80.21071999506944,43.51513000471629],[-80.21260449218617,43.51386219604655]]]},"properties":{"DAUID":"35230276","DGUID":"2021S051235230276","LANDAREA":0.1169,"PRUID":"35","CMA":"Guelph"}},
{"type":"Feature","geometry":{"type":"Polygon","coordinates":[[[-80.21651899746392,43.513483888045336],[-80.21819339848695,43.512207808721726],[-80.21397599700107,43.51114340433187],[-80.21275409676495,43.5109188877711],[-80.2110226917156,43.512770805693],[-80.21260449218617,43.51386219604655],[-80.2144570055911,43.51507250446251],[-80.21651899746392,43.513483888045336]]]},"properties":{"DAUID":"35230277","DGUID":"2021S051235230277","LANDAREA":0.1399,"PRUID":"35","CMA":"Guelph"}},
{"type":"Feature","geometry":{"type":"Polygon","coordinates":[[[-80.24413090998593,43.52361951383594],[-80.24323139969519,43.516383099960905],[-80.24875119334773,43.52024630077948],[-80.25000470533351,43.51927949129302],[-80.24404320254328,43.514956792174196],[-80.24239540745927,43.51347361160256],[-80.23945351580579,43.51559830353734],[-80.24061791505251,43.51660890696677],[-80.24063731375661,43.51802270982053],[-80.23927598109108,43.5190311092904],[-80.2390516095291,43.52014620191383],[-80.24012979388802,43.5209996980304],[-80.24157118716613,43.52150450035216],[-80.24413090998593,43.52361951383594]]]},"properties":{"DAUID":"35230278","DGUID":"2021S051235230278","LANDAREA":0.3536,"PRUID":"35","CMA":"Guelph"}},
{"type":"Feature","geometry":{"type":"Polygon","coordinates":[[[-80.23369680368674,43.519912310067454],[-80.22949260947489,43.51677759889907],[-80.22812761447246,43.51806500016153],[-80.22913328662762,43.518765100452306],[-80.22921769179916,43.51990919462916],[-80.22565629565291,43.52264040435456],[-80.22434439264133,43.52363099442727],[-80.22172449724992,43.52432450980767],[-80.22036249587596,43.52535070376323],[-80.22470949912218,43.52666009603451],[-80.23265828956667,43.52082379628606],[-80.23369680368674,43.519912310067454]]]},"properties":{"DAUID":"35230279","DGUID":"2021S051235230279","LANDAREA":0.3531,"PRUID":"35","CMA":"Guelph"}},
{"type":"Feature","geometry":{"type":"Polygon","coordinates":[[[-80.22336140427181,43.51826679808247],[-80.22180580892523,43.51992200398015],[-80.22276251443358,43.52057680614705],[-80.22565629565291,43.52264040435456],[-80.22921769179916,43.51990919462916],[-80.22913328662762,43.518765100452306],[-80.22812761447246,43.51806500016153],[-80.22637989195535,43.51927770799401],[-80.2245356831611,43.51835581010958],[-80.22336140427181,43.51826679808247]]]},"properties":{"DAUID":"35230280","DGUID":"2021S051235230280","LANDAREA":0.1782,"PRUID":"35","CMA":"Guelph"}},
{"type":"Feature","geometry":{"type":"Polygon","coordinates":[[[-80.24474648981727,43.70704559597813],[-80.24881359061743,43.70338980438957],[-80.24968190500516,43.70144171012725],[-80.25986970605464,43.692477105005985],[-80.26209030556018,43.691510003453544],[-80.26601799137077,43.68792469233449],[-80.24918089249545,43.67594809440182],[-80.21921349645916,43.65457001061242],[-80.19664309792743,43.63878260443264],[-80.19114548510488,43.643804102039155],[-80.18625898862761,43.648496506372915],[-80.16590340742682,43.66785251078604],[-80.1554056104287,43.67787779294025],[-80.16809869576153,43.686722798561476],[-80.17917080836261,43.69458231138643],[-80.20638020518471,43.71371871304194],[-80.22276500023754,43.7253022886344],[-80.23372989369736,43.7154090100821],[-80.23787269889925,43.711754093013504],[-80.24100581433377,43.710370308453605],[-80.24474648981727,43.70704559597813]]]},"properties":{"DAUID":"35230333","DGUID":"2021S051235230333","LANDAREA":41.6364,"PRUID":"35","CMA":"Guelph"}},
{"type":"Feature","geometry":{"type":"Polygon","coordinates":[[[-80.18625898862761,43.648496506372915],[-80.172614885902,43.63887230508436],[-80.15332387679871,43.6253179013566],[-80.14972944117908,43.62563082481128],[-80.14545502094299,43.628250829597356],[-80.14313763509277,43.62844881395696],[-80.14239952726976,43.62551477017536],[-80.139234764384,43.62508320205814],[-80.14075327244217,43.62130777453139],[-80.13205303842678,43.622439721531684],[-80.13203260793713,43.62538041002083],[-80.13239039970807,43.62722001191544],[-80.13363909319054,43.62830989547716],[-80.13379269549142,43.62969768723948],[-80.13008870664846,43.63297411083609],[-80.12818738333958,43.63414810592119],[-80.11884480385213,43.64231519578895],[-80.11760311443604,43.64413341195847],[-80.11311829251525,43.64810548971442],[-80.1554056104287,43.67787779294025],[-80.16590340742682,43.66785251078604],[-80.18625898862761,43.648496506372915]]]},"properties":{"DAUID":"35230355","DGUID":"2021S051235230355","LANDAREA":18.9632,"PRUID":"35","CMA":"Guelph"}},
{"type":"Feature","geometry":{"type":"Polygon","coordinates":[[[-80.15332387679871,43.6253179013566],[-80.15040709618607,43.62326749528836],[-80.14704828992177,43.62588959095631],[-80.14390660273274,43.623669201112335],[-80.14472098958709,43.62305400284889],[-80.14299081560496,43.621825489775745],[-80.14521720792878,43.62040150793084],[-80.14440670298205,43.62012749884207],[-80.14342769485278,43.61963910984416],[-80.14169058856533,43.61825909260162],[-80.1420133977612,43.61734310761196],[-80.13995228248412,43.61586900875623],[-80.13910770355653,43.61474348790733],[-80.13662371646825,43.613517899361874],[-80.1346009861396,43.61655790708586],[-80.13241366323692,43.620998305518064],[-80.13205303842678,43.622439721531684],[-80.14075327244217,43.62130777453139],[-80.139234764384,43.62508320205814],[-80.14239952726976,43.62551477017536],[-80.14313763509277,43.62844881395696],[-80.14545502094299,43.628250829597356],[-80.14972944117908,43.62563082481128],[-80.15332387679871,43.6253179013566]]]},"properties":{"DAUID":"35230356","DGUID":"2021S051235230356","LANDAREA":0.8639,"PRUID":"35","CMA":"Guelph"}},
{"type":"Feature","geometry":{"type":"Polygon","coordinates":[[[-80.15040709618607,43.62326749528836],[-80.1458909847149,43.62008239785111],[-80.14717358751282,43.61965079791285],[-80.14589679232002,43.61879489850081],[-80.14440670298205,43.62012749884207],[-80.14521720792878,43.62040150793084],[-80.14299081560496,43.621825489775745],[-80.14472098958709,43.62305400284889],[-80.14390660273274,43.623669201112335],[-80.14704828992177,43.62588959095631],[-80.15040709618607,43.62326749528836]]]},"properties":{"DAUID":"35230357","DGUID":"2021S051235230357","LANDAREA":0.2128,"PRUID":"35","CMA":"Guelph"}},
{"type":"Feature","geometry":{"type":"Polygon","coordinates":[[[-80.19664309792743,43.63878260443264],[-80.19078580922616,43.63458139147231],[-80.15938280460026,43.61244790501438],[-80.15571461381398,43.60979170160456],[-80.15559420501104,43.60865631258658],[-80.15374010921377,43.6092277885136],[-80.15230188943545,43.61014460333281],[-80.1507239832999,43.61220380613519],[-80.14758259917005,43.61526880396509],[-80.14554171222703,43.61586590375895],[-80.1432893938207,43.61825310177234],[-80.14413609561556,43.618853708713296],[-80.14342769485278,43.61963910984416],[-80.14440670298205,43.62012749884207],[-80.14589679232002,43.61879489850081],[-80.14717358751282,43.61965079791285],[-80.1458909847149,43.62008239785111],[-80.15040709618607,43.62326749528836],[-80.15332387679871,43.6253179013566],[-80.172614885902,43.63887230508436],[-80.18625898862761,43.648496506372915],[-80.19114548510488,43.643804102039155],[-80.19664309792743,43.63878260443264]]]},"properties":{"DAUID":"35230358","DGUID":"2021S051235230358","LANDAREA":6.5398,"PRUID":"35","CMA":"Guelph"}},
{"type":"Feature","geometry":{"type":"Polygon","coordinates":[[[-80.14342769485278,43.61963910984416],[-80.14413609561556,43.618853708713296],[-80.1432893938207,43.61825310177234],[-80.14554171222703,43.61586590375895],[-80.14803279115841,43.61322830599104],[-80.14527974044296,43.61140396373676],[-80.13963731225479,43.606433285955646],[-80.13842290840506,43.606707944612275],[-80.14164968610932,43.60893059351633],[-80.14088438563857,43.609591208338166],[-80.13822008960224,43.609598099378445],[-80.13688348616988,43.611208806901665],[-80.13685298707084,43.612478108769906],[-80.13662371646825,43.613517899361874],[-80.13910770355653,43.61474348790733],[-80.13995228248412,43.61586900875623],[-80.1420133977612,43.61734310761196],[-80.14169058856533,43.61825909260162],[-80.14342769485278,43.61963910984416]]]},"properties":{"DAUID":"35230359","DGUID":"2021S051235230359","LANDAREA":0.5633,"PRUID":"35","CMA":"Guelph"}},
{"type":"Feature","geometry":{"type":"Polygon","coordinates":[[[-80.13842290840506,43.606707944612275],[-80.13660946630036,43.60835097388459],[-80.1327733213606,43.60654327678933],[-80.1300382008903,43.608968904891526],[-80.13408329221703,43.6117564871705],[-80.13492678935168,43.61112190520384],[-80.13685298707084,43.612478108769906],[-80.13688348616988,43.611208806901665],[-80.13822008960224,43.609598099378445],[-80.14088438563857,43.609591208338166],[-80.14164968610932,43.60893059351633],[-80.13842290840506,43.606707944612275]]]},"properties":{"DAUID":"35230360","DGUID":"2021S051235230360","LANDAREA":0.2892,"PRUID":"35","CMA":"Guelph"}},
{"type":"Feature","geometry":{"type":"Polygon","coordinates":[[[-80.19664309792743,43.63878260443264],[-80.19903530860793,43.636962513056034],[-80.20845780378386,43.63032019165321],[-80.21148441256406,43.628270200126885],[-80.21274188032534,43.62690120941427],[-80.213282588197,43.62535619020985],[-80.21316240249932,43.622222003935406],[-80.21360699703953,43.62044219530838],[-80.2144660137484,43.6191965906257],[-80.2203843938192,43.613888709580436],[-80.22553271631763,43.6076837948019],[-80.2158811891683,43.600891992043586],[-80.21087050419224,43.605080392193074],[-80.20999169610329,43.60500229655995],[-80.20508850465171,43.60943440100046],[-80.17782698422081,43.590296903331655],[-80.17224488142257,43.5863308041942],[-80.16917271046222,43.58904579136726],[-80.16127609589294,43.587673494853284],[-80.15418310855075,43.58732418874695],[-80.149585593565,43.58920790055504],[-80.1443566011693,43.59105980761591],[-80.14031711205823,43.59461309432486],[-80.13679710294059,43.59645939756266],[-80.13037059975021,43.591917689422566],[-80.1290003944683,43.590210201260696],[-80.12382631833623,43.59471469029005],[-80.11443025167344,43.60315081820385],[-80.1157833979465,43.60234399794478],[-80.11798351483847,43.60190939803672],[-80.12089220303103,43.60256349955375],[-80.1300382008903,43.608968904891526],[-80.1327733213606,43.60654327678933],[-80.13660946630036,43.60835097388459],[-80.13842290840506,43.606707944612275],[-80.13963731225479,43.606433285955646],[-80.14527974044296,43.61140396373676],[-80.14803279115841,43.61322830599104],[-80.14554171222703,43.61586590375895],[-80.14758259917005,43.61526880396509],[-80.1507239832999,43.61220380613519],[-80.15230188943545,43.61014460333281],[-80.15374010921377,43.6092277885136],[-80.15559420501104,43.60865631258658],[-80.15571461381398,43.60979170160456],[-80.15938280460026,43.61244790501438],[-80.19078580922616,43.63458139147231],[-80.19664309792743,43.63878260443264]]]},"properties":{"DAUID":"35230361","DGUID":"2021S051235230361","LANDAREA":21.4586,"PRUID":"35","CMA":"Guelph"}},
{"type":"Feature","geometry":{"type":"Polygon","coordinates":[[[-80.11311829251525,43.64810548971442],[-80.11760311443604,43.64413341195847],[-80.11884480385213,43.64231519578895],[-80.12818738333958,43.63414810592119],[-80.13008870664846,43.63297411083609],[-80.13379269549142,43.62969768723948],[-80.13363909319054,43.62830989547716],[-80.13239039970807,43.62722001191544],[-80.13203260793713,43.62538041002083],[-80.13205303842678,43.622439721531684],[-80.13241366323692,43.620998305518064],[-80.1346009861396,43.61655790708586],[-80.13662371646825,43.613517899361874],[-80.13685298707084,43.612478108769906],[-80.13492678935168,43.61112190520384],[-80.13408329221703,43.6117564871705],[-80.1300382008903,43.608968904891526],[-80.12089220303103,43.60256349955375],[-80.11798351483847,43.60190939803672],[-80.1157833979465,43.60234399794478],[-80.11443025167344,43.60315081820385],[-80.10201440062377,43.61418799986666],[-80.09623869874228,43.61924719399789],[-80.08724469361607,43.62736390122684],[-80.08559119969641,43.628977206037334],[-80.08575470536385,43.62911000512211],[-80.11311829251525,43.64810548971442]]]},"properties":{"DAUID":"35230362","DGUID":"2021S051235230362","LANDAREA":11.573,"PRUID":"35","CMA":"Guelph"}},
{"type":"Feature","geometry":{"type":"Polygon","coordinates":[[[-80.149585593565,43.58920790055504],[-80.14522338472861,43.58583490880233],[-80.14347230680026,43.580914491920126],[-80.1429887946316,43.580073487329194],[-80.14331518922094,43.57888740683572],[-80.14656481123468,43.578560601748734],[-80.14789648896966,43.57547308697403],[-80.15214248814844,43.57208308756876],[-80.15012696940146,43.57060306817578],[-80.14501724491002,43.56699856114578],[-80.1285646493876,43.58156462497089],[-80.1343781002168,43.585447008343294],[-80.1290003944683,43.590210201260696],[-80.13037059975021,43.591917689422566],[-80.13679710294059,43.59645939756266],[-80.14031711205823,43.59461309432486],[-80.1443566011693,43.59105980761591],[-80.149585593565,43.58920790055504]]]},"properties":{"DAUID":"35230363","DGUID":"2021S051235230363","LANDAREA":2.9964,"PRUID":"35","CMA":"Guelph"}},
{"type":"Feature","geometry":{"type":"Polygon","coordinates":[[[-80.2158811891683,43.600891992043586],[-80.18628428958885,43.57953450540897],[-80.18311831434802,43.57735089395632],[-80.16966458240667,43.56768260765753],[-80.16571529495856,43.56491658827189],[-80.1640753005711,43.56352700348555],[-80.16035631045371,43.56110749875711],[-80.15012696940146,43.57060306817578],[-80.15214248814844,43.57208308756876],[-80.14789648896966,43.57547308697403],[-80.14656481123468,43.578560601748734],[-80.14331518922094,43.57888740683572],[-80.1429887946316,43.580073487329194],[-80.14347230680026,43.580914491920126],[-80.14522338472861,43.58583490880233],[-80.149585593565,43.58920790055504],[-80.15418310855075,43.58732418874695],[-80.16127609589294,43.587673494853284],[-80.16917271046222,43.58904579136726],[-80.17224488142257,43.5863308041942],[-80.17782698422081,43.590296903331655],[-80.20508850465171,43.60943440100046],[-80.20999169610329,43.60500229655995],[-80.21087050419224,43.605080392193074],[-80.2158811891683,43.600891992043586]]]},"properties":{"DAUID":"35230364","DGUID":"2021S051235230364","LANDAREA":10.5672,"PRUID":"35","CMA":"Guelph"}},
{"type":"Feature","geometry":{"type":"Polygon","coordinates":[[[-80.22031735887508,43.58079281510349],[-80.21458491723747,43.57685630894801],[-80.20246272846222,43.56763634885687],[-80.19896551018034,43.56488721835384],[-80.19608401358775,43.56285637547066],[-80.19773932215604,43.56180956121081],[-80.19582732251322,43.56035610694497],[-80.19678502685608,43.55982128169996],[-80.19140214441819,43.55605500584263],[-80.18907372540431,43.55422431131275],[-80.18786940605926,43.55419899008448],[-80.16966458240667,43.56768260765753],[-80.18311831434802,43.57735089395632],[-80.18628428958885,43.57953450540897],[-80.2158811891683,43.600891992043586],[-80.22553271631763,43.6076837948019],[-80.2297485961065,43.603579396614506],[-80.23133240601834,43.60180730150719],[-80.23506199803015,43.596907096853364],[-80.23907189175193,43.593305202849166],[-80.24419251368666,43.58703629552473],[-80.24478901256825,43.585887696460986],[-80.24582521308537,43.58226580026869],[-80.24634749683246,43.57859659793166],[-80.24383459823835,43.57692371226339],[-80.23329790606614,43.58459560850833],[-80.22862995522479,43.58123142909777],[-80.22501217818619,43.58410783484522],[-80.22031735887508,43.58079281510349]]]},"properties":{"DAUID":"35230365","DGUID":"2021S051235230365","LANDAREA":13.1652,"PRUID":"35","CMA":"Guelph"}},
{"type":"Feature","geometry":{"type":"Polygon","coordinates":[[[-80.23445509661616,43.57050288819686],[-80.23300669558321,43.56948471144165],[-80.23099641102084,43.56884090884122],[-80.22710378833236,43.567230005428705],[-80.22537261369438,43.56703819997165],[-80.22274908475947,43.56690329636137],[-80.22250650921119,43.56843228868737],[-80.22220209970305,43.56996101025187],[-80.2207172958553,43.57177869281371],[-80.21957991082209,43.57259029966573],[-80.21670000864304,43.574770011459165],[-80.21599998685406,43.57589999630195],[-80.21458491723747,43.57685630894801],[-80.22031735887508,43.58079281510349],[-80.23445509661616,43.57050288819686]]]},"properties":{"DAUID":"35230366","DGUID":"2021S051235230366","LANDAREA":1.1309,"PRUID":"35","CMA":"Guelph"}},
{"type":"Feature","geometry":{"type":"Polygon","coordinates":[[[-80.22250650921119,43.56843228868737],[-80.21873439297187,43.56806448737139],[-80.21625999038024,43.57009999497739],[-80.21957991082209,43.57259029966573],[-80.2207172958553,43.57177869281371],[-80.22220209970305,43.56996101025187],[-80.22250650921119,43.56843228868737]]]},"properties":{"DAUID":"35230367","DGUID":"2021S051235230367","LANDAREA":0.1502,"PRUID":"35","CMA":"Guelph"}},
{"type":"Feature","geometry":{"type":"Polygon","coordinates":[[[-80.22274908475947,43.56690329636137],[-80.22289761022054,43.565949906074955],[-80.21833351934046,43.565549592850964],[-80.2181731108299,43.5664578921285],[-80.21491849421216,43.5664834016821],[-80.21432999475043,43.568490007820536],[-80.21519129359358,43.56934171180582],[-80.21760120146836,43.56759749409796],[-80.21873439297187,43.56806448737139],[-80.22250650921119,43.56843228868737],[-80.22274908475947,43.56690329636137]]]},"properties":{"DAUID":"35230368","DGUID":"2021S051235230368","LANDAREA":0.1671,"PRUID":"35","CMA":"Guelph"}},
{"type":"Feature","geometry":{"type":"Polygon","coordinates":[[[-80.22289761022054,43.565949906074955],[-80.2230542720312,43.563543247499915],[-80.22196660821831,43.56341238605025],[-80.21822128561874,43.56082160454358],[-80.21702240977204,43.55874250927278],[-80.2157960172805,43.557833595179886],[-80.20948410447811,43.56244370204538],[-80.21124961634077,43.56371809544491],[-80.21189438599492,43.564604999552024],[-80.21192541857806,43.566234722924584],[-80.21491849421216,43.5664834016821],[-80.2181731108299,43.5664578921285],[-80.21833351934046,43.565549592850964],[-80.22289761022054,43.565949906074955]]]},"properties":{"DAUID":"35230369","DGUID":"2021S051235230369","LANDAREA":0.5919,"PRUID":"35","CMA":"Guelph"}},
{"type":"Feature","geometry":{"type":"Polygon","coordinates":[[[-80.22537261369438,43.56703819997165],[-80.2261495163079,43.56550969515096],[-80.22417832446057,43.565218300875195],[-80.2249331905824,43.56364060436261],[-80.2234343952525,43.562721002777025],[-80.2230542720312,43.563543247499915],[-80.22289761022054,43.565949906074955],[-80.22274908475947,43.56690329636137],[-80.22537261369438,43.56703819997165]]]},"properties":{"DAUID":"35230370","DGUID":"2021S051235230370","LANDAREA":0.0722,"PRUID":"35","CMA":"Guelph"}},
{"type":"Feature","geometry":{"type":"Polygon","coordinates":[[[-80.2261495163079,43.56550969515096],[-80.22751510584332,43.563144798504275],[-80.2288103992652,43.5625502880883],[-80.22862040907722,43.56191870352687],[-80.22689246011173,43.56009800136028],[-80.2234343952525,43.562721002777025],[-80.2249331905824,43.56364060436261],[-80.22417832446057,43.565218300875195],[-80.2261495163079,43.56550969515096]]]},"properties":{"DAUID":"35230371","DGUID":"2021S051235230371","LANDAREA":0.1368,"PRUID":"35","CMA":"Guelph"}},
{"type":"Feature","geometry":{"type":"Polygon","coordinates":[[[-80.23099641102084,43.56884090884122],[-80.23217618477524,43.56759730868779],[-80.2297470993657,43.5658071052634],[-80.22920121479392,43.5639486083469],[-80.2288103992652,43.5625502880883],[-80.22751510584332,43.563144798504275],[-80.2261495163079,43.56550969515096],[-80.22537261369438,43.56703819997165],[-80.22710378833236,43.567230005428705],[-80.23099641102084,43.56884090884122]]]},"properties":{"DAUID":"35230372","DGUID":"2021S051235230372","LANDAREA":0.1663,"PRUID":"35","CMA":"Guelph"}},
{"type":"Feature","geometry":{"type":"Polygon","coordinates":[[[-80.2288103992652,43.5625502880883],[-80.22920121479392,43.5639486083469],[-80.23184219610211,43.56366919910588],[-80.23329059419916,43.56272450274076],[-80.23091051604106,43.56098869069671],[-80.22862040907722,43.56191870352687],[-80.2288103992652,43.5625502880883]]]},"properties":{"DAUID":"35230373","DGUID":"2021S051235230373","LANDAREA":0.0782,"PRUID":"35","CMA":"Guelph"}},
{"type":"Feature","geometry":{"type":"Polygon","coordinates":[[[-80.23877980255955,43.567335299855074],[-80.23744009642378,43.56653399091699],[-80.23417330315003,43.56537770021289],[-80.23395889000597,43.56470091102304],[-80.23552510068801,43.56325270823564],[-80.23329059419916,43.56272450274076],[-80.23184219610211,43.56366919910588],[-80.22920121479392,43.5639486083469],[-80.2297470993657,43.5658071052634],[-80.23217618477524,43.56759730868779],[-80.23393738752085,43.56640250273542],[-80.23639221428077,43.56714830340253],[-80.23735490771017,43.56837929090342],[-80.23877980255955,43.567335299855074]]]},"properties":{"DAUID":"35230374","DGUID":"2021S051235230374","LANDAREA":0.1889,"PRUID":"35","CMA":"Guelph"}},
{"type":"Feature","geometry":{"type":"Polygon","coordinates":[[[-80.23660581436211,43.561017905960654],[-80.23220235724779,43.55792599889527],[-80.22869708176363,43.558796806756256],[-80.22689246011173,43.56009800136028],[-80.22862040907722,43.56191870352687],[-80.23091051604106,43.56098869069671],[-80.23329059419916,43.56272450274076],[-80.23552510068801,43.56325270823564],[-80.23807128287665,43.564593308238926],[-80.23931031243968,43.56453849402585],[-80.24048348264535,43.563799001678035],[-80.23660581436211,43.561017905960654]]]},"properties":{"DAUID":"35230375","DGUID":"2021S051235230375","LANDAREA":0.3252,"PRUID":"35","CMA":"Guelph"}},
{"type":"Feature","geometry":{"type":"Polygon","coordinates":[[[-80.24048348264535,43.563799001678035],[-80.23931031243968,43.56453849402585],[-80.23807128287665,43.564593308238926],[-80.23552510068801,43.56325270823564],[-80.23395889000597,43.56470091102304],[-80.23417330315003,43.56537770021289],[-80.23744009642378,43.56653399091699],[-80.23877980255955,43.567335299855074],[-80.24122929486104,43.565550805144866],[-80.24207900005668,43.56493511214206],[-80.24048348264535,43.563799001678035]]]},"properties":{"DAUID":"35230376","DGUID":"2021S051235230376","LANDAREA":0.1468,"PRUID":"35","CMA":"Guelph"}},
{"type":"Feature","geometry":{"type":"Polygon","coordinates":[[[-80.22991568665239,43.55628503733437],[-80.22885689280713,43.55552290700334],[-80.22264428583429,43.555791405318764],[-80.21951828637638,43.55818329398275],[-80.21840588952752,43.557077193511404],[-80.21705018822823,43.557554102920214],[-80.21702240977204,43.55874250927278],[-80.21822128561874,43.56082160454358],[-80.22196660821831,43.56341238605025],[-80.2230542720312,43.563543247499915],[-80.2234343952525,43.562721002777025],[-80.22689246011173,43.56009800136028],[-80.22869708176363,43.558796806756256],[-80.23220235724779,43.55792599889527],[-80.22991568665239,43.55628503733437]]]},"properties":{"DAUID":"35230377","DGUID":"2021S051235230377","LANDAREA":0.5722,"PRUID":"35","CMA":"Guelph"}},
{"type":"Feature","geometry":{"type":"Polygon","coordinates":[[[-80.22389460177736,43.55194619463039],[-80.22024261137521,43.54933724545062],[-80.20707980054338,43.53988219554407],[-80.2028830596419,43.53681198442001],[-80.19808716119111,43.54128505665877],[-80.1946454115434,43.54383180422183],[-80.19665188265238,43.54492700821735],[-80.19818861963294,43.54653689633107],[-80.18921379001641,43.55320020044506],[-80.19016999774774,43.55363998957145],[-80.19336000627041,43.55588999087307],[-80.1948799989235,43.55672999043026],[-80.19817979182255,43.557666396000386],[-80.20457000240036,43.559430896494995],[-80.20657559626873,43.560390205810236],[-80.20948410447811,43.56244370204538],[-80.2157960172805,43.557833595179886],[-80.21702240977204,43.55874250927278],[-80.21705018822823,43.557554102920214],[-80.21840588952752,43.557077193511404],[-80.21951828637638,43.55818329398275],[-80.22264428583429,43.555791405318764],[-80.22885689280713,43.55552290700334],[-80.22389460177736,43.55194619463039]]]},"properties":{"DAUID":"35230378","DGUID":"2021S051235230378","LANDAREA":4.0314,"PRUID":"35","CMA":"Guelph"}},
{"type":"Feature","geometry":{"type":"Polygon","coordinates":[[[-80.21458491723747,43.57685630894801],[-80.21599998685406,43.57589999630195],[-80.21670000864304,43.574770011459165],[-80.21957991082209,43.57259029966573],[-80.21625999038024,43.57009999497739],[-80.21873439297187,43.56806448737139],[-80.21760120146836,43.56759749409796],[-80.21519129359358,43.56934171180582],[-80.21432999475043,43.568490007820536],[-80.21491849421216,43.5664834016821],[-80.21192541857806,43.566234722924584],[-80.21189438599492,43.564604999552024],[-80.21124961634077,43.56371809544491],[-80.20948410447811,43.56244370204538],[-80.20603504089694,43.565010213766826],[-80.1982199873123,43.559409987081786],[-80.19817979182255,43.557666396000386],[-80.1948799989235,43.55672999043026],[-80.19336000627041,43.55588999087307],[-80.19016999774774,43.55363998957145],[-80.18921379001641,43.55320020044506],[-80.19818861963294,43.54653689633107],[-80.19665188265238,43.54492700821735],[-80.1946454115434,43.54383180422183],[-80.18563401086142,43.55036321285013],[-80.18872077155885,43.55266932138154],[-80.18724909924165,43.55367717302072],[-80.18786940605926,43.55419899008448],[-80.18907372540431,43.55422431131275],[-80.19140214441819,43.55605500584263],[-80.19678502685608,43.55982128169996],[-80.19582732251322,43.56035610694497],[-80.19773932215604,43.56180956121081],[-80.19608401358775,43.56285637547066],[-80.19896551018034,43.56488721835384],[-80.20246272846222,43.56763634885687],[-80.21458491723747,43.57685630894801]]]},"properties":{"DAUID":"35230379","DGUID":"2021S051235230379","LANDAREA":1.8994,"PRUID":"35","CMA":"Guelph"}},
{"type":"Feature","geometry":{"type":"Polygon","coordinates":[[[-80.19817979182255,43.557666396000386],[-80.1982199873123,43.559409987081786],[-80.20603504089694,43.565010213766826],[-80.20948410447811,43.56244370204538],[-80.20657559626873,43.560390205810236],[-80.20457000240036,43.559430896494995],[-80.19817979182255,43.557666396000386]]]},"properties":{"DAUID":"35230380","DGUID":"2021S051235230380","LANDAREA":0.3259,"PRUID":"35","CMA":"Guelph"}},
{"type":"Feature","geometry":{"type":"Polygon","coordinates":[[[-80.16966458240667,43.56768260765753],[-80.18786940605926,43.55419899008448],[-80.18724909924165,43.55367717302072],[-80.18872077155885,43.55266932138154],[-80.18563401086142,43.55036321285013],[-80.1946454115434,43.54383180422183],[-80.19808716119111,43.54128505665877],[-80.2028830596419,43.53681198442001],[-80.18554451117465,43.5241265930724],[-80.1824820915268,43.52640080132882],[-80.18094979491073,43.52532729597703],[-80.1804122024918,43.5257286040124],[-80.18188211672536,43.52684669665417],[-80.16782898755764,43.53729820848366],[-80.15362028764187,43.52667700273058],[-80.1469333929944,43.53138149945595],[-80.14237770225212,43.534976093855555],[-80.13331939403125,43.54184491154188],[-80.14787989053121,43.55209458687585],[-80.16035631045371,43.56110749875711],[-80.1640753005711,43.56352700348555],[-80.16571529495856,43.56491658827189],[-80.16966458240667,43.56768260765753]]]},"properties":{"DAUID":"35230381","DGUID":"2021S051235230381","LANDAREA":13.554,"PRUID":"35","CMA":"Guelph"}},
{"type":"Feature","geometry":{"type":"Polygon","coordinates":[[[-80.21546106413763,43.53363030067012],[-80.21235070872872,43.53147269838869],[-80.20924999389364,43.53373999715694],[-80.20748999618137,43.53340999668355],[-80.20650999041813,43.53271999956998],[-80.2097899922149,43.53028998951354],[-80.2112906000043,43.531250806221195],[-80.21144009872611,43.52917040949171],[-80.21337911389148,43.527571992111255],[-80.21489379653251,43.52814060695199],[-80.21704458943222,43.53024440005065],[-80.2162555070048,43.5309773047049],[-80.21764089166977,43.531986291259514],[-80.22470949912218,43.52666009603451],[-80.22036249587596,43.52535070376323],[-80.21647000693471,43.523964506150236],[-80.21584299123373,43.52460848739936],[-80.21161991201149,43.52772188915976],[-80.21101240501633,43.527807791761596],[-80.21070639534193,43.528499006293735],[-80.20889629481864,43.52969299830266],[-80.20765279027552,43.529207194787766],[-80.20795909189103,43.52660710486144],[-80.2088718875955,43.52588410417093],[-80.20792620058353,43.52439189499043],[-80.20524908548352,43.523769999270364],[-80.20565411992875,43.52307949013788],[-80.20750691863961,43.52333549554928],[-80.20971189358978,43.52409810801049],[-80.21049481533477,43.52289688941802],[-80.20573998925455,43.52048000065828],[-80.20710148564015,43.51933479140756],[-80.2030079094122,43.516361909554945],[-80.19938039186223,43.513725402160574],[-80.19261178280611,43.518892309433674],[-80.18554451117465,43.5241265930724],[-80.2028830596419,43.53681198442001],[-80.20707980054338,43.53988219554407],[-80.21546106413763,43.53363030067012]]]},"properties":{"DAUID":"35230382","DGUID":"2021S051235230382","LANDAREA":3.5405,"PRUID":"35","CMA":"Guelph"}},
{"type":"Feature","geometry":{"type":"Polygon","coordinates":[[[-80.21764089166977,43.531986291259514],[-80.2162555070048,43.5309773047049],[-80.21704458943222,43.53024440005065],[-80.21489379653251,43.52814060695199],[-80.21337911389148,43.527571992111255],[-80.21144009872611,43.52917040949171],[-80.2112906000043,43.531250806221195],[-80.2097899922149,43.53028998951354],[-80.20650999041813,43.53271999956998],[-80.20748999618137,43.53340999668355],[-80.20924999389364,43.53373999715694],[-80.21235070872872,43.53147269838869],[-80.21546106413763,43.53363030067012],[-80.21764089166977,43.531986291259514]]]},"properties":{"DAUID":"35230383","DGUID":"2021S051235230383","LANDAREA":0.2921,"PRUID":"35","CMA":"Guelph"}},
{"type":"Feature","geometry":{"type":"Polygon","coordinates":[[[-80.21261350958285,43.52211119148708],[-80.2104840053292,43.52467070319704],[-80.20989659250353,43.52511680835828],[-80.21146549745895,43.52627121143203],[-80.21040081051339,43.52725429483542],[-80.21101240501633,43.527807791761596],[-80.21161991201149,43.52772188915976],[-80.21584299123373,43.52460848739936],[-80.21647000693471,43.523964506150236],[-80.21261350958285,43.52211119148708]]]},"properties":{"DAUID":"35230384","DGUID":"2021S051235230384","LANDAREA":0.1632,"PRUID":"35","CMA":"Guelph"}},
{"type":"Feature","geometry":{"type":"Polygon","coordinates":[[[-80.21101240501633,43.527807791761596],[-80.21040081051339,43.52725429483542],[-80.21146549745895,43.52627121143203],[-80.20989659250353,43.52511680835828],[-80.2104840053292,43.52467070319704],[-80.20971189358978,43.52409810801049],[-80.20750691863961,43.52333549554928],[-80.20565411992875,43.52307949013788],[-80.20524908548352,43.523769999270364],[-80.20792620058353,43.52439189499043],[-80.2088718875955,43.52588410417093],[-80.20795909189103,43.52660710486144],[-80.20765279027552,43.529207194787766],[-80.20889629481864,43.52969299830266],[-80.21070639534193,43.528499006293735],[-80.21101240501633,43.527807791761596]]]},"properties":{"DAUID":"35230385","DGUID":"2021S051235230385","LANDAREA":0.1442,"PRUID":"35","CMA":"Guelph"}},
{"type":"Feature","geometry":{"type":"Polygon","coordinates":[[[-80.20710148564015,43.51933479140756],[-80.20573998925455,43.52048000065828],[-80.21049481533477,43.52289688941802],[-80.20971189358978,43.52409810801049],[-80.2104840053292,43.52467070319704],[-80.21261350958285,43.52211119148708],[-80.20710148564015,43.51933479140756]]]},"properties":{"DAUID":"35230386","DGUID":"2021S051235230386","LANDAREA":0.1031,"PRUID":"35","CMA":"Guelph"}},
{"type":"Feature","geometry":{"type":"Polygon","coordinates":[[[-80.19938039186223,43.513725402160574],[-80.19703029733067,43.511817995384185],[-80.19551430686975,43.50859279678209],[-80.19367379145552,43.5093092003984],[-80.19372570283132,43.51098429775691],[-80.19091580549903,43.51295440662812],[-80.1896286945757,43.51298130202756],[-80.18823378444958,43.51459220902791],[-80.1888490140644,43.51577611210108],[-80.19261178280611,43.518892309433674],[-80.19938039186223,43.513725402160574]]]},"properties":{"DAUID":"35230387","DGUID":"2021S051235230387","LANDAREA":0.4939,"PRUID":"35","CMA":"Guelph"}},
{"type":"Feature","geometry":{"type":"Polygon","coordinates":[[[-80.19367379145552,43.5093092003984],[-80.1927792963838,43.5086636079169],[-80.18823059622062,43.512062010558196],[-80.1896286945757,43.51298130202756],[-80.19091580549903,43.51295440662812],[-80.19372570283132,43.51098429775691],[-80.19367379145552,43.5093092003984]]]},"properties":{"DAUID":"35230388","DGUID":"2021S051235230388","LANDAREA":0.117,"PRUID":"35","CMA":"Guelph"}},
{"type":"Feature","geometry":{"type":"Polygon","coordinates":[[[-80.19551430686975,43.50859279678209],[-80.19395660279058,43.50479111039406],[-80.19172969315933,43.505738804614815],[-80.19206941444094,43.5080913074737],[-80.18747049421194,43.51154330614217],[-80.18823059622062,43.512062010558196],[-80.1927792963838,43.5086636079169],[-80.19367379145552,43.5093092003984],[-80.19551430686975,43.50859279678209]]]},"properties":{"DAUID":"35230389","DGUID":"2021S051235230389","LANDAREA":0.1393,"PRUID":"35","CMA":"Guelph"}},
{"type":"Feature","geometry":{"type":"Polygon","coordinates":[[[-80.19172969315933,43.505738804614815],[-80.18958968397187,43.5066510950226],[-80.18746288567381,43.508427790105145],[-80.18575219437828,43.50868580285242],[-80.18705010695352,43.509685509176435],[-80.18602499879343,43.51047960800121],[-80.18747049421194,43.51154330614217],[-80.19206941444094,43.5080913074737],[-80.19172969315933,43.505738804614815]]]},"properties":{"DAUID":"35230390","DGUID":"2021S051235230390","LANDAREA":0.1633,"PRUID":"35","CMA":"Guelph"}},
{"type":"Feature","geometry":{"type":"Polygon","coordinates":[[[-80.19395660279058,43.50479111039406],[-80.192190903131,43.50268959917548],[-80.18900630005803,43.50033500580679],[-80.18712818675499,43.501730996287975],[-80.18845000629787,43.50260000570729],[-80.18771999385478,43.50328000456937],[-80.18898000890788,43.504180000665116],[-80.18987000985322,43.50373999977946],[-80.1907546860583,43.50464239358894],[-80.18894269568129,43.50600718667876],[-80.18958968397187,43.5066510950226],[-80.19172969315933,43.505738804614815],[-80.19395660279058,43.50479111039406]]]},"properties":{"DAUID":"35230391","DGUID":"2021S051235230391","LANDAREA":0.1733,"PRUID":"35","CMA":"Guelph"}},
{"type":"Feature","geometry":{"type":"Polygon","coordinates":[[[-80.18958968397187,43.5066510950226],[-80.18894269568129,43.50600718667876],[-80.1907546860583,43.50464239358894],[-80.18987000985322,43.50373999977946],[-80.18898000890788,43.504180000665116],[-80.18771999385478,43.50328000456937],[-80.18429000201162,43.506320008575905],[-80.18341001215346,43.50670000245051],[-80.18575219437828,43.50868580285242],[-80.18746288567381,43.508427790105145],[-80.18958968397187,43.5066510950226]]]},"properties":{"DAUID":"35230392","DGUID":"2021S051235230392","LANDAREA":0.163,"PRUID":"35","CMA":"Guelph"}},
{"type":"Feature","geometry":{"type":"Polygon","coordinates":[[[-80.1896286945757,43.51298130202756],[-80.18823059622062,43.512062010558196],[-80.18747049421194,43.51154330614217],[-80.18602499879343,43.51047960800121],[-80.18705010695352,43.509685509176435],[-80.18575219437828,43.50868580285242],[-80.18341001215346,43.50670000245051],[-80.18204779452684,43.50550710930841],[-80.17112389576702,43.513614005813864],[-80.17987131455625,43.51998909915759],[-80.1822452130252,43.51828631411],[-80.18343950888199,43.51872700757457],[-80.1869630992405,43.5161678988617],[-80.18776200402237,43.5165608067354],[-80.1888490140644,43.51577611210108],[-80.18823378444958,43.51459220902791],[-80.1896286945757,43.51298130202756]]]},"properties":{"DAUID":"35230393","DGUID":"2021S051235230393","LANDAREA":1.2441,"PRUID":"35","CMA":"Guelph"}},
{"type":"Feature","geometry":{"type":"Polygon","coordinates":[[[-80.18900630005803,43.50033500580679],[-80.17132241003875,43.48735009194608],[-80.1711134942304,43.48724951080515],[-80.1670535025182,43.49021841135743],[-80.15384201495769,43.50018819334623],[-80.15339190248896,43.5005270003035],[-80.17112389576702,43.513614005813864],[-80.18204779452684,43.50550710930841],[-80.18341001215346,43.50670000245051],[-80.18429000201162,43.506320008575905],[-80.18771999385478,43.50328000456937],[-80.18845000629787,43.50260000570729],[-80.18712818675499,43.501730996287975],[-80.18900630005803,43.50033500580679]]]},"properties":{"DAUID":"35230394","DGUID":"2021S051235230394","LANDAREA":4.3396,"PRUID":"35","CMA":"Guelph"}},
{"type":"Feature","geometry":{"type":"Polygon","coordinates":[[[-80.18554451117465,43.5241265930724],[-80.17987131455625,43.51998909915759],[-80.17112389576702,43.513614005813864],[-80.15339190248896,43.5005270003035],[-80.15384201495769,43.50018819334623],[-80.15329361416961,43.49959880034986],[-80.15165350500081,43.49923549732749],[-80.13550780396407,43.48737300807698],[-80.12673140700751,43.49396050433094],[-80.11271438755539,43.50436050746841],[-80.11111059793109,43.50575270535529],[-80.1088519010212,43.50708580832668],[-80.10003221618196,43.513697792037064],[-80.09661368736259,43.515613404699245],[-80.10002251432876,43.51807039843441],[-80.12498259828173,43.53581440767181],[-80.13331939403125,43.54184491154188],[-80.14237770225212,43.534976093855555],[-80.1469333929944,43.53138149945595],[-80.15362028764187,43.52667700273058],[-80.16782898755764,43.53729820848366],[-80.18188211672536,43.52684669665417],[-80.1804122024918,43.5257286040124],[-80.18094979491073,43.52532729597703],[-80.1824820915268,43.52640080132882],[-80.18554451117465,43.5241265930724]]]},"properties":{"DAUID":"35230395","DGUID":"2021S051235230395","LANDAREA":21.3055,"PRUID":"35","CMA":"Guelph"}},
{"type":"Feature","geometry":{"type":"Polygon","coordinates":[[[-80.19261178280611,43.518892309433674],[-80.1888490140644,43.51577611210108],[-80.18776200402237,43.5165608067354],[-80.1869630992405,43.5161678988617],[-80.18343950888199,43.51872700757457],[-80.1822452130252,43.51828631411],[-80.17987131455625,43.51998909915759],[-80.18554451117465,43.5241265930724],[-80.19261178280611,43.518892309433674]]]},"properties":{"DAUID":"35230396","DGUID":"2021S051235230396","LANDAREA":0.4687,"PRUID":"35","CMA":"Guelph"}},
{"type":"Feature","geometry":{"type":"Polygon","coordinates":[[[-80.1711134942304,43.48724951080515],[-80.16397578392578,43.48202009731552],[-80.15634301159872,43.48757369928732],[-80.15567009263589,43.486164094553416],[-80.15365248647451,43.48541078678],[-80.15240989020688,43.484068993828224],[-80.15601200032452,43.4820425883739],[-80.15937749619081,43.48278779674978],[-80.16125199545517,43.48226130496594],[-80.16232288886323,43.480828390690654],[-80.15846940231631,43.47782869533883],[-80.15611540329965,43.475497306241834],[-80.15387751030968,43.47375609890738],[-80.1477547090861,43.47830760947485],[-80.14829210735948,43.47702399973311],[-80.14902480190155,43.47679541235877],[-80.14922459393915,43.474887888781375],[-80.14544368798279,43.47734489075092],[-80.1438016311871,43.47796048535279],[-80.14345223525903,43.47863005739671],[-80.14161008153296,43.47912610622343],[-80.14032861105323,43.47881029219969],[-80.13798049653991,43.48045839093672],[-80.13977620505271,43.481138310260874],[-80.1412198114654,43.4831119975423],[-80.13550780396407,43.48737300807698],[-80.15165350500081,43.49923549732749],[-80.15329361416961,43.49959880034986],[-80.15384201495769,43.50018819334623],[-80.1670535025182,43.49021841135743],[-80.1711134942304,43.48724951080515]]]},"properties":{"DAUID":"35230397","DGUID":"2021S051235230397","LANDAREA":4.1531,"PRUID":"35","CMA":"Guelph"}},
{"type":"Feature","geometry":{"type":"Polygon","coordinates":[[[-80.1711134942304,43.48724951080515],[-80.18504091235006,43.476949692139975],[-80.18913031429705,43.473821501537834],[-80.201564404568,43.48300420778017],[-80.20166987034713,43.482399506113595],[-80.20171540305651,43.482138487530975],[-80.18828238261065,43.47226600928931],[-80.18698319109515,43.47107480793418],[-80.185705691679,43.46902348706661],[-80.18065140142585,43.457276603891735],[-80.17689239265438,43.44787342264877],[-80.1663473942736,43.44982899807949],[-80.16304421121356,43.4500660031083],[-80.15369058975494,43.4498981026936],[-80.15235941874154,43.449645092993414],[-80.13834731349506,43.44942340115645],[-80.13437571439859,43.44972650211848],[-80.13179791060398,43.450220190182456],[-80.12881891514884,43.45111599889881],[-80.1243661891339,43.45305390445961],[-80.13020300699988,43.45715938914612],[-80.1344712849405,43.46035230147617],[-80.138210807209,43.4633879927795],[-80.14446000070024,43.46906259335674],[-80.14670458856972,43.47033099827249],[-80.15273329042581,43.4730659088367],[-80.15387751030968,43.47375609890738],[-80.15611540329965,43.475497306241834],[-80.15846940231631,43.47782869533883],[-80.16232288886323,43.480828390690654],[-80.16125199545517,43.48226130496594],[-80.15937749619081,43.48278779674978],[-80.15601200032452,43.4820425883739],[-80.15240989020688,43.484068993828224],[-80.15365248647451,43.48541078678],[-80.15567009263589,43.486164094553416],[-80.15634301159872,43.48757369928732],[-80.16397578392578,43.48202009731552],[-80.1711134942304,43.48724951080515]]]},"properties":{"DAUID":"35230398","DGUID":"2021S051235230398","LANDAREA":12.0675,"PRUID":"35","CMA":"Guelph"}},
{"type":"Feature","geometry":{"type":"Polygon","coordinates":[[[-80.18065140142585,43.457276603891735],[-80.18854941323613,43.45592259920648],[-80.20154338536553,43.45379899752803],[-80.21578861133875,43.451385406820975],[-80.2085709965343,43.43334501130064],[-80.1866273940788,43.437017790261315],[-80.15863609151185,43.44174069541957],[-80.15619850395817,43.43574380549963],[-80.15221389585356,43.425548400731834],[-80.15139990290292,43.4236785006937],[-80.13367730936334,43.42678720343795],[-80.1187279929214,43.429365197507494],[-80.10390381876003,43.43176229388562],[-80.09986820390672,43.43478299473584],[-80.10422019460691,43.43795068808367],[-80.10567178107274,43.439231706124396],[-80.10851630782018,43.4424323980836],[-80.11073981282614,43.44417859044367],[-80.11758509454445,43.44849970352559],[-80.1243661891339,43.45305390445961],[-80.12881891514884,43.45111599889881],[-80.13179791060398,43.450220190182456],[-80.13437571439859,43.44972650211848],[-80.13834731349506,43.44942340115645],[-80.15235941874154,43.449645092993414],[-80.15369058975494,43.4498981026936],[-80.16304421121356,43.4500660031083],[-80.1663473942736,43.44982899807949],[-80.17689239265438,43.44787342264877],[-80.18065140142585,43.457276603891735]]]},"properties":{"DAUID":"35230399","DGUID":"2021S051235230399","LANDAREA":16.9471,"PRUID":"35","CMA":"Guelph"}},
{"type":"Feature","geometry":{"type":"Polygon","coordinates":[[[-80.2085709965343,43.43334501130064],[-80.20119620646223,43.41537500343116],[-80.19465511766452,43.39911218973322],[-80.18023780175038,43.40140490219163],[-80.15266058615344,43.40592220237687],[-80.1383495058316,43.40833651047303],[-80.1068029057155,43.41357810001286],[-80.07992171613519,43.417903189989076],[-80.07856049031507,43.41806329835569],[-80.08123791715526,43.42644089327678],[-80.08877819326123,43.42945469160388],[-80.09488471144991,43.43173619155276],[-80.09678651455663,43.4326247087438],[-80.09986820390672,43.43478299473584],[-80.10390381876003,43.43176229388562],[-80.1187279929214,43.429365197507494],[-80.13367730936334,43.42678720343795],[-80.15139990290292,43.4236785006937],[-80.15221389585356,43.425548400731834],[-80.15619850395817,43.43574380549963],[-80.15863609151185,43.44174069541957],[-80.1866273940788,43.437017790261315],[-80.2085709965343,43.43334501130064]]]},"properties":{"DAUID":"35230400","DGUID":"2021S051235230400","LANDAREA":26.4385,"PRUID":"35","CMA":"Guelph"}},
{"type":"Feature","geometry":{"type":"Polygon","coordinates":[[[-80.09986820390672,43.43478299473584],[-80.09678651455663,43.4326247087438],[-80.09488471144991,43.43173619155276],[-80.08877819326123,43.42945469160388],[-80.08123791715526,43.42644089327678],[-80.08376349399136,43.43509628983414],[-80.0742447119437,43.44188099376445],[-80.07979120866288,43.446085695434846],[-80.09918919513458,43.46055710689378],[-80.1011499983369,43.460754866937414],[-80.11571098925727,43.45667908741063],[-80.11850569556829,43.455746210922165],[-80.1243661891339,43.45305390445961],[-80.11758509454445,43.44849970352559],[-80.11073981282614,43.44417859044367],[-80.10851630782018,43.4424323980836],[-80.10567178107274,43.439231706124396],[-80.10422019460691,43.43795068808367],[-80.09986820390672,43.43478299473584]]]},"properties":{"DAUID":"35230401","DGUID":"2021S051235230401","LANDAREA":7.0805,"PRUID":"35","CMA":"Guelph"}},
{"type":"Feature","geometry":{"type":"Polygon","coordinates":[[[-80.13550780396407,43.48737300807698],[-80.1412198114654,43.4831119975423],[-80.13977620505271,43.481138310260874],[-80.13798049653991,43.48045839093672],[-80.14032861105323,43.47881029219969],[-80.14161008153296,43.47912610622343],[-80.14345223525903,43.47863005739671],[-80.1438016311871,43.47796048535279],[-80.14544368798279,43.47734489075092],[-80.14922459393915,43.474887888781375],[-80.14902480190155,43.47679541235877],[-80.14829210735948,43.47702399973311],[-80.1477547090861,43.47830760947485],[-80.15387751030968,43.47375609890738],[-80.15273329042581,43.4730659088367],[-80.14670458856972,43.47033099827249],[-80.14446000070024,43.46906259335674],[-80.138210807209,43.4633879927795],[-80.1344712849405,43.46035230147617],[-80.13020300699988,43.45715938914612],[-80.1243661891339,43.45305390445961],[-80.11850569556829,43.455746210922165],[-80.11571098925727,43.45667908741063],[-80.1011499983369,43.460754866937414],[-80.09918919513458,43.46055710689378],[-80.07979120866288,43.446085695434846],[-80.0742447119437,43.44188099376445],[-80.0677138370111,43.44652553268481],[-80.05857559662364,43.453021392880856],[-80.05193161717854,43.457896388015364],[-80.04413982137092,43.463732128434906],[-80.04237013488887,43.46480973177295],[-80.03433919445142,43.47105600814491],[-80.03746500857834,43.473147035931646],[-80.03982869213507,43.47501720924105],[-80.06867152822868,43.495497213392184],[-80.07965128605217,43.50359461063513],[-80.09661368736259,43.515613404699245],[-80.10003221618196,43.513697792037064],[-80.1088519010212,43.50708580832668],[-80.11111059793109,43.50575270535529],[-80.11271438755539,43.50436050746841],[-80.12673140700751,43.49396050433094],[-80.13550780396407,43.48737300807698]]]},"properties":{"DAUID":"35230402","DGUID":"2021S051235230402","LANDAREA":38.3161,"PRUID":"35","CMA":"Guelph"}},
{"type":"Feature","geometry":{"type":"Polygon","coordinates":[[[-80.21578861133875,43.451385406820975],[-80.23246040400562,43.44854509258524],[-80.252646499914,43.445203106812414],[-80.2656244037861,43.4430180923482],[-80.29040949480388,43.43883659099369],[-80.28952857175146,43.43665574684311],[-80.28666340146277,43.42961321264934],[-80.2853941070577,43.42653730298396],[-80.28485240480893,43.42557301470273],[-80.28308795616317,43.42097459308351],[-80.28301255358717,43.42077563447613],[-80.26905589988013,43.42654890369648],[-80.25997089253966,43.4294059835119],[-80.25856540848994,43.42603530791104],[-80.25515971274234,43.42569810094025],[-80.23927481600509,43.42824789737179],[-80.23342000099777,43.4293182021279],[-80.23224809792691,43.426239893566226],[-80.22614971275661,43.411323500471916],[-80.24402179944603,43.408363605158],[-80.27586460852066,43.40301580707368],[-80.27278380010408,43.39545681151088],[-80.26957296971355,43.38734213145147],[-80.2669027198174,43.38738457537349],[-80.24761379924217,43.39056750775861],[-80.23308931135581,43.3928662033904],[-80.21825301482441,43.39532300529319],[-80.20467819885275,43.397518510192135],[-80.19465511766452,43.39911218973322],[-80.20119620646223,43.41537500343116],[-80.2085709965343,43.43334501130064],[-80.21578861133875,43.451385406820975]]]},"properties":{"DAUID":"35230403","DGUID":"2021S051235230403","LANDAREA":28.0572,"PRUID":"35","CMA":"Guelph"}},
{"type":"Feature","geometry":{"type":"Polygon","coordinates":[[[-80.28301255358717,43.42077563447613],[-80.28126199604819,43.416238390072955],[-80.28007541174748,43.4130313977736],[-80.28039031741238,43.41182829356398],[-80.27871338806419,43.4102457073875],[-80.27676298213181,43.405322005576615],[-80.27586460852066,43.40301580707368],[-80.24402179944603,43.408363605158],[-80.22614971275661,43.411323500471916],[-80.23224809792691,43.426239893566226],[-80.23342000099777,43.4293182021279],[-80.23927481600509,43.42824789737179],[-80.25515971274234,43.42569810094025],[-80.25856540848994,43.42603530791104],[-80.25997089253966,43.4294059835119],[-80.26905589988013,43.42654890369648],[-80.28301255358717,43.42077563447613]]]},"properties":{"DAUID":"35230404","DGUID":"2021S051235230404","LANDAREA":7.4104,"PRUID":"35","CMA":"Guelph"}},
{"type":"Feature","geometry":{"type":"Polygon","coordinates":[[[-80.25478671518808,43.50515612983851],[-80.2583188080783,43.50155549044171],[-80.26092030612058,43.499556170131264],[-80.27777687205294,43.48711632288946],[-80.28707395351502,43.480489258713824],[-80.30420603048157,43.46858529830802],[-80.30381755875655,43.46800876536722],[-80.3009254447194,43.46122377669208],[-80.29763353119333,43.45410165592232],[-80.29710132073201,43.453493044655495],[-80.2957312850747,43.45137419007266],[-80.29387649439107,43.44713360424385],[-80.29126369293111,43.44095978820952],[-80.29040949480388,43.43883659099369],[-80.2656244037861,43.4430180923482],[-80.26770220943423,43.44799279651109],[-80.27323290584616,43.46088629173681],[-80.24829729215404,43.46509220597299],[-80.25458080757252,43.48190829743218],[-80.25494959990137,43.48309028802395],[-80.2532391048147,43.48341229930789],[-80.25213920764615,43.48259142566302],[-80.24670227040963,43.48357900039065],[-80.24514868631042,43.484272329083915],[-80.24511948620557,43.48500679802886],[-80.24838780397528,43.4936994085139],[-80.24913060672095,43.49995870831848],[-80.24923059559195,43.500783797372996],[-80.25335982272192,43.50020620959868],[-80.25394569655393,43.50238198924544],[-80.25388364916236,43.50403822229886],[-80.25478671518808,43.50515612983851]]]},"properties":{"DAUID":"35230405","DGUID":"2021S051235230405","LANDAREA":16.875,"PRUID":"35","CMA":"Guelph"}},
{"type":"Feature","geometry":{"type":"Polygon","coordinates":[[[-80.24913060672095,43.49995870831848],[-80.24838780397528,43.4936994085139],[-80.24511948620557,43.48500679802886],[-80.24514868631042,43.484272329083915],[-80.24670227040963,43.48357900039065],[-80.25213920764615,43.48259142566302],[-80.2532391048147,43.48341229930789],[-80.25494959990137,43.48309028802395],[-80.25458080757252,43.48190829743218],[-80.24829729215404,43.46509220597299],[-80.27323290584616,43.46088629173681],[-80.26770220943423,43.44799279651109],[-80.2656244037861,43.4430180923482],[-80.252646499914,43.445203106812414],[-80.23246040400562,43.44854509258524],[-80.21578861133875,43.451385406820975],[-80.20154338536553,43.45379899752803],[-80.18854941323613,43.45592259920648],[-80.18065140142585,43.457276603891735],[-80.185705691679,43.46902348706661],[-80.18698319109515,43.47107480793418],[-80.18828238261065,43.47226600928931],[-80.20171540305651,43.482138487530975],[-80.20325390909557,43.4826066919189],[-80.21292449600082,43.48066570003878],[-80.22680448952951,43.47825720819687],[-80.23026798991792,43.487897208003965],[-80.23353671191403,43.49645210117183],[-80.23459198143723,43.49620233554453],[-80.24499511212865,43.49440805366758],[-80.24720691495881,43.5002103106792],[-80.24913060672095,43.49995870831848]]]},"properties":{"DAUID":"35230406","DGUID":"2021S051235230406","LANDAREA":22.6131,"PRUID":"35","CMA":"Guelph"}},
{"type":"Feature","geometry":{"type":"Polygon","coordinates":[[[-80.25204769662977,43.5178240984363],[-80.25502193554644,43.52102816878662],[-80.26120845655413,43.52537261194637],[-80.26264666806057,43.52357124346423],[-80.26312255219555,43.52241007112226],[-80.26432748234885,43.521598196278724],[-80.2674469774363,43.52048912156713],[-80.26746157488118,43.51942522084206],[-80.26850079313586,43.51910479547323],[-80.26821690619909,43.51796959655097],[-80.26917325547977,43.51687805167715],[-80.27171090810857,43.515757884414995],[-80.27304919379915,43.51230328114685],[-80.27491016815304,43.513203419110404],[-80.27556840698394,43.51269369140258],[-80.27814846815072,43.510872822561],[-80.2811188898956,43.5130709036659],[-80.28489781322386,43.515759907992745],[-80.28899932938184,43.518108218349084],[-80.29134523953998,43.5184485569383],[-80.29232210341162,43.51926013030801],[-80.30830070154065,43.50762899113725],[-80.32410461208988,43.49598190560168],[-80.32639790936754,43.494378413413386],[-80.31411740790547,43.48556749977973],[-80.31780090272093,43.483050891285075],[-80.3060262909854,43.47206619264758],[-80.30546060503549,43.47175370333705],[-80.30420603048157,43.46858529830802],[-80.28707395351502,43.480489258713824],[-80.27777687205294,43.48711632288946],[-80.26092030612058,43.499556170131264],[-80.2583188080783,43.50155549044171],[-80.25478671518808,43.50515612983851],[-80.25497705187561,43.506779602206606],[-80.25667314046615,43.508690585990024],[-80.2573149327313,43.50982710379807],[-80.25991033222066,43.51243548021372],[-80.25594419531025,43.514947706464255],[-80.25304628657335,43.517113997003875],[-80.25204769662977,43.5178240984363]]]},"properties":{"DAUID":"35230407","DGUID":"2021S051235230407","LANDAREA":17.4257,"PRUID":"35","CMA":"Guelph"}},
{"type":"Feature","geometry":{"type":"Polygon","coordinates":[[[-80.27556840698394,43.51269369140258],[-80.27620351483455,43.513382105328844],[-80.27711810330918,43.514495388211756],[-80.27869988468787,43.51361400214667],[-80.28023331400144,43.51367770537214],[-80.2811188898956,43.5130709036659],[-80.27814846815072,43.510872822561],[-80.27556840698394,43.51269369140258]]]},"properties":{"DAUID":"35230408","DGUID":"2021S051235230408","LANDAREA":0.0816,"PRUID":"35","CMA":"Guelph"}},
{"type":"Feature","geometry":{"type":"Polygon","coordinates":[[[-80.27620351483455,43.513382105328844],[-80.27283299357262,43.515881900019366],[-80.27436730008041,43.51690909476914],[-80.27449038920408,43.515928390978566],[-80.27545191492082,43.51518719881535],[-80.27671280662574,43.51528520768295],[-80.2777995178235,43.51649859331141],[-80.27657370419175,43.51760739361565],[-80.27741090879402,43.517954890289616],[-80.27850911060575,43.51716939835266],[-80.27923088581193,43.51681380657812],[-80.27989188869041,43.51637678920728],[-80.28095701146601,43.51524889911159],[-80.27869988468787,43.51361400214667],[-80.27711810330918,43.514495388211756],[-80.27620351483455,43.513382105328844]]]},"properties":{"DAUID":"35230409","DGUID":"2021S051235230409","LANDAREA":0.1439,"PRUID":"35","CMA":"Guelph"}},
{"type":"Feature","geometry":{"type":"Polygon","coordinates":[[[-80.27436730008041,43.51690909476914],[-80.27256629435574,43.51851840296677],[-80.27203300483082,43.519649592754675],[-80.27370400874703,43.52063270602441],[-80.2740145039212,43.521562102686936],[-80.27904608819071,43.51779409361758],[-80.27850911060575,43.51716939835266],[-80.27741090879402,43.517954890289616],[-80.27657370419175,43.51760739361565],[-80.2777995178235,43.51649859331141],[-80.27671280662574,43.51528520768295],[-80.27545191492082,43.51518719881535],[-80.27449038920408,43.515928390978566],[-80.27436730008041,43.51690909476914]]]},"properties":{"DAUID":"35230410","DGUID":"2021S051235230410","LANDAREA":0.1804,"PRUID":"35","CMA":"Guelph"}},
{"type":"Feature","geometry":{"type":"Polygon","coordinates":[[[-80.27850911060575,43.51716939835266],[-80.27904608819071,43.51779409361758],[-80.2740145039212,43.521562102686936],[-80.2734254995388,43.52218858839386],[-80.27436121316022,43.52258170413725],[-80.27612441247337,43.52103518936498],[-80.27760978520624,43.52202600929188],[-80.27899941192253,43.521710693950894],[-80.28027018246712,43.52202480920648],[-80.28045268819709,43.52124259079226],[-80.27884319730873,43.5202780012969],[-80.28052929553192,43.51896499703033],[-80.2803809986117,43.51791061248504],[-80.27923088581193,43.51681380657812],[-80.27850911060575,43.51716939835266]]]},"properties":{"DAUID":"35230411","DGUID":"2021S051235230411","LANDAREA":0.1326,"PRUID":"35","CMA":"Guelph"}},
{"type":"Feature","geometry":{"type":"Polygon","coordinates":[[[-80.28027018246712,43.52202480920648],[-80.28229280192105,43.522586805768036],[-80.2839395044342,43.52146260350355],[-80.28423318766686,43.5206901061911],[-80.28133931634547,43.519519398351804],[-80.28176921695498,43.51874769320379],[-80.2803809986117,43.51791061248504],[-80.28052929553192,43.51896499703033],[-80.27884319730873,43.5202780012969],[-80.28045268819709,43.52124259079226],[-80.28027018246712,43.52202480920648]]]},"properties":{"DAUID":"35230412","DGUID":"2021S051235230412","LANDAREA":0.1037,"PRUID":"35","CMA":"Guelph"}},
{"type":"Feature","geometry":{"type":"Polygon","coordinates":[[[-80.27436121316022,43.52258170413725],[-80.27609610890677,43.523403099036834],[-80.27841889933997,43.5247323983643],[-80.28021900113785,43.52529300596297],[-80.28306178479056,43.52557199975722],[-80.28424908442297,43.5245800084261],[-80.28475841012158,43.52336759293841],[-80.28229280192105,43.522586805768036],[-80.28027018246712,43.52202480920648],[-80.27899941192253,43.521710693950894],[-80.27760978520624,43.52202600929188],[-80.27612441247337,43.52103518936498],[-80.27436121316022,43.52258170413725]]]},"properties":{"DAUID":"35230413","DGUID":"2021S051235230413","LANDAREA":0.2249,"PRUID":"35","CMA":"Guelph"}},
{"type":"Feature","geometry":{"type":"Polygon","coordinates":[[[-80.28229280192105,43.522586805768036],[-80.28475841012158,43.52336759293841],[-80.28424908442297,43.5245800084261],[-80.28306178479056,43.52557199975722],[-80.28569431432324,43.525269300486784],[-80.28785631067974,43.525106697646],[-80.28958435281997,43.526461544739334],[-80.29494916950874,43.524391590611884],[-80.2975338031122,43.52339076358881],[-80.29232210341162,43.51926013030801],[-80.29014600496474,43.52084398964347],[-80.2890731893337,43.52164379401206],[-80.28176921695498,43.51874769320379],[-80.28133931634547,43.519519398351804],[-80.28423318766686,43.5206901061911],[-80.2839395044342,43.52146260350355],[-80.28229280192105,43.522586805768036]]]},"properties":{"DAUID":"35230414","DGUID":"2021S051235230414","LANDAREA":0.5158,"PRUID":"35","CMA":"Guelph"}},
{"type":"Feature","geometry":{"type":"Polygon","coordinates":[[[-80.27923088581193,43.51681380657812],[-80.2803809986117,43.51791061248504],[-80.28176921695498,43.51874769320379],[-80.2890731893337,43.52164379401206],[-80.29014600496474,43.52084398964347],[-80.2853484851535,43.517410505853405],[-80.28458871515426,43.51783789921419],[-80.28316051412773,43.51723469990046],[-80.28394988171435,43.51640230842343],[-80.28244089051431,43.5153122927612],[-80.28053098585858,43.51674099251962],[-80.27989188869041,43.51637678920728],[-80.27923088581193,43.51681380657812]]]},"properties":{"DAUID":"35230415","DGUID":"2021S051235230415","LANDAREA":0.2041,"PRUID":"35","CMA":"Guelph"}},
{"type":"Feature","geometry":{"type":"Polygon","coordinates":[[[-80.2811188898956,43.5130709036659],[-80.28023331400144,43.51367770537214],[-80.27869988468787,43.51361400214667],[-80.28095701146601,43.51524889911159],[-80.27989188869041,43.51637678920728],[-80.28053098585858,43.51674099251962],[-80.28244089051431,43.5153122927612],[-80.28394988171435,43.51640230842343],[-80.28316051412773,43.51723469990046],[-80.28458871515426,43.51783789921419],[-80.2853484851535,43.517410505853405],[-80.29014600496474,43.52084398964347],[-80.29232210341162,43.51926013030801],[-80.29134523953998,43.5184485569383],[-80.28899932938184,43.518108218349084],[-80.28489781322386,43.515759907992745],[-80.2811188898956,43.5130709036659]]]},"properties":{"DAUID":"35230416","DGUID":"2021S051235230416","LANDAREA":0.2232,"PRUID":"35","CMA":"Guelph"}},
{"type":"Feature","geometry":{"type":"Polygon","coordinates":[[[-80.31975128358836,43.542472207520866],[-80.33694020268784,43.5550077907604],[-80.33934839225607,43.55668750988315],[-80.36040401919453,43.572139990126985],[-80.36386700199415,43.5741187912791],[-80.36618609957159,43.5749324119843],[-80.36723768420438,43.56940601998166],[-80.36966395052248,43.55689905120035],[-80.36976509435121,43.55275311058776],[-80.3703657142898,43.55109610081932],[-80.37325530421337,43.53451299165999],[-80.37395268577392,43.53282299702481],[-80.3713576893691,43.53005338736611],[-80.3676572037289,43.526521393220015],[-80.36221479178643,43.52158389633387],[-80.35225008857928,43.51268570565921],[-80.3426645872186,43.50444609107054],[-80.34114601025726,43.5030417056895],[-80.32577960987065,43.48975919264911],[-80.31780090272093,43.483050891285075],[-80.31411740790547,43.48556749977973],[-80.32639790936754,43.494378413413386],[-80.32410461208988,43.49598190560168],[-80.30830070154065,43.50762899113725],[-80.29232210341162,43.51926013030801],[-80.2975338031122,43.52339076358881],[-80.30715877469902,43.51966274550112],[-80.3142815021576,43.524960025456345],[-80.32694355724918,43.53437290452199],[-80.31773198326493,43.54099959816628],[-80.31975128358836,43.542472207520866]]]},"properties":{"DAUID":"35230417","DGUID":"2021S051235230417","LANDAREA":27.3763,"PRUID":"35","CMA":"Guelph"}},
{"type":"Feature","geometry":{"type":"Polygon","coordinates":[[[-80.27890070172285,43.56862839344995],[-80.28008490702483,43.5708804078911],[-80.28447030399303,43.574941791545456],[-80.28630820492788,43.57661900266922],[-80.28407238358707,43.57820780214205],[-80.28769249869562,43.58105769511051],[-80.28923810180022,43.581283397051756],[-80.2874263884208,43.58261378867203],[-80.28783529434037,43.58365179194751],[-80.29138379550456,43.581035597954774],[-80.29423469379697,43.582971089257306],[-80.2991909990548,43.58602701086079],[-80.30998270580172,43.5782049957094],[-80.32166970755475,43.56981110950144],[-80.33934839225607,43.55668750988315],[-80.33694020268784,43.5550077907604],[-80.31975128358836,43.542472207520866],[-80.31598598727093,43.54515654874073],[-80.3109049887959,43.54842530586289],[-80.30813761197268,43.550046901291545],[-80.30554681148121,43.552507291727565],[-80.3014402917542,43.55520818662666],[-80.30345258752749,43.55666080449956],[-80.29868258011058,43.55991748815486],[-80.2943559307603,43.56327616141419],[-80.28875941827269,43.56236757487315],[-80.27960117000994,43.568715455808345],[-80.27890070172285,43.56862839344995]]]},"properties":{"DAUID":"35230418","DGUID":"2021S051235230418","LANDAREA":10.589,"PRUID":"35","CMA":"Guelph"}},
{"type":"Feature","geometry":{"type":"Polygon","coordinates":[[[-80.28447030399303,43.574941791545456],[-80.28084400083853,43.576818903456775],[-80.27833400265963,43.57957640282451],[-80.27854528500329,43.58055009727899],[-80.27983448633036,43.581503709905945],[-80.28095150441578,43.58339258968359],[-80.28222958825815,43.58424700232907],[-80.28335359234866,43.58347070126435],[-80.2863481034529,43.58477701164354],[-80.28783529434037,43.58365179194751],[-80.2874263884208,43.58261378867203],[-80.28923810180022,43.581283397051756],[-80.28769249869562,43.58105769511051],[-80.28407238358707,43.57820780214205],[-80.28630820492788,43.57661900266922],[-80.28447030399303,43.574941791545456]]]},"properties":{"DAUID":"35230419","DGUID":"2021S051235230419","LANDAREA":0.4975,"PRUID":"35","CMA":"Guelph"}},
{"type":"Feature","geometry":{"type":"Polygon","coordinates":[[[-80.24634749683246,43.57859659793166],[-80.24582521308537,43.58226580026869],[-80.24478901256825,43.585887696460986],[-80.24419251368666,43.58703629552473],[-80.23907189175193,43.593305202849166],[-80.23506199803015,43.596907096853364],[-80.23133240601834,43.60180730150719],[-80.2297485961065,43.603579396614506],[-80.22553271631763,43.6076837948019],[-80.23059496757226,43.61144849784826],[-80.23357511393823,43.61350971378429],[-80.25172649997309,43.626811912371],[-80.2578702929458,43.631191898450425],[-80.26061021437691,43.629138712518234],[-80.28364210538935,43.61240270804358],[-80.29562630892713,43.6038423077947],[-80.28523510849551,43.59613330151618],[-80.2752739933793,43.58893028999478],[-80.27715951079948,43.587681708632296],[-80.2797763972499,43.589489994191176],[-80.2863481034529,43.58477701164354],[-80.28335359234866,43.58347070126435],[-80.28222958825815,43.58424700232907],[-80.28095150441578,43.58339258968359],[-80.27983448633036,43.581503709905945],[-80.27854528500329,43.58055009727899],[-80.27833400265963,43.57957640282451],[-80.28084400083853,43.576818903456775],[-80.28447030399303,43.574941791545456],[-80.28008490702483,43.5708804078911],[-80.27890070172285,43.56862839344995],[-80.27847479071045,43.56739718680014],[-80.27618841535488,43.56892496716815],[-80.27659410030384,43.570758531942616],[-80.27359595528632,43.57308139592877],[-80.2746003028931,43.57357059099377],[-80.27552866219837,43.576902409582985],[-80.27419400080913,43.57807235708106],[-80.27432168218496,43.582390652261424],[-80.27542293793908,43.583161257671534],[-80.27527055822263,43.58589478945995],[-80.27394692474472,43.587980067882285],[-80.27336203664903,43.59008758657564],[-80.26933495642919,43.59374919614198],[-80.26751518232403,43.59424758085623],[-80.25556832279423,43.58507320405704],[-80.25261369873921,43.58296041237203],[-80.24634749683246,43.57859659793166]]]},"properties":{"DAUID":"35230420","DGUID":"2021S051235230420","LANDAREA":15.3855,"PRUID":"35","CMA":"Guelph"}},
{"type":"Feature","geometry":{"type":"Polygon","coordinates":[[[-80.28783529434037,43.58365179194751],[-80.2863481034529,43.58477701164354],[-80.2797763972499,43.589489994191176],[-80.27715951079948,43.587681708632296],[-80.2752739933793,43.58893028999478],[-80.28523510849551,43.59613330151618],[-80.29562630892713,43.6038423077947],[-80.28364210538935,43.61240270804358],[-80.26061021437691,43.629138712518234],[-80.2578702929458,43.631191898450425],[-80.27023410686846,43.64001441351118],[-80.27889841322843,43.64639920599386],[-80.28148140616466,43.64815329071083],[-80.2908019924617,43.654820397288645],[-80.29224858932011,43.65624299673207],[-80.29656078898665,43.65547728787177],[-80.30329800897795,43.65089951187521],[-80.31798831605644,43.64030930271391],[-80.32918590444599,43.632316899742904],[-80.33467021127481,43.62849521139013],[-80.34607859878678,43.620088193484754],[-80.34855101587839,43.618382605373256],[-80.32979040731293,43.60468690962512],[-80.31018428159085,43.619111908381484],[-80.30772639011593,43.616215787493594],[-80.30683911719403,43.61469769797172],[-80.30631948769334,43.61247048827912],[-80.30665430807996,43.60813261238706],[-80.3073421066061,43.60218511152718],[-80.3073255073855,43.59823219072894],[-80.3061325030786,43.59100358801581],[-80.30534010378713,43.58989129331977],[-80.30243960434238,43.58789270333599],[-80.2991909990548,43.58602701086079],[-80.29423469379697,43.582971089257306],[-80.29138379550456,43.581035597954774],[-80.28783529434037,43.58365179194751]]]},"properties":{"DAUID":"35230421","DGUID":"2021S051235230421","LANDAREA":25.6848,"PRUID":"35","CMA":"Guelph"}},
{"type":"Feature","geometry":{"type":"Polygon","coordinates":[[[-80.28671261280614,43.667139505457655],[-80.2813503045311,43.66330618843879],[-80.28537379965128,43.65974780094043],[-80.28801190665769,43.658998994317194],[-80.29070479285848,43.65675569336822],[-80.29224858932011,43.65624299673207],[-80.2908019924617,43.654820397288645],[-80.28148140616466,43.64815329071083],[-80.27889841322843,43.64639920599386],[-80.27023410686846,43.64001441351118],[-80.2578702929458,43.631191898450425],[-80.25172649997309,43.626811912371],[-80.23357511393823,43.61350971378429],[-80.23059496757226,43.61144849784826],[-80.22553271631763,43.6076837948019],[-80.2203843938192,43.613888709580436],[-80.2144660137484,43.6191965906257],[-80.21360699703953,43.62044219530838],[-80.21316240249932,43.622222003935406],[-80.213282588197,43.62535619020985],[-80.21274188032534,43.62690120941427],[-80.21148441256406,43.628270200126885],[-80.20845780378386,43.63032019165321],[-80.19903530860793,43.636962513056034],[-80.19664309792743,43.63878260443264],[-80.21921349645916,43.65457001061242],[-80.24918089249545,43.67594809440182],[-80.26601799137077,43.68792469233449],[-80.27070901113846,43.683758896969486],[-80.27148059392921,43.68253930734759],[-80.28363170078252,43.6717123037599],[-80.28559600059496,43.66820399203127],[-80.28671261280614,43.667139505457655]]]},"properties":{"DAUID":"35230422","DGUID":"2021S051235230422","LANDAREA":30.8178,"PRUID":"35","CMA":"Guelph"}},
{"type":"Feature","geometry":{"type":"Polygon","coordinates":[[[-80.34855101587839,43.618382605373256],[-80.35526530733037,43.6233098995976],[-80.36664440323818,43.61497270198754],[-80.37752301042183,43.60679369018154],[-80.36173549075654,43.59517230761153],[-80.36062799695009,43.59446379385607],[-80.35375701073609,43.58938290345351],[-80.3518751863757,43.588129707394444],[-80.34098190999948,43.59650419540369],[-80.32979040731293,43.60468690962512],[-80.34855101587839,43.618382605373256]]]},"properties":{"DAUID":"35230424","DGUID":"2021S051235230424","LANDAREA":7.4991,"PRUID":"35","CMA":"Guelph"}},
{"type":"Feature","geometry":{"type":"Polygon","coordinates":[[[-80.33934839225607,43.55668750988315],[-80.32166970755475,43.56981110950144],[-80.30998270580172,43.5782049957094],[-80.2991909990548,43.58602701086079],[-80.30243960434238,43.58789270333599],[-80.30534010378713,43.58989129331977],[-80.3061325030786,43.59100358801581],[-80.3073255073855,43.59823219072894],[-80.3073421066061,43.60218511152718],[-80.30665430807996,43.60813261238706],[-80.30631948769334,43.61247048827912],[-80.30683911719403,43.61469769797172],[-80.30772639011593,43.616215787493594],[-80.31018428159085,43.619111908381484],[-80.32979040731293,43.60468690962512],[-80.34098190999948,43.59650419540369],[-80.3518751863757,43.588129707394444],[-80.36297561115437,43.57978219237296],[-80.36572408684026,43.577528389237],[-80.36618609957159,43.5749324119843],[-80.36386700199415,43.5741187912791],[-80.36040401919453,43.572139990126985],[-80.33934839225607,43.55668750988315]]]},"properties":{"DAUID":"35230425","DGUID":"2021S051235230425","LANDAREA":17.2273,"PRUID":"35","CMA":"Guelph"}},
{"type":"Feature","geometry":{"type":"Polygon","coordinates":[[[-80.36618609957159,43.5749324119843],[-80.36572408684026,43.577528389237],[-80.36297561115437,43.57978219237296],[-80.3518751863757,43.588129707394444],[-80.35375701073609,43.58938290345351],[-80.36062799695009,43.59446379385607],[-80.36173549075654,43.59517230761153],[-80.37752301042183,43.60679369018154],[-80.38186980450364,43.60341370476401],[-80.38861041922395,43.598506692217164],[-80.40974924946316,43.58319224149893],[-80.40536639232927,43.58001578388154],[-80.4038141573509,43.58027861266257],[-80.39825851124782,43.57488069591075],[-80.39766090963509,43.5741102949547],[-80.38301450081941,43.56359640374082],[-80.36773950949707,43.568983309994735],[-80.36723768420438,43.56940601998166],[-80.36618609957159,43.5749324119843]]]},"properties":{"DAUID":"35230426","DGUID":"2021S051235230426","LANDAREA":11.5078,"PRUID":"35","CMA":"Guelph"}},
{"type":"Feature","geometry":{"type":"Polygon","coordinates":[[[-80.27283299357262,43.515881900019366],[-80.26850079313586,43.51910479547323],[-80.26849511109488,43.52059950733826],[-80.27066788555439,43.52100948943002],[-80.2734254995388,43.52218858839386],[-80.2740145039212,43.521562102686936],[-80.27370400874703,43.52063270602441],[-80.27203300483082,43.519649592754675],[-80.27256629435574,43.51851840296677],[-80.27436730008041,43.51690909476914],[-80.27283299357262,43.515881900019366]]]},"properties":{"DAUID":"35230434","DGUID":"2021S051235230434","LANDAREA":0.163,"PRUID":"35","CMA":"Guelph"}},
{"type":"Feature","geometry":{"type":"Polygon","coordinates":[[[-80.26850079313586,43.51910479547323],[-80.27283299357262,43.515881900019366],[-80.27620351483455,43.513382105328844],[-80.27556840698394,43.51269369140258],[-80.27491016815304,43.513203419110404],[-80.27304919379915,43.51230328114685],[-80.27171090810857,43.515757884414995],[-80.26917325547977,43.51687805167715],[-80.26821690619909,43.51796959655097],[-80.26850079313586,43.51910479547323]]]},"properties":{"DAUID":"35230435","DGUID":"2021S051235230435","LANDAREA":0.1137,"PRUID":"35","CMA":"Guelph"}},
{"type":"Feature","geometry":{"type":"Polygon","coordinates":[[[-80.23735490771017,43.56837929090342],[-80.23639221428077,43.56714830340253],[-80.23393738752085,43.56640250273542],[-80.23217618477524,43.56759730868779],[-80.23392099054588,43.56867149273952],[-80.23590498453774,43.569441091956485],[-80.23735490771017,43.56837929090342]]]},"properties":{"DAUID":"35230436","DGUID":"2021S051235230436","LANDAREA":0.0798,"PRUID":"35","CMA":"Guelph"}},
{"type":"Feature","geometry":{"type":"Polygon","coordinates":[[[-80.23590498453774,43.569441091956485],[-80.23392099054588,43.56867149273952],[-80.23217618477524,43.56759730868779],[-80.23099641102084,43.56884090884122],[-80.23300669558321,43.56948471144165],[-80.23445509661616,43.57050288819686],[-80.23590498453774,43.569441091956485]]]},"properties":{"DAUID":"35230437","DGUID":"2021S051235230437","LANDAREA":0.0506,"PRUID":"35","CMA":"Guelph"}},
{"type":"Feature","geometry":{"type":"Polygon","coordinates":[[[-80.30498089255101,43.53172218921428],[-80.3142815021576,43.524960025456345],[-80.30715877469902,43.51966274550112],[-80.2975338031122,43.52339076358881],[-80.29494916950874,43.524391590611884],[-80.29825998608828,43.526509992321266],[-80.3002400056644,43.527650010594485],[-80.30283001804108,43.52950999322986],[-80.30359129449077,43.53036900385737],[-80.30498089255101,43.53172218921428]]]},"properties":{"DAUID":"35230482","DGUID":"2021S051235230482","LANDAREA":1.0217,"PRUID":"35","CMA":"Guelph"}},
{"type":"Feature","geometry":{"type":"Polygon","coordinates":[[[-80.30359129449077,43.53036900385737],[-80.30283001804108,43.52950999322986],[-80.3002400056644,43.527650010594485],[-80.29825998608828,43.526509992321266],[-80.29646508451162,43.52756419503214],[-80.29789139631043,43.529427804600076],[-80.2997582082288,43.5306547926263],[-80.30157341336766,43.53100810167089],[-80.30359129449077,43.53036900385737]]]},"properties":{"DAUID":"35230483","DGUID":"2021S051235230483","LANDAREA":0.1408,"PRUID":"35","CMA":"Guelph"}},
{"type":"Feature","geometry":{"type":"Polygon","coordinates":[[[-80.28940489029738,43.52811478915145],[-80.29064520369514,43.52787941290074],[-80.29183660125418,43.52864311109869],[-80.29309410419532,43.52799361151852],[-80.29646508451162,43.52756419503214],[-80.29825998608828,43.526509992321266],[-80.29494916950874,43.524391590611884],[-80.28958435281997,43.526461544739334],[-80.28940489029738,43.52811478915145]]]},"properties":{"DAUID":"35230484","DGUID":"2021S051235230484","LANDAREA":0.1349,"PRUID":"35","CMA":"Guelph"}},
{"type":"Feature","geometry":{"type":"Polygon","coordinates":[[[-80.27509129941292,43.52774579247598],[-80.2765151995789,43.528709309749786],[-80.27701108574567,43.52967579411205],[-80.278237719346,43.52955749235098],[-80.27969361388178,43.528882390233896],[-80.27840750269525,43.527766810032425],[-80.27753559064305,43.52823851113452],[-80.27617008796531,43.52756351046364],[-80.27631619234548,43.52672709143501],[-80.27443529132668,43.52672419741121],[-80.27509129941292,43.52774579247598]]]},"properties":{"DAUID":"35230485","DGUID":"2021S051235230485","LANDAREA":0.0571,"PRUID":"35","CMA":"Guelph"}},
{"type":"Feature","geometry":{"type":"Polygon","coordinates":[[[-80.27491144103502,43.532033887958626],[-80.2752557876631,43.53145170485909],[-80.278237719346,43.52955749235098],[-80.27701108574567,43.52967579411205],[-80.2765151995789,43.528709309749786],[-80.27509129941292,43.52774579247598],[-80.27304040214067,43.52848909138354],[-80.27222979975629,43.52797970649122],[-80.27134481658192,43.52850530296266],[-80.26858421418206,43.5291748531087],[-80.27341043158698,43.532535534031574],[-80.27491144103502,43.532033887958626]]]},"properties":{"DAUID":"35230486","DGUID":"2021S051235230486","LANDAREA":0.208,"PRUID":"35","CMA":"Guelph"}},
{"type":"Feature","geometry":{"type":"Polygon","coordinates":[[[-80.27379691242639,43.52526140787595],[-80.26970329012556,43.52403779618118],[-80.26891431913869,43.52584258994437],[-80.27009008601893,43.52788508751165],[-80.27154411202572,43.52737209481004],[-80.27266950689626,43.52640678873328],[-80.27397348196307,43.52601890241137],[-80.27379691242639,43.52526140787595]]]},"properties":{"DAUID":"35230487","DGUID":"2021S051235230487","LANDAREA":0.1027,"PRUID":"35","CMA":"Guelph"}},
{"type":"Feature","geometry":{"type":"Polygon","coordinates":[[[-80.26422205569598,43.527111535324906],[-80.26714569052169,43.52816890682594],[-80.26858421418206,43.5291748531087],[-80.27134481658192,43.52850530296266],[-80.27222979975629,43.52797970649122],[-80.27154411202572,43.52737209481004],[-80.27009008601893,43.52788508751165],[-80.26891431913869,43.52584258994437],[-80.26970329012556,43.52403779618118],[-80.27379691242639,43.52526140787595],[-80.27326781241308,43.523979505090054],[-80.26996191423336,43.52312100618027],[-80.27047840106181,43.522358888131826],[-80.27447378805188,43.52350989839376],[-80.27609610890677,43.523403099036834],[-80.27436121316022,43.52258170413725],[-80.2734254995388,43.52218858839386],[-80.27066788555439,43.52100948943002],[-80.26849511109488,43.52059950733826],[-80.26850079313586,43.51910479547323],[-80.26746157488118,43.51942522084206],[-80.2674469774363,43.52048912156713],[-80.26432748234885,43.521598196278724],[-80.26312255219555,43.52241007112226],[-80.26264666806057,43.52357124346423],[-80.26120845655413,43.52537261194637],[-80.25502193554644,43.52102816878662],[-80.25204769662977,43.5178240984363],[-80.25072310289129,43.51876600560599],[-80.25000470533351,43.51927949129302],[-80.25265300406525,43.52127089093423],[-80.25528160995717,43.524528198711074],[-80.25749541189005,43.52601241260726],[-80.2606999128487,43.5267896310937],[-80.26422205569598,43.527111535324906]]]},"properties":{"DAUID":"35230488","DGUID":"2021S051235230488","LANDAREA":0.8293,"PRUID":"35","CMA":"Guelph"}},
{"type":"Feature","geometry":{"type":"Polygon","coordinates":[[[-80.26763571266837,43.5721879057738],[-80.26921739684735,43.573494697070046],[-80.26974609252919,43.574839706015844],[-80.26945231106347,43.57557610788965],[-80.26564169949457,43.5783069914175],[-80.26355340154049,43.57689789454795],[-80.26238551485231,43.57821400627785],[-80.2609446952391,43.57854679290109],[-80.27394692474472,43.587980067882285],[-80.27527055822263,43.58589478945995],[-80.27542293793908,43.583161257671534],[-80.27432168218496,43.582390652261424],[-80.27419400080913,43.57807235708106],[-80.27552866219837,43.576902409582985],[-80.2746003028931,43.57357059099377],[-80.27359595528632,43.57308139592877],[-80.272061360696,43.57145089773131],[-80.27179198042916,43.56920966103966],[-80.26763571266837,43.5721879057738]]]},"properties":{"DAUID":"35230489","DGUID":"2021S051235230489","LANDAREA":1.0388,"PRUID":"35","CMA":"Guelph"}},
{"type":"Feature","geometry":{"type":"Polygon","coordinates":[[[-80.26215109619625,43.57611450537838],[-80.26355340154049,43.57689789454795],[-80.26564169949457,43.5783069914175],[-80.26945231106347,43.57557610788965],[-80.26974609252919,43.574839706015844],[-80.26921739684735,43.573494697070046],[-80.26763571266837,43.5721879057738],[-80.26215109619625,43.57611450537838]]]},"properties":{"DAUID":"35230490","DGUID":"2021S051235230490","LANDAREA":0.214,"PRUID":"35","CMA":"Guelph"}},
{"type":"Feature","geometry":{"type":"Polygon","coordinates":[[[-80.28958435281997,43.526461544739334],[-80.28785631067974,43.525106697646],[-80.28569431432324,43.525269300486784],[-80.28471690828536,43.52687899673838],[-80.27969361388178,43.528882390233896],[-80.278237719346,43.52955749235098],[-80.2752557876631,43.53145170485909],[-80.27491144103502,43.532033887958626],[-80.28958435281997,43.526461544739334]]]},"properties":{"DAUID":"35230491","DGUID":"2021S051235230491","LANDAREA":0.1786,"PRUID":"35","CMA":"Guelph"}},
{"type":"Feature","geometry":{"type":"Polygon","coordinates":[[[-80.28021900113785,43.52529300596297],[-80.2787157893012,43.52682330688389],[-80.27654998988976,43.5258010882683],[-80.27397348196307,43.52601890241137],[-80.27443529132668,43.52672419741121],[-80.27631619234548,43.52672709143501],[-80.27617008796531,43.52756351046364],[-80.27753559064305,43.52823851113452],[-80.27840750269525,43.527766810032425],[-80.27969361388178,43.528882390233896],[-80.28471690828536,43.52687899673838],[-80.28569431432324,43.525269300486784],[-80.28306178479056,43.52557199975722],[-80.28021900113785,43.52529300596297]]]},"properties":{"DAUID":"35230492","DGUID":"2021S051235230492","LANDAREA":0.1903,"PRUID":"35","CMA":"Guelph"}},
{"type":"Feature","geometry":{"type":"Polygon","coordinates":[[[-80.27443529132668,43.52672419741121],[-80.27397348196307,43.52601890241137],[-80.27266950689626,43.52640678873328],[-80.27154411202572,43.52737209481004],[-80.27222979975629,43.52797970649122],[-80.27304040214067,43.52848909138354],[-80.27509129941292,43.52774579247598],[-80.27443529132668,43.52672419741121]]]},"properties":{"DAUID":"35230493","DGUID":"2021S051235230493","LANDAREA":0.0455,"PRUID":"35","CMA":"Guelph"}},
{"type":"Feature","geometry":{"type":"Polygon","coordinates":[[[-80.27609610890677,43.523403099036834],[-80.27447378805188,43.52350989839376],[-80.27047840106181,43.522358888131826],[-80.26996191423336,43.52312100618027],[-80.27326781241308,43.523979505090054],[-80.27379691242639,43.52526140787595],[-80.27397348196307,43.52601890241137],[-80.27654998988976,43.5258010882683],[-80.2787157893012,43.52682330688389],[-80.28021900113785,43.52529300596297],[-80.27841889933997,43.5247323983643],[-80.27609610890677,43.523403099036834]]]},"properties":{"DAUID":"35230494","DGUID":"2021S051235230494","LANDAREA":0.1373,"PRUID":"35","CMA":"Guelph"}},
{"type":"Feature","geometry":{"type":"Polygon","coordinates":[[[-80.24022839383827,43.49932719861444],[-80.24033390014593,43.49782419200363],[-80.23974280035013,43.495641194307716],[-80.2350315844489,43.496528197254534],[-80.23613729164,43.49810228655227],[-80.2354488095304,43.49875508864765],[-80.23767379873145,43.500055601836095],[-80.23889169990397,43.49939929816823],[-80.24022839383827,43.49932719861444]]]},"properties":{"DAUID":"35230495","DGUID":"2021S051235230495","LANDAREA":0.1432,"PRUID":"35","CMA":"Guelph"}},
{"type":"Feature","geometry":{"type":"Polygon","coordinates":[[[-80.23862858852554,43.50458400922948],[-80.23930000109652,43.50332790735931],[-80.23870759242628,43.50125300566907],[-80.23767379873145,43.500055601836095],[-80.2354488095304,43.49875508864765],[-80.234223411473,43.49783740754096],[-80.23353671191403,43.49645210117183],[-80.23026798991792,43.487897208003965],[-80.22680448952951,43.47825720819687],[-80.21292449600082,43.48066570003878],[-80.20325390909557,43.4826066919189],[-80.20171540305651,43.482138487530975],[-80.20166987034713,43.482399506113595],[-80.21283700325036,43.49051869746124],[-80.23094137121967,43.50372452066101],[-80.23452741358854,43.506332690677056],[-80.23699860748535,43.50533851237855],[-80.23862858852554,43.50458400922948]],[[-80.22916620032895,43.49770439533714],[-80.23035551258319,43.500476713093015],[-80.23022991575822,43.50160140297439],[-80.2274717168649,43.499646889728155],[-80.2260582135774,43.49797149397427],[-80.22916620032895,43.49770439533714]]]},"properties":{"DAUID":"35230496","DGUID":"2021S051235230496","LANDAREA":3.6728,"PRUID":"35","CMA":"Guelph"}},
{"type":"Feature","geometry":{"type":"Polygon","coordinates":[[[-80.22916620032895,43.49770439533714],[-80.2260582135774,43.49797149397427],[-80.2274717168649,43.499646889728155],[-80.23022991575822,43.50160140297439],[-80.23035551258319,43.500476713093015],[-80.22916620032895,43.49770439533714]]]},"properties":{"DAUID":"35230497","DGUID":"2021S051235230497","LANDAREA":0.0837,"PRUID":"35","CMA":"Guelph"}},
{"type":"Feature","geometry":{"type":"Polygon","coordinates":[[[-80.22102972277523,43.50678431425739],[-80.22044713186703,43.506559481301565],[-80.21612378541825,43.509418775268664],[-80.21397599700107,43.51114340433187],[-80.21819339848695,43.512207808721726],[-80.21651899746392,43.513483888045336],[-80.21794131201145,43.51448410278739],[-80.21602679896222,43.5161457965519],[-80.21677451499754,43.51669119830526],[-80.21690941296768,43.516782109715685],[-80.22063579301637,43.5139869020725],[-80.22373539759523,43.51168510082164],[-80.22119195934782,43.507760301463186],[-80.22102972277523,43.50678431425739]]]},"properties":{"DAUID":"35230498","DGUID":"2021S051235230498","LANDAREA":0.3859,"PRUID":"35","CMA":"Guelph"}},
{"type":"Feature","geometry":{"type":"Polygon","coordinates":[[[-80.20725671344638,43.51314989258742],[-80.20971801662948,43.511312099782955],[-80.21097408365549,43.51080749844999],[-80.21275409676495,43.5109188877711],[-80.21397599700107,43.51114340433187],[-80.21612378541825,43.509418775268664],[-80.22044713186703,43.506559481301565],[-80.21765996494435,43.5056130157174],[-80.21498934896128,43.505504654493784],[-80.21322411765334,43.50616783711193],[-80.21269442836387,43.506947577388566],[-80.2091156640888,43.50740476471265],[-80.20814214182434,43.5078795918545],[-80.20512826246052,43.51035284433647],[-80.20370709187932,43.51211680486205],[-80.20353448508051,43.51282916175653],[-80.19938039186223,43.513725402160574],[-80.2030079094122,43.516361909554945],[-80.20725671344638,43.51314989258742]]]},"properties":{"DAUID":"35230499","DGUID":"2021S051235230499","LANDAREA":0.6381,"PRUID":"35","CMA":"Guelph"}},
{"type":"Feature","geometry":{"type":"Polygon","coordinates":[[[-80.19938039186223,43.513725402160574],[-80.20353448508051,43.51282916175653],[-80.20370709187932,43.51211680486205],[-80.20512826246052,43.51035284433647],[-80.20814214182434,43.5078795918545],[-80.2091156640888,43.50740476471265],[-80.2019230703023,43.49986049431671],[-80.19958300638926,43.499939780500334],[-80.19912999660815,43.50132999042921],[-80.19618001249988,43.50359999606128],[-80.19395660279058,43.50479111039406],[-80.19551430686975,43.50859279678209],[-80.19703029733067,43.511817995384185],[-80.19938039186223,43.513725402160574]]]},"properties":{"DAUID":"35230500","DGUID":"2021S051235230500","LANDAREA":1.0879,"PRUID":"35","CMA":"Guelph"}},
{"type":"Feature","geometry":{"type":"Polygon","coordinates":[[[-80.23094137121967,43.50372452066101],[-80.21283700325036,43.49051869746124],[-80.20780231314801,43.494136700904704],[-80.2059942915283,43.49430430010339],[-80.20111348128843,43.49301871015937],[-80.19937150048085,43.49287151120709],[-80.19845138391112,43.49324320066221],[-80.19594001445283,43.49516150959236],[-80.19683478623035,43.49577098680581],[-80.19912301314893,43.49764201167009],[-80.19944878956152,43.49919300620289],[-80.19958300638926,43.499939780500334],[-80.2019230703023,43.49986049431671],[-80.2091156640888,43.50740476471265],[-80.21269442836387,43.506947577388566],[-80.21322411765334,43.50616783711193],[-80.21498934896128,43.505504654493784],[-80.21765996494435,43.5056130157174],[-80.22044713186703,43.506559481301565],[-80.22102972277523,43.50678431425739],[-80.22190075866379,43.50651359474615],[-80.22420243708463,43.504530288549034],[-80.22591545638902,43.50407370889102],[-80.2281563498748,43.50392680388149],[-80.22874436547336,43.50441515092741],[-80.23094137121967,43.50372452066101]]]},"properties":{"DAUID":"35230501","DGUID":"2021S051235230501","LANDAREA":2.6877,"PRUID":"35","CMA":"Guelph"}},
{"type":"Feature","geometry":{"type":"Polygon","coordinates":[[[-80.19958300638926,43.499939780500334],[-80.1966736613348,43.50010588229899],[-80.19508608187701,43.50109683264452],[-80.19310904888792,43.50131382706916],[-80.19618001249988,43.50359999606128],[-80.19912999660815,43.50132999042921],[-80.19958300638926,43.499939780500334]]]},"properties":{"DAUID":"35230502","DGUID":"2021S051235230502","LANDAREA":0.1093,"PRUID":"35","CMA":"Guelph"}},
{"type":"Feature","geometry":{"type":"Polygon","coordinates":[[[-80.19944878956152,43.49919300620289],[-80.19662480818096,43.4994793069687],[-80.19436071130085,43.49766249367761],[-80.19683478623035,43.49577098680581],[-80.19594001445283,43.49516150959236],[-80.19098940171666,43.49884080778507],[-80.1922799835574,43.49971879598323],[-80.19310904888792,43.50131382706916],[-80.19508608187701,43.50109683264452],[-80.1966736613348,43.50010588229899],[-80.19958300638926,43.499939780500334],[-80.19944878956152,43.49919300620289]]]},"properties":{"DAUID":"35230503","DGUID":"2021S051235230503","LANDAREA":0.1675,"PRUID":"35","CMA":"Guelph"}},
{"type":"Feature","geometry":{"type":"Polygon","coordinates":[[[-80.19683478623035,43.49577098680581],[-80.19436071130085,43.49766249367761],[-80.19662480818096,43.4994793069687],[-80.19944878956152,43.49919300620289],[-80.19912301314893,43.49764201167009],[-80.19683478623035,43.49577098680581]]]},"properties":{"DAUID":"35230504","DGUID":"2021S051235230504","LANDAREA":0.1024,"PRUID":"35","CMA":"Guelph"}},
{"type":"Feature","geometry":{"type":"Polygon","coordinates":[[[-80.19395660279058,43.50479111039406],[-80.19618001249988,43.50359999606128],[-80.19310904888792,43.50131382706916],[-80.1922799835574,43.49971879598323],[-80.19098940171666,43.49884080778507],[-80.19594001445283,43.49516150959236],[-80.19845138391112,43.49324320066221],[-80.19937150048085,43.49287151120709],[-80.20111348128843,43.49301871015937],[-80.2059942915283,43.49430430010339],[-80.20780231314801,43.494136700904704],[-80.21283700325036,43.49051869746124],[-80.20166987034713,43.482399506113595],[-80.201564404568,43.48300420778017],[-80.18913031429705,43.473821501537834],[-80.18504091235006,43.476949692139975],[-80.1711134942304,43.48724951080515],[-80.17132241003875,43.48735009194608],[-80.18900630005803,43.50033500580679],[-80.192190903131,43.50268959917548],[-80.19395660279058,43.50479111039406]]]},"properties":{"DAUID":"35230505","DGUID":"2021S051235230505","LANDAREA":4.8658,"PRUID":"35","CMA":"Guelph"}}
]}