{"type":"FeatureCollection", "features": [
{"type":"Feature","geometry":{"type":"Polygon","coordinates":[[[-96.49542074367139,50.6800958327611],[-96.51288725903719,50.6830965326513],[-96.52552027670366,50.690813148322455],[-96.51625015057539,50.721269534112636],[-96.53605547357873,50.7242984237396],[-96.54466546497625,50.7414708386334],[-96.51831993897618,50.75957653656922],[-96.51631006525673,50.77637153967415],[-96.52557153865823,50.78043612866233],[-96.56263774127429,50.76360573742095],[-96.57347843236991,50.750298309765235],[-96.55062785862171,50.74102962960963],[-96.54063055979762,50.72768878339917],[-96.54453606954321,50.72118534585862],[-96.56779846544573,50.70647244350624],[-96.5616254662355,50.699048831438674],[-96.54858095896131,50.69526723121365],[-96.54469916656384,50.68662262467864],[-96.52969227663529,50.6803473767718],[-96.50702711899729,50.680407696332544],[-96.49542074367139,50.6800958327611]]]},"properties":{"DAUID":"46010069","DGUID":"2021S051246010069","LANDAREA":20.6467,"PRUID":"46","Province":"MB"}},
{"type":"Feature","geometry":{"type":"Polygon","coordinates":[[[-96.52969227663529,50.6803473767718],[-96.545135529191,50.68029044206873],[-96.54806592150533,50.68030684662342],[-96.56518967435049,50.67097933685681],[-96.58443625674855,50.67571544038676],[-96.58734104723382,50.66848103508251],[-96.60315475568785,50.661719749515825],[-96.60228716466318,50.65375073092032],[-96.59291095867557,50.62903804727779],[-96.59120438344148,50.606661942960294],[-96.52995198955064,50.606689889959426],[-96.52569214530627,50.61766457709452],[-96.51579463984746,50.62115042850644],[-96.50699302046283,50.636330109513835],[-96.50702711899729,50.680407696332544],[-96.52969227663529,50.6803473767718]]]},"properties":{"DAUID":"46010070","DGUID":"2021S051246010070","LANDAREA":45.7991,"PRUID":"46","Province":"MB"}},
{"type":"Feature","geometry":{"type":"Polygon","coordinates":[[[-96.545135529191,50.68029044206873],[-96.54553315393238,50.683123343461844],[-96.54806592150533,50.68030684662342],[-96.545135529191,50.68029044206873]]]},"properties":{"DAUID":"46010071","DGUID":"2021S051246010071","LANDAREA":0.0628,"PRUID":"46","Province":"MB"}},
{"type":"Feature","geometry":{"type":"Polygon","coordinates":[[[-96.50702711899729,50.680407696332544],[-96.50699302046283,50.636330109513835],[-96.51579463984746,50.62115042850644],[-96.52569214530627,50.61766457709452],[-96.52995198955064,50.606689889959426],[-96.59120438344148,50.606661942960294],[-96.57906264537922,50.586997736124154],[-96.58272149575981,50.5822457893866],[-96.58303299767947,50.547818194116715],[-96.58302338031224,50.53310259115799],[-96.53727278640037,50.53306091152935],[-96.53758609444724,50.416013611932414],[-96.52736108066809,50.41593609730524],[-96.44542291574028,50.41527010353577],[-96.44526489731504,50.326331706048876],[-96.35315818449195,50.32683388843228],[-96.35398822835226,50.3637346985204],[-96.35329021492821,50.41516128828734],[-96.35380251097502,50.45289858715685],[-96.35366802408545,50.591710784280764],[-96.34723147814609,50.59677078091881],[-96.37524648369529,50.59696054186657],[-96.3743740084526,50.61830689326828],[-96.37488447189288,50.620069299589424],[-96.38938364754512,50.6212079276725],[-96.41134654113152,50.63167362589066],[-96.42876015292788,50.63599914209271],[-96.46029376569766,50.64687324025024],[-96.47402236202977,50.65519514394803],[-96.47728616153283,50.666896029102354],[-96.49542074367139,50.6800958327611],[-96.50702711899729,50.680407696332544]]]},"properties":{"DAUID":"46010072","DGUID":"2021S051246010072","LANDAREA":407.7836,"PRUID":"46","Province":"MB"}},
{"type":"Feature","geometry":{"type":"Polygon","coordinates":[[[-96.35329021492821,50.41516128828734],[-96.21525287158907,50.41473446489589],[-96.09841420287104,50.415028312161425],[-96.07525426830934,50.41508604578136],[-96.07534625101655,50.397126214792145],[-96.01425859493378,50.396959309255195],[-96.00017373415172,50.39676286400445],[-95.98177935738948,50.432579038301434],[-95.9933386628221,50.43701951697178],[-96.00136000498031,50.45092820194165],[-96.00422065501685,50.46411123898725],[-96.0202138779055,50.4688122875712],[-96.03751361961638,50.46269437646147],[-96.06925627756692,50.47416265306459],[-96.08093779000556,50.48712598149171],[-96.08848550573903,50.50345556724717],[-96.10334247986457,50.5122998963222],[-96.1283529791227,50.51511489604268],[-96.13545810039813,50.51846539458404],[-96.14924488584009,50.533169697947976],[-96.17314778171573,50.5344365041133],[-96.19329331480414,50.53316110410365],[-96.19082230183874,50.55488599266022],[-96.20978164067293,50.555040692913366],[-96.21541624532279,50.555074253737104],[-96.21542927293908,50.553412951376444],[-96.32929123955208,50.553197391408226],[-96.32954758449992,50.59665124906806],[-96.34723147814609,50.59677078091881],[-96.35366802408545,50.591710784280764],[-96.35380251097502,50.45289858715685],[-96.35329021492821,50.41516128828734]]]},"properties":{"DAUID":"46010073","DGUID":"2021S051246010073","LANDAREA":317.6108,"PRUID":"46","Province":"MB"}},
{"type":"Feature","geometry":{"type":"Polygon","coordinates":[[[-96.20978164067293,50.555040692913366],[-96.20961420392457,50.563394442467285],[-96.20953204103003,50.56924390704684],[-96.20950006724698,50.569866659165854],[-96.21534886251625,50.57552619922898],[-96.23331175360681,50.57369979765181],[-96.23336868324527,50.56071141833957],[-96.21550027470867,50.5599859108134],[-96.21541624532279,50.555074253737104],[-96.20978164067293,50.555040692913366]]]},"properties":{"DAUID":"46010074","DGUID":"2021S051246010074","LANDAREA":2.0471,"PRUID":"46","Province":"MB"}},
{"type":"Feature","geometry":{"type":"Polygon","coordinates":[[[-96.20961420392457,50.563394442467285],[-96.19986431038932,50.562554087998656],[-96.20232038040047,50.56900869239387],[-96.20953204103003,50.56924390704684],[-96.20961420392457,50.563394442467285]]]},"properties":{"DAUID":"46010075","DGUID":"2021S051246010075","LANDAREA":0.8484,"PRUID":"46","Province":"MB"}},
{"type":"Feature","geometry":{"type":"Polygon","coordinates":[[[-96.19082230183874,50.55488599266022],[-96.18482141335431,50.56212819739155],[-96.20382327663583,50.57224723280515],[-96.20950006724698,50.569866659165854],[-96.20953204103003,50.56924390704684],[-96.20232038040047,50.56900869239387],[-96.19986431038932,50.562554087998656],[-96.20961420392457,50.563394442467285],[-96.20978164067293,50.555040692913366],[-96.19082230183874,50.55488599266022]]]},"properties":{"DAUID":"46010076","DGUID":"2021S051246010076","LANDAREA":1.9261,"PRUID":"46","Province":"MB"}},
{"type":"Feature","geometry":{"type":"Polygon","coordinates":[[[-96.08848550573903,50.50345556724717],[-96.09571379741803,50.519949336509065],[-96.13000119184434,50.52178799858885],[-96.14360976355681,50.53179988531706],[-96.14235488633896,50.54973807815706],[-96.15735588317979,50.56419710002529],[-96.17661890445913,50.56893679428362],[-96.18482141335431,50.56212819739155],[-96.19082230183874,50.55488599266022],[-96.19329331480414,50.53316110410365],[-96.17314778171573,50.5344365041133],[-96.14924488584009,50.533169697947976],[-96.13545810039813,50.51846539458404],[-96.1283529791227,50.51511489604268],[-96.10334247986457,50.5122998963222],[-96.08848550573903,50.50345556724717]]]},"properties":{"DAUID":"46010077","DGUID":"2021S051246010077","LANDAREA":11.0131,"PRUID":"46","Province":"MB"}},
{"type":"Feature","geometry":{"type":"Polygon","coordinates":[[[-96.00017373415172,50.39676286400445],[-95.873435269108,50.396109523248],[-95.8097057194907,50.39589298132405],[-95.81021023938243,50.37054175829362],[-95.81440885673484,50.366854592032226],[-95.80934057041553,50.33633424924251],[-95.81002556618839,50.22157266171059],[-95.82121798381847,50.22161202480791],[-95.82108750084497,50.19240698241942],[-95.63979425591077,50.192405376208896],[-95.63990453460399,50.22157658625343],[-95.6028626983273,50.22186416584196],[-95.60361126084591,50.26354931369084],[-95.6033008117753,50.3376816976643],[-95.534647101885,50.33767649138572],[-95.53480590949172,50.36480117146019],[-95.53358189057516,50.46079478947791],[-95.53442805252716,50.482999288639924],[-95.6473737997539,50.48345387604719],[-95.87087997402007,50.48362264180829],[-95.94645855335756,50.483230690551274],[-95.94608358657513,50.57035354268958],[-96.07495682476453,50.57158732643466],[-96.07543175289918,50.59151028670823],[-96.14069931538349,50.592284191052286],[-96.21465950417816,50.591810629182795],[-96.21534886251625,50.57552619922898],[-96.20950006724698,50.569866659165854],[-96.20382327663583,50.57224723280515],[-96.18482141335431,50.56212819739155],[-96.17661890445913,50.56893679428362],[-96.15735588317979,50.56419710002529],[-96.14235488633896,50.54973807815706],[-96.14360976355681,50.53179988531706],[-96.13000119184434,50.52178799858885],[-96.09571379741803,50.519949336509065],[-96.08848550573903,50.50345556724717],[-96.08093779000556,50.48712598149171],[-96.06925627756692,50.47416265306459],[-96.03751361961638,50.46269437646147],[-96.0202138779055,50.4688122875712],[-96.00422065501685,50.46411123898725],[-96.00136000498031,50.45092820194165],[-95.9933386628221,50.43701951697178],[-95.98177935738948,50.432579038301434],[-96.00017373415172,50.39676286400445]]]},"properties":{"DAUID":"46010078","DGUID":"2021S051246010078","LANDAREA":777.8421,"PRUID":"46","Province":"MB"}},
{"type":"Feature","geometry":{"type":"Polygon","coordinates":[[[-96.01425859493378,50.396959309255195],[-96.00992309357125,50.38745109805388],[-96.02190928079264,50.37198940761826],[-96.02665419776955,50.35751979055696],[-96.0279333076441,50.33997480149336],[-96.01489684878727,50.30938200265951],[-95.9951954327723,50.30918916315915],[-95.99250301382989,50.295414297247866],[-96.00145466273955,50.28843306455443],[-96.01208654798796,50.27137939552246],[-96.03770315445664,50.25679238648146],[-96.05811030146337,50.24014639282576],[-96.06361668133331,50.22267585557368],[-96.07832772050894,50.221822637641665],[-96.08563029055586,50.22182580984988],[-96.08564057269277,50.19479333622764],[-96.06321814399922,50.19329792457005],[-96.06333488584997,50.20795818501745],[-95.95851396359116,50.208613332306825],[-95.95853760280133,50.19413804525022],[-95.93846008628493,50.194387091479435],[-95.93553880695664,50.214143987041176],[-95.9356413127079,50.27468319048818],[-95.94683990362853,50.27440850081208],[-95.96989690978272,50.280181288631105],[-95.96916129231708,50.32359579362249],[-95.9276724097692,50.32390210675011],[-95.9125566822371,50.33200030579951],[-95.9084975919563,50.352738111839074],[-95.87407869941326,50.35971149349486],[-95.87161039978356,50.37099898830625],[-95.873435269108,50.396109523248],[-96.00017373415172,50.39676286400445],[-96.01425859493378,50.396959309255195]]]},"properties":{"DAUID":"46010079","DGUID":"2021S051246010079","LANDAREA":93.8648,"PRUID":"46","Province":"MB"}},
{"type":"Feature","geometry":{"type":"Polygon","coordinates":[[[-96.09841420287104,50.415028312161425],[-96.0984283176598,50.356518510655796],[-96.12146770045523,50.35546330341109],[-96.12150799323429,50.31203330463589],[-96.09849749673248,50.31203659133395],[-96.09848460215146,50.29725639198181],[-96.08698610013833,50.29031180573438],[-96.07541059782532,50.289939891024666],[-96.07497901292275,50.28072641020762],[-96.02562128132392,50.280237492470455],[-96.05295943765782,50.262944260583666],[-96.05473987549983,50.25000003988207],[-96.06980201519853,50.236561587557034],[-96.07832772050894,50.221822637641665],[-96.06361668133331,50.22267585557368],[-96.05811030146337,50.24014639282576],[-96.03770315445664,50.25679238648146],[-96.01208654798796,50.27137939552246],[-96.00145466273955,50.28843306455443],[-95.99250301382989,50.295414297247866],[-95.9951954327723,50.30918916315915],[-96.01489684878727,50.30938200265951],[-96.0279333076441,50.33997480149336],[-96.02665419776955,50.35751979055696],[-96.02190928079264,50.37198940761826],[-96.00992309357125,50.38745109805388],[-96.01425859493378,50.396959309255195],[-96.07534625101655,50.397126214792145],[-96.07525426830934,50.41508604578136],[-96.09841420287104,50.415028312161425]]]},"properties":{"DAUID":"46010080","DGUID":"2021S051246010080","LANDAREA":86.1129,"PRUID":"46","Province":"MB"}},
{"type":"Feature","geometry":{"type":"Polygon","coordinates":[[[-96.05295943765782,50.262944260583666],[-96.068111600983,50.251073995694455],[-96.05473987549983,50.25000003988207],[-96.05295943765782,50.262944260583666]]]},"properties":{"DAUID":"46010081","DGUID":"2021S051246010081","LANDAREA":1.1366,"PRUID":"46","Province":"MB"}},
{"type":"Feature","geometry":{"type":"Polygon","coordinates":[[[-96.05473987549983,50.25000003988207],[-96.068111600983,50.251073995694455],[-96.06980201519853,50.236561587557034],[-96.05473987549983,50.25000003988207]]]},"properties":{"DAUID":"46010082","DGUID":"2021S051246010082","LANDAREA":1.1239,"PRUID":"46","Province":"MB"}},
{"type":"Feature","geometry":{"type":"Polygon","coordinates":[[[-96.07832772050894,50.221822637641665],[-96.06980201519853,50.236561587557034],[-96.068111600983,50.251073995694455],[-96.05295943765782,50.262944260583666],[-96.02562128132392,50.280237492470455],[-96.07497901292275,50.28072641020762],[-96.07546959680342,50.25303179470719],[-96.09851660526486,50.25311510183974],[-96.09864300694113,50.23833830999005],[-96.1087521005492,50.238167710721086],[-96.10878818726735,50.2127734880871],[-96.12744077978749,50.201209195980084],[-96.14521848353012,50.19428919840964],[-96.16700381802217,50.190352006290496],[-96.18633830474509,50.18108890280417],[-96.22840071620777,50.17830470215457],[-96.2374869096326,50.17426629569504],[-96.24299911222234,50.16124570854463],[-96.25342351494288,50.150149295907525],[-96.36041949856943,50.14997830006983],[-96.36065385292088,50.09134760895845],[-96.36047251914722,50.061526010705514],[-96.08568729008299,50.06126241191152],[-96.08569170065485,50.10565770747321],[-96.08742365826946,50.13426325076092],[-96.04341517354665,50.13462076559487],[-96.03525136181717,50.12334323561222],[-96.02325387482782,50.11667582425953],[-95.99887454436349,50.13244752478883],[-95.98799418166867,50.134393514471],[-96.03206106372244,50.13455658107018],[-96.048932165518,50.141369033617],[-96.05060994604541,50.15618304375768],[-96.05880187841385,50.164399780702766],[-96.09780299507034,50.1646275127849],[-96.09761013459816,50.194581244104405],[-96.08564057269277,50.19479333622764],[-96.08563029055586,50.22182580984988],[-96.07832772050894,50.221822637641665]]]},"properties":{"DAUID":"46010083","DGUID":"2021S051246010083","LANDAREA":267.5062,"PRUID":"46","Province":"MB"}},
{"type":"Feature","geometry":{"type":"Polygon","coordinates":[[[-96.35315818449195,50.32683388843228],[-96.35295451469861,50.282707093039726],[-96.35286130996606,50.238591602419824],[-96.36086120535852,50.2384947885531],[-96.3602706184447,50.19383699936159],[-96.36041949856943,50.14997830006983],[-96.25342351494288,50.150149295907525],[-96.24299911222234,50.16124570854463],[-96.2374869096326,50.17426629569504],[-96.22840071620777,50.17830470215457],[-96.18633830474509,50.18108890280417],[-96.16700381802217,50.190352006290496],[-96.14521848353012,50.19428919840964],[-96.12744077978749,50.201209195980084],[-96.10878818726735,50.2127734880871],[-96.1087521005492,50.238167710721086],[-96.09864300694113,50.23833830999005],[-96.09851660526486,50.25311510183974],[-96.07546959680342,50.25303179470719],[-96.07497901292275,50.28072641020762],[-96.07541059782532,50.289939891024666],[-96.08698610013833,50.29031180573438],[-96.09848460215146,50.29725639198181],[-96.09849749673248,50.31203659133395],[-96.12150799323429,50.31203330463589],[-96.12146770045523,50.35546330341109],[-96.0984283176598,50.356518510655796],[-96.09841420287104,50.415028312161425],[-96.21525287158907,50.41473446489589],[-96.35329021492821,50.41516128828734],[-96.35398822835226,50.3637346985204],[-96.35315818449195,50.32683388843228]]]},"properties":{"DAUID":"46010084","DGUID":"2021S051246010084","LANDAREA":490.5597,"PRUID":"46","Province":"MB"}},
{"type":"Feature","geometry":{"type":"Polygon","coordinates":[[[-96.08564057269277,50.19479333622764],[-96.09761013459816,50.194581244104405],[-96.09780299507034,50.1646275127849],[-96.05880187841385,50.164399780702766],[-96.05060994604541,50.15618304375768],[-96.048932165518,50.141369033617],[-96.03206106372244,50.13455658107018],[-95.98799418166867,50.134393514471],[-95.93626436943183,50.13433762199729],[-95.93099514403228,50.13947014094555],[-95.91337764037,50.13699662395269],[-95.88853253005603,50.13777411534271],[-95.8885085495795,50.13438111688455],[-95.8727316343948,50.13435663639134],[-95.85626406289484,50.13437202511826],[-95.85695096777432,50.12704324496916],[-95.83963704129934,50.12401344002516],[-95.82513434660453,50.133927229323696],[-95.82085957302458,50.14129844560587],[-95.8209114035485,50.15292423904052],[-95.84394124185978,50.15913754152468],[-95.84397370489809,50.20779198182675],[-95.92749938084604,50.20803084300818],[-95.93143771674107,50.19662658480866],[-95.93846008628493,50.194387091479435],[-95.95853760280133,50.19413804525022],[-95.95851396359116,50.208613332306825],[-96.06333488584997,50.20795818501745],[-96.06321814399922,50.19329792457005],[-96.08564057269277,50.19479333622764]],[[-95.877343694376,50.151658603560676],[-95.87481670580972,50.156444102647775],[-95.8657327893485,50.15111830667101],[-95.8741301838412,50.14966920696823],[-95.88963998539425,50.144525207262234],[-95.8919474846658,50.148893701225205],[-95.877343694376,50.151658603560676]]]},"properties":{"DAUID":"46010085","DGUID":"2021S051246010085","LANDAREA":125.4278,"PRUID":"46","Province":"MB"}},
{"type":"Feature","geometry":{"type":"Polygon","coordinates":[[[-95.88853253005603,50.13777411534271],[-95.89039147384482,50.13640084089173],[-95.8885085495795,50.13438111688455],[-95.88853253005603,50.13777411534271]]]},"properties":{"DAUID":"46010086","DGUID":"2021S051246010086","LANDAREA":0.1514,"PRUID":"46","Province":"MB"}},
{"type":"Feature","geometry":{"type":"Polygon","coordinates":[[[-96.08568729008299,50.06126241191152],[-96.08614698844282,50.04676340010737],[-96.08625910266731,49.88451898657639],[-96.09223831968637,49.87896640739795],[-95.99420488636665,49.878205491771915],[-95.97515651112987,49.87588039957895],[-95.965420017829,49.88464049995781],[-95.92321161415654,49.88498461012789],[-95.94837400698617,49.900791999159786],[-95.95182338072172,49.91302901172314],[-95.94897869016026,49.92964550405947],[-95.96043528584656,49.939663001469036],[-95.97769469779183,49.947164496445374],[-95.98093319109469,49.96144819159958],[-95.99312441236061,49.97093088759934],[-96.02575938900007,50.00261570650001],[-96.04115881370564,50.03797759469613],[-96.05114329983526,50.04712909669351],[-96.0035472190767,50.04711449946594],[-96.00353329539217,50.0762525012715],[-95.94696330479627,50.07618050917617],[-95.9462987992582,50.08950237720396],[-95.93516313761786,50.09018493059081],[-95.93521540808041,50.10536450605864],[-95.90123088014867,50.1054366973712],[-95.8875086833468,50.10914350009836],[-95.86956204170775,50.10914660550998],[-95.86183646102137,50.12488153633028],[-95.87291065232263,50.12694374498418],[-95.8727316343948,50.13435663639134],[-95.8885085495795,50.13438111688455],[-95.89039147384482,50.13640084089173],[-95.88853253005603,50.13777411534271],[-95.91337764037,50.13699662395269],[-95.93099514403228,50.13947014094555],[-95.93626436943183,50.13433762199729],[-95.98799418166867,50.134393514471],[-95.99887454436349,50.13244752478883],[-96.02325387482782,50.11667582425953],[-96.03525136181717,50.12334323561222],[-96.04341517354665,50.13462076559487],[-96.08742365826946,50.13426325076092],[-96.08569170065485,50.10565770747321],[-96.08568729008299,50.06126241191152]],[[-95.91376604391581,50.13465892568832],[-95.9220574598814,50.134331376907404],[-95.91867076265727,50.13543702477015],[-95.91615757574665,50.13447064372289],[-95.91376604391581,50.13465892568832]]]},"properties":{"DAUID":"46010087","DGUID":"2021S051246010087","LANDAREA":219.8051,"PRUID":"46","Province":"MB"}},
{"type":"Feature","geometry":{"type":"Polygon","coordinates":[[[-95.91376604391581,50.13465892568832],[-95.91615757574665,50.13447064372289],[-95.91867076265727,50.13543702477015],[-95.9220574598814,50.134331376907404],[-95.91376604391581,50.13465892568832]]]},"properties":{"DAUID":"46010088","DGUID":"2021S051246010088","LANDAREA":0.0443,"PRUID":"46","Province":"MB"}},
{"type":"Feature","geometry":{"type":"Polygon","coordinates":[[[-95.96043528584656,49.939663001469036],[-95.94798198898451,49.93797440547476],[-95.90039269352093,49.937924701861],[-95.8795252060164,49.93088831202203],[-95.83719139189952,49.924330788030346],[-95.8215344912827,49.918460806359185],[-95.82142980055026,49.977953907023476],[-95.82346964215527,50.00032378797779],[-95.82037810497093,50.03294590941077],[-95.82069812176637,50.105019811065226],[-95.8211916019233,50.12936159676863],[-95.8440710424279,50.111390939464876],[-95.86281106470344,50.11490402931834],[-95.86956204170775,50.10914660550998],[-95.8875086833468,50.10914350009836],[-95.90123088014867,50.1054366973712],[-95.93521540808041,50.10536450605864],[-95.93516313761786,50.09018493059081],[-95.9462987992582,50.08950237720396],[-95.94696330479627,50.07618050917617],[-96.00353329539217,50.0762525012715],[-96.0035472190767,50.04711449946594],[-96.05114329983526,50.04712909669351],[-96.04115881370564,50.03797759469613],[-96.02575938900007,50.00261570650001],[-95.99312441236061,49.97093088759934],[-95.98093319109469,49.96144819159958],[-95.97769469779183,49.947164496445374],[-95.96043528584656,49.939663001469036]]]},"properties":{"DAUID":"46010089","DGUID":"2021S051246010089","LANDAREA":243.9899,"PRUID":"46","Province":"MB"}},
{"type":"Feature","geometry":{"type":"Polygon","coordinates":[[[-95.8727316343948,50.13435663639134],[-95.87291065232263,50.12694374498418],[-95.86183646102137,50.12488153633028],[-95.86956204170775,50.10914660550998],[-95.86281106470344,50.11490402931834],[-95.8440710424279,50.111390939464876],[-95.8211916019233,50.12936159676863],[-95.82085957302458,50.14129844560587],[-95.82513434660453,50.133927229323696],[-95.83963704129934,50.12401344002516],[-95.85695096777432,50.12704324496916],[-95.85626406289484,50.13437202511826],[-95.8727316343948,50.13435663639134]]]},"properties":{"DAUID":"46010090","DGUID":"2021S051246010090","LANDAREA":0.0385,"PRUID":"46","Province":"MB"}},
{"type":"Feature","geometry":{"type":"Polygon","coordinates":[[[-95.15319314552274,49.61676758524701],[-95.15425095421213,49.61463254330538],[-95.18720374353227,49.60548463387307],[-95.19079410411258,49.60735381688518],[-95.19338752679461,49.600877995885476],[-95.15287861750399,49.60343218755887],[-95.15319314552274,49.61676758524701]]]},"properties":{"DAUID":"46010092","DGUID":"2021S051246010092","LANDAREA":2.2979,"PRUID":"46","Province":"MB"}},
{"type":"Feature","geometry":{"type":"Polygon","coordinates":[[[-95.26744367523797,49.148489315776786],[-95.3063163441805,49.14844552614688],[-95.30699475712545,49.134645525741185],[-95.32274891202773,49.118839934383296],[-95.30624577610234,49.1189319503889],[-95.30609946268814,49.1262908352422],[-95.2817754848876,49.126353854366606],[-95.28261484447644,49.1326297264589],[-95.26744367523797,49.148489315776786]]]},"properties":{"DAUID":"46010094","DGUID":"2021S051246010094","LANDAREA":6.7311,"PRUID":"46","Province":"MB"}},
{"type":"Feature","geometry":{"type":"Polygon","coordinates":[[[-95.15385686173836,49.58896905015949],[-95.18821305172051,49.58741422291781],[-95.20477006753943,49.5957332367985],[-95.19491195377186,49.60073582469041],[-95.20794175215521,49.61407132463853],[-95.20856031401745,49.61973522196996],[-95.23390593632004,49.624742715626674],[-95.2336344248224,49.58403881273358],[-95.16527237005083,49.58422401744122],[-95.16473671472068,49.57636306540783],[-95.15255071695805,49.57653292413023],[-95.15385686173836,49.58896905015949]]]},"properties":{"DAUID":"46010095","DGUID":"2021S051246010095","LANDAREA":11.0234,"PRUID":"46","Province":"MB"}},
{"type":"Feature","geometry":{"type":"Polygon","coordinates":[[[-95.16355061316311,49.64570677710592],[-95.23447454340676,49.64473187059894],[-95.23158967461733,49.630262343121025],[-95.21844175428565,49.62457586419577],[-95.20400196915955,49.62520650801332],[-95.19660507992097,49.63001452733256],[-95.18373424588691,49.6300480371134],[-95.17068405440992,49.64398024030625],[-95.16355061316311,49.64570677710592]]]},"properties":{"DAUID":"46010096","DGUID":"2021S051246010096","LANDAREA":8.0252,"PRUID":"46","Province":"MB"}},
{"type":"Feature","geometry":{"type":"Polygon","coordinates":[[[-95.873435269108,50.396109523248],[-95.87161039978356,50.37099898830625],[-95.87407869941326,50.35971149349486],[-95.9084975919563,50.352738111839074],[-95.9125566822371,50.33200030579951],[-95.9276724097692,50.32390210675011],[-95.96916129231708,50.32359579362249],[-95.96989690978272,50.280181288631105],[-95.94683990362853,50.27440850081208],[-95.9356413127079,50.27468319048818],[-95.93553880695664,50.214143987041176],[-95.93846008628493,50.194387091479435],[-95.93143771674107,50.19662658480866],[-95.92749938084604,50.20803084300818],[-95.84397370489809,50.20779198182675],[-95.84394124185978,50.15913754152468],[-95.8209114035485,50.15292423904052],[-95.82108750084497,50.19240698241942],[-95.82121798381847,50.22161202480791],[-95.81002556618839,50.22157266171059],[-95.80934057041553,50.33633424924251],[-95.81440885673484,50.366854592032226],[-95.81021023938243,50.37054175829362],[-95.8097057194907,50.39589298132405],[-95.873435269108,50.396109523248]]]},"properties":{"DAUID":"46010097","DGUID":"2021S051246010097","LANDAREA":159.333,"PRUID":"46","Province":"MB"}},
{"type":"Feature","geometry":{"type":"Polygon","coordinates":[[[-95.8215344912827,49.918460806359185],[-95.82043205351007,49.88618410538633],[-95.81569878271192,49.88612051736307],[-95.81566628344588,49.79741448998167],[-95.84722759135929,49.797328994362154],[-95.83109340536656,49.77281410355447],[-95.83865480722783,49.738668095531395],[-95.8333851106276,49.724700012135735],[-95.81546734690727,49.720342296034715],[-95.7998534137305,49.708944900525836],[-95.78795049204332,49.69464929647021],[-95.78363629132137,49.67982839807954],[-95.79334020350163,49.67981038756781],[-95.79332791973458,49.665083805283516],[-95.90684459758151,49.66465370869742],[-95.90734658931818,49.64936509419601],[-95.96984090079924,49.64829939824331],[-95.9703644982428,49.64188049010156],[-95.98367551716889,49.633458993556744],[-96.00933228324347,49.63318849960565],[-96.02451789176071,49.61584779040914],[-96.03771901113869,49.6168974109164],[-96.0853728799219,49.608418791202354],[-96.11448270186284,49.6075563088997],[-96.14745934670161,49.61189522149619],[-96.14987781637977,49.60049890387605],[-96.16934573433923,49.58933372048481],[-96.22165129280785,49.58947050086425],[-96.22791600213188,49.59491069652004],[-96.22405931669873,49.60335569450141],[-96.22903828653644,49.610753092692576],[-96.25666252609776,49.61856359175225],[-96.36613052874405,49.617879951202646],[-96.36734391392542,49.593031301611795],[-96.36616459734593,49.56200696396404],[-96.36754035339818,49.53214023381682],[-96.37538718177824,49.53217117558048],[-96.37469991619216,49.41389301128101],[-96.27803324504652,49.41366841197968],[-96.17425156158495,49.41392366863199],[-96.12625400997317,49.41519599707802],[-96.10330749249538,49.413958417599225],[-95.69765848616107,49.413928174705326],[-95.69780272750721,49.532474051546444],[-95.56402870028441,49.53499131069343],[-95.40759407161133,49.532157720789726],[-95.40788896019562,49.66480937200451],[-95.54386329844336,49.664906956382616],[-95.5439498530195,49.812232518581986],[-95.49851796220916,49.81231398835981],[-95.49911748836483,49.90108310152927],[-95.52582401466826,49.900976509181476],[-95.53776276439827,49.89009092706732],[-95.55166714049577,49.88594192312118],[-95.63974077486027,49.88604166963014],[-95.63976184310889,49.901358546684335],[-95.66246604740678,49.90136203797534],[-95.66248096343203,49.9158966142977],[-95.68519493287573,49.9159134434837],[-95.68531549057592,50.105179692640476],[-95.82069812176637,50.105019811065226],[-95.82037810497093,50.03294590941077],[-95.82346964215527,50.00032378797779],[-95.82142980055026,49.977953907023476],[-95.8215344912827,49.918460806359185]]]},"properties":{"DAUID":"46010098","DGUID":"2021S051246010098","LANDAREA":2233.5002,"PRUID":"46","Province":"MB"}},
{"type":"Feature","geometry":{"type":"Polygon","coordinates":[[[-96.09223831968637,49.87896640739795],[-96.09207654191698,49.79591613495223],[-95.99351488164412,49.796798512527396],[-95.84722759135929,49.797328994362154],[-95.81566628344588,49.79741448998167],[-95.81569878271192,49.88612051736307],[-95.82043205351007,49.88618410538633],[-95.8215344912827,49.918460806359185],[-95.83719139189952,49.924330788030346],[-95.8795252060164,49.93088831202203],[-95.90039269352093,49.937924701861],[-95.94798198898451,49.93797440547476],[-95.96043528584656,49.939663001469036],[-95.94897869016026,49.92964550405947],[-95.95182338072172,49.91302901172314],[-95.94837400698617,49.900791999159786],[-95.92321161415654,49.88498461012789],[-95.965420017829,49.88464049995781],[-95.97515651112987,49.87588039957895],[-95.99420488636665,49.878205491771915],[-96.09223831968637,49.87896640739795]]]},"properties":{"DAUID":"46010099","DGUID":"2021S051246010099","LANDAREA":233.5561,"PRUID":"46","Province":"MB"}},
{"type":"Feature","geometry":{"type":"Polygon","coordinates":[[[-95.84722759135929,49.797328994362154],[-95.99351488164412,49.796798512527396],[-96.04269179434748,49.7899368052212],[-96.04346170754339,49.722753291630575],[-96.06969819958621,49.72236788767934],[-96.09184128206148,49.70850519320783],[-96.09184511813696,49.66570929742048],[-96.11478791148362,49.66611279750199],[-96.1516786869541,49.65624920358292],[-96.22112780655877,49.65852280148862],[-96.22880650627073,49.655819111592436],[-96.26163461517777,49.655818003082146],[-96.29721331240873,49.65993880500823],[-96.29689441028921,49.65258798814131],[-96.3197037021375,49.65518060178251],[-96.3198172998913,49.662694990300004],[-96.36568359212285,49.66283070817934],[-96.36613052874405,49.617879951202646],[-96.25666252609776,49.61856359175225],[-96.22903828653644,49.610753092692576],[-96.22405931669873,49.60335569450141],[-96.22791600213188,49.59491069652004],[-96.22165129280785,49.58947050086425],[-96.16934573433923,49.58933372048481],[-96.14987781637977,49.60049890387605],[-96.14745934670161,49.61189522149619],[-96.11448270186284,49.6075563088997],[-96.0853728799219,49.608418791202354],[-96.03771901113869,49.6168974109164],[-96.02451789176071,49.61584779040914],[-96.00933228324347,49.63318849960565],[-95.98367551716889,49.633458993556744],[-95.9703644982428,49.64188049010156],[-95.96984090079924,49.64829939824331],[-95.90734658931818,49.64936509419601],[-95.90684459758151,49.66465370869742],[-95.79332791973458,49.665083805283516],[-95.79334020350163,49.67981038756781],[-95.78363629132137,49.67982839807954],[-95.78795049204332,49.69464929647021],[-95.7998534137305,49.708944900525836],[-95.81546734690727,49.720342296034715],[-95.8333851106276,49.724700012135735],[-95.83865480722783,49.738668095531395],[-95.83109340536656,49.77281410355447],[-95.84722759135929,49.797328994362154]]]},"properties":{"DAUID":"46010100","DGUID":"2021S051246010100","LANDAREA":418.6488,"PRUID":"46","Province":"MB"}},
{"type":"Feature","geometry":{"type":"Polygon","coordinates":[[[-96.36047251914722,50.061526010705514],[-96.36097914581246,49.97294583510832],[-96.35674850236678,49.88509940329075],[-96.36571438169378,49.88484886405816],[-96.36571089003851,49.796054926376485],[-96.36580494400712,49.76666889554383],[-96.36717337477752,49.707271056316685],[-96.36568359212285,49.66283070817934],[-96.3198172998913,49.662694990300004],[-96.3197037021375,49.65518060178251],[-96.29689441028921,49.65258798814131],[-96.29721331240873,49.65993880500823],[-96.26163461517777,49.655818003082146],[-96.22880650627073,49.655819111592436],[-96.22112780655877,49.65852280148862],[-96.1516786869541,49.65624920358292],[-96.11478791148362,49.66611279750199],[-96.09184511813696,49.66570929742048],[-96.09184128206148,49.70850519320783],[-96.06969819958621,49.72236788767934],[-96.04346170754339,49.722753291630575],[-96.04269179434748,49.7899368052212],[-95.99351488164412,49.796798512527396],[-96.09207654191698,49.79591613495223],[-96.09223831968637,49.87896640739795],[-96.08625910266731,49.88451898657639],[-96.08614698844282,50.04676340010737],[-96.08568729008299,50.06126241191152],[-96.36047251914722,50.061526010705514]]]},"properties":{"DAUID":"46010101","DGUID":"2021S051246010101","LANDAREA":907.5042,"PRUID":"46","Province":"MB"}},
{"type":"Feature","geometry":{"type":"Polygon","coordinates":[[[-96.37469991619216,49.41389301128101],[-96.37642041433759,49.355114365869234],[-96.37614444358942,49.271496358215764],[-96.37447498700129,49.26702019396219],[-96.23959146596435,49.26609035360498],[-96.24018810273861,49.250421713415115],[-96.23898208282334,49.18217759564298],[-96.22238321625946,49.177631687923096],[-96.202640879665,49.18094249295314],[-96.16042398358832,49.173298690998315],[-96.09914436251553,49.138059140894256],[-96.0915262888956,49.14023297955165],[-96.09140013275079,49.149455614172744],[-96.04624521359527,49.14858739194898],[-95.9176173618961,49.14819692440544],[-95.91329046958846,49.13308856476682],[-95.83490369019522,49.13379089224043],[-95.83246788316596,49.13267209830936],[-95.81889912609408,49.13421010907538],[-95.79998538328593,49.14237200979975],[-95.79990848891589,49.174807790118315],[-95.7872237113882,49.181061789276775],[-95.7874222123083,49.28584290188028],[-95.77152115750688,49.290834639468756],[-95.69774298647515,49.2793901076286],[-95.69765848616107,49.413928174705326],[-96.10330749249538,49.413958417599225],[-96.12625400997317,49.41519599707802],[-96.17425156158495,49.41392366863199],[-96.27803324504652,49.41366841197968],[-96.37469991619216,49.41389301128101]]]},"properties":{"DAUID":"46010102","DGUID":"2021S051246010102","LANDAREA":1212.4014,"PRUID":"46","Province":"MB"}},
{"type":"Feature","geometry":{"type":"Polygon","coordinates":[[[-96.23898208282334,49.18217759564298],[-96.24724520523527,49.17823000536661],[-96.24679540929043,49.10443329275304],[-96.24752981038407,49.09487811094649],[-96.24739843008086,49.00018185687159],[-95.93408605591978,48.999896982075306],[-95.75478865274087,48.99973595879156],[-95.7550167093814,49.03049779766721],[-95.82237751867126,49.060007603121186],[-95.8224088873687,49.098721089854166],[-95.83357979842353,49.102882807948895],[-95.83246788316596,49.13267209830936],[-95.83490369019522,49.13379089224043],[-95.91329046958846,49.13308856476682],[-95.9176173618961,49.14819692440544],[-96.04624521359527,49.14858739194898],[-96.09140013275079,49.149455614172744],[-96.0915262888956,49.14023297955165],[-96.09914436251553,49.138059140894256],[-96.16042398358832,49.173298690998315],[-96.202640879665,49.18094249295314],[-96.22238321625946,49.177631687923096],[-96.23898208282334,49.18217759564298]]]},"properties":{"DAUID":"46010103","DGUID":"2021S051246010103","LANDAREA":546.9919,"PRUID":"46","Province":"MB"}},
{"type":"Feature","geometry":{"type":"Polygon","coordinates":[[[-96.37447498700129,49.26702019396219],[-96.4738814881123,49.26706961127725],[-96.4872068109182,49.2667215911442],[-96.4870141091168,49.22234660634803],[-96.51022241415313,49.222426698878294],[-96.51009048785198,49.18159749011571],[-96.51684168667863,49.17311529021561],[-96.51681180126,49.147114491446786],[-96.52776279941102,49.13319800256021],[-96.56160410099767,49.1314349882377],[-96.5616306086281,49.11217390470307],[-96.55045391789992,49.11038070398921],[-96.53917591457795,49.103726211976394],[-96.53916809109809,49.07424400390978],[-96.51674498489251,49.07408730047186],[-96.51675501211128,49.05933289241206],[-96.48671009863558,49.059509901894856],[-96.45120308481744,49.04308530207705],[-96.44944401844026,49.04055429328143],[-96.44939018452486,49.00013940881406],[-96.24739843008086,49.00018185687159],[-96.24752981038407,49.09487811094649],[-96.24679540929043,49.10443329275304],[-96.24724520523527,49.17823000536661],[-96.23898208282334,49.18217759564298],[-96.24018810273861,49.250421713415115],[-96.23959146596435,49.26609035360498],[-96.37447498700129,49.26702019396219]]]},"properties":{"DAUID":"46010104","DGUID":"2021S051246010104","LANDAREA":559.0804,"PRUID":"46","Province":"MB"}},
{"type":"Feature","geometry":{"type":"Polygon","coordinates":[[[-96.56160410099767,49.1314349882377],[-96.56815591950328,49.13342660890706],[-96.66019790237344,49.13390809294685],[-96.7637298964251,49.133783704502626],[-96.76374801290147,49.16322918888848],[-96.78601251319326,49.16323559374425],[-96.78601181135164,49.133718589061004],[-96.7863016150302,49.00020549930652],[-96.44939018452486,49.00013940881406],[-96.44944401844026,49.04055429328143],[-96.45120308481744,49.04308530207705],[-96.48671009863558,49.059509901894856],[-96.51675501211128,49.05933289241206],[-96.51674498489251,49.07408730047186],[-96.53916809109809,49.07424400390978],[-96.53917591457795,49.103726211976394],[-96.55045391789992,49.11038070398921],[-96.5616306086281,49.11217390470307],[-96.56160410099767,49.1314349882377]]]},"properties":{"DAUID":"46010105","DGUID":"2021S051246010105","LANDAREA":309.6457,"PRUID":"46","Province":"MB"}},
{"type":"Feature","geometry":{"type":"Polygon","coordinates":[[[-96.4872068109182,49.2667215911442],[-96.64627922793935,49.26639127833043],[-96.78000449696329,49.26627644904289],[-96.7811978144411,49.23684069787525],[-96.78102709841106,49.17809170683051],[-96.78601251319326,49.16323559374425],[-96.76374801290147,49.16322918888848],[-96.7637298964251,49.133783704502626],[-96.66019790237344,49.13390809294685],[-96.56815591950328,49.13342660890706],[-96.56160410099767,49.1314349882377],[-96.52776279941102,49.13319800256021],[-96.51681180126,49.147114491446786],[-96.51684168667863,49.17311529021561],[-96.51009048785198,49.18159749011571],[-96.51022241415313,49.222426698878294],[-96.4870141091168,49.22234660634803],[-96.4872068109182,49.2667215911442]]]},"properties":{"DAUID":"46010106","DGUID":"2021S051246010106","LANDAREA":292.7193,"PRUID":"46","Province":"MB"}},
{"type":"Feature","geometry":{"type":"Polygon","coordinates":[[[-95.83246788316596,49.13267209830936],[-95.83357979842353,49.102882807948895],[-95.8224088873687,49.098721089854166],[-95.82237751867126,49.060007603121186],[-95.7550167093814,49.03049779766721],[-95.75478865274087,48.99973595879156],[-95.57402168294185,48.999364457015616],[-95.31649330273254,48.998942871345974],[-95.30589902329966,48.99980855807385],[-95.30571809085569,49.0152272513141],[-95.3055817574646,49.02347394903427],[-95.30606285378103,49.08888966478153],[-95.44139492761342,49.08902326147404],[-95.4420373554941,49.17789581070515],[-95.69724364461219,49.17729585030591],[-95.69774298647515,49.2793901076286],[-95.77152115750688,49.290834639468756],[-95.7874222123083,49.28584290188028],[-95.7872237113882,49.181061789276775],[-95.79990848891589,49.174807790118315],[-95.79998538328593,49.14237200979975],[-95.81889912609408,49.13421010907538],[-95.83246788316596,49.13267209830936]]]},"properties":{"DAUID":"46010107","DGUID":"2021S051246010107","LANDAREA":670.9282,"PRUID":"46","Province":"MB"}},
{"type":"Feature","geometry":{"type":"Polygon","coordinates":[[[-95.30589902329966,48.99980855807385],[-95.29652054897826,48.99906687269414],[-95.30571809085569,49.0152272513141],[-95.30589902329966,48.99980855807385]]]},"properties":{"DAUID":"46010108","DGUID":"2021S051246010108","LANDAREA":0.5649,"PRUID":"46","Province":"MB"}},
{"type":"Feature","geometry":{"type":"Polygon","coordinates":[[[-95.30571809085569,49.0152272513141],[-95.29652054897826,48.99906687269414],[-95.28327127254545,49.00000002843363],[-95.28391322755981,49.00881186462433],[-95.26568299222437,49.01288392768958],[-95.26457132172507,49.00141309834349],[-95.24020667694587,49.001616719030785],[-95.23241296869897,48.99949053513611],[-95.22132676817041,49.017223134494316],[-95.21961515833516,49.0355505298102],[-95.24817330757736,49.03593391864356],[-95.26625100187951,49.02763451163491],[-95.26779336723074,49.018989709684966],[-95.2841191323765,49.02357319647558],[-95.3055817574646,49.02347394903427],[-95.30571809085569,49.0152272513141]]]},"properties":{"DAUID":"46010109","DGUID":"2021S051246010109","LANDAREA":16.5972,"PRUID":"46","Province":"MB"}},
{"type":"Feature","geometry":{"type":"Polygon","coordinates":[[[-95.8741301838412,50.14966920696823],[-95.877343694376,50.151658603560676],[-95.8919474846658,50.148893701225205],[-95.88963998539425,50.144525207262234],[-95.8741301838412,50.14966920696823]]]},"properties":{"DAUID":"46010110","DGUID":"2021S051246010110","LANDAREA":0.5922,"PRUID":"46","Province":"MB"}},
{"type":"Feature","geometry":{"type":"Polygon","coordinates":[[[-95.877343694376,50.151658603560676],[-95.8741301838412,50.14966920696823],[-95.8657327893485,50.15111830667101],[-95.87481670580972,50.156444102647775],[-95.877343694376,50.151658603560676]]]},"properties":{"DAUID":"46010111","DGUID":"2021S051246010111","LANDAREA":0.4858,"PRUID":"46","Province":"MB"}},
{"type":"Feature","geometry":{"type":"MultiPolygon","coordinates":[[[[-95.15279423929465,50.39577284197674],[-95.2601996513425,50.39593754682814],[-95.2599670056284,50.37018064532387],[-95.3509578535495,50.36737404240315],[-95.53480590949172,50.36480117146019],[-95.534647101885,50.33767649138572],[-95.6033008117753,50.3376816976643],[-95.60361126084591,50.26354931369084],[-95.6028626983273,50.22186416584196],[-95.63990453460399,50.22157658625343],[-95.63979425591077,50.192405376208896],[-95.82108750084497,50.19240698241942],[-95.8209114035485,50.15292423904052],[-95.82085957302458,50.14129844560587],[-95.8211916019233,50.12936159676863],[-95.82069812176637,50.105019811065226],[-95.68531549057592,50.105179692640476],[-95.68519493287573,49.9159134434837],[-95.66248096343203,49.9158966142977],[-95.66246604740678,49.90136203797534],[-95.63976184310889,49.901358546684335],[-95.63974077486027,49.88604166963014],[-95.55166714049577,49.88594192312118],[-95.53776276439827,49.89009092706732],[-95.52582401466826,49.900976509181476],[-95.49911748836483,49.90108310152927],[-95.49851796220916,49.81231398835981],[-95.5439498530195,49.812232518581986],[-95.54386329844336,49.664906956382616],[-95.40788896019562,49.66480937200451],[-95.40759407161133,49.532157720789726],[-95.56402870028441,49.53499131069343],[-95.69780272750721,49.532474051546444],[-95.69765848616107,49.413928174705326],[-95.69774298647515,49.2793901076286],[-95.69724364461219,49.17729585030591],[-95.4420373554941,49.17789581070515],[-95.44139492761342,49.08902326147404],[-95.30606285378103,49.08888966478153],[-95.3055817574646,49.02347394903427],[-95.2841191323765,49.02357319647558],[-95.26779336723074,49.018989709684966],[-95.26625100187951,49.02763451163491],[-95.24817330757736,49.03593391864356],[-95.26104956533467,49.04055564266997],[-95.28109204481763,49.05625813039139],[-95.2783401657214,49.06834382424305],[-95.28875375202054,49.07946842029171],[-95.29321346472982,49.10307014137155],[-95.28715597237876,49.12031363463058],[-95.2817754848876,49.126353854366606],[-95.30609946268814,49.1262908352422],[-95.30624577610234,49.1189319503889],[-95.32274891202773,49.118839934383296],[-95.30699475712545,49.134645525741185],[-95.3063163441805,49.14844552614688],[-95.26744367523797,49.148489315776786],[-95.24227637255686,49.165362120718704],[-95.20703705053359,49.17614903232288],[-95.17652757776762,49.17845283488799],[-95.15327535921942,49.175737127268675],[-95.15366862859332,49.35313486416282],[-95.15346063941149,49.398070008781055],[-95.15267456301096,49.452034648740195],[-95.16261424719362,49.46619222426698],[-95.1524342341196,49.47010337014038],[-95.15245980711207,49.53224631357198],[-95.15370842349012,49.55987156403954],[-95.15255071695805,49.57653292413023],[-95.16473671472068,49.57636306540783],[-95.16527237005083,49.58422401744122],[-95.2336344248224,49.58403881273358],[-95.23390593632004,49.624742715626674],[-95.20856031401745,49.61973522196996],[-95.19338752679461,49.600877995885476],[-95.19079410411258,49.60735381688518],[-95.2002047616078,49.60797322629818],[-95.20353295610892,49.61734132996215],[-95.18373424588691,49.6300480371134],[-95.19660507992097,49.63001452733256],[-95.20400196915955,49.62520650801332],[-95.21844175428565,49.62457586419577],[-95.23158967461733,49.630262343121025],[-95.23447454340676,49.64473187059894],[-95.16355061316311,49.64570677710592],[-95.15343305923965,49.646064672030164],[-95.15328679938077,49.67115916759412],[-95.15411581991084,49.739106797973996],[-95.15213826634937,49.74624028758872],[-95.15325831197225,49.79796942140338],[-95.15286794985171,49.83323849829942],[-95.15288275865409,50.001208085990775],[-95.15273112780561,50.11069362586529],[-95.15290463084816,50.247345049688946],[-95.15279423929465,50.39577284197674]]],[[[-95.28327127254545,49.00000002843363],[-95.27358267225766,49.00511253282388],[-95.26457132172507,49.00141309834349],[-95.26568299222437,49.01288392768958],[-95.28391322755981,49.00881186462433],[-95.28327127254545,49.00000002843363]]]]},"properties":{"DAUID":"46010112","DGUID":"2021S051246010112","LANDAREA":4095.9838,"PRUID":"46","Province":"MB"}},
{"type":"Feature","geometry":{"type":"Polygon","coordinates":[[[-97.0488105656462,49.62067862340586],[-97.04314130434118,49.60938090350012],[-97.0258984586941,49.60928616155476],[-97.02584734805485,49.599977933337904],[-97.02579780736292,49.59116349741952],[-97.0373236026498,49.59118859163443],[-97.04874297750398,49.59118752126875],[-97.04863267011636,49.53167387585438],[-96.98499269018427,49.53197950927748],[-96.98035789365821,49.541146210437866],[-96.98045248700447,49.561648888821935],[-96.9349170877317,49.5615286962702],[-96.93499919537949,49.591044799754265],[-96.88916481339898,49.59080239089029],[-96.88928661319623,49.605611505328326],[-96.86642798931858,49.605417198676584],[-96.86643210617241,49.620224092583896],[-96.98063121796623,49.62064499221858],[-97.0488105656462,49.62067862340586]]]},"properties":{"DAUID":"46020082","DGUID":"2021S051246020082","LANDAREA":80.5033,"PRUID":"46","Province":"MB"}},
{"type":"Feature","geometry":{"type":"Polygon","coordinates":[[[-96.9349170877317,49.5615286962702],[-96.84360090797475,49.560896990766274],[-96.84390062171511,49.60242669195301],[-96.86642798931858,49.605417198676584],[-96.88928661319623,49.605611505328326],[-96.88916481339898,49.59080239089029],[-96.93499919537949,49.591044799754265],[-96.9349170877317,49.5615286962702]]]},"properties":{"DAUID":"46020083","DGUID":"2021S051246020083","LANDAREA":27.0513,"PRUID":"46","Province":"MB"}},
{"type":"Feature","geometry":{"type":"Polygon","coordinates":[[[-96.98499269018427,49.53197950927748],[-96.91805427111089,49.53217975713751],[-96.91783913348877,49.50246940221441],[-96.877826004115,49.502562710521026],[-96.87212898918297,49.51734610932953],[-96.8495507939645,49.51736919800179],[-96.8494600368565,49.53206677862895],[-96.82686051048044,49.53207600931556],[-96.82093048865217,49.5320903887855],[-96.82096551861986,49.545908599298],[-96.84356008208867,49.54612519074946],[-96.84360090797475,49.560896990766274],[-96.9349170877317,49.5615286962702],[-96.98045248700447,49.561648888821935],[-96.98035789365821,49.541146210437866],[-96.98499269018427,49.53197950927748]]]},"properties":{"DAUID":"46020084","DGUID":"2021S051246020084","LANDAREA":48.4747,"PRUID":"46","Province":"MB"}},
{"type":"Feature","geometry":{"type":"Polygon","coordinates":[[[-96.877826004115,49.502562710521026],[-96.8721747643925,49.49944010072572],[-96.87195971506765,49.487818797720934],[-96.84943541456745,49.48786980870777],[-96.84940518937631,49.47311610174874],[-96.82675019066718,49.47315120857809],[-96.78148229423388,49.473200110784376],[-96.78150258230296,49.48802570587016],[-96.80409640012071,49.48797120836337],[-96.8041265859444,49.5027250009628],[-96.82682350979822,49.50267699794347],[-96.82686051048044,49.53207600931556],[-96.8494600368565,49.53206677862895],[-96.8495507939645,49.51736919800179],[-96.87212898918297,49.51734610932953],[-96.877826004115,49.502562710521026]]]},"properties":{"DAUID":"46020085","DGUID":"2021S051246020085","LANDAREA":24.3881,"PRUID":"46","Province":"MB"}},
{"type":"Feature","geometry":{"type":"Polygon","coordinates":[[[-96.91783913348877,49.50246940221441],[-96.91804285006016,49.48806392366258],[-96.8947600982077,49.487768400950785],[-96.89470221450176,49.47302321195397],[-96.84940518937631,49.47311610174874],[-96.84943541456745,49.48786980870777],[-96.87195971506765,49.487818797720934],[-96.8721747643925,49.49944010072572],[-96.877826004115,49.502562710521026],[-96.91783913348877,49.50246940221441]]]},"properties":{"DAUID":"46020086","DGUID":"2021S051246020086","LANDAREA":10.662,"PRUID":"46","Province":"MB"}},
{"type":"Feature","geometry":{"type":"Polygon","coordinates":[[[-96.84940518937631,49.47311610174874],[-96.89470221450176,49.47302321195397],[-96.8947600982077,49.487768400950785],[-96.91804285006016,49.48806392366258],[-96.9170551967366,49.47294228972138],[-96.91699770255534,49.428726700152005],[-96.87186890409869,49.428750309187734],[-96.87192949948073,49.41396219928663],[-96.84913468304379,49.41403501179074],[-96.84926230897017,49.44359791194643],[-96.82670280038005,49.44365278990213],[-96.82675019066718,49.47315120857809],[-96.84940518937631,49.47311610174874]]]},"properties":{"DAUID":"46020087","DGUID":"2021S051246020087","LANDAREA":34.8993,"PRUID":"46","Province":"MB"}},
{"type":"Feature","geometry":{"type":"Polygon","coordinates":[[[-96.82675019066718,49.47315120857809],[-96.82670280038005,49.44365278990213],[-96.84926230897017,49.44359791194643],[-96.84913468304379,49.41403501179074],[-96.84913469922765,49.4089882882307],[-96.86051471084957,49.40346011133574],[-96.8491847180993,49.39932750063167],[-96.80392939813855,49.39938509771036],[-96.8039894812284,49.428928998216996],[-96.78146701756678,49.42892171030544],[-96.78141570182912,49.45848140556918],[-96.78148229423388,49.473200110784376],[-96.82675019066718,49.47315120857809]]]},"properties":{"DAUID":"46020088","DGUID":"2021S051246020088","LANDAREA":30.055,"PRUID":"46","Province":"MB"}},
{"type":"Feature","geometry":{"type":"Polygon","coordinates":[[[-96.84913469922765,49.4089882882307],[-96.86534438340927,49.40779549263666],[-96.86051471084957,49.40346011133574],[-96.84913469922765,49.4089882882307]]]},"properties":{"DAUID":"46020089","DGUID":"2021S051246020089","LANDAREA":0.5414,"PRUID":"46","Province":"MB"}},
{"type":"Feature","geometry":{"type":"Polygon","coordinates":[[[-96.91699770255534,49.428726700152005],[-96.91764330044468,49.354911691350466],[-96.84914998273105,49.35499470503645],[-96.8491847180993,49.39932750063167],[-96.86051471084957,49.40346011133574],[-96.86534438340927,49.40779549263666],[-96.84913469922765,49.4089882882307],[-96.84913468304379,49.41403501179074],[-96.87192949948073,49.41396219928663],[-96.87186890409869,49.428750309187734],[-96.91699770255534,49.428726700152005]]]},"properties":{"DAUID":"46020090","DGUID":"2021S051246020090","LANDAREA":36.7165,"PRUID":"46","Province":"MB"}},
{"type":"Feature","geometry":{"type":"Polygon","coordinates":[[[-96.9170551967366,49.47294228972138],[-96.98499750573488,49.473021812657215],[-96.98477470048121,49.44663899264982],[-96.97454224417385,49.44669548544469],[-96.97377571310615,49.433914166071474],[-96.98562009494464,49.433842209117806],[-97.000136667026,49.43378384556277],[-96.99999841752697,49.44024989495328],[-97.01489089963798,49.44040760819555],[-97.00784399850242,49.428429887314785],[-97.07554338150976,49.4285513087435],[-97.07500628716731,49.35484900973928],[-96.97634240055604,49.35467450957812],[-96.95254327940012,49.3255401894739],[-96.93998654229063,49.32550444258521],[-96.84914989584023,49.325631608037334],[-96.84914997608857,49.35461791535577],[-96.84914998273105,49.35499470503645],[-96.91764330044468,49.354911691350466],[-96.91699770255534,49.428726700152005],[-96.9170551967366,49.47294228972138]]]},"properties":{"DAUID":"46020091","DGUID":"2021S051246020091","LANDAREA":145.9091,"PRUID":"46","Province":"MB"}},
{"type":"Feature","geometry":{"type":"Polygon","coordinates":[[[-96.98562009494464,49.433842209117806],[-96.9908705081936,49.44696782930923],[-96.99999841752697,49.44024989495328],[-97.000136667026,49.43378384556277],[-96.98562009494464,49.433842209117806]]]},"properties":{"DAUID":"46020092","DGUID":"2021S051246020092","LANDAREA":1.315,"PRUID":"46","Province":"MB"}},
{"type":"Feature","geometry":{"type":"Polygon","coordinates":[[[-96.98477470048121,49.44663899264982],[-96.9908705081936,49.44696782930923],[-96.98562009494464,49.433842209117806],[-96.97377571310615,49.433914166071474],[-96.97454224417385,49.44669548544469],[-96.98477470048121,49.44663899264982]]]},"properties":{"DAUID":"46020093","DGUID":"2021S051246020093","LANDAREA":1.2926,"PRUID":"46","Province":"MB"}},
{"type":"Feature","geometry":{"type":"Polygon","coordinates":[[[-97.0613534099438,49.531638405406234],[-97.0611366869903,49.508120197102706],[-97.05224201493301,49.507035200564374],[-97.05150989696521,49.4962551114058],[-97.04110958536005,49.494541097065834],[-97.03040351384875,49.48395130369928],[-97.03011870707822,49.46623842684639],[-97.01903167580201,49.46157360993387],[-97.00387821172657,49.461906708381036],[-96.9908705081936,49.44696782930923],[-96.98477470048121,49.44663899264982],[-96.98499750573488,49.473021812657215],[-96.9170551967366,49.47294228972138],[-96.91804285006016,49.48806392366258],[-96.91783913348877,49.50246940221441],[-96.91805427111089,49.53217975713751],[-96.98499269018427,49.53197950927748],[-97.04863267011636,49.53167387585438],[-97.0613534099438,49.531638405406234]]]},"properties":{"DAUID":"46020094","DGUID":"2021S051246020094","LANDAREA":66.9384,"PRUID":"46","Province":"MB"}},
{"type":"Feature","geometry":{"type":"Polygon","coordinates":[[[-97.15996548284394,49.53193405397113],[-97.16557970365653,49.52451800307664],[-97.17664936919165,49.52444575256197],[-97.17646685315366,49.50235887048048],[-97.18296748564212,49.5023792086357],[-97.18786748162326,49.48756049480782],[-97.18797250095498,49.35480449212268],[-97.07500628716731,49.35484900973928],[-97.07554338150976,49.4285513087435],[-97.00784399850242,49.428429887314785],[-97.01489089963798,49.44040760819555],[-96.99999841752697,49.44024989495328],[-96.9908705081936,49.44696782930923],[-97.00387821172657,49.461906708381036],[-97.01903167580201,49.46157360993387],[-97.03011870707822,49.46623842684639],[-97.03040351384875,49.48395130369928],[-97.04110958536005,49.494541097065834],[-97.05150989696521,49.4962551114058],[-97.05224201493301,49.507035200564374],[-97.0611366869903,49.508120197102706],[-97.0613534099438,49.531638405406234],[-97.15996548284394,49.53193405397113]]]},"properties":{"DAUID":"46020095","DGUID":"2021S051246020095","LANDAREA":191.9364,"PRUID":"46","Province":"MB"}},
{"type":"Feature","geometry":{"type":"Polygon","coordinates":[[[-97.07500628716731,49.35484900973928],[-97.18797250095498,49.35480449212268],[-97.18800318867117,49.266214300186945],[-96.98455240410705,49.26628869734785],[-96.89419018449355,49.26641269299321],[-96.89948351129593,49.26833528681921],[-96.93903811518285,49.30320589167858],[-96.93956139130852,49.29593739053831],[-96.96207949665703,49.29590509932205],[-96.96162098269618,49.311019306320944],[-96.94896299327426,49.316642595807735],[-96.93998654229063,49.32550444258521],[-96.95254327940012,49.3255401894739],[-96.97634240055604,49.35467450957812],[-97.07500628716731,49.35484900973928]]]},"properties":{"DAUID":"46020096","DGUID":"2021S051246020096","LANDAREA":174.3497,"PRUID":"46","Province":"MB"}},
{"type":"Feature","geometry":{"type":"Polygon","coordinates":[[[-96.93903811518285,49.30320589167858],[-96.94896299327426,49.316642595807735],[-96.96162098269618,49.311019306320944],[-96.96207949665703,49.29590509932205],[-96.93956139130852,49.29593739053831],[-96.93903811518285,49.30320589167858]]]},"properties":{"DAUID":"46020097","DGUID":"2021S051246020097","LANDAREA":3.3749,"PRUID":"46","Province":"MB"}},
{"type":"Feature","geometry":{"type":"Polygon","coordinates":[[[-96.93998654229063,49.32550444258521],[-96.94896299327426,49.316642595807735],[-96.93903811518285,49.30320589167858],[-96.89948351129593,49.26833528681921],[-96.89419018449355,49.26641269299321],[-96.78000449696329,49.26627644904289],[-96.78125660236597,49.281498988985895],[-96.7813240069085,49.355016603138836],[-96.84914997608857,49.35461791535577],[-96.84914989584023,49.325631608037334],[-96.93998654229063,49.32550444258521]]]},"properties":{"DAUID":"46020098","DGUID":"2021S051246020098","LANDAREA":85.0592,"PRUID":"46","Province":"MB"}},
{"type":"Feature","geometry":{"type":"Polygon","coordinates":[[[-96.78601251319326,49.16323559374425],[-96.78102709841106,49.17809170683051],[-96.7811978144411,49.23684069787525],[-96.78000449696329,49.26627644904289],[-96.89419018449355,49.26641269299321],[-96.98455240410705,49.26628869734785],[-96.98431710437244,49.20727050266065],[-96.96291798415358,49.20728809189898],[-96.9455079843844,49.20731669046456],[-96.93963912364367,49.21465528752191],[-96.93987673340543,49.22931199842528],[-96.93427008206869,49.23676649379781],[-96.91681211068754,49.23682998925132],[-96.91678981415541,49.207313309916],[-96.93806472784497,49.207331427994234],[-96.93923551572904,49.19253059751056],[-96.94311358218211,49.17779210401633],[-96.94308139329969,49.13353920740176],[-96.78601181135164,49.133718589061004],[-96.78601251319326,49.16323559374425]]]},"properties":{"DAUID":"46020099","DGUID":"2021S051246020099","LANDAREA":184.5897,"PRUID":"46","Province":"MB"}},
{"type":"Feature","geometry":{"type":"Polygon","coordinates":[[[-96.96291798415358,49.20728809189898],[-96.96234042401991,49.199858956698634],[-96.97355038804031,49.19299657917399],[-96.93923551572904,49.19253059751056],[-96.93806472784497,49.207331427994234],[-96.91678981415541,49.207313309916],[-96.91681211068754,49.23682998925132],[-96.93427008206869,49.23676649379781],[-96.93987673340543,49.22931199842528],[-96.93963912364367,49.21465528752191],[-96.9455079843844,49.20731669046456],[-96.96291798415358,49.20728809189898]]]},"properties":{"DAUID":"46020100","DGUID":"2021S051246020100","LANDAREA":8.8985,"PRUID":"46","Province":"MB"}},
{"type":"Feature","geometry":{"type":"Polygon","coordinates":[[[-97.18800318867117,49.266214300186945],[-97.27826658322881,49.26606570481333],[-97.27710093238291,49.23717854641504],[-97.26635534933155,49.237294260896014],[-97.26542610546944,49.19236845362725],[-97.23301766297153,49.19228905719951],[-97.23481350159697,49.17743900893477],[-97.23474899882046,49.148003196285615],[-97.17667719779327,49.14823399088118],[-97.1621679930847,49.14213898868211],[-97.14456699214674,49.14069639258861],[-97.10023659279612,49.14071300433773],[-97.10022592089311,49.1334620072194],[-97.01064498689573,49.133500010522475],[-97.01057921569259,49.103973408946175],[-96.94342461096242,49.10403758930186],[-96.94308139329969,49.13353920740176],[-96.94311358218211,49.17779210401633],[-96.93923551572904,49.19253059751056],[-96.97355038804031,49.19299657917399],[-96.96234042401991,49.199858956698634],[-96.96291798415358,49.20728809189898],[-96.98431710437244,49.20727050266065],[-96.98455240410705,49.26628869734785],[-97.18800318867117,49.266214300186945]]]},"properties":{"DAUID":"46020101","DGUID":"2021S051246020101","LANDAREA":315.0045,"PRUID":"46","Province":"MB"}},
{"type":"Feature","geometry":{"type":"Polygon","coordinates":[[[-97.23474899882046,49.148003196285615],[-97.23524495502032,49.1229122978465],[-97.24239736578514,49.116135259552365],[-97.24004841968589,49.10342759769094],[-97.21670888846951,49.09688822286605],[-97.20945755227906,49.07511482389183],[-97.19848452847536,49.061627582697874],[-97.2003286031436,49.053884037168956],[-97.1883133858737,49.05004202884561],[-97.19646629920712,49.04128840208648],[-97.1883162608273,49.03445996490465],[-97.19853911217189,49.030569693805134],[-97.20081774526687,49.02267615505846],[-97.16726403198095,49.02264562431531],[-97.16706417852846,49.00046001541152],[-97.05508222774858,49.0004822153352],[-97.05509639515827,49.01522849798274],[-97.07752741851884,49.0152177106645],[-97.07751939478432,49.029980494556334],[-97.01028879072071,49.03000099060009],[-97.01057921569259,49.103973408946175],[-97.01064498689573,49.133500010522475],[-97.10022592089311,49.1334620072194],[-97.10023659279612,49.14071300433773],[-97.14456699214674,49.14069639258861],[-97.1621679930847,49.14213898868211],[-97.17667719779327,49.14823399088118],[-97.23474899882046,49.148003196285615]]]},"properties":{"DAUID":"46020102","DGUID":"2021S051246020102","LANDAREA":208.9519,"PRUID":"46","Province":"MB"}},
{"type":"Feature","geometry":{"type":"Polygon","coordinates":[[[-97.26542610546944,49.19236845362725],[-97.29248952482364,49.188081356304515],[-97.28987144370846,49.1804046478743],[-97.30519318540465,49.177540432977594],[-97.29103812460662,49.174563510898615],[-97.27141270535016,49.1512236212916],[-97.2559525569749,49.14493640256115],[-97.25432838369964,49.13161576371486],[-97.24600055100399,49.12438311298649],[-97.23524495502032,49.1229122978465],[-97.23474899882046,49.148003196285615],[-97.23481350159697,49.17743900893477],[-97.23301766297153,49.19228905719951],[-97.26542610546944,49.19236845362725]]]},"properties":{"DAUID":"46020103","DGUID":"2021S051246020103","LANDAREA":22.184,"PRUID":"46","Province":"MB"}},
{"type":"Feature","geometry":{"type":"Polygon","coordinates":[[[-96.78601181135164,49.133718589061004],[-96.94308139329969,49.13353920740176],[-96.94342461096242,49.10403758930186],[-97.01057921569259,49.103973408946175],[-97.01028879072071,49.03000099060009],[-97.07751939478432,49.029980494556334],[-97.07752741851884,49.0152177106645],[-97.05509639515827,49.01522849798274],[-97.05508222774858,49.0004822153352],[-96.7863016150302,49.00020549930652],[-96.78601181135164,49.133718589061004]]]},"properties":{"DAUID":"46020104","DGUID":"2021S051246020104","LANDAREA":239.8157,"PRUID":"46","Province":"MB"}},
{"type":"Feature","geometry":{"type":"Polygon","coordinates":[[[-96.64627922793935,49.26639127833043],[-96.64596998140722,49.34820880602689],[-96.66510801296133,49.357269495336226],[-96.68675531648012,49.37024560144625],[-96.71328168568387,49.37008089007356],[-96.71340670906726,49.38489999001756],[-96.78142559284213,49.38457960021378],[-96.78138900803212,49.36978938815522],[-96.80389949660531,49.36976958828436],[-96.80392939813855,49.39938509771036],[-96.8491847180993,49.39932750063167],[-96.84914998273105,49.35499470503645],[-96.84914997608857,49.35461791535577],[-96.7813240069085,49.355016603138836],[-96.78125660236597,49.281498988985895],[-96.78000449696329,49.26627644904289],[-96.64627922793935,49.26639127833043]]]},"properties":{"DAUID":"46020105","DGUID":"2021S051246020105","LANDAREA":136.2891,"PRUID":"46","Province":"MB"}},
{"type":"Feature","geometry":{"type":"Polygon","coordinates":[[[-96.80392939813855,49.39938509771036],[-96.80389949660531,49.36976958828436],[-96.78138900803212,49.36978938815522],[-96.78142559284213,49.38457960021378],[-96.71340670906726,49.38489999001756],[-96.71328168568387,49.37008089007356],[-96.68675531648012,49.37024560144625],[-96.66510801296133,49.357269495336226],[-96.64596998140722,49.34820880602689],[-96.6457562031577,49.39939269721331],[-96.69090440059871,49.399287095788],[-96.69103401084796,49.428841792041645],[-96.78146701756678,49.42892171030544],[-96.8039894812284,49.428928998216996],[-96.80392939813855,49.39938509771036]]]},"properties":{"DAUID":"46020106","DGUID":"2021S051246020106","LANDAREA":59.9566,"PRUID":"46","Province":"MB"}},
{"type":"Feature","geometry":{"type":"Polygon","coordinates":[[[-96.7593166933314,49.50272901243068],[-96.73665059241026,49.5027013912004],[-96.73669170813065,49.5323347034108],[-96.75662800523332,49.53221040856687],[-96.77079476891434,49.525063147649355],[-96.75938888475234,49.51747469911277],[-96.7593166933314,49.50272901243068]]]},"properties":{"DAUID":"46020110","DGUID":"2021S051246020110","LANDAREA":6.1662,"PRUID":"46","Province":"MB"}},
{"type":"Feature","geometry":{"type":"Polygon","coordinates":[[[-96.75662800523332,49.53221040856687],[-96.75656958321514,49.53408940333982],[-96.77081031745672,49.53217869996338],[-96.77079476891434,49.525063147649355],[-96.75662800523332,49.53221040856687]]]},"properties":{"DAUID":"46020111","DGUID":"2021S051246020111","LANDAREA":0.886,"PRUID":"46","Province":"MB"}},
{"type":"Feature","geometry":{"type":"Polygon","coordinates":[[[-96.75656958321514,49.53408940333982],[-96.75624100322152,49.54548968836352],[-96.77547208776946,49.54548341203429],[-96.7754993900895,49.53209810466497],[-96.77081031745672,49.53217869996338],[-96.75656958321514,49.53408940333982]]]},"properties":{"DAUID":"46020112","DGUID":"2021S051246020112","LANDAREA":1.7411,"PRUID":"46","Province":"MB"}},
{"type":"Feature","geometry":{"type":"Polygon","coordinates":[[[-96.82686051048044,49.53207600931556],[-96.82682350979822,49.50267699794347],[-96.8041265859444,49.5027250009628],[-96.80409640012071,49.48797120836337],[-96.78150258230296,49.48802570587016],[-96.78149908119539,49.50276089638897],[-96.7593166933314,49.50272901243068],[-96.75938888475234,49.51747469911277],[-96.77079476891434,49.525063147649355],[-96.77081031745672,49.53217869996338],[-96.7754993900895,49.53209810466497],[-96.82093048865217,49.5320903887855],[-96.82686051048044,49.53207600931556]]]},"properties":{"DAUID":"46020113","DGUID":"2021S051246020113","LANDAREA":17.29,"PRUID":"46","Province":"MB"}},
{"type":"Feature","geometry":{"type":"Polygon","coordinates":[[[-96.64158280707463,49.60412900019519],[-96.64119839564236,49.61897330772028],[-96.70951740708348,49.61922150963983],[-96.77549788714224,49.61943819561738],[-96.7754916898307,49.60467609429852],[-96.7192370099002,49.604460709619644],[-96.70401295840118,49.60542600208685],[-96.69955653981182,49.6120854358522],[-96.68685055436086,49.61238936873342],[-96.68702081810544,49.60423670364444],[-96.68814018208562,49.56733070951596],[-96.67622296412834,49.567155883908605],[-96.67630761841959,49.54510790455562],[-96.65518098858138,49.53215010976428],[-96.64597400774785,49.53218799136532],[-96.64301731325271,49.53216378637439],[-96.64158280707463,49.60412900019519]]]},"properties":{"DAUID":"46020116","DGUID":"2021S051246020116","LANDAREA":36.1487,"PRUID":"46","Province":"MB"}},
{"type":"Feature","geometry":{"type":"Polygon","coordinates":[[[-96.7754916898307,49.60467609429852],[-96.77548871714224,49.58984199221974],[-96.75552238374088,49.58980720223282],[-96.71011439591386,49.589646007165754],[-96.70985131065513,49.60442100561823],[-96.68702081810544,49.60423670364444],[-96.68685055436086,49.61238936873342],[-96.69955653981182,49.6120854358522],[-96.70401295840118,49.60542600208685],[-96.7192370099002,49.604460709619644],[-96.7754916898307,49.60467609429852]]]},"properties":{"DAUID":"46020117","DGUID":"2021S051246020117","LANDAREA":8.6925,"PRUID":"46","Province":"MB"}},
{"type":"Feature","geometry":{"type":"Polygon","coordinates":[[[-96.67941839491792,49.52847390786907],[-96.67552478246422,49.5321830080583],[-96.68101138901743,49.532194204209326],[-96.68532469796202,49.53217260630178],[-96.68355110523991,49.5272973129316],[-96.6815055087718,49.5284707993547],[-96.67941839491792,49.52847390786907]]]},"properties":{"DAUID":"46020120","DGUID":"2021S051246020120","LANDAREA":0.2553,"PRUID":"46","Province":"MB"}},
{"type":"Feature","geometry":{"type":"Polygon","coordinates":[[[-96.67941839491792,49.52847390786907],[-96.67441551473252,49.528472388056194],[-96.66960628915399,49.528465490186036],[-96.67552478246422,49.5321830080583],[-96.67941839491792,49.52847390786907]]]},"properties":{"DAUID":"46020121","DGUID":"2021S051246020121","LANDAREA":0.2152,"PRUID":"46","Province":"MB"}},
{"type":"Feature","geometry":{"type":"Polygon","coordinates":[[[-96.67630761841959,49.54510790455562],[-96.6881678170451,49.54514771110946],[-96.68101138901743,49.532194204209326],[-96.67552478246422,49.5321830080583],[-96.66960628915399,49.528465490186036],[-96.65518098858138,49.53215010976428],[-96.67630761841959,49.54510790455562]]]},"properties":{"DAUID":"46020122","DGUID":"2021S051246020122","LANDAREA":2.4888,"PRUID":"46","Province":"MB"}},
{"type":"Feature","geometry":{"type":"Polygon","coordinates":[[[-96.65518098858138,49.53215010976428],[-96.66960628915399,49.528465490186036],[-96.67441551473252,49.528472388056194],[-96.67055741664859,49.521539799695965],[-96.67300091296158,49.51984379558417],[-96.66926369140089,49.51794231110596],[-96.64604428940227,49.51748999756883],[-96.64597400774785,49.53218799136532],[-96.65518098858138,49.53215010976428]]]},"properties":{"DAUID":"46020123","DGUID":"2021S051246020123","LANDAREA":2.7992,"PRUID":"46","Province":"MB"}},
{"type":"Feature","geometry":{"type":"Polygon","coordinates":[[[-96.6815055087718,49.5284707993547],[-96.67528351102601,49.52445059955006],[-96.67055741664859,49.521539799695965],[-96.67441551473252,49.528472388056194],[-96.67941839491792,49.52847390786907],[-96.6815055087718,49.5284707993547]]]},"properties":{"DAUID":"46020124","DGUID":"2021S051246020124","LANDAREA":0.313,"PRUID":"46","Province":"MB"}},
{"type":"Feature","geometry":{"type":"Polygon","coordinates":[[[-96.67055741664859,49.521539799695965],[-96.67528351102601,49.52445059955006],[-96.67966918410553,49.52142609706432],[-96.67300091296158,49.51984379558417],[-96.67055741664859,49.521539799695965]]]},"properties":{"DAUID":"46020125","DGUID":"2021S051246020125","LANDAREA":0.2491,"PRUID":"46","Province":"MB"}},
{"type":"Feature","geometry":{"type":"Polygon","coordinates":[[[-96.68355110523991,49.5272973129316],[-96.68629460780402,49.52539110905233],[-96.68559269533759,49.52328101113937],[-96.68357868168118,49.52203519249328],[-96.67966918410553,49.52142609706432],[-96.67528351102601,49.52445059955006],[-96.6815055087718,49.5284707993547],[-96.68355110523991,49.5272973129316]]]},"properties":{"DAUID":"46020126","DGUID":"2021S051246020126","LANDAREA":0.3303,"PRUID":"46","Province":"MB"}},
{"type":"Feature","geometry":{"type":"Polygon","coordinates":[[[-96.67300091296158,49.51984379558417],[-96.67966918410553,49.52142609706432],[-96.68357868168118,49.52203519249328],[-96.67843590612657,49.51741609561259],[-96.66926369140089,49.51794231110596],[-96.67300091296158,49.51984379558417]]]},"properties":{"DAUID":"46020127","DGUID":"2021S051246020127","LANDAREA":0.2961,"PRUID":"46","Province":"MB"}},
{"type":"Feature","geometry":{"type":"Polygon","coordinates":[[[-96.68559269533759,49.52328101113937],[-96.68987601234713,49.52036198649273],[-96.69142338663056,49.51743329319094],[-96.69120299898859,49.5174199066429],[-96.68946189848317,49.51742110868978],[-96.67843590612657,49.51741609561259],[-96.68357868168118,49.52203519249328],[-96.68559269533759,49.52328101113937]]]},"properties":{"DAUID":"46020128","DGUID":"2021S051246020128","LANDAREA":0.3117,"PRUID":"46","Province":"MB"}},
{"type":"Feature","geometry":{"type":"Polygon","coordinates":[[[-96.68629460780402,49.52539110905233],[-96.69122598290951,49.524851000527505],[-96.69144800290358,49.52219261176682],[-96.68987601234713,49.52036198649273],[-96.68559269533759,49.52328101113937],[-96.68629460780402,49.52539110905233]]]},"properties":{"DAUID":"46020129","DGUID":"2021S051246020129","LANDAREA":0.1754,"PRUID":"46","Province":"MB"}},
{"type":"Feature","geometry":{"type":"Polygon","coordinates":[[[-96.69122598290951,49.524851000527505],[-96.69711309772875,49.524851394748346],[-96.69144800290358,49.52219261176682],[-96.69122598290951,49.524851000527505]]]},"properties":{"DAUID":"46020130","DGUID":"2021S051246020130","LANDAREA":0.1679,"PRUID":"46","Province":"MB"}},
{"type":"Feature","geometry":{"type":"Polygon","coordinates":[[[-96.69122598290951,49.524851000527505],[-96.6971487072104,49.52938609334511],[-96.69711309772875,49.524851394748346],[-96.69122598290951,49.524851000527505]]]},"properties":{"DAUID":"46020131","DGUID":"2021S051246020131","LANDAREA":0.1889,"PRUID":"46","Province":"MB"}},
{"type":"Feature","geometry":{"type":"Polygon","coordinates":[[[-96.69120299898859,49.5174199066429],[-96.69131299817433,49.51215041008355],[-96.68946189848317,49.51742110868978],[-96.69120299898859,49.5174199066429]]]},"properties":{"DAUID":"46020134","DGUID":"2021S051246020134","LANDAREA":0.2127,"PRUID":"46","Province":"MB"}},
{"type":"Feature","geometry":{"type":"Polygon","coordinates":[[[-96.64597400774785,49.53218799136532],[-96.64604428940227,49.51748999756883],[-96.64596830384201,49.50267199949428],[-96.6010592937897,49.50271158933478],[-96.60096520974041,49.4879741045924],[-96.57839661351564,49.48806130383443],[-96.57854528180344,49.51749960026856],[-96.57856211038866,49.53226251042163],[-96.64301731325271,49.53216378637439],[-96.64597400774785,49.53218799136532]]]},"properties":{"DAUID":"46020136","DGUID":"2021S051246020136","LANDAREA":18.6929,"PRUID":"46","Province":"MB"}},
{"type":"Feature","geometry":{"type":"Polygon","coordinates":[[[-96.64301731325271,49.53216378637439],[-96.57856211038866,49.53226251042163],[-96.57090430178421,49.532272806851815],[-96.57096228422392,49.54476050450384],[-96.59382819921206,49.54450089068281],[-96.59374490102307,49.60384560505318],[-96.64158280707463,49.60412900019519],[-96.64301731325271,49.53216378637439]]]},"properties":{"DAUID":"46020137","DGUID":"2021S051246020137","LANDAREA":30.0943,"PRUID":"46","Province":"MB"}},
{"type":"Feature","geometry":{"type":"Polygon","coordinates":[[[-96.57854528180344,49.51749960026856],[-96.51052099663221,49.5175035077901],[-96.51058400530414,49.5323123913346],[-96.52616270903157,49.53255680136196],[-96.57090430178421,49.532272806851815],[-96.57856211038866,49.53226251042163],[-96.57854528180344,49.51749960026856]]]},"properties":{"DAUID":"46020138","DGUID":"2021S051246020138","LANDAREA":8.005,"PRUID":"46","Province":"MB"}},
{"type":"Feature","geometry":{"type":"Polygon","coordinates":[[[-96.57090430178421,49.532272806851815],[-96.52616270903157,49.53255680136196],[-96.52559608494394,49.557724706218096],[-96.52800779419557,49.56692529010521],[-96.54818748945934,49.57438968903808],[-96.54824440326735,49.64828389179716],[-96.57132840546096,49.64823988684013],[-96.56654220408886,49.655866810713626],[-96.57668238826442,49.656763312744054],[-96.59350299937512,49.631799890212214],[-96.60758048072807,49.63930648995427],[-96.59467890397634,49.61355359486201],[-96.59374490102307,49.60384560505318],[-96.59382819921206,49.54450089068281],[-96.57096228422392,49.54476050450384],[-96.57090430178421,49.532272806851815]]]},"properties":{"DAUID":"46020139","DGUID":"2021S051246020139","LANDAREA":47.9201,"PRUID":"46","Province":"MB"}},
{"type":"Feature","geometry":{"type":"Polygon","coordinates":[[[-96.36616459734593,49.56200696396404],[-96.37561843862177,49.559927369766264],[-96.38676224697456,49.56440656630214],[-96.38674585238337,49.57582825205892],[-96.39972798488563,49.574296103159895],[-96.43435469160758,49.57428670438766],[-96.43411029698136,49.58870211038167],[-96.45686549706568,49.5891236934765],[-96.45681478199712,49.655504502968405],[-96.46848388715601,49.65627310711554],[-96.50269801558375,49.653544098548856],[-96.52543048104884,49.65611048924246],[-96.56654220408886,49.655866810713626],[-96.57132840546096,49.64823988684013],[-96.54824440326735,49.64828389179716],[-96.54818748945934,49.57438968903808],[-96.52800779419557,49.56692529010521],[-96.52559608494394,49.557724706218096],[-96.52616270903157,49.53255680136196],[-96.51058400530414,49.5323123913346],[-96.42026679050727,49.53240188796189],[-96.37538718177824,49.53217117558048],[-96.36754035339818,49.53214023381682],[-96.36616459734593,49.56200696396404]]]},"properties":{"DAUID":"46020140","DGUID":"2021S051246020140","LANDAREA":115.9019,"PRUID":"46","Province":"MB"}},
{"type":"Feature","geometry":{"type":"Polygon","coordinates":[[[-96.36613052874405,49.617879951202646],[-96.36568359212285,49.66283070817934],[-96.45683000749281,49.6629175106392],[-96.45681478199712,49.655504502968405],[-96.45686549706568,49.5891236934765],[-96.43411029698136,49.58870211038167],[-96.43435469160758,49.57428670438766],[-96.39972798488563,49.574296103159895],[-96.38674585238337,49.57582825205892],[-96.38676224697456,49.56440656630214],[-96.37561843862177,49.559927369766264],[-96.36616459734593,49.56200696396404],[-96.36734391392542,49.593031301611795],[-96.36613052874405,49.617879951202646]]]},"properties":{"DAUID":"46020141","DGUID":"2021S051246020141","LANDAREA":62.7974,"PRUID":"46","Province":"MB"}},
{"type":"Feature","geometry":{"type":"Polygon","coordinates":[[[-96.36717337477752,49.707271056316685],[-96.52550278440562,49.707379695846825],[-96.52543048104884,49.65611048924246],[-96.50269801558375,49.653544098548856],[-96.46848388715601,49.65627310711554],[-96.45681478199712,49.655504502968405],[-96.45683000749281,49.6629175106392],[-96.36568359212285,49.66283070817934],[-96.36717337477752,49.707271056316685]]]},"properties":{"DAUID":"46020142","DGUID":"2021S051246020142","LANDAREA":60.9748,"PRUID":"46","Province":"MB"}},
{"type":"Feature","geometry":{"type":"Polygon","coordinates":[[[-96.56654220408886,49.655866810713626],[-96.52543048104884,49.65611048924246],[-96.52550278440562,49.707379695846825],[-96.64083012051236,49.70769500230492],[-96.6424299176514,49.70772990034911],[-96.65300591161075,49.692763189355155],[-96.65809748600614,49.67973250867463],[-96.64903708633982,49.67943121007755],[-96.6310204087229,49.67108229861994],[-96.61830578405636,49.68973349764055],[-96.57042511367199,49.6705486867057],[-96.57668238826442,49.656763312744054],[-96.56654220408886,49.655866810713626]]]},"properties":{"DAUID":"46020147","DGUID":"2021S051246020147","LANDAREA":37.6756,"PRUID":"46","Province":"MB"}},
{"type":"Feature","geometry":{"type":"Polygon","coordinates":[[[-96.64903708633982,49.67943121007755],[-96.65388648313943,49.67159599042018],[-96.63456459431904,49.66530140852708],[-96.6310204087229,49.67108229861994],[-96.64903708633982,49.67943121007755]]]},"properties":{"DAUID":"46020148","DGUID":"2021S051246020148","LANDAREA":1.0224,"PRUID":"46","Province":"MB"}},
{"type":"Feature","geometry":{"type":"Polygon","coordinates":[[[-96.65388648313943,49.67159599042018],[-96.66118828781921,49.663278689687615],[-96.6484262069255,49.661805701421926],[-96.63632834265393,49.655850485641956],[-96.63038371971943,49.66406439720036],[-96.63456459431904,49.66530140852708],[-96.65388648313943,49.67159599042018]]]},"properties":{"DAUID":"46020149","DGUID":"2021S051246020149","LANDAREA":1.8205,"PRUID":"46","Province":"MB"}},
{"type":"Feature","geometry":{"type":"Polygon","coordinates":[[[-96.65809748600614,49.67973250867463],[-96.6667816179956,49.66542470739525],[-96.66118828781921,49.663278689687615],[-96.65388648313943,49.67159599042018],[-96.64903708633982,49.67943121007755],[-96.65809748600614,49.67973250867463]]]},"properties":{"DAUID":"46020150","DGUID":"2021S051246020150","LANDAREA":1.2932,"PRUID":"46","Province":"MB"}},
{"type":"Feature","geometry":{"type":"Polygon","coordinates":[[[-96.64158280707463,49.60412900019519],[-96.59374490102307,49.60384560505318],[-96.59467890397634,49.61355359486201],[-96.60758048072807,49.63930648995427],[-96.59350299937512,49.631799890212214],[-96.57668238826442,49.656763312744054],[-96.61610848877444,49.660388905160666],[-96.63038371971943,49.66406439720036],[-96.63632834265393,49.655850485641956],[-96.6484262069255,49.661805701421926],[-96.66118828781921,49.663278689687615],[-96.6667816179956,49.66542470739525],[-96.6717007937702,49.65557440468159],[-96.68485731340608,49.64200280398631],[-96.70845039340249,49.64874249519267],[-96.70951740708348,49.61922150963983],[-96.64119839564236,49.61897330772028],[-96.64158280707463,49.60412900019519]]]},"properties":{"DAUID":"46020151","DGUID":"2021S051246020151","LANDAREA":40.3802,"PRUID":"46","Province":"MB"}},
{"type":"Feature","geometry":{"type":"Polygon","coordinates":[[[-96.6310204087229,49.67108229861994],[-96.63456459431904,49.66530140852708],[-96.63038371971943,49.66406439720036],[-96.61610848877444,49.660388905160666],[-96.57668238826442,49.656763312744054],[-96.57042511367199,49.6705486867057],[-96.61830578405636,49.68973349764055],[-96.6310204087229,49.67108229861994]]]},"properties":{"DAUID":"46020152","DGUID":"2021S051246020152","LANDAREA":9.8496,"PRUID":"46","Province":"MB"}},
{"type":"Feature","geometry":{"type":"Polygon","coordinates":[[[-96.70951740708348,49.61922150963983],[-96.70845039340249,49.64874249519267],[-96.68485731340608,49.64200280398631],[-96.6717007937702,49.65557440468159],[-96.6667816179956,49.66542470739525],[-96.65809748600614,49.67973250867463],[-96.65300591161075,49.692763189355155],[-96.6424299176514,49.70772990034911],[-96.77585658673459,49.70851196567479],[-96.77556239232824,49.64902639833233],[-96.77549788714224,49.61943819561738],[-96.70951740708348,49.61922150963983]]]},"properties":{"DAUID":"46020153","DGUID":"2021S051246020153","LANDAREA":71.2154,"PRUID":"46","Province":"MB"}},
{"type":"Feature","geometry":{"type":"Polygon","coordinates":[[[-96.51052099663221,49.5175035077901],[-96.50385721588816,49.51594739208456],[-96.4831065907187,49.50270499937866],[-96.42015619427572,49.50273890512403],[-96.42026679050727,49.53240188796189],[-96.51058400530414,49.5323123913346],[-96.51052099663221,49.5175035077901]]]},"properties":{"DAUID":"46020165","DGUID":"2021S051246020165","LANDAREA":19.7522,"PRUID":"46","Province":"MB"}},
{"type":"Feature","geometry":{"type":"Polygon","coordinates":[[[-96.60096520974041,49.4879741045924],[-96.60059991663701,49.44375059647758],[-96.55540129489813,49.443757092071856],[-96.55527629269872,49.429072701120454],[-96.51048819823168,49.4291331917629],[-96.51055431302588,49.47330599389752],[-96.45445969193244,49.473379909397956],[-96.46223408617075,49.47894849298966],[-96.46806031414512,49.49206680834949],[-96.4831065907187,49.50270499937866],[-96.50385721588816,49.51594739208456],[-96.51052099663221,49.5175035077901],[-96.57854528180344,49.51749960026856],[-96.57839661351564,49.48806130383443],[-96.60096520974041,49.4879741045924]]]},"properties":{"DAUID":"46020166","DGUID":"2021S051246020166","LANDAREA":65.6823,"PRUID":"46","Province":"MB"}},
{"type":"Feature","geometry":{"type":"Polygon","coordinates":[[[-96.37538718177824,49.53217117558048],[-96.42026679050727,49.53240188796189],[-96.42015619427572,49.50273890512403],[-96.4831065907187,49.50270499937866],[-96.46806031414512,49.49206680834949],[-96.46223408617075,49.47894849298966],[-96.45445969193244,49.473379909397956],[-96.44475761181259,49.461119806226925],[-96.41991598893658,49.44400579328445],[-96.41988148731102,49.399716004365686],[-96.48705619262078,49.39968624589527],[-96.48769954380431,49.355348779075875],[-96.51022758167694,49.35525000590937],[-96.51012991213301,49.28461729545936],[-96.4738814881123,49.26706961127725],[-96.37447498700129,49.26702019396219],[-96.37614444358942,49.271496358215764],[-96.37642041433759,49.355114365869234],[-96.37469991619216,49.41389301128101],[-96.37538718177824,49.53217117558048]]]},"properties":{"DAUID":"46020167","DGUID":"2021S051246020167","LANDAREA":197.3376,"PRUID":"46","Province":"MB"}},
{"type":"Feature","geometry":{"type":"Polygon","coordinates":[[[-96.4738814881123,49.26706961127725],[-96.51012991213301,49.28461729545936],[-96.51022758167694,49.35525000590937],[-96.48769954380431,49.355348779075875],[-96.48705619262078,49.39968624589527],[-96.41988148731102,49.399716004365686],[-96.41991598893658,49.44400579328445],[-96.44475761181259,49.461119806226925],[-96.45445969193244,49.473379909397956],[-96.51055431302588,49.47330599389752],[-96.51048819823168,49.4291331917629],[-96.55527629269872,49.429072701120454],[-96.55540129489813,49.443757092071856],[-96.60059991663701,49.44375059647758],[-96.60096520974041,49.4879741045924],[-96.6010592937897,49.50271158933478],[-96.64596830384201,49.50267199949428],[-96.6457562031577,49.39939269721331],[-96.64596998140722,49.34820880602689],[-96.64627922793935,49.26639127833043],[-96.4872068109182,49.2667215911442],[-96.4738814881123,49.26706961127725]]]},"properties":{"DAUID":"46020168","DGUID":"2021S051246020168","LANDAREA":269.4962,"PRUID":"46","Province":"MB"}},
{"type":"Feature","geometry":{"type":"Polygon","coordinates":[[[-97.19853911217189,49.030569693805134],[-97.22509851575798,49.03216806174143],[-97.22505133248153,49.03795688594173],[-97.25780091650188,49.03766899389444],[-97.25770438850596,49.000465292696816],[-97.16706417852846,49.00046001541152],[-97.16726403198095,49.02264562431531],[-97.20081774526687,49.02267615505846],[-97.19853911217189,49.030569693805134]]]},"properties":{"DAUID":"46020169","DGUID":"2021S051246020169","LANDAREA":21.8279,"PRUID":"46","Province":"MB"}},
{"type":"Feature","geometry":{"type":"Polygon","coordinates":[[[-96.6457562031577,49.39939269721331],[-96.64596830384201,49.50267199949428],[-96.66864709967625,49.50272669544936],[-96.66862026867902,49.495473435854514],[-96.69121469393417,49.49533019109638],[-96.69103401084796,49.428841792041645],[-96.69090440059871,49.399287095788],[-96.6457562031577,49.39939269721331]]]},"properties":{"DAUID":"46020173","DGUID":"2021S051246020173","LANDAREA":36.4182,"PRUID":"46","Province":"MB"}},
{"type":"Feature","geometry":{"type":"Polygon","coordinates":[[[-96.66926369140089,49.51794231110596],[-96.67843590612657,49.51741609561259],[-96.68946189848317,49.51742110868978],[-96.69131299817433,49.51215041008355],[-96.69121469393417,49.49533019109638],[-96.66862026867902,49.495473435854514],[-96.66864709967625,49.50272669544936],[-96.64596830384201,49.50267199949428],[-96.64604428940227,49.51748999756883],[-96.66926369140089,49.51794231110596]]]},"properties":{"DAUID":"46020174","DGUID":"2021S051246020174","LANDAREA":6.506,"PRUID":"46","Province":"MB"}},
{"type":"Feature","geometry":{"type":"Polygon","coordinates":[[[-96.78146701756678,49.42892171030544],[-96.69103401084796,49.428841792041645],[-96.69121469393417,49.49533019109638],[-96.71391520557756,49.49549780430052],[-96.71386560970328,49.4732142005739],[-96.73654721187789,49.473210706650676],[-96.73641339983189,49.45844569985605],[-96.78141570182912,49.45848140556918],[-96.78146701756678,49.42892171030544]]]},"properties":{"DAUID":"46020176","DGUID":"2021S051246020176","LANDAREA":30.9884,"PRUID":"46","Province":"MB"}},
{"type":"Feature","geometry":{"type":"Polygon","coordinates":[[[-96.78148229423388,49.473200110784376],[-96.78141570182912,49.45848140556918],[-96.73641339983189,49.45844569985605],[-96.73654721187789,49.473210706650676],[-96.71386560970328,49.4732142005739],[-96.71391520557756,49.49549780430052],[-96.71402819077582,49.517441505322516],[-96.71995493934982,49.517447664946296],[-96.72243732467358,49.532350303598385],[-96.73391358908765,49.53233430227123],[-96.73669170813065,49.5323347034108],[-96.73665059241026,49.5027013912004],[-96.7593166933314,49.50272901243068],[-96.78149908119539,49.50276089638897],[-96.78150258230296,49.48802570587016],[-96.78148229423388,49.473200110784376]]]},"properties":{"DAUID":"46020179","DGUID":"2021S051246020179","LANDAREA":25.9863,"PRUID":"46","Province":"MB"}},
{"type":"Feature","geometry":{"type":"Polygon","coordinates":[[[-96.69142338663056,49.51743329319094],[-96.71402819077582,49.517441505322516],[-96.71391520557756,49.49549780430052],[-96.69121469393417,49.49533019109638],[-96.69131299817433,49.51215041008355],[-96.69120299898859,49.5174199066429],[-96.69142338663056,49.51743329319094]]]},"properties":{"DAUID":"46020180","DGUID":"2021S051246020180","LANDAREA":3.9804,"PRUID":"46","Province":"MB"}},
{"type":"Feature","geometry":{"type":"Polygon","coordinates":[[[-96.68987601234713,49.52036198649273],[-96.69144800290358,49.52219261176682],[-96.69711309772875,49.524851394748346],[-96.6971487072104,49.52938609334511],[-96.72243732467358,49.532350303598385],[-96.71995493934982,49.517447664946296],[-96.71402819077582,49.517441505322516],[-96.69142338663056,49.51743329319094],[-96.68987601234713,49.52036198649273]]]},"properties":{"DAUID":"46020181","DGUID":"2021S051246020181","LANDAREA":3.1192,"PRUID":"46","Province":"MB"}},
{"type":"Feature","geometry":{"type":"Polygon","coordinates":[[[-96.86642798931858,49.605417198676584],[-96.84390062171511,49.60242669195301],[-96.84360090797475,49.560896990766274],[-96.84356008208867,49.54612519074946],[-96.82096551861986,49.545908599298],[-96.82093048865217,49.5320903887855],[-96.7754993900895,49.53209810466497],[-96.77547208776946,49.54548341203429],[-96.75624100322152,49.54548968836352],[-96.75656958321514,49.53408940333982],[-96.75662800523332,49.53221040856687],[-96.73669170813065,49.5323347034108],[-96.73391358908765,49.53233430227123],[-96.73361448997561,49.54537240977308],[-96.74923262771225,49.545444085623025],[-96.74479950335567,49.560198677888735],[-96.75592277991821,49.56764959999249],[-96.75552238374088,49.58980720223282],[-96.77548871714224,49.58984199221974],[-96.7754916898307,49.60467609429852],[-96.77549788714224,49.61943819561738],[-96.84374560046906,49.620055400416376],[-96.86643210617241,49.620224092583896],[-96.86642798931858,49.605417198676584]]]},"properties":{"DAUID":"46020185","DGUID":"2021S051246020185","LANDAREA":58.7466,"PRUID":"46","Province":"MB"}},
{"type":"Feature","geometry":{"type":"Polygon","coordinates":[[[-96.68814018208562,49.56733070951596],[-96.710461549559,49.56734487452443],[-96.71070470214822,49.55267000205141],[-96.71087150893734,49.5453832985983],[-96.68861059576976,49.545138504584685],[-96.68532469796202,49.53217260630178],[-96.68101138901743,49.532194204209326],[-96.6881678170451,49.54514771110946],[-96.67630761841959,49.54510790455562],[-96.67622296412834,49.567155883908605],[-96.68814018208562,49.56733070951596]]]},"properties":{"DAUID":"46020189","DGUID":"2021S051246020189","LANDAREA":6.4284,"PRUID":"46","Province":"MB"}},
{"type":"Feature","geometry":{"type":"Polygon","coordinates":[[[-96.68702081810544,49.60423670364444],[-96.70985131065513,49.60442100561823],[-96.71011439591386,49.589646007165754],[-96.75552238374088,49.58980720223282],[-96.75592277991821,49.56764959999249],[-96.733163724223,49.567473510230066],[-96.7334648179884,49.552824459293376],[-96.71070470214822,49.55267000205141],[-96.710461549559,49.56734487452443],[-96.68814018208562,49.56733070951596],[-96.68702081810544,49.60423670364444]]]},"properties":{"DAUID":"46020190","DGUID":"2021S051246020190","LANDAREA":17.8428,"PRUID":"46","Province":"MB"}},
{"type":"Feature","geometry":{"type":"Polygon","coordinates":[[[-96.68532469796202,49.53217260630178],[-96.68861059576976,49.545138504584685],[-96.71087150893734,49.5453832985983],[-96.71070470214822,49.55267000205141],[-96.7334648179884,49.552824459293376],[-96.733163724223,49.567473510230066],[-96.75592277991821,49.56764959999249],[-96.74479950335567,49.560198677888735],[-96.74923262771225,49.545444085623025],[-96.73361448997561,49.54537240977308],[-96.73391358908765,49.53233430227123],[-96.72243732467358,49.532350303598385],[-96.6971487072104,49.52938609334511],[-96.69122598290951,49.524851000527505],[-96.68629460780402,49.52539110905233],[-96.68355110523991,49.5272973129316],[-96.68532469796202,49.53217260630178]]]},"properties":{"DAUID":"46020191","DGUID":"2021S051246020191","LANDAREA":9.5178,"PRUID":"46","Province":"MB"}},
{"type":"Feature","geometry":{"type":"Polygon","coordinates":[[[-98.00159589399185,49.51728131366532],[-98.00159530236694,49.53291459939171],[-98.00545000293877,49.53978400143032],[-98.00543479962273,49.59158578954354],[-97.95978829868798,49.59151739203334],[-97.95985181939972,49.62105720303844],[-98.11929681270733,49.62085990252044],[-98.16492839921034,49.620154710229095],[-98.16464039324035,49.590829503800826],[-98.18728962028915,49.59090980215117],[-98.18728790572531,49.53185841031479],[-98.20558588393277,49.53183251261096],[-98.20476199902164,49.506793992994],[-98.16487491081315,49.510596608621505],[-98.13978419618634,49.51715901067953],[-98.12276241263915,49.51720208684614],[-98.11498070736735,49.51356281242719],[-98.1064107039342,49.502451089209366],[-98.01878479753064,49.50247408678202],[-98.01901187220291,49.51726329074623],[-98.01273171116644,49.51726890478469],[-98.00300480927297,49.51729340811717],[-98.00159589399185,49.51728131366532]]]},"properties":{"DAUID":"46030060","DGUID":"2021S051246030060","LANDAREA":174.0731,"PRUID":"46","Province":"MB"}},
{"type":"Feature","geometry":{"type":"Polygon","coordinates":[[[-98.01273171116644,49.51726890478469],[-98.01132078217135,49.51186891116543],[-98.00301438472137,49.513425699264126],[-98.00300480927297,49.51729340811717],[-98.01273171116644,49.51726890478469]]]},"properties":{"DAUID":"46030061","DGUID":"2021S051246030061","LANDAREA":0.3568,"PRUID":"46","Province":"MB"}},
{"type":"Feature","geometry":{"type":"Polygon","coordinates":[[[-98.01132078217135,49.51186891116543],[-98.00302651183117,49.50943199925899],[-98.00301438472137,49.513425699264126],[-98.01132078217135,49.51186891116543]]]},"properties":{"DAUID":"46030062","DGUID":"2021S051246030062","LANDAREA":0.2233,"PRUID":"46","Province":"MB"}},
{"type":"Feature","geometry":{"type":"Polygon","coordinates":[[[-98.01878479753064,49.50247408678202],[-98.00307050539408,49.502506192380245],[-98.00303618748734,49.505555212887394],[-98.00302651183117,49.50943199925899],[-98.01132078217135,49.51186891116543],[-98.01273171116644,49.51726890478469],[-98.01901187220291,49.51726329074623],[-98.01878479753064,49.50247408678202]]]},"properties":{"DAUID":"46030063","DGUID":"2021S051246030063","LANDAREA":1.31,"PRUID":"46","Province":"MB"}},
{"type":"Feature","geometry":{"type":"Polygon","coordinates":[[[-98.00300480927297,49.51729340811717],[-98.00301438472137,49.513425699264126],[-98.00302651183117,49.50943199925899],[-98.00303618748734,49.505555212887394],[-97.99439126506144,49.50250800545132],[-97.9913902165771,49.517314413918434],[-98.00159589399185,49.51728131366532],[-98.00300480927297,49.51729340811717]]]},"properties":{"DAUID":"46030064","DGUID":"2021S051246030064","LANDAREA":1.3259,"PRUID":"46","Province":"MB"}},
{"type":"Feature","geometry":{"type":"Polygon","coordinates":[[[-98.00307050539408,49.502506192380245],[-98.00164389180284,49.49873090859019],[-97.99439126506144,49.50250800545132],[-98.00303618748734,49.505555212887394],[-98.00307050539408,49.502506192380245]]]},"properties":{"DAUID":"46030065","DGUID":"2021S051246030065","LANDAREA":0.3361,"PRUID":"46","Province":"MB"}},
{"type":"Feature","geometry":{"type":"Polygon","coordinates":[[[-98.01878479753064,49.50247408678202],[-98.01314984770801,49.49503940201467],[-98.00164509621628,49.49501179733361],[-98.00164389180284,49.49873090859019],[-98.00307050539408,49.502506192380245],[-98.01878479753064,49.50247408678202]]]},"properties":{"DAUID":"46030066","DGUID":"2021S051246030066","LANDAREA":0.7639,"PRUID":"46","Province":"MB"}},
{"type":"Feature","geometry":{"type":"Polygon","coordinates":[[[-98.20476199902164,49.506793992994],[-98.23354201899286,49.50275160035445],[-98.25071331724669,49.50253131100311],[-98.2504376842084,49.443314692923266],[-98.06961579392335,49.443459296624525],[-98.00171630495896,49.44345081192866],[-98.00164509621628,49.49501179733361],[-98.01314984770801,49.49503940201467],[-98.01878479753064,49.50247408678202],[-98.1064107039342,49.502451089209366],[-98.11498070736735,49.51356281242719],[-98.12276241263915,49.51720208684614],[-98.13978419618634,49.51715901067953],[-98.16487491081315,49.510596608621505],[-98.20476199902164,49.506793992994]]]},"properties":{"DAUID":"46030067","DGUID":"2021S051246030067","LANDAREA":125.4916,"PRUID":"46","Province":"MB"}},
{"type":"Feature","geometry":{"type":"Polygon","coordinates":[[[-98.2504376842084,49.443314692923266],[-98.2504918102163,49.369511000525044],[-98.06950891759978,49.36960808929856],[-98.06961579392335,49.443459296624525],[-98.2504376842084,49.443314692923266]]]},"properties":{"DAUID":"46030068","DGUID":"2021S051246030068","LANDAREA":107.7584,"PRUID":"46","Province":"MB"}},
{"type":"Feature","geometry":{"type":"Polygon","coordinates":[[[-98.2504376842084,49.443314692923266],[-98.27304640444346,49.44338499758668],[-98.27310329485137,49.487517608894365],[-98.40906513175717,49.48784731523578],[-98.40813948337536,49.39923691149694],[-98.40897259964524,49.35484188953588],[-98.40889530032173,49.26608529950769],[-98.27297551393954,49.2664164049593],[-98.06933820012325,49.26620579434885],[-98.06950891759978,49.36960808929856],[-98.2504918102163,49.369511000525044],[-98.2504376842084,49.443314692923266]]]},"properties":{"DAUID":"46030069","DGUID":"2021S051246030069","LANDAREA":423.4839,"PRUID":"46","Province":"MB"}},
{"type":"Feature","geometry":{"type":"Polygon","coordinates":[[[-98.16492839921034,49.620154710229095],[-98.2777649945144,49.62102161092549],[-98.41480101689866,49.621055603058004],[-98.41451560658236,49.53170211100496],[-98.40907240186954,49.53168887322187],[-98.40906513175717,49.48784731523578],[-98.27310329485137,49.487517608894365],[-98.27304640444346,49.44338499758668],[-98.2504376842084,49.443314692923266],[-98.25071331724669,49.50253131100311],[-98.23354201899286,49.50275160035445],[-98.20476199902164,49.506793992994],[-98.20558588393277,49.53183251261096],[-98.18728790572531,49.53185841031479],[-98.18728962028915,49.59090980215117],[-98.16464039324035,49.590829503800826],[-98.16492839921034,49.620154710229095]]]},"properties":{"DAUID":"46030070","DGUID":"2021S051246030070","LANDAREA":240.7784,"PRUID":"46","Province":"MB"}},
{"type":"Feature","geometry":{"type":"Polygon","coordinates":[[[-98.27297551393954,49.2664164049593],[-98.27320034449532,49.177752080470164],[-98.2676601927119,49.162953902480936],[-98.13305400398959,49.163065211704776],[-98.12832798917711,49.17754829710208],[-98.14940634615753,49.17756932707398],[-98.14922707359109,49.19231117774127],[-98.13704541199144,49.19227639244517],[-98.13705418704747,49.20296401206828],[-98.11428551681777,49.20709059687266],[-98.09170089768399,49.20709510320381],[-98.06921286526466,49.207068401641706],[-98.06920003025147,49.20959606413975],[-98.0691889120961,49.210706815205306],[-98.06934058479624,49.25146240775444],[-98.04696751028119,49.251558902154166],[-98.04677941316903,49.266084419867575],[-98.06933820012325,49.26620579434885],[-98.27297551393954,49.2664164049593]]]},"properties":{"DAUID":"46030071","DGUID":"2021S051246030071","LANDAREA":147.1578,"PRUID":"46","Province":"MB"}},
{"type":"Feature","geometry":{"type":"Polygon","coordinates":[[[-98.13704541199144,49.19227639244517],[-98.11419361047713,49.189944491003104],[-98.11423950327968,49.19732050344266],[-98.11424911975217,49.201441109956995],[-98.11428551681777,49.20709059687266],[-98.13705418704747,49.20296401206828],[-98.13704541199144,49.19227639244517]]]},"properties":{"DAUID":"46030072","DGUID":"2021S051246030072","LANDAREA":2.2772,"PRUID":"46","Province":"MB"}},
{"type":"Feature","geometry":{"type":"Polygon","coordinates":[[[-98.11419361047713,49.189944491003104],[-98.10959839702029,49.18981020752994],[-98.10983101820597,49.19652804878703],[-98.11423950327968,49.19732050344266],[-98.11419361047713,49.189944491003104]]]},"properties":{"DAUID":"46030073","DGUID":"2021S051246030073","LANDAREA":0.4218,"PRUID":"46","Province":"MB"}},
{"type":"Feature","geometry":{"type":"Polygon","coordinates":[[[-98.11423950327968,49.19732050344266],[-98.10983101820597,49.19652804878703],[-98.10446739022679,49.19654409471413],[-98.10320248728857,49.198936103676026],[-98.11424911975217,49.201441109956995],[-98.11423950327968,49.19732050344266]]]},"properties":{"DAUID":"46030074","DGUID":"2021S051246030074","LANDAREA":0.3851,"PRUID":"46","Province":"MB"}},
{"type":"Feature","geometry":{"type":"Polygon","coordinates":[[[-98.10959839702029,49.18981020752994],[-98.10559391181603,49.18887970539276],[-98.1017736950211,49.19445429017349],[-98.10446739022679,49.19654409471413],[-98.10983101820597,49.19652804878703],[-98.10959839702029,49.18981020752994]]]},"properties":{"DAUID":"46030075","DGUID":"2021S051246030075","LANDAREA":0.372,"PRUID":"46","Province":"MB"}},
{"type":"Feature","geometry":{"type":"Polygon","coordinates":[[[-98.10559391181603,49.18887970539276],[-98.10424828846352,49.18891430219959],[-98.09780668233508,49.194468313721565],[-98.1017736950211,49.19445429017349],[-98.10559391181603,49.18887970539276]]]},"properties":{"DAUID":"46030076","DGUID":"2021S051246030076","LANDAREA":0.2912,"PRUID":"46","Province":"MB"}},
{"type":"Feature","geometry":{"type":"Polygon","coordinates":[[[-98.10424828846352,49.18891430219959],[-98.10415688666939,49.18151699456576],[-98.0883694892769,49.17770758781859],[-98.08668399975444,49.192305295734],[-98.09780668233508,49.194468313721565],[-98.10424828846352,49.18891430219959]]]},"properties":{"DAUID":"46030077","DGUID":"2021S051246030077","LANDAREA":1.6372,"PRUID":"46","Province":"MB"}},
{"type":"Feature","geometry":{"type":"Polygon","coordinates":[[[-98.11419361047713,49.189944491003104],[-98.1140834872336,49.17766481082188],[-98.1108840138499,49.171925007424434],[-98.08834799924553,49.17217100475625],[-98.0883694892769,49.17770758781859],[-98.10415688666939,49.18151699456576],[-98.10424828846352,49.18891430219959],[-98.10559391181603,49.18887970539276],[-98.10959839702029,49.18981020752994],[-98.11419361047713,49.189944491003104]]]},"properties":{"DAUID":"46030078","DGUID":"2021S051246030078","LANDAREA":2.4882,"PRUID":"46","Province":"MB"}},
{"type":"Feature","geometry":{"type":"Polygon","coordinates":[[[-98.12832798917711,49.17754829710208],[-98.1140834872336,49.17766481082188],[-98.11419361047713,49.189944491003104],[-98.13704541199144,49.19227639244517],[-98.14922707359109,49.19231117774127],[-98.14940634615753,49.17756932707398],[-98.12832798917711,49.17754829710208]]]},"properties":{"DAUID":"46030079","DGUID":"2021S051246030079","LANDAREA":3.6784,"PRUID":"46","Province":"MB"}},
{"type":"Feature","geometry":{"type":"Polygon","coordinates":[[[-98.09170089768399,49.20709510320381],[-98.09169209559802,49.2000784917095],[-98.10320248728857,49.198936103676026],[-98.10446739022679,49.19654409471413],[-98.1017736950211,49.19445429017349],[-98.09780668233508,49.194468313721565],[-98.08668399975444,49.192305295734],[-98.06909821543567,49.19270229018438],[-98.06921286526466,49.207068401641706],[-98.09170089768399,49.20709510320381]]]},"properties":{"DAUID":"46030081","DGUID":"2021S051246030081","LANDAREA":3.1257,"PRUID":"46","Province":"MB"}},
{"type":"Feature","geometry":{"type":"Polygon","coordinates":[[[-98.11428551681777,49.20709059687266],[-98.11424911975217,49.201441109956995],[-98.10320248728857,49.198936103676026],[-98.09169209559802,49.2000784917095],[-98.09170089768399,49.20709510320381],[-98.11428551681777,49.20709059687266]]]},"properties":{"DAUID":"46030082","DGUID":"2021S051246030082","LANDAREA":1.2348,"PRUID":"46","Province":"MB"}},
{"type":"Feature","geometry":{"type":"Polygon","coordinates":[[[-98.06920003025147,49.20959606413975],[-98.0525699933698,49.20606313550724],[-98.05217779824777,49.21009310116853],[-98.0691889120961,49.210706815205306],[-98.06920003025147,49.20959606413975]]]},"properties":{"DAUID":"46030084","DGUID":"2021S051246030084","LANDAREA":0.3753,"PRUID":"46","Province":"MB"}},
{"type":"Feature","geometry":{"type":"Polygon","coordinates":[[[-97.94462588960052,49.185514905687256],[-97.95600930986997,49.18519550511253],[-97.95372330587276,49.18166659197998],[-97.95114320143554,49.181679198606325],[-97.94561229233251,49.181718695500926],[-97.94465209089867,49.184282690395534],[-97.94462588960052,49.185514905687256]]]},"properties":{"DAUID":"46030086","DGUID":"2021S051246030086","LANDAREA":0.279,"PRUID":"46","Province":"MB"}},
{"type":"Feature","geometry":{"type":"Polygon","coordinates":[[[-97.94465209089867,49.184282690395534],[-97.94071798208562,49.18431310293347],[-97.93932671910352,49.184323898560535],[-97.94462588960052,49.185514905687256],[-97.94465209089867,49.184282690395534]]]},"properties":{"DAUID":"46030087","DGUID":"2021S051246030087","LANDAREA":0.1925,"PRUID":"46","Province":"MB"}},
{"type":"Feature","geometry":{"type":"Polygon","coordinates":[[[-97.94561229233251,49.181718695500926],[-97.94562890740346,49.17770689839069],[-97.94188298411397,49.177708601531926],[-97.9406206892331,49.177706008701804],[-97.94067268733622,49.18170050154855],[-97.94071798208562,49.18431310293347],[-97.94465209089867,49.184282690395534],[-97.94561229233251,49.181718695500926]]]},"properties":{"DAUID":"46030088","DGUID":"2021S051246030088","LANDAREA":0.2441,"PRUID":"46","Province":"MB"}},
{"type":"Feature","geometry":{"type":"Polygon","coordinates":[[[-97.95114320143554,49.181679198606325],[-97.94930608949498,49.17771340241818],[-97.9474263885861,49.177705301411486],[-97.94562890740346,49.17770689839069],[-97.94561229233251,49.181718695500926],[-97.95114320143554,49.181679198606325]]]},"properties":{"DAUID":"46030089","DGUID":"2021S051246030089","LANDAREA":0.2294,"PRUID":"46","Province":"MB"}},
{"type":"Feature","geometry":{"type":"Polygon","coordinates":[[[-97.94562890740346,49.17770689839069],[-97.9474263885861,49.177705301411486],[-97.94471680084797,49.170268212559435],[-97.94176761456801,49.17025019551289],[-97.94188298411397,49.177708601531926],[-97.94562890740346,49.17770689839069]]]},"properties":{"DAUID":"46030090","DGUID":"2021S051246030090","LANDAREA":0.2437,"PRUID":"46","Province":"MB"}},
{"type":"Feature","geometry":{"type":"Polygon","coordinates":[[[-97.94930608949498,49.17771340241818],[-97.95058879697902,49.17025878976257],[-97.9480182895558,49.17026290239369],[-97.94471680084797,49.170268212559435],[-97.9474263885861,49.177705301411486],[-97.94930608949498,49.17771340241818]]]},"properties":{"DAUID":"46030091","DGUID":"2021S051246030091","LANDAREA":0.2847,"PRUID":"46","Province":"MB"}},
{"type":"Feature","geometry":{"type":"Polygon","coordinates":[[[-97.95372330587276,49.18166659197998],[-97.9645538794653,49.176260735927556],[-97.9645669847536,49.162916612389324],[-97.95363800773224,49.162928104831465],[-97.95361319135729,49.16654959007261],[-97.95058879697902,49.17025878976257],[-97.94930608949498,49.17771340241818],[-97.95114320143554,49.181679198606325],[-97.95372330587276,49.18166659197998]]]},"properties":{"DAUID":"46030092","DGUID":"2021S051246030092","LANDAREA":1.5641,"PRUID":"46","Province":"MB"}},
{"type":"Feature","geometry":{"type":"Polygon","coordinates":[[[-97.94188298411397,49.177708601531926],[-97.94176761456801,49.17025019551289],[-97.93618388444293,49.170252898661175],[-97.93617270499519,49.17333829400309],[-97.9406206892331,49.177706008701804],[-97.94188298411397,49.177708601531926]]]},"properties":{"DAUID":"46030094","DGUID":"2021S051246030094","LANDAREA":0.2375,"PRUID":"46","Province":"MB"}},
{"type":"Feature","geometry":{"type":"Polygon","coordinates":[[[-97.9406206892331,49.177706008701804],[-97.93617270499519,49.17333829400309],[-97.9349401003373,49.177707712794216],[-97.94067268733622,49.18170050154855],[-97.9406206892331,49.177706008701804]]]},"properties":{"DAUID":"46030095","DGUID":"2021S051246030095","LANDAREA":0.2925,"PRUID":"46","Province":"MB"}},
{"type":"Feature","geometry":{"type":"Polygon","coordinates":[[[-97.93617270499519,49.17333829400309],[-97.93333468680096,49.177710900433965],[-97.9349401003373,49.177707712794216],[-97.93617270499519,49.17333829400309]]]},"properties":{"DAUID":"46030096","DGUID":"2021S051246030096","LANDAREA":0.1943,"PRUID":"46","Province":"MB"}},
{"type":"Feature","geometry":{"type":"Polygon","coordinates":[[[-97.94071798208562,49.18431310293347],[-97.94067268733622,49.18170050154855],[-97.9349401003373,49.177707712794216],[-97.93333468680096,49.177710900433965],[-97.91096900099194,49.17771799147802],[-97.91084659072676,49.185174208728384],[-97.93932671910352,49.184323898560535],[-97.94071798208562,49.18431310293347]]]},"properties":{"DAUID":"46030097","DGUID":"2021S051246030097","LANDAREA":1.562,"PRUID":"46","Province":"MB"}},
{"type":"Feature","geometry":{"type":"Polygon","coordinates":[[[-97.93618388444293,49.170252898661175],[-97.93490530985096,49.167182599972634],[-97.93107428137584,49.1627922970815],[-97.90862959538858,49.163051096963514],[-97.9085750982293,49.17772569574957],[-97.91096900099194,49.17771799147802],[-97.93333468680096,49.177710900433965],[-97.93617270499519,49.17333829400309],[-97.93618388444293,49.170252898661175]]]},"properties":{"DAUID":"46030098","DGUID":"2021S051246030098","LANDAREA":2.9028,"PRUID":"46","Province":"MB"}},
{"type":"Feature","geometry":{"type":"Polygon","coordinates":[[[-97.9645669847536,49.162916612389324],[-97.97609341590557,49.162904491805726],[-97.9759899017943,49.13332611029411],[-97.97580769638718,49.08892191221291],[-97.93760629018361,49.088990399998366],[-97.93092171583302,49.089018701219],[-97.9309959960853,49.133385992219544],[-97.93107428137584,49.1627922970815],[-97.95363800773224,49.162928104831465],[-97.9645669847536,49.162916612389324]]]},"properties":{"DAUID":"46030101","DGUID":"2021S051246030101","LANDAREA":26.968,"PRUID":"46","Province":"MB"}},
{"type":"Feature","geometry":{"type":"Polygon","coordinates":[[[-97.9759899017943,49.13332611029411],[-98.04323179268533,49.13331821195616],[-98.04319851884479,49.103704407857734],[-98.08826021784563,49.10369120348377],[-98.08808774211678,49.0520385725669],[-98.06560758847587,49.05215388784154],[-98.06556690713599,49.04483099051047],[-97.99825151457316,49.044905005524036],[-97.97583600906617,49.044915094266294],[-97.97581159416488,49.05077119918917],[-97.95338509967766,49.0505249967899],[-97.95334861797491,49.07442629933535],[-97.93758870711704,49.07440820015966],[-97.93760629018361,49.088990399998366],[-97.97580769638718,49.08892191221291],[-97.9759899017943,49.13332611029411]]]},"properties":{"DAUID":"46030102","DGUID":"2021S051246030102","LANDAREA":77.3283,"PRUID":"46","Province":"MB"}},
{"type":"Feature","geometry":{"type":"Polygon","coordinates":[[[-97.93760629018361,49.088990399998366],[-97.93758870711704,49.07440820015966],[-97.95334861797491,49.07442629933535],[-97.95338509967766,49.0505249967899],[-97.97581159416488,49.05077119918917],[-97.97583600906617,49.044915094266294],[-97.99825151457316,49.044905005524036],[-97.99766698520261,49.00044282573342],[-97.90815323619044,49.00047602038223],[-97.90860858982455,49.01154519114162],[-97.927325814189,49.01620958629288],[-97.93099409708874,49.02054369768203],[-97.93092171583302,49.089018701219],[-97.93760629018361,49.088990399998366]]]},"properties":{"DAUID":"46030103","DGUID":"2021S051246030103","LANDAREA":34.251,"PRUID":"46","Province":"MB"}},
{"type":"Feature","geometry":{"type":"Polygon","coordinates":[[[-98.2676601927119,49.162953902480936],[-98.26746591020154,49.10077560966],[-98.26796489709089,49.00029214321833],[-97.99766698520261,49.00044282573342],[-97.99825151457316,49.044905005524036],[-98.06556690713599,49.04483099051047],[-98.06560758847587,49.05215388784154],[-98.08808774211678,49.0520385725669],[-98.08826021784563,49.10369120348377],[-98.14374350035644,49.10393620618694],[-98.14425518659921,49.118000104609536],[-98.13314248516369,49.118690794951384],[-98.13305400398959,49.163065211704776],[-98.2676601927119,49.162953902480936]]]},"properties":{"DAUID":"46030104","DGUID":"2021S051246030104","LANDAREA":247.6665,"PRUID":"46","Province":"MB"}},
{"type":"Feature","geometry":{"type":"Polygon","coordinates":[[[-97.93092171583302,49.089018701219],[-97.93099409708874,49.02054369768203],[-97.927325814189,49.01620958629288],[-97.90860858982455,49.01154519114162],[-97.90815323619044,49.00047602038223],[-97.86329509376462,49.00060816934496],[-97.86363031312393,49.030155087856365],[-97.86340071333073,49.103846107393245],[-97.88592499246974,49.10384081277638],[-97.89379160306605,49.11124467649874],[-97.89383155939537,49.118683530789575],[-97.90854861951489,49.11866591081297],[-97.90855441390005,49.1333919073735],[-97.9309959960853,49.133385992219544],[-97.93092171583302,49.089018701219]]]},"properties":{"DAUID":"46030105","DGUID":"2021S051246030105","LANDAREA":61.4886,"PRUID":"46","Province":"MB"}},
{"type":"Feature","geometry":{"type":"Polygon","coordinates":[[[-97.86363031312393,49.030155087856365],[-97.82230069507746,49.030181503232136],[-97.81884500526084,49.04497130381966],[-97.81892080461655,49.08913229723117],[-97.81892619440434,49.10391240654763],[-97.80845470890851,49.09950480367685],[-97.79638778840894,49.10393151250001],[-97.75136529293518,49.10398400451483],[-97.75133758659024,49.118736693977944],[-97.72879130677123,49.11879638807741],[-97.72881678144526,49.14835670211767],[-97.70683569102128,49.1483105131205],[-97.70780831829904,49.1920942964225],[-97.72686890745837,49.19064179628676],[-97.73706098523454,49.185464311336055],[-97.752829699938,49.185446797934105],[-97.77534361713809,49.18536299584039],[-97.77536238584594,49.19216479337969],[-97.86584251820162,49.19262109951806],[-97.86345229914762,49.177727895098336],[-97.86340071333073,49.103846107393245],[-97.86363031312393,49.030155087856365]]]},"properties":{"DAUID":"46030106","DGUID":"2021S051246030106","LANDAREA":126.2566,"PRUID":"46","Province":"MB"}},
{"type":"Feature","geometry":{"type":"Polygon","coordinates":[[[-97.81892080461655,49.08913229723117],[-97.72887650985379,49.08918329758058],[-97.72903858432939,49.03022641043804],[-97.6166784114739,49.03023839485714],[-97.61676128503746,49.11847090369307],[-97.61676130033392,49.133251004990356],[-97.68420390546363,49.13348161187592],[-97.68429319979415,49.1482356886816],[-97.70683569102128,49.1483105131205],[-97.72881678144526,49.14835670211767],[-97.72879130677123,49.11879638807741],[-97.75133758659024,49.118736693977944],[-97.75136529293518,49.10398400451483],[-97.79638778840894,49.10393151250001],[-97.80845470890851,49.09950480367685],[-97.81892619440434,49.10391240654763],[-97.81892080461655,49.08913229723117]]]},"properties":{"DAUID":"46030107","DGUID":"2021S051246030107","LANDAREA":112.2396,"PRUID":"46","Province":"MB"}},
{"type":"Feature","geometry":{"type":"Polygon","coordinates":[[[-97.86329509376462,49.00060816934496],[-97.57166633669893,49.00050424442263],[-97.57179121331951,49.0154419102612],[-97.54938900283211,49.01543229739968],[-97.54945198907642,49.03020440409003],[-97.6166784114739,49.03023839485714],[-97.72903858432939,49.03022641043804],[-97.72887650985379,49.08918329758058],[-97.81892080461655,49.08913229723117],[-97.81884500526084,49.04497130381966],[-97.82230069507746,49.030181503232136],[-97.86363031312393,49.030155087856365],[-97.86329509376462,49.00060816934496]]]},"properties":{"DAUID":"46030108","DGUID":"2021S051246030108","LANDAREA":116.5478,"PRUID":"46","Province":"MB"}},
{"type":"Feature","geometry":{"type":"Polygon","coordinates":[[[-97.6166784114739,49.03023839485714],[-97.54945198907642,49.03020440409003],[-97.48210290572742,49.03014771188424],[-97.48226400330299,49.08867759175878],[-97.52721639068548,49.08871119726125],[-97.52721749472643,49.118298710483714],[-97.54970601035441,49.11834951250852],[-97.5501794109993,49.11104179270336],[-97.54843219690692,49.10235690291477],[-97.54945465531635,49.099952294998225],[-97.559846654321,49.09454576000467],[-97.56118600345444,49.08867188782358],[-97.58275600706033,49.08876789072029],[-97.58333899244056,49.103519196738866],[-97.58388534665048,49.11830703988128],[-97.61676128503746,49.11847090369307],[-97.6166784114739,49.03023839485714]]]},"properties":{"DAUID":"46030109","DGUID":"2021S051246030109","LANDAREA":77.3524,"PRUID":"46","Province":"MB"}},
{"type":"Feature","geometry":{"type":"Polygon","coordinates":[[[-97.559846654321,49.09454576000467],[-97.55912129990558,49.09989999655134],[-97.56166181685174,49.10348510446489],[-97.58333899244056,49.103519196738866],[-97.58275600706033,49.08876789072029],[-97.56118600345444,49.08867188782358],[-97.559846654321,49.09454576000467]]]},"properties":{"DAUID":"46030110","DGUID":"2021S051246030110","LANDAREA":2.7175,"PRUID":"46","Province":"MB"}},
{"type":"Feature","geometry":{"type":"Polygon","coordinates":[[[-97.54945465531635,49.099952294998225],[-97.55912129990558,49.09989999655134],[-97.559846654321,49.09454576000467],[-97.54945465531635,49.099952294998225]]]},"properties":{"DAUID":"46030111","DGUID":"2021S051246030111","LANDAREA":0.4889,"PRUID":"46","Province":"MB"}},
{"type":"Feature","geometry":{"type":"Polygon","coordinates":[[[-97.54843219690692,49.10235690291477],[-97.55782510156526,49.103500205624265],[-97.55912129990558,49.09989999655134],[-97.54945465531635,49.099952294998225],[-97.54843219690692,49.10235690291477]]]},"properties":{"DAUID":"46030112","DGUID":"2021S051246030112","LANDAREA":0.295,"PRUID":"46","Province":"MB"}},
{"type":"Feature","geometry":{"type":"Polygon","coordinates":[[[-97.5501794109993,49.11104179270336],[-97.55782510156526,49.103500205624265],[-97.54843219690692,49.10235690291477],[-97.5501794109993,49.11104179270336]]]},"properties":{"DAUID":"46030113","DGUID":"2021S051246030113","LANDAREA":0.5657,"PRUID":"46","Province":"MB"}},
{"type":"Feature","geometry":{"type":"Polygon","coordinates":[[[-97.54970601035441,49.11834951250852],[-97.54962087626905,49.126948366650026],[-97.57234274930698,49.126884108150804],[-97.57232279032758,49.11822670042546],[-97.56288840741475,49.11082299707225],[-97.56166181685174,49.10348510446489],[-97.55912129990558,49.09989999655134],[-97.55782510156526,49.103500205624265],[-97.5501794109993,49.11104179270336],[-97.54970601035441,49.11834951250852]]]},"properties":{"DAUID":"46030114","DGUID":"2021S051246030114","LANDAREA":3.3322,"PRUID":"46","Province":"MB"}},
{"type":"Feature","geometry":{"type":"Polygon","coordinates":[[[-97.58333899244056,49.103519196738866],[-97.56166181685174,49.10348510446489],[-97.56288840741475,49.11082299707225],[-97.57232279032758,49.11822670042546],[-97.58388534665048,49.11830703988128],[-97.58333899244056,49.103519196738866]]]},"properties":{"DAUID":"46030115","DGUID":"2021S051246030115","LANDAREA":1.9527,"PRUID":"46","Province":"MB"}},
{"type":"Feature","geometry":{"type":"Polygon","coordinates":[[[-97.70683569102128,49.1483105131205],[-97.68429319979415,49.1482356886816],[-97.68420390546363,49.13348161187592],[-97.61676130033392,49.133251004990356],[-97.61676128503746,49.11847090369307],[-97.58388534665048,49.11830703988128],[-97.57232279032758,49.11822670042546],[-97.57234274930698,49.126884108150804],[-97.54962087626905,49.126948366650026],[-97.54970601035441,49.11834951250852],[-97.52721749472643,49.118298710483714],[-97.52712208993523,49.13308659547646],[-97.45970109619228,49.13306128701048],[-97.45967621763432,49.16261231099557],[-97.4596363076538,49.19219001061151],[-97.54969838009673,49.19234879463762],[-97.54844388398797,49.20707700605512],[-97.57240188821686,49.20707880314643],[-97.57242850378456,49.192326201932836],[-97.68508709637852,49.19231459968684],[-97.70780831829904,49.1920942964225],[-97.70683569102128,49.1483105131205]]]},"properties":{"DAUID":"46030116","DGUID":"2021S051246030116","LANDAREA":127.398,"PRUID":"46","Province":"MB"}},
{"type":"Feature","geometry":{"type":"Polygon","coordinates":[[[-97.4596363076538,49.19219001061151],[-97.45944039916992,49.266069296681174],[-97.61754079902575,49.26627049595616],[-97.61750210062218,49.22189461155726],[-97.6399547025322,49.221963303906826],[-97.63996331045112,49.20713859240028],[-97.66260339853544,49.207133099946155],[-97.66259078055467,49.19996339115647],[-97.68508709637852,49.19231459968684],[-97.57242850378456,49.192326201932836],[-97.57240188821686,49.20707880314643],[-97.54844388398797,49.20707700605512],[-97.54969838009673,49.19234879463762],[-97.4596363076538,49.19219001061151]]]},"properties":{"DAUID":"46030117","DGUID":"2021S051246030117","LANDAREA":100.5106,"PRUID":"46","Province":"MB"}},
{"type":"Feature","geometry":{"type":"Polygon","coordinates":[[[-97.77536238584594,49.19216479337969],[-97.77537871817015,49.198912993705164],[-97.75285630779591,49.199258391622934],[-97.752829699938,49.185446797934105],[-97.73706098523454,49.185464311336055],[-97.72686890745837,49.19064179628676],[-97.70780831829904,49.1920942964225],[-97.68508709637852,49.19231459968684],[-97.66259078055467,49.19996339115647],[-97.66260339853544,49.207133099946155],[-97.63996331045112,49.20713859240028],[-97.6399547025322,49.221963303906826],[-97.61750210062218,49.22189461155726],[-97.61754079902575,49.26627049595616],[-97.73044458754815,49.26646899954262],[-97.86588651157528,49.26629479344997],[-97.86579730788029,49.20720248977285],[-97.86584251820162,49.19262109951806],[-97.77536238584594,49.19216479337969]]]},"properties":{"DAUID":"46030118","DGUID":"2021S051246030118","LANDAREA":139.8537,"PRUID":"46","Province":"MB"}},
{"type":"Feature","geometry":{"type":"Polygon","coordinates":[[[-97.752829699938,49.185446797934105],[-97.75285630779591,49.199258391622934],[-97.77537871817015,49.198912993705164],[-97.77536238584594,49.19216479337969],[-97.77534361713809,49.18536299584039],[-97.752829699938,49.185446797934105]]]},"properties":{"DAUID":"46030119","DGUID":"2021S051246030119","LANDAREA":2.4402,"PRUID":"46","Province":"MB"}},
{"type":"Feature","geometry":{"type":"Polygon","coordinates":[[[-98.06961579392335,49.443459296624525],[-98.06950891759978,49.36960808929856],[-98.06933820012325,49.26620579434885],[-98.04677941316903,49.266084419867575],[-97.86588651157528,49.26629479344997],[-97.73044458754815,49.26646899954262],[-97.73056219167688,49.355039491633235],[-97.7305503858393,49.44371530726951],[-97.85373973516103,49.44268503842551],[-97.9114117185236,49.4435175050183],[-97.91151981780622,49.399360993948534],[-97.88884720148012,49.39935220329752],[-97.88863651344113,49.35493150016915],[-97.92220880703856,49.35493460079766],[-97.93961471423592,49.36005200451491],[-97.95342989472462,49.36968590910145],[-98.00168280110671,49.36964500497579],[-98.00171630495896,49.44345081192866],[-98.06961579392335,49.443459296624525]]]},"properties":{"DAUID":"46030120","DGUID":"2021S051246030120","LANDAREA":419.1901,"PRUID":"46","Province":"MB"}},
{"type":"Feature","geometry":{"type":"Polygon","coordinates":[[[-97.9114117185236,49.4435175050183],[-98.00171630495896,49.44345081192866],[-98.00168280110671,49.36964500497579],[-97.95342989472462,49.36968590910145],[-97.93961471423592,49.36005200451491],[-97.92220880703856,49.35493460079766],[-97.88863651344113,49.35493150016915],[-97.88884720148012,49.39935220329752],[-97.91151981780622,49.399360993948534],[-97.9114117185236,49.4435175050183]]]},"properties":{"DAUID":"46030121","DGUID":"2021S051246030121","LANDAREA":65.2812,"PRUID":"46","Province":"MB"}},
{"type":"Feature","geometry":{"type":"Polygon","coordinates":[[[-98.00159589399185,49.51728131366532],[-97.9913902165771,49.517314413918434],[-97.99439126506144,49.50250800545132],[-98.00164389180284,49.49873090859019],[-98.00164509621628,49.49501179733361],[-98.00171630495896,49.44345081192866],[-97.9114117185236,49.4435175050183],[-97.85373973516103,49.44268503842551],[-97.7305503858393,49.44371530726951],[-97.73065959654748,49.53240019314312],[-97.73245641420773,49.53239289853394],[-97.73240530203778,49.59151709309949],[-97.73238739392696,49.621029491020316],[-97.845415457259,49.62068290156457],[-97.95985181939972,49.62105720303844],[-97.95978829868798,49.59151739203334],[-98.00543479962273,49.59158578954354],[-98.00545000293877,49.53978400143032],[-98.00159530236694,49.53291459939171],[-98.00159589399185,49.51728131366532]]]},"properties":{"DAUID":"46030122","DGUID":"2021S051246030122","LANDAREA":375.7718,"PRUID":"46","Province":"MB"}},
{"type":"Feature","geometry":{"type":"Polygon","coordinates":[[[-97.73056219167688,49.355039491633235],[-97.57228578268415,49.354919895328806],[-97.57231438764352,49.369627810030146],[-97.59491629510664,49.3697159036982],[-97.5949344991066,49.45841949570609],[-97.57247058375877,49.45835129734275],[-97.57247051448742,49.47307659672175],[-97.45910250340367,49.472979987880585],[-97.45903949375196,49.53215050199036],[-97.73065959654748,49.53240019314312],[-97.7305503858393,49.44371530726951],[-97.73056219167688,49.355039491633235]]]},"properties":{"DAUID":"46030123","DGUID":"2021S051246030123","LANDAREA":263.1709,"PRUID":"46","Province":"MB"}},
{"type":"Feature","geometry":{"type":"Polygon","coordinates":[[[-97.57228578268415,49.354919895328806],[-97.4592315054614,49.35480829997838],[-97.45916148761015,49.4138809108877],[-97.41737351313033,49.41383808911626],[-97.4139819107164,49.41383659724048],[-97.41397218939332,49.4286790087426],[-97.432151015344,49.42863010301699],[-97.43660770700622,49.434204711335475],[-97.43666151801823,49.47284970164961],[-97.45910250340367,49.472979987880585],[-97.57247051448742,49.47307659672175],[-97.57247058375877,49.45835129734275],[-97.5949344991066,49.45841949570609],[-97.59491629510664,49.3697159036982],[-97.57231438764352,49.369627810030146],[-97.57228578268415,49.354919895328806]]]},"properties":{"DAUID":"46030124","DGUID":"2021S051246030124","LANDAREA":136.8281,"PRUID":"46","Province":"MB"}},
{"type":"Feature","geometry":{"type":"Polygon","coordinates":[[[-97.45944039916992,49.266069296681174],[-97.3689751124108,49.266140809339824],[-97.36890141304744,49.28088369427467],[-97.3685383546993,49.32516890732687],[-97.33312336549761,49.328576548186305],[-97.33796185956022,49.34184282986326],[-97.33488395013228,49.34737584750804],[-97.34887343940368,49.35160645241337],[-97.35504634392034,49.34196989051142],[-97.36258638623674,49.33992299472713],[-97.38822804476831,49.34063398190271],[-97.39214201428211,49.35478341060677],[-97.4140225956144,49.35479040684639],[-97.41395151684408,49.40358400133683],[-97.41737351313033,49.41383808911626],[-97.45916148761015,49.4138809108877],[-97.4592315054614,49.35480829997838],[-97.57228578268415,49.354919895328806],[-97.73056219167688,49.355039491633235],[-97.73044458754815,49.26646899954262],[-97.61754079902575,49.26627049595616],[-97.45944039916992,49.266069296681174]]]},"properties":{"DAUID":"46030125","DGUID":"2021S051246030125","LANDAREA":283.5078,"PRUID":"46","Province":"MB"}},
{"type":"Feature","geometry":{"type":"Polygon","coordinates":[[[-97.36258638623674,49.33992299472713],[-97.36744579633154,49.352828502260735],[-97.36440951313912,49.36175398735789],[-97.39214201428211,49.35478341060677],[-97.38822804476831,49.34063398190271],[-97.36258638623674,49.33992299472713]]]},"properties":{"DAUID":"46030126","DGUID":"2021S051246030126","LANDAREA":3.9201,"PRUID":"46","Province":"MB"}},
{"type":"Feature","geometry":{"type":"Polygon","coordinates":[[[-97.36744579633154,49.352828502260735],[-97.35084566149305,49.353904505471235],[-97.36440951313912,49.36175398735789],[-97.36744579633154,49.352828502260735]]]},"properties":{"DAUID":"46030127","DGUID":"2021S051246030127","LANDAREA":0.9127,"PRUID":"46","Province":"MB"}},
{"type":"Feature","geometry":{"type":"Polygon","coordinates":[[[-97.34887343940368,49.35160645241337],[-97.35084566149305,49.353904505471235],[-97.36744579633154,49.352828502260735],[-97.36258638623674,49.33992299472713],[-97.35504634392034,49.34196989051142],[-97.34887343940368,49.35160645241337]]]},"properties":{"DAUID":"46030128","DGUID":"2021S051246030128","LANDAREA":1.0791,"PRUID":"46","Province":"MB"}},
{"type":"Feature","geometry":{"type":"Polygon","coordinates":[[[-97.18797250095498,49.35480449212268],[-97.32116898433719,49.35466400489189],[-97.35084566149305,49.353904505471235],[-97.34887343940368,49.35160645241337],[-97.33488395013228,49.34737584750804],[-97.33796185956022,49.34184282986326],[-97.33312336549761,49.328576548186305],[-97.3685383546993,49.32516890732687],[-97.36890141304744,49.28088369427467],[-97.35289731913768,49.280845610198924],[-97.34520001936393,49.27295423407057],[-97.33885218226004,49.25769630453518],[-97.31694541878998,49.17761299973897],[-97.30519318540465,49.177540432977594],[-97.28987144370846,49.1804046478743],[-97.29248952482364,49.188081356304515],[-97.26542610546944,49.19236845362725],[-97.26635534933155,49.237294260896014],[-97.27710093238291,49.23717854641504],[-97.27826658322881,49.26606570481333],[-97.18800318867117,49.266214300186945],[-97.18797250095498,49.35480449212268]]]},"properties":{"DAUID":"46030129","DGUID":"2021S051246030129","LANDAREA":153.9718,"PRUID":"46","Province":"MB"}},
{"type":"Feature","geometry":{"type":"Polygon","coordinates":[[[-97.45967621763432,49.16261231099557],[-97.31409871582707,49.162854199957756],[-97.31694541878998,49.17761299973897],[-97.33885218226004,49.25769630453518],[-97.34520001936393,49.27295423407057],[-97.35289731913768,49.280845610198924],[-97.36890141304744,49.28088369427467],[-97.3689751124108,49.266140809339824],[-97.45944039916992,49.266069296681174],[-97.4596363076538,49.19219001061151],[-97.45967621763432,49.16261231099557]]]},"properties":{"DAUID":"46030130","DGUID":"2021S051246030130","LANDAREA":113.0954,"PRUID":"46","Province":"MB"}},
{"type":"Feature","geometry":{"type":"Polygon","coordinates":[[[-97.23524495502032,49.1229122978465],[-97.24600055100399,49.12438311298649],[-97.25432838369964,49.13161576371486],[-97.2559525569749,49.14493640256115],[-97.27141270535016,49.1512236212916],[-97.29103812460662,49.174563510898615],[-97.30519318540465,49.177540432977594],[-97.31694541878998,49.17761299973897],[-97.31409871582707,49.162854199957756],[-97.45967621763432,49.16261231099557],[-97.45970109619228,49.13306128701048],[-97.45971891030904,49.08867569917607],[-97.3245680099302,49.08914969321737],[-97.32493588112538,49.00058907165614],[-97.25770438850596,49.000465292696816],[-97.25780091650188,49.03766899389444],[-97.22505133248153,49.03795688594173],[-97.22509851575798,49.03216806174143],[-97.19853911217189,49.030569693805134],[-97.1883162608273,49.03445996490465],[-97.19646629920712,49.04128840208648],[-97.1883133858737,49.05004202884561],[-97.2003286031436,49.053884037168956],[-97.19848452847536,49.061627582697874],[-97.20945755227906,49.07511482389183],[-97.21670888846951,49.09688822286605],[-97.24004841968589,49.10342759769094],[-97.24239736578514,49.116135259552365],[-97.23524495502032,49.1229122978465]]]},"properties":{"DAUID":"46030131","DGUID":"2021S051246030131","LANDAREA":201.1833,"PRUID":"46","Province":"MB"}},
{"type":"Feature","geometry":{"type":"Polygon","coordinates":[[[-97.54938900283211,49.01543229739968],[-97.54923387193385,49.0007074956646],[-97.32493588112538,49.00058907165614],[-97.3245680099302,49.08914969321737],[-97.45971891030904,49.08867569917607],[-97.45970109619228,49.13306128701048],[-97.52712208993523,49.13308659547646],[-97.52721749472643,49.118298710483714],[-97.52721639068548,49.08871119726125],[-97.48226400330299,49.08867759175878],[-97.48210290572742,49.03014771188424],[-97.54945198907642,49.03020440409003],[-97.54938900283211,49.01543229739968]]]},"properties":{"DAUID":"46030133","DGUID":"2021S051246030133","LANDAREA":153.1699,"PRUID":"46","Province":"MB"}},
{"type":"Feature","geometry":{"type":"Polygon","coordinates":[[[-97.57166633669893,49.00050424442263],[-97.54923387193385,49.0007074956646],[-97.54938900283211,49.01543229739968],[-97.57179121331951,49.0154419102612],[-97.57166633669893,49.00050424442263]]]},"properties":{"DAUID":"46030134","DGUID":"2021S051246030134","LANDAREA":2.7087,"PRUID":"46","Province":"MB"}},
{"type":"Feature","geometry":{"type":"Polygon","coordinates":[[[-97.20555422199283,49.531850660784485],[-97.25414458028915,49.5318662982221],[-97.3234086897445,49.532034403629545],[-97.32353719040482,49.4728843084953],[-97.3461614969075,49.472895192348766],[-97.34623059158925,49.45813460144463],[-97.36831008895301,49.45814248873144],[-97.36826480166529,49.44329929016705],[-97.39132928758318,49.44335260612534],[-97.3913852136907,49.413812200851474],[-97.4139819107164,49.41383659724048],[-97.41737351313033,49.41383808911626],[-97.41395151684408,49.40358400133683],[-97.4140225956144,49.35479040684639],[-97.39214201428211,49.35478341060677],[-97.36440951313912,49.36175398735789],[-97.35084566149305,49.353904505471235],[-97.32116898433719,49.35466400489189],[-97.18797250095498,49.35480449212268],[-97.18786748162326,49.48756049480782],[-97.18296748564212,49.5023792086357],[-97.17646685315366,49.50235887048048],[-97.17664936919165,49.52444575256197],[-97.16557970365653,49.52451800307664],[-97.15996548284394,49.53193405397113],[-97.20555422199283,49.531850660784485]]]},"properties":{"DAUID":"46030135","DGUID":"2021S051246030135","LANDAREA":260.3245,"PRUID":"46","Province":"MB"}},
{"type":"Feature","geometry":{"type":"Polygon","coordinates":[[[-97.45910250340367,49.472979987880585],[-97.43666151801823,49.47284970164961],[-97.43660770700622,49.434204711335475],[-97.432151015344,49.42863010301699],[-97.41397218939332,49.4286790087426],[-97.4139819107164,49.41383659724048],[-97.3913852136907,49.413812200851474],[-97.39132928758318,49.44335260612534],[-97.36826480166529,49.44329929016705],[-97.36831008895301,49.45814248873144],[-97.34623059158925,49.45813460144463],[-97.3461614969075,49.472895192348766],[-97.32353719040482,49.4728843084953],[-97.3234086897445,49.532034403629545],[-97.39047458525825,49.53213770327194],[-97.45903949375196,49.53215050199036],[-97.45910250340367,49.472979987880585]]]},"properties":{"DAUID":"46030136","DGUID":"2021S051246030136","LANDAREA":91.4869,"PRUID":"46","Province":"MB"}},
{"type":"Feature","geometry":{"type":"Polygon","coordinates":[[[-98.0691889120961,49.210706815205306],[-98.05217779824777,49.21009310116853],[-98.0525699933698,49.20606313550724],[-98.06920003025147,49.20959606413975],[-98.06921286526466,49.207068401641706],[-98.06909821543567,49.19270229018438],[-97.97853591855268,49.192863304558884],[-97.97857163754227,49.19992667776048],[-97.95600238472097,49.199886494651736],[-97.91083771785325,49.19994200491156],[-97.91086928444611,49.20726750733581],[-97.86579730788029,49.20720248977285],[-97.86588651157528,49.26629479344997],[-98.04677941316903,49.266084419867575],[-98.04696751028119,49.251558902154166],[-98.06934058479624,49.25146240775444],[-98.0691889120961,49.210706815205306]]]},"properties":{"DAUID":"46030137","DGUID":"2021S051246030137","LANDAREA":108.66,"PRUID":"46","Province":"MB"}},
{"type":"Feature","geometry":{"type":"Polygon","coordinates":[[[-98.13305400398959,49.163065211704776],[-98.13314248516369,49.118690794951384],[-98.14425518659921,49.118000104609536],[-98.14374350035644,49.10393620618694],[-98.08826021784563,49.10369120348377],[-98.04319851884479,49.103704407857734],[-98.04323179268533,49.13331821195616],[-97.9759899017943,49.13332611029411],[-97.97609341590557,49.162904491805726],[-97.9645669847536,49.162916612389324],[-97.9645538794653,49.176260735927556],[-97.97850451816232,49.17772350952363],[-97.97853591855268,49.192863304558884],[-98.06909821543567,49.19270229018438],[-98.08668399975444,49.192305295734],[-98.0883694892769,49.17770758781859],[-98.08834799924553,49.17217100475625],[-98.1108840138499,49.171925007424434],[-98.1140834872336,49.17766481082188],[-98.12832798917711,49.17754829710208],[-98.13305400398959,49.163065211704776]]]},"properties":{"DAUID":"46030139","DGUID":"2021S051246030139","LANDAREA":92.5186,"PRUID":"46","Province":"MB"}},
{"type":"Feature","geometry":{"type":"Polygon","coordinates":[[[-97.93107428137584,49.1627922970815],[-97.9309959960853,49.133385992219544],[-97.90855441390005,49.1333919073735],[-97.90854861951489,49.11866591081297],[-97.89383155939537,49.118683530789575],[-97.89379160306605,49.11124467649874],[-97.88592499246974,49.10384081277638],[-97.86340071333073,49.103846107393245],[-97.86345229914762,49.177727895098336],[-97.86584251820162,49.19262109951806],[-97.86579730788029,49.20720248977285],[-97.91086928444611,49.20726750733581],[-97.91083771785325,49.19994200491156],[-97.90110441694671,49.1925822806388],[-97.90103692566399,49.17771824287896],[-97.9085750982293,49.17772569574957],[-97.90862959538858,49.163051096963514],[-97.93107428137584,49.1627922970815]]]},"properties":{"DAUID":"46030141","DGUID":"2021S051246030141","LANDAREA":39.1372,"PRUID":"46","Province":"MB"}},
{"type":"Feature","geometry":{"type":"Polygon","coordinates":[[[-97.97853591855268,49.192863304558884],[-97.9559436815503,49.19287710350389],[-97.95600238472097,49.199886494651736],[-97.97857163754227,49.19992667776048],[-97.97853591855268,49.192863304558884]]]},"properties":{"DAUID":"46030147","DGUID":"2021S051246030147","LANDAREA":1.2873,"PRUID":"46","Province":"MB"}},
{"type":"Feature","geometry":{"type":"Polygon","coordinates":[[[-97.95600930986997,49.18519550511253],[-97.9559436815503,49.19287710350389],[-97.97853591855268,49.192863304558884],[-97.97850451816232,49.17772350952363],[-97.9645538794653,49.176260735927556],[-97.95372330587276,49.18166659197998],[-97.95600930986997,49.18519550511253]]]},"properties":{"DAUID":"46030148","DGUID":"2021S051246030148","LANDAREA":2.9541,"PRUID":"46","Province":"MB"}},
{"type":"Feature","geometry":{"type":"Polygon","coordinates":[[[-97.95600238472097,49.199886494651736],[-97.9559436815503,49.19287710350389],[-97.90110441694671,49.1925822806388],[-97.91083771785325,49.19994200491156],[-97.95600238472097,49.199886494651736]]]},"properties":{"DAUID":"46030149","DGUID":"2021S051246030149","LANDAREA":3.2581,"PRUID":"46","Province":"MB"}},
{"type":"Feature","geometry":{"type":"Polygon","coordinates":[[[-97.94462588960052,49.185514905687256],[-97.93932671910352,49.184323898560535],[-97.91084659072676,49.185174208728384],[-97.91096900099194,49.17771799147802],[-97.9085750982293,49.17772569574957],[-97.90103692566399,49.17771824287896],[-97.90110441694671,49.1925822806388],[-97.9559436815503,49.19287710350389],[-97.95600930986997,49.18519550511253],[-97.94462588960052,49.185514905687256]]]},"properties":{"DAUID":"46030150","DGUID":"2021S051246030150","LANDAREA":3.7557,"PRUID":"46","Province":"MB"}},
{"type":"Feature","geometry":{"type":"Polygon","coordinates":[[[-97.95363800773224,49.162928104831465],[-97.93107428137584,49.1627922970815],[-97.93490530985096,49.167182599972634],[-97.94802779593407,49.16653981099411],[-97.95361319135729,49.16654959007261],[-97.95363800773224,49.162928104831465]]]},"properties":{"DAUID":"46030151","DGUID":"2021S051246030151","LANDAREA":0.7141,"PRUID":"46","Province":"MB"}},
{"type":"Feature","geometry":{"type":"Polygon","coordinates":[[[-97.94471680084797,49.170268212559435],[-97.9480182895558,49.17026290239369],[-97.94802779593407,49.16653981099411],[-97.93490530985096,49.167182599972634],[-97.93618388444293,49.170252898661175],[-97.94176761456801,49.17025019551289],[-97.94471680084797,49.170268212559435]]]},"properties":{"DAUID":"46030152","DGUID":"2021S051246030152","LANDAREA":0.3646,"PRUID":"46","Province":"MB"}},
{"type":"Feature","geometry":{"type":"Polygon","coordinates":[[[-97.95058879697902,49.17025878976257],[-97.95361319135729,49.16654959007261],[-97.94802779593407,49.16653981099411],[-97.9480182895558,49.17026290239369],[-97.95058879697902,49.17025878976257]]]},"properties":{"DAUID":"46030153","DGUID":"2021S051246030153","LANDAREA":0.1689,"PRUID":"46","Province":"MB"}},
{"type":"Feature","geometry":{"type":"Polygon","coordinates":[[[-99.28659918103338,49.532954400056475],[-99.36036096588492,49.53348173687966],[-99.35987949799758,49.47358148758065],[-99.3606148960888,49.40345989063512],[-99.35991211340944,49.38566459874486],[-99.35996258589498,49.385034804834106],[-99.1411310938659,49.38444759791619],[-99.13362211212502,49.37943729925047],[-99.1335956832062,49.36971369339476],[-99.11101969814442,49.369656601597505],[-99.11095940034485,49.35508471156246],[-99.08840391241672,49.354933310071864],[-99.0885021875985,49.5323490033138],[-99.09931091381203,49.53314980557302],[-99.11426251073028,49.53245239438613],[-99.28659918103338,49.532954400056475]]]},"properties":{"DAUID":"46040028","DGUID":"2021S051246040028","LANDAREA":315.8097,"PRUID":"46","Province":"MB"}},
{"type":"Feature","geometry":{"type":"Polygon","coordinates":[[[-99.35996258589498,49.385034804834106],[-99.35976430034493,49.236930097044635],[-99.36102736035357,49.2220670612324],[-99.25884148159776,49.22283310326835],[-99.2239608834243,49.221696764221086],[-99.21603519021296,49.21574924010051],[-99.19273986765928,49.20808041724658],[-99.08794492828406,49.207775903029265],[-99.06536646647893,49.20758965440005],[-99.06528268647463,49.21489320502726],[-99.02014611895198,49.21455760957536],[-99.02033644780894,49.22153590601043],[-99.02031633589586,49.25129587012054],[-99.00989974173079,49.251181064450016],[-99.00997751120983,49.26571375206428],[-98.9974498002492,49.26576560241461],[-98.99812894945997,49.279889802343085],[-98.97553433245781,49.27964893750474],[-98.97568001777726,49.29562840193365],[-98.96482691810854,49.29564790062938],[-98.96465236066089,49.32512262667746],[-98.95262406228463,49.32434670442931],[-98.95275137794214,49.355025089270704],[-99.08840391241672,49.354933310071864],[-99.11095940034485,49.35508471156246],[-99.11101969814442,49.369656601597505],[-99.1335956832062,49.36971369339476],[-99.13362211212502,49.37943729925047],[-99.1411310938659,49.38444759791619],[-99.35996258589498,49.385034804834106]]]},"properties":{"DAUID":"46040029","DGUID":"2021S051246040029","LANDAREA":452.8164,"PRUID":"46","Province":"MB"}},
{"type":"Feature","geometry":{"type":"Polygon","coordinates":[[[-99.08840391241672,49.354933310071864],[-98.95275137794214,49.355025089270704],[-98.95262406228463,49.32434670442931],[-98.94517346594314,49.331013629315954],[-98.93729715610164,49.350155634784876],[-98.9287409686915,49.354189543325624],[-98.83968981381956,49.354702896114055],[-98.83970069618127,49.36407580618382],[-98.86078114695147,49.366868583174046],[-98.92849378292426,49.36794283639999],[-98.94276767477241,49.3642403477358],[-98.9528561989519,49.36926528336465],[-98.89659291439064,49.369576948275494],[-98.90770350609655,49.376768528834056],[-98.90770620232796,49.38457696761903],[-98.93042000794972,49.38415299260233],[-98.93044729606453,49.41361159965897],[-98.83974401410653,49.414303991679866],[-98.83984688131662,49.52665029097174],[-98.83853739522135,49.53220774365662],[-98.9834715186136,49.53228269350511],[-99.0885021875985,49.5323490033138],[-99.08840391241672,49.354933310071864]]]},"properties":{"DAUID":"46040030","DGUID":"2021S051246040030","LANDAREA":306.6783,"PRUID":"46","Province":"MB"}},
{"type":"Feature","geometry":{"type":"Polygon","coordinates":[[[-98.83970069618127,49.36407580618382],[-98.83968892561593,49.36945901690641],[-98.88377257001959,49.368778699051276],[-98.88526717437117,49.37678938496865],[-98.86064110919135,49.376729687556846],[-98.8608184989936,49.384144090657],[-98.83973190395561,49.384116799124484],[-98.83973758905063,49.399309393654555],[-98.83974401410653,49.414303991679866],[-98.93044729606453,49.41361159965897],[-98.93042000794972,49.38415299260233],[-98.90770620232796,49.38457696761903],[-98.90770350609655,49.376768528834056],[-98.89659291439064,49.369576948275494],[-98.9528561989519,49.36926528336465],[-98.94276767477241,49.3642403477358],[-98.92849378292426,49.36794283639999],[-98.86078114695147,49.366868583174046],[-98.83970069618127,49.36407580618382]]]},"properties":{"DAUID":"46040031","DGUID":"2021S051246040031","LANDAREA":26.9276,"PRUID":"46","Province":"MB"}},
{"type":"Feature","geometry":{"type":"Polygon","coordinates":[[[-98.83974401410653,49.414303991679866],[-98.83973758905063,49.399309393654555],[-98.72700988596489,49.39948499816516],[-98.72660151086609,49.53250060019329],[-98.7327099923793,49.53247891281032],[-98.83853739522135,49.53220774365662],[-98.83984688131662,49.52665029097174],[-98.83974401410653,49.414303991679866]]]},"properties":{"DAUID":"46040032","DGUID":"2021S051246040032","LANDAREA":120.0178,"PRUID":"46","Province":"MB"}},
{"type":"Feature","geometry":{"type":"Polygon","coordinates":[[[-98.83968981381956,49.354702896114055],[-98.81750630090917,49.35471499290931],[-98.72646902055838,49.35431271552161],[-98.69528206296101,49.356392257238696],[-98.68111381139964,49.35407699796486],[-98.65858428958389,49.35504750670086],[-98.56787959493322,49.35514879175572],[-98.56784630022304,49.36995459163134],[-98.5905741984917,49.36992040661606],[-98.59098110309523,49.48844868750205],[-98.56811818820793,49.48818568992383],[-98.56794752545899,49.52377827447305],[-98.5693935202396,49.532684570882],[-98.72660151086609,49.53250060019329],[-98.72700988596489,49.39948499816516],[-98.83973758905063,49.399309393654555],[-98.83973190395561,49.384116799124484],[-98.8608184989936,49.384144090657],[-98.86064110919135,49.376729687556846],[-98.88526717437117,49.37678938496865],[-98.88377257001959,49.368778699051276],[-98.83968892561593,49.36945901690641],[-98.83970069618127,49.36407580618382],[-98.83968981381956,49.354702896114055]],[[-98.66479646954032,49.41111652593507],[-98.66491903073621,49.41767406937898],[-98.64769289660825,49.41434989713839],[-98.64755480276683,49.39956630904822],[-98.66457149826265,49.39956060197538],[-98.66479646954032,49.41111652593507]]]},"properties":{"DAUID":"46040033","DGUID":"2021S051246040033","LANDAREA":245.6804,"PRUID":"46","Province":"MB"}},
{"type":"Feature","geometry":{"type":"Polygon","coordinates":[[[-98.66479646954032,49.41111652593507],[-98.66457149826265,49.39956060197538],[-98.64755480276683,49.39956630904822],[-98.64769289660825,49.41434989713839],[-98.66491903073621,49.41767406937898],[-98.66479646954032,49.41111652593507]]]},"properties":{"DAUID":"46040034","DGUID":"2021S051246040034","LANDAREA":2.319,"PRUID":"46","Province":"MB"}},
{"type":"Feature","geometry":{"type":"Polygon","coordinates":[[[-98.40906513175717,49.48784731523578],[-98.40907240186954,49.53168887322187],[-98.41451560658236,49.53170211100496],[-98.47003011045797,49.53165490427495],[-98.54510249429768,49.5327299892913],[-98.5455099984435,49.526039389139775],[-98.56794752545899,49.52377827447305],[-98.56811818820793,49.48818568992383],[-98.59098110309523,49.48844868750205],[-98.5905741984917,49.36992040661606],[-98.56784630022304,49.36995459163134],[-98.56787959493322,49.35514879175572],[-98.54499368220452,49.355133007079466],[-98.40897259964524,49.35484188953588],[-98.40813948337536,49.39923691149694],[-98.40906513175717,49.48784731523578]]]},"properties":{"DAUID":"46040035","DGUID":"2021S051246040035","LANDAREA":245.4958,"PRUID":"46","Province":"MB"}},
{"type":"Feature","geometry":{"type":"Polygon","coordinates":[[[-98.81750630090917,49.35471499290931],[-98.8159227783088,49.34017661513635],[-98.79454503032794,49.339794771999685],[-98.79452904693187,49.32503151720556],[-98.77186407693226,49.32509214490465],[-98.77185403174865,49.3103169667492],[-98.73792205451124,49.31051751367642],[-98.73782436620533,49.29565806398834],[-98.72483234659423,49.29564354347453],[-98.72531056819246,49.2513982149879],[-98.70375864076802,49.2513828545521],[-98.702397104609,49.23642330386257],[-98.70311085420926,49.19978829250117],[-98.68049238484313,49.1999083107994],[-98.68030083079091,49.177554643125525],[-98.67231077823058,49.17746923042292],[-98.67240629025282,49.147873105987905],[-98.59022598546821,49.14794349307598],[-98.57162080175941,49.146013887335734],[-98.53752679417154,49.15546249973886],[-98.53756689881169,49.1776722978941],[-98.47030680973661,49.17770728688307],[-98.47035801596903,49.19219909847535],[-98.49183810148337,49.19213360163908],[-98.49945780368436,49.197339298557665],[-98.49955090515465,49.22348009579273],[-98.50267969746041,49.22782040738461],[-98.52200450288966,49.23636650057986],[-98.54500380496194,49.23311300002499],[-98.5449091269587,49.249032893748215],[-98.54499368220452,49.355133007079466],[-98.56787959493322,49.35514879175572],[-98.65858428958389,49.35504750670086],[-98.68111381139964,49.35407699796486],[-98.69528206296101,49.356392257238696],[-98.72646902055838,49.35431271552161],[-98.81750630090917,49.35471499290931]]]},"properties":{"DAUID":"46040036","DGUID":"2021S051246040036","LANDAREA":315.892,"PRUID":"46","Province":"MB"}},
{"type":"Feature","geometry":{"type":"Polygon","coordinates":[[[-98.52200450288966,49.23636650057986],[-98.52216715410961,49.24894911008692],[-98.5449091269587,49.249032893748215],[-98.54500380496194,49.23311300002499],[-98.52200450288966,49.23636650057986]]]},"properties":{"DAUID":"46040037","DGUID":"2021S051246040037","LANDAREA":2.8925,"PRUID":"46","Province":"MB"}},
{"type":"Feature","geometry":{"type":"Polygon","coordinates":[[[-98.40897259964524,49.35484188953588],[-98.54499368220452,49.355133007079466],[-98.5449091269587,49.249032893748215],[-98.52216715410961,49.24894911008692],[-98.52200450288966,49.23636650057986],[-98.50267969746041,49.22782040738461],[-98.49955090515465,49.22348009579273],[-98.49945780368436,49.197339298557665],[-98.49183810148337,49.19213360163908],[-98.47035801596903,49.19219909847535],[-98.47030680973661,49.17770728688307],[-98.36059360521959,49.177763612197474],[-98.3578078875293,49.16294169044189],[-98.2676601927119,49.162953902480936],[-98.27320034449532,49.177752080470164],[-98.27297551393954,49.2664164049593],[-98.40889530032173,49.26608529950769],[-98.40897259964524,49.35484188953588]]]},"properties":{"DAUID":"46040038","DGUID":"2021S051246040038","LANDAREA":275.0545,"PRUID":"46","Province":"MB"}},
{"type":"Feature","geometry":{"type":"Polygon","coordinates":[[[-98.2676601927119,49.162953902480936],[-98.3578078875293,49.16294169044189],[-98.36059360521959,49.177763612197474],[-98.47030680973661,49.17770728688307],[-98.53756689881169,49.1776722978941],[-98.53752679417154,49.15546249973886],[-98.57162080175941,49.146013887335734],[-98.59022598546821,49.14794349307598],[-98.67240629025282,49.147873105987905],[-98.67240791673674,49.133066595521285],[-98.67174699949669,49.01504350655186],[-98.67255141692696,49.0000691290619],[-98.38909053618313,49.00007979142913],[-98.26796489709089,49.00029214321833],[-98.26746591020154,49.10077560966],[-98.2676601927119,49.162953902480936]]]},"properties":{"DAUID":"46040039","DGUID":"2021S051246040039","LANDAREA":536.7343,"PRUID":"46","Province":"MB"}},
{"type":"Feature","geometry":{"type":"Polygon","coordinates":[[[-99.02033644780894,49.22153590601043],[-98.9828339154764,49.221405492200454],[-98.97498100088849,49.216654597542956],[-98.97494491676223,49.20665179388719],[-98.95231969378148,49.20673470991721],[-98.95230678224021,49.177301997043756],[-98.9422633066812,49.17730639344034],[-98.94230187229978,49.15586944655258],[-98.94226475185395,49.14060281993718],[-98.94938089891994,49.140248793493534],[-98.94937469759158,49.13289958881781],[-98.73996540822952,49.13268979201545],[-98.67240791673674,49.133066595521285],[-98.67240629025282,49.147873105987905],[-98.67231077823058,49.17746923042292],[-98.68030083079091,49.177554643125525],[-98.68049238484313,49.1999083107994],[-98.70311085420926,49.19978829250117],[-98.702397104609,49.23642330386257],[-98.70375864076802,49.2513828545521],[-98.72531056819246,49.2513982149879],[-98.72483234659423,49.29564354347453],[-98.73782436620533,49.29565806398834],[-98.73792205451124,49.31051751367642],[-98.77185403174865,49.3103169667492],[-98.77186407693226,49.32509214490465],[-98.79452904693187,49.32503151720556],[-98.79454503032794,49.339794771999685],[-98.8159227783088,49.34017661513635],[-98.81750630090917,49.35471499290931],[-98.83968981381956,49.354702896114055],[-98.9287409686915,49.354189543325624],[-98.93729715610164,49.350155634784876],[-98.94517346594314,49.331013629315954],[-98.95262406228463,49.32434670442931],[-98.96465236066089,49.32512262667746],[-98.96482691810854,49.29564790062938],[-98.97568001777726,49.29562840193365],[-98.97553433245781,49.27964893750474],[-98.99812894945997,49.279889802343085],[-98.9974498002492,49.26576560241461],[-99.00997751120983,49.26571375206428],[-99.00989974173079,49.251181064450016],[-99.02031633589586,49.25129587012054],[-99.02033644780894,49.22153590601043]],[[-98.89460728284735,49.19208810797059],[-98.90675358715285,49.19217951124147],[-98.90682199871704,49.206877796410105],[-98.88611898467776,49.206814307856874],[-98.88416278748622,49.19206911285787],[-98.89460728284735,49.19208810797059]]]},"properties":{"DAUID":"46040040","DGUID":"2021S051246040040","LANDAREA":427.4947,"PRUID":"46","Province":"MB"}},
{"type":"Feature","geometry":{"type":"Polygon","coordinates":[[[-98.89460728284735,49.19208810797059],[-98.88416278748622,49.19206911285787],[-98.88611898467776,49.206814307856874],[-98.90682199871704,49.206877796410105],[-98.90675358715285,49.19217951124147],[-98.89460728284735,49.19208810797059]]]},"properties":{"DAUID":"46040041","DGUID":"2021S051246040041","LANDAREA":2.6498,"PRUID":"46","Province":"MB"}},
{"type":"Feature","geometry":{"type":"Polygon","coordinates":[[[-98.94230187229978,49.15586944655258],[-98.96484324994212,49.15567436780092],[-98.96482569274835,49.14035199410677],[-98.94938089891994,49.140248793493534],[-98.94226475185395,49.14060281993718],[-98.94230187229978,49.15586944655258]]]},"properties":{"DAUID":"46040042","DGUID":"2021S051246040042","LANDAREA":2.7834,"PRUID":"46","Province":"MB"}},
{"type":"Feature","geometry":{"type":"Polygon","coordinates":[[[-99.08794492828406,49.207775903029265],[-99.08792982337285,49.177760351536186],[-99.07823625148237,49.17772394155594],[-99.07734811288766,49.16254250096442],[-99.0774798141468,49.08868108718209],[-99.07551889914227,49.014811001232495],[-99.07662323242343,49.00006871913906],[-98.75722728435467,49.00000906808736],[-98.67255141692696,49.0000691290619],[-98.67174699949669,49.01504350655186],[-98.67240791673674,49.133066595521285],[-98.73996540822952,49.13268979201545],[-98.94937469759158,49.13289958881781],[-98.94938089891994,49.140248793493534],[-98.96482569274835,49.14035199410677],[-98.96484324994212,49.15567436780092],[-98.94230187229978,49.15586944655258],[-98.9422633066812,49.17730639344034],[-98.95230678224021,49.177301997043756],[-98.95231969378148,49.20673470991721],[-98.97494491676223,49.20665179388719],[-98.97498100088849,49.216654597542956],[-98.9828339154764,49.221405492200454],[-99.02033644780894,49.22153590601043],[-99.02014611895198,49.21455760957536],[-99.06528268647463,49.21489320502726],[-99.06536646647893,49.20758965440005],[-99.08794492828406,49.207775903029265]]]},"properties":{"DAUID":"46040043","DGUID":"2021S051246040043","LANDAREA":501.8781,"PRUID":"46","Province":"MB"}},
{"type":"Feature","geometry":{"type":"Polygon","coordinates":[[[-99.36102736035357,49.2220670612324],[-99.4057102210958,49.22231998687694],[-99.40349000403924,49.23691799264104],[-99.44258386331414,49.23707693105521],[-99.4505713598702,49.24409292378471],[-99.45002998370751,49.26678911231814],[-99.47060618858484,49.266854797055096],[-99.49489489304888,49.2668792969914],[-99.49520488758533,49.17830111028235],[-99.4805790874886,49.17692371294358],[-99.48129221420183,49.171271498991764],[-99.4813125925173,49.08841431213583],[-99.34691480728522,49.08892341039355],[-99.3468709335033,49.10101795701302],[-99.3280877375807,49.10124461362692],[-99.32790896073963,49.088892949710846],[-99.25747721339597,49.08885169679123],[-99.25736211728848,49.10367649008614],[-99.19016100685236,49.10353690063871],[-99.19013210516985,49.08879340723001],[-99.0774798141468,49.08868108718209],[-99.07734811288766,49.16254250096442],[-99.07823625148237,49.17772394155594],[-99.08792982337285,49.177760351536186],[-99.08794492828406,49.207775903029265],[-99.19273986765928,49.20808041724658],[-99.21603519021296,49.21574924010051],[-99.2239608834243,49.221696764221086],[-99.25884148159776,49.22283310326835],[-99.36102736035357,49.2220670612324]]]},"properties":{"DAUID":"46040044","DGUID":"2021S051246040044","LANDAREA":409.591,"PRUID":"46","Province":"MB"}},
{"type":"Feature","geometry":{"type":"Polygon","coordinates":[[[-99.34691480728522,49.08892341039355],[-99.32790896073963,49.088892949710846],[-99.3280877375807,49.10124461362692],[-99.3468709335033,49.10101795701302],[-99.34691480728522,49.08892341039355]]]},"properties":{"DAUID":"46040045","DGUID":"2021S051246040045","LANDAREA":1.8773,"PRUID":"46","Province":"MB"}},
{"type":"Feature","geometry":{"type":"Polygon","coordinates":[[[-99.0774798141468,49.08868108718209],[-99.19013210516985,49.08879340723001],[-99.19016100685236,49.10353690063871],[-99.25736211728848,49.10367649008614],[-99.25747721339597,49.08885169679123],[-99.32790896073963,49.088892949710846],[-99.34691480728522,49.08892341039355],[-99.4813125925173,49.08841431213583],[-99.48133418504551,49.00700411340091],[-99.4822415050171,49.00003104864769],[-99.24308764187576,49.0000086972633],[-99.07662323242343,49.00006871913906],[-99.07551889914227,49.014811001232495],[-99.0774798141468,49.08868108718209]]]},"properties":{"DAUID":"46040046","DGUID":"2021S051246040046","LANDAREA":293.7973,"PRUID":"46","Province":"MB"}},
{"type":"Feature","geometry":{"type":"Polygon","coordinates":[[[-98.56794752545899,49.52377827447305],[-98.5455099984435,49.526039389139775],[-98.54510249429768,49.5327299892913],[-98.54556136777924,49.53965604361573],[-98.56857630039339,49.53976980762017],[-98.5693935202396,49.532684570882],[-98.56794752545899,49.52377827447305]]]},"properties":{"DAUID":"46040057","DGUID":"2021S051246040057","LANDAREA":2.8343,"PRUID":"46","Province":"MB"}},
{"type":"Feature","geometry":{"type":"Polygon","coordinates":[[[-100.85020600733044,49.35529691082565],[-100.85017369758829,49.42890939657285],[-100.85163153201556,49.44334213598234],[-100.85063374210465,49.46897756287912],[-100.8502366474952,49.53283313333525],[-100.8721179998159,49.53285119861593],[-100.96315529000876,49.532781210512724],[-101.09911568805792,49.53278649302038],[-101.2796361936083,49.53273370117438],[-101.33458654926939,49.53221610266729],[-101.39256410725227,49.53272258050863],[-101.39236990755158,49.45918069437345],[-101.38915139521883,49.39951291126561],[-101.39242711647245,49.39714210071031],[-101.39246149214499,49.35484526605747],[-101.25683762122078,49.355024207530285],[-101.1928042521554,49.35590838703351],[-101.18907129555531,49.35498935736142],[-101.12131849167059,49.35518980254059],[-100.85020600733044,49.35529691082565]]]},"properties":{"DAUID":"46050041","DGUID":"2021S051246050041","LANDAREA":774.1527,"PRUID":"46","Province":"MB"}},
{"type":"Feature","geometry":{"type":"Polygon","coordinates":[[[-101.39246149214499,49.35484526605747],[-101.39211729687598,49.26639510980904],[-101.39148032187171,49.17784703015613],[-101.36211111910967,49.17777859806356],[-101.36198980041623,48.99947410258756],[-101.11468837852635,48.99952845130159],[-101.09348029813049,49.000075684742725],[-101.09414856047792,49.04405778483277],[-101.09326280333212,49.17776788700274],[-101.12133761378522,49.17775020695415],[-101.12162011228077,49.236957893376044],[-101.12131849167059,49.35518980254059],[-101.18907129555531,49.35498935736142],[-101.1928042521554,49.35590838703351],[-101.25683762122078,49.355024207530285],[-101.39246149214499,49.35484526605747]]]},"properties":{"DAUID":"46050042","DGUID":"2021S051246050042","LANDAREA":776.7182,"PRUID":"46","Province":"MB"}},
{"type":"Feature","geometry":{"type":"Polygon","coordinates":[[[-101.12131849167059,49.35518980254059],[-101.12162011228077,49.236957893376044],[-101.12133761378522,49.17775020695415],[-101.09326280333212,49.17776788700274],[-101.09414856047792,49.04405778483277],[-101.09348029813049,49.000075684742725],[-100.82460970020435,49.000067675149985],[-100.82447241829175,49.17765980090641],[-100.85081900951943,49.17768165898411],[-100.85162303976766,49.250077967439644],[-100.8501195109716,49.26668939641983],[-100.85020600733044,49.35529691082565],[-101.12131849167059,49.35518980254059]],[[-100.9998910458868,49.274345376053304],[-101.00000351363089,49.28141859184725],[-100.97440741240598,49.281471498891875],[-100.97413291298763,49.26661289463756],[-100.98576878410375,49.26663191255939],[-101.0025443020522,49.26666220059222],[-100.9998910458868,49.274345376053304]]]},"properties":{"DAUID":"46050043","DGUID":"2021S051246050043","LANDAREA":770.8617,"PRUID":"46","Province":"MB"}},
{"type":"Feature","geometry":{"type":"Polygon","coordinates":[[[-100.98576878410375,49.26663191255939],[-100.98580918515256,49.27414290938578],[-100.9998910458868,49.274345376053304],[-101.0025443020522,49.26666220059222],[-100.98576878410375,49.26663191255939]]]},"properties":{"DAUID":"46050044","DGUID":"2021S051246050044","LANDAREA":1.0297,"PRUID":"46","Province":"MB"}},
{"type":"Feature","geometry":{"type":"Polygon","coordinates":[[[-100.9998910458868,49.274345376053304],[-100.98580918515256,49.27414290938578],[-100.98576878410375,49.26663191255939],[-100.97413291298763,49.26661289463756],[-100.97440741240598,49.281471498891875],[-101.00000351363089,49.28141859184725],[-100.9998910458868,49.274345376053304]]]},"properties":{"DAUID":"46050045","DGUID":"2021S051246050045","LANDAREA":2.1601,"PRUID":"46","Province":"MB"}},
{"type":"Feature","geometry":{"type":"Polygon","coordinates":[[[-100.82460970020435,49.000067675149985],[-100.55564830809095,49.00004779272734],[-100.55582684010602,49.17364225521773],[-100.5567526031904,49.17762451378182],[-100.57908708643555,49.177642401901025],[-100.57973129076333,49.237509592192836],[-100.57891129784642,49.26693681179078],[-100.5803788860393,49.31113949698454],[-100.57903969301466,49.35530820733051],[-100.64020525774707,49.354742043939744],[-100.85020600733044,49.35529691082565],[-100.8501195109716,49.26668939641983],[-100.85162303976766,49.250077967439644],[-100.85081900951943,49.17768165898411],[-100.82447241829175,49.17765980090641],[-100.82460970020435,49.000067675149985]],[[-100.79817016959173,49.09254128552896],[-100.80774225602975,49.102946423128884],[-100.795028341945,49.10292732338104],[-100.79817016959173,49.09254128552896]]]},"properties":{"DAUID":"46050046","DGUID":"2021S051246050046","LANDAREA":774.8441,"PRUID":"46","Province":"MB"}},
{"type":"Feature","geometry":{"type":"Polygon","coordinates":[[[-100.79817016959173,49.09254128552896],[-100.795028341945,49.10292732338104],[-100.80774225602975,49.102946423128884],[-100.79817016959173,49.09254128552896]]]},"properties":{"DAUID":"46050047","DGUID":"2021S051246050047","LANDAREA":0.7956,"PRUID":"46","Province":"MB"}},
{"type":"Feature","geometry":{"type":"Polygon","coordinates":[[[-100.55564830809095,49.00004779272734],[-100.2882306700607,49.00004187214333],[-100.28895941025678,49.07795085087099],[-100.28743058313353,49.09213310051994],[-100.28730020289844,49.1776120026483],[-100.30851575345028,49.177617773098156],[-100.30899401988225,49.26944120310089],[-100.30754331630676,49.280636725965714],[-100.30786521245264,49.35532180866928],[-100.57903969301466,49.35530820733051],[-100.5803788860393,49.31113949698454],[-100.57891129784642,49.26693681179078],[-100.57973129076333,49.237509592192836],[-100.57908708643555,49.177642401901025],[-100.5567526031904,49.17762451378182],[-100.55582684010602,49.17364225521773],[-100.55564830809095,49.00004779272734]],[[-100.50585851692861,49.19312190751322],[-100.50577256349884,49.20080202378289],[-100.48837250423985,49.200908314499365],[-100.48835511618759,49.18752858653544],[-100.51087198492455,49.185222332167015],[-100.50585851692861,49.19312190751322]]]},"properties":{"DAUID":"46050048","DGUID":"2021S051246050048","LANDAREA":725.6109,"PRUID":"46","Province":"MB"}},
{"type":"Feature","geometry":{"type":"Polygon","coordinates":[[[-100.48835511618759,49.18752858653544],[-100.50585851692861,49.19312190751322],[-100.51087198492455,49.185222332167015],[-100.48835511618759,49.18752858653544]]]},"properties":{"DAUID":"46050049","DGUID":"2021S051246050049","LANDAREA":1.1478,"PRUID":"46","Province":"MB"}},
{"type":"Feature","geometry":{"type":"Polygon","coordinates":[[[-100.50585851692861,49.19312190751322],[-100.48835511618759,49.18752858653544],[-100.48837250423985,49.200908314499365],[-100.50577256349884,49.20080202378289],[-100.50585851692861,49.19312190751322]]]},"properties":{"DAUID":"46050050","DGUID":"2021S051246050050","LANDAREA":1.369,"PRUID":"46","Province":"MB"}},
{"type":"Feature","geometry":{"type":"Polygon","coordinates":[[[-100.05861609622242,49.231326303029476],[-100.06258809015894,49.237199902519485],[-100.07176214290472,49.237194843787535],[-100.07103500800845,49.222479201027994],[-100.059443300669,49.22247619513669],[-100.05861609622242,49.231326303029476]]]},"properties":{"DAUID":"46050052","DGUID":"2021S051246050052","LANDAREA":1.3804,"PRUID":"46","Province":"MB"}},
{"type":"Feature","geometry":{"type":"Polygon","coordinates":[[[-100.059443300669,49.22247619513669],[-100.04732594719673,49.222482474520824],[-100.05069121805845,49.237191810766866],[-100.05861609622242,49.231326303029476],[-100.059443300669,49.22247619513669]]]},"properties":{"DAUID":"46050053","DGUID":"2021S051246050053","LANDAREA":1.0549,"PRUID":"46","Province":"MB"}},
{"type":"Feature","geometry":{"type":"Polygon","coordinates":[[[-100.05861609622242,49.231326303029476],[-100.05069121805845,49.237191810766866],[-100.06258809015894,49.237199902519485],[-100.05861609622242,49.231326303029476]]]},"properties":{"DAUID":"46050054","DGUID":"2021S051246050054","LANDAREA":0.4601,"PRUID":"46","Province":"MB"}},
{"type":"Feature","geometry":{"type":"Polygon","coordinates":[[[-99.65313470218838,49.26688469905384],[-99.90136740207592,49.26681589834825],[-99.90133829437893,49.17763541058539],[-99.88450730860094,49.175588703011634],[-99.88454670015744,49.073011791378356],[-99.66081878826101,49.07313329069391],[-99.66092506169903,49.16865882071801],[-99.67136347264484,49.17698009145483],[-99.67567068835565,49.18580589531213],[-99.6947450936689,49.18574670732293],[-99.69815880353224,49.19526129004073],[-99.67966836057221,49.19001229806612],[-99.65304971042262,49.19179386546058],[-99.65313470218838,49.26688469905384]]]},"properties":{"DAUID":"46050055","DGUID":"2021S051246050055","LANDAREA":360.2348,"PRUID":"46","Province":"MB"}},
{"type":"Feature","geometry":{"type":"Polygon","coordinates":[[[-99.67136347264484,49.17698009145483],[-99.66891971767906,49.182813801987],[-99.67567068835565,49.18580589531213],[-99.67136347264484,49.17698009145483]]]},"properties":{"DAUID":"46050056","DGUID":"2021S051246050056","LANDAREA":0.4576,"PRUID":"46","Province":"MB"}},
{"type":"Feature","geometry":{"type":"Polygon","coordinates":[[[-99.67567068835565,49.18580589531213],[-99.66891971767906,49.182813801987],[-99.6604455852871,49.18431981251326],[-99.6531779948405,49.183695489834165],[-99.65304971042262,49.19179386546058],[-99.67966836057221,49.19001229806612],[-99.69815880353224,49.19526129004073],[-99.6947450936689,49.18574670732293],[-99.67567068835565,49.18580589531213]]]},"properties":{"DAUID":"46050057","DGUID":"2021S051246050057","LANDAREA":2.2246,"PRUID":"46","Province":"MB"}},
{"type":"Feature","geometry":{"type":"Polygon","coordinates":[[[-99.67136347264484,49.17698009145483],[-99.6604455852871,49.18431981251326],[-99.66891971767906,49.182813801987],[-99.67136347264484,49.17698009145483]]]},"properties":{"DAUID":"46050058","DGUID":"2021S051246050058","LANDAREA":0.3739,"PRUID":"46","Province":"MB"}},
{"type":"Feature","geometry":{"type":"Polygon","coordinates":[[[-99.66092506169903,49.16865882071801],[-99.66074111183099,49.17765250305225],[-99.6531779948405,49.183695489834165],[-99.6604455852871,49.18431981251326],[-99.67136347264484,49.17698009145483],[-99.66092506169903,49.16865882071801]]]},"properties":{"DAUID":"46050059","DGUID":"2021S051246050059","LANDAREA":1.9768,"PRUID":"46","Province":"MB"}},
{"type":"Feature","geometry":{"type":"Polygon","coordinates":[[[-99.47060618858484,49.266854797055096],[-99.4730738407747,49.28165878441163],[-99.48697604264872,49.28163295003038],[-99.4963481199755,49.288524318492385],[-99.49648584873157,49.30383211448701],[-99.53725507992813,49.32285173684659],[-99.55875575841398,49.34281794840449],[-99.57109926674794,49.36317213636035],[-99.58844687228495,49.3805805379815],[-99.60403846444459,49.40045573710992],[-99.60878176987356,49.40218964018584],[-99.61909383777629,49.40270420623117],[-99.63132058797005,49.39552913387826],[-99.5888488827892,49.35491608491652],[-99.63068749159883,49.35511799565647],[-99.63095702098552,49.28164331071066],[-99.62993200825012,49.266878587709385],[-99.65313470218838,49.26688469905384],[-99.65304971042262,49.19179386546058],[-99.6531779948405,49.183695489834165],[-99.66074111183099,49.17765250305225],[-99.66092506169903,49.16865882071801],[-99.66081878826101,49.07313329069391],[-99.88454670015744,49.073011791378356],[-99.88463574196723,49.00008033685685],[-99.72606329824987,49.00002798923303],[-99.4822415050171,49.00003104864769],[-99.48133418504551,49.00700411340091],[-99.4813125925173,49.08841431213583],[-99.48129221420183,49.171271498991764],[-99.4805790874886,49.17692371294358],[-99.49520488758533,49.17830111028235],[-99.49489489304888,49.2668792969914],[-99.47060618858484,49.266854797055096]]]},"properties":{"DAUID":"46050060","DGUID":"2021S051246050060","LANDAREA":564.7473,"PRUID":"46","Province":"MB"}},
{"type":"Feature","geometry":{"type":"Polygon","coordinates":[[[-99.65313470218838,49.26688469905384],[-99.62993200825012,49.266878587709385],[-99.63095702098552,49.28164331071066],[-99.63068749159883,49.35511799565647],[-99.5888488827892,49.35491608491652],[-99.63132058797005,49.39552913387826],[-99.61909383777629,49.40270420623117],[-99.61913900168896,49.403190100451845],[-99.62912239221684,49.401981513532796],[-99.65042698415498,49.40686489077349],[-99.65305948071035,49.39228699221632],[-99.66583100381739,49.393077695576096],[-99.68452678394252,49.399669898546115],[-99.90128370555256,49.39942469722209],[-99.90131770269079,49.35533000915773],[-99.90136740207592,49.26681589834825],[-99.65313470218838,49.26688469905384]]]},"properties":{"DAUID":"46050061","DGUID":"2021S051246050061","LANDAREA":294.0872,"PRUID":"46","Province":"MB"}},
{"type":"Feature","geometry":{"type":"Polygon","coordinates":[[[-99.61913900168896,49.403190100451845],[-99.6305846997448,49.40668399169114],[-99.63021781704968,49.52947030381422],[-99.63089710877261,49.53285760898445],[-99.64340398450831,49.532860689493134],[-99.74729110409524,49.53292000103509],[-99.8482303742194,49.533377774213804],[-99.87091160654103,49.53285610372792],[-99.90124638121432,49.532821691059546],[-99.90128370555256,49.39942469722209],[-99.68452678394252,49.399669898546115],[-99.66583100381739,49.393077695576096],[-99.65305948071035,49.39228699221632],[-99.65042698415498,49.40686489077349],[-99.62912239221684,49.401981513532796],[-99.61913900168896,49.403190100451845]]]},"properties":{"DAUID":"46050062","DGUID":"2021S051246050062","LANDAREA":284.8491,"PRUID":"46","Province":"MB"}},
{"type":"Feature","geometry":{"type":"Polygon","coordinates":[[[-99.90128370555256,49.39942469722209],[-99.90124638121432,49.532821691059546],[-100.029622507471,49.532811886324254],[-100.05384618742316,49.53379737770811],[-100.06511468501854,49.53288641049429],[-100.30795380883995,49.532887607466535],[-100.30786521245264,49.35532180866928],[-100.2188671443954,49.35482830430967],[-100.172326199729,49.35520768477319],[-99.90131770269079,49.35533000915773],[-99.90128370555256,49.39942469722209]]]},"properties":{"DAUID":"46050064","DGUID":"2021S051246050064","LANDAREA":578.6251,"PRUID":"46","Province":"MB"}},
{"type":"Feature","geometry":{"type":"Polygon","coordinates":[[[-100.85020600733044,49.35529691082565],[-100.64020525774707,49.354742043939744],[-100.57903969301466,49.35530820733051],[-100.30786521245264,49.35532180866928],[-100.30795380883995,49.532887607466535],[-100.46299271547886,49.532865908442744],[-100.46420432253122,49.53240484654735],[-100.48614208218517,49.53285870872838],[-100.64459841148023,49.532891389302826],[-100.8502366474952,49.53283313333525],[-100.85063374210465,49.46897756287912],[-100.85163153201556,49.44334213598234],[-100.85017369758829,49.42890939657285],[-100.85020600733044,49.35529691082565]],[[-100.51449358632625,49.473487883991325],[-100.53394320259788,49.47351320793749],[-100.53397751195108,49.488310105308436],[-100.51139838656337,49.488220593186824],[-100.51449358632625,49.473487883991325]]]},"properties":{"DAUID":"46050065","DGUID":"2021S051246050065","LANDAREA":769.0304,"PRUID":"46","Province":"MB"}},
{"type":"Feature","geometry":{"type":"Polygon","coordinates":[[[-100.51449358632625,49.473487883991325],[-100.51139838656337,49.488220593186824],[-100.53397751195108,49.488310105308436],[-100.53394320259788,49.47351320793749],[-100.51449358632625,49.473487883991325]]]},"properties":{"DAUID":"46050066","DGUID":"2021S051246050066","LANDAREA":2.6807,"PRUID":"46","Province":"MB"}},
{"type":"Feature","geometry":{"type":"Polygon","coordinates":[[[-100.28730020289844,49.1776120026483],[-100.16217341232186,49.1774907897626],[-99.90133829437893,49.17763541058539],[-99.90136740207592,49.26681589834825],[-99.90131770269079,49.35533000915773],[-100.172326199729,49.35520768477319],[-100.2188671443954,49.35482830430967],[-100.30786521245264,49.35532180866928],[-100.30754331630676,49.280636725965714],[-100.30899401988225,49.26944120310089],[-100.30851575345028,49.177617773098156],[-100.28730020289844,49.1776120026483]],[[-100.06258809015894,49.237199902519485],[-100.05069121805845,49.237191810766866],[-100.04732594719673,49.222482474520824],[-100.059443300669,49.22247619513669],[-100.07103500800845,49.222479201027994],[-100.07176214290472,49.237194843787535],[-100.06258809015894,49.237199902519485]]]},"properties":{"DAUID":"46050067","DGUID":"2021S051246050067","LANDAREA":553.0566,"PRUID":"46","Province":"MB"}},
{"type":"Feature","geometry":{"type":"Polygon","coordinates":[[[-100.2882306700607,49.00004187214333],[-100.05251579881175,49.000049893260034],[-99.88463574196723,49.00008033685685],[-99.88454670015744,49.073011791378356],[-99.88450730860094,49.175588703011634],[-99.90133829437893,49.17763541058539],[-100.16217341232186,49.1774907897626],[-100.28730020289844,49.1776120026483],[-100.28743058313353,49.09213310051994],[-100.28895941025678,49.07795085087099],[-100.2882306700607,49.00004187214333]]]},"properties":{"DAUID":"46050068","DGUID":"2021S051246050068","LANDAREA":546.4322,"PRUID":"46","Province":"MB"}},
{"type":"Feature","geometry":{"type":"Polygon","coordinates":[[[-99.36036096588492,49.53348173687966],[-99.42061229476036,49.53298561071487],[-99.63089710877261,49.53285760898445],[-99.63021781704968,49.52947030381422],[-99.6305846997448,49.40668399169114],[-99.61913900168896,49.403190100451845],[-99.61909383777629,49.40270420623117],[-99.60878176987356,49.40218964018584],[-99.60369001851522,49.414170495719695],[-99.50350290198982,49.41429029599718],[-99.49512520180998,49.40925331011497],[-99.49513780131615,49.399538590836244],[-99.41302290186869,49.39974420343026],[-99.35991211340944,49.38566459874486],[-99.3606148960888,49.40345989063512],[-99.35987949799758,49.47358148758065],[-99.36036096588492,49.53348173687966]]]},"properties":{"DAUID":"46050069","DGUID":"2021S051246050069","LANDAREA":270.6295,"PRUID":"46","Province":"MB"}},
{"type":"Feature","geometry":{"type":"Polygon","coordinates":[[[-99.35991211340944,49.38566459874486],[-99.41302290186869,49.39974420343026],[-99.49513780131615,49.399538590836244],[-99.49512520180998,49.40925331011497],[-99.50350290198982,49.41429029599718],[-99.60369001851522,49.414170495719695],[-99.60878176987356,49.40218964018584],[-99.60403846444459,49.40045573710992],[-99.58844687228495,49.3805805379815],[-99.57109926674794,49.36317213636035],[-99.55875575841398,49.34281794840449],[-99.53725507992813,49.32285173684659],[-99.49648584873157,49.30383211448701],[-99.4963481199755,49.288524318492385],[-99.48697604264872,49.28163295003038],[-99.4730738407747,49.28165878441163],[-99.47060618858484,49.266854797055096],[-99.45002998370751,49.26678911231814],[-99.4505713598702,49.24409292378471],[-99.44258386331414,49.23707693105521],[-99.40349000403924,49.23691799264104],[-99.4057102210958,49.22231998687694],[-99.36102736035357,49.2220670612324],[-99.35976430034493,49.236930097044635],[-99.35996258589498,49.385034804834106],[-99.35991211340944,49.38566459874486]]]},"properties":{"DAUID":"46050070","DGUID":"2021S051246050070","LANDAREA":221.3877,"PRUID":"46","Province":"MB"}},
{"type":"Feature","geometry":{"type":"Polygon","coordinates":[[[-101.25227201208718,49.975240498556936],[-101.25247337276126,49.96771304858053],[-101.2295020683465,49.96776663777841],[-101.22830427980013,49.974855029913904],[-101.22956089272871,49.98252716466604],[-101.2524087347404,49.98251498624581],[-101.25227201208718,49.975240498556936]]]},"properties":{"DAUID":"46060025","DGUID":"2021S051246060025","LANDAREA":2.7596,"PRUID":"46","Province":"MB"}},
{"type":"Feature","geometry":{"type":"Polygon","coordinates":[[[-101.22830427980013,49.974855029913904],[-101.21189338325382,49.95959259562596],[-101.19032952068108,49.94775940825866],[-101.16800558732247,49.94545341222955],[-101.12471028668874,49.93722369828349],[-101.08035281367927,49.91918319562368],[-101.01953920319806,49.89679030270914],[-100.96703438483657,49.87198442552827],[-100.96336400741386,49.87204729417231],[-100.96325419797245,49.844887661410354],[-100.9538114241884,49.84491401637071],[-100.95381510587751,49.86522839955297],[-100.94054037974091,49.86340959920551],[-100.93063501313291,49.865093010612306],[-100.93093383179372,49.8800075506097],[-100.90800027577866,49.87987074668553],[-100.90795858563253,49.872060224161686],[-100.87333000522338,49.87204429925532],[-100.87333550976638,49.886785808259795],[-100.89703969377065,49.886815403777824],[-100.8974110972172,50.0640110743337],[-101.03463101901286,50.063681605183895],[-101.17210685803643,50.06366983940669],[-101.37834630410353,50.06355491140076],[-101.44730600459759,50.06400026458524],[-101.44729370997072,49.97503959944345],[-101.25227201208718,49.975240498556936],[-101.2524087347404,49.98251498624581],[-101.22956089272871,49.98252716466604],[-101.22830427980013,49.974855029913904]]]},"properties":{"DAUID":"46060026","DGUID":"2021S051246060026","LANDAREA":556.7176,"PRUID":"46","Province":"MB"}},
{"type":"Feature","geometry":{"type":"Polygon","coordinates":[[[-101.25227201208718,49.975240498556936],[-101.44729370997072,49.97503959944345],[-101.44721949092265,49.894369007626615],[-101.44837289873942,49.88671117015145],[-101.41754598208136,49.88667010758851],[-101.41760333805615,49.79833817635791],[-101.23608858181593,49.798182794052565],[-101.16767171040328,49.79814299809948],[-101.16774568426645,49.831838414510344],[-101.17051330006916,49.84240119521096],[-101.14496118183466,49.842400298117106],[-101.14502489526589,49.884047399697536],[-101.14878950555634,49.886685311068874],[-101.08033448449433,49.8867109114113],[-101.08035281367927,49.91918319562368],[-101.12471028668874,49.93722369828349],[-101.16800558732247,49.94545341222955],[-101.19032952068108,49.94775940825866],[-101.21189338325382,49.95959259562596],[-101.22830427980013,49.974855029913904],[-101.2295020683465,49.96776663777841],[-101.25247337276126,49.96771304858053],[-101.25227201208718,49.975240498556936]]]},"properties":{"DAUID":"46060027","DGUID":"2021S051246060027","LANDAREA":403.5858,"PRUID":"46","Province":"MB"}},
{"type":"Feature","geometry":{"type":"Polygon","coordinates":[[[-100.90795858563253,49.872060224161686],[-100.91771410741255,49.872065007898456],[-100.9169948332353,49.85450254106858],[-100.92170478498767,49.84251289726537],[-100.92910359450634,49.84248890784279],[-100.94053810717615,49.84251390854608],[-100.96325419797245,49.844887661410354],[-100.96336400741386,49.87204729417231],[-100.96703438483657,49.87198442552827],[-101.01953920319806,49.89679030270914],[-101.08035281367927,49.91918319562368],[-101.08033448449433,49.8867109114113],[-101.14878950555634,49.886685311068874],[-101.14502489526589,49.884047399697536],[-101.14496118183466,49.842400298117106],[-101.17051330006916,49.84240119521096],[-101.16774568426645,49.831838414510344],[-101.16767171040328,49.79814299809948],[-100.87214959469506,49.798303488009175],[-100.87333000522338,49.87204429925532],[-100.90795858563253,49.872060224161686]]]},"properties":{"DAUID":"46060028","DGUID":"2021S051246060028","LANDAREA":188.2165,"PRUID":"46","Province":"MB"}},
{"type":"Feature","geometry":{"type":"Polygon","coordinates":[[[-100.96325419797245,49.844887661410354],[-100.94053810717615,49.84251390854608],[-100.93926699065322,49.84689781146866],[-100.93623868991838,49.85535889572418],[-100.94054037974091,49.86340959920551],[-100.95381510587751,49.86522839955297],[-100.9538114241884,49.84491401637071],[-100.96325419797245,49.844887661410354]]]},"properties":{"DAUID":"46060029","DGUID":"2021S051246060029","LANDAREA":2.7232,"PRUID":"46","Province":"MB"}},
{"type":"Feature","geometry":{"type":"Polygon","coordinates":[[[-100.93926699065322,49.84689781146866],[-100.93373930545467,49.84711609244796],[-100.92926671473975,49.85007809056022],[-100.93210909422035,49.852981203420995],[-100.93623868991838,49.85535889572418],[-100.93926699065322,49.84689781146866]]]},"properties":{"DAUID":"46060030","DGUID":"2021S051246060030","LANDAREA":0.4583,"PRUID":"46","Province":"MB"}},
{"type":"Feature","geometry":{"type":"Polygon","coordinates":[[[-100.92910359450634,49.84248890784279],[-100.93373930545467,49.84711609244796],[-100.93926699065322,49.84689781146866],[-100.94053810717615,49.84251390854608],[-100.92910359450634,49.84248890784279]]]},"properties":{"DAUID":"46060031","DGUID":"2021S051246060031","LANDAREA":0.4666,"PRUID":"46","Province":"MB"}},
{"type":"Feature","geometry":{"type":"Polygon","coordinates":[[[-100.92170478498767,49.84251289726537],[-100.92926671473975,49.85007809056022],[-100.93373930545467,49.84711609244796],[-100.92910359450634,49.84248890784279],[-100.92170478498767,49.84251289726537]]]},"properties":{"DAUID":"46060032","DGUID":"2021S051246060032","LANDAREA":0.3669,"PRUID":"46","Province":"MB"}},
{"type":"Feature","geometry":{"type":"Polygon","coordinates":[[[-100.9169948332353,49.85450254106858],[-100.93210909422035,49.852981203420995],[-100.92926671473975,49.85007809056022],[-100.92170478498767,49.84251289726537],[-100.9169948332353,49.85450254106858]]]},"properties":{"DAUID":"46060033","DGUID":"2021S051246060033","LANDAREA":0.887,"PRUID":"46","Province":"MB"}},
{"type":"Feature","geometry":{"type":"Polygon","coordinates":[[[-100.94054037974091,49.86340959920551],[-100.93623868991838,49.85535889572418],[-100.93210909422035,49.852981203420995],[-100.9169948332353,49.85450254106858],[-100.91771410741255,49.872065007898456],[-100.90795858563253,49.872060224161686],[-100.90800027577866,49.87987074668553],[-100.93093383179372,49.8800075506097],[-100.93063501313291,49.865093010612306],[-100.94054037974091,49.86340959920551]]]},"properties":{"DAUID":"46060034","DGUID":"2021S051246060034","LANDAREA":4.0619,"PRUID":"46","Province":"MB"}},
{"type":"Feature","geometry":{"type":"Polygon","coordinates":[[[-100.8721179998159,49.53285119861593],[-100.87214879145178,49.65075409662444],[-100.87214959469506,49.798303488009175],[-101.16767171040328,49.79814299809948],[-101.23608858181593,49.798182794052565],[-101.23571111498045,49.65075218888387],[-101.22325201044237,49.65073029882685],[-101.21295679897027,49.64143250857599],[-101.21294469413064,49.577037992961934],[-101.19774200602532,49.57705789638448],[-101.18345418885221,49.562242589655455],[-101.0992597897075,49.56227179692681],[-100.96296838216968,49.5622629028564],[-100.96315529000876,49.532781210512724],[-100.8721179998159,49.53285119861593]],[[-100.9234284755568,49.6089077261888],[-100.95588076742247,49.60825795835324],[-100.95669129426754,49.63696494815255],[-100.91235877948408,49.639105873246464],[-100.91122621959047,49.609149329595745],[-100.9234284755568,49.6089077261888]]]},"properties":{"DAUID":"46060035","DGUID":"2021S051246060035","LANDAREA":679.4725,"PRUID":"46","Province":"MB"}},
{"type":"Feature","geometry":{"type":"Polygon","coordinates":[[[-100.9234284755568,49.6089077261888],[-100.91122621959047,49.609149329595745],[-100.91235877948408,49.639105873246464],[-100.95669129426754,49.63696494815255],[-100.95588076742247,49.60825795835324],[-100.9234284755568,49.6089077261888]]]},"properties":{"DAUID":"46060036","DGUID":"2021S051246060036","LANDAREA":10.4611,"PRUID":"46","Province":"MB"}},
{"type":"Feature","geometry":{"type":"Polygon","coordinates":[[[-100.96315529000876,49.532781210512724],[-100.96296838216968,49.5622629028564],[-101.0992597897075,49.56227179692681],[-101.09911568805792,49.53278649302038],[-100.96315529000876,49.532781210512724]]]},"properties":{"DAUID":"46060037","DGUID":"2021S051246060037","LANDAREA":32.2994,"PRUID":"46","Province":"MB"}},
{"type":"Feature","geometry":{"type":"Polygon","coordinates":[[[-101.09911568805792,49.53278649302038],[-101.0992597897075,49.56227179692681],[-101.18345418885221,49.562242589655455],[-101.19774200602532,49.57705789638448],[-101.21294469413064,49.577037992961934],[-101.21295679897027,49.64143250857599],[-101.22325201044237,49.65073029882685],[-101.23571111498045,49.65075218888387],[-101.23608858181593,49.798182794052565],[-101.41760333805615,49.79833817635791],[-101.417798082462,49.70976529781237],[-101.41763515159221,49.53274480231294],[-101.39256410725227,49.53272258050863],[-101.33458654926939,49.53221610266729],[-101.2796361936083,49.53273370117438],[-101.09911568805792,49.53278649302038]]]},"properties":{"DAUID":"46060038","DGUID":"2021S051246060038","LANDAREA":438.0881,"PRUID":"46","Province":"MB"}},
{"type":"Feature","geometry":{"type":"Polygon","coordinates":[[[-100.6448506126818,49.76122801172624],[-100.62207168843705,49.761305008600225],[-100.62194208512456,49.77587047007853],[-100.63449147861057,49.775929673745644],[-100.64485929938832,49.77618555216523],[-100.6448506126818,49.76122801172624]]]},"properties":{"DAUID":"46060040","DGUID":"2021S051246060040","LANDAREA":2.6135,"PRUID":"46","Province":"MB"}},
{"type":"Feature","geometry":{"type":"Polygon","coordinates":[[[-100.46285525761634,49.84275688083784],[-100.46435789363154,49.85897149459172],[-100.47082039912351,49.861021392241845],[-100.49867711378923,49.86104239719903],[-100.51850199551534,49.870273904405984],[-100.53127131835757,49.8722736052138],[-100.53130051694706,49.79798343452934],[-100.53123969334261,49.78953129228463],[-100.51608541562084,49.79250143581705],[-100.50808053811559,49.79789239038499],[-100.50326622126717,49.809946331091744],[-100.4919860812824,49.81387894298603],[-100.49828686570255,49.82210444531017],[-100.4858701673778,49.83476714337368],[-100.47023548413557,49.84152372779273],[-100.48105856205227,49.84569444590395],[-100.46884237494142,49.85384173803745],[-100.46285525761634,49.84275688083784]]]},"properties":{"DAUID":"46060041","DGUID":"2021S051246060041","LANDAREA":25.4943,"PRUID":"46","Province":"MB"}},
{"type":"Feature","geometry":{"type":"Polygon","coordinates":[[[-100.50808053811559,49.79789239038499],[-100.46270448948312,49.79819650297858],[-100.46285525761634,49.84275688083784],[-100.46884237494142,49.85384173803745],[-100.48105856205227,49.84569444590395],[-100.47023548413557,49.84152372779273],[-100.4858701673778,49.83476714337368],[-100.49828686570255,49.82210444531017],[-100.4919860812824,49.81387894298603],[-100.50326622126717,49.809946331091744],[-100.50808053811559,49.79789239038499]]]},"properties":{"DAUID":"46060042","DGUID":"2021S051246060042","LANDAREA":10.8741,"PRUID":"46","Province":"MB"}},
{"type":"Feature","geometry":{"type":"Polygon","coordinates":[[[-100.46435789363154,49.85897149459172],[-100.46250366682749,49.88680726108652],[-100.48515516649847,49.886767411060866],[-100.53085831663434,49.88699375540086],[-100.53127131835757,49.8722736052138],[-100.51850199551534,49.870273904405984],[-100.49867711378923,49.86104239719903],[-100.47082039912351,49.861021392241845],[-100.46435789363154,49.85897149459172]]]},"properties":{"DAUID":"46060043","DGUID":"2021S051246060043","LANDAREA":12.4447,"PRUID":"46","Province":"MB"}},
{"type":"Feature","geometry":{"type":"Polygon","coordinates":[[[-100.87214959469506,49.798303488009175],[-100.64440976267521,49.79842687008423],[-100.53130051694706,49.79798343452934],[-100.53127131835757,49.8722736052138],[-100.53085831663434,49.88699375540086],[-100.48515516649847,49.886767411060866],[-100.48473398624863,49.93100021439904],[-100.48533239045736,50.062287871284845],[-100.48455418912002,50.06303690218077],[-100.48455369403283,50.06313671097811],[-100.59962120609528,50.063711297946085],[-100.59955681974232,49.98990240166318],[-100.62244308970672,49.99007920430919],[-100.62243229892853,49.97524710025162],[-100.64537680879533,49.97528369935422],[-100.64535408302845,49.90138291327848],[-100.71435848663677,49.90141741140417],[-100.71377158735035,49.886818398967804],[-100.82396429183306,49.88684588893295],[-100.8351270908402,49.87870011290878],[-100.85326311156574,49.8739410101782],[-100.87333000522338,49.87204429925532],[-100.87214959469506,49.798303488009175]]]},"properties":{"DAUID":"46060044","DGUID":"2021S051246060044","LANDAREA":439.0238,"PRUID":"46","Province":"MB"}},
{"type":"Feature","geometry":{"type":"Polygon","coordinates":[[[-100.87333000522338,49.87204429925532],[-100.85326311156574,49.8739410101782],[-100.8351270908402,49.87870011290878],[-100.82396429183306,49.88684588893295],[-100.71377158735035,49.886818398967804],[-100.71435848663677,49.90141741140417],[-100.64535408302845,49.90138291327848],[-100.64537680879533,49.97528369935422],[-100.62243229892853,49.97524710025162],[-100.62244308970672,49.99007920430919],[-100.59955681974232,49.98990240166318],[-100.59962120609528,50.063711297946085],[-100.75999498620298,50.063669710752336],[-100.8974110972172,50.0640110743337],[-100.89703969377065,49.886815403777824],[-100.87333550976638,49.886785808259795],[-100.87333000522338,49.87204429925532]]]},"properties":{"DAUID":"46060045","DGUID":"2021S051246060045","LANDAREA":376.2512,"PRUID":"46","Province":"MB"}},
{"type":"Feature","geometry":{"type":"Polygon","coordinates":[[[-100.8502366474952,49.53283313333525],[-100.64459841148023,49.532891389302826],[-100.64513220273561,49.624843050615354],[-100.65311916703526,49.62562844936521],[-100.65694472890263,49.63739163847591],[-100.67908534405346,49.64807620786614],[-100.67986677152945,49.65454822396255],[-100.66579682337988,49.65796652358976],[-100.66737876392133,49.665810500207975],[-100.64487219434294,49.665675708119416],[-100.6448506126818,49.76122801172624],[-100.64485929938832,49.77618555216523],[-100.63449147861057,49.775929673745644],[-100.63457007908795,49.78369931773472],[-100.64440976267521,49.79842687008423],[-100.87214959469506,49.798303488009175],[-100.87214879145178,49.65075409662444],[-100.8721179998159,49.53285119861593],[-100.8502366474952,49.53283313333525]]]},"properties":{"DAUID":"46060046","DGUID":"2021S051246060046","LANDAREA":448.8739,"PRUID":"46","Province":"MB"}},
{"type":"Feature","geometry":{"type":"Polygon","coordinates":[[[-100.46420432253122,49.53240484654735],[-100.46278529810488,49.559251487187574],[-100.4627757831661,49.71007700754058],[-100.46270448948312,49.79819650297858],[-100.50808053811559,49.79789239038499],[-100.51608541562084,49.79250143581705],[-100.53123969334261,49.78953129228463],[-100.53130051694706,49.79798343452934],[-100.64440976267521,49.79842687008423],[-100.63457007908795,49.78369931773472],[-100.63449147861057,49.775929673745644],[-100.62194208512456,49.77587047007853],[-100.62207168843705,49.761305008600225],[-100.6448506126818,49.76122801172624],[-100.64487219434294,49.665675708119416],[-100.66737876392133,49.665810500207975],[-100.66579682337988,49.65796652358976],[-100.67986677152945,49.65454822396255],[-100.67908534405346,49.64807620786614],[-100.65694472890263,49.63739163847591],[-100.65311916703526,49.62562844936521],[-100.64513220273561,49.624843050615354],[-100.64459841148023,49.532891389302826],[-100.48614208218517,49.53285870872838],[-100.46420432253122,49.53240484654735]]]},"properties":{"DAUID":"46060047","DGUID":"2021S051246060047","LANDAREA":388.0082,"PRUID":"46","Province":"MB"}},
{"type":"Feature","geometry":{"type":"Polygon","coordinates":[[[-100.23318906878997,50.04107733849531],[-100.25607550309479,50.041018996109216],[-100.25606588339973,50.03349677528272],[-100.23837038386345,50.030513808571484],[-100.23318906878997,50.04107733849531]]]},"properties":{"DAUID":"46070100","DGUID":"2021S051246070100","LANDAREA":1.506,"PRUID":"46","Province":"MB"}},
{"type":"Feature","geometry":{"type":"Polygon","coordinates":[[[-100.25606588339973,50.03349677528272],[-100.25615890679546,50.02060818705863],[-100.25483027792238,50.01868452880673],[-100.210275717397,50.019342394277146],[-100.21030181305598,50.04107698936909],[-100.23318906878997,50.04107733849531],[-100.23837038386345,50.030513808571484],[-100.25606588339973,50.03349677528272]]]},"properties":{"DAUID":"46070101","DGUID":"2021S051246070101","LANDAREA":6.4759,"PRUID":"46","Province":"MB"}},
{"type":"Feature","geometry":{"type":"Polygon","coordinates":[[[-100.25615890679546,50.02060818705863],[-100.2790552987364,50.0193690981228],[-100.3016472926509,49.996316996700486],[-100.30151989623486,49.94558041085381],[-100.25634528138941,49.945556909497135],[-100.25861738819123,49.91613820252165],[-100.26992181914547,49.915889005156664],[-100.29332381291448,49.90131099932683],[-100.30141449753336,49.90131040787069],[-100.30244521858013,49.886835497314955],[-100.22360555264866,49.886646195859086],[-100.07245289265789,49.886879489291346],[-100.07262589939839,50.03396319925865],[-100.07206599276027,50.063609588413726],[-100.2102424958651,50.06356790884689],[-100.2331856992631,50.06358720867214],[-100.23318906878997,50.04107733849531],[-100.21030181305598,50.04107698936909],[-100.210275717397,50.019342394277146],[-100.25483027792238,50.01868452880673],[-100.25615890679546,50.02060818705863]]]},"properties":{"DAUID":"46070102","DGUID":"2021S051246070102","LANDAREA":274.8031,"PRUID":"46","Province":"MB"}},
{"type":"Feature","geometry":{"type":"Polygon","coordinates":[[[-100.46250366682749,49.88680726108652],[-100.30244521858013,49.886835497314955],[-100.30141449753336,49.90131040787069],[-100.29332381291448,49.90131099932683],[-100.26992181914547,49.915889005156664],[-100.25861738819123,49.91613820252165],[-100.25634528138941,49.945556909497135],[-100.30151989623486,49.94558041085381],[-100.3016472926509,49.996316996700486],[-100.2790552987364,50.0193690981228],[-100.25615890679546,50.02060818705863],[-100.25606588339973,50.03349677528272],[-100.25607550309479,50.041018996109216],[-100.23318906878997,50.04107733849531],[-100.2331856992631,50.06358720867214],[-100.47119435102091,50.063613507652065],[-100.48455418912002,50.06303690218077],[-100.48533239045736,50.062287871284845],[-100.48473398624863,49.93100021439904],[-100.48515516649847,49.886767411060866],[-100.46250366682749,49.88680726108652]]]},"properties":{"DAUID":"46070103","DGUID":"2021S051246070103","LANDAREA":293.231,"PRUID":"46","Province":"MB"}},
{"type":"Feature","geometry":{"type":"Polygon","coordinates":[[[-100.46285525761634,49.84275688083784],[-100.46270448948312,49.79819650297858],[-100.4627757831661,49.71007700754058],[-100.39446151632811,49.709619805294885],[-100.25786374833037,49.710118718799244],[-100.25766002043686,49.812854204283205],[-100.30313920675174,49.81278348784104],[-100.30316277773015,49.8280893698143],[-100.25762661671088,49.828190491395056],[-100.25760060770996,49.841664804590756],[-100.2347773172242,49.841676400887195],[-100.23266410418626,49.87178588943142],[-100.22024959529902,49.8717643094296],[-100.22360555264866,49.886646195859086],[-100.30244521858013,49.886835497314955],[-100.46250366682749,49.88680726108652],[-100.46435789363154,49.85897149459172],[-100.46285525761634,49.84275688083784]]]},"properties":{"DAUID":"46070104","DGUID":"2021S051246070104","LANDAREA":292.8358,"PRUID":"46","Province":"MB"}},
{"type":"Feature","geometry":{"type":"Polygon","coordinates":[[[-100.22360555264866,49.886646195859086],[-100.22024959529902,49.8717643094296],[-100.23266410418626,49.87178588943142],[-100.2347773172242,49.841676400887195],[-100.15357621543085,49.8420723022389],[-100.1324581502779,49.85119974115512],[-100.13245869831012,49.842469408697696],[-100.09842947980852,49.84145669563521],[-100.09838168417264,49.82768639595687],[-100.05277580197489,49.82767790567293],[-100.05271081031239,49.88551328803378],[-100.04913478882933,49.88687690259647],[-100.07245289265789,49.886879489291346],[-100.22360555264866,49.886646195859086]]]},"properties":{"DAUID":"46070105","DGUID":"2021S051246070105","LANDAREA":67.075,"PRUID":"46","Province":"MB"}},
{"type":"Feature","geometry":{"type":"Polygon","coordinates":[[[-99.98822279957237,49.83605359769456],[-99.99171402064793,49.840718929135186],[-99.99180598462436,49.84236250276712],[-99.99607150772923,49.84240850298185],[-100.00088578346734,49.84240450517239],[-100.008768141494,49.842444903334126],[-99.99615250840704,49.83850274505003],[-99.99613448283381,49.82759660715347],[-99.99288929506544,49.827603805666904],[-99.98467670441636,49.83126270594908],[-99.98466780914734,49.833565302512845],[-99.98461540215904,49.83577838950823],[-99.98822279957237,49.83605359769456]]]},"properties":{"DAUID":"46070108","DGUID":"2021S051246070108","LANDAREA":1.1134,"PRUID":"46","Province":"MB"}},
{"type":"Feature","geometry":{"type":"Polygon","coordinates":[[[-99.98822279957237,49.83605359769456],[-99.98766371642526,49.840690507220316],[-99.99171402064793,49.840718929135186],[-99.98822279957237,49.83605359769456]]]},"properties":{"DAUID":"46070109","DGUID":"2021S051246070109","LANDAREA":0.2409,"PRUID":"46","Province":"MB"}},
{"type":"Feature","geometry":{"type":"Polygon","coordinates":[[[-99.98461540215904,49.83577838950823],[-99.97675281146886,49.83826448897602],[-99.97596868895138,49.84214769628515],[-99.98463479232417,49.84220940622237],[-99.99180598462436,49.84236250276712],[-99.99171402064793,49.840718929135186],[-99.98766371642526,49.840690507220316],[-99.98822279957237,49.83605359769456],[-99.98461540215904,49.83577838950823]]]},"properties":{"DAUID":"46070110","DGUID":"2021S051246070110","LANDAREA":0.549,"PRUID":"46","Province":"MB"}},
{"type":"Feature","geometry":{"type":"Polygon","coordinates":[[[-99.98466780914734,49.833565302512845],[-99.97300808693721,49.83600240452592],[-99.97675281146886,49.83826448897602],[-99.98461540215904,49.83577838950823],[-99.98466780914734,49.833565302512845]]]},"properties":{"DAUID":"46070111","DGUID":"2021S051246070111","LANDAREA":0.267,"PRUID":"46","Province":"MB"}},
{"type":"Feature","geometry":{"type":"Polygon","coordinates":[[[-99.98467670441636,49.83126270594908],[-99.97760028551436,49.82994640148002],[-99.97303261090067,49.832984890623784],[-99.97300808693721,49.83600240452592],[-99.98466780914734,49.833565302512845],[-99.98467670441636,49.83126270594908]]]},"properties":{"DAUID":"46070112","DGUID":"2021S051246070112","LANDAREA":0.2799,"PRUID":"46","Province":"MB"}},
{"type":"Feature","geometry":{"type":"Polygon","coordinates":[[[-99.97760028551436,49.82994640148002],[-99.97299281703833,49.8276196042737],[-99.96768108844084,49.82760111064007],[-99.9676888139569,49.82938199287927],[-99.97303261090067,49.832984890623784],[-99.97760028551436,49.82994640148002]]]},"properties":{"DAUID":"46070113","DGUID":"2021S051246070113","LANDAREA":0.2086,"PRUID":"46","Province":"MB"}},
{"type":"Feature","geometry":{"type":"Polygon","coordinates":[[[-99.99288929506544,49.827603805666904],[-99.97299281703833,49.8276196042737],[-99.97760028551436,49.82994640148002],[-99.98467670441636,49.83126270594908],[-99.99288929506544,49.827603805666904]]]},"properties":{"DAUID":"46070114","DGUID":"2021S051246070114","LANDAREA":0.3885,"PRUID":"46","Province":"MB"}},
{"type":"Feature","geometry":{"type":"Polygon","coordinates":[[[-99.99613448283381,49.82759660715347],[-99.99586682724367,49.82033802669036],[-99.98470098325812,49.82030760118645],[-99.97542719015844,49.82423119956037],[-99.97303661209938,49.8242552983476],[-99.97301918481271,49.82546969081047],[-99.97299281703833,49.8276196042737],[-99.99288929506544,49.827603805666904],[-99.99613448283381,49.82759660715347]]]},"properties":{"DAUID":"46070115","DGUID":"2021S051246070115","LANDAREA":0.9211,"PRUID":"46","Province":"MB"}},
{"type":"Feature","geometry":{"type":"Polygon","coordinates":[[[-99.98470098325812,49.82030760118645],[-99.98001303867194,49.820272507223045],[-99.97542719015844,49.82423119956037],[-99.98470098325812,49.82030760118645]]]},"properties":{"DAUID":"46070116","DGUID":"2021S051246070116","LANDAREA":0.2596,"PRUID":"46","Province":"MB"}},
{"type":"Feature","geometry":{"type":"Polygon","coordinates":[[[-99.97542719015844,49.82423119956037],[-99.98001303867194,49.820272507223045],[-99.97306030711744,49.82160700064933],[-99.97303661209938,49.8242552983476],[-99.97542719015844,49.82423119956037]]]},"properties":{"DAUID":"46070117","DGUID":"2021S051246070117","LANDAREA":0.1651,"PRUID":"46","Province":"MB"}},
{"type":"Feature","geometry":{"type":"Polygon","coordinates":[[[-99.97303661209938,49.8242552983476],[-99.97306030711744,49.82160700064933],[-99.96900190062917,49.82237840802017],[-99.96899659522684,49.822722592847555],[-99.97301918481271,49.82546969081047],[-99.97303661209938,49.8242552983476]]]},"properties":{"DAUID":"46070118","DGUID":"2021S051246070118","LANDAREA":0.0998,"PRUID":"46","Province":"MB"}},
{"type":"Feature","geometry":{"type":"Polygon","coordinates":[[[-99.97299281703833,49.8276196042737],[-99.97301918481271,49.82546969081047],[-99.96899659522684,49.822722592847555],[-99.96768108844084,49.82760111064007],[-99.97299281703833,49.8276196042737]]]},"properties":{"DAUID":"46070119","DGUID":"2021S051246070119","LANDAREA":0.1301,"PRUID":"46","Province":"MB"}},
{"type":"Feature","geometry":{"type":"Polygon","coordinates":[[[-99.96900190062917,49.82237840802017],[-99.96275683809685,49.82019865228756],[-99.9618087857675,49.82385430462666],[-99.96179920081279,49.827578091514184],[-99.96768108844084,49.82760111064007],[-99.96899659522684,49.822722592847555],[-99.96900190062917,49.82237840802017]]]},"properties":{"DAUID":"46070120","DGUID":"2021S051246070120","LANDAREA":0.3579,"PRUID":"46","Province":"MB"}},
{"type":"Feature","geometry":{"type":"Polygon","coordinates":[[[-99.96768108844084,49.82760111064007],[-99.96179920081279,49.827578091514184],[-99.95552511502329,49.83022940484599],[-99.95554048376314,49.83594981317186],[-99.95687561769505,49.83595678832673],[-99.96178488840467,49.83597008815422],[-99.9676888139569,49.82938199287927],[-99.96768108844084,49.82760111064007]]]},"properties":{"DAUID":"46070121","DGUID":"2021S051246070121","LANDAREA":0.6092,"PRUID":"46","Province":"MB"}},
{"type":"Feature","geometry":{"type":"Polygon","coordinates":[[[-99.9618087857675,49.82385430462666],[-99.95545489297807,49.823843890409286],[-99.95007718959822,49.82753089839462],[-99.9514502134326,49.83019098955515],[-99.95552511502329,49.83022940484599],[-99.96179920081279,49.827578091514184],[-99.9618087857675,49.82385430462666]]]},"properties":{"DAUID":"46070122","DGUID":"2021S051246070122","LANDAREA":0.312,"PRUID":"46","Province":"MB"}},
{"type":"Feature","geometry":{"type":"Polygon","coordinates":[[[-99.95552511502329,49.83022940484599],[-99.9514502134326,49.83019098955515],[-99.9487024075807,49.83330759568273],[-99.95004860585094,49.8360130060425],[-99.95412190161142,49.83594351089707],[-99.95554048376314,49.83594981317186],[-99.95552511502329,49.83022940484599]]]},"properties":{"DAUID":"46070123","DGUID":"2021S051246070123","LANDAREA":0.2684,"PRUID":"46","Province":"MB"}},
{"type":"Feature","geometry":{"type":"Polygon","coordinates":[[[-99.95007718959822,49.82753089839462],[-99.94731001846415,49.8275176024014],[-99.94732030609035,49.83017988931761],[-99.9487024075807,49.83330759568273],[-99.9514502134326,49.83019098955515],[-99.95007718959822,49.82753089839462]]]},"properties":{"DAUID":"46070124","DGUID":"2021S051246070124","LANDAREA":0.142,"PRUID":"46","Province":"MB"}},
{"type":"Feature","geometry":{"type":"Polygon","coordinates":[[[-99.9487024075807,49.83330759568273],[-99.94732030609035,49.83017988931761],[-99.9432649080968,49.83328910117885],[-99.94733710791486,49.83602621046093],[-99.95004860585094,49.8360130060425],[-99.9487024075807,49.83330759568273]]]},"properties":{"DAUID":"46070125","DGUID":"2021S051246070125","LANDAREA":0.1611,"PRUID":"46","Province":"MB"}},
{"type":"Feature","geometry":{"type":"Polygon","coordinates":[[[-99.94731001846415,49.8275176024014],[-99.94187301090821,49.827489909884555],[-99.93917158942504,49.83015620796727],[-99.9391485966125,49.83327749657487],[-99.94188808458169,49.833282299281855],[-99.9432649080968,49.83328910117885],[-99.94732030609035,49.83017988931761],[-99.94731001846415,49.8275176024014]]]},"properties":{"DAUID":"46070126","DGUID":"2021S051246070126","LANDAREA":0.2179,"PRUID":"46","Province":"MB"}},
{"type":"Feature","geometry":{"type":"Polygon","coordinates":[[[-99.9432649080968,49.83328910117885],[-99.94188808458169,49.833282299281855],[-99.94188660013911,49.837500690971574],[-99.94596209322224,49.837539487801834],[-99.94733918614887,49.837555210910445],[-99.94733710791486,49.83602621046093],[-99.9432649080968,49.83328910117885]]]},"properties":{"DAUID":"46070127","DGUID":"2021S051246070127","LANDAREA":0.1544,"PRUID":"46","Province":"MB"}},
{"type":"Feature","geometry":{"type":"Polygon","coordinates":[[[-99.9391485966125,49.83327749657487],[-99.93625088381233,49.835882404381806],[-99.93488809786672,49.83588439265118],[-99.94188660013911,49.837500690971574],[-99.94188808458169,49.833282299281855],[-99.9391485966125,49.83327749657487]]]},"properties":{"DAUID":"46070128","DGUID":"2021S051246070128","LANDAREA":0.1577,"PRUID":"46","Province":"MB"}},
{"type":"Feature","geometry":{"type":"Polygon","coordinates":[[[-99.93917158942504,49.83015620796727],[-99.93637660157,49.830151899715716],[-99.93625088381233,49.835882404381806],[-99.9391485966125,49.83327749657487],[-99.93917158942504,49.83015620796727]]]},"properties":{"DAUID":"46070129","DGUID":"2021S051246070129","LANDAREA":0.1749,"PRUID":"46","Province":"MB"}},
{"type":"Feature","geometry":{"type":"Polygon","coordinates":[[[-99.94187301090821,49.827489909884555],[-99.93605864848237,49.819763737711696],[-99.93603129596023,49.81760614751224],[-99.93747334294616,49.812622107867256],[-99.92726693400508,49.812594290132616],[-99.92778103941484,49.82286234643708],[-99.93324925988135,49.82289710167801],[-99.93227450019899,49.830140004062066],[-99.93637660157,49.830151899715716],[-99.93917158942504,49.83015620796727],[-99.94187301090821,49.827489909884555]]]},"properties":{"DAUID":"46070130","DGUID":"2021S051246070130","LANDAREA":1.0998,"PRUID":"46","Province":"MB"}},
{"type":"Feature","geometry":{"type":"Polygon","coordinates":[[[-99.94187301090821,49.827489909884555],[-99.94189798430463,49.82376599154529],[-99.93605864848237,49.819763737711696],[-99.94187301090821,49.827489909884555]]]},"properties":{"DAUID":"46070131","DGUID":"2021S051246070131","LANDAREA":0.3032,"PRUID":"46","Province":"MB"}},
{"type":"Feature","geometry":{"type":"Polygon","coordinates":[[[-99.93605864848237,49.819763737711696],[-99.94189798430463,49.82376599154529],[-99.95140908371012,49.82384120315088],[-99.93603129596023,49.81760614751224],[-99.93605864848237,49.819763737711696]]]},"properties":{"DAUID":"46070132","DGUID":"2021S051246070132","LANDAREA":0.5183,"PRUID":"46","Province":"MB"}},
{"type":"Feature","geometry":{"type":"Polygon","coordinates":[[[-99.95545489297807,49.823843890409286],[-99.95140908371012,49.82384120315088],[-99.94189798430463,49.82376599154529],[-99.94187301090821,49.827489909884555],[-99.94731001846415,49.8275176024014],[-99.95007718959822,49.82753089839462],[-99.95545489297807,49.823843890409286]]]},"properties":{"DAUID":"46070133","DGUID":"2021S051246070133","LANDAREA":0.2975,"PRUID":"46","Province":"MB"}},
{"type":"Feature","geometry":{"type":"Polygon","coordinates":[[[-99.96275683809685,49.82019865228756],[-99.96187229907294,49.81108479942062],[-99.93909638363759,49.812626507694866],[-99.93747334294616,49.812622107867256],[-99.93603129596023,49.81760614751224],[-99.95140908371012,49.82384120315088],[-99.95545489297807,49.823843890409286],[-99.9618087857675,49.82385430462666],[-99.96275683809685,49.82019865228756]]]},"properties":{"DAUID":"46070134","DGUID":"2021S051246070134","LANDAREA":1.9459,"PRUID":"46","Province":"MB"}},
{"type":"Feature","geometry":{"type":"Polygon","coordinates":[[[-99.93625088381233,49.835882404381806],[-99.93637660157,49.830151899715716],[-99.93227450019899,49.830140004062066],[-99.92778103941484,49.82286234643708],[-99.92726693400508,49.812594290132616],[-99.84842068581708,49.81298400640448],[-99.80550289112055,49.81267590721317],[-99.80934065224285,49.82253233225509],[-99.82447415974974,49.82910853702758],[-99.82565731304517,49.857347197361996],[-99.84864088623506,49.85735209723766],[-99.8484176618413,49.84991072620232],[-99.87024057905201,49.85234855190842],[-99.89193586697026,49.84861732697035],[-99.90643538080874,49.84879785412745],[-99.91610081919332,49.84841080549058],[-99.91640251776711,49.84524241087682],[-99.91573071517142,49.842072605578664],[-99.91621388847061,49.83893870461231],[-99.91620388692711,49.82737191367154],[-99.93488809786672,49.83588439265118],[-99.93625088381233,49.835882404381806]]]},"properties":{"DAUID":"46070137","DGUID":"2021S051246070137","LANDAREA":30.8102,"PRUID":"46","Province":"MB"}},
{"type":"Feature","geometry":{"type":"Polygon","coordinates":[[[-99.92778103941484,49.82286234643708],[-99.93227450019899,49.830140004062066],[-99.93324925988135,49.82289710167801],[-99.92778103941484,49.82286234643708]]]},"properties":{"DAUID":"46070138","DGUID":"2021S051246070138","LANDAREA":0.3684,"PRUID":"46","Province":"MB"}},
{"type":"Feature","geometry":{"type":"Polygon","coordinates":[[[-99.91573071517142,49.842072605578664],[-99.91871980122119,49.8420129878455],[-99.92783121101331,49.8420933064938],[-99.93346451180189,49.84212008906795],[-99.91621388847061,49.83893870461231],[-99.91573071517142,49.842072605578664]]]},"properties":{"DAUID":"46070139","DGUID":"2021S051246070139","LANDAREA":0.5942,"PRUID":"46","Province":"MB"}},
{"type":"Feature","geometry":{"type":"Polygon","coordinates":[[[-99.94188660013911,49.837500690971574],[-99.93488809786672,49.83588439265118],[-99.91620388692711,49.82737191367154],[-99.91621388847061,49.83893870461231],[-99.93346451180189,49.84212008906795],[-99.93624631584667,49.84212459570881],[-99.9391531920118,49.84212810720888],[-99.94325628818727,49.84213970711759],[-99.94596869702686,49.84215359115746],[-99.94596209322224,49.837539487801834],[-99.94188660013911,49.837500690971574]]]},"properties":{"DAUID":"46070140","DGUID":"2021S051246070140","LANDAREA":1.5619,"PRUID":"46","Province":"MB"}},
{"type":"Feature","geometry":{"type":"Polygon","coordinates":[[[-99.92783121101331,49.8420933064938],[-99.92786361156386,49.843783989225],[-99.93070308838797,49.8453442984524],[-99.93765758477127,49.845342189043144],[-99.93624631584667,49.84212459570881],[-99.93346451180189,49.84212008906795],[-99.92783121101331,49.8420933064938]]]},"properties":{"DAUID":"46070141","DGUID":"2021S051246070141","LANDAREA":0.1986,"PRUID":"46","Province":"MB"}},
{"type":"Feature","geometry":{"type":"Polygon","coordinates":[[[-99.93624631584667,49.84212459570881],[-99.93765758477127,49.845342189043144],[-99.93764629706519,49.846916294971216],[-99.93917649592417,49.84692199588185],[-99.9391531920118,49.84212810720888],[-99.93624631584667,49.84212459570881]]]},"properties":{"DAUID":"46070142","DGUID":"2021S051246070142","LANDAREA":0.0766,"PRUID":"46","Province":"MB"}},
{"type":"Feature","geometry":{"type":"Polygon","coordinates":[[[-99.93070308838797,49.8453442984524],[-99.93071920592445,49.84690918653708],[-99.93764629706519,49.846916294971216],[-99.93765758477127,49.845342189043144],[-99.93070308838797,49.8453442984524]]]},"properties":{"DAUID":"46070143","DGUID":"2021S051246070143","LANDAREA":0.1397,"PRUID":"46","Province":"MB"}},
{"type":"Feature","geometry":{"type":"Polygon","coordinates":[[[-99.92786361156386,49.843783989225],[-99.92225910467998,49.84528589312381],[-99.92227531579152,49.84686880288363],[-99.93071920592445,49.84690918653708],[-99.93070308838797,49.8453442984524],[-99.92786361156386,49.843783989225]]]},"properties":{"DAUID":"46070144","DGUID":"2021S051246070144","LANDAREA":0.1584,"PRUID":"46","Province":"MB"}},
{"type":"Feature","geometry":{"type":"Polygon","coordinates":[[[-99.91871980122119,49.8420129878455],[-99.92225910467998,49.84528589312381],[-99.92786361156386,49.843783989225],[-99.92783121101331,49.8420933064938],[-99.91871980122119,49.8420129878455]]]},"properties":{"DAUID":"46070145","DGUID":"2021S051246070145","LANDAREA":0.1921,"PRUID":"46","Province":"MB"}},
{"type":"Feature","geometry":{"type":"Polygon","coordinates":[[[-99.91640251776711,49.84524241087682],[-99.92225910467998,49.84528589312381],[-99.91871980122119,49.8420129878455],[-99.91573071517142,49.842072605578664],[-99.91640251776711,49.84524241087682]]]},"properties":{"DAUID":"46070146","DGUID":"2021S051246070146","LANDAREA":0.1098,"PRUID":"46","Province":"MB"}},
{"type":"Feature","geometry":{"type":"Polygon","coordinates":[[[-99.91610081919332,49.84841080549058],[-99.92227531579152,49.84686880288363],[-99.92225910467998,49.84528589312381],[-99.91640251776711,49.84524241087682],[-99.91610081919332,49.84841080549058]]]},"properties":{"DAUID":"46070147","DGUID":"2021S051246070147","LANDAREA":0.133,"PRUID":"46","Province":"MB"}},
{"type":"Feature","geometry":{"type":"Polygon","coordinates":[[[-99.90643538080874,49.84879785412745],[-99.91764966841335,49.862789046342705],[-99.92731339477788,49.86420100917744],[-99.93907051834877,49.863706490262125],[-99.93913229911095,49.850385207937904],[-99.94188472014115,49.84957131000694],[-99.9418749004088,49.846918001885335],[-99.94051179366129,49.846920090468394],[-99.93917649592417,49.84692199588185],[-99.93764629706519,49.846916294971216],[-99.93071920592445,49.84690918653708],[-99.92227531579152,49.84686880288363],[-99.91610081919332,49.84841080549058],[-99.90643538080874,49.84879785412745]]]},"properties":{"DAUID":"46070148","DGUID":"2021S051246070148","LANDAREA":3.0242,"PRUID":"46","Province":"MB"}},
{"type":"Feature","geometry":{"type":"Polygon","coordinates":[[[-99.9391531920118,49.84212810720888],[-99.93917649592417,49.84692199588185],[-99.94051179366129,49.846920090468394],[-99.94325628818727,49.84213970711759],[-99.9391531920118,49.84212810720888]]]},"properties":{"DAUID":"46070149","DGUID":"2021S051246070149","LANDAREA":0.1049,"PRUID":"46","Province":"MB"}},
{"type":"Feature","geometry":{"type":"Polygon","coordinates":[[[-99.94325628818727,49.84213970711759],[-99.94051179366129,49.846920090468394],[-99.9418749004088,49.846918001885335],[-99.9459617972776,49.845364705032814],[-99.94596869702686,49.84215359115746],[-99.94325628818727,49.84213970711759]]]},"properties":{"DAUID":"46070150","DGUID":"2021S051246070150","LANDAREA":0.1209,"PRUID":"46","Province":"MB"}},
{"type":"Feature","geometry":{"type":"Polygon","coordinates":[[[-99.94188472014115,49.84957131000694],[-99.9487186036776,49.84692521238358],[-99.94872929648265,49.845342104466354],[-99.9459617972776,49.845364705032814],[-99.9418749004088,49.846918001885335],[-99.94188472014115,49.84957131000694]]]},"properties":{"DAUID":"46070151","DGUID":"2021S051246070151","LANDAREA":0.1856,"PRUID":"46","Province":"MB"}},
{"type":"Feature","geometry":{"type":"Polygon","coordinates":[[[-99.9459617972776,49.845364705032814],[-99.94872929648265,49.845342104466354],[-99.95280401399681,49.84530870630793],[-99.95007189688295,49.842165002456476],[-99.94596869702686,49.84215359115746],[-99.9459617972776,49.845364705032814]]]},"properties":{"DAUID":"46070152","DGUID":"2021S051246070152","LANDAREA":0.1543,"PRUID":"46","Province":"MB"}},
{"type":"Feature","geometry":{"type":"Polygon","coordinates":[[[-99.9487186036776,49.84692521238358],[-99.95417380975054,49.84847240856615],[-99.95555831207285,49.84532199877609],[-99.95280401399681,49.84530870630793],[-99.94872929648265,49.845342104466354],[-99.9487186036776,49.84692521238358]]]},"properties":{"DAUID":"46070153","DGUID":"2021S051246070153","LANDAREA":0.1217,"PRUID":"46","Province":"MB"}},
{"type":"Feature","geometry":{"type":"Polygon","coordinates":[[[-99.95280401399681,49.84530870630793],[-99.95555831207285,49.84532199877609],[-99.95689369554061,49.845328900500085],[-99.95690111564848,49.84218080283985],[-99.95417481818124,49.84216730291973],[-99.95007189688295,49.842165002456476],[-99.95280401399681,49.84530870630793]]]},"properties":{"DAUID":"46070154","DGUID":"2021S051246070154","LANDAREA":0.1223,"PRUID":"46","Province":"MB"}},
{"type":"Feature","geometry":{"type":"Polygon","coordinates":[[[-99.95417380975054,49.84847240856615],[-99.95827729152934,49.84847459561238],[-99.95963409780215,49.84534229292733],[-99.95689369554061,49.845328900500085],[-99.95555831207285,49.84532199877609],[-99.95417380975054,49.84847240856615]]]},"properties":{"DAUID":"46070155","DGUID":"2021S051246070155","LANDAREA":0.1026,"PRUID":"46","Province":"MB"}},
{"type":"Feature","geometry":{"type":"Polygon","coordinates":[[[-99.95689369554061,49.845328900500085],[-99.95963409780215,49.84534229292733],[-99.96182488872797,49.842194002212274],[-99.95690111564848,49.84218080283985],[-99.95689369554061,49.845328900500085]]]},"properties":{"DAUID":"46070156","DGUID":"2021S051246070156","LANDAREA":0.1143,"PRUID":"46","Province":"MB"}},
{"type":"Feature","geometry":{"type":"Polygon","coordinates":[[[-99.95827729152934,49.84847459561238],[-99.9618660134944,49.84847179143872],[-99.96892640555922,49.84539089150519],[-99.96889060267164,49.84220709204167],[-99.96182488872797,49.842194002212274],[-99.95963409780215,49.84534229292733],[-99.95827729152934,49.84847459561238]]]},"properties":{"DAUID":"46070157","DGUID":"2021S051246070157","LANDAREA":0.2989,"PRUID":"46","Province":"MB"}},
{"type":"Feature","geometry":{"type":"Polygon","coordinates":[[[-99.96182488872797,49.842194002212274],[-99.96889060267164,49.84220709204167],[-99.9703092844822,49.84221319123261],[-99.97030638408071,49.84067520060031],[-99.96478110867035,49.839084299468176],[-99.95824430781309,49.839066592549436],[-99.95690111564848,49.84218080283985],[-99.96182488872797,49.842194002212274]]]},"properties":{"DAUID":"46070158","DGUID":"2021S051246070158","LANDAREA":0.2478,"PRUID":"46","Province":"MB"}},
{"type":"Feature","geometry":{"type":"Polygon","coordinates":[[[-99.97030638408071,49.84067520060031],[-99.97028251500534,49.83600719872381],[-99.96611011155201,49.835988097224764],[-99.96478110867035,49.839084299468176],[-99.97030638408071,49.84067520060031]]]},"properties":{"DAUID":"46070159","DGUID":"2021S051246070159","LANDAREA":0.2064,"PRUID":"46","Province":"MB"}},
{"type":"Feature","geometry":{"type":"Polygon","coordinates":[[[-99.95687561769505,49.83595678832673],[-99.95824430781309,49.839066592549436],[-99.96478110867035,49.839084299468176],[-99.96611011155201,49.835988097224764],[-99.96178488840467,49.83597008815422],[-99.95687561769505,49.83595678832673]]]},"properties":{"DAUID":"46070160","DGUID":"2021S051246070160","LANDAREA":0.2124,"PRUID":"46","Province":"MB"}},
{"type":"Feature","geometry":{"type":"Polygon","coordinates":[[[-99.97303261090067,49.832984890623784],[-99.9676888139569,49.82938199287927],[-99.96178488840467,49.83597008815422],[-99.96611011155201,49.835988097224764],[-99.97028251500534,49.83600719872381],[-99.97300808693721,49.83600240452592],[-99.97303261090067,49.832984890623784]]]},"properties":{"DAUID":"46070161","DGUID":"2021S051246070161","LANDAREA":0.4713,"PRUID":"46","Province":"MB"}},
{"type":"Feature","geometry":{"type":"Polygon","coordinates":[[[-99.97675281146886,49.83826448897602],[-99.97300808693721,49.83600240452592],[-99.97028251500534,49.83600719872381],[-99.97030638408071,49.84067520060031],[-99.9703092844822,49.84221319123261],[-99.97300711393724,49.84219059449111],[-99.97596868895138,49.84214769628515],[-99.97675281146886,49.83826448897602]]]},"properties":{"DAUID":"46070162","DGUID":"2021S051246070162","LANDAREA":0.2622,"PRUID":"46","Province":"MB"}},
{"type":"Feature","geometry":{"type":"Polygon","coordinates":[[[-99.96892640555922,49.84539089150519],[-99.97321689036812,49.84848499557816],[-99.97873938331027,49.84849251276422],[-99.978749814423,49.846945302739755],[-99.97300711393724,49.84219059449111],[-99.9703092844822,49.84221319123261],[-99.96889060267164,49.84220709204167],[-99.96892640555922,49.84539089150519]]]},"properties":{"DAUID":"46070163","DGUID":"2021S051246070163","LANDAREA":0.2795,"PRUID":"46","Province":"MB"}},
{"type":"Feature","geometry":{"type":"Polygon","coordinates":[[[-99.97596868895138,49.84214769628515],[-99.97300711393724,49.84219059449111],[-99.978749814423,49.846945302739755],[-99.98463771525942,49.842353305940584],[-99.98463479232417,49.84220940622237],[-99.97596868895138,49.84214769628515]]]},"properties":{"DAUID":"46070164","DGUID":"2021S051246070164","LANDAREA":0.2522,"PRUID":"46","Province":"MB"}},
{"type":"Feature","geometry":{"type":"Polygon","coordinates":[[[-99.97873938331027,49.84849251276422],[-99.98484648860718,49.84852169843546],[-99.98479410617655,49.84457360723455],[-99.98463771525942,49.842353305940584],[-99.978749814423,49.846945302739755],[-99.97873938331027,49.84849251276422]]]},"properties":{"DAUID":"46070165","DGUID":"2021S051246070165","LANDAREA":0.2177,"PRUID":"46","Province":"MB"}},
{"type":"Feature","geometry":{"type":"Polygon","coordinates":[[[-99.99180598462436,49.84236250276712],[-99.98463479232417,49.84220940622237],[-99.98463771525942,49.842353305940584],[-99.98479410617655,49.84457360723455],[-99.9924643871243,49.84556950430018],[-99.99607150772923,49.84240850298185],[-99.99180598462436,49.84236250276712]]]},"properties":{"DAUID":"46070166","DGUID":"2021S051246070166","LANDAREA":0.1959,"PRUID":"46","Province":"MB"}},
{"type":"Feature","geometry":{"type":"Polygon","coordinates":[[[-99.98484648860718,49.84852169843546],[-99.99530969151154,49.848657196477504],[-99.9949992864541,49.84573671296907],[-99.9924643871243,49.84556950430018],[-99.98479410617655,49.84457360723455],[-99.98484648860718,49.84852169843546]]]},"properties":{"DAUID":"46070167","DGUID":"2021S051246070167","LANDAREA":0.2972,"PRUID":"46","Province":"MB"}},
{"type":"Feature","geometry":{"type":"Polygon","coordinates":[[[-99.99607150772923,49.84240850298185],[-99.9924643871243,49.84556950430018],[-99.9949992864541,49.84573671296907],[-100.00097980764015,49.8452774086392],[-100.00088578346734,49.84240450517239],[-99.99607150772923,49.84240850298185]]]},"properties":{"DAUID":"46070168","DGUID":"2021S051246070168","LANDAREA":0.1862,"PRUID":"46","Province":"MB"}},
{"type":"Feature","geometry":{"type":"Polygon","coordinates":[[[-99.99530969151154,49.848657196477504],[-100.00097980764015,49.8452774086392],[-99.9949992864541,49.84573671296907],[-99.99530969151154,49.848657196477504]]]},"properties":{"DAUID":"46070169","DGUID":"2021S051246070169","LANDAREA":0.1462,"PRUID":"46","Province":"MB"}},
{"type":"Feature","geometry":{"type":"Polygon","coordinates":[[[-100.00088578346734,49.84240450517239],[-100.00097980764015,49.8452774086392],[-99.99530969151154,49.848657196477504],[-99.98484648860718,49.84852169843546],[-100.00766599806565,49.849927987138194],[-100.008768141494,49.842444903334126],[-100.00088578346734,49.84240450517239]]]},"properties":{"DAUID":"46070170","DGUID":"2021S051246070170","LANDAREA":0.6615,"PRUID":"46","Province":"MB"}},
{"type":"Feature","geometry":{"type":"Polygon","coordinates":[[[-99.97321689036812,49.84848499557816],[-99.97316049651216,49.85191238817625],[-99.96176360760022,49.859133327960635],[-99.96189099653603,49.863744301372925],[-99.98475350685518,49.86379518817606],[-99.99822082458712,49.86065458829517],[-99.99783230968278,49.853669488278946],[-100.00766599806565,49.849927987138194],[-99.98484648860718,49.84852169843546],[-99.97873938331027,49.84849251276422],[-99.97321689036812,49.84848499557816]]]},"properties":{"DAUID":"46070171","DGUID":"2021S051246070171","LANDAREA":3.1984,"PRUID":"46","Province":"MB"}},
{"type":"Feature","geometry":{"type":"Polygon","coordinates":[[[-99.95827729152934,49.84847459561238],[-99.96187870549052,49.85191660980276],[-99.97316049651216,49.85191238817625],[-99.97321689036812,49.84848499557816],[-99.9618660134944,49.84847179143872],[-99.95827729152934,49.84847459561238]]]},"properties":{"DAUID":"46070172","DGUID":"2021S051246070172","LANDAREA":0.3427,"PRUID":"46","Province":"MB"}},
{"type":"Feature","geometry":{"type":"Polygon","coordinates":[[[-99.9618660134944,49.84847179143872],[-99.97321689036812,49.84848499557816],[-99.96892640555922,49.84539089150519],[-99.9618660134944,49.84847179143872]]]},"properties":{"DAUID":"46070173","DGUID":"2021S051246070173","LANDAREA":0.1921,"PRUID":"46","Province":"MB"}},
{"type":"Feature","geometry":{"type":"Polygon","coordinates":[[[-99.93913229911095,49.850385207937904],[-99.94594030897989,49.852101693868015],[-99.96187870549052,49.85191660980276],[-99.95827729152934,49.84847459561238],[-99.95417380975054,49.84847240856615],[-99.9487186036776,49.84692521238358],[-99.94188472014115,49.84957131000694],[-99.93913229911095,49.850385207937904]]]},"properties":{"DAUID":"46070174","DGUID":"2021S051246070174","LANDAREA":0.4659,"PRUID":"46","Province":"MB"}},
{"type":"Feature","geometry":{"type":"Polygon","coordinates":[[[-99.97316049651216,49.85191238817625],[-99.96187870549052,49.85191660980276],[-99.94594030897989,49.852101693868015],[-99.96176360760022,49.859133327960635],[-99.97316049651216,49.85191238817625]]]},"properties":{"DAUID":"46070175","DGUID":"2021S051246070175","LANDAREA":1.2411,"PRUID":"46","Province":"MB"}},
{"type":"Feature","geometry":{"type":"Polygon","coordinates":[[[-99.93907051834877,49.863706490262125],[-99.94327760052643,49.866100889941805],[-99.94735929702372,49.86562679888998],[-99.96190259895454,49.86432878818697],[-99.96189099653603,49.863744301372925],[-99.96176360760022,49.859133327960635],[-99.94594030897989,49.852101693868015],[-99.93913229911095,49.850385207937904],[-99.93907051834877,49.863706490262125]]]},"properties":{"DAUID":"46070176","DGUID":"2021S051246070176","LANDAREA":1.5766,"PRUID":"46","Province":"MB"}},
{"type":"Feature","geometry":{"type":"Polygon","coordinates":[[[-99.94327760052643,49.866100889941805],[-99.93903039017039,49.87168489063945],[-99.94460319009231,49.87056930594528],[-99.94735929702372,49.86562679888998],[-99.94327760052643,49.866100889941805]]]},"properties":{"DAUID":"46070177","DGUID":"2021S051246070177","LANDAREA":0.1688,"PRUID":"46","Province":"MB"}},
{"type":"Feature","geometry":{"type":"Polygon","coordinates":[[[-99.94735929702372,49.86562679888998],[-99.94460319009231,49.87056930594528],[-99.94465310153596,49.87170218866005],[-99.96192520369434,49.87177609215813],[-99.96190259895454,49.86432878818697],[-99.94735929702372,49.86562679888998]]]},"properties":{"DAUID":"46070178","DGUID":"2021S051246070178","LANDAREA":0.8191,"PRUID":"46","Province":"MB"}},
{"type":"Feature","geometry":{"type":"Polygon","coordinates":[[[-99.93903039017039,49.87168489063945],[-99.94427819957694,49.873171389347696],[-99.94465310153596,49.87170218866005],[-99.94460319009231,49.87056930594528],[-99.93903039017039,49.87168489063945]]]},"properties":{"DAUID":"46070179","DGUID":"2021S051246070179","LANDAREA":0.1708,"PRUID":"46","Province":"MB"}},
{"type":"Feature","geometry":{"type":"Polygon","coordinates":[[[-99.93903039017039,49.87168489063945],[-99.91638708599687,49.87164129098785],[-99.9253120186704,49.886872410894135],[-99.93885118314337,49.88828108841251],[-99.96875539925382,49.88692150728762],[-99.94102502531624,49.88561567620993],[-99.94427819957694,49.873171389347696],[-99.93903039017039,49.87168489063945]]]},"properties":{"DAUID":"46070180","DGUID":"2021S051246070180","LANDAREA":3.0903,"PRUID":"46","Province":"MB"}},
{"type":"Feature","geometry":{"type":"Polygon","coordinates":[[[-99.92731339477788,49.86420100917744],[-99.91638708599687,49.87164129098785],[-99.93903039017039,49.87168489063945],[-99.94327760052643,49.866100889941805],[-99.93907051834877,49.863706490262125],[-99.92731339477788,49.86420100917744]]]},"properties":{"DAUID":"46070181","DGUID":"2021S051246070181","LANDAREA":1.2639,"PRUID":"46","Province":"MB"}},
{"type":"Feature","geometry":{"type":"Polygon","coordinates":[[[-99.82565731304517,49.857347197361996],[-99.73480661101458,49.857212090183275],[-99.71198992153063,49.857192604543826],[-99.71215769597907,49.88666520785054],[-99.82554809957581,49.886858609557116],[-99.9253120186704,49.886872410894135],[-99.91638708599687,49.87164129098785],[-99.92731339477788,49.86420100917744],[-99.91764966841335,49.862789046342705],[-99.90643538080874,49.84879785412745],[-99.89193586697026,49.84861732697035],[-99.87024057905201,49.85234855190842],[-99.8484176618413,49.84991072620232],[-99.84864088623506,49.85735209723766],[-99.82565731304517,49.857347197361996]]]},"properties":{"DAUID":"46070182","DGUID":"2021S051246070182","LANDAREA":52.0661,"PRUID":"46","Province":"MB"}},
{"type":"Feature","geometry":{"type":"Polygon","coordinates":[[[-99.9253120186704,49.886872410894135],[-99.82554809957581,49.886858609557116],[-99.8204034872614,49.887227892340384],[-99.82038270152536,49.9122773934814],[-99.81637928533182,49.91604730005999],[-99.7975469844244,49.91944329743551],[-99.79762168558938,50.04881581012843],[-99.7745748067487,50.048809994530345],[-99.774728882291,50.063586303870466],[-99.93526828546378,50.06357299484107],[-99.935457603357,49.96475170240529],[-99.93454470543774,49.91614461136798],[-99.93495449296041,49.90131849521557],[-99.93495441630849,49.89868475131635],[-99.93495436775015,49.89656235413048],[-99.93885118314337,49.88828108841251],[-99.9253120186704,49.886872410894135]]]},"properties":{"DAUID":"46070183","DGUID":"2021S051246070183","LANDAREA":190.9061,"PRUID":"46","Province":"MB"}},
{"type":"Feature","geometry":{"type":"Polygon","coordinates":[[[-99.93454470543774,49.91614461136798],[-99.95757199066433,49.9161171948482],[-99.95804411560172,49.90139989842547],[-99.93495449296041,49.90131849521557],[-99.93454470543774,49.91614461136798]]]},"properties":{"DAUID":"46070184","DGUID":"2021S051246070184","LANDAREA":3.1975,"PRUID":"46","Province":"MB"}},
{"type":"Feature","geometry":{"type":"Polygon","coordinates":[[[-99.96189099653603,49.863744301372925],[-99.96190259895454,49.86432878818697],[-99.96192520369434,49.87177609215813],[-99.94465310153596,49.87170218866005],[-99.94427819957694,49.873171389347696],[-99.94102502531624,49.88561567620993],[-99.96875539925382,49.88692150728762],[-99.98472101249693,49.88686969342261],[-99.98475350685518,49.86379518817606],[-99.96189099653603,49.863744301372925]]]},"properties":{"DAUID":"46070186","DGUID":"2021S051246070186","LANDAREA":6.383,"PRUID":"46","Province":"MB"}},
{"type":"Feature","geometry":{"type":"Polygon","coordinates":[[[-99.71215769597907,49.88666520785054],[-99.65999906133099,49.88660592065971],[-99.66016080321671,49.91599849424258],[-99.66016660487301,50.06340400332438],[-99.774728882291,50.063586303870466],[-99.7745748067487,50.048809994530345],[-99.79762168558938,50.04881581012843],[-99.7975469844244,49.91944329743551],[-99.81637928533182,49.91604730005999],[-99.82038270152536,49.9122773934814],[-99.8204034872614,49.887227892340384],[-99.82554809957581,49.886858609557116],[-99.71215769597907,49.88666520785054]]]},"properties":{"DAUID":"46070187","DGUID":"2021S051246070187","LANDAREA":195.807,"PRUID":"46","Province":"MB"}},
{"type":"Feature","geometry":{"type":"Polygon","coordinates":[[[-99.73480661101458,49.857212090183275],[-99.73480588814398,49.84248830994628],[-99.7120093124487,49.842414688040286],[-99.71195299777692,49.85562781250751],[-99.64844169410357,49.81795411165402],[-99.64359489307209,49.818304900746945],[-99.64444494046762,49.8865468922704],[-99.65999906133099,49.88660592065971],[-99.71215769597907,49.88666520785054],[-99.71198992153063,49.857192604543826],[-99.73480661101458,49.857212090183275]]]},"properties":{"DAUID":"46070188","DGUID":"2021S051246070188","LANDAREA":30.3051,"PRUID":"46","Province":"MB"}},
{"type":"Feature","geometry":{"type":"Polygon","coordinates":[[[-99.84842068581708,49.81298400640448],[-99.84827110370446,49.768623988606436],[-99.75776850298114,49.76860359763324],[-99.75723721091158,49.70952170452775],[-99.64348931058595,49.709149999510906],[-99.64340593028066,49.79792707371998],[-99.64359259267529,49.7982203910619],[-99.65468598313771,49.8037258021239],[-99.6550683837088,49.812775749511744],[-99.64357061836937,49.81227879230858],[-99.64359489307209,49.818304900746945],[-99.64844169410357,49.81795411165402],[-99.71195299777692,49.85562781250751],[-99.7120093124487,49.842414688040286],[-99.73480588814398,49.84248830994628],[-99.73480661101458,49.857212090183275],[-99.82565731304517,49.857347197361996],[-99.82447415974974,49.82910853702758],[-99.80934065224285,49.82253233225509],[-99.80550289112055,49.81267590721317],[-99.84842068581708,49.81298400640448]]]},"properties":{"DAUID":"46070189","DGUID":"2021S051246070189","LANDAREA":171.8237,"PRUID":"46","Province":"MB"}},
{"type":"Feature","geometry":{"type":"Polygon","coordinates":[[[-99.64359259267529,49.7982203910619],[-99.6434406818082,49.79988432887684],[-99.65056869689174,49.80655520720214],[-99.6435426638678,49.811493965217004],[-99.64357061836937,49.81227879230858],[-99.6550683837088,49.812775749511744],[-99.65468598313771,49.8037258021239],[-99.64359259267529,49.7982203910619]]]},"properties":{"DAUID":"46070190","DGUID":"2021S051246070190","LANDAREA":0.8716,"PRUID":"46","Province":"MB"}},
{"type":"Feature","geometry":{"type":"Polygon","coordinates":[[[-99.6434406818082,49.79988432887684],[-99.6435426638678,49.811493965217004],[-99.65056869689174,49.80655520720214],[-99.6434406818082,49.79988432887684]]]},"properties":{"DAUID":"46070191","DGUID":"2021S051246070191","LANDAREA":0.4045,"PRUID":"46","Province":"MB"}},
{"type":"Feature","geometry":{"type":"Polygon","coordinates":[[[-99.65999906133099,49.88660592065971],[-99.64444494046762,49.8865468922704],[-99.64359489307209,49.818304900746945],[-99.64357061836937,49.81227879230858],[-99.6435426638678,49.811493965217004],[-99.6434406818082,49.79988432887684],[-99.64359259267529,49.7982203910619],[-99.64340593028066,49.79792707371998],[-99.50537073716633,49.79778184091916],[-99.34842784155542,49.79790988266509],[-99.34911938458156,49.86336563759655],[-99.37086223022217,49.866363173575174],[-99.37085321502617,49.88004830121922],[-99.36059840267707,49.8805123937989],[-99.36207759382711,49.901482293950714],[-99.31637591877335,49.90150809885745],[-99.36207969435674,49.901770207798855],[-99.36210450481994,49.9162418119262],[-99.47653280496023,49.91616080680798],[-99.47651591896357,49.90172510393986],[-99.52024051311864,49.90169008897584],[-99.54226281597347,49.90353199404434],[-99.59069619997317,49.90123571145753],[-99.59103398209756,49.91635340953165],[-99.66016080321671,49.91599849424258],[-99.65999906133099,49.88660592065971]]]},"properties":{"DAUID":"46070192","DGUID":"2021S051246070192","LANDAREA":259.279,"PRUID":"46","Province":"MB"}},
{"type":"Feature","geometry":{"type":"Polygon","coordinates":[[[-99.37086223022217,49.866363173575174],[-99.35892718762844,49.86911279257344],[-99.36059840267707,49.8805123937989],[-99.37085321502617,49.88004830121922],[-99.37086223022217,49.866363173575174]]]},"properties":{"DAUID":"46070193","DGUID":"2021S051246070193","LANDAREA":1.4153,"PRUID":"46","Province":"MB"}},
{"type":"Feature","geometry":{"type":"Polygon","coordinates":[[[-99.34911938458156,49.86336563759655],[-99.34915528231221,49.86675910864111],[-99.35892718762844,49.86911279257344],[-99.37086223022217,49.866363173575174],[-99.34911938458156,49.86336563759655]]]},"properties":{"DAUID":"46070194","DGUID":"2021S051246070194","LANDAREA":0.6976,"PRUID":"46","Province":"MB"}},
{"type":"Feature","geometry":{"type":"Polygon","coordinates":[[[-99.35892718762844,49.86911279257344],[-99.34915528231221,49.86675910864111],[-99.34481840430149,49.86426474772254],[-99.31521422317235,49.86186099029411],[-99.31595400297691,49.87131789832014],[-99.34920039729975,49.87108529003262],[-99.36059840267707,49.8805123937989],[-99.35892718762844,49.86911279257344]]]},"properties":{"DAUID":"46070195","DGUID":"2021S051246070195","LANDAREA":2.683,"PRUID":"46","Province":"MB"}},
{"type":"Feature","geometry":{"type":"Polygon","coordinates":[[[-99.36059840267707,49.8805123937989],[-99.34920039729975,49.87108529003262],[-99.31595400297691,49.87131789832014],[-99.31521422317235,49.86186099029411],[-99.34481840430149,49.86426474772254],[-99.34915528231221,49.86675910864111],[-99.34911938458156,49.86336563759655],[-99.34842784155542,49.79790988266509],[-99.23451232001564,49.797856528894215],[-99.23443770784846,49.753616218891885],[-99.09757826841043,49.75356501770601],[-99.09786461181197,49.798068293825544],[-99.09768883711682,49.88654779039614],[-99.10907306804636,49.88655058207057],[-99.11045370316742,49.901842086817595],[-99.13926869251857,49.90323219523325],[-99.17956251035011,49.90145889500003],[-99.31637591877335,49.90150809885745],[-99.36207759382711,49.901482293950714],[-99.36059840267707,49.8805123937989]]]},"properties":{"DAUID":"46070196","DGUID":"2021S051246070196","LANDAREA":254.7877,"PRUID":"46","Province":"MB"}},
{"type":"Feature","geometry":{"type":"Polygon","coordinates":[[[-99.31637591877335,49.90150809885745],[-99.17956251035011,49.90145889500003],[-99.13926869251857,49.90323219523325],[-99.11045370316742,49.901842086817595],[-99.11044730902138,50.063519807660036],[-99.24804192594216,50.0634261728188],[-99.45380620154354,50.06356670722791],[-99.45377950776239,50.034075300703904],[-99.38516409119882,50.03413449763463],[-99.3851757594506,50.01988261680517],[-99.3622650058893,50.01939500852683],[-99.36210450481994,49.9162418119262],[-99.36207969435674,49.901770207798855],[-99.31637591877335,49.90150809885745]]]},"properties":{"DAUID":"46070197","DGUID":"2021S051246070197","LANDAREA":348.0378,"PRUID":"46","Province":"MB"}},
{"type":"Feature","geometry":{"type":"Polygon","coordinates":[[[-99.66016080321671,49.91599849424258],[-99.59103398209756,49.91635340953165],[-99.59069619997317,49.90123571145753],[-99.54226281597347,49.90353199404434],[-99.52024051311864,49.90169008897584],[-99.47651591896357,49.90172510393986],[-99.47653280496023,49.91616080680798],[-99.36210450481994,49.9162418119262],[-99.3622650058893,50.01939500852683],[-99.3851757594506,50.01988261680517],[-99.38516409119882,50.03413449763463],[-99.45377950776239,50.034075300703904],[-99.45380620154354,50.06356670722791],[-99.61433518406564,50.0639970074784],[-99.66016660487301,50.06340400332438],[-99.66016080321671,49.91599849424258]]]},"properties":{"DAUID":"46070198","DGUID":"2021S051246070198","LANDAREA":338.9144,"PRUID":"46","Province":"MB"}},
{"type":"Feature","geometry":{"type":"Polygon","coordinates":[[[-99.28659918103338,49.532954400056475],[-99.2810835876857,49.53511770943069],[-99.2796050848654,49.54728220235661],[-99.30229040263677,49.5472971042637],[-99.30227081611109,49.562039599297705],[-99.34769658295767,49.562037999457495],[-99.3477183930267,49.57678929399544],[-99.4391781877969,49.5767752075655],[-99.43911730651901,49.591571787909224],[-99.45046848484593,49.59213990150254],[-99.44824211265238,49.605865504527046],[-99.43918069185503,49.606307000223325],[-99.4377745520844,49.62859908730663],[-99.46168035671512,49.62847845672366],[-99.46131318282094,49.650436694951864],[-99.48375154770042,49.65108682073608],[-99.54053071124449,49.67960540181903],[-99.59805949283862,49.679853296877845],[-99.60227499087313,49.66538609147163],[-99.64361008573725,49.66522658841959],[-99.64340398450831,49.532860689493134],[-99.63089710877261,49.53285760898445],[-99.42061229476036,49.53298561071487],[-99.36036096588492,49.53348173687966],[-99.28659918103338,49.532954400056475]]]},"properties":{"DAUID":"46070200","DGUID":"2021S051246070200","LANDAREA":256.2722,"PRUID":"46","Province":"MB"}},
{"type":"Feature","geometry":{"type":"Polygon","coordinates":[[[-99.2796050848654,49.54728220235661],[-99.27955117960224,49.56206069588688],[-99.30227081611109,49.562039599297705],[-99.30229040263677,49.5472971042637],[-99.2796050848654,49.54728220235661]]]},"properties":{"DAUID":"46070201","DGUID":"2021S051246070201","LANDAREA":2.6936,"PRUID":"46","Province":"MB"}},
{"type":"Feature","geometry":{"type":"Polygon","coordinates":[[[-99.64340398450831,49.532860689493134],[-99.64361008573725,49.66522658841959],[-99.64348931058595,49.709149999510906],[-99.75723721091158,49.70952170452775],[-99.80874449664437,49.70927552651378],[-99.96176761045432,49.70948800365582],[-99.96175422249372,49.66524301068704],[-99.89342128492565,49.66521470634251],[-99.89331751501628,49.65046410750783],[-99.87073579503102,49.650438209422944],[-99.87112439404073,49.60621691314903],[-99.86239999641079,49.60415101257439],[-99.8630768907981,49.59333359112959],[-99.87117718454255,49.59131200364251],[-99.87091160654103,49.53285610372792],[-99.8482303742194,49.533377774213804],[-99.74729110409524,49.53292000103509],[-99.64340398450831,49.532860689493134]],[[-99.68396023575224,49.584748773719745],[-99.68758557898612,49.601040882472105],[-99.67295329089468,49.59447695186466],[-99.68396023575224,49.584748773719745]]]},"properties":{"DAUID":"46070202","DGUID":"2021S051246070202","LANDAREA":352.9207,"PRUID":"46","Province":"MB"}},
{"type":"Feature","geometry":{"type":"Polygon","coordinates":[[[-99.68396023575224,49.584748773719745],[-99.67295329089468,49.59447695186466],[-99.68758557898612,49.601040882472105],[-99.68396023575224,49.584748773719745]]]},"properties":{"DAUID":"46070203","DGUID":"2021S051246070203","LANDAREA":2.0365,"PRUID":"46","Province":"MB"}},
{"type":"Feature","geometry":{"type":"Polygon","coordinates":[[[-99.87091160654103,49.53285610372792],[-99.87117718454255,49.59131200364251],[-99.8630768907981,49.59333359112959],[-99.86239999641079,49.60415101257439],[-99.87112439404073,49.60621691314903],[-99.87073579503102,49.650438209422944],[-99.89331751501628,49.65046410750783],[-99.89342128492565,49.66521470634251],[-99.96175422249372,49.66524301068704],[-99.96176761045432,49.70948800365582],[-100.0527675254069,49.70967984824858],[-100.0531387143141,49.54346620885435],[-100.05384618742316,49.53379737770811],[-100.029622507471,49.532811886324254],[-99.90124638121432,49.532821691059546],[-99.87091160654103,49.53285610372792]]]},"properties":{"DAUID":"46070204","DGUID":"2021S051246070204","LANDAREA":223.8663,"PRUID":"46","Province":"MB"}},
{"type":"Feature","geometry":{"type":"Polygon","coordinates":[[[-100.05384618742316,49.53379737770811],[-100.0531387143141,49.54346620885435],[-100.0527675254069,49.70967984824858],[-100.1439236119874,49.70990995423788],[-100.18954568026685,49.709219991871386],[-100.25786374833037,49.710118718799244],[-100.39446151632811,49.709619805294885],[-100.4627757831661,49.71007700754058],[-100.46278529810488,49.559251487187574],[-100.46420432253122,49.53240484654735],[-100.46299271547886,49.532865908442744],[-100.30795380883995,49.532887607466535],[-100.06511468501854,49.53288641049429],[-100.05384618742316,49.53379737770811]],[[-100.27092930254962,49.622024878521295],[-100.25441531959763,49.628122979859974],[-100.25165996608341,49.620822707244386],[-100.24617301916638,49.60974102770115],[-100.2573374830515,49.60858459142678],[-100.26946919112505,49.61348329582892],[-100.27092930254962,49.622024878521295]]]},"properties":{"DAUID":"46070205","DGUID":"2021S051246070205","LANDAREA":576.179,"PRUID":"46","Province":"MB"}},
{"type":"Feature","geometry":{"type":"Polygon","coordinates":[[[-100.25165996608341,49.620822707244386],[-100.25815938903034,49.62008019932145],[-100.2573374830515,49.60858459142678],[-100.24617301916638,49.60974102770115],[-100.25165996608341,49.620822707244386]]]},"properties":{"DAUID":"46070206","DGUID":"2021S051246070206","LANDAREA":0.9101,"PRUID":"46","Province":"MB"}},
{"type":"Feature","geometry":{"type":"Polygon","coordinates":[[[-100.27092930254962,49.622024878521295],[-100.25815938903034,49.62008019932145],[-100.25165996608341,49.620822707244386],[-100.25441531959763,49.628122979859974],[-100.27092930254962,49.622024878521295]]]},"properties":{"DAUID":"46070207","DGUID":"2021S051246070207","LANDAREA":1.1753,"PRUID":"46","Province":"MB"}},
{"type":"Feature","geometry":{"type":"Polygon","coordinates":[[[-100.2573374830515,49.60858459142678],[-100.25815938903034,49.62008019932145],[-100.27092930254962,49.622024878521295],[-100.26946919112505,49.61348329582892],[-100.2573374830515,49.60858459142678]]]},"properties":{"DAUID":"46070208","DGUID":"2021S051246070208","LANDAREA":1.4244,"PRUID":"46","Province":"MB"}},
{"type":"Feature","geometry":{"type":"Polygon","coordinates":[[[-99.95554048376314,49.83594981317186],[-99.95412190161142,49.83594351089707],[-99.95417268233639,49.840647198442454],[-99.95417481818124,49.84216730291973],[-99.95690111564848,49.84218080283985],[-99.95824430781309,49.839066592549436],[-99.95687561769505,49.83595678832673],[-99.95554048376314,49.83594981317186]]]},"properties":{"DAUID":"46070209","DGUID":"2021S051246070209","LANDAREA":0.1529,"PRUID":"46","Province":"MB"}},
{"type":"Feature","geometry":{"type":"Polygon","coordinates":[[[-99.95004860585094,49.8360130060425],[-99.94733710791486,49.83602621046093],[-99.94733918614887,49.837555210910445],[-99.95417268233639,49.840647198442454],[-99.95412190161142,49.83594351089707],[-99.95004860585094,49.8360130060425]]]},"properties":{"DAUID":"46070210","DGUID":"2021S051246070210","LANDAREA":0.1705,"PRUID":"46","Province":"MB"}},
{"type":"Feature","geometry":{"type":"Polygon","coordinates":[[[-99.94596209322224,49.837539487801834],[-99.94596869702686,49.84215359115746],[-99.95007189688295,49.842165002456476],[-99.95417481818124,49.84216730291973],[-99.95417268233639,49.840647198442454],[-99.94733918614887,49.837555210910445],[-99.94596209322224,49.837539487801834]]]},"properties":{"DAUID":"46070211","DGUID":"2021S051246070211","LANDAREA":0.2178,"PRUID":"46","Province":"MB"}},
{"type":"Feature","geometry":{"type":"Polygon","coordinates":[[[-99.45380620154354,50.06356670722791],[-99.45454549535145,50.18161790553946],[-99.50076551270668,50.181544686514606],[-99.50105241353329,50.22635959500699],[-99.49440690928964,50.22632521091908],[-99.49267051606317,50.240520109201654],[-99.65958350852281,50.24050659106844],[-99.6608099951152,50.2399600028343],[-99.6597103090724,50.1663336018203],[-99.66016660487301,50.06340400332438],[-99.61433518406564,50.0639970074784],[-99.45380620154354,50.06356670722791]]]},"properties":{"DAUID":"46070212","DGUID":"2021S051246070212","LANDAREA":268.313,"PRUID":"46","Province":"MB"}},
{"type":"Feature","geometry":{"type":"Polygon","coordinates":[[[-99.24804192594216,50.0634261728188],[-99.24919053574803,50.15533479463797],[-99.24799619106578,50.24038261064781],[-99.40071847414312,50.240523898375],[-99.43113909510335,50.2405264088471],[-99.431696881392,50.22619730886006],[-99.431661283257,50.211384706121166],[-99.45499551718584,50.211295700586916],[-99.4885782728512,50.21040446127759],[-99.49440690928964,50.22632521091908],[-99.50105241353329,50.22635959500699],[-99.50076551270668,50.181544686514606],[-99.45454549535145,50.18161790553946],[-99.45380620154354,50.06356670722791],[-99.24804192594216,50.0634261728188]]]},"properties":{"DAUID":"46070213","DGUID":"2021S051246070213","LANDAREA":292.9493,"PRUID":"46","Province":"MB"}},
{"type":"Feature","geometry":{"type":"Polygon","coordinates":[[[-99.42984310453508,50.227874410649285],[-99.43165531232877,50.227806998103155],[-99.43168491507946,50.22665999929775],[-99.42982463907842,50.22663913031001],[-99.42984310453508,50.227874410649285]]]},"properties":{"DAUID":"46070214","DGUID":"2021S051246070214","LANDAREA":0.0175,"PRUID":"46","Province":"MB"}},
{"type":"Feature","geometry":{"type":"Polygon","coordinates":[[[-100.25786374833037,49.710118718799244],[-100.18954568026685,49.709219991871386],[-100.1439236119874,49.70990995423788],[-100.0527675254069,49.70967984824858],[-100.0528002929953,49.753822800592296],[-100.05277580197489,49.82767790567293],[-100.09838168417264,49.82768639595687],[-100.09842947980852,49.84145669563521],[-100.13245869831012,49.842469408697696],[-100.1324581502779,49.85119974115512],[-100.15357621543085,49.8420723022389],[-100.2347773172242,49.841676400887195],[-100.25760060770996,49.841664804590756],[-100.25762661671088,49.828190491395056],[-100.30316277773015,49.8280893698143],[-100.30313920675174,49.81278348784104],[-100.25766002043686,49.812854204283205],[-100.25786374833037,49.710118718799244]]]},"properties":{"DAUID":"46070216","DGUID":"2021S051246070216","LANDAREA":217.685,"PRUID":"46","Province":"MB"}},
{"type":"Feature","geometry":{"type":"Polygon","coordinates":[[[-99.93747334294616,49.812622107867256],[-99.93909638363759,49.812626507694866],[-99.93907498792218,49.76840929962121],[-100.00744469485484,49.76857250447338],[-100.00738879296898,49.75381279245436],[-100.0528002929953,49.753822800592296],[-100.0527675254069,49.70967984824858],[-99.96176761045432,49.70948800365582],[-99.80874449664437,49.70927552651378],[-99.75723721091158,49.70952170452775],[-99.75776850298114,49.76860359763324],[-99.84827110370446,49.768623988606436],[-99.84842068581708,49.81298400640448],[-99.92726693400508,49.812594290132616],[-99.93747334294616,49.812622107867256]]]},"properties":{"DAUID":"46070217","DGUID":"2021S051246070217","LANDAREA":166.4725,"PRUID":"46","Province":"MB"}},
{"type":"Feature","geometry":{"type":"Polygon","coordinates":[[[-99.09931091381203,49.53314980557302],[-99.09810119508826,49.536370898629734],[-99.09770434456418,49.620639520313915],[-99.09757826841043,49.75356501770601],[-99.23443770784846,49.753616218891885],[-99.23451232001564,49.797856528894215],[-99.34842784155542,49.79790988266509],[-99.50537073716633,49.79778184091916],[-99.64340593028066,49.79792707371998],[-99.64348931058595,49.709149999510906],[-99.64361008573725,49.66522658841959],[-99.60227499087313,49.66538609147163],[-99.59805949283862,49.679853296877845],[-99.54053071124449,49.67960540181903],[-99.48375154770042,49.65108682073608],[-99.46131318282094,49.650436694951864],[-99.46168035671512,49.62847845672366],[-99.4377745520844,49.62859908730663],[-99.43918069185503,49.606307000223325],[-99.44824211265238,49.605865504527046],[-99.45046848484593,49.59213990150254],[-99.43911730651901,49.591571787909224],[-99.4391781877969,49.5767752075655],[-99.3477183930267,49.57678929399544],[-99.34769658295767,49.562037999457495],[-99.30227081611109,49.562039599297705],[-99.27955117960224,49.56206069588688],[-99.2796050848654,49.54728220235661],[-99.2810835876857,49.53511770943069],[-99.28659918103338,49.532954400056475],[-99.11426251073028,49.53245239438613],[-99.09931091381203,49.53314980557302]],[[-99.3484598351164,49.783856367343304],[-99.27995201388006,49.782918089754006],[-99.28038752932744,49.73916876819531],[-99.3137399023952,49.7391541380209],[-99.31316148278665,49.72374191316236],[-99.32586868758277,49.724065494408464],[-99.32523921944595,49.73901628264554],[-99.36941572638183,49.739716305195834],[-99.36929155443292,49.74674038907317],[-99.34733434275564,49.74952895438192],[-99.3484598351164,49.783856367343304]]]},"properties":{"DAUID":"46070218","DGUID":"2021S051246070218","LANDAREA":812.6784,"PRUID":"46","Province":"MB"}},
{"type":"Feature","geometry":{"type":"Polygon","coordinates":[[[-99.3484598351164,49.783856367343304],[-99.34733434275564,49.74952895438192],[-99.36929155443292,49.74674038907317],[-99.36941572638183,49.739716305195834],[-99.32523921944595,49.73901628264554],[-99.32586868758277,49.724065494408464],[-99.31316148278665,49.72374191316236],[-99.3137399023952,49.7391541380209],[-99.28038752932744,49.73916876819531],[-99.27995201388006,49.782918089754006],[-99.3484598351164,49.783856367343304]]]},"properties":{"DAUID":"46070219","DGUID":"2021S051246070219","LANDAREA":26.6165,"PRUID":"46","Province":"MB"}},
{"type":"Feature","geometry":{"type":"Polygon","coordinates":[[[-100.05277580197489,49.82767790567293],[-100.0528002929953,49.753822800592296],[-100.00738879296898,49.75381279245436],[-100.00744469485484,49.76857250447338],[-99.93907498792218,49.76840929962121],[-99.93909638363759,49.812626507694866],[-99.96187229907294,49.81108479942062],[-99.99587035635315,49.81283166996503],[-99.99586682724367,49.82033802669036],[-99.99613448283381,49.82759660715347],[-99.99615250840704,49.83850274505003],[-100.008768141494,49.842444903334126],[-100.00766599806565,49.849927987138194],[-99.99783230968278,49.853669488278946],[-99.99822082458712,49.86065458829517],[-99.98475350685518,49.86379518817606],[-99.98472101249693,49.88686969342261],[-100.04913478882933,49.88687690259647],[-100.05271081031239,49.88551328803378],[-100.05277580197489,49.82767790567293]]]},"properties":{"DAUID":"46070221","DGUID":"2021S051246070221","LANDAREA":78.5694,"PRUID":"46","Province":"MB"}},
{"type":"Feature","geometry":{"type":"Polygon","coordinates":[[[-99.99586682724367,49.82033802669036],[-99.99587035635315,49.81283166996503],[-99.96187229907294,49.81108479942062],[-99.96275683809685,49.82019865228756],[-99.96900190062917,49.82237840802017],[-99.97306030711744,49.82160700064933],[-99.98001303867194,49.820272507223045],[-99.98470098325812,49.82030760118645],[-99.99586682724367,49.82033802669036]]]},"properties":{"DAUID":"46070222","DGUID":"2021S051246070222","LANDAREA":2.7157,"PRUID":"46","Province":"MB"}},
{"type":"Feature","geometry":{"type":"Polygon","coordinates":[[[-100.07245289265789,49.886879489291346],[-100.04913478882933,49.88687690259647],[-99.98472101249693,49.88686969342261],[-99.96875539925382,49.88692150728762],[-99.93885118314337,49.88828108841251],[-99.93495436775015,49.89656235413048],[-99.93704453640773,49.89655188517914],[-99.93710782408506,49.89868129253828],[-99.93495441630849,49.89868475131635],[-99.93495449296041,49.90131849521557],[-99.95804411560172,49.90139989842547],[-99.95757199066433,49.9161171948482],[-99.93454470543774,49.91614461136798],[-99.935457603357,49.96475170240529],[-99.93526828546378,50.06357299484107],[-100.07206599276027,50.063609588413726],[-100.07262589939839,50.03396319925865],[-100.07245289265789,49.886879489291346]]]},"properties":{"DAUID":"46070223","DGUID":"2021S051246070223","LANDAREA":189.4281,"PRUID":"46","Province":"MB"}},
{"type":"Feature","geometry":{"type":"Polygon","coordinates":[[[-99.93495441630849,49.89868475131635],[-99.93710782408506,49.89868129253828],[-99.93704453640773,49.89655188517914],[-99.93495436775015,49.89656235413048],[-99.93495441630849,49.89868475131635]]]},"properties":{"DAUID":"46070224","DGUID":"2021S051246070224","LANDAREA":0.036,"PRUID":"46","Province":"MB"}},
{"type":"Feature","geometry":{"type":"Polygon","coordinates":[[[-98.84717476795358,50.50628414704766],[-98.84680346746022,50.56510040438552],[-98.98504739720515,50.56480971110708],[-98.98504010560141,50.594770904530534],[-98.99656380406388,50.59477700117218],[-98.99687472979613,50.639372502927316],[-99.06604188292438,50.639102110968835],[-99.15908939286014,50.63937042076133],[-99.27537341276316,50.6389726835468],[-99.41516727491263,50.63921054043186],[-99.41512240938262,50.594647695556084],[-99.40051391512843,50.5946899010891],[-99.39977632625528,50.53924440409946],[-99.40048299298472,50.50607960365156],[-99.12346269623295,50.50600150494109],[-98.86942761434686,50.505699219924544],[-98.84717476795358,50.50628414704766]]]},"properties":{"DAUID":"46080032","DGUID":"2021S051246080032","LANDAREA":500.5453,"PRUID":"46","Province":"MB"}},
{"type":"Feature","geometry":{"type":"Polygon","coordinates":[[[-99.12346269623295,50.50600150494109],[-99.12341091242047,50.32897520754785],[-99.10037624292472,50.32889500824095],[-99.10054129866681,50.343728612200636],[-98.96220929910355,50.343496200232025],[-98.96210371767937,50.38787899549438],[-98.86945648655669,50.38782985480416],[-98.86942761434686,50.505699219924544],[-99.12346269623295,50.50600150494109]]]},"properties":{"DAUID":"46080033","DGUID":"2021S051246080033","LANDAREA":289.7165,"PRUID":"46","Province":"MB"}},
{"type":"Feature","geometry":{"type":"Polygon","coordinates":[[[-99.40048299298472,50.50607960365156],[-99.40043502071147,50.44700230944761],[-99.40044390253543,50.38796029345958],[-99.40032649031042,50.32887320603272],[-99.29953529278494,50.328897695783816],[-99.27447491055653,50.285664404911074],[-99.26960779731851,50.28134091177307],[-99.25586959988723,50.25301488672469],[-99.23566339106245,50.25513522821032],[-99.12341678190471,50.25529059605531],[-99.12341091242047,50.32897520754785],[-99.12346269623295,50.50600150494109],[-99.40048299298472,50.50607960365156]]]},"properties":{"DAUID":"46080034","DGUID":"2021S051246080034","LANDAREA":477.3903,"PRUID":"46","Province":"MB"}},
{"type":"Feature","geometry":{"type":"Polygon","coordinates":[[[-99.11044730902138,50.063519807660036],[-99.11040101040953,50.225786595488735],[-99.11028131473003,50.24077377688587],[-99.12347761516617,50.24079288999111],[-99.12341678190471,50.25529059605531],[-99.23566339106245,50.25513522821032],[-99.25586959988723,50.25301488672469],[-99.26960779731851,50.28134091177307],[-99.27447491055653,50.285664404911074],[-99.29953529278494,50.328897695783816],[-99.40032649031042,50.32887320603272],[-99.40071847414312,50.240523898375],[-99.24799619106578,50.24038261064781],[-99.24919053574803,50.15533479463797],[-99.24804192594216,50.0634261728188],[-99.11044730902138,50.063519807660036]]]},"properties":{"DAUID":"46080035","DGUID":"2021S051246080035","LANDAREA":296.8077,"PRUID":"46","Province":"MB"}},
{"type":"Feature","geometry":{"type":"Polygon","coordinates":[[[-99.11044730902138,50.063519807660036],[-98.95019039342185,50.06357960629141],[-98.95068169874729,50.21107889654235],[-98.99631411288154,50.210963386760774],[-98.99643910311359,50.22573100825613],[-99.11040101040953,50.225786595488735],[-99.11044730902138,50.063519807660036]]]},"properties":{"DAUID":"46080036","DGUID":"2021S051246080036","LANDAREA":200.4274,"PRUID":"46","Province":"MB"}},
{"type":"Feature","geometry":{"type":"Polygon","coordinates":[[[-99.12341091242047,50.32897520754785],[-99.12341678190471,50.25529059605531],[-99.12347761516617,50.24079288999111],[-99.11028131473003,50.24077377688587],[-99.11040101040953,50.225786595488735],[-98.99643910311359,50.22573100825613],[-98.99631411288154,50.210963386760774],[-98.95068169874729,50.21107889654235],[-98.95019039342185,50.06357960629141],[-98.88153268348961,50.06358381143145],[-98.8123973157902,50.06431478181693],[-98.78983528366204,50.06360690001011],[-98.78976629352073,50.18158850254388],[-98.89368411464146,50.21069889043229],[-98.94252491100413,50.2111830098017],[-98.95075817986299,50.21847179602894],[-98.96081000805144,50.22561632558603],[-98.9508466515729,50.232814209800146],[-98.96112670379082,50.240690104368994],[-98.96220929910355,50.343496200232025],[-99.10054129866681,50.343728612200636],[-99.10037624292472,50.32889500824095],[-99.12341091242047,50.32897520754785]]]},"properties":{"DAUID":"46080037","DGUID":"2021S051246080037","LANDAREA":328.0712,"PRUID":"46","Province":"MB"}},
{"type":"Feature","geometry":{"type":"Polygon","coordinates":[[[-98.95075817986299,50.21847179602894],[-98.93934200483507,50.22343989588443],[-98.96081000805144,50.22561632558603],[-98.95075817986299,50.21847179602894]]]},"properties":{"DAUID":"46080038","DGUID":"2021S051246080038","LANDAREA":1.1451,"PRUID":"46","Province":"MB"}},
{"type":"Feature","geometry":{"type":"Polygon","coordinates":[[[-98.96081000805144,50.22561632558603],[-98.93934200483507,50.22343989588443],[-98.93925985215101,50.23269910275902],[-98.9508466515729,50.232814209800146],[-98.96081000805144,50.22561632558603]]]},"properties":{"DAUID":"46080039","DGUID":"2021S051246080039","LANDAREA":1.2466,"PRUID":"46","Province":"MB"}},
{"type":"Feature","geometry":{"type":"Polygon","coordinates":[[[-98.96220929910355,50.343496200232025],[-98.96112670379082,50.240690104368994],[-98.9508466515729,50.232814209800146],[-98.93925985215101,50.23269910275902],[-98.93934200483507,50.22343989588443],[-98.95075817986299,50.21847179602894],[-98.94252491100413,50.2111830098017],[-98.89368411464146,50.21069889043229],[-98.78976629352073,50.18158850254388],[-98.78983528366204,50.06360690001011],[-98.74399339363107,50.063649807913926],[-98.55998361077383,50.06361970980575],[-98.56005759736192,50.13187510509529],[-98.54899488089833,50.15220380324114],[-98.56064662781318,50.155796783171404],[-98.56062198800669,50.20873981402316],[-98.55993857247223,50.23556887253577],[-98.57067595222667,50.246860135038666],[-98.58681622970872,50.25269008973605],[-98.59058189040915,50.240694900552214],[-98.86822049477044,50.240774812478804],[-98.8691543953493,50.2684672028043],[-98.86945648655669,50.38782985480416],[-98.96210371767937,50.38787899549438],[-98.96220929910355,50.343496200232025]]]},"properties":{"DAUID":"46080040","DGUID":"2021S051246080040","LANDAREA":479.7645,"PRUID":"46","Province":"MB"}},
{"type":"Feature","geometry":{"type":"Polygon","coordinates":[[[-98.86942761434686,50.505699219924544],[-98.86945648655669,50.38782985480416],[-98.8691543953493,50.2684672028043],[-98.86822049477044,50.240774812478804],[-98.59058189040915,50.240694900552214],[-98.58681622970872,50.25269008973605],[-98.60212157258093,50.30655964616926],[-98.59589575074423,50.32866685198907],[-98.59706297812279,50.33601424959795],[-98.58089534795872,50.362497043701275],[-98.56430815511777,50.370620152139665],[-98.5315588544568,50.376239732961245],[-98.52055798294519,50.40097204855155],[-98.530789877432,50.42495434496819],[-98.55032006244937,50.4512833511023],[-98.56190625795908,50.462650147753244],[-98.56268514188486,50.47215462934309],[-98.57807336568382,50.477715345694975],[-98.58579076652389,50.490491133440656],[-98.58367924325741,50.49574912996573],[-98.59585837776159,50.507490823265755],[-98.63526568091716,50.5060621998002],[-98.70712701417077,50.50610519091598],[-98.84717476795358,50.50628414704766],[-98.86942761434686,50.505699219924544]]]},"properties":{"DAUID":"46080041","DGUID":"2021S051246080041","LANDAREA":609.4528,"PRUID":"46","Province":"MB"}},
{"type":"Feature","geometry":{"type":"Polygon","coordinates":[[[-98.63526568091716,50.5060621998002],[-98.64098471652841,50.54780870778257],[-98.64768070932537,50.548944311488704],[-98.65997601798914,50.550716594626635],[-98.70699608905893,50.55041269532545],[-98.70712701417077,50.50610519091598],[-98.63526568091716,50.5060621998002]]]},"properties":{"DAUID":"46080042","DGUID":"2021S051246080042","LANDAREA":23.8525,"PRUID":"46","Province":"MB"}},
{"type":"Feature","geometry":{"type":"Polygon","coordinates":[[[-98.64768070932537,50.548944311488704],[-98.64097341134368,50.55302478780473],[-98.64932861451112,50.579850008795205],[-98.6492904923031,50.55644960722768],[-98.65997601798914,50.550716594626635],[-98.64768070932537,50.548944311488704]]]},"properties":{"DAUID":"46080043","DGUID":"2021S051246080043","LANDAREA":1.7395,"PRUID":"46","Province":"MB"}},
{"type":"Feature","geometry":{"type":"Polygon","coordinates":[[[-98.59585837776159,50.507490823265755],[-98.59643025635322,50.52239622861571],[-98.6039811748655,50.53122663316362],[-98.60147516622474,50.53727953488996],[-98.60660254799383,50.559582229206676],[-98.63846716384113,50.576156530109564],[-98.64477175619581,50.58665305257077],[-98.64399419027485,50.594886487408665],[-98.65324249174921,50.59503321129114],[-98.64932861451112,50.579850008795205],[-98.64097341134368,50.55302478780473],[-98.64768070932537,50.548944311488704],[-98.64098471652841,50.54780870778257],[-98.63526568091716,50.5060621998002],[-98.59585837776159,50.507490823265755]]]},"properties":{"DAUID":"46080044","DGUID":"2021S051246080044","LANDAREA":14.4941,"PRUID":"46","Province":"MB"}},
{"type":"Feature","geometry":{"type":"Polygon","coordinates":[[[-98.65997601798914,50.550716594626635],[-98.6492904923031,50.55644960722768],[-98.64932861451112,50.579850008795205],[-98.65324249174921,50.59503321129114],[-98.70681830050589,50.5950004954255],[-98.70699608905893,50.55041269532545],[-98.65997601798914,50.550716594626635]]]},"properties":{"DAUID":"46080045","DGUID":"2021S051246080045","LANDAREA":19.5152,"PRUID":"46","Province":"MB"}},
{"type":"Feature","geometry":{"type":"Polygon","coordinates":[[[-98.74399339363107,50.063649807913926],[-98.74351932100689,50.03438829555641],[-98.72097130920478,50.03412340969049],[-98.72086400489935,49.975526796438146],[-98.76660860934837,49.97542099580657],[-98.76660658175183,49.96718239128978],[-98.76657000267441,49.96032879029374],[-98.5603822852118,49.960297304354114],[-98.56038811745395,50.01934359984844],[-98.55998361077383,50.06361970980575],[-98.74399339363107,50.063649807913926]]]},"properties":{"DAUID":"46080046","DGUID":"2021S051246080046","LANDAREA":142.9785,"PRUID":"46","Province":"MB"}},
{"type":"Feature","geometry":{"type":"Polygon","coordinates":[[[-98.76660860934837,49.97542099580657],[-98.7788161076681,49.97279991067547],[-98.78398421318671,49.96950949982256],[-98.76660658175183,49.96718239128978],[-98.76660860934837,49.97542099580657]]]},"properties":{"DAUID":"46080047","DGUID":"2021S051246080047","LANDAREA":0.9649,"PRUID":"46","Province":"MB"}},
{"type":"Feature","geometry":{"type":"Polygon","coordinates":[[[-98.76660658175183,49.96718239128978],[-98.78398421318671,49.96950949982256],[-98.78943479866516,49.96033650993808],[-98.76657000267441,49.96032879029374],[-98.76660658175183,49.96718239128978]]]},"properties":{"DAUID":"46080048","DGUID":"2021S051246080048","LANDAREA":1.1643,"PRUID":"46","Province":"MB"}},
{"type":"Feature","geometry":{"type":"Polygon","coordinates":[[[-98.76657000267441,49.96032879029374],[-98.78943479866516,49.96033650993808],[-98.78398421318671,49.96950949982256],[-98.7788161076681,49.97279991067547],[-98.81238810929871,49.96266039807498],[-98.81218138140778,49.886749204595425],[-98.81337739890026,49.879834601534924],[-98.82557090093462,49.87192961009626],[-98.82502331434296,49.842436607259906],[-98.77970980419701,49.84269209867645],[-98.7795408977638,49.827851109026945],[-98.61978839574378,49.827491202773494],[-98.62041559077156,49.79885508915737],[-98.55134887908872,49.79796069159273],[-98.5512903116442,49.886950594138774],[-98.56033909069149,49.88692230856421],[-98.5603822852118,49.960297304354114],[-98.76657000267441,49.96032879029374]]]},"properties":{"DAUID":"46080049","DGUID":"2021S051246080049","LANDAREA":286.1583,"PRUID":"46","Province":"MB"}},
{"type":"Feature","geometry":{"type":"Polygon","coordinates":[[[-98.95019039342185,50.06357960629141],[-98.94976098144718,49.952916697531464],[-98.91973689245644,49.959942197766715],[-98.88124341197361,49.959963210040705],[-98.88023176449136,49.88668864870694],[-98.84150158047399,49.88581261536764],[-98.84797618039434,49.87198819692442],[-98.82557090093462,49.87192961009626],[-98.81337739890026,49.879834601534924],[-98.81218138140778,49.886749204595425],[-98.81238810929871,49.96266039807498],[-98.7788161076681,49.97279991067547],[-98.76660860934837,49.97542099580657],[-98.72086400489935,49.975526796438146],[-98.72097130920478,50.03412340969049],[-98.74351932100689,50.03438829555641],[-98.74399339363107,50.063649807913926],[-98.78983528366204,50.06360690001011],[-98.8123973157902,50.06431478181693],[-98.88153268348961,50.06358381143145],[-98.95019039342185,50.06357960629141]]]},"properties":{"DAUID":"46080050","DGUID":"2021S051246080050","LANDAREA":218.6724,"PRUID":"46","Province":"MB"}},
{"type":"Feature","geometry":{"type":"Polygon","coordinates":[[[-98.94976098144718,49.952916697531464],[-98.94970038233983,49.93080010642912],[-98.94963730643569,49.91106680659675],[-98.93904480976164,49.894899195048836],[-98.93902729441234,49.88664250301778],[-98.88023176449136,49.88668864870694],[-98.88124341197361,49.959963210040705],[-98.91973689245644,49.959942197766715],[-98.94976098144718,49.952916697531464]]]},"properties":{"DAUID":"46080051","DGUID":"2021S051246080051","LANDAREA":37.975,"PRUID":"46","Province":"MB"}},
{"type":"Feature","geometry":{"type":"Polygon","coordinates":[[[-99.09786461181197,49.798068293825544],[-98.93929331957794,49.79767978141261],[-98.93876343487815,49.79812936218652],[-98.77929097796306,49.79810397245861],[-98.62291029190416,49.79790091003225],[-98.62041559077156,49.79885508915737],[-98.61978839574378,49.827491202773494],[-98.7795408977638,49.827851109026945],[-98.77970980419701,49.84269209867645],[-98.82502331434296,49.842436607259906],[-98.82557090093462,49.87192961009626],[-98.84797618039434,49.87198819692442],[-98.84150158047399,49.88581261536764],[-98.88023176449136,49.88668864870694],[-98.93902729441234,49.88664250301778],[-98.93904480976164,49.894899195048836],[-98.94963730643569,49.91106680659675],[-98.94970038233983,49.93080010642912],[-99.00636761655426,49.93080179401054],[-99.02631281266632,49.91723579054554],[-99.05961408087835,49.90251799857619],[-99.07530558923891,49.90106079454913],[-99.11045370316742,49.901842086817595],[-99.10907306804636,49.88655058207057],[-99.09768883711682,49.88654779039614],[-99.09786461181197,49.798068293825544]]]},"properties":{"DAUID":"46080052","DGUID":"2021S051246080052","LANDAREA":281.9759,"PRUID":"46","Province":"MB"}},
{"type":"Feature","geometry":{"type":"Polygon","coordinates":[[[-99.11045370316742,49.901842086817595],[-99.07530558923891,49.90106079454913],[-99.05961408087835,49.90251799857619],[-99.02631281266632,49.91723579054554],[-99.00636761655426,49.93080179401054],[-98.94970038233983,49.93080010642912],[-98.94976098144718,49.952916697531464],[-98.95019039342185,50.06357960629141],[-99.11044730902138,50.063519807660036],[-99.11045370316742,49.901842086817595]]]},"properties":{"DAUID":"46080053","DGUID":"2021S051246080053","LANDAREA":188.375,"PRUID":"46","Province":"MB"}},
{"type":"Feature","geometry":{"type":"Polygon","coordinates":[[[-99.0885021875985,49.5323490033138],[-98.9834715186136,49.53228269350511],[-98.9838037927499,49.57213849662498],[-98.92065021856173,49.58984100390372],[-98.77884009058418,49.62139920122247],[-98.77929097796306,49.79810397245861],[-98.93876343487815,49.79812936218652],[-98.93929331957794,49.79767978141261],[-99.09786461181197,49.798068293825544],[-99.09757826841043,49.75356501770601],[-99.09770434456418,49.620639520313915],[-99.09810119508826,49.536370898629734],[-99.09931091381203,49.53314980557302],[-99.0885021875985,49.5323490033138]]]},"properties":{"DAUID":"46080054","DGUID":"2021S051246080054","LANDAREA":565.6469,"PRUID":"46","Province":"MB"}},
{"type":"Feature","geometry":{"type":"Polygon","coordinates":[[[-98.83853739522135,49.53220774365662],[-98.7327099923793,49.53247891281032],[-98.73310540267032,49.5913153025147],[-98.74465796374635,49.5913491638495],[-98.74492112947814,49.62094805359245],[-98.75591498455029,49.62094839237887],[-98.77884009058418,49.62139920122247],[-98.92065021856173,49.58984100390372],[-98.9838037927499,49.57213849662498],[-98.9834715186136,49.53228269350511],[-98.83853739522135,49.53220774365662]]]},"properties":{"DAUID":"46080055","DGUID":"2021S051246080055","LANDAREA":137.897,"PRUID":"46","Province":"MB"}},
{"type":"Feature","geometry":{"type":"Polygon","coordinates":[[[-98.41480101689866,49.621055603058004],[-98.4147852023487,49.65370849769145],[-98.46847590332362,49.65065740374853],[-98.6064283840376,49.65056090407692],[-98.62389679946887,49.641660293451615],[-98.65155449920577,49.64002880342234],[-98.66816099992124,49.635967094962254],[-98.69380020100803,49.63572628326089],[-98.69287636047851,49.6209761973539],[-98.71044818568794,49.620978513066405],[-98.71047289014699,49.630827704731004],[-98.75593508728583,49.62522990611177],[-98.75591498455029,49.62094839237887],[-98.74492112947814,49.62094805359245],[-98.74465796374635,49.5913491638495],[-98.73310540267032,49.5913153025147],[-98.7327099923793,49.53247891281032],[-98.72660151086609,49.53250060019329],[-98.5693935202396,49.532684570882],[-98.56857630039339,49.53976980762017],[-98.54556136777924,49.53965604361573],[-98.54510249429768,49.5327299892913],[-98.47003011045797,49.53165490427495],[-98.41451560658236,49.53170211100496],[-98.41480101689866,49.621055603058004]]]},"properties":{"DAUID":"46080056","DGUID":"2021S051246080056","LANDAREA":287.753,"PRUID":"46","Province":"MB"}},
{"type":"Feature","geometry":{"type":"Polygon","coordinates":[[[-98.69380020100803,49.63572628326089],[-98.71047289014699,49.630827704731004],[-98.71044818568794,49.620978513066405],[-98.69287636047851,49.6209761973539],[-98.69380020100803,49.63572628326089]]]},"properties":{"DAUID":"46080058","DGUID":"2021S051246080058","LANDAREA":2.0447,"PRUID":"46","Province":"MB"}},
{"type":"Feature","geometry":{"type":"Polygon","coordinates":[[[-98.62041559077156,49.79885508915737],[-98.62291029190416,49.79790091003225],[-98.77929097796306,49.79810397245861],[-98.77884009058418,49.62139920122247],[-98.75591498455029,49.62094839237887],[-98.75593508728583,49.62522990611177],[-98.71047289014699,49.630827704731004],[-98.69380020100803,49.63572628326089],[-98.66816099992124,49.635967094962254],[-98.65155449920577,49.64002880342234],[-98.62389679946887,49.641660293451615],[-98.6064283840376,49.65056090407692],[-98.46847590332362,49.65065740374853],[-98.4147852023487,49.65370849769145],[-98.41479317889686,49.79846686655485],[-98.47173231536603,49.79790786946255],[-98.48313773249966,49.79031516609682],[-98.48342212411582,49.78338080301612],[-98.52898118931734,49.78324698917149],[-98.52855948246174,49.79806810466793],[-98.55134887908872,49.79796069159273],[-98.62041559077156,49.79885508915737]]]},"properties":{"DAUID":"46080059","DGUID":"2021S051246080059","LANDAREA":442.1446,"PRUID":"46","Province":"MB"}},
{"type":"Feature","geometry":{"type":"Polygon","coordinates":[[[-98.47173231536603,49.79790786946255],[-98.48332941558617,49.79786088510049],[-98.49435128606824,49.79782709330418],[-98.50582569418962,49.7981712983143],[-98.50602883850455,49.79064537011754],[-98.51755000274031,49.79049720792315],[-98.5173400134357,49.798119024438606],[-98.52855948246174,49.79806810466793],[-98.52898118931734,49.78324698917149],[-98.48342212411582,49.78338080301612],[-98.48313773249966,49.79031516609682],[-98.47173231536603,49.79790786946255]]]},"properties":{"DAUID":"46080060","DGUID":"2021S051246080060","LANDAREA":5.2916,"PRUID":"46","Province":"MB"}},
{"type":"Feature","geometry":{"type":"Polygon","coordinates":[[[-98.50582569418962,49.7981712983143],[-98.5173400134357,49.798119024438606],[-98.51755000274031,49.79049720792315],[-98.50602883850455,49.79064537011754],[-98.50582569418962,49.7981712983143]]]},"properties":{"DAUID":"46080061","DGUID":"2021S051246080061","LANDAREA":0.6622,"PRUID":"46","Province":"MB"}},
{"type":"Feature","geometry":{"type":"Polygon","coordinates":[[[-98.56062198800669,50.20873981402316],[-98.55108461484024,50.190633591550764],[-98.54950290688275,50.181561809096756],[-98.46988611471163,50.18199910887756],[-98.46855041844732,50.15216041065628],[-98.44561189415407,50.15182830426896],[-98.44579398821153,50.12274290208396],[-98.3304862034865,50.12237810657511],[-98.33150199447097,50.107696798696026],[-98.2394636816188,50.107939908066086],[-98.23943989990946,50.12268989353588],[-98.21659408297131,50.12277191023446],[-98.21666181448863,50.13747748798302],[-98.19375359151438,50.13751859817276],[-98.19347801953413,50.048945208867906],[-98.14779028952202,50.048913509389344],[-98.14778419139982,50.07843210457992],[-98.0100175993373,50.07845429737947],[-98.00996133539684,50.21132076422499],[-98.01037298950742,50.240967390135275],[-98.01458661832469,50.24096750651118],[-98.01451624715142,50.307109884633455],[-98.06947666584198,50.293124229104855],[-98.07659958048082,50.27436594968582],[-98.10768515433271,50.24991613931668],[-98.12829146773137,50.24292693674001],[-98.17381365733112,50.224340831967],[-98.19966608064765,50.21587875049818],[-98.26582217442011,50.19863814820868],[-98.3199692497047,50.187792834814324],[-98.3444643824837,50.18510954843141],[-98.38234817452674,50.18450773158379],[-98.44984865643096,50.19123714422215],[-98.5003506819476,50.20475812763581],[-98.54897896056646,50.22898845204118],[-98.55993857247223,50.23556887253577],[-98.56062198800669,50.20873981402316]]]},"properties":{"DAUID":"46090042","DGUID":"2021S051246090042","LANDAREA":398.2544,"PRUID":"46","Province":"MB"}},
{"type":"Feature","geometry":{"type":"Polygon","coordinates":[[[-98.14779028952202,50.048913509389344],[-98.1482985905002,49.99333310285005],[-98.18797741986549,49.98421860225026],[-98.18853111872421,49.97451769520696],[-98.11822451560454,49.97241259877406],[-98.1025904933788,49.970206006371235],[-98.1018254084779,50.02028910630302],[-98.08742100774924,50.031977107508276],[-98.0571864632774,50.04362578522585],[-98.03415588827274,50.04362530780601],[-98.00955971311942,50.04912030801174],[-98.00907860863931,50.065017987950284],[-98.0100175993373,50.07845429737947],[-98.14778419139982,50.07843210457992],[-98.14779028952202,50.048913509389344]]]},"properties":{"DAUID":"46090043","DGUID":"2021S051246090043","LANDAREA":72.0696,"PRUID":"46","Province":"MB"}},
{"type":"Feature","geometry":{"type":"Polygon","coordinates":[[[-98.1025904933788,49.970206006371235],[-98.07866428735198,49.96636681129994],[-98.0786487869676,49.93137868971429],[-98.03272990595501,49.93101381175063],[-98.03296640463395,49.95748620778859],[-98.01007469687964,49.953398488530574],[-98.01006520425015,49.98988840830887],[-97.98701848891854,49.989887395461],[-97.98675150435905,50.01188510887228],[-97.94918353783976,50.01201012356884],[-97.94998114342486,50.041866776639644],[-97.94737052973679,50.07680136214453],[-97.97370341098156,50.06681520634875],[-98.00907860863931,50.065017987950284],[-98.00955971311942,50.04912030801174],[-98.03415588827274,50.04362530780601],[-98.0571864632774,50.04362578522585],[-98.08742100774924,50.031977107508276],[-98.1018254084779,50.02028910630302],[-98.1025904933788,49.970206006371235]]]},"properties":{"DAUID":"46090044","DGUID":"2021S051246090044","LANDAREA":96.9041,"PRUID":"46","Province":"MB"}},
{"type":"Feature","geometry":{"type":"Polygon","coordinates":[[[-98.03272990595501,49.93101381175063],[-97.98710508811806,49.930606288721116],[-97.94116611782573,49.9305827880601],[-97.94114239627304,49.94056640528813],[-97.87227161772282,49.92784659440549],[-97.87228691167005,49.928386402698386],[-97.87245750733838,50.02670600557751],[-97.94120667301605,50.02656306667363],[-97.94115368256621,50.01208280536668],[-97.94918353783976,50.01201012356884],[-97.98675150435905,50.01188510887228],[-97.98701848891854,49.989887395461],[-98.01006520425015,49.98988840830887],[-98.01007469687964,49.953398488530574],[-98.03296640463395,49.95748620778859],[-98.03272990595501,49.93101381175063]]]},"properties":{"DAUID":"46090045","DGUID":"2021S051246090045","LANDAREA":95.7817,"PRUID":"46","Province":"MB"}},
{"type":"Feature","geometry":{"type":"Polygon","coordinates":[[[-97.98710508811806,49.930606288721116],[-97.9870511001847,49.915899997188106],[-98.01009938090884,49.91614399676202],[-98.0100595817919,49.89086931246146],[-98.00529698683334,49.87195820760944],[-98.07386600777241,49.87191459830017],[-98.07384151722,49.798204408914785],[-98.0280979974994,49.7981445893175],[-97.86883098783234,49.79791361336876],[-97.86876249466687,49.87178560663993],[-97.87252500670309,49.886460709723686],[-97.87227161772282,49.92784659440549],[-97.94114239627304,49.94056640528813],[-97.94116611782573,49.9305827880601],[-97.98710508811806,49.930606288721116]]]},"properties":{"DAUID":"46090046","DGUID":"2021S051246090046","LANDAREA":184.6605,"PRUID":"46","Province":"MB"}},
{"type":"Feature","geometry":{"type":"Polygon","coordinates":[[[-98.0786487869676,49.93137868971429],[-98.07875168195845,49.90185101061387],[-98.19237209752,49.9016456952731],[-98.19261789377042,49.8869146134663],[-98.26097929094597,49.88691283333808],[-98.28453891357672,49.88687059078194],[-98.2782680084099,49.87516610263628],[-98.27833051825243,49.79808420172512],[-98.07384151722,49.798204408914785],[-98.07386600777241,49.87191459830017],[-98.00529698683334,49.87195820760944],[-98.0100595817919,49.89086931246146],[-98.01009938090884,49.91614399676202],[-97.9870511001847,49.915899997188106],[-97.98710508811806,49.930606288721116],[-98.03272990595501,49.93101381175063],[-98.0786487869676,49.93137868971429]]]},"properties":{"DAUID":"46090047","DGUID":"2021S051246090047","LANDAREA":193.6618,"PRUID":"46","Province":"MB"}},
{"type":"Feature","geometry":{"type":"Polygon","coordinates":[[[-98.18797741986549,49.98421860225026],[-98.23111640115644,49.9749336991137],[-98.25695408338859,49.97253870242473],[-98.25744707604832,49.95020568986154],[-98.26898476223556,49.94906822961296],[-98.26295634723336,49.93746339584942],[-98.27375218890965,49.93741295898092],[-98.27227598882418,49.93212569256354],[-98.23028149545296,49.931090093741396],[-98.21600530314933,49.92728881020263],[-98.2156268843758,49.916268202983524],[-98.19267031458259,49.91631750217758],[-98.19237209752,49.9016456952731],[-98.07875168195845,49.90185101061387],[-98.0786487869676,49.93137868971429],[-98.07866428735198,49.96636681129994],[-98.1025904933788,49.970206006371235],[-98.11822451560454,49.97241259877406],[-98.18853111872421,49.97451769520696],[-98.18797741986549,49.98421860225026]]]},"properties":{"DAUID":"46090048","DGUID":"2021S051246090048","LANDAREA":90.6253,"PRUID":"46","Province":"MB"}},
{"type":"Feature","geometry":{"type":"Polygon","coordinates":[[[-98.19237209752,49.9016456952731],[-98.19267031458259,49.91631750217758],[-98.2156268843758,49.916268202983524],[-98.21600530314933,49.92728881020263],[-98.23028149545296,49.931090093741396],[-98.27227598882418,49.93212569256354],[-98.28494971789982,49.93066650133354],[-98.28487480143745,49.9159514036335],[-98.29062438556166,49.90762199861864],[-98.26121029023416,49.88941370820839],[-98.26097929094597,49.88691283333808],[-98.19261789377042,49.8869146134663],[-98.19237209752,49.9016456952731]]]},"properties":{"DAUID":"46090049","DGUID":"2021S051246090049","LANDAREA":27.9977,"PRUID":"46","Province":"MB"}},
{"type":"Feature","geometry":{"type":"Polygon","coordinates":[[[-98.3395868819995,49.94771981122474],[-98.34116243008,49.95100003603904],[-98.34500728385025,49.95316942135715],[-98.34489458838672,49.94618512940407],[-98.3395868819995,49.94771981122474]]]},"properties":{"DAUID":"46090051","DGUID":"2021S051246090051","LANDAREA":0.2232,"PRUID":"46","Province":"MB"}},
{"type":"Feature","geometry":{"type":"Polygon","coordinates":[[[-98.34540558313876,49.947675366719935],[-98.3538658963217,49.947796586334135],[-98.35395908671983,49.94551619306927],[-98.34540399421567,49.945507301912315],[-98.34540558313876,49.947675366719935]]]},"properties":{"DAUID":"46090052","DGUID":"2021S051246090052","LANDAREA":0.151,"PRUID":"46","Province":"MB"}},
{"type":"Feature","geometry":{"type":"Polygon","coordinates":[[[-98.31534768924918,49.96936330681647],[-98.3288280089425,49.97367829478469],[-98.33399131406188,49.97445458798776],[-98.3388231815062,49.97499490169314],[-98.3206696028768,49.964762502553434],[-98.31753095159412,49.95796105469449],[-98.3032672378973,49.952978397546026],[-98.30126431087355,49.95389919466806],[-98.28858111830759,49.95751870509791],[-98.28197219562604,49.961318511943006],[-98.28369020862817,49.96580830975937],[-98.29060479941813,49.96875589141578],[-98.29623979147665,49.97344019553494],[-98.30148221052404,49.97352588887902],[-98.30806859332041,49.97033639909149],[-98.31534768924918,49.96936330681647]]]},"properties":{"DAUID":"46090053","DGUID":"2021S051246090053","LANDAREA":3.166,"PRUID":"46","Province":"MB"}},
{"type":"Feature","geometry":{"type":"Polygon","coordinates":[[[-98.31534768924918,49.96936330681647],[-98.307756299377,49.97266409664562],[-98.30736890424903,49.974388600023424],[-98.3288280089425,49.97367829478469],[-98.31534768924918,49.96936330681647]]]},"properties":{"DAUID":"46090054","DGUID":"2021S051246090054","LANDAREA":0.7078,"PRUID":"46","Province":"MB"}},
{"type":"Feature","geometry":{"type":"Polygon","coordinates":[[[-98.30806859332041,49.97033639909149],[-98.307756299377,49.97266409664562],[-98.31534768924918,49.96936330681647],[-98.30806859332041,49.97033639909149]]]},"properties":{"DAUID":"46090055","DGUID":"2021S051246090055","LANDAREA":0.1864,"PRUID":"46","Province":"MB"}},
{"type":"Feature","geometry":{"type":"Polygon","coordinates":[[[-98.30148221052404,49.97352588887902],[-98.30100888271781,49.97731859391485],[-98.3009033595965,49.978034983175476],[-98.30807250783259,49.97797733201039],[-98.30736890424903,49.974388600023424],[-98.307756299377,49.97266409664562],[-98.30806859332041,49.97033639909149],[-98.30148221052404,49.97352588887902]]]},"properties":{"DAUID":"46090056","DGUID":"2021S051246090056","LANDAREA":0.3397,"PRUID":"46","Province":"MB"}},
{"type":"Feature","geometry":{"type":"Polygon","coordinates":[[[-98.29623979147665,49.97344019553494],[-98.29460890469619,49.97529210673628],[-98.30100888271781,49.97731859391485],[-98.30148221052404,49.97352588887902],[-98.29623979147665,49.97344019553494]]]},"properties":{"DAUID":"46090057","DGUID":"2021S051246090057","LANDAREA":0.1963,"PRUID":"46","Province":"MB"}},
{"type":"Feature","geometry":{"type":"Polygon","coordinates":[[[-98.30100888271781,49.97731859391485],[-98.29460890469619,49.97529210673628],[-98.2933826926186,49.97522170395571],[-98.28513270445711,49.97761760620071],[-98.28486839895815,49.97945079389888],[-98.28783929822194,49.98039540866393],[-98.29361198079584,49.98241850396926],[-98.2977791051746,49.98265960952457],[-98.30060201288904,49.98037420510361],[-98.3009033595965,49.978034983175476],[-98.30100888271781,49.97731859391485]]]},"properties":{"DAUID":"46090058","DGUID":"2021S051246090058","LANDAREA":0.4976,"PRUID":"46","Province":"MB"}},
{"type":"Feature","geometry":{"type":"Polygon","coordinates":[[[-98.29060479941813,49.96875589141578],[-98.28440488768979,49.97120920934393],[-98.28415779000376,49.97282659231608],[-98.28970387875074,49.97501039159215],[-98.2933826926186,49.97522170395571],[-98.29460890469619,49.97529210673628],[-98.29623979147665,49.97344019553494],[-98.29060479941813,49.96875589141578]]]},"properties":{"DAUID":"46090059","DGUID":"2021S051246090059","LANDAREA":0.3545,"PRUID":"46","Province":"MB"}},
{"type":"Feature","geometry":{"type":"Polygon","coordinates":[[[-98.28415779000376,49.97282659231608],[-98.27740891438675,49.97462860849628],[-98.28970387875074,49.97501039159215],[-98.28415779000376,49.97282659231608]]]},"properties":{"DAUID":"46090060","DGUID":"2021S051246090060","LANDAREA":0.2723,"PRUID":"46","Province":"MB"}},
{"type":"Feature","geometry":{"type":"Polygon","coordinates":[[[-98.28440488768979,49.97120920934393],[-98.28340060686166,49.968405811294744],[-98.27759439927438,49.97248921133689],[-98.27740891438675,49.97462860849628],[-98.28415779000376,49.97282659231608],[-98.28440488768979,49.97120920934393]]]},"properties":{"DAUID":"46090061","DGUID":"2021S051246090061","LANDAREA":0.2362,"PRUID":"46","Province":"MB"}},
{"type":"Feature","geometry":{"type":"Polygon","coordinates":[[[-98.28369020862817,49.96580830975937],[-98.28340060686166,49.968405811294744],[-98.28440488768979,49.97120920934393],[-98.29060479941813,49.96875589141578],[-98.28369020862817,49.96580830975937]]]},"properties":{"DAUID":"46090062","DGUID":"2021S051246090062","LANDAREA":0.1883,"PRUID":"46","Province":"MB"}},
{"type":"Feature","geometry":{"type":"Polygon","coordinates":[[[-98.28197219562604,49.961318511943006],[-98.27628049746852,49.95781139665671],[-98.27411540337222,49.954379988682966],[-98.25784380461513,49.95911600814623],[-98.27150569041592,49.97211829326283],[-98.27759439927438,49.97248921133689],[-98.28340060686166,49.968405811294744],[-98.28369020862817,49.96580830975937],[-98.28197219562604,49.961318511943006]]]},"properties":{"DAUID":"46090063","DGUID":"2021S051246090063","LANDAREA":1.9615,"PRUID":"46","Province":"MB"}},
{"type":"Feature","geometry":{"type":"Polygon","coordinates":[[[-98.25695408338859,49.97253870242473],[-98.25736685525392,49.9805795124541],[-98.24554227221775,49.98985056513792],[-98.2746144046029,49.98982039750002],[-98.27539418502516,49.98527419693128],[-98.27286511527916,49.98093220064022],[-98.28513270445711,49.97761760620071],[-98.2933826926186,49.97522170395571],[-98.28970387875074,49.97501039159215],[-98.27740891438675,49.97462860849628],[-98.27759439927438,49.97248921133689],[-98.27150569041592,49.97211829326283],[-98.25784380461513,49.95911600814623],[-98.27411540337222,49.954379988682966],[-98.26898476223556,49.94906822961296],[-98.25744707604832,49.95020568986154],[-98.25695408338859,49.97253870242473]]]},"properties":{"DAUID":"46090064","DGUID":"2021S051246090064","LANDAREA":4.575,"PRUID":"46","Province":"MB"}},
{"type":"Feature","geometry":{"type":"Polygon","coordinates":[[[-98.28513270445711,49.97761760620071],[-98.27286511527916,49.98093220064022],[-98.28354000602293,49.98155620559925],[-98.28486839895815,49.97945079389888],[-98.28513270445711,49.97761760620071]]]},"properties":{"DAUID":"46090065","DGUID":"2021S051246090065","LANDAREA":0.4758,"PRUID":"46","Province":"MB"}},
{"type":"Feature","geometry":{"type":"Polygon","coordinates":[[[-98.27539418502516,49.98527419693128],[-98.28354000602293,49.98155620559925],[-98.27286511527916,49.98093220064022],[-98.27539418502516,49.98527419693128]]]},"properties":{"DAUID":"46090066","DGUID":"2021S051246090066","LANDAREA":0.263,"PRUID":"46","Province":"MB"}},
{"type":"Feature","geometry":{"type":"Polygon","coordinates":[[[-98.28486839895815,49.97945079389888],[-98.28354000602293,49.98155620559925],[-98.27539418502516,49.98527419693128],[-98.2746144046029,49.98982039750002],[-98.28693161760717,49.98896129085413],[-98.28783929822194,49.98039540866393],[-98.28486839895815,49.97945079389888]]]},"properties":{"DAUID":"46090067","DGUID":"2021S051246090067","LANDAREA":0.6957,"PRUID":"46","Province":"MB"}},
{"type":"Feature","geometry":{"type":"Polygon","coordinates":[[[-98.28783929822194,49.98039540866393],[-98.28693161760717,49.98896129085413],[-98.29220841103239,49.98396589473411],[-98.29361198079584,49.98241850396926],[-98.28783929822194,49.98039540866393]]]},"properties":{"DAUID":"46090068","DGUID":"2021S051246090068","LANDAREA":0.2631,"PRUID":"46","Province":"MB"}},
{"type":"Feature","geometry":{"type":"Polygon","coordinates":[[[-98.2746144046029,49.98982039750002],[-98.27530259378297,49.99693910854893],[-98.28924073795237,49.99699426519417],[-98.29220841103239,49.98396589473411],[-98.28693161760717,49.98896129085413],[-98.2746144046029,49.98982039750002]]]},"properties":{"DAUID":"46090069","DGUID":"2021S051246090069","LANDAREA":0.9681,"PRUID":"46","Province":"MB"}},
{"type":"Feature","geometry":{"type":"Polygon","coordinates":[[[-98.29361198079584,49.98241850396926],[-98.29220841103239,49.98396589473411],[-98.28924073795237,49.99699426519417],[-98.29521961510466,49.99703912987433],[-98.2977791051746,49.98265960952457],[-98.29361198079584,49.98241850396926]]]},"properties":{"DAUID":"46090070","DGUID":"2021S051246090070","LANDAREA":0.599,"PRUID":"46","Province":"MB"}},
{"type":"Feature","geometry":{"type":"Polygon","coordinates":[[[-98.2977791051746,49.98265960952457],[-98.29521961510466,49.99703912987433],[-98.2983646828923,49.997062806360276],[-98.30148618824863,49.98287988913233],[-98.30060201288904,49.98037420510361],[-98.2977791051746,49.98265960952457]]]},"properties":{"DAUID":"46090071","DGUID":"2021S051246090071","LANDAREA":0.4724,"PRUID":"46","Province":"MB"}},
{"type":"Feature","geometry":{"type":"Polygon","coordinates":[[[-98.3009033595965,49.978034983175476],[-98.30060201288904,49.98037420510361],[-98.30148618824863,49.98287988913233],[-98.30807250783259,49.97797733201039],[-98.3009033595965,49.978034983175476]]]},"properties":{"DAUID":"46090072","DGUID":"2021S051246090072","LANDAREA":0.2894,"PRUID":"46","Province":"MB"}},
{"type":"Feature","geometry":{"type":"Polygon","coordinates":[[[-98.3288280089425,49.97367829478469],[-98.30736890424903,49.974388600023424],[-98.30807250783259,49.97797733201039],[-98.30148618824863,49.98287988913233],[-98.2983646828923,49.997062806360276],[-98.31972344969913,49.99709452261169],[-98.3189376489121,49.97748520655159],[-98.33399131406188,49.97445458798776],[-98.3288280089425,49.97367829478469]]]},"properties":{"DAUID":"46090073","DGUID":"2021S051246090073","LANDAREA":3.2396,"PRUID":"46","Province":"MB"}},
{"type":"Feature","geometry":{"type":"Polygon","coordinates":[[[-98.19347801953413,50.048945208867906],[-98.24127699241407,50.04894158843925],[-98.23924309046757,50.01940061050796],[-98.26215050638307,50.01938661211028],[-98.26206978869995,50.004599693011585],[-98.33103459922778,50.00463101322439],[-98.33097468245116,49.98984430272365],[-98.37678091391783,49.98988211759449],[-98.37688008824634,49.97519650483319],[-98.3388231815062,49.97499490169314],[-98.33399131406188,49.97445458798776],[-98.3189376489121,49.97748520655159],[-98.31972344969913,49.99709452261169],[-98.2983646828923,49.997062806360276],[-98.29521961510466,49.99703912987433],[-98.28924073795237,49.99699426519417],[-98.27530259378297,49.99693910854893],[-98.2746144046029,49.98982039750002],[-98.24554227221775,49.98985056513792],[-98.25736685525392,49.9805795124541],[-98.25695408338859,49.97253870242473],[-98.23111640115644,49.9749336991137],[-98.18797741986549,49.98421860225026],[-98.1482985905002,49.99333310285005],[-98.14779028952202,50.048913509389344],[-98.19347801953413,50.048945208867906]]]},"properties":{"DAUID":"46090074","DGUID":"2021S051246090074","LANDAREA":67.2834,"PRUID":"46","Province":"MB"}},
{"type":"Feature","geometry":{"type":"Polygon","coordinates":[[[-98.26898476223556,49.94906822961296],[-98.27411540337222,49.954379988682966],[-98.27628049746852,49.95781139665671],[-98.28371300888625,49.95226209408077],[-98.29971951793306,49.947631306437394],[-98.28274307433132,49.935222028155934],[-98.27375218890965,49.93741295898092],[-98.26295634723336,49.93746339584942],[-98.26898476223556,49.94906822961296]]]},"properties":{"DAUID":"46090075","DGUID":"2021S051246090075","LANDAREA":3.3491,"PRUID":"46","Province":"MB"}},
{"type":"Feature","geometry":{"type":"Polygon","coordinates":[[[-98.28858111830759,49.95751870509791],[-98.29077368897507,49.95441110413294],[-98.28371300888625,49.95226209408077],[-98.27628049746852,49.95781139665671],[-98.28197219562604,49.961318511943006],[-98.28858111830759,49.95751870509791]]]},"properties":{"DAUID":"46090076","DGUID":"2021S051246090076","LANDAREA":0.4522,"PRUID":"46","Province":"MB"}},
{"type":"Feature","geometry":{"type":"Polygon","coordinates":[[[-98.3032672378973,49.952978397546026],[-98.29971951793306,49.947631306437394],[-98.28371300888625,49.95226209408077],[-98.29077368897507,49.95441110413294],[-98.29211750312018,49.95403260156521],[-98.29808551754675,49.95392488731542],[-98.30126431087355,49.95389919466806],[-98.3032672378973,49.952978397546026]]]},"properties":{"DAUID":"46090077","DGUID":"2021S051246090077","LANDAREA":0.6728,"PRUID":"46","Province":"MB"}},
{"type":"Feature","geometry":{"type":"Polygon","coordinates":[[[-98.29211750312018,49.95403260156521],[-98.29222448733647,49.956245789182624],[-98.29809138178157,49.95639838886077],[-98.29808551754675,49.95392488731542],[-98.29211750312018,49.95403260156521]]]},"properties":{"DAUID":"46090078","DGUID":"2021S051246090078","LANDAREA":0.1272,"PRUID":"46","Province":"MB"}},
{"type":"Feature","geometry":{"type":"Polygon","coordinates":[[[-98.30126431087355,49.95389919466806],[-98.29808551754675,49.95392488731542],[-98.29809138178157,49.95639838886077],[-98.29222448733647,49.956245789182624],[-98.29211750312018,49.95403260156521],[-98.29077368897507,49.95441110413294],[-98.28858111830759,49.95751870509791],[-98.30126431087355,49.95389919466806]]]},"properties":{"DAUID":"46090079","DGUID":"2021S051246090079","LANDAREA":0.1711,"PRUID":"46","Province":"MB"}},
{"type":"Feature","geometry":{"type":"Polygon","coordinates":[[[-98.41479317889686,49.79846686655485],[-98.27833051825243,49.79808420172512],[-98.2782680084099,49.87516610263628],[-98.28453891357672,49.88687059078194],[-98.26097929094597,49.88691283333808],[-98.26121029023416,49.88941370820839],[-98.29062438556166,49.90762199861864],[-98.28487480143745,49.9159514036335],[-98.28494971789982,49.93066650133354],[-98.33735641629156,49.93047408915906],[-98.35337060403319,49.92075170090899],[-98.35340499559196,49.89317538944663],[-98.3697207463327,49.88488600775287],[-98.36956358679778,49.857268990379005],[-98.41467701583242,49.857640500728515],[-98.45305561902333,49.85756845936605],[-98.46586455282487,49.85173832901933],[-98.46710376320554,49.84159624171418],[-98.45410689602247,49.826005459511585],[-98.4637730719761,49.817343013784445],[-98.48402516853321,49.812916054122944],[-98.49076134590948,49.805607433589415],[-98.48332941558617,49.79786088510049],[-98.47173231536603,49.79790786946255],[-98.41479317889686,49.79846686655485]]]},"properties":{"DAUID":"46090080","DGUID":"2021S051246090080","LANDAREA":135.5722,"PRUID":"46","Province":"MB"}},
{"type":"Feature","geometry":{"type":"Polygon","coordinates":[[[-98.41467701583242,49.857640500728515],[-98.41413423087576,49.871905689718176],[-98.43784236259292,49.87213088764792],[-98.48183753161571,49.87208823407137],[-98.48922197941333,49.87201590388707],[-98.52903952742979,49.87178482506158],[-98.52870408155775,49.8275433951436],[-98.50599909739533,49.827556804976666],[-98.50589741001843,49.81296741093912],[-98.48402516853321,49.812916054122944],[-98.4637730719761,49.817343013784445],[-98.45410689602247,49.826005459511585],[-98.46710376320554,49.84159624171418],[-98.46586455282487,49.85173832901933],[-98.45305561902333,49.85756845936605],[-98.41467701583242,49.857640500728515]]]},"properties":{"DAUID":"46090081","DGUID":"2021S051246090081","LANDAREA":33.6016,"PRUID":"46","Province":"MB"}},
{"type":"Feature","geometry":{"type":"Polygon","coordinates":[[[-98.55998361077383,50.06361970980575],[-98.56038811745395,50.01934359984844],[-98.42280503513935,50.019786305459675],[-98.42278819706833,50.04888899684687],[-98.35398289458429,50.04891308738881],[-98.35399441534761,50.06366349499546],[-98.33108001790045,50.063677604531954],[-98.33150199447097,50.107696798696026],[-98.3304862034865,50.12237810657511],[-98.44579398821153,50.12274290208396],[-98.44561189415407,50.15182830426896],[-98.46855041844732,50.15216041065628],[-98.46988611471163,50.18199910887756],[-98.54950290688275,50.181561809096756],[-98.55108461484024,50.190633591550764],[-98.56062198800669,50.20873981402316],[-98.56064662781318,50.155796783171404],[-98.54899488089833,50.15220380324114],[-98.56005759736192,50.13187510509529],[-98.55998361077383,50.06361970980575]]]},"properties":{"DAUID":"46090083","DGUID":"2021S051246090083","LANDAREA":212.1398,"PRUID":"46","Province":"MB"}},
{"type":"Feature","geometry":{"type":"Polygon","coordinates":[[[-98.48332941558617,49.79786088510049],[-98.49076134590948,49.805607433589415],[-98.48402516853321,49.812916054122944],[-98.50589741001843,49.81296741093912],[-98.50599909739533,49.827556804976666],[-98.52870408155775,49.8275433951436],[-98.52859060126667,49.805177996311464],[-98.50584463351991,49.80524183573197],[-98.49435128606824,49.79782709330418],[-98.48332941558617,49.79786088510049]]]},"properties":{"DAUID":"46090084","DGUID":"2021S051246090084","LANDAREA":5.4852,"PRUID":"46","Province":"MB"}},
{"type":"Feature","geometry":{"type":"Polygon","coordinates":[[[-98.49435128606824,49.79782709330418],[-98.50584463351991,49.80524183573197],[-98.50582569418962,49.7981712983143],[-98.49435128606824,49.79782709330418]]]},"properties":{"DAUID":"46090085","DGUID":"2021S051246090085","LANDAREA":0.6813,"PRUID":"46","Province":"MB"}},
{"type":"Feature","geometry":{"type":"Polygon","coordinates":[[[-98.5173400134357,49.798119024438606],[-98.50582569418962,49.7981712983143],[-98.50584463351991,49.80524183573197],[-98.52859060126667,49.805177996311464],[-98.52855948246174,49.79806810466793],[-98.5173400134357,49.798119024438606]]]},"properties":{"DAUID":"46090086","DGUID":"2021S051246090086","LANDAREA":1.2911,"PRUID":"46","Province":"MB"}},
{"type":"Feature","geometry":{"type":"Polygon","coordinates":[[[-98.4147852023487,49.65370849769145],[-98.39025950288153,49.65621740208508],[-98.3735173964953,49.66525758904975],[-98.34840789779577,49.665269488055756],[-98.33513970761138,49.665261687546995],[-98.27831589249361,49.66525208992699],[-98.2783254123211,49.70955979370297],[-98.07358588314413,49.70958728910747],[-98.02810469980588,49.7096012888507],[-98.0280979974994,49.7981445893175],[-98.07384151722,49.798204408914785],[-98.27833051825243,49.79808420172512],[-98.41479317889686,49.79846686655485],[-98.4147852023487,49.65370849769145]]]},"properties":{"DAUID":"46090087","DGUID":"2021S051246090087","LANDAREA":324.985,"PRUID":"46","Province":"MB"}},
{"type":"Feature","geometry":{"type":"Polygon","coordinates":[[[-98.34840789779577,49.665269488055756],[-98.34847298671842,49.650582646147434],[-98.33484247186499,49.649156995692216],[-98.33513970761138,49.665261687546995],[-98.34840789779577,49.665269488055756]]]},"properties":{"DAUID":"46090088","DGUID":"2021S051246090088","LANDAREA":1.8357,"PRUID":"46","Province":"MB"}},
{"type":"Feature","geometry":{"type":"Polygon","coordinates":[[[-98.11929681270733,49.62085990252044],[-98.11898950998153,49.68010609764242],[-98.073619286409,49.680111897277804],[-98.07358588314413,49.70958728910747],[-98.2783254123211,49.70955979370297],[-98.27831589249361,49.66525208992699],[-98.33513970761138,49.665261687546995],[-98.33484247186499,49.649156995692216],[-98.34847298671842,49.650582646147434],[-98.34840789779577,49.665269488055756],[-98.3735173964953,49.66525758904975],[-98.39025950288153,49.65621740208508],[-98.4147852023487,49.65370849769145],[-98.41480101689866,49.621055603058004],[-98.2777649945144,49.62102161092549],[-98.16492839921034,49.620154710229095],[-98.11929681270733,49.62085990252044]]]},"properties":{"DAUID":"46090089","DGUID":"2021S051246090089","LANDAREA":168.443,"PRUID":"46","Province":"MB"}},
{"type":"Feature","geometry":{"type":"Polygon","coordinates":[[[-97.95985181939972,49.62105720303844],[-97.95991081770705,49.68004589897871],[-98.073619286409,49.680111897277804],[-98.11898950998153,49.68010609764242],[-98.11929681270733,49.62085990252044],[-97.95985181939972,49.62105720303844]]]},"properties":{"DAUID":"46090090","DGUID":"2021S051246090090","LANDAREA":75.396,"PRUID":"46","Province":"MB"}},
{"type":"Feature","geometry":{"type":"Polygon","coordinates":[[[-97.73238739392696,49.621029491020316],[-97.73235648309154,49.69475171282367],[-97.7323330935517,49.79844360373841],[-97.86883098783234,49.79791361336876],[-98.0280979974994,49.7981445893175],[-98.02810469980588,49.7096012888507],[-98.07358588314413,49.70958728910747],[-98.073619286409,49.680111897277804],[-97.95991081770705,49.68004589897871],[-97.95985181939972,49.62105720303844],[-97.845415457259,49.62068290156457],[-97.73238739392696,49.621029491020316]]]},"properties":{"DAUID":"46090091","DGUID":"2021S051246090091","LANDAREA":398.2387,"PRUID":"46","Province":"MB"}},
{"type":"Feature","geometry":{"type":"Polygon","coordinates":[[[-98.33150199447097,50.107696798696026],[-98.33108001790045,50.063677604531954],[-98.35399441534761,50.06366349499546],[-98.35398289458429,50.04891308738881],[-98.42278819706833,50.04888899684687],[-98.42280503513935,50.019786305459675],[-98.42283330270286,49.97520040334169],[-98.37688008824634,49.97519650483319],[-98.37678091391783,49.98988211759449],[-98.33097468245116,49.98984430272365],[-98.33103459922778,50.00463101322439],[-98.26206978869995,50.004599693011585],[-98.26215050638307,50.01938661211028],[-98.23924309046757,50.01940061050796],[-98.24127699241407,50.04894158843925],[-98.19347801953413,50.048945208867906],[-98.19375359151438,50.13751859817276],[-98.21666181448863,50.13747748798302],[-98.21659408297131,50.12277191023446],[-98.23943989990946,50.12268989353588],[-98.2394636816188,50.107939908066086],[-98.33150199447097,50.107696798696026]]]},"properties":{"DAUID":"46090092","DGUID":"2021S051246090092","LANDAREA":152.902,"PRUID":"46","Province":"MB"}},
{"type":"Feature","geometry":{"type":"Polygon","coordinates":[[[-98.27375218890965,49.93741295898092],[-98.28274307433132,49.935222028155934],[-98.29971951793306,49.947631306437394],[-98.3032672378973,49.952978397546026],[-98.31753095159412,49.95796105469449],[-98.3206696028768,49.964762502553434],[-98.3388231815062,49.97499490169314],[-98.37688008824634,49.97519650483319],[-98.42283330270286,49.97520040334169],[-98.42287670176896,49.930751302715734],[-98.37692359424578,49.93077430868935],[-98.37659566787454,49.924361118577224],[-98.39607198072225,49.915067862751755],[-98.41022662912138,49.900888241760164],[-98.43772378026966,49.88694119684677],[-98.43784236259292,49.87213088764792],[-98.41413423087576,49.871905689718176],[-98.41467701583242,49.857640500728515],[-98.36956358679778,49.857268990379005],[-98.3697207463327,49.88488600775287],[-98.35340499559196,49.89317538944663],[-98.35337060403319,49.92075170090899],[-98.33735641629156,49.93047408915906],[-98.28494971789982,49.93066650133354],[-98.27227598882418,49.93212569256354],[-98.27375218890965,49.93741295898092]],[[-98.3395868819995,49.94771981122474],[-98.34489458838672,49.94618512940407],[-98.34500728385025,49.95316942135715],[-98.34116243008,49.95100003603904],[-98.3395868819995,49.94771981122474]],[[-98.34540558313876,49.947675366719935],[-98.34540399421567,49.945507301912315],[-98.35395908671983,49.94551619306927],[-98.3538658963217,49.947796586334135],[-98.34540558313876,49.947675366719935]],[[-98.3206696028768,49.964762502553434],[-98.3216669217402,49.95747506365806],[-98.32795376676921,49.96159764229152],[-98.3206696028768,49.964762502553434]]]},"properties":{"DAUID":"46090094","DGUID":"2021S051246090094","LANDAREA":67.4585,"PRUID":"46","Province":"MB"}},
{"type":"Feature","geometry":{"type":"Polygon","coordinates":[[[-98.3206696028768,49.964762502553434],[-98.32795376676921,49.96159764229152],[-98.3216669217402,49.95747506365806],[-98.3206696028768,49.964762502553434]]]},"properties":{"DAUID":"46090095","DGUID":"2021S051246090095","LANDAREA":0.1934,"PRUID":"46","Province":"MB"}},
{"type":"Feature","geometry":{"type":"Polygon","coordinates":[[[-98.5603822852118,49.960297304354114],[-98.56033909069149,49.88692230856421],[-98.5512903116442,49.886950594138774],[-98.55134887908872,49.79796069159273],[-98.52855948246174,49.79806810466793],[-98.52859060126667,49.805177996311464],[-98.52870408155775,49.8275433951436],[-98.52903952742979,49.87178482506158],[-98.48922197941333,49.87201590388707],[-98.49411840338993,49.88694862279771],[-98.48223464419553,49.88695106997583],[-98.48183753161571,49.87208823407137],[-98.43784236259292,49.87213088764792],[-98.43772378026966,49.88694119684677],[-98.41022662912138,49.900888241760164],[-98.39607198072225,49.915067862751755],[-98.37659566787454,49.924361118577224],[-98.37692359424578,49.93077430868935],[-98.42287670176896,49.930751302715734],[-98.42283330270286,49.97520040334169],[-98.42280503513935,50.019786305459675],[-98.56038811745395,50.01934359984844],[-98.5603822852118,49.960297304354114]]]},"properties":{"DAUID":"46090096","DGUID":"2021S051246090096","LANDAREA":177.4585,"PRUID":"46","Province":"MB"}},
{"type":"Feature","geometry":{"type":"Polygon","coordinates":[[[-98.48183753161571,49.87208823407137],[-98.48223464419553,49.88695106997583],[-98.49411840338993,49.88694862279771],[-98.48922197941333,49.87201590388707],[-98.48183753161571,49.87208823407137]]]},"properties":{"DAUID":"46090097","DGUID":"2021S051246090097","LANDAREA":1.1583,"PRUID":"46","Province":"MB"}},
{"type":"Feature","geometry":{"type":"Polygon","coordinates":[[[-97.94918353783976,50.01201012356884],[-97.94115368256621,50.01208280536668],[-97.94120667301605,50.02656306667363],[-97.87245750733838,50.02670600557751],[-97.87228691167005,49.928386402698386],[-97.80366088725883,49.915637111360546],[-97.75797689937052,49.91598430196642],[-97.75799771140645,50.01054339283401],[-97.76005708208119,50.01194655695766],[-97.76499907913227,50.007467948429415],[-97.782648964193,50.00999743213988],[-97.8075676640442,50.00539478604816],[-97.83689639756372,50.03366943135955],[-97.83979761349613,50.04843339300651],[-97.85068622876662,50.03846589183812],[-97.87056794484661,50.04683908452844],[-97.89452781046724,50.04978382914269],[-97.90701765956517,50.05445322853947],[-97.91417602312288,50.04568134586431],[-97.92308702251746,50.04412062697854],[-97.93317375025225,50.04966207795669],[-97.94998114342486,50.041866776639644],[-97.94918353783976,50.01201012356884]]]},"properties":{"DAUID":"46100016","DGUID":"2021S051246100016","LANDAREA":106.1495,"PRUID":"46","Province":"MB"}},
{"type":"Feature","geometry":{"type":"Polygon","coordinates":[[[-97.87227161772282,49.92784659440549],[-97.87252500670309,49.886460709723686],[-97.86876249466687,49.87178560663993],[-97.70956251635816,49.871930708275144],[-97.71129259151769,49.898430102157185],[-97.75796681100691,49.90716049570312],[-97.75797689937052,49.91598430196642],[-97.80366088725883,49.915637111360546],[-97.87228691167005,49.928386402698386],[-97.87227161772282,49.92784659440549]]]},"properties":{"DAUID":"46100017","DGUID":"2021S051246100017","LANDAREA":55.0171,"PRUID":"46","Province":"MB"}},
{"type":"Feature","geometry":{"type":"Polygon","coordinates":[[[-97.86883098783234,49.79791361336876],[-97.7323330935517,49.79844360373841],[-97.66416599653118,49.79819950845036],[-97.66410541282156,49.81292000364768],[-97.68606048673776,49.81277849196761],[-97.68694229085406,49.857231297264434],[-97.70952300550009,49.857223987480225],[-97.70956251635816,49.871930708275144],[-97.86876249466687,49.87178560663993],[-97.86883098783234,49.79791361336876]]]},"properties":{"DAUID":"46100018","DGUID":"2021S051246100018","LANDAREA":106.9437,"PRUID":"46","Province":"MB"}},
{"type":"Feature","geometry":{"type":"Polygon","coordinates":[[[-97.70956251635816,49.871930708275144],[-97.70952300550009,49.857223987480225],[-97.68694229085406,49.857231297264434],[-97.68606048673776,49.81277849196761],[-97.66410541282156,49.81292000364768],[-97.66416599653118,49.79819950845036],[-97.59560040775584,49.798297205339125],[-97.45906190016153,49.79814489810762],[-97.45384454720187,49.80564504457027],[-97.44915299035915,49.857779911287345],[-97.44933763568174,49.87073799394822],[-97.46967534636127,49.86413129151235],[-97.4730638778731,49.87188906613904],[-97.5004967762788,49.87505686872072],[-97.50948875228435,49.873691115088334],[-97.51568738563886,49.887276525799344],[-97.53224371060935,49.88709110609226],[-97.55495410560292,49.90139908696517],[-97.71131181826627,49.90137160981602],[-97.71129259151769,49.898430102157185],[-97.70956251635816,49.871930708275144]]]},"properties":{"DAUID":"46100019","DGUID":"2021S051246100019","LANDAREA":179.3482,"PRUID":"46","Province":"MB"}},
{"type":"Feature","geometry":{"type":"Polygon","coordinates":[[[-97.76005708208119,50.01194655695766],[-97.75799771140645,50.01054339283401],[-97.75797689937052,49.91598430196642],[-97.75796681100691,49.90716049570312],[-97.71129259151769,49.898430102157185],[-97.71131181826627,49.90137160981602],[-97.55495410560292,49.90139908696517],[-97.53224371060935,49.88709110609226],[-97.51568738563886,49.887276525799344],[-97.53169092662662,49.90052431230281],[-97.54682258987904,49.90762793195489],[-97.55657853204798,49.91613646107899],[-97.58035519839284,49.92216402637361],[-97.59332166353794,49.93775659212921],[-97.60345973971384,49.94256758048169],[-97.61208548694934,49.953150031319666],[-97.63966109434716,49.95177889765003],[-97.6509386611559,49.956007421895826],[-97.65782519700184,49.967780332367646],[-97.66872399230449,49.97417207537517],[-97.68193362431387,49.97400025664807],[-97.6936410700593,49.992434652668436],[-97.7082079335231,50.00091902890699],[-97.72625709220456,50.001382527869495],[-97.74271945427998,50.00955368726824],[-97.76005708208119,50.01194655695766]]]},"properties":{"DAUID":"46100030","DGUID":"2021S051246100030","LANDAREA":105.4786,"PRUID":"46","Province":"MB"}},
{"type":"Feature","geometry":{"type":"Polygon","coordinates":[[[-96.35295451469861,50.282707093039726],[-96.48443410077083,50.282239107721566],[-96.50000321453184,50.28171891768535],[-96.60393530549707,50.28159416702641],[-96.62825570707021,50.28365239016163],[-96.62796920717798,50.2688047015187],[-96.6271030658661,50.23935084275767],[-96.67991628275234,50.23948670899193],[-96.67988751280791,50.18027170423553],[-96.52045309846558,50.17989959937412],[-96.47503388972156,50.179460394058566],[-96.47496461329162,50.208387793722885],[-96.40546949404774,50.20840299112715],[-96.40489640440322,50.19390759340926],[-96.3602706184447,50.19383699936159],[-96.36086120535852,50.2384947885531],[-96.35286130996606,50.238591602419824],[-96.35295451469861,50.282707093039726]]]},"properties":{"DAUID":"46120028","DGUID":"2021S051246120028","LANDAREA":222.775,"PRUID":"46","Province":"MB"}},
{"type":"Feature","geometry":{"type":"Polygon","coordinates":[[[-96.36041949856943,50.14997830006983],[-96.3602706184447,50.19383699936159],[-96.40489640440322,50.19390759340926],[-96.40546949404774,50.20840299112715],[-96.47496461329162,50.208387793722885],[-96.47503388972156,50.179460394058566],[-96.52045309846558,50.17989959937412],[-96.52061509801815,50.121028606820495],[-96.58965360848457,50.12087290937666],[-96.58974689534193,50.076950807733056],[-96.56685160485799,50.076940588083275],[-96.56685459442983,50.06832310259947],[-96.54394038845437,50.06464734124059],[-96.54381750260465,50.07663520646107],[-96.52094429412885,50.07538409419644],[-96.49792201314403,50.07648209001284],[-96.42926921071353,50.07634850881083],[-96.42881370300645,50.08982260461116],[-96.41490149708055,50.09112369526661],[-96.36065385292088,50.09134760895845],[-96.36041949856943,50.14997830006983]]]},"properties":{"DAUID":"46120029","DGUID":"2021S051246120029","LANDAREA":170.1369,"PRUID":"46","Province":"MB"}},
{"type":"Feature","geometry":{"type":"Polygon","coordinates":[[[-96.67988751280791,50.18027170423553],[-96.68000411218607,50.150633695120305],[-96.7030214005646,50.1506533015284],[-96.70394491473958,50.093344311183834],[-96.68126220028931,50.09166990008067],[-96.6697308110155,50.09159179094394],[-96.65820881342307,50.08357900697342],[-96.65773309075121,50.12117819059762],[-96.58965360848457,50.12087290937666],[-96.52061509801815,50.121028606820495],[-96.52045309846558,50.17989959937412],[-96.67988751280791,50.18027170423553]]]},"properties":{"DAUID":"46120030","DGUID":"2021S051246120030","LANDAREA":91.328,"PRUID":"46","Province":"MB"}},
{"type":"Feature","geometry":{"type":"Polygon","coordinates":[[[-96.58965360848457,50.12087290937666],[-96.65773309075121,50.12117819059762],[-96.65820881342307,50.08357900697342],[-96.6697308110155,50.09159179094394],[-96.68126220028931,50.09166990008067],[-96.68142710552901,50.07695699246124],[-96.63528628543345,50.076961298145854],[-96.58974689534193,50.076950807733056],[-96.58965360848457,50.12087290937666]]]},"properties":{"DAUID":"46120031","DGUID":"2021S051246120031","LANDAREA":25.6083,"PRUID":"46","Province":"MB"}},
{"type":"Feature","geometry":{"type":"Polygon","coordinates":[[[-96.70394491473958,50.093344311183834],[-96.71705176637417,50.090642175442824],[-96.71660999821309,50.06944571131599],[-96.70446089695812,50.062357000809435],[-96.63553499844257,50.06196220442232],[-96.63528628543345,50.076961298145854],[-96.68142710552901,50.07695699246124],[-96.68126220028931,50.09166990008067],[-96.70394491473958,50.093344311183834]]]},"properties":{"DAUID":"46120032","DGUID":"2021S051246120032","LANDAREA":13.1306,"PRUID":"46","Province":"MB"}},
{"type":"Feature","geometry":{"type":"Polygon","coordinates":[[[-96.49861620688486,49.97312069607168],[-96.45208508324514,49.97313300661872],[-96.45207340790789,49.99209549137189],[-96.45842999539907,50.00279580962883],[-96.45208071082435,50.010428589450996],[-96.45220000172074,50.04695320625956],[-96.49811540777482,50.046990100801374],[-96.50781167402246,50.047013118021354],[-96.51595418512197,50.05354500853367],[-96.52111179095213,50.051109001917254],[-96.5213390052584,50.01757880780932],[-96.54420619687862,50.017588495561284],[-96.54428879180387,50.00282858910882],[-96.5671176057491,50.002905009208554],[-96.56724889425537,49.973213696635334],[-96.49861620688486,49.97312069607168]]]},"properties":{"DAUID":"46120056","DGUID":"2021S051246120056","LANDAREA":54.3318,"PRUID":"46","Province":"MB"}},
{"type":"Feature","geometry":{"type":"Polygon","coordinates":[[[-96.36065385292088,50.09134760895845],[-96.41490149708055,50.09112369526661],[-96.42881370300645,50.08982260461116],[-96.42926921071353,50.07634850881083],[-96.49792201314403,50.07648209001284],[-96.49811679403604,50.05421348959714],[-96.49811540777482,50.046990100801374],[-96.45220000172074,50.04695320625956],[-96.45208071082435,50.010428589450996],[-96.45842999539907,50.00279580962883],[-96.45207340790789,49.99209549137189],[-96.45208508324514,49.97313300661872],[-96.36097914581246,49.97294583510832],[-96.36047251914722,50.061526010705514],[-96.36065385292088,50.09134760895845]]]},"properties":{"DAUID":"46120057","DGUID":"2021S051246120057","LANDAREA":93.7446,"PRUID":"46","Province":"MB"}},
{"type":"Feature","geometry":{"type":"Polygon","coordinates":[[[-96.49811540777482,50.046990100801374],[-96.49811679403604,50.05421348959714],[-96.50968898204326,50.05737700228768],[-96.51595340394017,50.054309011163625],[-96.51595418512197,50.05354500853367],[-96.50781167402246,50.047013118021354],[-96.49811540777482,50.046990100801374]]]},"properties":{"DAUID":"46120058","DGUID":"2021S051246120058","LANDAREA":0.8882,"PRUID":"46","Province":"MB"}},
{"type":"Feature","geometry":{"type":"Polygon","coordinates":[[[-96.50968898204326,50.05737700228768],[-96.50969920060476,50.06068760876818],[-96.52102869620566,50.060741291595725],[-96.51595340394017,50.054309011163625],[-96.50968898204326,50.05737700228768]]]},"properties":{"DAUID":"46120059","DGUID":"2021S051246120059","LANDAREA":0.3962,"PRUID":"46","Province":"MB"}},
{"type":"Feature","geometry":{"type":"Polygon","coordinates":[[[-96.51595418512197,50.05354500853367],[-96.51595340394017,50.054309011163625],[-96.52102869620566,50.060741291595725],[-96.52103040603194,50.06423160733767],[-96.52245200418176,50.064802995746525],[-96.52111179095213,50.051109001917254],[-96.51595418512197,50.05354500853367]]]},"properties":{"DAUID":"46120060","DGUID":"2021S051246120060","LANDAREA":0.6719,"PRUID":"46","Province":"MB"}},
{"type":"Feature","geometry":{"type":"Polygon","coordinates":[[[-96.50969920060476,50.06068760876818],[-96.51267931418205,50.06520429319497],[-96.52103040603194,50.06423160733767],[-96.52102869620566,50.060741291595725],[-96.50969920060476,50.06068760876818]]]},"properties":{"DAUID":"46120061","DGUID":"2021S051246120061","LANDAREA":0.326,"PRUID":"46","Province":"MB"}},
{"type":"Feature","geometry":{"type":"Polygon","coordinates":[[[-96.52103040603194,50.06423160733767],[-96.51267931418205,50.06520429319497],[-96.52098959215299,50.06719018891626],[-96.52245200418176,50.064802995746525],[-96.52103040603194,50.06423160733767]]]},"properties":{"DAUID":"46120062","DGUID":"2021S051246120062","LANDAREA":0.2151,"PRUID":"46","Province":"MB"}},
{"type":"Feature","geometry":{"type":"Polygon","coordinates":[[[-96.52094429412885,50.07538409419644],[-96.52098959215299,50.06719018891626],[-96.51267931418205,50.06520429319497],[-96.50969920060476,50.06068760876818],[-96.50968898204326,50.05737700228768],[-96.49811679403604,50.05421348959714],[-96.49792201314403,50.07648209001284],[-96.52094429412885,50.07538409419644]]]},"properties":{"DAUID":"46120063","DGUID":"2021S051246120063","LANDAREA":2.9273,"PRUID":"46","Province":"MB"}},
{"type":"Feature","geometry":{"type":"Polygon","coordinates":[[[-96.58974689534193,50.076950807733056],[-96.63528628543345,50.076961298145854],[-96.63553499844257,50.06196220442232],[-96.6363010972338,50.00286949997891],[-96.63651202041244,49.9732430080526],[-96.56724889425537,49.973213696635334],[-96.5671176057491,50.002905009208554],[-96.54428879180387,50.00282858910882],[-96.54420619687862,50.017588495561284],[-96.5213390052584,50.01757880780932],[-96.52111179095213,50.051109001917254],[-96.52245200418176,50.064802995746525],[-96.52098959215299,50.06719018891626],[-96.52094429412885,50.07538409419644],[-96.54381750260465,50.07663520646107],[-96.54394038845437,50.06464734124059],[-96.56685459442983,50.06832310259947],[-96.56685160485799,50.076940588083275],[-96.58974689534193,50.076950807733056]]]},"properties":{"DAUID":"46120064","DGUID":"2021S051246120064","LANDAREA":78.6307,"PRUID":"46","Province":"MB"}},
{"type":"Feature","geometry":{"type":"Polygon","coordinates":[[[-96.95262230354984,50.49162415169301],[-96.97495208934438,50.49171549237707],[-96.9864890914747,50.491723895240945],[-96.98639198905072,50.50666549541485],[-97.1142801998421,50.50696339923885],[-97.11412311551679,50.47727090019876],[-97.11357371089343,50.40358979546275],[-96.95210081877642,50.40289119480117],[-96.95186029821024,50.428701200870684],[-96.96335931129227,50.439790972358985],[-96.96383022480865,50.454858392548836],[-96.95506764338647,50.45496506362874],[-96.95744197610003,50.47683771796724],[-96.94960976929708,50.477988904087404],[-96.95262230354984,50.49162415169301]]]},"properties":{"DAUID":"46130068","DGUID":"2021S051246130068","LANDAREA":125.8968,"PRUID":"46","Province":"MB"}},
{"type":"Feature","geometry":{"type":"Polygon","coordinates":[[[-96.95186029821024,50.428701200870684],[-96.94571452556751,50.429314449622105],[-96.95501635503645,50.44221242657848],[-96.94961194550257,50.45449813816589],[-96.95247597650669,50.47153004218778],[-96.94960976929708,50.477988904087404],[-96.95744197610003,50.47683771796724],[-96.95506764338647,50.45496506362874],[-96.96383022480865,50.454858392548836],[-96.96335931129227,50.439790972358985],[-96.95186029821024,50.428701200870684]]]},"properties":{"DAUID":"46130069","DGUID":"2021S051246130069","LANDAREA":2.7955,"PRUID":"46","Province":"MB"}},
{"type":"Feature","geometry":{"type":"Polygon","coordinates":[[[-96.95210081877642,50.40289119480117],[-96.95193790577615,50.37336838864204],[-96.92896238196354,50.37324021060345],[-96.92899900628298,50.299377107339495],[-96.92900929406488,50.28459000211931],[-96.9519120998995,50.284762103453986],[-96.9518905050029,50.27153058660469],[-96.97492640822479,50.27007249751365],[-96.97494870803955,50.25532161059743],[-96.93470239741572,50.255224704320916],[-96.92896149181826,50.24040721190935],[-96.90998848727062,50.24033730830263],[-96.87804049245521,50.239991897747224],[-96.84039410318981,50.22485241028706],[-96.8390878036788,50.20412190196811],[-96.84278951846821,50.19106900915007],[-96.83179329764116,50.20039609892715],[-96.83535810919743,50.21547835631729],[-96.83158757838399,50.22596822363252],[-96.83324582273377,50.238890645681785],[-96.84450500191906,50.254589077221375],[-96.84962808874222,50.279364424035556],[-96.86253541681293,50.28895247208688],[-96.85882499313708,50.296808240838416],[-96.83965715974652,50.30254727356376],[-96.82393479833367,50.32051467812717],[-96.82618848484096,50.33700776016206],[-96.84350237363756,50.35154539015096],[-96.84657006777952,50.36285158334169],[-96.85699566364836,50.37580306353039],[-96.85196946708294,50.38328186699155],[-96.86602470375195,50.38922382820078],[-96.87271413517425,50.400454863505814],[-96.89029844851235,50.400837542276896],[-96.89182248068722,50.40581674512549],[-96.90697405072511,50.40978714295828],[-96.91159796203942,50.41506464525712],[-96.93571817220138,50.4220297339846],[-96.94571452556751,50.429314449622105],[-96.95186029821024,50.428701200870684],[-96.95210081877642,50.40289119480117]]]},"properties":{"DAUID":"46130070","DGUID":"2021S051246130070","LANDAREA":73.046,"PRUID":"46","Province":"MB"}},
{"type":"Feature","geometry":{"type":"Polygon","coordinates":[[[-97.11357371089343,50.40358979546275],[-97.11428388654154,50.35930679913345],[-97.06728620951186,50.35933288980432],[-97.06739089326426,50.344637694343845],[-96.99800230073784,50.34386811130144],[-96.99817269277463,50.329119995731574],[-96.97514561451544,50.329054000087496],[-96.9728377867567,50.30470141025861],[-96.96047680986754,50.299502090505975],[-96.92899900628298,50.299377107339495],[-96.92896238196354,50.37324021060345],[-96.95193790577615,50.37336838864204],[-96.95210081877642,50.40289119480117],[-97.11357371089343,50.40358979546275]]]},"properties":{"DAUID":"46130071","DGUID":"2021S051246130071","LANDAREA":94.3044,"PRUID":"46","Province":"MB"}},
{"type":"Feature","geometry":{"type":"Polygon","coordinates":[[[-96.92899900628298,50.299377107339495],[-96.96047680986754,50.299502090505975],[-96.9728377867567,50.30470141025861],[-96.974887617947,50.28487699507082],[-96.9519120998995,50.284762103453986],[-96.92900929406488,50.28459000211931],[-96.92899900628298,50.299377107339495]]]},"properties":{"DAUID":"46130072","DGUID":"2021S051246130072","LANDAREA":4.55,"PRUID":"46","Province":"MB"}},
{"type":"Feature","geometry":{"type":"Polygon","coordinates":[[[-96.9519120998995,50.284762103453986],[-96.974887617947,50.28487699507082],[-96.9728377867567,50.30470141025861],[-96.97514561451544,50.329054000087496],[-96.99817269277463,50.329119995731574],[-96.99800230073784,50.34386811130144],[-97.06739089326426,50.344637694343845],[-97.06728620951186,50.35933288980432],[-97.11428388654154,50.35930679913345],[-97.11443129987205,50.32982249152677],[-97.07231318740739,50.32929389348544],[-97.06754268582893,50.33120240836929],[-97.06738331042443,50.299800008045366],[-97.04445749791118,50.29966830118983],[-97.04450028830558,50.2407366111041],[-96.97908021373799,50.240570398144506],[-96.97494870803955,50.25532161059743],[-96.97492640822479,50.27007249751365],[-96.9518905050029,50.27153058660469],[-96.9519120998995,50.284762103453986]]]},"properties":{"DAUID":"46130073","DGUID":"2021S051246130073","LANDAREA":75.5529,"PRUID":"46","Province":"MB"}},
{"type":"Feature","geometry":{"type":"Polygon","coordinates":[[[-96.97494870803955,50.25532161059743],[-96.97908021373799,50.240570398144506],[-96.97897598067256,50.196269496875956],[-96.91016989252358,50.19609509297451],[-96.90998848727062,50.24033730830263],[-96.92896149181826,50.24040721190935],[-96.93470239741572,50.255224704320916],[-96.97494870803955,50.25532161059743]]]},"properties":{"DAUID":"46130074","DGUID":"2021S051246130074","LANDAREA":29.147,"PRUID":"46","Province":"MB"}},
{"type":"Feature","geometry":{"type":"Polygon","coordinates":[[[-97.11443129987205,50.32982249152677],[-97.11341020100261,50.29989970189935],[-97.11356282467773,50.24098780775772],[-97.04793531243135,50.240750331617555],[-97.04806531218978,50.152036911475754],[-97.02513929050704,50.151954005379366],[-97.02518261073435,50.13728530215092],[-96.9869537183114,50.13650280736238],[-96.93339838322815,50.11338931132745],[-96.92926289700905,50.11619399999237],[-96.90816041150173,50.12310150162674],[-96.94060209530674,50.1368590883306],[-96.97913978633738,50.15222490928854],[-96.97897598067256,50.196269496875956],[-96.97908021373799,50.240570398144506],[-97.04450028830558,50.2407366111041],[-97.04445749791118,50.29966830118983],[-97.06738331042443,50.299800008045366],[-97.06754268582893,50.33120240836929],[-97.07231318740739,50.32929389348544],[-97.11443129987205,50.32982249152677]]]},"properties":{"DAUID":"46130075","DGUID":"2021S051246130075","LANDAREA":106.0723,"PRUID":"46","Province":"MB"}},
{"type":"Feature","geometry":{"type":"Polygon","coordinates":[[[-96.90998848727062,50.24033730830263],[-96.91016989252358,50.19609509297451],[-96.97897598067256,50.196269496875956],[-96.97913978633738,50.15222490928854],[-96.94060209530674,50.1368590883306],[-96.92945601371433,50.14381169938885],[-96.96764050796813,50.160715779586795],[-96.96170930706538,50.16674369139207],[-96.89354729939646,50.16657951056255],[-96.89132859484195,50.1777099113474],[-96.86578631484026,50.16738899765517],[-96.85900470961843,50.16503548366486],[-96.85709409082583,50.174193577037414],[-96.84543961333337,50.17996296066404],[-96.84278951846821,50.19106900915007],[-96.8390878036788,50.20412190196811],[-96.84039410318981,50.22485241028706],[-96.87804049245521,50.239991897747224],[-96.90998848727062,50.24033730830263]]]},"properties":{"DAUID":"46130076","DGUID":"2021S051246130076","LANDAREA":55.7143,"PRUID":"46","Province":"MB"}},
{"type":"Feature","geometry":{"type":"Polygon","coordinates":[[[-96.92945601371433,50.14381169938885],[-96.90583934645856,50.133107696107395],[-96.89188779418086,50.13841330150075],[-96.88983398512266,50.14040990549528],[-96.88776380870111,50.1424400111477],[-96.88725211555011,50.14293439889897],[-96.88930451156126,50.14972690090513],[-96.88746280049904,50.151492389552864],[-96.90507968585626,50.159043487887494],[-96.89391041548852,50.16596539686548],[-96.89354729939646,50.16657951056255],[-96.96170930706538,50.16674369139207],[-96.96764050796813,50.160715779586795],[-96.92945601371433,50.14381169938885]]]},"properties":{"DAUID":"46130077","DGUID":"2021S051246130077","LANDAREA":12.0881,"PRUID":"46","Province":"MB"}},
{"type":"Feature","geometry":{"type":"Polygon","coordinates":[[[-96.88746280049904,50.151492389552864],[-96.88134709884294,50.148916298772996],[-96.88315629500907,50.15708070861569],[-96.89391041548852,50.16596539686548],[-96.90507968585626,50.159043487887494],[-96.88746280049904,50.151492389552864]]]},"properties":{"DAUID":"46130078","DGUID":"2021S051246130078","LANDAREA":1.5493,"PRUID":"46","Province":"MB"}},
{"type":"Feature","geometry":{"type":"Polygon","coordinates":[[[-96.88930451156126,50.14972690090513],[-96.88473729435871,50.14568599123401],[-96.87905720131464,50.14688658872935],[-96.88134709884294,50.148916298772996],[-96.88746280049904,50.151492389552864],[-96.88930451156126,50.14972690090513]]]},"properties":{"DAUID":"46130079","DGUID":"2021S051246130079","LANDAREA":0.2371,"PRUID":"46","Province":"MB"}},
{"type":"Feature","geometry":{"type":"Polygon","coordinates":[[[-96.88725211555011,50.14293439889897],[-96.88473729435871,50.14568599123401],[-96.88930451156126,50.14972690090513],[-96.88725211555011,50.14293439889897]]]},"properties":{"DAUID":"46130080","DGUID":"2021S051246130080","LANDAREA":0.2379,"PRUID":"46","Province":"MB"}},
{"type":"Feature","geometry":{"type":"Polygon","coordinates":[[[-96.88776380870111,50.1424400111477],[-96.87939819969024,50.14234139625195],[-96.87472861521857,50.14357150421305],[-96.87905720131464,50.14688658872935],[-96.88473729435871,50.14568599123401],[-96.88725211555011,50.14293439889897],[-96.88776380870111,50.1424400111477]]]},"properties":{"DAUID":"46130081","DGUID":"2021S051246130081","LANDAREA":0.2967,"PRUID":"46","Province":"MB"}},
{"type":"Feature","geometry":{"type":"Polygon","coordinates":[[[-96.88983398512266,50.14040990549528],[-96.88672870918475,50.1390893949581],[-96.88061461760618,50.14110440492212],[-96.87939819969024,50.14234139625195],[-96.88776380870111,50.1424400111477],[-96.88983398512266,50.14040990549528]]]},"properties":{"DAUID":"46130082","DGUID":"2021S051246130082","LANDAREA":0.1773,"PRUID":"46","Province":"MB"}},
{"type":"Feature","geometry":{"type":"Polygon","coordinates":[[[-96.88672870918475,50.1390893949581],[-96.88363049330225,50.13492589077957],[-96.88347949875974,50.134860202307486],[-96.87663471306911,50.132999196619814],[-96.8773478140732,50.13712288813085],[-96.88061461760618,50.14110440492212],[-96.88672870918475,50.1390893949581]]]},"properties":{"DAUID":"46130083","DGUID":"2021S051246130083","LANDAREA":0.2926,"PRUID":"46","Province":"MB"}},
{"type":"Feature","geometry":{"type":"Polygon","coordinates":[[[-96.89188779418086,50.13841330150075],[-96.88559711196963,50.13575971115842],[-96.88363049330225,50.13492589077957],[-96.88672870918475,50.1390893949581],[-96.88983398512266,50.14040990549528],[-96.89188779418086,50.13841330150075]]]},"properties":{"DAUID":"46130084","DGUID":"2021S051246130084","LANDAREA":0.1836,"PRUID":"46","Province":"MB"}},
{"type":"Feature","geometry":{"type":"Polygon","coordinates":[[[-96.89188779418086,50.13841330150075],[-96.89284598302659,50.13316860438631],[-96.88703310485097,50.13456510554942],[-96.88559711196963,50.13575971115842],[-96.89188779418086,50.13841330150075]]]},"properties":{"DAUID":"46130085","DGUID":"2021S051246130085","LANDAREA":0.2532,"PRUID":"46","Province":"MB"}},
{"type":"Feature","geometry":{"type":"Polygon","coordinates":[[[-96.89284598302659,50.13316860438631],[-96.89104090313418,50.13030239115452],[-96.88703310485097,50.13456510554942],[-96.89284598302659,50.13316860438631]]]},"properties":{"DAUID":"46130086","DGUID":"2021S051246130086","LANDAREA":0.1653,"PRUID":"46","Province":"MB"}},
{"type":"Feature","geometry":{"type":"Polygon","coordinates":[[[-96.90583934645856,50.133107696107395],[-96.89374690950415,50.12841489202589],[-96.89104090313418,50.13030239115452],[-96.89284598302659,50.13316860438631],[-96.89188779418086,50.13841330150075],[-96.90583934645856,50.133107696107395]]]},"properties":{"DAUID":"46130087","DGUID":"2021S051246130087","LANDAREA":0.5973,"PRUID":"46","Province":"MB"}},
{"type":"Feature","geometry":{"type":"Polygon","coordinates":[[[-96.88363049330225,50.13492589077957],[-96.88559711196963,50.13575971115842],[-96.88703310485097,50.13456510554942],[-96.89104090313418,50.13030239115452],[-96.89374690950415,50.12841489202589],[-96.89094899591852,50.12671589488273],[-96.88579580361733,50.13025200305574],[-96.88347949875974,50.134860202307486],[-96.88363049330225,50.13492589077957]]]},"properties":{"DAUID":"46130088","DGUID":"2021S051246130088","LANDAREA":0.246,"PRUID":"46","Province":"MB"}},
{"type":"Feature","geometry":{"type":"Polygon","coordinates":[[[-96.88347949875974,50.134860202307486],[-96.88579580361733,50.13025200305574],[-96.87663471306911,50.132999196619814],[-96.88347949875974,50.134860202307486]]]},"properties":{"DAUID":"46130089","DGUID":"2021S051246130089","LANDAREA":0.2746,"PRUID":"46","Province":"MB"}},
{"type":"Feature","geometry":{"type":"Polygon","coordinates":[[[-96.87663471306911,50.132999196619814],[-96.88579580361733,50.13025200305574],[-96.89094899591852,50.12671589488273],[-96.88959741006866,50.12601703267413],[-96.86577852144156,50.12484372657332],[-96.85708283085,50.132882242032146],[-96.87049789343959,50.13732443192633],[-96.8773478140732,50.13712288813085],[-96.87663471306911,50.132999196619814]]]},"properties":{"DAUID":"46130090","DGUID":"2021S051246130090","LANDAREA":1.4784,"PRUID":"46","Province":"MB"}},
{"type":"Feature","geometry":{"type":"Polygon","coordinates":[[[-96.87939819969024,50.14234139625195],[-96.88061461760618,50.14110440492212],[-96.8773478140732,50.13712288813085],[-96.87049789343959,50.13732443192633],[-96.86902224761211,50.14132008589911],[-96.8704350886628,50.1462431066172],[-96.87061410861173,50.146309287924716],[-96.87472861521857,50.14357150421305],[-96.87939819969024,50.14234139625195]]]},"properties":{"DAUID":"46130091","DGUID":"2021S051246130091","LANDAREA":0.4137,"PRUID":"46","Province":"MB"}},
{"type":"Feature","geometry":{"type":"Polygon","coordinates":[[[-96.8704350886628,50.1462431066172],[-96.86691118617969,50.1521419887537],[-96.87232350727987,50.14911110426019],[-96.87061410861173,50.146309287924716],[-96.8704350886628,50.1462431066172]]]},"properties":{"DAUID":"46130092","DGUID":"2021S051246130092","LANDAREA":0.1686,"PRUID":"46","Province":"MB"}},
{"type":"Feature","geometry":{"type":"Polygon","coordinates":[[[-96.86578631484026,50.16738899765517],[-96.86681158572888,50.15312058798232],[-96.86691118617969,50.1521419887537],[-96.8704350886628,50.1462431066172],[-96.86902224761211,50.14132008589911],[-96.85139902997363,50.151610895278885],[-96.85900470961843,50.16503548366486],[-96.86578631484026,50.16738899765517]]]},"properties":{"DAUID":"46130093","DGUID":"2021S051246130093","LANDAREA":1.7076,"PRUID":"46","Province":"MB"}},
{"type":"Feature","geometry":{"type":"Polygon","coordinates":[[[-96.86691118617969,50.1521419887537],[-96.86681158572888,50.15312058798232],[-96.87232350727987,50.14911110426019],[-96.86691118617969,50.1521419887537]]]},"properties":{"DAUID":"46130094","DGUID":"2021S051246130094","LANDAREA":0.3775,"PRUID":"46","Province":"MB"}},
{"type":"Feature","geometry":{"type":"Polygon","coordinates":[[[-96.89354729939646,50.16657951056255],[-96.89391041548852,50.16596539686548],[-96.88315629500907,50.15708070861569],[-96.88134709884294,50.148916298772996],[-96.87905720131464,50.14688658872935],[-96.87472861521857,50.14357150421305],[-96.87061410861173,50.146309287924716],[-96.87232350727987,50.14911110426019],[-96.86681158572888,50.15312058798232],[-96.86578631484026,50.16738899765517],[-96.89132859484195,50.1777099113474],[-96.89354729939646,50.16657951056255]]]},"properties":{"DAUID":"46130095","DGUID":"2021S051246130095","LANDAREA":3.7231,"PRUID":"46","Province":"MB"}},
{"type":"Feature","geometry":{"type":"Polygon","coordinates":[[[-96.94960438430732,50.07522969075046],[-96.95320912057731,50.0753443847771],[-96.96784519553489,50.0725399934771],[-96.98495312026206,50.07117431186459],[-96.99733819501608,50.06104449952616],[-96.9854308217005,50.056272388534566],[-96.97422414908368,50.0651203165755],[-96.96209135308125,50.06417633532287],[-96.94960438430732,50.07522969075046]]]},"properties":{"DAUID":"46130106","DGUID":"2021S051246130106","LANDAREA":1.9188,"PRUID":"46","Province":"MB"}},
{"type":"Feature","geometry":{"type":"Polygon","coordinates":[[[-96.96784519553489,50.0725399934771],[-96.97726439009884,50.077867596386135],[-96.98288140755757,50.07425049640457],[-96.98495312026206,50.07117431186459],[-96.96784519553489,50.0725399934771]]]},"properties":{"DAUID":"46130107","DGUID":"2021S051246130107","LANDAREA":1.1622,"PRUID":"46","Province":"MB"}},
{"type":"Feature","geometry":{"type":"Polygon","coordinates":[[[-96.95320912057731,50.0753443847771],[-96.96687670150332,50.08306221975195],[-96.9720672106833,50.08079019135804],[-96.97726439009884,50.077867596386135],[-96.96784519553489,50.0725399934771],[-96.95320912057731,50.0753443847771]]]},"properties":{"DAUID":"46130108","DGUID":"2021S051246130108","LANDAREA":1.0324,"PRUID":"46","Province":"MB"}},
{"type":"Feature","geometry":{"type":"Polygon","coordinates":[[[-96.93833957583881,50.09225577127847],[-96.9437747051084,50.10071989693657],[-96.97584388376703,50.11456899424381],[-96.98873181256366,50.104440001456155],[-96.95494929402257,50.08985361075862],[-96.96687670150332,50.08306221975195],[-96.95320912057731,50.0753443847771],[-96.94960438430732,50.07522969075046],[-96.93905716236215,50.084306394440276],[-96.93833957583881,50.09225577127847]]]},"properties":{"DAUID":"46130109","DGUID":"2021S051246130109","LANDAREA":6.6999,"PRUID":"46","Province":"MB"}},
{"type":"Feature","geometry":{"type":"Polygon","coordinates":[[[-96.96687670150332,50.08306221975195],[-96.95494929402257,50.08985361075862],[-96.98873181256366,50.104440001456155],[-97.02489999091691,50.12001950968195],[-97.04806589219474,50.12245308893674],[-97.04813311846513,50.107729806845754],[-97.03430451915521,50.10764030104745],[-96.9720672106833,50.08079019135804],[-96.96687670150332,50.08306221975195]]]},"properties":{"DAUID":"46130110","DGUID":"2021S051246130110","LANDAREA":10.9649,"PRUID":"46","Province":"MB"}},
{"type":"Feature","geometry":{"type":"Polygon","coordinates":[[[-96.97726439009884,50.077867596386135],[-96.9720672106833,50.08079019135804],[-97.03430451915521,50.10764030104745],[-97.04813311846513,50.107729806845754],[-97.04811431745885,50.09374250535864],[-97.01731161242087,50.080537591899144],[-96.9958704708711,50.08010828245889],[-96.98288140755757,50.07425049640457],[-96.97726439009884,50.077867596386135]]]},"properties":{"DAUID":"46130111","DGUID":"2021S051246130111","LANDAREA":8.7324,"PRUID":"46","Province":"MB"}},
{"type":"Feature","geometry":{"type":"Polygon","coordinates":[[[-97.07145579998569,50.04553360147835],[-97.04733462847139,50.05989610033991],[-97.02726148282827,50.07413199426477],[-96.99733819501608,50.06104449952616],[-96.98495312026206,50.07117431186459],[-96.98288140755757,50.07425049640457],[-96.9958704708711,50.08010828245889],[-97.01731161242087,50.080537591899144],[-97.04811431745885,50.09374250535864],[-97.04813311846513,50.107729806845754],[-97.04806589219474,50.12245308893674],[-97.11530325702947,50.12243916003888],[-97.1150868934281,50.0638354900445],[-97.07145579998569,50.04553360147835]]]},"properties":{"DAUID":"46130112","DGUID":"2021S051246130112","LANDAREA":44.2963,"PRUID":"46","Province":"MB"}},
{"type":"Feature","geometry":{"type":"Polygon","coordinates":[[[-97.04733462847139,50.05989610033991],[-97.04798621150447,50.04837030552881],[-97.03002191865336,50.042238003717806],[-97.02317049891394,50.049560200837746],[-97.00877318720207,50.05318499636976],[-96.99733819501608,50.06104449952616],[-97.02726148282827,50.07413199426477],[-97.04733462847139,50.05989610033991]]]},"properties":{"DAUID":"46130113","DGUID":"2021S051246130113","LANDAREA":7.4068,"PRUID":"46","Province":"MB"}},
{"type":"Feature","geometry":{"type":"Polygon","coordinates":[[[-97.07038896421986,50.0450118513847],[-97.04190539209378,50.032661292272145],[-97.02971610565831,50.03809999625268],[-97.00932048192966,50.03351029277924],[-97.00127431894514,50.039290687122126],[-97.0208122903464,50.044987756459086],[-97.03002191865336,50.042238003717806],[-97.04798621150447,50.04837030552881],[-97.04733462847139,50.05989610033991],[-97.07145579998569,50.04553360147835],[-97.07038896421986,50.0450118513847]]]},"properties":{"DAUID":"46130114","DGUID":"2021S051246130114","LANDAREA":5.2604,"PRUID":"46","Province":"MB"}},
{"type":"Feature","geometry":{"type":"Polygon","coordinates":[[[-97.0322466386342,50.02865676278964],[-97.02565983575307,50.03324800561017],[-97.00661693444714,50.033054096249096],[-96.98585273670898,50.04302568693812],[-96.9854308217005,50.056272388534566],[-96.99733819501608,50.06104449952616],[-97.00877318720207,50.05318499636976],[-96.9927763142476,50.046141995361566],[-97.00127431894514,50.039290687122126],[-97.00932048192966,50.03351029277924],[-97.02971610565831,50.03809999625268],[-97.04190539209378,50.032661292272145],[-97.0322466386342,50.02865676278964]]]},"properties":{"DAUID":"46130115","DGUID":"2021S051246130115","LANDAREA":2.499,"PRUID":"46","Province":"MB"}},
{"type":"Feature","geometry":{"type":"Polygon","coordinates":[[[-97.03002191865336,50.042238003717806],[-97.0208122903464,50.044987756459086],[-97.00127431894514,50.039290687122126],[-96.9927763142476,50.046141995361566],[-97.00877318720207,50.05318499636976],[-97.02317049891394,50.049560200837746],[-97.03002191865336,50.042238003717806]]]},"properties":{"DAUID":"46130116","DGUID":"2021S051246130116","LANDAREA":2.0779,"PRUID":"46","Province":"MB"}},
{"type":"Feature","geometry":{"type":"Polygon","coordinates":[[[-97.11356282467773,50.24098780775772],[-97.1153729809005,50.24097738812284],[-97.11610478709188,50.225972389804184],[-97.11530325702947,50.12243916003888],[-97.04806589219474,50.12245308893674],[-97.02489999091691,50.12001950968195],[-96.98873181256366,50.104440001456155],[-96.97584388376703,50.11456899424381],[-96.9437747051084,50.10071989693657],[-96.93833957583881,50.09225577127847],[-96.93861295182722,50.100264049023075],[-96.92209783370643,50.11510978573686],[-96.90694667269109,50.11594909516819],[-96.88959741006866,50.12601703267413],[-96.89094899591852,50.12671589488273],[-96.91131758234732,50.11710469919375],[-96.92926289700905,50.11619399999237],[-96.93339838322815,50.11338931132745],[-96.9869537183114,50.13650280736238],[-97.02518261073435,50.13728530215092],[-97.02513929050704,50.151954005379366],[-97.04806531218978,50.152036911475754],[-97.04793531243135,50.240750331617555],[-97.11356282467773,50.24098780775772]]]},"properties":{"DAUID":"46130119","DGUID":"2021S051246130119","LANDAREA":79.146,"PRUID":"46","Province":"MB"}},
{"type":"Feature","geometry":{"type":"Polygon","coordinates":[[[-96.92926289700905,50.11619399999237],[-96.91131758234732,50.11710469919375],[-96.89094899591852,50.12671589488273],[-96.89374690950415,50.12841489202589],[-96.90583934645856,50.133107696107395],[-96.92945601371433,50.14381169938885],[-96.94060209530674,50.1368590883306],[-96.90816041150173,50.12310150162674],[-96.92926289700905,50.11619399999237]]]},"properties":{"DAUID":"46130120","DGUID":"2021S051246130120","LANDAREA":4.1318,"PRUID":"46","Province":"MB"}},
{"type":"Feature","geometry":{"type":"Polygon","coordinates":[[[-97.1142801998421,50.50696339923885],[-97.22968959998948,50.50697719237393],[-97.4614374017637,50.50703399608498],[-97.46138692552248,50.49774876884697],[-97.43602050987467,50.48739389401875],[-97.4369838845317,50.447932294223975],[-97.39072791658468,50.447886287714226],[-97.39076761338148,50.41847638937145],[-97.34468060126218,50.41844130485616],[-97.34459520876008,50.388984300892865],[-97.29861979022581,50.38898628860923],[-97.26968208719025,50.388934998901796],[-97.25245723905503,50.3933249970707],[-97.2524955015189,50.44772700713162],[-97.18336920261511,50.44790029098756],[-97.18343360396379,50.47747420347036],[-97.11412311551679,50.47727090019876],[-97.1142801998421,50.50696339923885]]]},"properties":{"DAUID":"46140029","DGUID":"2021S051246140029","LANDAREA":187.5508,"PRUID":"46","Province":"MB"}},
{"type":"Feature","geometry":{"type":"Polygon","coordinates":[[[-97.26968208719025,50.388934998901796],[-97.25247768584417,50.38892270002168],[-97.25245723905503,50.3933249970707],[-97.26968208719025,50.388934998901796]]]},"properties":{"DAUID":"46140030","DGUID":"2021S051246140030","LANDAREA":0.8672,"PRUID":"46","Province":"MB"}},
{"type":"Feature","geometry":{"type":"Polygon","coordinates":[[[-97.26968208719025,50.388934998901796],[-97.26972498676095,50.374189201012456],[-97.25458909158975,50.37414119927885],[-97.25247768584417,50.38892270002168],[-97.26968208719025,50.388934998901796]]]},"properties":{"DAUID":"46140031","DGUID":"2021S051246140031","LANDAREA":2.3625,"PRUID":"46","Province":"MB"}},
{"type":"Feature","geometry":{"type":"Polygon","coordinates":[[[-97.11412311551679,50.47727090019876],[-97.18343360396379,50.47747420347036],[-97.18336920261511,50.44790029098756],[-97.2524955015189,50.44772700713162],[-97.25245723905503,50.3933249970707],[-97.25247768584417,50.38892270002168],[-97.25458909158975,50.37414119927885],[-97.26972498676095,50.374189201012456],[-97.26968208719025,50.388934998901796],[-97.29861979022581,50.38898628860923],[-97.29860600068994,50.35949411013361],[-97.27552150353785,50.35945089659555],[-97.27548111538495,50.32991310483576],[-97.25252151529014,50.32992101151108],[-97.25255971064094,50.31508988709407],[-97.20643288124651,50.31502589534709],[-97.20645498435631,50.32974101294959],[-97.11443129987205,50.32982249152677],[-97.11428388654154,50.35930679913345],[-97.11357371089343,50.40358979546275],[-97.11412311551679,50.47727090019876]]]},"properties":{"DAUID":"46140032","DGUID":"2021S051246140032","LANDAREA":164.5073,"PRUID":"46","Province":"MB"}},
{"type":"Feature","geometry":{"type":"Polygon","coordinates":[[[-97.29860600068994,50.35949411013361],[-97.32142478758799,50.3594929962242],[-97.32139538984704,50.31527690276405],[-97.3904243894561,50.315146895137936],[-97.39022529824653,50.28568809371618],[-97.32122738819834,50.28574621170958],[-97.32117049818126,50.27100368847969],[-97.25263349174935,50.27091969976614],[-97.25255971064094,50.31508988709407],[-97.25252151529014,50.32992101151108],[-97.27548111538495,50.32991310483576],[-97.27552150353785,50.35945089659555],[-97.29860600068994,50.35949411013361]]]},"properties":{"DAUID":"46140033","DGUID":"2021S051246140033","LANDAREA":58.915,"PRUID":"46","Province":"MB"}},
{"type":"Feature","geometry":{"type":"Polygon","coordinates":[[[-97.46138692552248,50.49774876884697],[-97.45953371192884,50.44797229893573],[-97.46053665558433,50.41877111156227],[-97.45981471675896,50.38375870506499],[-97.46062465897711,50.29735410708373],[-97.45953728958163,50.22629410946844],[-97.36804021211579,50.22631298993558],[-97.36809530103902,50.241127494717624],[-97.3215894857745,50.24112159171236],[-97.32117049818126,50.27100368847969],[-97.32122738819834,50.28574621170958],[-97.39022529824653,50.28568809371618],[-97.3904243894561,50.315146895137936],[-97.32139538984704,50.31527690276405],[-97.32142478758799,50.3594929962242],[-97.29860600068994,50.35949411013361],[-97.29861979022581,50.38898628860923],[-97.34459520876008,50.388984300892865],[-97.34468060126218,50.41844130485616],[-97.39076761338148,50.41847638937145],[-97.39072791658468,50.447886287714226],[-97.4369838845317,50.447932294223975],[-97.43602050987467,50.48739389401875],[-97.46138692552248,50.49774876884697]]]},"properties":{"DAUID":"46140034","DGUID":"2021S051246140034","LANDAREA":213.1858,"PRUID":"46","Province":"MB"}},
{"type":"Feature","geometry":{"type":"Polygon","coordinates":[[[-97.32117049818126,50.27100368847969],[-97.3215894857745,50.24112159171236],[-97.36809530103902,50.241127494717624],[-97.36804021211579,50.22631298993558],[-97.36795559079353,50.196747311675736],[-97.34494908240356,50.196727601098445],[-97.34491268729066,50.18197619624515],[-97.32192768766267,50.181943211498975],[-97.32182829960698,50.16719071216836],[-97.27603730573921,50.16721250161256],[-97.2761109967628,50.19667968759541],[-97.25300470832427,50.19670321167473],[-97.25263349174935,50.27091969976614],[-97.32117049818126,50.27100368847969]]]},"properties":{"DAUID":"46140035","DGUID":"2021S051246140035","LANDAREA":70.1594,"PRUID":"46","Province":"MB"}},
{"type":"Feature","geometry":{"type":"Polygon","coordinates":[[[-97.45953728958163,50.22629410946844],[-97.45949921625007,50.19700811037691],[-97.4594224088356,50.122740390164026],[-97.34473271467597,50.122726896832965],[-97.3447511812607,50.130300490770175],[-97.34481548909656,50.13898108821109],[-97.34480800093708,50.145088709867856],[-97.32181660316797,50.14481641197251],[-97.31036199487743,50.13773830064644],[-97.27577781518943,50.13784148815321],[-97.27603730573921,50.16721250161256],[-97.32182829960698,50.16719071216836],[-97.32192768766267,50.181943211498975],[-97.34491268729066,50.18197619624515],[-97.34494908240356,50.196727601098445],[-97.36795559079353,50.196747311675736],[-97.36804021211579,50.22631298993558],[-97.45953728958163,50.22629410946844]]]},"properties":{"DAUID":"46140036","DGUID":"2021S051246140036","LANDAREA":104.8094,"PRUID":"46","Province":"MB"}},
{"type":"Feature","geometry":{"type":"Polygon","coordinates":[[[-97.34481548909656,50.13898108821109],[-97.33997761855912,50.13764388900528],[-97.33315418013994,50.13764919972379],[-97.32412610644646,50.1391250908719],[-97.32181660316797,50.14481641197251],[-97.34480800093708,50.145088709867856],[-97.34481548909656,50.13898108821109]]]},"properties":{"DAUID":"46140037","DGUID":"2021S051246140037","LANDAREA":1.0315,"PRUID":"46","Province":"MB"}},
{"type":"Feature","geometry":{"type":"Polygon","coordinates":[[[-97.3447511812607,50.130300490770175],[-97.3412381951194,50.13177870492478],[-97.33997761855912,50.13764388900528],[-97.34481548909656,50.13898108821109],[-97.3447511812607,50.130300490770175]]]},"properties":{"DAUID":"46140038","DGUID":"2021S051246140038","LANDAREA":0.3107,"PRUID":"46","Province":"MB"}},
{"type":"Feature","geometry":{"type":"Polygon","coordinates":[[[-97.33997761855912,50.13764388900528],[-97.3412381951194,50.13177870492478],[-97.33316588515243,50.133294510784324],[-97.33315058149749,50.13471689691129],[-97.33315418013994,50.13764919972379],[-97.33997761855912,50.13764388900528]]]},"properties":{"DAUID":"46140039","DGUID":"2021S051246140039","LANDAREA":0.3767,"PRUID":"46","Province":"MB"}},
{"type":"Feature","geometry":{"type":"Polygon","coordinates":[[[-97.33315418013994,50.13764919972379],[-97.33315058149749,50.13471689691129],[-97.32414079527618,50.134700000691886],[-97.32412610644646,50.1391250908719],[-97.33315418013994,50.13764919972379]]]},"properties":{"DAUID":"46140040","DGUID":"2021S051246140040","LANDAREA":0.3316,"PRUID":"46","Province":"MB"}},
{"type":"Feature","geometry":{"type":"Polygon","coordinates":[[[-97.33316588515243,50.133294510784324],[-97.32752659268522,50.12789499113904],[-97.32414079527618,50.134700000691886],[-97.33315058149749,50.13471689691129],[-97.33316588515243,50.133294510784324]]]},"properties":{"DAUID":"46140041","DGUID":"2021S051246140041","LANDAREA":0.538,"PRUID":"46","Province":"MB"}},
{"type":"Feature","geometry":{"type":"Polygon","coordinates":[[[-97.32181660316797,50.14481641197251],[-97.32412610644646,50.1391250908719],[-97.32414079527618,50.134700000691886],[-97.32752659268522,50.12789499113904],[-97.3299695131824,50.12307212274769],[-97.31025919119531,50.122968393532496],[-97.31036199487743,50.13773830064644],[-97.32181660316797,50.14481641197251]]]},"properties":{"DAUID":"46140042","DGUID":"2021S051246140042","LANDAREA":2.3652,"PRUID":"46","Province":"MB"}},
{"type":"Feature","geometry":{"type":"Polygon","coordinates":[[[-97.34473271467597,50.122726896832965],[-97.3299695131824,50.12307212274769],[-97.32752659268522,50.12789499113904],[-97.33316588515243,50.133294510784324],[-97.3412381951194,50.13177870492478],[-97.3447511812607,50.130300490770175],[-97.34473271467597,50.122726896832965]]]},"properties":{"DAUID":"46140043","DGUID":"2021S051246140043","LANDAREA":1.0083,"PRUID":"46","Province":"MB"}},
{"type":"Feature","geometry":{"type":"Polygon","coordinates":[[[-97.4594224088356,50.122740390164026],[-97.4593977043192,50.06378129062497],[-97.43636970216352,50.06380609125368],[-97.34444061701709,50.06385330589091],[-97.25269072054346,50.063938211209994],[-97.25272230096151,50.09344120974961],[-97.29866478480949,50.09347609782787],[-97.29874998234916,50.12304260247662],[-97.31025919119531,50.122968393532496],[-97.3299695131824,50.12307212274769],[-97.34473271467597,50.122726896832965],[-97.4594224088356,50.122740390164026]]]},"properties":{"DAUID":"46140044","DGUID":"2021S051246140044","LANDAREA":85.065,"PRUID":"46","Province":"MB"}},
{"type":"Feature","geometry":{"type":"Polygon","coordinates":[[[-97.31036199487743,50.13773830064644],[-97.31025919119531,50.122968393532496],[-97.29874998234916,50.12304260247662],[-97.29866478480949,50.09347609782787],[-97.25272230096151,50.09344120974961],[-97.25145049783042,50.12299641044139],[-97.25204601335545,50.13775648783228],[-97.27577781518943,50.13784148815321],[-97.31036199487743,50.13773830064644]]]},"properties":{"DAUID":"46140045","DGUID":"2021S051246140045","LANDAREA":17.649,"PRUID":"46","Province":"MB"}},
{"type":"Feature","geometry":{"type":"Polygon","coordinates":[[[-97.1150868934281,50.0638354900445],[-97.11530325702947,50.12243916003888],[-97.11610478709188,50.225972389804184],[-97.1153729809005,50.24097738812284],[-97.13905559669026,50.24076059591162],[-97.1604644189271,50.22455170269857],[-97.16058235623657,50.19646962489997],[-97.18370128185526,50.19671941263375],[-97.18380900249876,50.13773450212908],[-97.22987770633254,50.13778040135307],[-97.2297881275338,50.12270429009117],[-97.25145049783042,50.12299641044139],[-97.25272230096151,50.09344120974961],[-97.22986138845349,50.0934636023548],[-97.20672463988792,50.09342189958221],[-97.207021179469,50.08618709434404],[-97.2068607824631,50.0638867084102],[-97.18391818673996,50.06385379277868],[-97.1150868934281,50.0638354900445]]]},"properties":{"DAUID":"46140046","DGUID":"2021S051246140046","LANDAREA":100.6288,"PRUID":"46","Province":"MB"}},
{"type":"Feature","geometry":{"type":"Polygon","coordinates":[[[-97.11443129987205,50.32982249152677],[-97.20645498435631,50.32974101294959],[-97.20643288124651,50.31502589534709],[-97.25255971064094,50.31508988709407],[-97.25263349174935,50.27091969976614],[-97.25300470832427,50.19670321167473],[-97.2761109967628,50.19667968759541],[-97.27603730573921,50.16721250161256],[-97.27577781518943,50.13784148815321],[-97.25204601335545,50.13775648783228],[-97.25145049783042,50.12299641044139],[-97.2297881275338,50.12270429009117],[-97.22987770633254,50.13778040135307],[-97.18380900249876,50.13773450212908],[-97.18370128185526,50.19671941263375],[-97.16058235623657,50.19646962489997],[-97.1604644189271,50.22455170269857],[-97.13905559669026,50.24076059591162],[-97.1153729809005,50.24097738812284],[-97.11356282467773,50.24098780775772],[-97.11341020100261,50.29989970189935],[-97.11443129987205,50.32982249152677]]]},"properties":{"DAUID":"46140047","DGUID":"2021S051246140047","LANDAREA":171.6889,"PRUID":"46","Province":"MB"}},
{"type":"Feature","geometry":{"type":"Polygon","coordinates":[[[-97.22986138845349,50.0934636023548],[-97.22984260507363,50.087904608329985],[-97.22060160702554,50.08790718794499],[-97.207021179469,50.08618709434404],[-97.20672463988792,50.09342189958221],[-97.22986138845349,50.0934636023548]]]},"properties":{"DAUID":"46140048","DGUID":"2021S051246140048","LANDAREA":0.9501,"PRUID":"46","Province":"MB"}},
{"type":"Feature","geometry":{"type":"Polygon","coordinates":[[[-97.22984260507363,50.087904608329985],[-97.22979118943967,50.07867529645082],[-97.22370980797115,50.079086101955326],[-97.22060160702554,50.08790718794499],[-97.22984260507363,50.087904608329985]]]},"properties":{"DAUID":"46140049","DGUID":"2021S051246140049","LANDAREA":0.4893,"PRUID":"46","Province":"MB"}},
{"type":"Feature","geometry":{"type":"Polygon","coordinates":[[[-97.25269072054346,50.063938211209994],[-97.2068607824631,50.0638867084102],[-97.207021179469,50.08618709434404],[-97.22060160702554,50.08790718794499],[-97.22370980797115,50.079086101955326],[-97.22979118943967,50.07867529645082],[-97.22984260507363,50.087904608329985],[-97.22986138845349,50.0934636023548],[-97.25272230096151,50.09344120974961],[-97.25269072054346,50.063938211209994]]]},"properties":{"DAUID":"46140050","DGUID":"2021S051246140050","LANDAREA":9.2902,"PRUID":"46","Province":"MB"}},
{"type":"Feature","geometry":{"type":"Polygon","coordinates":[[[-97.45949921625007,50.19700811037691],[-97.50564508795264,50.196828502388634],[-97.52862298146779,50.196861010336555],[-97.52855918558647,50.18207351204427],[-97.5515724138676,50.18209298923437],[-97.55149968350257,50.16735939344462],[-97.5972650988057,50.16721960921477],[-97.59724688099847,50.164970800653194],[-97.59724720311857,50.13769109218978],[-97.56254059825002,50.137725308358014],[-97.562535889319,50.13041288825333],[-97.55140139372367,50.13772180638325],[-97.5283539991062,50.13768380348024],[-97.52861769180757,50.12041799239431],[-97.48234218501489,50.09030249857129],[-97.4823402938383,50.06380468824236],[-97.4593977043192,50.06378129062497],[-97.4594224088356,50.122740390164026],[-97.45949921625007,50.19700811037691]]]},"properties":{"DAUID":"46140054","DGUID":"2021S051246140054","LANDAREA":77.141,"PRUID":"46","Province":"MB"}},
{"type":"Feature","geometry":{"type":"Polygon","coordinates":[[[-97.562535889319,50.13041288825333],[-97.5564916031382,50.122962506766484],[-97.52861769180757,50.12041799239431],[-97.5283539991062,50.13768380348024],[-97.55140139372367,50.13772180638325],[-97.562535889319,50.13041288825333]]]},"properties":{"DAUID":"46140055","DGUID":"2021S051246140055","LANDAREA":3.3844,"PRUID":"46","Province":"MB"}},
{"type":"Feature","geometry":{"type":"Polygon","coordinates":[[[-97.73509119694951,50.06380348942844],[-97.4823402938383,50.06380468824236],[-97.48234218501489,50.09030249857129],[-97.52861769180757,50.12041799239431],[-97.5564916031382,50.122962506766484],[-97.562535889319,50.13041288825333],[-97.56254059825002,50.137725308358014],[-97.59724720311857,50.13769109218978],[-97.64346911426017,50.13771860772229],[-97.64339650728225,50.12296709077967],[-97.73514301604715,50.122905602886526],[-97.73511228356409,50.108145594746084],[-97.7580511947053,50.10803351318525],[-97.75799819244862,50.093318288879374],[-97.78096911655012,50.09331898893198],[-97.78244409425777,50.12282660461272],[-97.87260659010181,50.122846608225984],[-97.87278678725833,50.08240140751186],[-97.87873300980608,50.07858249167127],[-97.83075080987508,50.07721878912597],[-97.81374727920054,50.0709723657988],[-97.80989650911968,50.063820905377185],[-97.73509119694951,50.06380348942844]]]},"properties":{"DAUID":"46140056","DGUID":"2021S051246140056","LANDAREA":172.498,"PRUID":"46","Province":"MB"}},
{"type":"Feature","geometry":{"type":"Polygon","coordinates":[[[-97.59724688099847,50.164970800653194],[-97.66897559722442,50.21147861272114],[-97.68929658704995,50.2115387916992],[-97.6893222909293,50.19678871044273],[-97.74372366545704,50.19673589571359],[-97.74105144228358,50.211548606691395],[-97.80691696024589,50.21139243642953],[-97.82714840334503,50.20072098723414],[-97.82713511140898,50.19630109441627],[-97.87266388534769,50.19600540456891],[-97.87260659010181,50.122846608225984],[-97.78244409425777,50.12282660461272],[-97.78096911655012,50.09331898893198],[-97.75799819244862,50.093318288879374],[-97.7580511947053,50.10803351318525],[-97.73511228356409,50.108145594746084],[-97.73514301604715,50.122905602886526],[-97.64339650728225,50.12296709077967],[-97.64346911426017,50.13771860772229],[-97.59724720311857,50.13769109218978],[-97.59724688099847,50.164970800653194]]]},"properties":{"DAUID":"46140057","DGUID":"2021S051246140057","LANDAREA":170.3643,"PRUID":"46","Province":"MB"}},
{"type":"Feature","geometry":{"type":"Polygon","coordinates":[[[-97.50564508795264,50.196828502388634],[-97.50565920308665,50.21163319074958],[-97.57468607899207,50.211673191732814],[-97.57504020080736,50.25576700675536],[-97.66749110282002,50.25570369400712],[-97.6662832185553,50.21152870827336],[-97.66897559722442,50.21147861272114],[-97.59724688099847,50.164970800653194],[-97.5972650988057,50.16721960921477],[-97.55149968350257,50.16735939344462],[-97.5515724138676,50.18209298923437],[-97.52855918558647,50.18207351204427],[-97.52862298146779,50.196861010336555],[-97.50564508795264,50.196828502388634]]]},"properties":{"DAUID":"46140058","DGUID":"2021S051246140058","LANDAREA":69.5823,"PRUID":"46","Province":"MB"}},
{"type":"Feature","geometry":{"type":"Polygon","coordinates":[[[-97.46053665558433,50.41877111156227],[-97.62461818935454,50.418233351299214],[-97.6078835818947,50.413866346549504],[-97.59858072779824,50.40373441836314],[-97.5987346695842,50.329615286277495],[-97.84550750486943,50.32962290038],[-97.82927239074056,50.31504340263981],[-97.66897559722442,50.21147861272114],[-97.6662832185553,50.21152870827336],[-97.66749110282002,50.25570369400712],[-97.57504020080736,50.25576700675536],[-97.57468607899207,50.211673191732814],[-97.50565920308665,50.21163319074958],[-97.50564508795264,50.196828502388634],[-97.45949921625007,50.19700811037691],[-97.45953728958163,50.22629410946844],[-97.46062465897711,50.29735410708373],[-97.45981471675896,50.38375870506499],[-97.46053665558433,50.41877111156227]]]},"properties":{"DAUID":"46140059","DGUID":"2021S051246140059","LANDAREA":332.074,"PRUID":"46","Province":"MB"}},
{"type":"Feature","geometry":{"type":"Polygon","coordinates":[[[-98.0100175993373,50.07845429737947],[-98.00907860863931,50.065017987950284],[-97.97370341098156,50.06681520634875],[-97.94737052973679,50.07680136214453],[-97.92991580930382,50.08357170747986],[-97.9020095903646,50.08322120101512],[-97.87873300980608,50.07858249167127],[-97.87278678725833,50.08240140751186],[-97.87260659010181,50.122846608225984],[-97.87266388534769,50.19600540456891],[-97.82713511140898,50.19630109441627],[-97.82714840334503,50.20072098723414],[-97.80691696024589,50.21139243642953],[-97.74105144228358,50.211548606691395],[-97.74372366545704,50.19673589571359],[-97.6893222909293,50.19678871044273],[-97.68929658704995,50.2115387916992],[-97.66897559722442,50.21147861272114],[-97.82927239074056,50.31504340263981],[-97.84550750486943,50.32962290038],[-97.97623954100978,50.329418854979124],[-98.00541966397739,50.31075683559619],[-98.01451624715142,50.307109884633455],[-98.01458661832469,50.24096750651118],[-98.01037298950742,50.240967390135275],[-98.00996133539684,50.21132076422499],[-98.0100175993373,50.07845429737947]]]},"properties":{"DAUID":"46140060","DGUID":"2021S051246140060","LANDAREA":372.5414,"PRUID":"46","Province":"MB"}},
{"type":"Feature","geometry":{"type":"Polygon","coordinates":[[[-101.39589775460676,50.59428396064242],[-101.41575743193609,50.59411390638895],[-101.40290797495801,50.57944792539553],[-101.39582845695926,50.57961423423436],[-101.39589775460676,50.59428396064242]]]},"properties":{"DAUID":"46150063","DGUID":"2021S051246150063","LANDAREA":1.6796,"PRUID":"46","Province":"MB"}},
{"type":"Feature","geometry":{"type":"Polygon","coordinates":[[[-101.41575743193609,50.59411390638895],[-101.4769949137952,50.5943875065414],[-101.4769002220769,50.48536376835902],[-101.4761241759783,50.43889132714056],[-101.47706680064951,50.32889480701444],[-101.36368266595372,50.32855607902984],[-101.19823023998288,50.32866337980115],[-101.2001341134152,50.37321999437583],[-101.19790563019201,50.38737417193845],[-101.19884313950467,50.46104150435908],[-101.2000750147679,50.47643099209903],[-101.19921697922976,50.550052695044954],[-101.19975340233464,50.594337861976506],[-101.22956161560482,50.59433660218956],[-101.3694165273876,50.59430740812826],[-101.39274619482072,50.594300506498726],[-101.39589775460676,50.59428396064242],[-101.39582845695926,50.57961423423436],[-101.40290797495801,50.57944792539553],[-101.41575743193609,50.59411390638895]],[[-101.34177882015898,50.57062267612452],[-101.34249134190058,50.57869578273716],[-101.33628611740222,50.57892187688049],[-101.33542087072188,50.57101013160043],[-101.34177882015898,50.57062267612452]],[[-101.38331286103744,50.560899219595726],[-101.38320721862532,50.56523252100685],[-101.36994354987085,50.565592438134836],[-101.37018701207947,50.561198024097955],[-101.38331286103744,50.560899219595726]],[[-101.29328123435032,50.43998326896194],[-101.3158467101277,50.43932160041195],[-101.31517024401342,50.454187694776266],[-101.29229990144941,50.454618000854296],[-101.29328123435032,50.43998326896194]]]},"properties":{"DAUID":"46150064","DGUID":"2021S051246150064","LANDAREA":572.0054,"PRUID":"46","Province":"MB"}},
{"type":"Feature","geometry":{"type":"Polygon","coordinates":[[[-101.38331286103744,50.560899219595726],[-101.37018701207947,50.561198024097955],[-101.36994354987085,50.565592438134836],[-101.38320721862532,50.56523252100685],[-101.38331286103744,50.560899219595726]]]},"properties":{"DAUID":"46150065","DGUID":"2021S051246150065","LANDAREA":0.4534,"PRUID":"46","Province":"MB"}},
{"type":"Feature","geometry":{"type":"Polygon","coordinates":[[[-101.34177882015898,50.57062267612452],[-101.33542087072188,50.57101013160043],[-101.33628611740222,50.57892187688049],[-101.34249134190058,50.57869578273716],[-101.34177882015898,50.57062267612452]]]},"properties":{"DAUID":"46150066","DGUID":"2021S051246150066","LANDAREA":0.3975,"PRUID":"46","Province":"MB"}},
{"type":"Feature","geometry":{"type":"Polygon","coordinates":[[[-101.29328123435032,50.43998326896194],[-101.29229990144941,50.454618000854296],[-101.31517024401342,50.454187694776266],[-101.3158467101277,50.43932160041195],[-101.29328123435032,50.43998326896194]]]},"properties":{"DAUID":"46150067","DGUID":"2021S051246150067","LANDAREA":2.7309,"PRUID":"46","Province":"MB"}},
{"type":"Feature","geometry":{"type":"Polygon","coordinates":[[[-101.19823023998288,50.32866337980115],[-100.87672318741052,50.32892259816171],[-100.78457868877163,50.328943607079296],[-100.78426559310793,50.41394798132061],[-100.78441598586609,50.594389105507425],[-100.95030869196201,50.5943748047289],[-101.19975340233464,50.594337861976506],[-101.19921697922976,50.550052695044954],[-101.2000750147679,50.47643099209903],[-101.19884313950467,50.46104150435908],[-101.19790563019201,50.38737417193845],[-101.2001341134152,50.37321999437583],[-101.19823023998288,50.32866337980115]],[[-101.01777025928158,50.40928895524587],[-101.075320026982,50.40885578959336],[-101.0751816606506,50.439522757507284],[-101.01608629944484,50.43970204647947],[-101.01777025928158,50.40928895524587]]]},"properties":{"DAUID":"46150068","DGUID":"2021S051246150068","LANDAREA":845.4014,"PRUID":"46","Province":"MB"}},
{"type":"Feature","geometry":{"type":"Polygon","coordinates":[[[-101.01777025928158,50.40928895524587],[-101.01608629944484,50.43970204647947],[-101.0751816606506,50.439522757507284],[-101.075320026982,50.40885578959336],[-101.01777025928158,50.40928895524587]]]},"properties":{"DAUID":"46150069","DGUID":"2021S051246150069","LANDAREA":14.1456,"PRUID":"46","Province":"MB"}},
{"type":"Feature","geometry":{"type":"Polygon","coordinates":[[[-100.78457868877163,50.328943607079296],[-100.60360718394261,50.32896360180107],[-100.58939669234933,50.328045281278385],[-100.50667596386357,50.32811949746675],[-100.50665327915769,50.42416806954426],[-100.50661055417358,50.594329631279926],[-100.53126928789735,50.5944597024334],[-100.78441598586609,50.594389105507425],[-100.78426559310793,50.41394798132061],[-100.78457868877163,50.328943607079296]],[[-100.57611748561342,50.43780819918229],[-100.57683231341947,50.43219530627868],[-100.59991518887783,50.43482119949994],[-100.59994709697357,50.44704360865588],[-100.57685858435356,50.44697211465358],[-100.57611748561342,50.43780819918229]]]},"properties":{"DAUID":"46150070","DGUID":"2021S051246150070","LANDAREA":563.0057,"PRUID":"46","Province":"MB"}},
{"type":"Feature","geometry":{"type":"Polygon","coordinates":[[[-100.59991518887783,50.43482119949994],[-100.59329521832476,50.43813190904459],[-100.57611748561342,50.43780819918229],[-100.57685858435356,50.44697211465358],[-100.59994709697357,50.44704360865588],[-100.59991518887783,50.43482119949994]]]},"properties":{"DAUID":"46150071","DGUID":"2021S051246150071","LANDAREA":1.6187,"PRUID":"46","Province":"MB"}},
{"type":"Feature","geometry":{"type":"Polygon","coordinates":[[[-100.57611748561342,50.43780819918229],[-100.59329521832476,50.43813190904459],[-100.59991518887783,50.43482119949994],[-100.57683231341947,50.43219530627868],[-100.57611748561342,50.43780819918229]]]},"properties":{"DAUID":"46150072","DGUID":"2021S051246150072","LANDAREA":0.8975,"PRUID":"46","Province":"MB"}},
{"type":"Feature","geometry":{"type":"Polygon","coordinates":[[[-100.50665327915769,50.42416806954426],[-100.47446098979401,50.41759151189118],[-100.40563898716827,50.41754399281088],[-100.39423598342319,50.41319331197885],[-100.3887334002709,50.40551539326157],[-100.37517199622567,50.39839139308304],[-100.27687180771429,50.3752645895877],[-100.23069278122354,50.35866509146569],[-100.23009871813002,50.41398341602796],[-100.23103701283843,50.52072378699775],[-100.23188900498091,50.55017409468174],[-100.23054931214782,50.59467040332015],[-100.50661055417358,50.594329631279926],[-100.50665327915769,50.42416806954426]],[[-100.33409789460902,50.5354116660333],[-100.33475836752363,50.57946311873245],[-100.27736229613751,50.579129208866256],[-100.27782851941421,50.5655620097776],[-100.26555345421902,50.565608995463876],[-100.26544499778379,50.55026390953982],[-100.27759768231257,50.550239191423934],[-100.27733050927473,50.53702799947059],[-100.31234467791731,50.52812820632455],[-100.31277309529911,50.53550963756254],[-100.33409789460902,50.5354116660333]]]},"properties":{"DAUID":"46150073","DGUID":"2021S051246150073","LANDAREA":381.1576,"PRUID":"46","Province":"MB"}},
{"type":"Feature","geometry":{"type":"Polygon","coordinates":[[[-100.33409789460902,50.5354116660333],[-100.31277309529911,50.53550963756254],[-100.31234467791731,50.52812820632455],[-100.27733050927473,50.53702799947059],[-100.27759768231257,50.550239191423934],[-100.26544499778379,50.55026390953982],[-100.26555345421902,50.565608995463876],[-100.27782851941421,50.5655620097776],[-100.27736229613751,50.579129208866256],[-100.33475836752363,50.57946311873245],[-100.33409789460902,50.5354116660333]]]},"properties":{"DAUID":"46150074","DGUID":"2021S051246150074","LANDAREA":21.4233,"PRUID":"46","Province":"MB"}},
{"type":"Feature","geometry":{"type":"Polygon","coordinates":[[[-100.50667596386357,50.32811949746675],[-100.43820691221131,50.32900479638307],[-100.23069958900305,50.329021089252215],[-100.23069278122354,50.35866509146569],[-100.27687180771429,50.3752645895877],[-100.37517199622567,50.39839139308304],[-100.3887334002709,50.40551539326157],[-100.39423598342319,50.41319331197885],[-100.40563898716827,50.41754399281088],[-100.47446098979401,50.41759151189118],[-100.50665327915769,50.42416806954426],[-100.50667596386357,50.32811949746675]]]},"properties":{"DAUID":"46150075","DGUID":"2021S051246150075","LANDAREA":146.4894,"PRUID":"46","Province":"MB"}},
{"type":"Feature","geometry":{"type":"Polygon","coordinates":[[[-100.04558488172965,50.491199699579134],[-100.04579829506392,50.52065169784373],[-100.0707900045334,50.51913849071542],[-100.07070013482631,50.49051023975969],[-100.04558488172965,50.491199699579134]]]},"properties":{"DAUID":"46150079","DGUID":"2021S051246150079","LANDAREA":3.9149,"PRUID":"46","Province":"MB"}},
{"type":"Feature","geometry":{"type":"Polygon","coordinates":[[[-99.83431748714749,50.594541811223735],[-99.83431272975025,50.65236851532117],[-99.90393276135117,50.65288273421517],[-99.90416365420624,50.66825895592617],[-99.915728480592,50.66581280902069],[-99.95075652779477,50.66565243451665],[-99.9507115819066,50.653561797273014],[-99.95979941519195,50.645367460064435],[-99.97398689842358,50.64624689969643],[-99.97447493154584,50.59443362775492],[-99.95415715987396,50.59441468090309],[-99.83431748714749,50.594541811223735]]]},"properties":{"DAUID":"46150080","DGUID":"2021S051246150080","LANDAREA":65.4081,"PRUID":"46","Province":"MB"}},
{"type":"Feature","geometry":{"type":"Polygon","coordinates":[[[-100.50661055417358,50.594329631279926],[-100.23054931214782,50.59467040332015],[-100.09164579686221,50.59433545668339],[-99.97447493154584,50.59443362775492],[-99.97398689842358,50.64624689969643],[-99.98562129498441,50.653372562619126],[-100.0204337860165,50.653398964873254],[-100.01989440005667,50.66366089271207],[-100.04339062412166,50.66372595561067],[-100.05484363316604,50.66800168753758],[-100.05643423572549,50.69763717666271],[-100.0786592184955,50.69762244025831],[-100.07865459485913,50.712357796010096],[-100.25321617482544,50.71238629569358],[-100.25330187748264,50.68287678233477],[-100.36887715900808,50.68295041979107],[-100.36885669785637,50.72652135301167],[-100.53143844988868,50.72711126314332],[-100.53205690681636,50.68307309384092],[-100.53126928789735,50.5944597024334],[-100.50661055417358,50.594329631279926]]]},"properties":{"DAUID":"46150081","DGUID":"2021S051246150081","LANDAREA":430.8962,"PRUID":"46","Province":"MB"}},
{"type":"Feature","geometry":{"type":"Polygon","coordinates":[[[-99.90724076827858,50.5057740733572],[-99.91889823203586,50.505785990955204],[-99.92023709139349,50.49104409311313],[-99.90727841847357,50.49090300725309],[-99.90724076827858,50.5057740733572]]]},"properties":{"DAUID":"46150083","DGUID":"2021S051246150083","LANDAREA":1.2886,"PRUID":"46","Province":"MB"}},
{"type":"Feature","geometry":{"type":"Polygon","coordinates":[[[-99.67637975242275,50.416883850584426],[-99.69667838635596,50.41746529958444],[-99.95263881717548,50.417485179975785],[-99.95351457039163,50.40988581237662],[-99.95340404134515,50.40314443168586],[-99.95343653761194,50.374189801643894],[-99.95368829962848,50.32894311268467],[-99.9542618005429,50.24089213080518],[-99.9346844901812,50.24023831184205],[-99.8845131994497,50.24050759577781],[-99.88444230202175,50.26257054739303],[-99.84130770876104,50.262293991383046],[-99.81521039130627,50.263038161434565],[-99.81547048453228,50.24047959938994],[-99.67704282096472,50.240496105868466],[-99.67711429953599,50.387929095959606],[-99.67637975242275,50.416883850584426]]]},"properties":{"DAUID":"46150084","DGUID":"2021S051246150084","LANDAREA":369.2011,"PRUID":"46","Province":"MB"}},
{"type":"Feature","geometry":{"type":"Polygon","coordinates":[[[-99.84130770876104,50.262293991383046],[-99.83876427869379,50.25328289194779],[-99.83068125833108,50.24372494796944],[-99.84210940529606,50.24220202234304],[-99.84382110896522,50.232631004677124],[-99.8207597824208,50.23326499969294],[-99.81547048453228,50.24047959938994],[-99.81521039130627,50.263038161434565],[-99.84130770876104,50.262293991383046]]]},"properties":{"DAUID":"46150085","DGUID":"2021S051246150085","LANDAREA":4.6343,"PRUID":"46","Province":"MB"}},
{"type":"Feature","geometry":{"type":"Polygon","coordinates":[[[-99.83876427869379,50.25328289194779],[-99.8386260885825,50.24940750701456],[-99.83852888025775,50.2470698897562],[-99.84210940529606,50.24220202234304],[-99.83068125833108,50.24372494796944],[-99.83876427869379,50.25328289194779]]]},"properties":{"DAUID":"46150086","DGUID":"2021S051246150086","LANDAREA":0.6529,"PRUID":"46","Province":"MB"}},
{"type":"Feature","geometry":{"type":"Polygon","coordinates":[[[-99.8386260885825,50.24940750701456],[-99.84855522988234,50.24331474629413],[-99.83852888025775,50.2470698897562],[-99.8386260885825,50.24940750701456]]]},"properties":{"DAUID":"46150087","DGUID":"2021S051246150087","LANDAREA":0.3665,"PRUID":"46","Province":"MB"}},
{"type":"Feature","geometry":{"type":"Polygon","coordinates":[[[-99.84210940529606,50.24220202234304],[-99.83852888025775,50.2470698897562],[-99.84855522988234,50.24331474629413],[-99.86661541388878,50.24049609074195],[-99.86684166308159,50.23279085371027],[-99.84382110896522,50.232631004677124],[-99.84210940529606,50.24220202234304]]]},"properties":{"DAUID":"46150088","DGUID":"2021S051246150088","LANDAREA":1.6933,"PRUID":"46","Province":"MB"}},
{"type":"Feature","geometry":{"type":"Polygon","coordinates":[[[-99.8845131994497,50.24050759577781],[-99.8760469133026,50.232845302174645],[-99.86684166308159,50.23279085371027],[-99.86661541388878,50.24049609074195],[-99.84855522988234,50.24331474629413],[-99.8386260885825,50.24940750701456],[-99.83876427869379,50.25328289194779],[-99.84130770876104,50.262293991383046],[-99.88444230202175,50.26257054739303],[-99.8845131994497,50.24050759577781]]]},"properties":{"DAUID":"46150089","DGUID":"2021S051246150089","LANDAREA":7.5998,"PRUID":"46","Province":"MB"}},
{"type":"Feature","geometry":{"type":"Polygon","coordinates":[[[-99.774728882291,50.063586303870466],[-99.66016660487301,50.06340400332438],[-99.6597103090724,50.1663336018203],[-99.6608099951152,50.2399600028343],[-99.67704282096472,50.240496105868466],[-99.81547048453228,50.24047959938994],[-99.8207597824208,50.23326499969294],[-99.84382110896522,50.232631004677124],[-99.86684166308159,50.23279085371027],[-99.8760469133026,50.232845302174645],[-99.8845131994497,50.24050759577781],[-99.9346844901812,50.24023831184205],[-99.93510698027495,50.20891819209152],[-99.93526828546378,50.06357299484107],[-99.774728882291,50.063586303870466]]]},"properties":{"DAUID":"46150090","DGUID":"2021S051246150090","LANDAREA":377.1042,"PRUID":"46","Province":"MB"}},
{"type":"Feature","geometry":{"type":"Polygon","coordinates":[[[-100.07206599276027,50.063609588413726],[-99.93526828546378,50.06357299484107],[-99.93510698027495,50.20891819209152],[-99.9346844901812,50.24023831184205],[-99.9542618005429,50.24089213080518],[-99.95368829962848,50.32894311268467],[-100.09177960491037,50.32871801253508],[-100.16135681603816,50.329365687600024],[-100.23069958900305,50.329021089252215],[-100.22955803353346,50.29954121774062],[-100.2308599967817,50.240545601266255],[-100.2102869051933,50.240554888045835],[-100.2102424958651,50.06356790884689],[-100.07206599276027,50.063609588413726]],[[-100.02811008939571,50.107848492880024],[-100.04959258846935,50.10790818860923],[-100.04892587156156,50.12255440654759],[-100.05931667876953,50.128775260599475],[-100.02203448810023,50.129271905605684],[-100.01423160684685,50.12253964024606],[-100.014093792493,50.11430028598832],[-100.02811008939571,50.107848492880024]]]},"properties":{"DAUID":"46150091","DGUID":"2021S051246150091","LANDAREA":559.8097,"PRUID":"46","Province":"MB"}},
{"type":"Feature","geometry":{"type":"Polygon","coordinates":[[[-100.02811008939571,50.107848492880024],[-100.014093792493,50.11430028598832],[-100.01423160684685,50.12253964024606],[-100.02203448810023,50.129271905605684],[-100.05931667876953,50.128775260599475],[-100.04892587156156,50.12255440654759],[-100.04959258846935,50.10790818860923],[-100.02811008939571,50.107848492880024]]]},"properties":{"DAUID":"46150092","DGUID":"2021S051246150092","LANDAREA":5.195,"PRUID":"46","Province":"MB"}},
{"type":"Feature","geometry":{"type":"Polygon","coordinates":[[[-100.48455418912002,50.06303690218077],[-100.47119435102091,50.063613507652065],[-100.2331856992631,50.06358720867214],[-100.2102424958651,50.06356790884689],[-100.2102869051933,50.240554888045835],[-100.2308599967817,50.240545601266255],[-100.22955803353346,50.29954121774062],[-100.23069958900305,50.329021089252215],[-100.43820691221131,50.32900479638307],[-100.50667596386357,50.32811949746675],[-100.507066987013,50.24461074192055],[-100.48498150044067,50.24063379657133],[-100.48455369403283,50.06313671097811],[-100.48455418912002,50.06303690218077]]]},"properties":{"DAUID":"46150093","DGUID":"2021S051246150093","LANDAREA":576.9799,"PRUID":"46","Province":"MB"}},
{"type":"Feature","geometry":{"type":"Polygon","coordinates":[[[-100.48455369403283,50.06313671097811],[-100.48498150044067,50.24063379657133],[-100.507066987013,50.24461074192055],[-100.50667596386357,50.32811949746675],[-100.58939669234933,50.328045281278385],[-100.60360718394261,50.32896360180107],[-100.78457868877163,50.328943607079296],[-100.78455810308505,50.242182992305715],[-100.75883248066535,50.24064451717377],[-100.75977558771216,50.21046069199372],[-100.75999498620298,50.063669710752336],[-100.59962120609528,50.063711297946085],[-100.48455369403283,50.06313671097811]],[[-100.5876073189555,50.18164489527917],[-100.59354066851623,50.17229735337163],[-100.61104717254298,50.17233045392509],[-100.61115480412627,50.18166340943753],[-100.61086326575722,50.18920509053031],[-100.58766053470103,50.18922681543257],[-100.5876073189555,50.18164489527917]]]},"properties":{"DAUID":"46150094","DGUID":"2021S051246150094","LANDAREA":574.3347,"PRUID":"46","Province":"MB"}},
{"type":"Feature","geometry":{"type":"Polygon","coordinates":[[[-100.61115480412627,50.18166340943753],[-100.5876073189555,50.18164489527917],[-100.58766053470103,50.18922681543257],[-100.61086326575722,50.18920509053031],[-100.61115480412627,50.18166340943753]]]},"properties":{"DAUID":"46150095","DGUID":"2021S051246150095","LANDAREA":1.4498,"PRUID":"46","Province":"MB"}},
{"type":"Feature","geometry":{"type":"Polygon","coordinates":[[[-100.5876073189555,50.18164489527917],[-100.61115480412627,50.18166340943753],[-100.61104717254298,50.17233045392509],[-100.59354066851623,50.17229735337163],[-100.5876073189555,50.18164489527917]]]},"properties":{"DAUID":"46150096","DGUID":"2021S051246150096","LANDAREA":1.8994,"PRUID":"46","Province":"MB"}},
{"type":"Feature","geometry":{"type":"Polygon","coordinates":[[[-100.8974110972172,50.0640110743337],[-100.75999498620298,50.063669710752336],[-100.75977558771216,50.21046069199372],[-100.75883248066535,50.24064451717377],[-100.78455810308505,50.242182992305715],[-100.78457868877163,50.328943607079296],[-100.87672318741052,50.32892259816171],[-100.87655418670876,50.24469199425469],[-100.87470151642519,50.23786811024226],[-100.87462608651064,50.17228069484688],[-100.87377030986134,50.166870704075436],[-100.89718299432886,50.16685029105404],[-100.89750949452281,50.152111606711955],[-101.03464260303244,50.15206510369934],[-101.0352689124161,50.12032029470906],[-101.0394885122568,50.10669998658144],[-101.0270530867612,50.092409113117675],[-101.02409370006174,50.07991279724084],[-101.03463101901286,50.063681605183895],[-100.8974110972172,50.0640110743337]]]},"properties":{"DAUID":"46150097","DGUID":"2021S051246150097","LANDAREA":336.7403,"PRUID":"46","Province":"MB"}},
{"type":"Feature","geometry":{"type":"Polygon","coordinates":[[[-101.03463101901286,50.063681605183895],[-101.02409370006174,50.07991279724084],[-101.0270530867612,50.092409113117675],[-101.0394885122568,50.10669998658144],[-101.0352689124161,50.12032029470906],[-101.03464260303244,50.15206510369934],[-100.89750949452281,50.152111606711955],[-100.89718299432886,50.16685029105404],[-100.87377030986134,50.166870704075436],[-100.87462608651064,50.17228069484688],[-100.87470151642519,50.23786811024226],[-100.87655418670876,50.24469199425469],[-100.87672318741052,50.32892259816171],[-101.19823023998288,50.32866337980115],[-101.20051772317275,50.29946854226515],[-101.13111410086184,50.2995510085754],[-101.13136641307017,50.25530870994385],[-101.13009116983335,50.24025080365562],[-101.1702737473983,50.24030781114406],[-101.18137939379092,50.25291615558765],[-101.19277100279156,50.25692019686507],[-101.19809297322743,50.27186212572623],[-101.19199686593211,50.28136355315026],[-101.19983141200161,50.28541565630578],[-101.20218017374957,50.240466495588656],[-101.1722293884041,50.24051688478815],[-101.1722580111717,50.166941009537176],[-101.17152766971228,50.13421694115658],[-101.17210685803643,50.06366983940669],[-101.03463101901286,50.063681605183895]]]},"properties":{"DAUID":"46150098","DGUID":"2021S051246150098","LANDAREA":498.3981,"PRUID":"46","Province":"MB"}},
{"type":"Feature","geometry":{"type":"Polygon","coordinates":[[[-101.20051772317275,50.29946854226515],[-101.19596885305711,50.291587535131704],[-101.19983141200161,50.28541565630578],[-101.19199686593211,50.28136355315026],[-101.19809297322743,50.27186212572623],[-101.19277100279156,50.25692019686507],[-101.18137939379092,50.25291615558765],[-101.1702737473983,50.24030781114406],[-101.13009116983335,50.24025080365562],[-101.13136641307017,50.25530870994385],[-101.13111410086184,50.2995510085754],[-101.20051772317275,50.29946854226515]]]},"properties":{"DAUID":"46150099","DGUID":"2021S051246150099","LANDAREA":27.8828,"PRUID":"46","Province":"MB"}},
{"type":"Feature","geometry":{"type":"Polygon","coordinates":[[[-101.17210685803643,50.06366983940669],[-101.17152766971228,50.13421694115658],[-101.1722580111717,50.166941009537176],[-101.1722293884041,50.24051688478815],[-101.20218017374957,50.240466495588656],[-101.19983141200161,50.28541565630578],[-101.19596885305711,50.291587535131704],[-101.20051772317275,50.29946854226515],[-101.19823023998288,50.32866337980115],[-101.36368266595372,50.32855607902984],[-101.47706680064951,50.32889480701444],[-101.47672111132731,50.24050443347136],[-101.44715800144078,50.24052438497551],[-101.44730600459759,50.06400026458524],[-101.37834630410353,50.06355491140076],[-101.17210685803643,50.06366983940669]]]},"properties":{"DAUID":"46150100","DGUID":"2021S051246150100","LANDAREA":578.3997,"PRUID":"46","Province":"MB"}},
{"type":"Feature","geometry":{"type":"Polygon","coordinates":[[[-99.49440690928964,50.22632521091908],[-99.4885782728512,50.21040446127759],[-99.45499551718584,50.211295700586916],[-99.45520896095454,50.21798363174201],[-99.46903059962081,50.22620550336157],[-99.47261970511377,50.226226992934016],[-99.4773150095853,50.235930005751584],[-99.45672998165469,50.23736181112173],[-99.4545000984289,50.23143469424047],[-99.4548009092809,50.22620809203959],[-99.431696881392,50.22619730886006],[-99.43113909510335,50.2405264088471],[-99.43506901677792,50.246978632893914],[-99.49254499979554,50.24661088674231],[-99.49267051606317,50.240520109201654],[-99.49440690928964,50.22632521091908]]]},"properties":{"DAUID":"46150102","DGUID":"2021S051246150102","LANDAREA":11.2854,"PRUID":"46","Province":"MB"}},
{"type":"Feature","geometry":{"type":"Polygon","coordinates":[[[-99.431696881392,50.22619730886006],[-99.4548009092809,50.22620809203959],[-99.4545000984289,50.23143469424047],[-99.46750168704872,50.2318688060551],[-99.46756921443779,50.230168710801365],[-99.463766786572,50.22698210652135],[-99.45520896095454,50.21798363174201],[-99.45499551718584,50.211295700586916],[-99.431661283257,50.211384706121166],[-99.431696881392,50.22619730886006]]]},"properties":{"DAUID":"46150104","DGUID":"2021S051246150104","LANDAREA":3.142,"PRUID":"46","Province":"MB"}},
{"type":"Feature","geometry":{"type":"Polygon","coordinates":[[[-99.45520896095454,50.21798363174201],[-99.463766786572,50.22698210652135],[-99.46903059962081,50.22620550336157],[-99.45520896095454,50.21798363174201]]]},"properties":{"DAUID":"46150105","DGUID":"2021S051246150105","LANDAREA":0.5558,"PRUID":"46","Province":"MB"}},
{"type":"Feature","geometry":{"type":"Polygon","coordinates":[[[-99.46903059962081,50.22620550336157],[-99.463766786572,50.22698210652135],[-99.46756921443779,50.230168710801365],[-99.47261970511377,50.226226992934016],[-99.46903059962081,50.22620550336157]]]},"properties":{"DAUID":"46150106","DGUID":"2021S051246150106","LANDAREA":0.2219,"PRUID":"46","Province":"MB"}},
{"type":"Feature","geometry":{"type":"Polygon","coordinates":[[[-99.47261970511377,50.226226992934016],[-99.46756921443779,50.230168710801365],[-99.46750168704872,50.2318688060551],[-99.47013531375681,50.235905307150674],[-99.4773150095853,50.235930005751584],[-99.47261970511377,50.226226992934016]]]},"properties":{"DAUID":"46150107","DGUID":"2021S051246150107","LANDAREA":0.5911,"PRUID":"46","Province":"MB"}},
{"type":"Feature","geometry":{"type":"Polygon","coordinates":[[[-99.45672998165469,50.23736181112173],[-99.47013531375681,50.235905307150674],[-99.46750168704872,50.2318688060551],[-99.4545000984289,50.23143469424047],[-99.45672998165469,50.23736181112173]]]},"properties":{"DAUID":"46150108","DGUID":"2021S051246150108","LANDAREA":0.5966,"PRUID":"46","Province":"MB"}},
{"type":"Feature","geometry":{"type":"Polygon","coordinates":[[[-99.4773150095853,50.235930005751584],[-99.47013531375681,50.235905307150674],[-99.45672998165469,50.23736181112173],[-99.4773150095853,50.235930005751584]]]},"properties":{"DAUID":"46150109","DGUID":"2021S051246150109","LANDAREA":0.6932,"PRUID":"46","Province":"MB"}},
{"type":"Feature","geometry":{"type":"Polygon","coordinates":[[[-99.49267051606317,50.240520109201654],[-99.49254499979554,50.24661088674231],[-99.43506901677792,50.246978632893914],[-99.43113909510335,50.2405264088471],[-99.40071847414312,50.240523898375],[-99.40032649031042,50.32887320603272],[-99.40044390253543,50.38796029345958],[-99.46978048935348,50.38798880190748],[-99.46974727928104,50.3732395943997],[-99.51464899362082,50.373193497598045],[-99.53859238395232,50.375207603356046],[-99.605712911553,50.37492239419406],[-99.61921250213197,50.388881187520994],[-99.67711429953599,50.387929095959606],[-99.67704282096472,50.240496105868466],[-99.6608099951152,50.2399600028343],[-99.65958350852281,50.24050659106844],[-99.49267051606317,50.240520109201654]]]},"properties":{"DAUID":"46150111","DGUID":"2021S051246150111","LANDAREA":304.9157,"PRUID":"46","Province":"MB"}},
{"type":"Feature","geometry":{"type":"Polygon","coordinates":[[[-99.40043502071147,50.44700230944761],[-99.46993021649551,50.44722808688265],[-99.46780281071938,50.579906089283156],[-99.4729146142443,50.60940108667466],[-99.47323211902223,50.62414860522702],[-99.46165758903807,50.62679799914014],[-99.46177020855876,50.63893429274654],[-99.55485119718533,50.63901695360281],[-99.6687882546153,50.639396044619566],[-99.69491935062274,50.6388134466358],[-99.69494275923206,50.594449570212326],[-99.67730387974161,50.59442262558915],[-99.6772067933125,50.44180868942802],[-99.67637975242275,50.416883850584426],[-99.67711429953599,50.387929095959606],[-99.61921250213197,50.388881187520994],[-99.605712911553,50.37492239419406],[-99.53859238395232,50.375207603356046],[-99.51464899362082,50.373193497598045],[-99.46974727928104,50.3732395943997],[-99.46978048935348,50.38798880190748],[-99.40044390253543,50.38796029345958],[-99.40043502071147,50.44700230944761]]]},"properties":{"DAUID":"46150112","DGUID":"2021S051246150112","LANDAREA":461.1648,"PRUID":"46","Province":"MB"}},
{"type":"Feature","geometry":{"type":"Polygon","coordinates":[[[-99.41516727491263,50.63921054043186],[-99.46177020855876,50.63893429274654],[-99.46165758903807,50.62679799914014],[-99.47323211902223,50.62414860522702],[-99.4729146142443,50.60940108667466],[-99.46780281071938,50.579906089283156],[-99.46993021649551,50.44722808688265],[-99.40043502071147,50.44700230944761],[-99.40048299298472,50.50607960365156],[-99.39977632625528,50.53924440409946],[-99.40051391512843,50.5946899010891],[-99.41512240938262,50.594647695556084],[-99.41516727491263,50.63921054043186]]]},"properties":{"DAUID":"46150113","DGUID":"2021S051246150113","LANDAREA":98.6034,"PRUID":"46","Province":"MB"}},
{"type":"Feature","geometry":{"type":"Polygon","coordinates":[[[-99.85989480620117,50.49340682142356],[-99.88118156209893,50.487402641858154],[-99.85988189436014,50.48338150174858],[-99.8475389148872,50.476316206249706],[-99.8468147557948,50.49161823316359],[-99.85989480620117,50.49340682142356]]]},"properties":{"DAUID":"46150115","DGUID":"2021S051246150115","LANDAREA":2.7626,"PRUID":"46","Province":"MB"}},
{"type":"Feature","geometry":{"type":"Polygon","coordinates":[[[-99.90880999774666,50.461492519998004],[-99.90883746200771,50.46857139622089],[-99.9189158730938,50.46846936680094],[-99.91892499184927,50.46162860201257],[-99.90880999774666,50.461492519998004]]]},"properties":{"DAUID":"46150116","DGUID":"2021S051246150116","LANDAREA":0.5539,"PRUID":"46","Province":"MB"}},
{"type":"Feature","geometry":{"type":"Polygon","coordinates":[[[-99.95415715987396,50.59441468090309],[-99.95312391541877,50.5132373904371],[-99.95250203896259,50.50611201368693],[-99.94250954941532,50.49878170729316],[-99.94260105423774,50.491265496744866],[-99.95197000743853,50.4912854921429],[-99.95412139904934,50.432194310610775],[-99.95263881717548,50.417485179975785],[-99.69667838635596,50.41746529958444],[-99.67637975242275,50.416883850584426],[-99.6772067933125,50.44180868942802],[-99.67730387974161,50.59442262558915],[-99.69494275923206,50.594449570212326],[-99.73322458904119,50.59554970243981],[-99.83431748714749,50.594541811223735],[-99.95415715987396,50.59441468090309]],[[-99.90724076827858,50.5057740733572],[-99.90727841847357,50.49090300725309],[-99.92023709139349,50.49104409311313],[-99.91889823203586,50.505785990955204],[-99.90724076827858,50.5057740733572]],[[-99.85989480620117,50.49340682142356],[-99.8468147557948,50.49161823316359],[-99.8475389148872,50.476316206249706],[-99.85988189436014,50.48338150174858],[-99.88118156209893,50.487402641858154],[-99.85989480620117,50.49340682142356]],[[-99.90880999774666,50.461492519998004],[-99.91892499184927,50.46162860201257],[-99.9189158730938,50.46846936680094],[-99.90883746200771,50.46857139622089],[-99.90880999774666,50.461492519998004]],[[-99.94260105423774,50.491265496744866],[-99.93160218885563,50.49116051086052],[-99.93149811453034,50.484035615535305],[-99.94263563060538,50.48415040603081],[-99.94260105423774,50.491265496744866]]]},"properties":{"DAUID":"46150117","DGUID":"2021S051246150117","LANDAREA":356.7624,"PRUID":"46","Province":"MB"}},
{"type":"Feature","geometry":{"type":"Polygon","coordinates":[[[-99.94260105423774,50.491265496744866],[-99.94263563060538,50.48415040603081],[-99.93149811453034,50.484035615535305],[-99.93160218885563,50.49116051086052],[-99.94260105423774,50.491265496744866]]]},"properties":{"DAUID":"46150118","DGUID":"2021S051246150118","LANDAREA":0.6091,"PRUID":"46","Province":"MB"}},
{"type":"Feature","geometry":{"type":"Polygon","coordinates":[[[-100.23069278122354,50.35866509146569],[-100.23069958900305,50.329021089252215],[-100.16135681603816,50.329365687600024],[-100.09177960491037,50.32871801253508],[-99.95368829962848,50.32894311268467],[-99.95343653761194,50.374189801643894],[-99.96484682102796,50.381201296763706],[-99.9767851634566,50.38093091444882],[-99.9973894484152,50.394994810172086],[-99.97549174671299,50.39568831087533],[-99.97553938840197,50.40254352104481],[-100.01061366388242,50.40270175666727],[-100.01080882269189,50.41710533208891],[-99.99888131175685,50.41726866917489],[-99.9987835546988,50.42472778574138],[-100.02240184128193,50.42470885117254],[-100.02130906417526,50.475839293269324],[-100.04588151162254,50.47653751039763],[-100.04558488172965,50.491199699579134],[-100.07070013482631,50.49051023975969],[-100.0707900045334,50.51913849071542],[-100.08173709402475,50.521033807090326],[-100.0956450811907,50.515489688765776],[-100.13552558207861,50.516276696888504],[-100.16955931376323,50.52528408679116],[-100.18539098869569,50.520303392134046],[-100.23103701283843,50.52072378699775],[-100.23009871813002,50.41398341602796],[-100.23069278122354,50.35866509146569]]]},"properties":{"DAUID":"46150120","DGUID":"2021S051246150120","LANDAREA":318.754,"PRUID":"46","Province":"MB"}},
{"type":"Feature","geometry":{"type":"Polygon","coordinates":[[[-99.95351457039163,50.40988581237662],[-99.97554770188052,50.40988712868663],[-99.97553938840197,50.40254352104481],[-99.95340404134515,50.40314443168586],[-99.95351457039163,50.40988581237662]]]},"properties":{"DAUID":"46150121","DGUID":"2021S051246150121","LANDAREA":1.2097,"PRUID":"46","Province":"MB"}},
{"type":"Feature","geometry":{"type":"Polygon","coordinates":[[[-99.95340404134515,50.40314443168586],[-99.97553938840197,50.40254352104481],[-99.97549174671299,50.39568831087533],[-99.9973894484152,50.394994810172086],[-99.9767851634566,50.38093091444882],[-99.96484682102796,50.381201296763706],[-99.95343653761194,50.374189801643894],[-99.95340404134515,50.40314443168586]]]},"properties":{"DAUID":"46150122","DGUID":"2021S051246150122","LANDAREA":6.2065,"PRUID":"46","Province":"MB"}},
{"type":"Feature","geometry":{"type":"Polygon","coordinates":[[[-100.23103701283843,50.52072378699775],[-100.18539098869569,50.520303392134046],[-100.16955931376323,50.52528408679116],[-100.13552558207861,50.516276696888504],[-100.0956450811907,50.515489688765776],[-100.08173709402475,50.521033807090326],[-100.0707900045334,50.51913849071542],[-100.04579829506392,50.52065169784373],[-100.04558488172965,50.491199699579134],[-100.02276002100649,50.491186708875716],[-100.02273958327595,50.50590929782909],[-99.96164322007837,50.50608844264931],[-99.95312391541877,50.5132373904371],[-99.95415715987396,50.59441468090309],[-99.97447493154584,50.59443362775492],[-100.09164579686221,50.59433545668339],[-100.23054931214782,50.59467040332015],[-100.23188900498091,50.55017409468174],[-100.23103701283843,50.52072378699775]]]},"properties":{"DAUID":"46150124","DGUID":"2021S051246150124","LANDAREA":148.252,"PRUID":"46","Province":"MB"}},
{"type":"Feature","geometry":{"type":"Polygon","coordinates":[[[-99.95250203896259,50.50611201368693],[-99.95265818208108,50.507901136322744],[-99.95673041167126,50.507828659629986],[-99.95671446897559,50.50610126454426],[-99.95250203896259,50.50611201368693]]]},"properties":{"DAUID":"46150126","DGUID":"2021S051246150126","LANDAREA":0.0313,"PRUID":"46","Province":"MB"}},
{"type":"Feature","geometry":{"type":"Polygon","coordinates":[[[-99.95263881717548,50.417485179975785],[-99.95412139904934,50.432194310610775],[-99.95197000743853,50.4912854921429],[-99.94260105423774,50.491265496744866],[-99.94250954941532,50.49878170729316],[-99.95250203896259,50.50611201368693],[-99.95312391541877,50.5132373904371],[-99.96164322007837,50.50608844264931],[-100.02273958327595,50.50590929782909],[-100.02276002100649,50.491186708875716],[-100.04558488172965,50.491199699579134],[-100.04588151162254,50.47653751039763],[-100.02130906417526,50.475839293269324],[-100.02240184128193,50.42470885117254],[-99.9987835546988,50.42472778574138],[-99.99888131175685,50.41726866917489],[-100.01080882269189,50.41710533208891],[-100.01061366388242,50.40270175666727],[-99.97553938840197,50.40254352104481],[-99.97554770188052,50.40988712868663],[-99.95351457039163,50.40988581237662],[-99.95263881717548,50.417485179975785]],[[-99.95250203896259,50.50611201368693],[-99.95671446897559,50.50610126454426],[-99.95673041167126,50.507828659629986],[-99.95265818208108,50.507901136322744],[-99.95250203896259,50.50611201368693]]]},"properties":{"DAUID":"46150127","DGUID":"2021S051246150127","LANDAREA":52.3398,"PRUID":"46","Province":"MB"}},
{"type":"Feature","geometry":{"type":"Polygon","coordinates":[[[-101.25975789155711,51.449274391427934],[-101.25948487222895,51.5269955285265],[-101.26067245256213,51.537058280613216],[-101.2598713558065,51.621363120183986],[-101.3989866470895,51.62108931912718],[-101.39955466606109,51.565029422167314],[-101.42896739353932,51.5668543055229],[-101.57052208161707,51.566356391275235],[-101.57056830098396,51.47869058821018],[-101.42823196358388,51.47848658873564],[-101.42889201593194,51.44924540818116],[-101.35344027120692,51.44971882114805],[-101.25975789155711,51.449274391427934]]]},"properties":{"DAUID":"46160032","DGUID":"2021S051246160032","LANDAREA":296.8872,"PRUID":"46","Province":"MB"}},
{"type":"Feature","geometry":{"type":"Polygon","coordinates":[[[-101.57056830098396,51.47869058821018],[-101.5706280118181,51.404948911368685],[-101.57060175490757,51.39780754116771],[-101.57054393736705,51.30187588818352],[-101.5391527005443,51.30186450332196],[-101.53952726088752,51.27913818429831],[-101.53664224442912,51.29046071370909],[-101.52450936262748,51.29472532003315],[-101.52299460562618,51.30184460256322],[-101.41806240190623,51.301928008903715],[-101.41222811812771,51.31105110879328],[-101.40030049010498,51.310999490499405],[-101.39860050124251,51.3001429100366],[-101.39860869963445,51.22818339997724],[-101.37557551191367,51.22818578630749],[-101.37555098096088,51.23565600335675],[-101.35934722261575,51.23548441034825],[-101.33664414940719,51.23543856134818],[-101.33638501175464,51.22819980204362],[-101.31379098574315,51.22609651229254],[-101.30288181673941,51.22820941131161],[-101.2703784904889,51.229330393748334],[-101.25941540984489,51.227474094818554],[-101.25807670088655,51.23114239853221],[-101.25828754210929,51.27663289971549],[-101.2598100059624,51.33250260052576],[-101.25975789155711,51.449274391427934],[-101.35344027120692,51.44971882114805],[-101.42889201593194,51.44924540818116],[-101.42823196358388,51.47848658873564],[-101.57056830098396,51.47869058821018]]]},"properties":{"DAUID":"46160033","DGUID":"2021S051246160033","LANDAREA":457.8184,"PRUID":"46","Province":"MB"}},
{"type":"Feature","geometry":{"type":"Polygon","coordinates":[[[-101.37557551191367,51.22818578630749],[-101.37179920869075,51.22817889242859],[-101.35973181114453,51.22816470234656],[-101.35667582040686,51.230870407619946],[-101.35934722261575,51.23548441034825],[-101.37555098096088,51.23565600335675],[-101.37557551191367,51.22818578630749]]]},"properties":{"DAUID":"46160034","DGUID":"2021S051246160034","LANDAREA":1.0201,"PRUID":"46","Province":"MB"}},
{"type":"Feature","geometry":{"type":"Polygon","coordinates":[[[-101.35934722261575,51.23548441034825],[-101.35667582040686,51.230870407619946],[-101.34421100601757,51.22814840718195],[-101.33638501175464,51.22819980204362],[-101.33664414940719,51.23543856134818],[-101.35934722261575,51.23548441034825]]]},"properties":{"DAUID":"46160035","DGUID":"2021S051246160035","LANDAREA":1.1591,"PRUID":"46","Province":"MB"}},
{"type":"Feature","geometry":{"type":"Polygon","coordinates":[[[-101.35973181114453,51.22816470234656],[-101.35218228338579,51.21816229715504],[-101.34421100601757,51.22814840718195],[-101.35667582040686,51.230870407619946],[-101.35973181114453,51.22816470234656]]]},"properties":{"DAUID":"46160036","DGUID":"2021S051246160036","LANDAREA":0.6863,"PRUID":"46","Province":"MB"}},
{"type":"Feature","geometry":{"type":"Polygon","coordinates":[[[-101.37179920869075,51.22817889242859],[-101.36363211148182,51.21596333151484],[-101.35218228338579,51.21816229715504],[-101.35973181114453,51.22816470234656],[-101.37179920869075,51.22817889242859]]]},"properties":{"DAUID":"46160037","DGUID":"2021S051246160037","LANDAREA":0.9885,"PRUID":"46","Province":"MB"}},
{"type":"Feature","geometry":{"type":"Polygon","coordinates":[[[-101.33638501175464,51.22819980204362],[-101.34421100601757,51.22814840718195],[-101.35218228338579,51.21816229715504],[-101.36363211148182,51.21596333151484],[-101.37179920869075,51.22817889242859],[-101.37557551191367,51.22818578630749],[-101.39860869963445,51.22818339997724],[-101.39860050124251,51.3001429100366],[-101.40030049010498,51.310999490499405],[-101.41222811812771,51.31105110879328],[-101.41806240190623,51.301928008903715],[-101.52299460562618,51.30184460256322],[-101.52450936262748,51.29472532003315],[-101.53664224442912,51.29046071370909],[-101.53952726088752,51.27913818429831],[-101.53974453476154,51.26549039394041],[-101.5388538857073,51.228311989327565],[-101.53904369164002,51.12506090616798],[-101.42896641477762,51.12494080556998],[-101.30769937638259,51.1254637624884],[-101.26497249845818,51.12501800087102],[-101.25844690744958,51.12503461783604],[-101.25815320379995,51.223927997502706],[-101.25941540984489,51.227474094818554],[-101.2703784904889,51.229330393748334],[-101.30288181673941,51.22820941131161],[-101.31379098574315,51.22609651229254],[-101.33638501175464,51.22819980204362]]]},"properties":{"DAUID":"46160038","DGUID":"2021S051246160038","LANDAREA":280.0803,"PRUID":"46","Province":"MB"}},
{"type":"Feature","geometry":{"type":"Polygon","coordinates":[[[-101.25941540984489,51.227474094818554],[-101.25815320379995,51.223927997502706],[-101.25844690744958,51.12503461783604],[-101.1251767991962,51.12509537553729],[-100.97678711643566,51.12550700583457],[-100.97681119284974,51.2137046127263],[-100.9766726047992,51.221161887463744],[-101.03518410680778,51.222207995906025],[-101.03516631422923,51.23720211138705],[-100.98852182909144,51.23696752848072],[-100.9875328178926,51.257832897387686],[-100.9766150151759,51.25768121054462],[-100.9782972037262,51.301991383237194],[-100.97848297062808,51.36188566897229],[-100.9786961309569,51.44929694932559],[-101.12144380603708,51.44923064289915],[-101.18037511320395,51.44969974116046],[-101.25975789155711,51.449274391427934],[-101.2598100059624,51.33250260052576],[-101.25828754210929,51.27663289971549],[-101.25807670088655,51.23114239853221],[-101.25941540984489,51.227474094818554]]]},"properties":{"DAUID":"46160039","DGUID":"2021S051246160039","LANDAREA":656.3144,"PRUID":"46","Province":"MB"}},
{"type":"Feature","geometry":{"type":"Polygon","coordinates":[[[-100.97681119284974,51.2137046127263],[-100.96509060290668,51.20611891527841],[-100.92978529008303,51.20624193065351],[-100.92983911454773,51.19885849053066],[-100.88397978802095,51.198901826641176],[-100.88427498945012,51.21386469759217],[-100.88304407134747,51.25759460543989],[-100.9766150151759,51.25768121054462],[-100.9875328178926,51.257832897387686],[-100.98852182909144,51.23696752848072],[-101.03516631422923,51.23720211138705],[-101.03518410680778,51.222207995906025],[-100.9766726047992,51.221161887463744],[-100.97681119284974,51.2137046127263]]]},"properties":{"DAUID":"46160040","DGUID":"2021S051246160040","LANDAREA":46.2016,"PRUID":"46","Province":"MB"}},
{"type":"Feature","geometry":{"type":"Polygon","coordinates":[[[-101.26497249845818,51.12501800087102],[-101.25820559217682,51.10466109381401],[-101.25840181434691,50.9734813026794],[-101.24599021145553,50.96395329569752],[-101.24622120173386,50.9483712087593],[-101.30286030772496,50.94840089021941],[-101.29947798620563,50.93352840769499],[-101.29940140103638,50.85981390861065],[-101.22966468524477,50.859710589818675],[-100.94995461980577,50.85972207707563],[-100.94874056140326,50.85972450097871],[-100.95057279269787,50.87149699394548],[-100.95035464198803,50.94818372544947],[-100.97583222207587,50.94794650667731],[-100.97663008736622,51.03672007812914],[-100.97811986471366,51.0700928206636],[-100.97678711643566,51.12550700583457],[-101.1251767991962,51.12509537553729],[-101.25844690744958,51.12503461783604],[-101.26497249845818,51.12501800087102]]]},"properties":{"DAUID":"46160041","DGUID":"2021S051246160041","LANDAREA":590.1168,"PRUID":"46","Province":"MB"}},
{"type":"Feature","geometry":{"type":"Polygon","coordinates":[[[-101.53904369164002,51.12506090616798],[-101.53898869893301,50.94849531196237],[-101.50869461731307,50.94848513072267],[-101.50884240637416,50.859814688233485],[-101.29940140103638,50.85981390861065],[-101.29947798620563,50.93352840769499],[-101.30286030772496,50.94840089021941],[-101.24622120173386,50.9483712087593],[-101.24599021145553,50.96395329569752],[-101.25840181434691,50.9734813026794],[-101.25820559217682,51.10466109381401],[-101.26497249845818,51.12501800087102],[-101.30769937638259,51.1254637624884],[-101.42896641477762,51.12494080556998],[-101.53904369164002,51.12506090616798]]]},"properties":{"DAUID":"46160042","DGUID":"2021S051246160042","LANDAREA":501.5869,"PRUID":"46","Province":"MB"}},
{"type":"Feature","geometry":{"type":"Polygon","coordinates":[[[-101.39589775460676,50.59428396064242],[-101.39274619482072,50.594300506498726],[-101.39277656677788,50.602149020262814],[-101.3694863665652,50.60215688782935],[-101.3694165273876,50.59430740812826],[-101.22956161560482,50.59433660218956],[-101.22991534825373,50.653184652651916],[-101.22966468524477,50.859710589818675],[-101.29940140103638,50.85981390861065],[-101.50884240637416,50.859814688233485],[-101.50879368039035,50.683109895442094],[-101.50872882326874,50.59439335144779],[-101.4769949137952,50.5943875065414],[-101.41575743193609,50.59411390638895],[-101.39589775460676,50.59428396064242]],[[-101.34559168298482,50.617170991175],[-101.34555220016634,50.60954299455841],[-101.3560015587604,50.60942277727925],[-101.35595559256484,50.616799985905615],[-101.34559168298482,50.617170991175]],[[-101.29233496255864,50.628012531672915],[-101.27592589947315,50.6321690051121],[-101.27589261779853,50.62092710076683],[-101.28964402949079,50.62117627911543],[-101.29233496255864,50.628012531672915]],[[-101.27608678348842,50.77146230773761],[-101.29469741427123,50.77156746948082],[-101.29512978231412,50.781318197042914],[-101.2954500552327,50.788499920000554],[-101.27178498673928,50.786221211607334],[-101.27608678348842,50.77146230773761]]]},"properties":{"DAUID":"46160043","DGUID":"2021S051246160043","LANDAREA":565.1626,"PRUID":"46","Province":"MB"}},
{"type":"Feature","geometry":{"type":"Polygon","coordinates":[[[-101.29233496255864,50.628012531672915],[-101.28964402949079,50.62117627911543],[-101.27589261779853,50.62092710076683],[-101.27592589947315,50.6321690051121],[-101.29233496255864,50.628012531672915]]]},"properties":{"DAUID":"46160044","DGUID":"2021S051246160044","LANDAREA":1.396,"PRUID":"46","Province":"MB"}},
{"type":"Feature","geometry":{"type":"Polygon","coordinates":[[[-101.34559168298482,50.617170991175],[-101.35595559256484,50.616799985905615],[-101.3560015587604,50.60942277727925],[-101.34555220016634,50.60954299455841],[-101.34559168298482,50.617170991175]]]},"properties":{"DAUID":"46160045","DGUID":"2021S051246160045","LANDAREA":0.6147,"PRUID":"46","Province":"MB"}},
{"type":"Feature","geometry":{"type":"Polygon","coordinates":[[[-101.3694165273876,50.59430740812826],[-101.3694863665652,50.60215688782935],[-101.39277656677788,50.602149020262814],[-101.39274619482072,50.594300506498726],[-101.3694165273876,50.59430740812826]]]},"properties":{"DAUID":"46160046","DGUID":"2021S051246160046","LANDAREA":1.4389,"PRUID":"46","Province":"MB"}},
{"type":"Feature","geometry":{"type":"Polygon","coordinates":[[[-101.27608678348842,50.77146230773761],[-101.28491849632859,50.781255206225254],[-101.29512978231412,50.781318197042914],[-101.29469741427123,50.77156746948082],[-101.27608678348842,50.77146230773761]]]},"properties":{"DAUID":"46160047","DGUID":"2021S051246160047","LANDAREA":1.0626,"PRUID":"46","Province":"MB"}},
{"type":"Feature","geometry":{"type":"Polygon","coordinates":[[[-101.27178498673928,50.786221211607334],[-101.28491849632859,50.781255206225254],[-101.27608678348842,50.77146230773761],[-101.27178498673928,50.786221211607334]]]},"properties":{"DAUID":"46160048","DGUID":"2021S051246160048","LANDAREA":0.9867,"PRUID":"46","Province":"MB"}},
{"type":"Feature","geometry":{"type":"Polygon","coordinates":[[[-101.29512978231412,50.781318197042914],[-101.28491849632859,50.781255206225254],[-101.27178498673928,50.786221211607334],[-101.2954500552327,50.788499920000554],[-101.29512978231412,50.781318197042914]]]},"properties":{"DAUID":"46160049","DGUID":"2021S051246160049","LANDAREA":1.0951,"PRUID":"46","Province":"MB"}},
{"type":"Feature","geometry":{"type":"Polygon","coordinates":[[[-101.19975340233464,50.594337861976506],[-100.95030869196201,50.5943748047289],[-100.95014561568618,50.623923205453444],[-100.95051270743693,50.63165036163313],[-100.99705530756344,50.63155040494025],[-100.99684584650174,50.727167497530566],[-100.97384290126197,50.72717151017406],[-100.95059030322099,50.72717621143491],[-100.94995461980577,50.85972207707563],[-101.22966468524477,50.859710589818675],[-101.22991534825373,50.653184652651916],[-101.22956161560482,50.59433660218956],[-101.19975340233464,50.594337861976506]]]},"properties":{"DAUID":"46160050","DGUID":"2021S051246160050","LANDAREA":533.2824,"PRUID":"46","Province":"MB"}},
{"type":"Feature","geometry":{"type":"Polygon","coordinates":[[[-100.95014561568618,50.623923205453444],[-100.88843794611151,50.62339611879968],[-100.88117897388102,50.640275452870306],[-100.86213897141653,50.65219253704194],[-100.85796048524415,50.66532744998477],[-100.86079808690802,50.683049311800794],[-100.90285648772587,50.6709615944284],[-100.90274048885558,50.668094390575206],[-100.97381797817768,50.66823409436209],[-100.97709161756593,50.678107988398146],[-100.97107651452,50.68555809523262],[-100.97359750079649,50.69536389375679],[-100.97384290126197,50.72717151017406],[-100.99684584650174,50.727167497530566],[-100.99705530756344,50.63155040494025],[-100.95051270743693,50.63165036163313],[-100.95014561568618,50.623923205453444]]]},"properties":{"DAUID":"46160051","DGUID":"2021S051246160051","LANDAREA":51.1327,"PRUID":"46","Province":"MB"}},
{"type":"Feature","geometry":{"type":"Polygon","coordinates":[[[-100.97384290126197,50.72717151017406],[-100.97359750079649,50.69536389375679],[-100.97107651452,50.68555809523262],[-100.97709161756593,50.678107988398146],[-100.97381797817768,50.66823409436209],[-100.90274048885558,50.668094390575206],[-100.90285648772587,50.6709615944284],[-100.86079808690802,50.683049311800794],[-100.85604926072267,50.69059945302942],[-100.85834381906675,50.70422899440063],[-100.8573701173586,50.72725089589435],[-100.95059030322099,50.72717621143491],[-100.97384290126197,50.72717151017406]]]},"properties":{"DAUID":"46160052","DGUID":"2021S051246160052","LANDAREA":45.5023,"PRUID":"46","Province":"MB"}},
{"type":"Feature","geometry":{"type":"Polygon","coordinates":[[[-100.78441598586609,50.594389105507425],[-100.53126928789735,50.5944597024334],[-100.53205690681636,50.68307309384092],[-100.53143844988868,50.72711126314332],[-100.53193489064232,50.77127625623608],[-100.67125059008612,50.77121562822096],[-100.67133044204883,50.85975773410005],[-100.8876923646557,50.859827544639366],[-100.91815426392158,50.86065356982667],[-100.94874056140326,50.85972450097871],[-100.94995461980577,50.85972207707563],[-100.95059030322099,50.72717621143491],[-100.8573701173586,50.72725089589435],[-100.85834381906675,50.70422899440063],[-100.85604926072267,50.69059945302942],[-100.86079808690802,50.683049311800794],[-100.85796048524415,50.66532744998477],[-100.86213897141653,50.65219253704194],[-100.88117897388102,50.640275452870306],[-100.88843794611151,50.62339611879968],[-100.95014561568618,50.623923205453444],[-100.95030869196201,50.5943748047289],[-100.78441598586609,50.594389105507425]],[[-100.81083530037111,50.6831038112601],[-100.79893799652947,50.67813461259443],[-100.7987615906966,50.660867995949644],[-100.82279937962839,50.660756666261825],[-100.8227923399276,50.675620389309714],[-100.81083530037111,50.6831038112601]]]},"properties":{"DAUID":"46160053","DGUID":"2021S051246160053","LANDAREA":668.8633,"PRUID":"46","Province":"MB"}},
{"type":"Feature","geometry":{"type":"Polygon","coordinates":[[[-100.81083530037111,50.6831038112601],[-100.8227923399276,50.675620389309714],[-100.82279937962839,50.660756666261825],[-100.7987615906966,50.660867995949644],[-100.79893799652947,50.67813461259443],[-100.81083530037111,50.6831038112601]]]},"properties":{"DAUID":"46160054","DGUID":"2021S051246160054","LANDAREA":3.4288,"PRUID":"46","Province":"MB"}},
{"type":"Feature","geometry":{"type":"Polygon","coordinates":[[[-99.92267881194782,51.660063015623706],[-99.92997927284328,51.66422603211508],[-99.92883318201577,51.67429233777092],[-99.93837014650647,51.68054674823994],[-99.94730438175345,51.677202048974735],[-99.95489267551086,51.68728323991217],[-99.95629648477443,51.70035475497022],[-99.94861024490775,51.71131504453165],[-99.95427517971548,51.719141350294294],[-99.95070936810887,51.73272523834695],[-99.93865276834549,51.75712653846143],[-99.93977426619028,51.76788053446827],[-99.96363008012877,51.77646765490719],[-99.95588336949868,51.78713643617275],[-99.95907854927383,51.795944643717476],[-99.94306496962771,51.82214513158796],[-99.9361328436938,51.81881073835988],[-99.93733286709616,51.79833195502979],[-99.92554345619081,51.78986545203261],[-99.91558886680997,51.795189931735464],[-99.90699584071906,51.824753133726894],[-99.89416515199567,51.83483644626349],[-99.90541025345765,51.842649432020494],[-99.89948208104768,51.852927245254804],[-99.91106044966456,51.8593569556295],[-99.91639715272426,51.86971855654505],[-99.91601257224599,51.88867994442258],[-99.92570814132796,51.89238043733396],[-99.92267495023663,51.90995995247086],[-99.91630834357092,51.911079641396576],[-99.91172295722536,51.9233480372956],[-99.92136286159263,51.92824513280105],[-99.92621334001127,51.911649532989244],[-99.93701765144635,51.89115355594095],[-99.94531525562769,51.90015054539717],[-99.94471854332612,51.91016275016761],[-99.95156965243876,51.93956323391718],[-99.9533531738433,51.96399175138561],[-99.94026125761431,51.97514733618522],[-99.9421677483735,51.98552154648488],[-99.95074874947926,51.98810944809677],[-99.94977546991812,51.99889333574701],[-99.96193925543034,52.00266095511631],[-99.95914294926416,52.01394075227608],[-99.97331064945205,52.02386773886772],[-99.97716596035919,52.04360304991222],[-99.97579287874642,52.056880947580844],[-99.98204302226041,52.05822166134393],[-100.01493926005809,52.038482450795954],[-100.02924598304534,52.039612649559984],[-100.03303257671666,52.02045503105874],[-100.04119084822175,52.01154024978523],[-100.04314406745972,51.99715934223532],[-100.02597366306244,51.99442845011371],[-100.00929646825857,52.00640963593137],[-100.01928836091426,51.97775815009588],[-100.01520136423463,51.970861149685234],[-100.0091565530813,51.945759856392975],[-100.01214046205274,51.92803914708376],[-99.99884116839175,51.92382333761832],[-99.99262715437858,51.91208825068502],[-100.00251188107949,51.88067375315232],[-99.98963208222048,51.8763589402388],[-99.9893063604179,51.894281648097554],[-99.97770674313371,51.92262064194077],[-99.96648997222849,51.913924145838614],[-99.96507205011794,51.892208045331664],[-99.98387337389704,51.87708163970841],[-99.98467627216927,51.857972532956026],[-99.97386187858743,51.85647104861193],[-99.97378544776227,51.84048474498121],[-99.97933096676198,51.82847104951112],[-99.99176216256173,51.83186454530822],[-99.99968924668322,51.811687841440225],[-99.99192717568206,51.80435803275794],[-100.00158627907066,51.79779324791743],[-100.00609628417371,51.78475734507889],[-99.98830847651283,51.7788209556042],[-99.98397567483079,51.762227255561164],[-99.98961544373942,51.74513174056629],[-99.98002526731096,51.74206503240492],[-99.98623794196827,51.72605733542481],[-99.98521366470617,51.71690333858978],[-100.00075686808164,51.70951113965348],[-100.01797985062052,51.70594183375854],[-100.03822804903042,51.71134477855468],[-100.09212299138153,51.71174274147452],[-100.2971299634999,51.71113160007716],[-100.29733746867164,51.623541827890705],[-100.27532721935944,51.62367477046489],[-100.27595729170818,51.53664320850236],[-100.27599189394141,51.44914830110582],[-100.01820869478722,51.448793107756075],[-99.87311126171626,51.44976841871145],[-99.87047749454531,51.44909289772555],[-99.71472589490136,51.44913869445262],[-99.71307914645338,51.50003943621411],[-99.71474409462103,51.53688148949017],[-99.71480259707833,51.565466100001395],[-99.71485497562273,51.60304244629862],[-99.71308293434146,51.61330825469825],[-99.72886167600042,51.61460054899965],[-99.7263378575581,51.60307075315459],[-99.73671865160112,51.60076714223344],[-99.74808836235414,51.58577794094531],[-99.76503466385522,51.58281825186439],[-99.7641622546117,51.576412844424205],[-99.80679848247082,51.56987814949089],[-99.81077237561415,51.57467483001272],[-99.80448995283533,51.59072805655084],[-99.80440358319122,51.60095224279755],[-99.81217364684758,51.60835293705727],[-99.82555115391277,51.6030534337042],[-99.84440855283039,51.62247634662145],[-99.86945116180848,51.63537665508021],[-99.86619407709735,51.645687254662974],[-99.89599807870924,51.64723954796919],[-99.9000714678044,51.65294954273412],[-99.91833134644249,51.65351428682319],[-99.9182328092805,51.63907416427406],[-99.93138660177458,51.64568088972293],[-99.93024296125796,51.6599463655485],[-99.92267881194782,51.660063015623706]]]},"properties":{"DAUID":"46170057","DGUID":"2021S051246170057","LANDAREA":1117.4185,"PRUID":"46","Province":"MB"}},
{"type":"Feature","geometry":{"type":"Polygon","coordinates":[[[-99.91833134644249,51.65351428682319],[-99.92267881194782,51.660063015623706],[-99.93024296125796,51.6599463655485],[-99.93138660177458,51.64568088972293],[-99.9182328092805,51.63907416427406],[-99.91833134644249,51.65351428682319]]]},"properties":{"DAUID":"46170058","DGUID":"2021S051246170058","LANDAREA":2.5369,"PRUID":"46","Province":"MB"}},
{"type":"Feature","geometry":{"type":"Polygon","coordinates":[[[-100.2971299634999,51.71113160007716],[-100.47326479647904,51.71106886815437],[-100.5636468390478,51.71165543826095],[-100.65159412299926,51.711378689640945],[-100.72262534177142,51.71110098706917],[-100.72240134386371,51.62401159564926],[-100.69718559355249,51.62387153414947],[-100.69797398422182,51.4477161954487],[-100.69786937559431,51.36228003453041],[-100.60377001847297,51.36189519796852],[-100.42055020605254,51.361796292932596],[-100.27598979082475,51.36177848908575],[-100.27603632169621,51.40511100210945],[-100.2774483497826,51.41727384760472],[-100.27599189394141,51.44914830110582],[-100.27595729170818,51.53664320850236],[-100.27532721935944,51.62367477046489],[-100.29733746867164,51.623541827890705],[-100.2971299634999,51.71113160007716]],[[-100.39984244962531,51.536593348800245],[-100.3813637479933,51.53653228198074],[-100.3867793282856,51.52033013205391],[-100.40840055529164,51.52066910253072],[-100.4090796502205,51.533167966665324],[-100.39984244962531,51.536593348800245]]]},"properties":{"DAUID":"46170059","DGUID":"2021S051246170059","LANDAREA":1131.9349,"PRUID":"46","Province":"MB"}},
{"type":"Feature","geometry":{"type":"Polygon","coordinates":[[[-100.39984244962531,51.536593348800245],[-100.4090796502205,51.533167966665324],[-100.40840055529164,51.52066910253072],[-100.3867793282856,51.52033013205391],[-100.3813637479933,51.53653228198074],[-100.39984244962531,51.536593348800245]]]},"properties":{"DAUID":"46170060","DGUID":"2021S051246170060","LANDAREA":2.6556,"PRUID":"46","Province":"MB"}},
{"type":"Feature","geometry":{"type":"Polygon","coordinates":[[[-100.27599189394141,51.44914830110582],[-100.2774483497826,51.41727384760472],[-100.27603632169621,51.40511100210945],[-100.27598979082475,51.36177848908575],[-100.27592069162822,51.302410992366596],[-100.27310699514634,51.27276620125522],[-100.27427782780576,51.258057160511314],[-100.14453501929296,51.258105203474734],[-100.14426259737115,51.22866640351543],[-100.06338659352895,51.22874568879289],[-100.01648081577672,51.22872190558763],[-100.0165891195753,51.30249459533997],[-100.01877619861901,51.30862629586317],[-100.01820869478722,51.448793107756075],[-100.27599189394141,51.44914830110582]]]},"properties":{"DAUID":"46170061","DGUID":"2021S051246170061","LANDAREA":409.4139,"PRUID":"46","Province":"MB"}},
{"type":"Feature","geometry":{"type":"Polygon","coordinates":[[[-100.01820869478722,51.448793107756075],[-100.01877619861901,51.30862629586317],[-100.0165891195753,51.30249459533997],[-100.01648081577672,51.22872190558763],[-100.06338659352895,51.22874568879289],[-100.0633402947027,51.16238907703645],[-100.05432084132529,51.15476881046287],[-100.05336978521295,51.17003743335591],[-100.03928900733744,51.169758907621365],[-100.0275594856229,51.16375767682956],[-100.02715749810181,51.15524399615485],[-100.01640480671644,51.15501999802042],[-99.9929536788471,51.15501459139376],[-99.9929661129992,51.14026670769329],[-99.85234809025242,51.140224989368555],[-99.85252767360804,51.156134145764085],[-99.83833194640854,51.173360152167106],[-99.83549308203713,51.18170295075214],[-99.8397375741558,51.18970734223443],[-99.85036504747728,51.19527773708917],[-99.8479102483536,51.20695424478528],[-99.85678406919631,51.21843134377634],[-99.8523737681523,51.250072136799595],[-99.85525627252485,51.422020264081425],[-99.85909606048277,51.436925147771575],[-99.87311126171626,51.44976841871145],[-100.01820869478722,51.448793107756075]]]},"properties":{"DAUID":"46170062","DGUID":"2021S051246170062","LANDAREA":303.5577,"PRUID":"46","Province":"MB"}},
{"type":"Feature","geometry":{"type":"Polygon","coordinates":[[[-100.05432084132529,51.15476881046287],[-100.04823518033332,51.155017789266545],[-100.04481868935416,51.156963808548454],[-100.03985231157772,51.159820203827465],[-100.03928900733744,51.169758907621365],[-100.05336978521295,51.17003743335591],[-100.05432084132529,51.15476881046287]]]},"properties":{"DAUID":"46170063","DGUID":"2021S051246170063","LANDAREA":1.3417,"PRUID":"46","Province":"MB"}},
{"type":"Feature","geometry":{"type":"Polygon","coordinates":[[[-100.03928900733744,51.169758907621365],[-100.03985231157772,51.159820203827465],[-100.03686839193038,51.1569896054116],[-100.02715749810181,51.15524399615485],[-100.0275594856229,51.16375767682956],[-100.03928900733744,51.169758907621365]]]},"properties":{"DAUID":"46170064","DGUID":"2021S051246170064","LANDAREA":0.6378,"PRUID":"46","Province":"MB"}},
{"type":"Feature","geometry":{"type":"Polygon","coordinates":[[[-100.04481868935416,51.156963808548454],[-100.03984249328327,51.156972210542754],[-100.03686839193038,51.1569896054116],[-100.03985231157772,51.159820203827465],[-100.04481868935416,51.156963808548454]]]},"properties":{"DAUID":"46170065","DGUID":"2021S051246170065","LANDAREA":0.2325,"PRUID":"46","Province":"MB"}},
{"type":"Feature","geometry":{"type":"Polygon","coordinates":[[[-100.04823518033332,51.155017789266545],[-100.04730668613867,51.15443260928987],[-100.04135171901967,51.151599197285755],[-100.03982680340927,51.15500299535609],[-100.03984249328327,51.156972210542754],[-100.04481868935416,51.156963808548454],[-100.04823518033332,51.155017789266545]]]},"properties":{"DAUID":"46170066","DGUID":"2021S051246170066","LANDAREA":0.2424,"PRUID":"46","Province":"MB"}},
{"type":"Feature","geometry":{"type":"Polygon","coordinates":[[[-100.04135171901967,51.151599197285755],[-100.04034061732357,51.14987259289867],[-100.03371180590635,51.149472793895804],[-100.03527971068021,51.155007303562606],[-100.03982680340927,51.15500299535609],[-100.04135171901967,51.151599197285755]]]},"properties":{"DAUID":"46170067","DGUID":"2021S051246170067","LANDAREA":0.2792,"PRUID":"46","Province":"MB"}},
{"type":"Feature","geometry":{"type":"Polygon","coordinates":[[[-100.02715749810181,51.15524399615485],[-100.03686839193038,51.1569896054116],[-100.03984249328327,51.156972210542754],[-100.03982680340927,51.15500299535609],[-100.03527971068021,51.155007303562606],[-100.02877671132144,51.15386870225026],[-100.03371369161474,51.147638296767724],[-100.03978350639278,51.14480579159024],[-100.03119601834084,51.1405203857581],[-100.01639578977736,51.14029019110259],[-100.01640480671644,51.15501999802042],[-100.02715749810181,51.15524399615485]]]},"properties":{"DAUID":"46170068","DGUID":"2021S051246170068","LANDAREA":2.1112,"PRUID":"46","Province":"MB"}},
{"type":"Feature","geometry":{"type":"Polygon","coordinates":[[[-100.03371180590635,51.149472793895804],[-100.03371369161474,51.147638296767724],[-100.02877671132144,51.15386870225026],[-100.03527971068021,51.155007303562606],[-100.03371180590635,51.149472793895804]]]},"properties":{"DAUID":"46170069","DGUID":"2021S051246170069","LANDAREA":0.219,"PRUID":"46","Province":"MB"}},
{"type":"Feature","geometry":{"type":"Polygon","coordinates":[[[-100.04034061732357,51.14987259289867],[-100.04591261717705,51.14779060078707],[-100.03978350639278,51.14480579159024],[-100.03371369161474,51.147638296767724],[-100.03371180590635,51.149472793895804],[-100.04034061732357,51.14987259289867]]]},"properties":{"DAUID":"46170070","DGUID":"2021S051246170070","LANDAREA":0.2503,"PRUID":"46","Province":"MB"}},
{"type":"Feature","geometry":{"type":"Polygon","coordinates":[[[-100.04730668613867,51.15443260928987],[-100.05094129720325,51.15139648978788],[-100.04991509205854,51.14965220421043],[-100.04591261717705,51.14779060078707],[-100.04034061732357,51.14987259289867],[-100.04135171901967,51.151599197285755],[-100.04730668613867,51.15443260928987]]]},"properties":{"DAUID":"46170071","DGUID":"2021S051246170071","LANDAREA":0.2765,"PRUID":"46","Province":"MB"}},
{"type":"Feature","geometry":{"type":"Polygon","coordinates":[[[-100.03978350639278,51.14480579159024],[-100.04591261717705,51.14779060078707],[-100.04991509205854,51.14965220421043],[-100.05156830867257,51.145644587836394],[-100.05420640936828,51.140953698583345],[-100.03979929840439,51.137188993209605],[-100.01639578977736,51.14029019110259],[-100.03119601834084,51.1405203857581],[-100.03978350639278,51.14480579159024]]]},"properties":{"DAUID":"46170072","DGUID":"2021S051246170072","LANDAREA":1.5902,"PRUID":"46","Province":"MB"}},
{"type":"Feature","geometry":{"type":"Polygon","coordinates":[[[-100.05094129720325,51.15139648978788],[-100.06194990845385,51.146989600678026],[-100.05634141804686,51.14430669211969],[-100.05156830867257,51.145644587836394],[-100.04991509205854,51.14965220421043],[-100.05094129720325,51.15139648978788]]]},"properties":{"DAUID":"46170073","DGUID":"2021S051246170073","LANDAREA":0.3607,"PRUID":"46","Province":"MB"}},
{"type":"Feature","geometry":{"type":"Polygon","coordinates":[[[-100.05156830867257,51.145644587836394],[-100.05634141804686,51.14430669211969],[-100.06290942218342,51.14145951006179],[-100.06319641364149,51.14026080761581],[-100.05420640936828,51.140953698583345],[-100.05156830867257,51.145644587836394]]]},"properties":{"DAUID":"46170074","DGUID":"2021S051246170074","LANDAREA":0.2767,"PRUID":"46","Province":"MB"}},
{"type":"Feature","geometry":{"type":"Polygon","coordinates":[[[-100.06194990845385,51.146989600678026],[-100.0628473155022,51.146226085719036],[-100.06290942218342,51.14145951006179],[-100.05634141804686,51.14430669211969],[-100.06194990845385,51.146989600678026]]]},"properties":{"DAUID":"46170075","DGUID":"2021S051246170075","LANDAREA":0.2602,"PRUID":"46","Province":"MB"}},
{"type":"Feature","geometry":{"type":"Polygon","coordinates":[[[-100.06290942218342,51.14145951006179],[-100.0628473155022,51.146226085719036],[-100.06583778402559,51.155020608960434],[-100.07541949571747,51.155008794652],[-100.07464526607527,51.14020408303564],[-100.06319641364149,51.14026080761581],[-100.06290942218342,51.14145951006179]]]},"properties":{"DAUID":"46170076","DGUID":"2021S051246170076","LANDAREA":1.293,"PRUID":"46","Province":"MB"}},
{"type":"Feature","geometry":{"type":"Polygon","coordinates":[[[-100.0633402947027,51.16238907703645],[-100.07588631979331,51.162578538110026],[-100.07541949571747,51.155008794652],[-100.06583778402559,51.155020608960434],[-100.0628473155022,51.146226085719036],[-100.06194990845385,51.146989600678026],[-100.05094129720325,51.15139648978788],[-100.04730668613867,51.15443260928987],[-100.04823518033332,51.155017789266545],[-100.05432084132529,51.15476881046287],[-100.0633402947027,51.16238907703645]]]},"properties":{"DAUID":"46170077","DGUID":"2021S051246170077","LANDAREA":1.2785,"PRUID":"46","Province":"MB"}},
{"type":"Feature","geometry":{"type":"Polygon","coordinates":[[[-100.27427782780576,51.258057160511314],[-100.2731571093967,51.1549165914106],[-100.27348375242248,51.12498558753886],[-100.2037739003699,51.12547219997848],[-100.20367990204687,51.096012890943086],[-100.1100511988253,51.0959861918664],[-100.10999890257997,51.08127460398798],[-100.06315780149194,51.081305310042744],[-100.06322951973952,51.12552159759022],[-100.07464526607527,51.14020408303564],[-100.07541949571747,51.155008794652],[-100.07588631979331,51.162578538110026],[-100.0633402947027,51.16238907703645],[-100.06338659352895,51.22874568879289],[-100.14426259737115,51.22866640351543],[-100.14453501929296,51.258105203474734],[-100.27427782780576,51.258057160511314]]]},"properties":{"DAUID":"46170078","DGUID":"2021S051246170078","LANDAREA":232.2587,"PRUID":"46","Province":"MB"}},
{"type":"Feature","geometry":{"type":"Polygon","coordinates":[[[-100.05420640936828,51.140953698583345],[-100.06319641364149,51.14026080761581],[-100.07464526607527,51.14020408303564],[-100.06322951973952,51.12552159759022],[-100.05648886489168,51.13724637490976],[-100.03979929840439,51.137188993209605],[-100.05420640936828,51.140953698583345]]]},"properties":{"DAUID":"46170079","DGUID":"2021S051246170079","LANDAREA":2.0197,"PRUID":"46","Province":"MB"}},
{"type":"Feature","geometry":{"type":"Polygon","coordinates":[[[-100.01640480671644,51.15501999802042],[-100.01639578977736,51.14029019110259],[-100.03979929840439,51.137188993209605],[-100.05648886489168,51.13724637490976],[-100.06322951973952,51.12552159759022],[-100.06315780149194,51.081305310042744],[-100.06316200832491,51.06653929473305],[-100.03921965184688,51.0666366334091],[-100.03978681666631,51.08129969929995],[-99.97507129259506,51.08131790603044],[-99.95000809317966,51.07048129896073],[-99.85242171684841,51.05879690465038],[-99.85239187909578,51.06649479469017],[-99.85234809025242,51.140224989368555],[-99.9929661129992,51.14026670769329],[-99.9929536788471,51.15501459139376],[-100.01640480671644,51.15501999802042]]]},"properties":{"DAUID":"46170080","DGUID":"2021S051246170080","LANDAREA":114.0278,"PRUID":"46","Province":"MB"}},
{"type":"Feature","geometry":{"type":"Polygon","coordinates":[[[-100.27348375242248,51.12498558753886],[-100.27409798516508,51.09595080492405],[-100.27405110543353,50.963637893960716],[-100.27345795710703,50.948618818854605],[-100.01258896502199,50.94872820021421],[-99.85233549288701,50.94845752537577],[-99.85231228624485,51.00696399204149],[-99.8509619898084,51.037022174247504],[-99.85242171684841,51.05879690465038],[-99.95000809317966,51.07048129896073],[-99.97507129259506,51.08131790603044],[-100.03978681666631,51.08129969929995],[-100.03921965184688,51.0666366334091],[-100.06316200832491,51.06653929473305],[-100.06315780149194,51.081305310042744],[-100.10999890257997,51.08127460398798],[-100.1100511988253,51.0959861918664],[-100.20367990204687,51.096012890943086],[-100.2037739003699,51.12547219997848],[-100.27348375242248,51.12498558753886]]]},"properties":{"DAUID":"46170081","DGUID":"2021S051246170081","LANDAREA":453.529,"PRUID":"46","Province":"MB"}},
{"type":"Feature","geometry":{"type":"Polygon","coordinates":[[[-99.85242171684841,51.05879690465038],[-99.8509619898084,51.037022174247504],[-99.85231228624485,51.00696399204149],[-99.85233549288701,50.94845752537577],[-99.83429644249945,50.94853657269255],[-99.83421062820584,50.860449408381506],[-99.6820772069864,50.86048394591474],[-99.5785752981181,50.86035950084576],[-99.57764283377405,50.926292624167885],[-99.57874641431074,50.948730393043384],[-99.59347774718728,50.94863592899095],[-99.59417378956914,51.007563696646905],[-99.59426999836099,51.05188750928571],[-99.78192380512614,51.05163699292042],[-99.78201849681196,51.0665731057349],[-99.85239187909578,51.06649479469017],[-99.85242171684841,51.05879690465038]]]},"properties":{"DAUID":"46170082","DGUID":"2021S051246170082","LANDAREA":391.9715,"PRUID":"46","Province":"MB"}},
{"type":"Feature","geometry":{"type":"Polygon","coordinates":[[[-99.85234809025242,51.140224989368555],[-99.85239187909578,51.06649479469017],[-99.78201849681196,51.0665731057349],[-99.78192380512614,51.05163699292042],[-99.59426999836099,51.05188750928571],[-99.59395636106764,51.125584074020786],[-99.54727822232823,51.125350249307964],[-99.54759920747281,51.18461858822195],[-99.57067417455033,51.18465856694619],[-99.57064510332611,51.208080459306075],[-99.58930048004162,51.21492234213016],[-99.60086185511058,51.224269430664705],[-99.60896996770381,51.23803513065707],[-99.62344334614538,51.24849783398696],[-99.64790164693292,51.25718643529419],[-99.67408707941202,51.281407543128886],[-99.6884517556393,51.2846105510194],[-99.70745126146143,51.30559754692154],[-99.72215004804082,51.311172845804],[-99.7622187694914,51.339055453839286],[-99.76889665311661,51.34562555254413],[-99.78736965929471,51.35447243181136],[-99.78823147397682,51.36159294727987],[-99.79990296929282,51.36949434025555],[-99.80277694330279,51.377347334873654],[-99.82228707037694,51.38965703545434],[-99.83194255636172,51.40219135623216],[-99.84860437360703,51.409557851070446],[-99.85525627252485,51.422020264081425],[-99.8523737681523,51.250072136799595],[-99.85678406919631,51.21843134377634],[-99.8479102483536,51.20695424478528],[-99.85036504747728,51.19527773708917],[-99.8397375741558,51.18970734223443],[-99.83549308203713,51.18170295075214],[-99.83833194640854,51.173360152167106],[-99.85252767360804,51.156134145764085],[-99.85234809025242,51.140224989368555]]]},"properties":{"DAUID":"46170083","DGUID":"2021S051246170083","LANDAREA":143.4451,"PRUID":"46","Province":"MB"}},
{"type":"Feature","geometry":{"type":"Polygon","coordinates":[[[-99.59417378956914,51.007563696646905],[-99.52808001618017,51.00759330646502],[-99.52380909869521,50.992873704643785],[-99.38318549885861,50.99296098830975],[-99.3831352183795,50.97819530292681],[-99.28980481177922,50.97818539232929],[-99.2897035813115,51.03690525516528],[-99.3598821128572,51.03713073647189],[-99.36017021422526,51.05193499887278],[-99.36013300943347,51.12567290972656],[-99.43029540005719,51.12559758915672],[-99.43001303484351,51.18454519651017],[-99.54759920747281,51.18461858822195],[-99.54727822232823,51.125350249307964],[-99.59395636106764,51.125584074020786],[-99.59426999836099,51.05188750928571],[-99.59417378956914,51.007563696646905]],[[-99.52508517761748,51.05731755246661],[-99.52722341051869,51.066634022207026],[-99.50584201809787,51.06664270176211],[-99.50689690618533,51.05173276429214],[-99.52508517761748,51.05731755246661]]]},"properties":{"DAUID":"46170084","DGUID":"2021S051246170084","LANDAREA":320.2403,"PRUID":"46","Province":"MB"}},
{"type":"Feature","geometry":{"type":"Polygon","coordinates":[[[-99.52508517761748,51.05731755246661],[-99.50689690618533,51.05173276429214],[-99.50584201809787,51.06664270176211],[-99.52722341051869,51.066634022207026],[-99.52508517761748,51.05731755246661]],[[-99.51792768698338,51.0622774066241],[-99.51238250906955,51.0563577973507],[-99.51955949428967,51.056344100890584],[-99.51792768698338,51.0622774066241]]]},"properties":{"DAUID":"46170085","DGUID":"2021S051246170085","LANDAREA":2.1838,"PRUID":"46","Province":"MB"}},
{"type":"Feature","geometry":{"type":"Polygon","coordinates":[[[-99.51792768698338,51.0622774066241],[-99.51955949428967,51.056344100890584],[-99.51238250906955,51.0563577973507],[-99.51792768698338,51.0622774066241]]]},"properties":{"DAUID":"46170086","DGUID":"2021S051246170086","LANDAREA":0.2999,"PRUID":"46","Province":"MB"}},
{"type":"Feature","geometry":{"type":"Polygon","coordinates":[[[-99.5785752981181,50.86035950084576],[-99.2752422124835,50.86015746502782],[-99.27557606226507,50.94895158903879],[-99.28975026012641,50.948968572750076],[-99.28980481177922,50.97818539232929],[-99.3831352183795,50.97819530292681],[-99.38318549885861,50.99296098830975],[-99.52380909869521,50.992873704643785],[-99.52808001618017,51.00759330646502],[-99.59417378956914,51.007563696646905],[-99.59347774718728,50.94863592899095],[-99.57874641431074,50.948730393043384],[-99.57764283377405,50.926292624167885],[-99.5785752981181,50.86035950084576]]]},"properties":{"DAUID":"46170087","DGUID":"2021S051246170087","LANDAREA":307.3147,"PRUID":"46","Province":"MB"}},
{"type":"Feature","geometry":{"type":"Polygon","coordinates":[[[-99.27537341276316,50.6389726835468],[-99.27582998927505,50.77188790590756],[-99.2752422124835,50.86015746502782],[-99.5785752981181,50.86035950084576],[-99.6820772069864,50.86048394591474],[-99.68165710920101,50.85261105392645],[-99.67022758343283,50.8450932768934],[-99.6356815861324,50.84505085185448],[-99.62430280575472,50.83773518157673],[-99.6240182702527,50.81568323045881],[-99.58964110845342,50.81550872979723],[-99.58890541726159,50.79359975472393],[-99.57858140932086,50.7935329975313],[-99.57788328670254,50.76398285225506],[-99.56638344942223,50.76448293792117],[-99.5656126582217,50.7423110514686],[-99.55425594775959,50.74256998765311],[-99.55532057526419,50.7122606771064],[-99.55371985886828,50.66791807649777],[-99.55485119718533,50.63901695360281],[-99.46177020855876,50.63893429274654],[-99.41516727491263,50.63921054043186],[-99.27537341276316,50.6389726835468]],[[-99.50103428789734,50.77108639402051],[-99.5086900949594,50.77943639509181],[-99.48535598284094,50.77915159563195],[-99.48509001843247,50.765135164540055],[-99.50103428789734,50.77108639402051]]]},"properties":{"DAUID":"46170088","DGUID":"2021S051246170088","LANDAREA":525.9259,"PRUID":"46","Province":"MB"}},
{"type":"Feature","geometry":{"type":"Polygon","coordinates":[[[-99.50103428789734,50.77108639402051],[-99.48509001843247,50.765135164540055],[-99.48535598284094,50.77915159563195],[-99.5086900949594,50.77943639509181],[-99.50103428789734,50.77108639402051]]]},"properties":{"DAUID":"46170089","DGUID":"2021S051246170089","LANDAREA":1.8438,"PRUID":"46","Province":"MB"}},
{"type":"Feature","geometry":{"type":"Polygon","coordinates":[[[-99.06604188292438,50.639102110968835],[-99.06640709595239,50.72755688745205],[-99.04318500686169,50.72747789857373],[-99.04319858633566,50.74226231345873],[-98.9964568057395,50.742297199325364],[-98.99652439771907,50.786550998898704],[-98.97514480044855,50.78849990945408],[-98.97762129261649,50.80130619217636],[-98.86988589103535,50.801253698267054],[-98.87752540186007,50.8102457912775],[-98.89262010505144,50.84424438752061],[-98.9122484939143,50.86756089475556],[-98.9269699125246,50.87725620809806],[-98.9273846006582,50.94881989547711],[-98.93858790784394,50.948817306204454],[-98.9385845177577,50.96223421022988],[-98.97640420971425,50.96369579429701],[-98.98503188890444,50.96929959334091],[-98.98685010713871,50.98612479651152],[-99.00820950911822,51.00444300896012],[-99.0269235119686,51.01324248716237],[-99.05391316672078,51.013280342001906],[-99.05427719548959,51.03183080645703],[-99.05270098159129,51.03739780977807],[-99.16450550673547,51.037392798668975],[-99.17289768387053,51.04274918818299],[-99.1729752076153,51.05208319835194],[-99.36017021422526,51.05193499887278],[-99.3598821128572,51.03713073647189],[-99.2897035813115,51.03690525516528],[-99.28980481177922,50.97818539232929],[-99.28975026012641,50.948968572750076],[-99.27557606226507,50.94895158903879],[-99.2752422124835,50.86015746502782],[-99.27582998927505,50.77188790590756],[-99.27537341276316,50.6389726835468],[-99.15908939286014,50.63937042076133],[-99.06604188292438,50.639102110968835]]]},"properties":{"DAUID":"46170090","DGUID":"2021S051246170090","LANDAREA":936.2942,"PRUID":"46","Province":"MB"}},
{"type":"Feature","geometry":{"type":"Polygon","coordinates":[[[-99.05427719548959,51.03183080645703],[-99.03082178268022,51.016147388797904],[-99.02519318943554,51.02090579113191],[-99.00956738758606,51.023093299208085],[-98.99821788993621,51.01950570551316],[-98.97445850805723,51.032182310225124],[-98.9772510845898,51.03731751436092],[-99.05270098159129,51.03739780977807],[-99.05427719548959,51.03183080645703]]]},"properties":{"DAUID":"46170091","DGUID":"2021S051246170091","LANDAREA":8.6905,"PRUID":"46","Province":"MB"}},
{"type":"Feature","geometry":{"type":"Polygon","coordinates":[[[-99.0269235119686,51.01324248716237],[-98.97785843441046,51.01313695202496],[-98.97798318181778,51.02784107569957],[-98.96664577828045,51.02871824872543],[-98.97114945054199,51.04409653257917],[-98.96704117375054,51.06424743029432],[-98.97586636104134,51.06686193860538],[-98.9915230430558,51.063662832809904],[-99.00271857679496,51.065421038333284],[-99.00404635963083,51.07220583285019],[-98.99652347648386,51.08295173072427],[-99.01465385716756,51.079740534261894],[-99.02228205448623,51.090179539626924],[-99.01713786556775,51.099312129572986],[-99.05417618365746,51.099398443233866],[-99.05270098159129,51.03739780977807],[-98.9772510845898,51.03731751436092],[-98.97445850805723,51.032182310225124],[-98.99821788993621,51.01950570551316],[-99.00956738758606,51.023093299208085],[-99.02519318943554,51.02090579113191],[-99.03082178268022,51.016147388797904],[-99.05427719548959,51.03183080645703],[-99.05391316672078,51.013280342001906],[-99.0269235119686,51.01324248716237]]]},"properties":{"DAUID":"46170092","DGUID":"2021S051246170092","LANDAREA":37.0014,"PRUID":"46","Province":"MB"}},
{"type":"Feature","geometry":{"type":"Polygon","coordinates":[[[-99.36017021422526,51.05193499887278],[-99.1729752076153,51.05208319835194],[-99.17289768387053,51.04274918818299],[-99.16450550673547,51.037392798668975],[-99.05270098159129,51.03739780977807],[-99.05417618365746,51.099398443233866],[-99.01713786556775,51.099312129572986],[-99.02228205448623,51.090179539626924],[-99.01465385716756,51.079740534261894],[-98.99652347648386,51.08295173072427],[-99.00404635963083,51.07220583285019],[-99.00271857679496,51.065421038333284],[-98.9915230430558,51.063662832809904],[-98.97586636104134,51.06686193860538],[-98.96704117375054,51.06424743029432],[-98.97114945054199,51.04409653257917],[-98.96664577828045,51.02871824872543],[-98.97798318181778,51.02784107569957],[-98.97785843441046,51.01313695202496],[-99.0269235119686,51.01324248716237],[-99.00820950911822,51.00444300896012],[-98.98685010713871,50.98612479651152],[-98.98503188890444,50.96929959334091],[-98.97640420971425,50.96369579429701],[-98.9385845177577,50.96223421022988],[-98.93858790784394,50.948817306204454],[-98.9273846006582,50.94881989547711],[-98.9269699125246,50.87725620809806],[-98.9122484939143,50.86756089475556],[-98.89262010505144,50.84424438752061],[-98.87752540186007,50.8102457912775],[-98.86988589103535,50.801253698267054],[-98.85411720692402,50.78395089086764],[-98.84989980893056,50.76758750228896],[-98.83585518389178,50.75710990695291],[-98.76397639654824,50.75707650322084],[-98.76392289182104,50.74234609258625],[-98.7252025898201,50.74236019014199],[-98.72929087868141,50.75227994014837],[-98.73869045011193,50.75845255052353],[-98.73944507502733,50.773202535913235],[-98.7626673538222,50.780410450785986],[-98.77710178278724,50.796450651836466],[-98.78443697556389,50.81046172724937],[-98.80011295352149,50.82392033099636],[-98.80940147307689,50.82832893682408],[-98.80940647389403,50.83756893548777],[-98.82089106175071,50.857308233683966],[-98.8356791582859,50.855873233929366],[-98.84771856633617,50.86932463984718],[-98.86206976124583,50.874895439245336],[-98.86749685611642,50.890755836434955],[-98.86082106490528,50.898072650021156],[-98.86521034803347,50.91939033981917],[-98.8620998772327,50.92489474629181],[-98.86905196714912,50.93697533624645],[-98.86759878152729,50.945058048611784],[-98.85381756414414,50.95487493837555],[-98.83939595415124,50.95255394975092],[-98.83259325081512,50.9630260017619],[-98.83553967200997,50.9883254374458],[-98.8464440472782,50.99111893108671],[-98.84060999185286,51.000056932832806],[-98.82435808157325,50.998915846486526],[-98.84559964351345,51.015860734527884],[-98.85103168289051,51.02686105144026],[-98.8430911480412,51.04314505295049],[-98.85172667700884,51.05928862805806],[-98.83677864438093,51.06156635045085],[-98.82236075862593,51.07408074488959],[-98.78905605756452,51.085850341657284],[-98.78150267534382,51.09810653997556],[-98.78731940799139,51.10488613182786],[-98.795761845841,51.10799245448593],[-98.8224992827168,51.1068985506039],[-98.83087234149701,51.100297137447726],[-98.84242284392404,51.10138334928504],[-98.85477434614549,51.08856725424373],[-98.85899907956991,51.07505233039055],[-98.8676939492473,51.076865547269534],[-98.86925767455047,51.09691573782329],[-98.86060707823084,51.13130594467095],[-98.87458647242025,51.14631632853275],[-98.87930236099214,51.166216754429314],[-98.8746351468797,51.17317183597477],[-98.85971343978883,51.180955630253294],[-98.84896176732683,51.19410234609317],[-98.85258375211095,51.2205799426077],[-98.84861804225297,51.22690543748504],[-98.85458664467427,51.273415744051036],[-98.87214336632964,51.256913244917214],[-98.90198966447416,51.25544935194777],[-98.91396784732572,51.24486604665651],[-98.90896305134648,51.236378135476414],[-98.91315597085323,51.23091865299718],[-98.94123747918232,51.22343664795592],[-98.95495675289304,51.23005644579728],[-98.95991277174257,51.22117403163959],[-98.94091507167677,51.21241204095304],[-98.92804896203101,51.17726334870552],[-98.94205576620989,51.1704685437292],[-98.95136196754831,51.175688252914554],[-98.95924517805024,51.19881024639201],[-98.97723856755026,51.193532238658406],[-98.98787494310854,51.207588532019585],[-98.99502504546375,51.21009343431838],[-98.9964701662828,51.22052444857224],[-99.02756765887241,51.26223113166201],[-99.02882764839218,51.271699550844865],[-99.0378890434602,51.28240204051141],[-99.03602874683324,51.29619643595872],[-99.05140847120683,51.293654948438665],[-99.03976726430052,51.282199051313306],[-99.04687737068933,51.26641984822196],[-99.0593559401153,51.25639253276903],[-99.07308315502146,51.27365404568126],[-99.0929832528956,51.328001341112234],[-99.11019387285663,51.34669864827613],[-99.11741486229995,51.360238054327546],[-99.10781755872969,51.36814224391641],[-99.1027324531255,51.38101874195298],[-99.11721507582561,51.39728492855],[-99.11093848050403,51.40825213943869],[-99.12173848171989,51.448872836505615],[-99.30968968593288,51.44894769666023],[-99.43370662798038,51.44926363745293],[-99.43398100216615,51.3325664875007],[-99.43058004254785,51.302418913677116],[-99.43001303484351,51.18454519651017],[-99.43029540005719,51.12559758915672],[-99.36013300943347,51.12567290972656],[-99.36017021422526,51.05193499887278]]]},"properties":{"DAUID":"46170093","DGUID":"2021S051246170093","LANDAREA":1442.9212,"PRUID":"46","Province":"MB"}},
{"type":"Feature","geometry":{"type":"Polygon","coordinates":[[[-99.87311126171626,51.44976841871145],[-99.85909606048277,51.436925147771575],[-99.85525627252485,51.422020264081425],[-99.84860437360703,51.409557851070446],[-99.83194255636172,51.40219135623216],[-99.82228707037694,51.38965703545434],[-99.80277694330279,51.377347334873654],[-99.79990296929282,51.36949434025555],[-99.78823147397682,51.36159294727987],[-99.78736965929471,51.35447243181136],[-99.76889665311661,51.34562555254413],[-99.7622187694914,51.339055453839286],[-99.72215004804082,51.311172845804],[-99.70745126146143,51.30559754692154],[-99.6884517556393,51.2846105510194],[-99.67408707941202,51.281407543128886],[-99.64790164693292,51.25718643529419],[-99.62344334614538,51.24849783398696],[-99.60896996770381,51.23803513065707],[-99.60086185511058,51.224269430664705],[-99.58930048004162,51.21492234213016],[-99.57064510332611,51.208080459306075],[-99.57067417455033,51.18465856694619],[-99.54759920747281,51.18461858822195],[-99.43001303484351,51.18454519651017],[-99.43058004254785,51.302418913677116],[-99.43398100216615,51.3325664875007],[-99.43370662798038,51.44926363745293],[-99.43715538938113,51.47905130905465],[-99.43354321173936,51.48232869373567],[-99.43360808345291,51.536077142742734],[-99.45457510245991,51.53640021622159],[-99.57411819200792,51.53549566296431],[-99.71474409462103,51.53688148949017],[-99.71307914645338,51.50003943621411],[-99.71472589490136,51.44913869445262],[-99.87047749454531,51.44909289772555],[-99.87311126171626,51.44976841871145]]]},"properties":{"DAUID":"46170094","DGUID":"2021S051246170094","LANDAREA":760.2226,"PRUID":"46","Province":"MB"}},
{"type":"Feature","geometry":{"type":"Polygon","coordinates":[[[-98.84717476795358,50.50628414704766],[-98.70712701417077,50.50610519091598],[-98.70699608905893,50.55041269532545],[-98.70681830050589,50.5950004954255],[-98.65324249174921,50.59503321129114],[-98.64399419027485,50.594886487408665],[-98.636761975353,50.60596364936701],[-98.63501615848323,50.617910032332915],[-98.65035594700721,50.637539539510136],[-98.66749947942476,50.66399344197785],[-98.69264356652967,50.68013292961854],[-98.69869567670162,50.692091428680655],[-98.71410705773096,50.70943734077803],[-98.72140927015053,50.74030524320331],[-98.7252025898201,50.74236019014199],[-98.76392289182104,50.74234609258625],[-98.76397639654824,50.75707650322084],[-98.83585518389178,50.75710990695291],[-98.84989980893056,50.76758750228896],[-98.85411720692402,50.78395089086764],[-98.86988589103535,50.801253698267054],[-98.97762129261649,50.80130619217636],[-98.97514480044855,50.78849990945408],[-98.99652439771907,50.786550998898704],[-98.9964568057395,50.742297199325364],[-99.04319858633566,50.74226231345873],[-99.04318500686169,50.72747789857373],[-99.06640709595239,50.72755688745205],[-99.06604188292438,50.639102110968835],[-98.99687472979613,50.639372502927316],[-98.99656380406388,50.59477700117218],[-98.98504010560141,50.594770904530534],[-98.98504739720515,50.56480971110708],[-98.84680346746022,50.56510040438552],[-98.84717476795358,50.50628414704766]]]},"properties":{"DAUID":"46170095","DGUID":"2021S051246170095","LANDAREA":626.9498,"PRUID":"46","Province":"MB"}},
{"type":"Feature","geometry":{"type":"Polygon","coordinates":[[[-99.83431748714749,50.594541811223735],[-99.73322458904119,50.59554970243981],[-99.69494275923206,50.594449570212326],[-99.69491935062274,50.6388134466358],[-99.6687882546153,50.639396044619566],[-99.55485119718533,50.63901695360281],[-99.55371985886828,50.66791807649777],[-99.55532057526419,50.7122606771064],[-99.55425594775959,50.74256998765311],[-99.5656126582217,50.7423110514686],[-99.56638344942223,50.76448293792117],[-99.57788328670254,50.76398285225506],[-99.57858140932086,50.7935329975313],[-99.58890541726159,50.79359975472393],[-99.58964110845342,50.81550872979723],[-99.6240182702527,50.81568323045881],[-99.62430280575472,50.83773518157673],[-99.6356815861324,50.84505085185448],[-99.67022758343283,50.8450932768934],[-99.68165710920101,50.85261105392645],[-99.6820772069864,50.86048394591474],[-99.83421062820584,50.860449408381506],[-99.83429644249945,50.94853657269255],[-99.85233549288701,50.94845752537577],[-100.01258896502199,50.94872820021421],[-100.27345795710703,50.948618818854605],[-100.44059400773516,50.948408880045214],[-100.60097196153289,50.94828512372095],[-100.75842001926017,50.94822896377686],[-100.95035464198803,50.94818372544947],[-100.95057279269787,50.87149699394548],[-100.94874056140326,50.85972450097871],[-100.91815426392158,50.86065356982667],[-100.8876923646557,50.859827544639366],[-100.67133044204883,50.85975773410005],[-100.67125059008612,50.77121562822096],[-100.53193489064232,50.77127625623608],[-100.53143844988868,50.72711126314332],[-100.36885669785637,50.72652135301167],[-100.36887715900808,50.68295041979107],[-100.25330187748264,50.68287678233477],[-100.25321617482544,50.71238629569358],[-100.07865459485913,50.712357796010096],[-100.0786592184955,50.69762244025831],[-100.05643423572549,50.69763717666271],[-100.05484363316604,50.66800168753758],[-100.04339062412166,50.66372595561067],[-100.01989440005667,50.66366089271207],[-100.0204337860165,50.653398964873254],[-99.98562129498441,50.653372562619126],[-99.97398689842358,50.64624689969643],[-99.95979941519195,50.645367460064435],[-99.9507115819066,50.653561797273014],[-99.95075652779477,50.66565243451665],[-99.915728480592,50.66581280902069],[-99.90416365420624,50.66825895592617],[-99.90393276135117,50.65288273421517],[-99.83431272975025,50.65236851532117],[-99.83431748714749,50.594541811223735]]]},"properties":{"DAUID":"46170096","DGUID":"2021S051246170096","LANDAREA":2147.0924,"PRUID":"46","Province":"MB"}},
{"type":"Feature","geometry":{"type":"Polygon","coordinates":[[[-100.2731571093967,51.1549165914106],[-100.42617119045431,51.15494080511706],[-100.4599743831953,51.148093791155084],[-100.47243442854929,51.14755505427761],[-100.4717307718978,51.14012954480919],[-100.49601987052358,51.14011761353727],[-100.49584523325412,51.15472735443694],[-100.48480021699079,51.15493059340531],[-100.4848177058477,51.21380659839322],[-100.60192790807587,51.21385360934521],[-100.60179177922814,51.09596609578998],[-100.60097196153289,50.94828512372095],[-100.44059400773516,50.948408880045214],[-100.27345795710703,50.948618818854605],[-100.27405110543353,50.963637893960716],[-100.27409798516508,51.09595080492405],[-100.27348375242248,51.12498558753886],[-100.2731571093967,51.1549165914106]]]},"properties":{"DAUID":"46170097","DGUID":"2021S051246170097","LANDAREA":575.0908,"PRUID":"46","Province":"MB"}},
{"type":"Feature","geometry":{"type":"Polygon","coordinates":[[[-100.47243442854929,51.14755505427761],[-100.47278986743638,51.155148366301276],[-100.48480021699079,51.15493059340531],[-100.49584523325412,51.15472735443694],[-100.49601987052358,51.14011761353727],[-100.4717307718978,51.14012954480919],[-100.47243442854929,51.14755505427761]]]},"properties":{"DAUID":"46170098","DGUID":"2021S051246170098","LANDAREA":2.7394,"PRUID":"46","Province":"MB"}},
{"type":"Feature","geometry":{"type":"Polygon","coordinates":[[[-100.60377001847297,51.36189519796852],[-100.60405907520918,51.30395096019394],[-100.60197539716661,51.30262150397105],[-100.60192790807587,51.21385360934521],[-100.4848177058477,51.21380659839322],[-100.48480021699079,51.15493059340531],[-100.47278986743638,51.155148366301276],[-100.47243442854929,51.14755505427761],[-100.4599743831953,51.148093791155084],[-100.42617119045431,51.15494080511706],[-100.2731571093967,51.1549165914106],[-100.27427782780576,51.258057160511314],[-100.27310699514634,51.27276620125522],[-100.27592069162822,51.302410992366596],[-100.27598979082475,51.36177848908575],[-100.42055020605254,51.361796292932596],[-100.60377001847297,51.36189519796852]]]},"properties":{"DAUID":"46170099","DGUID":"2021S051246170099","LANDAREA":472.3178,"PRUID":"46","Province":"MB"}},
{"type":"Feature","geometry":{"type":"Polygon","coordinates":[[[-100.9766150151759,51.25768121054462],[-100.88304407134747,51.25759460543989],[-100.88427498945012,51.21386469759217],[-100.8360493101345,51.21384910890638],[-100.83608258758483,51.18444980310593],[-100.81281541697298,51.1844529987133],[-100.81272622132768,51.16977750977937],[-100.78929090237645,51.16967978951714],[-100.78918209311342,51.12546189344962],[-100.69548738299763,51.12541029185633],[-100.69550869935918,51.095939399261745],[-100.60179177922814,51.09596609578998],[-100.60192790807587,51.21385360934521],[-100.60197539716661,51.30262150397105],[-100.60405907520918,51.30395096019394],[-100.60377001847297,51.36189519796852],[-100.69786937559431,51.36228003453041],[-100.82755604397983,51.36186340472835],[-100.97848297062808,51.36188566897229],[-100.9782972037262,51.301991383237194],[-100.9766150151759,51.25768121054462]],[[-100.71265300074106,51.17875908944317],[-100.69546199427224,51.18050240950012],[-100.68909274147259,51.18054286147986],[-100.6887949778479,51.16529928785465],[-100.70738946089945,51.16516572929787],[-100.71265300074106,51.17875908944317]]]},"properties":{"DAUID":"46170100","DGUID":"2021S051246170100","LANDAREA":550.675,"PRUID":"46","Province":"MB"}},
{"type":"Feature","geometry":{"type":"Polygon","coordinates":[[[-100.97678711643566,51.12550700583457],[-100.97811986471366,51.0700928206636],[-100.97663008736622,51.03672007812914],[-100.97583222207587,50.94794650667731],[-100.95035464198803,50.94818372544947],[-100.75842001926017,50.94822896377686],[-100.60097196153289,50.94828512372095],[-100.60179177922814,51.09596609578998],[-100.69550869935918,51.095939399261745],[-100.69548738299763,51.12541029185633],[-100.78918209311342,51.12546189344962],[-100.78929090237645,51.16967978951714],[-100.81272622132768,51.16977750977937],[-100.81281541697298,51.1844529987133],[-100.83608258758483,51.18444980310593],[-100.8360493101345,51.21384910890638],[-100.88427498945012,51.21386469759217],[-100.88397978802095,51.198901826641176],[-100.92983911454773,51.19885849053066],[-100.92978529008303,51.20624193065351],[-100.96509060290668,51.20611891527841],[-100.97681119284974,51.2137046127263],[-100.97678711643566,51.12550700583457]]]},"properties":{"DAUID":"46170101","DGUID":"2021S051246170101","LANDAREA":594.5034,"PRUID":"46","Province":"MB"}},
{"type":"Feature","geometry":{"type":"Polygon","coordinates":[[[-100.69546199427224,51.18050240950012],[-100.70446698631885,51.17094670628688],[-100.71265300074106,51.17875908944317],[-100.70738946089945,51.16516572929787],[-100.6887949778479,51.16529928785465],[-100.68909274147259,51.18054286147986],[-100.69546199427224,51.18050240950012]]]},"properties":{"DAUID":"46170102","DGUID":"2021S051246170102","LANDAREA":1.6834,"PRUID":"46","Province":"MB"}},
{"type":"Feature","geometry":{"type":"Polygon","coordinates":[[[-100.71265300074106,51.17875908944317],[-100.70446698631885,51.17094670628688],[-100.69546199427224,51.18050240950012],[-100.71265300074106,51.17875908944317]]]},"properties":{"DAUID":"46170103","DGUID":"2021S051246170103","LANDAREA":1.1328,"PRUID":"46","Province":"MB"}},
{"type":"Feature","geometry":{"type":"Polygon","coordinates":[[[-98.60643578021526,51.65425789151267],[-98.62492128830424,51.66491455932531],[-98.64399929429833,51.66492621490463],[-98.62968705398445,51.648963250971484],[-98.62785045061011,51.63671994212685],[-98.63416656544804,51.631156034292694],[-98.60964394846317,51.612271136832256],[-98.6011941380351,51.603327534931275],[-98.59007095508554,51.60227764497774],[-98.5766909488577,51.61959753380277],[-98.57859894878338,51.62568713569698],[-98.5714848714227,51.634810333115865],[-98.58023076510915,51.64533065368153],[-98.57442094540937,51.650254146868235],[-98.60643578021526,51.65425789151267]]]},"properties":{"DAUID":"46180078","DGUID":"2021S051246180078","LANDAREA":18.6402,"PRUID":"46","Province":"MB"}},
{"type":"Feature","geometry":{"type":"Polygon","coordinates":[[[-98.64399929429833,51.66492621490463],[-98.64535277720306,51.68072914780202],[-98.65300126114492,51.69246783822189],[-98.6691571534498,51.69506804904144],[-98.69010827599472,51.686479935334006],[-98.69080147058423,51.679221150436334],[-98.6812239387107,51.665182236711594],[-98.66863535019279,51.65952324769956],[-98.65601436522488,51.65855633381051],[-98.65187574640305,51.648689450123946],[-98.63496086306894,51.6425490622598],[-98.63702595475883,51.6276986473581],[-98.62748766271322,51.623680937191914],[-98.60624098015451,51.60497655212431],[-98.5959982689546,51.600634733337536],[-98.58907584038869,51.585347450454414],[-98.6049593723242,51.58209754830945],[-98.5996326550367,51.565795648740185],[-98.59029248724869,51.55088875496214],[-98.58971687500927,51.54060253707418],[-98.57105244254205,51.52278613129837],[-98.55690544311611,51.51682595111085],[-98.5408835581645,51.52357113549529],[-98.52892337366018,51.51485114194557],[-98.52706106516928,51.50332973692591],[-98.50981735436419,51.48699725409961],[-98.49248455123656,51.490169543269324],[-98.49756366604161,51.50966313546973],[-98.49052358074702,51.52330934489721],[-98.4723367782922,51.53046284952919],[-98.47135837455035,51.53652335076713],[-98.45568103883521,51.561089040767165],[-98.44431980699039,51.56789238720669],[-98.48018610996421,51.62653955781863],[-98.52851977041968,51.697995892281384],[-98.53934308447266,51.711345224341564],[-98.55508145403203,51.69863422909985],[-98.55298144253304,51.686334833000565],[-98.56063075466587,51.6664789406586],[-98.58064585328518,51.661426931111954],[-98.57442094540937,51.650254146868235],[-98.58023076510915,51.64533065368153],[-98.5714848714227,51.634810333115865],[-98.57859894878338,51.62568713569698],[-98.5766909488577,51.61959753380277],[-98.59007095508554,51.60227764497774],[-98.6011941380351,51.603327534931275],[-98.60964394846317,51.612271136832256],[-98.63416656544804,51.631156034292694],[-98.62785045061011,51.63671994212685],[-98.62968705398445,51.648963250971484],[-98.64399929429833,51.66492621490463]],[[-98.55818057788204,51.58089224688188],[-98.55396497506315,51.573656035599775],[-98.55970506800223,51.558283953509715],[-98.56478755972245,51.56986164786727],[-98.55818057788204,51.58089224688188]],[[-98.53979496853323,51.61363664070224],[-98.5316960415966,51.61049793816414],[-98.5289314597058,51.599238343753484],[-98.51985985954052,51.59898133217551],[-98.5344975458739,51.580854635750235],[-98.53926485879893,51.593956331633485],[-98.54739295008605,51.601172251595635],[-98.54789984309231,51.609010440212224],[-98.53979496853323,51.61363664070224]]]},"properties":{"DAUID":"46180079","DGUID":"2021S051246180079","LANDAREA":0.5949,"PRUID":"46","Province":"MB"}},
{"type":"Feature","geometry":{"type":"Polygon","coordinates":[[[-98.53979496853323,51.61363664070224],[-98.54789984309231,51.609010440212224],[-98.54739295008605,51.601172251595635],[-98.53926485879893,51.593956331633485],[-98.5344975458739,51.580854635750235],[-98.51985985954052,51.59898133217551],[-98.5289314597058,51.599238343753484],[-98.5316960415966,51.61049793816414],[-98.53979496853323,51.61363664070224]]]},"properties":{"DAUID":"46180080","DGUID":"2021S051246180080","LANDAREA":3.7648,"PRUID":"46","Province":"MB"}},
{"type":"Feature","geometry":{"type":"Polygon","coordinates":[[[-98.55818057788204,51.58089224688188],[-98.56478755972245,51.56986164786727],[-98.55970506800223,51.558283953509715],[-98.55396497506315,51.573656035599775],[-98.55818057788204,51.58089224688188]]]},"properties":{"DAUID":"46180081","DGUID":"2021S051246180081","LANDAREA":1.2478,"PRUID":"46","Province":"MB"}},
{"type":"Feature","geometry":{"type":"Polygon","coordinates":[[[-98.63496086306894,51.6425490622598],[-98.6527258640423,51.639579030371],[-98.66547744462041,51.6328813368931],[-98.67427497036171,51.62203073656588],[-98.68392847454224,51.61832564036899],[-98.68627594242687,51.61094084808603],[-98.70241485739164,51.60114471954092],[-98.70075688488168,51.587314215547046],[-98.72492554883232,51.58883304088751],[-98.73374046722319,51.58100364658665],[-98.73457299662532,51.57504648494372],[-98.7045549930071,51.57741410813041],[-98.6673247956523,51.56896070638302],[-98.63871631534279,51.5437956905509],[-98.62053031007832,51.543668674709004],[-98.62010749205515,51.55133511639106],[-98.59029248724869,51.55088875496214],[-98.5996326550367,51.565795648740185],[-98.6049593723242,51.58209754830945],[-98.58907584038869,51.585347450454414],[-98.5959982689546,51.600634733337536],[-98.60624098015451,51.60497655212431],[-98.62748766271322,51.623680937191914],[-98.63702595475883,51.6276986473581],[-98.63496086306894,51.6425490622598]]]},"properties":{"DAUID":"46180082","DGUID":"2021S051246180082","LANDAREA":53.4264,"PRUID":"46","Province":"MB"}},
{"type":"Feature","geometry":{"type":"Polygon","coordinates":[[[-98.59029248724869,51.55088875496214],[-98.62010749205515,51.55133511639106],[-98.62053031007832,51.543668674709004],[-98.63871631534279,51.5437956905509],[-98.6673247956523,51.56896070638302],[-98.7045549930071,51.57741410813041],[-98.73457299662532,51.57504648494372],[-98.73102546135442,51.56540604743648],[-98.74976794598228,51.55856432979917],[-98.75202587808427,51.5505395385204],[-98.77083336079023,51.54900873349353],[-98.76983347948202,51.537088336618524],[-98.78654685426037,51.53036713282147],[-98.7869216771059,51.516471131743494],[-98.77885005497365,51.504784932575916],[-98.78045677997414,51.49574683523206],[-98.77229905356343,51.485035547115224],[-98.76355774854194,51.464022436099974],[-98.77942236299504,51.46082984682339],[-98.80360045553196,51.448401153751284],[-98.81203535875774,51.428614952795996],[-98.81098198016295,51.41200085078094],[-98.81985796823533,51.40727154019485],[-98.81498178058531,51.3953587455378],[-98.81518176782673,51.38137663284577],[-98.8024503548434,51.384768243149175],[-98.79880057453357,51.39453624613847],[-98.79068156926361,51.39723314966284],[-98.77606017288306,51.380139430913374],[-98.77727846358876,51.370403451274115],[-98.75271614324967,51.34176873021879],[-98.7502121723031,51.32965125126022],[-98.75411777159069,51.314588843562724],[-98.73302688238563,51.30694435201454],[-98.72733427651735,51.294364833865174],[-98.7086537696935,51.2943378507971],[-98.69174286825759,51.28599042945761],[-98.64154257763015,51.29303663347537],[-98.6344682482454,51.304358352543005],[-98.62167995470915,51.287704845651795],[-98.59158136737624,51.2867494315927],[-98.58465776877983,51.29044334722794],[-98.56422627224572,51.28012704922469],[-98.56242494238488,51.27203195533068],[-98.57048406286835,51.26021014923361],[-98.58632665359126,51.24479605365478],[-98.53764078545623,51.24402939943061],[-98.53771789240163,51.273497089392],[-98.51420749044361,51.27347379156344],[-98.51420998821447,51.28819398979225],[-98.49076348867912,51.28819321138737],[-98.49075801024189,51.30294930816835],[-98.35178632008756,51.30279310294236],[-98.35077670902568,51.33265939970843],[-98.18532511708257,51.33250031253436],[-98.15999839221412,51.333164078333745],[-98.15932863926928,51.36163981378692],[-98.30372789184223,51.361549739975885],[-98.30354096376638,51.44891477693857],[-98.44425288419204,51.448928822361445],[-98.44431980699039,51.56789238720669],[-98.45568103883521,51.561089040767165],[-98.47135837455035,51.53652335076713],[-98.4723367782922,51.53046284952919],[-98.49052358074702,51.52330934489721],[-98.49756366604161,51.50966313546973],[-98.49248455123656,51.490169543269324],[-98.50981735436419,51.48699725409961],[-98.52706106516928,51.50332973692591],[-98.52892337366018,51.51485114194557],[-98.5408835581645,51.52357113549529],[-98.55690544311611,51.51682595111085],[-98.57105244254205,51.52278613129837],[-98.58971687500927,51.54060253707418],[-98.59029248724869,51.55088875496214]]]},"properties":{"DAUID":"46180083","DGUID":"2021S051246180083","LANDAREA":837.1361,"PRUID":"46","Province":"MB"}},
{"type":"Feature","geometry":{"type":"Polygon","coordinates":[[[-98.58632665359126,51.24479605365478],[-98.56705824880521,51.222120135003664],[-98.54797695585329,51.21483175327332],[-98.55689087943745,51.20574763247366],[-98.57466825390382,51.20124104073733],[-98.59736117645834,51.18080104654621],[-98.60961036379392,51.17627444066611],[-98.63918655517112,51.180915033953745],[-98.65254077986887,51.18586075215925],[-98.6457084553764,51.16158355263141],[-98.6595669474585,51.16438533999915],[-98.67462167180338,51.161056128480254],[-98.65538288158203,51.15201774650199],[-98.65714646449531,51.14460423923548],[-98.67517026308093,51.13892755103914],[-98.67758127092334,51.12933493061358],[-98.66707325963161,51.12196772933869],[-98.67466608067352,51.11406233859652],[-98.66689634681453,51.106815143432144],[-98.65690097214957,51.11986114572591],[-98.6445122786837,51.11346655152014],[-98.6397636559062,51.10499465072806],[-98.64247367029864,51.09346573689207],[-98.67647396613631,51.08941032698179],[-98.68767876863173,51.0745800389099],[-98.63114229691078,51.07465889804462],[-98.63124670289426,51.12615861196776],[-98.56827070684145,51.126131896426664],[-98.5618514139603,51.1279693969669],[-98.56091420883924,51.14089690331221],[-98.3118178167542,51.14073060812452],[-98.34004978777197,51.178814203847864],[-98.35010680070022,51.17884351199543],[-98.35089171328794,51.19324458930291],[-98.38871729742203,51.243922006299854],[-98.53764078545623,51.24402939943061],[-98.58632665359126,51.24479605365478]]]},"properties":{"DAUID":"46180084","DGUID":"2021S051246180084","LANDAREA":221.8917,"PRUID":"46","Province":"MB"}},
{"type":"Feature","geometry":{"type":"Polygon","coordinates":[[[-98.3118178167542,51.14073060812452],[-98.30098791324083,51.12617058926313],[-98.25671395393381,51.12627589747289],[-98.25638401046481,51.243919791980794],[-98.38871729742203,51.243922006299854],[-98.35089171328794,51.19324458930291],[-98.35010680070022,51.17884351199543],[-98.34004978777197,51.178814203847864],[-98.3118178167542,51.14073060812452]]]},"properties":{"DAUID":"46180085","DGUID":"2021S051246180085","LANDAREA":81.2909,"PRUID":"46","Province":"MB"}},
{"type":"Feature","geometry":{"type":"Polygon","coordinates":[[[-98.53764078545623,51.24402939943061],[-98.38871729742203,51.243922006299854],[-98.25638401046481,51.243919791980794],[-98.25671395393381,51.12627589747289],[-98.30098791324083,51.12617058926313],[-98.30321098042117,51.08194100377791],[-98.30300655094862,51.00828072107577],[-98.30355139437667,50.94828059143952],[-98.16809821647162,50.94881119910373],[-98.04042769007354,50.949853653167914],[-97.88390759771414,50.94989946440679],[-97.88410233770507,51.03834365028082],[-97.95347799958171,51.03812918255277],[-97.95322458606168,51.12647845829371],[-97.88405795918,51.12654203094896],[-97.88380170355332,51.21517178683287],[-97.96320829231554,51.215256236811136],[-98.1272247975317,51.21444588946239],[-98.13935732212656,51.21473468049116],[-98.13956803582181,51.22911108717028],[-98.1157308702268,51.22929897180452],[-98.11610515302112,51.243764681176216],[-98.13954320165418,51.24399902127349],[-98.13987608612092,51.30278648281762],[-98.16128762938303,51.30292555197019],[-98.15999839221412,51.333164078333745],[-98.18532511708257,51.33250031253436],[-98.35077670902568,51.33265939970843],[-98.35178632008756,51.30279310294236],[-98.49075801024189,51.30294930816835],[-98.49076348867912,51.28819321138737],[-98.51420998821447,51.28819398979225],[-98.51420749044361,51.27347379156344],[-98.53771789240163,51.273497089392],[-98.53764078545623,51.24402939943061]]]},"properties":{"DAUID":"46180086","DGUID":"2021S051246180086","LANDAREA":1006.0065,"PRUID":"46","Province":"MB"}},
{"type":"Feature","geometry":{"type":"Polygon","coordinates":[[[-98.68767876863173,51.0745800389099],[-98.69504224130067,51.08740543252617],[-98.70918108003458,51.08115572821418],[-98.72547625727115,51.101823731117236],[-98.73244988098205,51.12344393984029],[-98.74998346128295,51.141831628044336],[-98.75430276513679,51.12793864649189],[-98.74057804124246,51.12003623341135],[-98.75433006476392,51.113353144032025],[-98.76210505934176,51.12242892841816],[-98.77290935556464,51.12058005193033],[-98.76983585069188,51.11226965055426],[-98.75909906190728,51.11110594810733],[-98.75369756663207,51.10199893623496],[-98.74090186732809,51.092889016973096],[-98.75897736530693,51.089182349024085],[-98.76578608084095,51.08255084636621],[-98.77746556477119,51.08377413493914],[-98.77845055370904,51.074833040263734],[-98.76220577840175,51.07498094972199],[-98.73673646828405,51.061855950704],[-98.71760116728035,51.0593428297404],[-98.70867248274948,51.04164624679482],[-98.71905287802248,51.04346114954406],[-98.73279767566157,51.038336234881854],[-98.73931628033625,51.056052627559225],[-98.74668745155505,51.060996649324416],[-98.77624276402379,51.05164192912751],[-98.77401066798274,51.041251339319615],[-98.78568518448947,51.04134525142095],[-98.7882458585303,51.030325137916144],[-98.7844642713613,51.01856514523491],[-98.7498733474517,50.99540344550626],[-98.76774947817954,50.988309228924045],[-98.77942815105297,50.992239129346274],[-98.79029024710275,50.98809114924109],[-98.79245495878003,50.98031194983339],[-98.78254495274632,50.96710635258401],[-98.77025935290116,50.95898943857336],[-98.75462604854536,50.96424984259585],[-98.74567027818381,50.954864826468516],[-98.7627545521778,50.952194051114155],[-98.77257206573731,50.9373173381566],[-98.77178584857414,50.927837629237395],[-98.7589884500695,50.91098213185636],[-98.74731687105381,50.91245023431901],[-98.73685938205969,50.90154153599659],[-98.70960678081401,50.901184649425026],[-98.70866946850194,50.88617353647103],[-98.67542195991263,50.89468284121165],[-98.66713986860401,50.89260922950204],[-98.65167477399987,50.904384942731696],[-98.64583295561789,50.89080644603077],[-98.63399757919575,50.89068455194473],[-98.63250047077223,50.898449439065644],[-98.61921087591195,50.909872527456145],[-98.62770498670751,50.9229282727346],[-98.63355266609896,50.923003034609536],[-98.63339919225469,50.970915089614465],[-98.58501479557283,50.9714133403902],[-98.58470706560283,50.96368896702826],[-98.56079948288185,50.96350615370932],[-98.56064379458361,50.947822589474136],[-98.30355139437667,50.94828059143952],[-98.30300655094862,51.00828072107577],[-98.30321098042117,51.08194100377791],[-98.30098791324083,51.12617058926313],[-98.3118178167542,51.14073060812452],[-98.56091420883924,51.14089690331221],[-98.5618514139603,51.1279693969669],[-98.56827070684145,51.126131896426664],[-98.63124670289426,51.12615861196776],[-98.63114229691078,51.07465889804462],[-98.68767876863173,51.0745800389099]]]},"properties":{"DAUID":"46180087","DGUID":"2021S051246180087","LANDAREA":555.248,"PRUID":"46","Province":"MB"}},
{"type":"Feature","geometry":{"type":"Polygon","coordinates":[[[-98.62770498670751,50.9229282727346],[-98.61223766452122,50.91373443106662],[-98.61474715675477,50.900091850121285],[-98.60958505583243,50.890731334413296],[-98.59770476153126,50.89252993621071],[-98.59136905507363,50.88456295031731],[-98.57232726538024,50.88915743913857],[-98.54808174955096,50.88304995219853],[-98.53754897139174,50.874330744986615],[-98.49862637603805,50.878356139431105],[-98.48161216483489,50.87385285206636],[-98.47304964195654,50.86496563307312],[-98.45892087731596,50.85671303743409],[-98.45925748735793,50.89587373956971],[-98.56003396708131,50.896567344535434],[-98.56064379458361,50.947822589474136],[-98.56079948288185,50.96350615370932],[-98.58470706560283,50.96368896702826],[-98.58501479557283,50.9714133403902],[-98.63339919225469,50.970915089614465],[-98.63355266609896,50.923003034609536],[-98.62770498670751,50.9229282727346]]]},"properties":{"DAUID":"46180088","DGUID":"2021S051246180088","LANDAREA":54.4762,"PRUID":"46","Province":"MB"}},
{"type":"Feature","geometry":{"type":"Polygon","coordinates":[[[-98.55993857247223,50.23556887253577],[-98.54897896056646,50.22898845204118],[-98.5003506819476,50.20475812763581],[-98.44984865643096,50.19123714422215],[-98.38234817452674,50.18450773158379],[-98.3444643824837,50.18510954843141],[-98.3199692497047,50.187792834814324],[-98.26582217442011,50.19863814820868],[-98.19966608064765,50.21587875049818],[-98.17381365733112,50.224340831967],[-98.12829146773137,50.24292693674001],[-98.10768515433271,50.24991613931668],[-98.07659958048082,50.27436594968582],[-98.06947666584198,50.293124229104855],[-98.01451624715142,50.307109884633455],[-98.00541966397739,50.31075683559619],[-97.97623954100978,50.329418854979124],[-97.95573107988996,50.34372413404307],[-97.9480936830645,50.352896447279655],[-97.94985486432617,50.36354304949345],[-97.95680266693027,50.37050374143523],[-97.94943084365545,50.384975828331434],[-97.96227325626313,50.4072201452134],[-97.95979034457056,50.4184220280058],[-97.96845250951579,50.43291375340802],[-97.97968825625121,50.44851563021473],[-98.00683247106649,50.47230464932085],[-98.01822205138525,50.48542843841472],[-98.0371270687067,50.497471340450986],[-98.04266821493898,50.50536198098433],[-98.05284134856811,50.524603238942035],[-98.0618938552138,50.529825247638364],[-98.08261134470969,50.531029132096904],[-98.09251386932165,50.5223336407427],[-98.11859596313747,50.52774564384518],[-98.11702585978432,50.53514433966106],[-98.12477894497444,50.55425094485096],[-98.12001877222146,50.56767363581119],[-98.12486045208476,50.574243844634296],[-98.1200680719174,50.587009726019225],[-98.1302086680669,50.604762339207646],[-98.13493927454525,50.619600525582946],[-98.14792834938194,50.62401743421417],[-98.18725135429494,50.655203637967055],[-98.19890257446896,50.66178643570254],[-98.20552805474053,50.67539353061834],[-98.2182235534632,50.67622573130361],[-98.23080535123948,50.700919237124545],[-98.23955477777952,50.71066673802848],[-98.26531264580103,50.70830034250777],[-98.27437325757882,50.722750549422436],[-98.29095826289468,50.72963784686834],[-98.27977637016939,50.739034445963675],[-98.2826576654425,50.74894903220151],[-98.29516815926635,50.7521863344863],[-98.29883856858103,50.765073050195504],[-98.33633935738337,50.76442463154605],[-98.33547971741713,50.771149210082335],[-98.34189374725355,50.78088624180884],[-98.37249155740206,50.80567744923362],[-98.38020096342542,50.819387947068265],[-98.39542718063457,50.828680937872264],[-98.40932544693561,50.82888704002785],[-98.41743257890786,50.83635594091773],[-98.43702234716217,50.84352943276614],[-98.45298644575881,50.84540844829563],[-98.45892087731596,50.85671303743409],[-98.47304964195654,50.86496563307312],[-98.48161216483489,50.87385285206636],[-98.49862637603805,50.878356139431105],[-98.53754897139174,50.874330744986615],[-98.54808174955096,50.88304995219853],[-98.57232726538024,50.88915743913857],[-98.59136905507363,50.88456295031731],[-98.59770476153126,50.89252993621071],[-98.60958505583243,50.890731334413296],[-98.61474715675477,50.900091850121285],[-98.61223766452122,50.91373443106662],[-98.62770498670751,50.9229282727346],[-98.61921087591195,50.909872527456145],[-98.63250047077223,50.898449439065644],[-98.63399757919575,50.89068455194473],[-98.64583295561789,50.89080644603077],[-98.65167477399987,50.904384942731696],[-98.66713986860401,50.89260922950204],[-98.67542195991263,50.89468284121165],[-98.70866946850194,50.88617353647103],[-98.70960678081401,50.901184649425026],[-98.73685938205969,50.90154153599659],[-98.74731687105381,50.91245023431901],[-98.7589884500695,50.91098213185636],[-98.77178584857414,50.927837629237395],[-98.77257206573731,50.9373173381566],[-98.7627545521778,50.952194051114155],[-98.74567027818381,50.954864826468516],[-98.75462604854536,50.96424984259585],[-98.77025935290116,50.95898943857336],[-98.78254495274632,50.96710635258401],[-98.79245495878003,50.98031194983339],[-98.79029024710275,50.98809114924109],[-98.77942815105297,50.992239129346274],[-98.76774947817954,50.988309228924045],[-98.7498733474517,50.99540344550626],[-98.7844642713613,51.01856514523491],[-98.7882458585303,51.030325137916144],[-98.78568518448947,51.04134525142095],[-98.77401066798274,51.041251339319615],[-98.77624276402379,51.05164192912751],[-98.74668745155505,51.060996649324416],[-98.73931628033625,51.056052627559225],[-98.73279767566157,51.038336234881854],[-98.71905287802248,51.04346114954406],[-98.70867248274948,51.04164624679482],[-98.71760116728035,51.0593428297404],[-98.73673646828405,51.061855950704],[-98.76220577840175,51.07498094972199],[-98.77845055370904,51.074833040263734],[-98.77746556477119,51.08377413493914],[-98.76578608084095,51.08255084636621],[-98.75897736530693,51.089182349024085],[-98.74090186732809,51.092889016973096],[-98.75369756663207,51.10199893623496],[-98.75909906190728,51.11110594810733],[-98.76983585069188,51.11226965055426],[-98.77290935556464,51.12058005193033],[-98.78731940799139,51.10488613182786],[-98.78150267534382,51.09810653997556],[-98.78905605756452,51.085850341657284],[-98.82236075862593,51.07408074488959],[-98.83677864438093,51.06156635045085],[-98.85172667700884,51.05928862805806],[-98.8430911480412,51.04314505295049],[-98.85103168289051,51.02686105144026],[-98.84559964351345,51.015860734527884],[-98.82435808157325,50.998915846486526],[-98.84060999185286,51.000056932832806],[-98.8464440472782,50.99111893108671],[-98.83553967200997,50.9883254374458],[-98.83259325081512,50.9630260017619],[-98.83939595415124,50.95255394975092],[-98.85381756414414,50.95487493837555],[-98.86759878152729,50.945058048611784],[-98.86905196714912,50.93697533624645],[-98.8620998772327,50.92489474629181],[-98.86521034803347,50.91939033981917],[-98.86082106490528,50.898072650021156],[-98.86749685611642,50.890755836434955],[-98.86206976124583,50.874895439245336],[-98.84771856633617,50.86932463984718],[-98.8356791582859,50.855873233929366],[-98.82089106175071,50.857308233683966],[-98.80940647389403,50.83756893548777],[-98.80940147307689,50.82832893682408],[-98.80011295352149,50.82392033099636],[-98.78443697556389,50.81046172724937],[-98.77710178278724,50.796450651836466],[-98.7626673538222,50.780410450785986],[-98.73944507502733,50.773202535913235],[-98.73869045011193,50.75845255052353],[-98.72929087868141,50.75227994014837],[-98.7252025898201,50.74236019014199],[-98.72140927015053,50.74030524320331],[-98.71410705773096,50.70943734077803],[-98.69869567670162,50.692091428680655],[-98.69264356652967,50.68013292961854],[-98.66749947942476,50.66399344197785],[-98.65035594700721,50.637539539510136],[-98.63501615848323,50.617910032332915],[-98.636761975353,50.60596364936701],[-98.64399419027485,50.594886487408665],[-98.64477175619581,50.58665305257077],[-98.63846716384113,50.576156530109564],[-98.60660254799383,50.559582229206676],[-98.60147516622474,50.53727953488996],[-98.6039811748655,50.53122663316362],[-98.59643025635322,50.52239622861571],[-98.59585837776159,50.507490823265755],[-98.58367924325741,50.49574912996573],[-98.58579076652389,50.490491133440656],[-98.57807336568382,50.477715345694975],[-98.56268514188486,50.47215462934309],[-98.56190625795908,50.462650147753244],[-98.55032006244937,50.4512833511023],[-98.530789877432,50.42495434496819],[-98.52055798294519,50.40097204855155],[-98.5315588544568,50.376239732961245],[-98.56430815511777,50.370620152139665],[-98.58089534795872,50.362497043701275],[-98.59706297812279,50.33601424959795],[-98.59589575074423,50.32866685198907],[-98.60212157258093,50.30655964616926],[-98.58681622970872,50.25269008973605],[-98.57067595222667,50.246860135038666],[-98.55993857247223,50.23556887253577]],[[-98.77953955015202,51.11148355145421],[-98.76981007609302,51.107400250469595],[-98.77455394518628,51.1026660356905],[-98.77953955015202,51.11148355145421]],[[-98.79850057669339,51.05630005256299],[-98.79236015514049,51.04943253926291],[-98.80434814779319,51.050114137678136],[-98.79850057669339,51.05630005256299]],[[-98.79903024175879,50.95857943062376],[-98.78178266422967,50.95656113488643],[-98.77805868328464,50.94925213811796],[-98.78959976942107,50.945411148138646],[-98.79903024175879,50.95857943062376]]]},"properties":{"DAUID":"46180089","DGUID":"2021S051246180089","LANDAREA":14.6762,"PRUID":"46","Province":"MB"}},
{"type":"Feature","geometry":{"type":"Polygon","coordinates":[[[-98.79850057669339,51.05630005256299],[-98.80434814779319,51.050114137678136],[-98.79236015514049,51.04943253926291],[-98.79850057669339,51.05630005256299]]]},"properties":{"DAUID":"46180090","DGUID":"2021S051246180090","LANDAREA":0.6464,"PRUID":"46","Province":"MB"}},
{"type":"Feature","geometry":{"type":"Polygon","coordinates":[[[-98.77953955015202,51.11148355145421],[-98.77455394518628,51.1026660356905],[-98.76981007609302,51.107400250469595],[-98.77953955015202,51.11148355145421]]]},"properties":{"DAUID":"46180091","DGUID":"2021S051246180091","LANDAREA":0.6451,"PRUID":"46","Province":"MB"}},
{"type":"Feature","geometry":{"type":"Polygon","coordinates":[[[-98.79903024175879,50.95857943062376],[-98.78959976942107,50.945411148138646],[-98.77805868328464,50.94925213811796],[-98.78178266422967,50.95656113488643],[-98.79903024175879,50.95857943062376]]]},"properties":{"DAUID":"46180092","DGUID":"2021S051246180092","LANDAREA":1.7887,"PRUID":"46","Province":"MB"}},
{"type":"Feature","geometry":{"type":"Polygon","coordinates":[[[-98.30355139437667,50.94828059143952],[-98.56064379458361,50.947822589474136],[-98.56003396708131,50.896567344535434],[-98.45925748735793,50.89587373956971],[-98.45892087731596,50.85671303743409],[-98.45298644575881,50.84540844829563],[-98.43702234716217,50.84352943276614],[-98.41743257890786,50.83635594091773],[-98.40932544693561,50.82888704002785],[-98.39542718063457,50.828680937872264],[-98.38020096342542,50.819387947068265],[-98.37249155740206,50.80567744923362],[-98.34189374725355,50.78088624180884],[-98.33547971741713,50.771149210082335],[-98.11126169162306,50.772031997600145],[-98.04148640613775,50.77198308916405],[-98.04365331447246,50.78326018968043],[-98.0641953882176,50.805217002744115],[-98.06526428676342,50.81281571230273],[-98.09307771245332,50.84765830556557],[-98.107938513757,50.85423870264805],[-98.10189808658218,50.8602806050311],[-98.11628391351557,50.87647878814568],[-98.15846101518866,50.909353602209464],[-98.15851939137178,50.93608968836648],[-98.16809821647162,50.94881119910373],[-98.30355139437667,50.94828059143952]]]},"properties":{"DAUID":"46180093","DGUID":"2021S051246180093","LANDAREA":472.3035,"PRUID":"46","Province":"MB"}},
{"type":"Feature","geometry":{"type":"Polygon","coordinates":[[[-98.16809821647162,50.94881119910373],[-98.15851939137178,50.93608968836648],[-98.15846101518866,50.909353602209464],[-98.11628391351557,50.87647878814568],[-98.10189808658218,50.8602806050311],[-98.107938513757,50.85423870264805],[-98.09307771245332,50.84765830556557],[-98.06526428676342,50.81281571230273],[-98.0641953882176,50.805217002744115],[-98.04365331447246,50.78326018968043],[-98.04148640613775,50.77198308916405],[-97.87856374807215,50.771582521410586],[-97.87850480449451,50.86058442285184],[-97.87830670395479,50.949853820468114],[-97.88390759771414,50.94989946440679],[-98.04042769007354,50.949853653167914],[-98.16809821647162,50.94881119910373]]]},"properties":{"DAUID":"46180094","DGUID":"2021S051246180094","LANDAREA":309.9012,"PRUID":"46","Province":"MB"}},
{"type":"Feature","geometry":{"type":"Polygon","coordinates":[[[-98.04148640613775,50.77198308916405],[-98.04155968637325,50.69548799673707],[-98.0320025918677,50.69547189979898],[-98.03035409751651,50.68340729866903],[-98.01843547973716,50.68338849364873],[-97.83437680324666,50.683158890146444],[-97.8321956812583,50.66251347466879],[-97.80864581828634,50.65448870424563],[-97.80075638743371,50.64375059156224],[-97.7834495913143,50.635978367470265],[-97.76444472658162,50.63202627570921],[-97.74211630345357,50.617898284221454],[-97.73955179814345,50.61377671290509],[-97.74107401348678,50.72821670331216],[-97.73928969476889,50.77197681305923],[-97.87856374807215,50.771582521410586],[-98.04148640613775,50.77198308916405]]]},"properties":{"DAUID":"46180095","DGUID":"2021S051246180095","LANDAREA":235.8884,"PRUID":"46","Province":"MB"}},
{"type":"Feature","geometry":{"type":"Polygon","coordinates":[[[-98.11126169162306,50.772031997600145],[-98.11125159497584,50.68344970587301],[-98.12267460303195,50.68347329100605],[-98.1174213983575,50.668459899208074],[-98.09882178133205,50.65395539135074],[-98.06489841106558,50.653948903711566],[-98.0649891080692,50.626574011058196],[-98.05018721490322,50.609681687547905],[-98.01868529906375,50.60961849483254],[-98.01843547973716,50.68338849364873],[-98.03035409751651,50.68340729866903],[-98.0320025918677,50.69547189979898],[-98.04155968637325,50.69548799673707],[-98.04148640613775,50.77198308916405],[-98.11126169162306,50.772031997600145]]]},"properties":{"DAUID":"46180096","DGUID":"2021S051246180096","LANDAREA":86.813,"PRUID":"46","Province":"MB"}},
{"type":"Feature","geometry":{"type":"Polygon","coordinates":[[[-98.04266821493898,50.50536198098433],[-98.00119291996596,50.5185642039292],[-97.98693588028405,50.506054105288904],[-97.92201319200898,50.506622299913396],[-97.870215179587,50.506199553274996],[-97.73681838591563,50.506768209767756],[-97.73698718613463,50.594555089859426],[-97.73955179814345,50.61377671290509],[-97.74211630345357,50.617898284221454],[-97.76444472658162,50.63202627570921],[-97.7834495913143,50.635978367470265],[-97.80075638743371,50.64375059156224],[-97.80864581828634,50.65448870424563],[-97.8321956812583,50.66251347466879],[-97.83437680324666,50.683158890146444],[-98.01843547973716,50.68338849364873],[-98.01868529906375,50.60961849483254],[-98.05018721490322,50.609681687547905],[-98.0649891080692,50.626574011058196],[-98.06489841106558,50.653948903711566],[-98.09882178133205,50.65395539135074],[-98.1174213983575,50.668459899208074],[-98.12267460303195,50.68347329100605],[-98.11125159497584,50.68344970587301],[-98.11126169162306,50.772031997600145],[-98.33547971741713,50.771149210082335],[-98.33633935738337,50.76442463154605],[-98.29883856858103,50.765073050195504],[-98.29516815926635,50.7521863344863],[-98.2826576654425,50.74894903220151],[-98.27977637016939,50.739034445963675],[-98.29095826289468,50.72963784686834],[-98.27437325757882,50.722750549422436],[-98.26531264580103,50.70830034250777],[-98.23955477777952,50.71066673802848],[-98.23080535123948,50.700919237124545],[-98.2182235534632,50.67622573130361],[-98.20552805474053,50.67539353061834],[-98.19890257446896,50.66178643570254],[-98.18725135429494,50.655203637967055],[-98.14792834938194,50.62401743421417],[-98.13493927454525,50.619600525582946],[-98.1302086680669,50.604762339207646],[-98.1200680719174,50.587009726019225],[-98.12486045208476,50.574243844634296],[-98.12001877222146,50.56767363581119],[-98.12477894497444,50.55425094485096],[-98.11702585978432,50.53514433966106],[-98.11859596313747,50.52774564384518],[-98.09251386932165,50.5223336407427],[-98.08261134470969,50.531029132096904],[-98.0618938552138,50.529825247638364],[-98.05284134856811,50.524603238942035],[-98.04266821493898,50.50536198098433]]]},"properties":{"DAUID":"46180097","DGUID":"2021S051246180097","LANDAREA":569.1529,"PRUID":"46","Province":"MB"}},
{"type":"Feature","geometry":{"type":"Polygon","coordinates":[[[-97.62461818935454,50.418233351299214],[-97.644856810849,50.41810610196642],[-97.64453637761792,50.47681464812463],[-97.66798279384001,50.47676852386772],[-97.66874502092365,50.59455607473179],[-97.73698718613463,50.594555089859426],[-97.73681838591563,50.506768209767756],[-97.870215179587,50.506199553274996],[-97.92201319200898,50.506622299913396],[-97.98693588028405,50.506054105288904],[-98.00119291996596,50.5185642039292],[-98.04266821493898,50.50536198098433],[-98.0371270687067,50.497471340450986],[-98.01822205138525,50.48542843841472],[-98.00683247106649,50.47230464932085],[-97.97968825625121,50.44851563021473],[-97.96845250951579,50.43291375340802],[-97.94206860742902,50.432944403880946],[-97.94145412002845,50.41440280379001],[-97.93560971359659,50.410779001376156],[-97.84550750486943,50.32962290038],[-97.5987346695842,50.329615286277495],[-97.59858072779824,50.40373441836314],[-97.6078835818947,50.413866346549504],[-97.62461818935454,50.418233351299214]]]},"properties":{"DAUID":"46180098","DGUID":"2021S051246180098","LANDAREA":435.5896,"PRUID":"46","Province":"MB"}},
{"type":"Feature","geometry":{"type":"Polygon","coordinates":[[[-97.84550750486943,50.32962290038],[-97.93560971359659,50.410779001376156],[-97.94145412002845,50.41440280379001],[-97.94206860742902,50.432944403880946],[-97.96845250951579,50.43291375340802],[-97.95979034457056,50.4184220280058],[-97.96227325626313,50.4072201452134],[-97.94943084365545,50.384975828331434],[-97.95680266693027,50.37050374143523],[-97.94985486432617,50.36354304949345],[-97.9480936830645,50.352896447279655],[-97.95573107988996,50.34372413404307],[-97.97623954100978,50.329418854979124],[-97.84550750486943,50.32962290038]]]},"properties":{"DAUID":"46180099","DGUID":"2021S051246180099","LANDAREA":44.5636,"PRUID":"46","Province":"MB"}},
{"type":"Feature","geometry":{"type":"Polygon","coordinates":[[[-97.46138692552248,50.49774876884697],[-97.48407051300052,50.50658400610324],[-97.5062545914307,50.50703280510553],[-97.50683208062856,50.618292999393645],[-97.510778592237,50.62358689164264],[-97.53003059719519,50.6291556123281],[-97.53108230904118,50.68385910088642],[-97.53245711805215,50.76724620013743],[-97.55597411048069,50.777234586528515],[-97.55615860877633,50.85410320039073],[-97.56370608204054,50.86047360704976],[-97.60052288579372,50.86047130704258],[-97.72905354669923,50.86035522692097],[-97.87850480449451,50.86058442285184],[-97.87856374807215,50.771582521410586],[-97.73928969476889,50.77197681305923],[-97.74107401348678,50.72821670331216],[-97.73955179814345,50.61377671290509],[-97.73698718613463,50.594555089859426],[-97.66874502092365,50.59455607473179],[-97.66798279384001,50.47676852386772],[-97.64453637761792,50.47681464812463],[-97.644856810849,50.41810610196642],[-97.62461818935454,50.418233351299214],[-97.46053665558433,50.41877111156227],[-97.45953371192884,50.44797229893573],[-97.46138692552248,50.49774876884697]]]},"properties":{"DAUID":"46180100","DGUID":"2021S051246180100","LANDAREA":729.3415,"PRUID":"46","Province":"MB"}},
{"type":"Feature","geometry":{"type":"Polygon","coordinates":[[[-97.22968959998948,50.50697719237393],[-97.22998949862139,50.58075979155442],[-97.2068504944389,50.58079260290633],[-97.20698961521592,50.59572470040648],[-97.22734339465295,50.59780811109409],[-97.22728409508572,50.669677506898665],[-97.48716648200042,50.66943809732933],[-97.51751791471668,50.68394808710774],[-97.53108230904118,50.68385910088642],[-97.53003059719519,50.6291556123281],[-97.510778592237,50.62358689164264],[-97.50683208062856,50.618292999393645],[-97.5062545914307,50.50703280510553],[-97.48407051300052,50.50658400610324],[-97.46138692552248,50.49774876884697],[-97.4614374017637,50.50703399608498],[-97.22968959998948,50.50697719237393]]]},"properties":{"DAUID":"46180101","DGUID":"2021S051246180101","LANDAREA":357.9516,"PRUID":"46","Province":"MB"}},
{"type":"Feature","geometry":{"type":"Polygon","coordinates":[[[-97.53108230904118,50.68385910088642],[-97.51751791471668,50.68394808710774],[-97.48716648200042,50.66943809732933],[-97.22728409508572,50.669677506898665],[-97.22751839377412,50.69914488752646],[-97.18127291334753,50.699017002705375],[-97.18123859067116,50.713811295699855],[-97.15785391809838,50.71374089147871],[-97.15783202035897,50.74319530785939],[-97.11143878621665,50.74319050004834],[-97.11015479277748,50.8165772010896],[-97.11075188005668,50.86086300041162],[-97.18107880358953,50.86048758736224],[-97.25060329756255,50.86100209742253],[-97.36985983191825,50.8612466301701],[-97.4628407817366,50.860645392303255],[-97.56370608204054,50.86047360704976],[-97.55615860877633,50.85410320039073],[-97.55597411048069,50.777234586528515],[-97.53245711805215,50.76724620013743],[-97.53108230904118,50.68385910088642]]]},"properties":{"DAUID":"46180102","DGUID":"2021S051246180102","LANDAREA":589.8253,"PRUID":"46","Province":"MB"}},
{"type":"Feature","geometry":{"type":"Polygon","coordinates":[[[-97.1142801998421,50.50696339923885],[-97.11460659168513,50.59572269377224],[-97.11108330668945,50.61066770198073],[-97.11096608978198,50.654862511647934],[-97.11143878621665,50.74319050004834],[-97.15783202035897,50.74319530785939],[-97.15785391809838,50.71374089147871],[-97.18123859067116,50.713811295699855],[-97.18127291334753,50.699017002705375],[-97.22751839377412,50.69914488752646],[-97.22728409508572,50.669677506898665],[-97.22734339465295,50.59780811109409],[-97.20698961521592,50.59572470040648],[-97.2068504944389,50.58079260290633],[-97.22998949862139,50.58075979155442],[-97.22968959998948,50.50697719237393],[-97.1142801998421,50.50696339923885]]]},"properties":{"DAUID":"46180103","DGUID":"2021S051246180103","LANDAREA":191.1216,"PRUID":"46","Province":"MB"}},
{"type":"Feature","geometry":{"type":"Polygon","coordinates":[[[-97.11108330668945,50.61066770198073],[-97.01809599842974,50.61053451107305],[-97.01811171170984,50.62529419041236],[-97.01815938037696,50.65475069716516],[-97.11096608978198,50.654862511647934],[-97.11108330668945,50.61066770198073]]]},"properties":{"DAUID":"46180104","DGUID":"2021S051246180104","LANDAREA":32.3383,"PRUID":"46","Province":"MB"}},
{"type":"Feature","geometry":{"type":"Polygon","coordinates":[[[-97.01811171170984,50.62529419041236],[-96.99491950550447,50.625382905658284],[-96.99495119496733,50.63194919852251],[-96.99494298937661,50.640115704889745],[-96.9949688061954,50.65479461249541],[-97.01815938037696,50.65475069716516],[-97.01811171170984,50.62529419041236]]]},"properties":{"DAUID":"46180105","DGUID":"2021S051246180105","LANDAREA":5.3639,"PRUID":"46","Province":"MB"}},
{"type":"Feature","geometry":{"type":"Polygon","coordinates":[[[-96.99495119496733,50.63194919852251],[-96.98867130105491,50.63197581288227],[-96.99494298937661,50.640115704889745],[-96.99495119496733,50.63194919852251]]]},"properties":{"DAUID":"46180106","DGUID":"2021S051246180106","LANDAREA":0.4434,"PRUID":"46","Province":"MB"}},
{"type":"Feature","geometry":{"type":"Polygon","coordinates":[[[-96.99491950550447,50.625382905658284],[-96.98893647992003,50.62311219906468],[-96.98867130105491,50.63197581288227],[-96.99495119496733,50.63194919852251],[-96.99491950550447,50.625382905658284]]]},"properties":{"DAUID":"46180107","DGUID":"2021S051246180107","LANDAREA":0.4444,"PRUID":"46","Province":"MB"}},
{"type":"Feature","geometry":{"type":"Polygon","coordinates":[[[-96.99494298937661,50.640115704889745],[-96.98867130105491,50.63197581288227],[-96.98893647992003,50.62311219906468],[-96.98799863285163,50.62310746166759],[-96.98320194719649,50.638667448138314],[-96.97429464083244,50.64681893885496],[-96.97571344137411,50.6546190476346],[-96.99752293970872,50.67872683534995],[-96.99588116465661,50.69416842886735],[-96.98573762184236,50.713756101815974],[-97.01829480286426,50.7136910036628],[-97.01815938037696,50.65475069716516],[-96.9949688061954,50.65479461249541],[-96.99494298937661,50.640115704889745]]]},"properties":{"DAUID":"46180108","DGUID":"2021S051246180108","LANDAREA":15.3194,"PRUID":"46","Province":"MB"}},
{"type":"Feature","geometry":{"type":"Polygon","coordinates":[[[-97.01809599842974,50.61053451107305],[-97.01803978937325,50.59741110582988],[-97.02224878290099,50.58734619994035],[-97.0222069050476,50.566092308079526],[-96.99523208412208,50.563167009575736],[-96.98650709450156,50.551197488139344],[-96.98497770034669,50.54137621048609],[-96.9752328877081,50.52734691192776],[-96.97356444250283,50.52730850297796],[-96.98257445757562,50.53832154916963],[-96.98054414130009,50.54290044198256],[-96.98913974105926,50.56413623149108],[-96.98303806620916,50.57640234664278],[-96.95376048054351,50.58787037815682],[-96.94088974125245,50.59777693891441],[-96.94567966100776,50.60136023467028],[-96.97971776776633,50.61519973952537],[-96.98799863285163,50.62310746166759],[-96.98893647992003,50.62311219906468],[-96.99491950550447,50.625382905658284],[-97.01811171170984,50.62529419041236],[-97.01809599842974,50.61053451107305]]]},"properties":{"DAUID":"46180109","DGUID":"2021S051246180109","LANDAREA":19.7858,"PRUID":"46","Province":"MB"}},
{"type":"Feature","geometry":{"type":"Polygon","coordinates":[[[-96.98639198905072,50.50666549541485],[-96.97564051950232,50.50661309511113],[-96.97530388181063,50.52140288944423],[-96.99891598826447,50.521523494775025],[-96.99914298908166,50.55117250387834],[-96.98650709450156,50.551197488139344],[-96.99523208412208,50.563167009575736],[-97.0222069050476,50.566092308079526],[-97.02224878290099,50.58734619994035],[-97.01803978937325,50.59741110582988],[-97.01809599842974,50.61053451107305],[-97.11108330668945,50.61066770198073],[-97.11460659168513,50.59572269377224],[-97.1142801998421,50.50696339923885],[-96.98639198905072,50.50666549541485]]]},"properties":{"DAUID":"46180110","DGUID":"2021S051246180110","LANDAREA":90.1913,"PRUID":"46","Province":"MB"}},
{"type":"Feature","geometry":{"type":"Polygon","coordinates":[[[-96.98650709450156,50.551197488139344],[-96.99914298908166,50.55117250387834],[-96.99891598826447,50.521523494775025],[-96.97530388181063,50.52140288944423],[-96.9752328877081,50.52734691192776],[-96.98497770034669,50.54137621048609],[-96.98650709450156,50.551197488139344]]]},"properties":{"DAUID":"46180111","DGUID":"2021S051246180111","LANDAREA":4.2435,"PRUID":"46","Province":"MB"}},
{"type":"Feature","geometry":{"type":"Polygon","coordinates":[[[-96.95262230354984,50.49162415169301],[-96.96591555073084,50.49896844161402],[-96.96590583604998,50.51076228699218],[-96.97356444250283,50.52730850297796],[-96.9752328877081,50.52734691192776],[-96.97530388181063,50.52140288944423],[-96.97564051950232,50.50661309511113],[-96.97495208934438,50.49171549237707],[-96.95262230354984,50.49162415169301]]]},"properties":{"DAUID":"46180112","DGUID":"2021S051246180112","LANDAREA":2.6263,"PRUID":"46","Province":"MB"}},
{"type":"Feature","geometry":{"type":"Polygon","coordinates":[[[-96.97495208934438,50.49171549237707],[-96.97564051950232,50.50661309511113],[-96.98639198905072,50.50666549541485],[-96.9864890914747,50.491723895240945],[-96.97495208934438,50.49171549237707]]]},"properties":{"DAUID":"46180113","DGUID":"2021S051246180113","LANDAREA":1.2874,"PRUID":"46","Province":"MB"}},
{"type":"Feature","geometry":{"type":"Polygon","coordinates":[[[-97.11143878621665,50.74319050004834],[-97.11096608978198,50.654862511647934],[-97.01815938037696,50.65475069716516],[-97.01829480286426,50.7136910036628],[-97.01851308904422,50.80216810188244],[-96.9741309979681,50.80224789413351],[-96.96848189552844,50.81268461110117],[-96.9581848959007,50.81702881000125],[-97.01852609470237,50.81695419344952],[-97.11015479277748,50.8165772010896],[-97.11143878621665,50.74319050004834]]]},"properties":{"DAUID":"46180114","DGUID":"2021S051246180114","LANDAREA":123.7077,"PRUID":"46","Province":"MB"}},
{"type":"Feature","geometry":{"type":"Polygon","coordinates":[[[-96.98573762184236,50.713756101815974],[-96.98169434702977,50.723977240701736],[-96.9870115500439,50.73281133013246],[-96.97814973762169,50.75972992727463],[-96.98274247018979,50.779875045245916],[-96.9719251617395,50.80217674444633],[-96.94918606306787,50.816650534088566],[-96.9581848959007,50.81702881000125],[-96.96848189552844,50.81268461110117],[-96.9741309979681,50.80224789413351],[-97.01851308904422,50.80216810188244],[-97.01829480286426,50.7136910036628],[-96.98573762184236,50.713756101815974]]]},"properties":{"DAUID":"46180115","DGUID":"2021S051246180115","LANDAREA":26.262,"PRUID":"46","Province":"MB"}},
{"type":"Feature","geometry":{"type":"Polygon","coordinates":[[[-96.9581848959007,50.81702881000125],[-96.94918606306787,50.816650534088566],[-96.9441746715051,50.82601943015272],[-96.94663397586098,50.83776842679001],[-96.95690294540536,50.84980264498686],[-96.97627957406513,50.85788863843743],[-96.9895436414868,50.87243613510139],[-96.99382655770498,50.88259193674043],[-96.99130256936408,50.90011784562489],[-96.98016946214695,50.9140099463974],[-96.96350223929716,50.92640604239519],[-96.9512287454488,50.9422631505763],[-96.94990045260549,50.95093684279443],[-96.93359003918037,50.966518745484215],[-96.93210460269593,50.97884790655115],[-96.97991778347097,50.979088708354894],[-96.98972989641136,50.99005938834644],[-96.993990998615,50.993822199242864],[-97.01185574239473,50.99385272471266],[-97.0116536143465,51.000273369284756],[-96.9955210860267,50.999813612334385],[-96.99143128472913,51.00807599504024],[-96.99249489157715,51.02074829153437],[-97.01130192018336,51.01277791042604],[-97.01473508202297,51.007835909400356],[-97.01467918251478,50.97776020550375],[-97.03257268312896,50.970337503762714],[-97.04418028863938,50.95714100229469],[-97.0561454902127,50.94954329580967],[-97.07347018760514,50.949596600462044],[-97.0759603021991,50.94204708993876],[-97.08703629381453,50.93092409551955],[-97.0879203950067,50.91977750563254],[-97.08742740021121,50.86099559774162],[-97.04169159461122,50.86115428883319],[-97.041691216373,50.83165470449184],[-97.018568486399,50.83171388983693],[-97.01852609470237,50.81695419344952],[-96.9581848959007,50.81702881000125]]]},"properties":{"DAUID":"46180116","DGUID":"2021S051246180116","LANDAREA":130.6957,"PRUID":"46","Province":"MB"}},
{"type":"Feature","geometry":{"type":"Polygon","coordinates":[[[-97.11015479277748,50.8165772010896],[-97.01852609470237,50.81695419344952],[-97.018568486399,50.83171388983693],[-97.041691216373,50.83165470449184],[-97.04169159461122,50.86115428883319],[-97.08742740021121,50.86099559774162],[-97.0879203950067,50.91977750563254],[-97.08703629381453,50.93092409551955],[-97.0759603021991,50.94204708993876],[-97.07347018760514,50.949596600462044],[-97.15604038529607,50.949400995141296],[-97.1561825820979,50.96415260281317],[-97.24912908368806,50.964387199201674],[-97.25166329290562,50.94961290831876],[-97.25060329756255,50.86100209742253],[-97.18107880358953,50.86048758736224],[-97.11075188005668,50.86086300041162],[-97.11015479277748,50.8165772010896]],[[-97.21654020828413,50.90496860050681],[-97.22780501897797,50.902352208075975],[-97.22794288347914,50.91582479946644],[-97.2104996567578,50.915547704612315],[-97.20434326560519,50.903524211694105],[-97.21654020828413,50.90496860050681]]]},"properties":{"DAUID":"46180117","DGUID":"2021S051246180117","LANDAREA":149.5848,"PRUID":"46","Province":"MB"}},
{"type":"Feature","geometry":{"type":"Polygon","coordinates":[[[-97.2104996567578,50.915547704612315],[-97.21654020828413,50.90496860050681],[-97.20434326560519,50.903524211694105],[-97.2104996567578,50.915547704612315]]]},"properties":{"DAUID":"46180118","DGUID":"2021S051246180118","LANDAREA":0.7882,"PRUID":"46","Province":"MB"}},
{"type":"Feature","geometry":{"type":"Polygon","coordinates":[[[-97.21654020828413,50.90496860050681],[-97.2104996567578,50.915547704612315],[-97.22794288347914,50.91582479946644],[-97.22780501897797,50.902352208075975],[-97.21654020828413,50.90496860050681]]]},"properties":{"DAUID":"46180119","DGUID":"2021S051246180119","LANDAREA":1.4298,"PRUID":"46","Province":"MB"}},
{"type":"Feature","geometry":{"type":"Polygon","coordinates":[[[-96.99249489157715,51.02074829153437],[-96.99138640464163,51.023301395417754],[-97.10972341562264,51.02347759752322],[-97.10984388067034,51.00859529722525],[-97.20322590054877,51.008351287315115],[-97.20338419752923,51.02306688731712],[-97.25013489549578,51.02324591190437],[-97.25039860085928,51.05297281226117],[-97.27385630375126,51.05297990617573],[-97.34494298567982,51.05298319616958],[-97.34491299726196,51.038215888096175],[-97.34486038393186,50.99404920230892],[-97.32154861174905,50.99398640545683],[-97.32144511145229,50.94984558725841],[-97.25166329290562,50.94961290831876],[-97.24912908368806,50.964387199201674],[-97.1561825820979,50.96415260281317],[-97.15604038529607,50.949400995141296],[-97.07347018760514,50.949596600462044],[-97.0561454902127,50.94954329580967],[-97.04418028863938,50.95714100229469],[-97.03257268312896,50.970337503762714],[-97.01467918251478,50.97776020550375],[-97.01473508202297,51.007835909400356],[-97.01130192018336,51.01277791042604],[-96.99249489157715,51.02074829153437]]]},"properties":{"DAUID":"46180120","DGUID":"2021S051246180120","LANDAREA":178.636,"PRUID":"46","Province":"MB"}},
{"type":"Feature","geometry":{"type":"Polygon","coordinates":[[[-96.99138640464163,51.023301395417754],[-96.99129781220172,51.06755729205098],[-97.08525761610669,51.067650787452834],[-97.08528761072839,51.097005793618926],[-97.10863708017745,51.097071193193635],[-97.10880440969594,51.11186798792015],[-97.13204909513834,51.11188199468842],[-97.13201629715948,51.0971053914069],[-97.20412559441812,51.09719240677287],[-97.20395450868945,51.08244071130863],[-97.22735618662293,51.0824382954608],[-97.22717629837443,51.06772249522888],[-97.27397869813419,51.06772169763273],[-97.27385630375126,51.05297990617573],[-97.25039860085928,51.05297281226117],[-97.25013489549578,51.02324591190437],[-97.20338419752923,51.02306688731712],[-97.20322590054877,51.008351287315115],[-97.10984388067034,51.00859529722525],[-97.10972341562264,51.02347759752322],[-96.99138640464163,51.023301395417754]]]},"properties":{"DAUID":"46180121","DGUID":"2021S051246180121","LANDAREA":135.7485,"PRUID":"46","Province":"MB"}},
{"type":"Feature","geometry":{"type":"Polygon","coordinates":[[[-96.93210460269593,50.97884790655115],[-96.92818597755313,50.992414935832024],[-96.9458673772967,51.00245423626534],[-96.95897154180048,51.022033541736604],[-96.96288547368493,51.032939224677875],[-96.95759395219712,51.03796423560957],[-96.96452844521203,51.04101262585073],[-96.9599510489977,51.05217033639994],[-96.94292824301998,51.05651264026038],[-96.93994835751502,51.06481062925317],[-96.91958237478977,51.07527814911923],[-96.91963367671843,51.09481774297406],[-96.89977967404423,51.085239628603674],[-96.88814855519202,51.08681974445686],[-96.85902216580818,51.08239103353259],[-96.86485775212955,51.09302493598146],[-96.85757785426333,51.108850932539625],[-96.84338644012288,51.1167742474136],[-96.85288121660327,51.12653464665796],[-96.89776910634133,51.126574093196815],[-96.89830634860192,51.20519271835638],[-96.91950534092297,51.19654124080724],[-96.97785155316804,51.18583714612189],[-96.98623365662183,51.19642765046483],[-96.9993063628708,51.2016117415081],[-97.00889696723809,51.214402033342445],[-96.99361835824989,51.239592140363335],[-96.97496697596078,51.25177154399249],[-96.97212324197028,51.26119234185782],[-96.9429269761749,51.28298173815517],[-96.9364449410065,51.29833613372006],[-96.9631165529159,51.30352303676071],[-97.32082374393703,51.302644352060184],[-97.36827137264967,51.30318479128637],[-97.3688050920238,51.22277489601291],[-97.36777433250407,51.17106745341424],[-97.36832441400652,51.06773698735987],[-97.36823369044266,51.03824709233838],[-97.34491299726196,51.038215888096175],[-97.34494298567982,51.05298319616958],[-97.27385630375126,51.05297990617573],[-97.27397869813419,51.06772169763273],[-97.22717629837443,51.06772249522888],[-97.22735618662293,51.0824382954608],[-97.20395450868945,51.08244071130863],[-97.20412559441812,51.09719240677287],[-97.13201629715948,51.0971053914069],[-97.13204909513834,51.11188199468842],[-97.10880440969594,51.11186798792015],[-97.10863708017745,51.097071193193635],[-97.08528761072839,51.097005793618926],[-97.08525761610669,51.067650787452834],[-96.99129781220172,51.06755729205098],[-96.99138640464163,51.023301395417754],[-96.99249489157715,51.02074829153437],[-96.99143128472913,51.00807599504024],[-96.9955210860267,50.999813612334385],[-96.98972989641136,50.99005938834644],[-96.97991778347097,50.979088708354894],[-96.93210460269593,50.97884790655115]]]},"properties":{"DAUID":"46180122","DGUID":"2021S051246180122","LANDAREA":805.5201,"PRUID":"46","Province":"MB"}},
{"type":"Feature","geometry":{"type":"Polygon","coordinates":[[[-96.95759395219712,51.03796423560957],[-96.88351857365522,51.000077145562216],[-96.8012653786896,50.959792959220906],[-96.74963124745211,50.98515472205377],[-96.63340233920499,51.05271476968196],[-96.5002096905223,51.13376762242083],[-96.40840838260357,51.15605484761841],[-96.39218003743733,51.15713553977537],[-96.38044903513199,51.17321133332424],[-96.35830944102398,51.18719394341688],[-96.3254103404447,51.188818821983986],[-96.29989265008058,51.194075842010676],[-96.2873901943662,51.19080363349852],[-96.26414540431358,51.19175686778605],[-96.26190626854078,51.200401443734215],[-96.28521015848817,51.22150594684198],[-96.29229144823066,51.232508226419625],[-96.32841925292563,51.262714140787054],[-96.34123403917553,51.27788243223709],[-96.34865606499562,51.29466753746489],[-96.36083756114745,51.29825723697895],[-96.36347973618045,51.308475639014794],[-96.38298904140223,51.3194275471361],[-96.37957315883678,51.3239561339764],[-96.40818906959484,51.339352345191685],[-96.4317782447888,51.33799703244364],[-96.43616615002469,51.34363344077661],[-96.45183046741265,51.345113132890084],[-96.46721374903403,51.35365844215153],[-96.47188495656117,51.36729512867559],[-96.45705846782464,51.3703827416804],[-96.4565805568093,51.38172262714537],[-96.47722444879858,51.37993423426963],[-96.48733247000037,51.37408064190848],[-96.50128397037116,51.38611613942617],[-96.4974977469668,51.39188574485511],[-96.51261766332291,51.40134994345994],[-96.51964637438255,51.42702775048556],[-96.53241990880566,51.44336669578922],[-96.72114152796442,51.377150273156786],[-96.73706004608204,51.36907713013822],[-96.74566006341517,51.35472753843954],[-96.76425705372979,51.34418404367297],[-96.77326715887375,51.333239737084945],[-96.76270743542857,51.325582832460476],[-96.78707643681759,51.30077883008695],[-96.80231416582231,51.29113264301402],[-96.82562796447165,51.291617526580964],[-96.83372886266604,51.278277536185904],[-96.83290986313561,51.270240140104725],[-96.84485435793535,51.26437663852267],[-96.85447874238363,51.254561829851966],[-96.86466655561117,51.250278428218834],[-96.85927465866557,51.24403282704756],[-96.86544873748964,51.23369973836872],[-96.88070936206044,51.224569936460774],[-96.89556185281562,51.22315634788936],[-96.89830634860192,51.20519271835638],[-96.89776910634133,51.126574093196815],[-96.85288121660327,51.12653464665796],[-96.84338644012288,51.1167742474136],[-96.85757785426333,51.108850932539625],[-96.86485775212955,51.09302493598146],[-96.85902216580818,51.08239103353259],[-96.88814855519202,51.08681974445686],[-96.89977967404423,51.085239628603674],[-96.91963367671843,51.09481774297406],[-96.91958237478977,51.07527814911923],[-96.93994835751502,51.06481062925317],[-96.94292824301998,51.05651264026038],[-96.9599510489977,51.05217033639994],[-96.96452844521203,51.04101262585073],[-96.95759395219712,51.03796423560957]]]},"properties":{"DAUID":"46180123","DGUID":"2021S051246180123","LANDAREA":478.4669,"PRUID":"46","Province":"MB"}},
{"type":"Feature","geometry":{"type":"Polygon","coordinates":[[[-96.98972989641136,50.99005938834644],[-96.9955210860267,50.999813612334385],[-97.0116536143465,51.000273369284756],[-97.01185574239473,50.99385272471266],[-96.993990998615,50.993822199242864],[-96.98972989641136,50.99005938834644]]]},"properties":{"DAUID":"46180124","DGUID":"2021S051246180124","LANDAREA":1.1926,"PRUID":"46","Province":"MB"}},
{"type":"Feature","geometry":{"type":"Polygon","coordinates":[[[-97.25060329756255,50.86100209742253],[-97.25166329290562,50.94961290831876],[-97.32144511145229,50.94984558725841],[-97.32154861174905,50.99398640545683],[-97.34486038393186,50.99404920230892],[-97.34491299726196,51.038215888096175],[-97.36823369044266,51.03824709233838],[-97.36832441400652,51.06773698735987],[-97.39173169269165,51.067755700176306],[-97.39156949266243,51.03825589766011],[-97.46155715080114,51.038308896623455],[-97.46290108550707,50.96459970479781],[-97.4628407817366,50.860645392303255],[-97.36985983191825,50.8612466301701],[-97.25060329756255,50.86100209742253]]]},"properties":{"DAUID":"46180125","DGUID":"2021S051246180125","LANDAREA":241.7657,"PRUID":"46","Province":"MB"}},
{"type":"Feature","geometry":{"type":"Polygon","coordinates":[[[-97.56370608204054,50.86047360704976],[-97.4628407817366,50.860645392303255],[-97.46290108550707,50.96459970479781],[-97.46155715080114,51.038308896623455],[-97.39156949266243,51.03825589766011],[-97.39173169269165,51.067755700176306],[-97.45648849064008,51.06776559199009],[-97.46664821274308,51.082531003334616],[-97.50902210233588,51.08258460330092],[-97.50922909606187,51.0530450985517],[-97.60295611094394,51.05311501041128],[-97.60295650670218,51.03840249825568],[-97.6029573953696,51.02367200670132],[-97.64944609761707,51.02355310560098],[-97.64950048482828,51.0089220919632],[-97.67289591910477,51.008803601434714],[-97.67294397825408,50.9941364918183],[-97.6546743148729,50.994170391335125],[-97.64950118572673,50.9794520067493],[-97.6029731881612,50.97949829226629],[-97.60241628631053,50.865107500020336],[-97.60052288579372,50.86047130704258],[-97.56370608204054,50.86047360704976]]]},"properties":{"DAUID":"46180126","DGUID":"2021S051246180126","LANDAREA":257.2692,"PRUID":"46","Province":"MB"}},
{"type":"Feature","geometry":{"type":"Polygon","coordinates":[[[-97.60295611094394,51.05311501041128],[-97.60283701309581,51.11204430744949],[-97.67302641444525,51.11204369333202],[-97.67290748126199,51.06780639139346],[-97.69632050462108,51.06799900252628],[-97.69620218503923,51.0382840988014],[-97.60295650670218,51.03840249825568],[-97.60295611094394,51.05311501041128]]]},"properties":{"DAUID":"46180127","DGUID":"2021S051246180127","LANDAREA":45.6179,"PRUID":"46","Province":"MB"}},
{"type":"Feature","geometry":{"type":"Polygon","coordinates":[[[-97.88390759771414,50.94989946440679],[-97.87830670395479,50.949853820468114],[-97.87850480449451,50.86058442285184],[-97.72905354669923,50.86035522692097],[-97.60052288579372,50.86047130704258],[-97.60241628631053,50.865107500020336],[-97.6029731881612,50.97949829226629],[-97.64950118572673,50.9794520067493],[-97.6546743148729,50.994170391335125],[-97.67294397825408,50.9941364918183],[-97.67289591910477,51.008803601434714],[-97.64950048482828,51.0089220919632],[-97.64944609761707,51.02355310560098],[-97.6029573953696,51.02367200670132],[-97.60295650670218,51.03840249825568],[-97.69620218503923,51.0382840988014],[-97.69632050462108,51.06799900252628],[-97.67290748126199,51.06780639139346],[-97.67302641444525,51.11204369333202],[-97.60283701309581,51.11204430744949],[-97.60280291857953,51.21020948804563],[-97.5907584493653,51.215181020124746],[-97.74335939021218,51.21515769383292],[-97.7426885188599,51.28705518854653],[-97.74363008200882,51.3035215910115],[-97.88429893618114,51.30352619555765],[-97.88380170355332,51.21517178683287],[-97.88405795918,51.12654203094896],[-97.95322458606168,51.12647845829371],[-97.95347799958171,51.03812918255277],[-97.88410233770507,51.03834365028082],[-97.88390759771414,50.94989946440679]]]},"properties":{"DAUID":"46180128","DGUID":"2021S051246180128","LANDAREA":844.2399,"PRUID":"46","Province":"MB"}},
{"type":"Feature","geometry":{"type":"Polygon","coordinates":[[[-97.36827137264967,51.30318479128637],[-97.46205753365932,51.30403475469025],[-97.46219059277236,51.21510059267054],[-97.57956888389924,51.215253501147444],[-97.5907584493653,51.215181020124746],[-97.60280291857953,51.21020948804563],[-97.60283701309581,51.11204430744949],[-97.60295611094394,51.05311501041128],[-97.50922909606187,51.0530450985517],[-97.50902210233588,51.08258460330092],[-97.46664821274308,51.082531003334616],[-97.45648849064008,51.06776559199009],[-97.39173169269165,51.067755700176306],[-97.36832441400652,51.06773698735987],[-97.36777433250407,51.17106745341424],[-97.3688050920238,51.22277489601291],[-97.36827137264967,51.30318479128637]]]},"properties":{"DAUID":"46180129","DGUID":"2021S051246180129","LANDAREA":339.0434,"PRUID":"46","Province":"MB"}},
{"type":"Feature","geometry":{"type":"Polygon","coordinates":[[[-98.5897564585302,51.76948068720811],[-98.6185373148825,51.76947812473414],[-98.61767657555596,51.76063145215697],[-98.60357787462179,51.760317510316604],[-98.60271812476329,51.749832922013354],[-98.588651445959,51.749681044264044],[-98.5897564585302,51.76948068720811]]]},"properties":{"DAUID":"46180132","DGUID":"2021S051246180132","LANDAREA":3.1443,"PRUID":"46","Province":"MB"}},
{"type":"Feature","geometry":{"type":"Polygon","coordinates":[[[-98.5938573790052,51.741593954345305],[-98.59425131713023,51.74583236094903],[-98.61518776110182,51.74541640819739],[-98.61422517067373,51.73980492565741],[-98.5938573790052,51.741593954345305]]]},"properties":{"DAUID":"46180133","DGUID":"2021S051246180133","LANDAREA":0.9136,"PRUID":"46","Province":"MB"}},
{"type":"Feature","geometry":{"type":"Polygon","coordinates":[[[-98.54648351327208,51.732948697862994],[-98.56983636756506,51.732361337431975],[-98.56962179385087,51.717404705022965],[-98.55748119169154,51.71733237536856],[-98.55706455266103,51.725858961121475],[-98.54648351327208,51.732948697862994]]]},"properties":{"DAUID":"46180134","DGUID":"2021S051246180134","LANDAREA":2.65,"PRUID":"46","Province":"MB"}},
{"type":"Feature","geometry":{"type":"Polygon","coordinates":[[[-98.5936958856855,51.71902231504495],[-98.58621443449957,51.724426470189535],[-98.60247024438522,51.72490006177201],[-98.5936958856855,51.71902231504495]]]},"properties":{"DAUID":"46180135","DGUID":"2021S051246180135","LANDAREA":0.5591,"PRUID":"46","Province":"MB"}},
{"type":"Feature","geometry":{"type":"Polygon","coordinates":[[[-98.57442094540937,51.650254146868235],[-98.58064585328518,51.661426931111954],[-98.56063075466587,51.6664789406586],[-98.55298144253304,51.686334833000565],[-98.55508145403203,51.69863422909985],[-98.53934308447266,51.711345224341564],[-98.59378328122536,51.71126349266213],[-98.5936958856855,51.71902231504495],[-98.61740889601975,51.71930021051566],[-98.61744591999047,51.68844724710541],[-98.60842493923329,51.68212182801147],[-98.59858494443333,51.68855090276512],[-98.58609711654486,51.6888544075884],[-98.60643578021526,51.65425789151267],[-98.57442094540937,51.650254146868235]]]},"properties":{"DAUID":"46180136","DGUID":"2021S051246180136","LANDAREA":21.8509,"PRUID":"46","Province":"MB"}},
{"type":"Feature","geometry":{"type":"Polygon","coordinates":[[[-98.49813450001437,51.762209619564906],[-98.49835866326328,51.78065943575502],[-98.53596857845808,51.780324339297735],[-98.53629355126823,51.76946237712603],[-98.52223499200338,51.769447708280225],[-98.52201730377162,51.76173462765243],[-98.49819325964566,51.7622084638831],[-98.49813450001437,51.762209619564906]]]},"properties":{"DAUID":"46180137","DGUID":"2021S051246180137","LANDAREA":4.5813,"PRUID":"46","Province":"MB"}},
{"type":"Feature","geometry":{"type":"Polygon","coordinates":[[[-98.60643578021526,51.65425789151267],[-98.58609711654486,51.6888544075884],[-98.59858494443333,51.68855090276512],[-98.60842493923329,51.68212182801147],[-98.61744591999047,51.68844724710541],[-98.61740889601975,51.71930021051566],[-98.5936958856855,51.71902231504495],[-98.59378328122536,51.71126349266213],[-98.53934308447266,51.711345224341564],[-98.52053446380975,51.72196605039539],[-98.49990097137157,51.72189880298913],[-98.49819325964566,51.7622084638831],[-98.52201730377162,51.76173462765243],[-98.52223499200338,51.769447708280225],[-98.53629355126823,51.76946237712603],[-98.53596857845808,51.780324339297735],[-98.49835866326328,51.78065943575502],[-98.49813450001437,51.762209619564906],[-98.45212906314225,51.762168929653775],[-98.45233494133974,51.75006968238078],[-98.41679781221048,51.76472321432058],[-98.39300000560465,51.76444404306123],[-98.38125089911873,51.769707968612686],[-98.3707219257193,51.764439607004],[-98.35055314818374,51.76624184103896],[-98.34346054895036,51.77816113102333],[-98.33566353882203,51.781516038844316],[-98.31902666701869,51.76868004858074],[-98.31045814257955,51.77937934974923],[-98.33090124328194,51.787414447790105],[-98.34266947753808,51.78921164191346],[-98.35679315375977,51.78499634614511],[-98.36755284642392,51.80761414809289],[-98.36079174393628,51.816978052944954],[-98.36094384789224,51.82786391145092],[-98.37499020610882,51.82987921155527],[-98.45365350057786,51.827659723792564],[-98.5936001515235,51.827596614316434],[-98.5938352695495,51.88578055714695],[-98.73558590085887,51.885632687498855],[-98.73543991660107,51.755135964545715],[-98.87755837145407,51.75546625487683],[-98.87676648056436,51.71231402152094],[-98.84598795258728,51.712912241642336],[-98.84001407145442,51.701548144073804],[-98.82477938223474,51.69333965057558],[-98.81386315165788,51.675735646397285],[-98.82708127221922,51.67016763352703],[-98.81330457957395,51.651556652775355],[-98.81285304740177,51.64360295229819],[-98.79559975676959,51.62859875022204],[-98.79848664866147,51.61449593394081],[-98.78491944579545,51.59577395304244],[-98.75821824090873,51.59036744228975],[-98.75203924453432,51.58255435119348],[-98.73374046722319,51.58100364658665],[-98.72492554883232,51.58883304088751],[-98.70075688488168,51.587314215547046],[-98.70241485739164,51.60114471954092],[-98.68627594242687,51.61094084808603],[-98.68392847454224,51.61832564036899],[-98.67427497036171,51.62203073656588],[-98.66547744462041,51.6328813368931],[-98.6527258640423,51.639579030371],[-98.63496086306894,51.6425490622598],[-98.65187574640305,51.648689450123946],[-98.65601436522488,51.65855633381051],[-98.66863535019279,51.65952324769956],[-98.6812239387107,51.665182236711594],[-98.69080147058423,51.679221150436334],[-98.69010827599472,51.686479935334006],[-98.6691571534498,51.69506804904144],[-98.65300126114492,51.69246783822189],[-98.64535277720306,51.68072914780202],[-98.64399929429833,51.66492621490463],[-98.62492128830424,51.66491455932531],[-98.60643578021526,51.65425789151267]],[[-98.5897564585302,51.76948068720811],[-98.588651445959,51.749681044264044],[-98.60271812476329,51.749832922013354],[-98.60357787462179,51.760317510316604],[-98.61767657555596,51.76063145215697],[-98.6185373148825,51.76947812473414],[-98.5897564585302,51.76948068720811]],[[-98.5938573790052,51.741593954345305],[-98.61422517067373,51.73980492565741],[-98.61518776110182,51.74541640819739],[-98.59425131713023,51.74583236094903],[-98.5938573790052,51.741593954345305]],[[-98.54648351327208,51.732948697862994],[-98.55706455266103,51.725858961121475],[-98.55748119169154,51.71733237536856],[-98.56962179385087,51.717404705022965],[-98.56983636756506,51.732361337431975],[-98.54648351327208,51.732948697862994]],[[-98.5936958856855,51.71902231504495],[-98.60247024438522,51.72490006177201],[-98.58621443449957,51.724426470189535],[-98.5936958856855,51.71902231504495]]]},"properties":{"DAUID":"46180138","DGUID":"2021S051246180138","LANDAREA":522.8008,"PRUID":"46","Province":"MB"}},
{"type":"Feature","geometry":{"type":"Polygon","coordinates":[[[-99.86531963778215,52.96879385598961],[-99.88963175153229,52.977751786397086],[-99.92736367029605,52.97799192942385],[-99.9305464388658,52.970800561552885],[-99.91415015212921,52.96911053853641],[-99.89845125427584,52.96184005329223],[-99.87833256963418,52.963652552389604],[-99.86377564964229,52.95552974593497],[-99.84892055540446,52.95277215288192],[-99.83002656734836,52.95575214363386],[-99.81207654244416,52.96277775281511],[-99.796206071806,52.964827434542514],[-99.76029693866354,52.95976385719135],[-99.74073876851331,52.95218055224192],[-99.7395215431125,52.942700046689005],[-99.75442577652656,52.93937805710597],[-99.76740206439307,52.93041473267824],[-99.75873737886842,52.92014915381025],[-99.77222415294231,52.9086689555709],[-99.77682577804156,52.89830404117534],[-99.78947464540154,52.88408355529575],[-99.7812320492156,52.880084939801186],[-99.79402694312591,52.8678211495402],[-99.80143734179254,52.85164735443449],[-99.77939934152113,52.855411754770905],[-99.77067335498378,52.86690403452471],[-99.75297087812066,52.907386742038625],[-99.73705406288418,52.91525685508784],[-99.71409585077849,52.917769237692376],[-99.70812987365836,52.91027423880965],[-99.67852228602219,52.9077856122701],[-99.67036088918525,52.92479160456283],[-99.69269519296905,52.93282574648762],[-99.70076781074333,52.947660405903484],[-99.71932768777087,52.96284646925363],[-99.75076699240306,52.96829466715365],[-99.80318742167306,52.975042647612],[-99.84308881681453,52.96514580511896],[-99.8547199722127,52.963769607222126],[-99.86531963778215,52.96879385598961]]]},"properties":{"DAUID":"46190098","DGUID":"2021S051246190098","LANDAREA":47.9846,"PRUID":"46","Province":"MB"}},
{"type":"Feature","geometry":{"type":"Polygon","coordinates":[[[-99.21548947015802,51.551048839600035],[-99.21972864500158,51.56429013634046],[-99.23504467889782,51.55345702906892],[-99.24707257137656,51.52925363325865],[-99.26176374420915,51.52322884270728],[-99.26462078066736,51.473993968544576],[-99.2045195872216,51.47425286976757],[-99.20492476565632,51.502427921225085],[-99.19307375095393,51.502626991274255],[-99.19269472656558,51.53192847571423],[-99.19740907317887,51.535704844139225],[-99.20151007673437,51.551819949214924],[-99.21548947015802,51.551048839600035]]]},"properties":{"DAUID":"46190100","DGUID":"2021S051246190100","LANDAREA":35.9656,"PRUID":"46","Province":"MB"}},
{"type":"Feature","geometry":{"type":"Polygon","coordinates":[[[-97.33141955841496,53.000066091624454],[-97.33005273416434,52.977331852676265],[-97.23841788925382,52.97776726896792],[-97.2362767333184,53.00919609883114],[-97.33195984348384,53.00988776209428],[-97.33189658140867,53.00599057129136],[-97.33141955841496,53.000066091624454]]]},"properties":{"DAUID":"46190101","DGUID":"2021S051246190101","LANDAREA":18.0478,"PRUID":"46","Province":"MB"}},
{"type":"Feature","geometry":{"type":"Polygon","coordinates":[[[-96.91197217177441,52.318096172011465],[-96.91291039607547,52.34480646161428],[-97.01039355796496,52.36231726450529],[-97.01432616173815,52.353103050681824],[-97.00938729288619,52.34148481297649],[-97.00934277259243,52.33161805248034],[-96.91186532978503,52.313705952592876],[-96.91197217177441,52.318096172011465]]]},"properties":{"DAUID":"46190103","DGUID":"2021S051246190103","LANDAREA":20.6325,"PRUID":"46","Province":"MB"}},
{"type":"Feature","geometry":{"type":"Polygon","coordinates":[[[-95.37408516004638,52.168956229651094],[-95.37981158273085,52.17680951131046],[-95.39555641646098,52.1683100575233],[-95.37190932733245,52.154632727619806],[-95.37408516004638,52.168956229651094]]]},"properties":{"DAUID":"46190105","DGUID":"2021S051246190105","LANDAREA":2.561,"PRUID":"46","Province":"MB"}},
{"type":"Feature","geometry":{"type":"Polygon","coordinates":[[[-95.43811194310118,52.0318500343435],[-95.44817764732605,52.02466663266604],[-95.46835796620861,52.016564930844396],[-95.47934965071185,52.006431549347056],[-95.45836784128456,51.99064924790409],[-95.36524415853528,51.991176444294744],[-95.3668847581424,52.02417293596476],[-95.40239601838675,52.02421174906263],[-95.41477585005123,52.02006463011734],[-95.40599893854716,52.01280533889824],[-95.42597187038271,52.005694049077526],[-95.43022296789015,52.01352454307962],[-95.42110583263862,52.0213289292797],[-95.4264153550133,52.02891044563838],[-95.43811194310118,52.0318500343435]]]},"properties":{"DAUID":"46190106","DGUID":"2021S051246190106","LANDAREA":22.5988,"PRUID":"46","Province":"MB"}},
{"type":"Feature","geometry":{"type":"Polygon","coordinates":[[[-96.71666370851446,51.801362849762754],[-96.7169955656903,51.79130632987064],[-96.70194955434388,51.787933237518075],[-96.69803126047202,51.77548543040924],[-96.68400825654173,51.77170342705361],[-96.6869670325367,51.76422742788794],[-96.67573106022073,51.75497794773138],[-96.65901627130596,51.76533352684782],[-96.65880249711888,51.79408236908602],[-96.68251136355003,51.79409512485926],[-96.6825062739894,51.80102908224571],[-96.71666370851446,51.801362849762754]]]},"properties":{"DAUID":"46190107","DGUID":"2021S051246190107","LANDAREA":11.3724,"PRUID":"46","Province":"MB"}},
{"type":"Feature","geometry":{"type":"Polygon","coordinates":[[[-96.7165592365786,51.78860455173139],[-96.72904315206283,51.77954324776262],[-96.71787029806642,51.77204086135088],[-96.70630616871715,51.775257249612274],[-96.7165592365786,51.78860455173139]]]},"properties":{"DAUID":"46190108","DGUID":"2021S051246190108","LANDAREA":2.1632,"PRUID":"46","Province":"MB"}},
{"type":"Feature","geometry":{"type":"Polygon","coordinates":[[[-97.29676905737252,51.91382664721737],[-97.29681463861411,51.91953723128469],[-97.31067701628128,51.926791188076784],[-97.34090752650863,51.919033494691966],[-97.30953286398555,51.88380482163767],[-97.26862247065216,51.88514800716392],[-97.27279395054192,51.89578523058626],[-97.28740235171286,51.89918645028056],[-97.28671725564091,51.90611384094002],[-97.29676905737252,51.91382664721737]]]},"properties":{"DAUID":"46190109","DGUID":"2021S051246190109","LANDAREA":12.1054,"PRUID":"46","Province":"MB"}},
{"type":"Feature","geometry":{"type":"Polygon","coordinates":[[[-96.68117425630818,51.75534273785266],[-96.68285215868202,51.74993448931039],[-96.66949343398242,51.75242862675659],[-96.68117425630818,51.75534273785266]]]},"properties":{"DAUID":"46190110","DGUID":"2021S051246190110","LANDAREA":0.492,"PRUID":"46","Province":"MB"}},
{"type":"Feature","geometry":{"type":"Polygon","coordinates":[[[-96.70427732126015,51.7719377073567],[-96.71312517973293,51.765651269516205],[-96.69924377107385,51.76251734401971],[-96.70427732126015,51.7719377073567]]]},"properties":{"DAUID":"46190111","DGUID":"2021S051246190111","LANDAREA":0.7353,"PRUID":"46","Province":"MB"}},
{"type":"Feature","geometry":{"type":"Polygon","coordinates":[[[-96.65937509051982,51.75007047000585],[-96.6591975425543,51.764207253468676],[-96.67025605122114,51.754894848621454],[-96.65937509051982,51.75007047000585]]]},"properties":{"DAUID":"46190112","DGUID":"2021S051246190112","LANDAREA":0.6825,"PRUID":"46","Province":"MB"}},
{"type":"Feature","geometry":{"type":"Polygon","coordinates":[[[-96.68937825103284,51.761418347453734],[-96.6951265492653,51.76409274262162],[-96.70076091689373,51.75900181821354],[-96.68968134983886,51.758839161597955],[-96.68937825103284,51.761418347453734]]]},"properties":{"DAUID":"46190113","DGUID":"2021S051246190113","LANDAREA":0.2824,"PRUID":"46","Province":"MB"}},
{"type":"Feature","geometry":{"type":"Polygon","coordinates":[[[-98.08320434668067,51.944403995129534],[-98.04036329521001,51.944186486078195],[-98.05111493753807,51.95951424351771],[-98.06108874133487,51.967788531412616],[-98.07171238453934,51.967471214318444],[-98.07222086001264,51.95583934891574],[-98.06721007558548,51.950471629644845],[-98.08320434668067,51.944403995129534]]]},"properties":{"DAUID":"46190115","DGUID":"2021S051246190115","LANDAREA":3.403,"PRUID":"46","Province":"MB"}},
{"type":"Feature","geometry":{"type":"Polygon","coordinates":[[[-98.49819325964566,51.7622084638831],[-98.49990097137157,51.72189880298913],[-98.47209744604575,51.72414564793877],[-98.46720757411218,51.72754033136361],[-98.44952355242863,51.72558415280775],[-98.44019705827615,51.73398754639059],[-98.44058964402831,51.743241643023545],[-98.42147075549819,51.740973153792346],[-98.41169246767548,51.74782553263117],[-98.39128594893012,51.75295474065198],[-98.36937234086845,51.752047930585015],[-98.3707219257193,51.764439607004],[-98.38125089911873,51.769707968612686],[-98.39300000560465,51.76444404306123],[-98.41679781221048,51.76472321432058],[-98.45233494133974,51.75006968238078],[-98.45212906314225,51.762168929653775],[-98.49813450001437,51.762209619564906],[-98.49819325964566,51.7622084638831]]]},"properties":{"DAUID":"46190116","DGUID":"2021S051246190116","LANDAREA":24.0889,"PRUID":"46","Province":"MB"}},
{"type":"Feature","geometry":{"type":"Polygon","coordinates":[[[-97.31468572705874,51.45304308515498],[-97.41842084800491,51.45285808997218],[-97.41757153769875,51.43301080169935],[-97.46509880619855,51.43249156953651],[-97.46420101755376,51.41053819496734],[-97.44032418365896,51.41021449707984],[-97.43247299774802,51.41820309456786],[-97.41276938347154,51.42858510196607],[-97.40287549638772,51.43715550142395],[-97.38406300071846,51.43776999571031],[-97.37129661305187,51.443141689276516],[-97.35384740452444,51.445379911031786],[-97.3358282852171,51.44266148934093],[-97.31468572705874,51.45304308515498]]]},"properties":{"DAUID":"46190117","DGUID":"2021S051246190117","LANDAREA":16.3411,"PRUID":"46","Province":"MB"}},
{"type":"Feature","geometry":{"type":"Polygon","coordinates":[[[-97.46420101755376,51.41053819496734],[-97.46449357567381,51.40349148843538],[-97.41749492760036,51.403912015381714],[-97.41744035694093,51.4120130378128],[-97.26742889359637,51.41281684619161],[-97.26776826957662,51.41818858399849],[-97.24118329909079,51.41862002942893],[-97.24251154601569,51.43473023400012],[-97.2863468575733,51.43174634181398],[-97.2878419799593,51.4378852507526],[-97.30215352033397,51.43754663453416],[-97.3026720863995,51.45315456413119],[-97.31468572705874,51.45304308515498],[-97.3358282852171,51.44266148934093],[-97.35384740452444,51.445379911031786],[-97.37129661305187,51.443141689276516],[-97.38406300071846,51.43776999571031],[-97.40287549638772,51.43715550142395],[-97.41276938347154,51.42858510196607],[-97.43247299774802,51.41820309456786],[-97.44032418365896,51.41021449707984],[-97.46420101755376,51.41053819496734]]]},"properties":{"DAUID":"46190118","DGUID":"2021S051246190118","LANDAREA":38.827,"PRUID":"46","Province":"MB"}},
{"type":"Feature","geometry":{"type":"Polygon","coordinates":[[[-97.50947268922849,51.391708497236785],[-97.50933381584518,51.413026987385045],[-97.55605961680163,51.41329449487389],[-97.55521396325479,51.39174605146789],[-97.50947268922849,51.391708497236785]]]},"properties":{"DAUID":"46190119","DGUID":"2021S051246190119","LANDAREA":7.589,"PRUID":"46","Province":"MB"}},
{"type":"Feature","geometry":{"type":"Polygon","coordinates":[[[-97.55521396325479,51.39174605146789],[-97.60227057021206,51.391619266015795],[-97.60236200861304,51.36262660998739],[-97.67268451626745,51.36265827518377],[-97.67364131571549,51.30350875525687],[-97.64353930227192,51.30352899000306],[-97.62788650612495,51.28914730271168],[-97.58394058550516,51.288803792690985],[-97.58277649262041,51.29633459224567],[-97.57033708036599,51.307064389776386],[-97.57000879864299,51.31670049346329],[-97.561308421126,51.319588507951075],[-97.54094129587864,51.324660198391086],[-97.52175241080792,51.35320489519619],[-97.50922698044337,51.35105879624107],[-97.50032918344327,51.356592608945036],[-97.50327031216464,51.36726850495641],[-97.4966024923733,51.37303730943542],[-97.4857692920376,51.391755290476375],[-97.50947268922849,51.391708497236785],[-97.55521396325479,51.39174605146789]]]},"properties":{"DAUID":"46190120","DGUID":"2021S051246190120","LANDAREA":91.8967,"PRUID":"46","Province":"MB"}},
{"type":"Feature","geometry":{"type":"Polygon","coordinates":[[[-97.561308421126,51.319588507951075],[-97.56513959933713,51.304429006296694],[-97.57980588117307,51.294059405784374],[-97.579867192756,51.28881739135888],[-97.53278431137295,51.28882140186533],[-97.53269178635448,51.319161488891524],[-97.50923041700233,51.319090001811546],[-97.50922698044337,51.35105879624107],[-97.52175241080792,51.35320489519619],[-97.54094129587864,51.324660198391086],[-97.561308421126,51.319588507951075]]]},"properties":{"DAUID":"46190121","DGUID":"2021S051246190121","LANDAREA":15.2278,"PRUID":"46","Province":"MB"}},
{"type":"Feature","geometry":{"type":"Polygon","coordinates":[[[-97.46205753365932,51.30403475469025],[-97.46229768659157,51.39173729561741],[-97.4857692920376,51.391755290476375],[-97.4966024923733,51.37303730943542],[-97.50327031216464,51.36726850495641],[-97.50032918344327,51.356592608945036],[-97.50922698044337,51.35105879624107],[-97.50923041700233,51.319090001811546],[-97.53269178635448,51.319161488891524],[-97.53278431137295,51.28882140186533],[-97.53269259103881,51.259297191756566],[-97.52094944881225,51.259288639021314],[-97.52067089801898,51.252039821885134],[-97.53266535232935,51.25199354582617],[-97.54361918969555,51.24461360533093],[-97.55403799556676,51.244598913112384],[-97.57970980252728,51.244634491358845],[-97.57956888389924,51.215253501147444],[-97.46219059277236,51.21510059267054],[-97.46205753365932,51.30403475469025]],[[-97.48582788860132,51.36932700991098],[-97.48582727868396,51.376859362938895],[-97.4750794980984,51.376810000148396],[-97.47532973844167,51.36984478772029],[-97.48582788860132,51.36932700991098]]]},"properties":{"DAUID":"46190122","DGUID":"2021S051246190122","LANDAREA":89.1229,"PRUID":"46","Province":"MB"}},
{"type":"Feature","geometry":{"type":"Polygon","coordinates":[[[-97.48582788860132,51.36932700991098],[-97.47532973844167,51.36984478772029],[-97.4750794980984,51.376810000148396],[-97.48582727868396,51.376859362938895],[-97.48582788860132,51.36932700991098]]]},"properties":{"DAUID":"46190123","DGUID":"2021S051246190123","LANDAREA":0.5963,"PRUID":"46","Province":"MB"}},
{"type":"Feature","geometry":{"type":"Polygon","coordinates":[[[-97.58394058550516,51.288803792690985],[-97.57955828772226,51.259317705263],[-97.53269259103881,51.259297191756566],[-97.53278431137295,51.28882140186533],[-97.579867192756,51.28881739135888],[-97.57980588117307,51.294059405784374],[-97.56513959933713,51.304429006296694],[-97.561308421126,51.319588507951075],[-97.57000879864299,51.31670049346329],[-97.57033708036599,51.307064389776386],[-97.58277649262041,51.29633459224567],[-97.58394058550516,51.288803792690985]]]},"properties":{"DAUID":"46190124","DGUID":"2021S051246190124","LANDAREA":12.6568,"PRUID":"46","Province":"MB"}},
{"type":"Feature","geometry":{"type":"Polygon","coordinates":[[[-97.5907584493653,51.215181020124746],[-97.57956888389924,51.215253501147444],[-97.57970980252728,51.244634491358845],[-97.55403799556676,51.244598913112384],[-97.5541182672301,51.25161387418871],[-97.5440451898673,51.25175972292191],[-97.54361918969555,51.24461360533093],[-97.53266535232935,51.25199354582617],[-97.53269259103881,51.259297191756566],[-97.57955828772226,51.259317705263],[-97.58394058550516,51.288803792690985],[-97.62788650612495,51.28914730271168],[-97.64353930227192,51.30352899000306],[-97.67364131571549,51.30350875525687],[-97.67431436852101,51.28870515142853],[-97.73799451300098,51.288794190154036],[-97.7426885188599,51.28705518854653],[-97.74335939021218,51.21515769383292],[-97.5907584493653,51.215181020124746]]]},"properties":{"DAUID":"46190125","DGUID":"2021S051246190125","LANDAREA":101.406,"PRUID":"46","Province":"MB"}},
{"type":"Feature","geometry":{"type":"Polygon","coordinates":[[[-97.53269259103881,51.259297191756566],[-97.53266535232935,51.25199354582617],[-97.52067089801898,51.252039821885134],[-97.52094944881225,51.259288639021314],[-97.53269259103881,51.259297191756566]]]},"properties":{"DAUID":"46190126","DGUID":"2021S051246190126","LANDAREA":0.6698,"PRUID":"46","Province":"MB"}},
{"type":"Feature","geometry":{"type":"Polygon","coordinates":[[[-97.54361918969555,51.24461360533093],[-97.5440451898673,51.25175972292191],[-97.5541182672301,51.25161387418871],[-97.55403799556676,51.244598913112384],[-97.54361918969555,51.24461360533093]]]},"properties":{"DAUID":"46190127","DGUID":"2021S051246190127","LANDAREA":0.5647,"PRUID":"46","Province":"MB"}},
{"type":"Feature","geometry":{"type":"Polygon","coordinates":[[[-96.49542074367139,50.6800958327611],[-96.47728616153283,50.666896029102354],[-96.47402236202977,50.65519514394803],[-96.46029376569766,50.64687324025024],[-96.42876015292788,50.63599914209271],[-96.41134654113152,50.63167362589066],[-96.38938364754512,50.6212079276725],[-96.37488447189288,50.620069299589424],[-96.34102867736082,50.624440339998536],[-96.33220695823802,50.62840324235691],[-96.31929786982077,50.62016414812715],[-96.31121446863713,50.61984282534055],[-96.300122913578,50.61074510030757],[-96.27748900914024,50.593972000911315],[-96.3070054525771,50.57498049200242],[-96.3010421367616,50.57074913282691],[-96.27160478911657,50.58941721024677],[-96.25541673888364,50.5788903458993],[-96.23331175360681,50.57369979765181],[-96.21534886251625,50.57552619922898],[-96.24547576390411,50.58099423185907],[-96.2557590386171,50.59000744643213],[-96.2582791756338,50.59964663488128],[-96.27978664137477,50.605332326031466],[-96.27861497291164,50.61485774572816],[-96.31045617405826,50.62445774159825],[-96.30437134672444,50.63219663069869],[-96.33277676383376,50.644688144814864],[-96.33401944549398,50.65296943746768],[-96.34412835682791,50.65926772341084],[-96.3064740491747,50.65920814228302],[-96.30639508666516,50.655262986854396],[-96.21391294317873,50.654611382549334],[-96.21465950417816,50.591810629182795],[-96.14069931538349,50.592284191052286],[-96.1147124034293,50.630151911052884],[-96.0999521871783,50.65464818986733],[-96.08707091683772,50.66844029641587],[-96.09033379167609,50.685477893832946],[-96.09490190187238,50.692896098402954],[-96.1368433936409,50.72690189048391],[-96.15218979836635,50.75214950724706],[-96.16411151140201,50.76181309120975],[-96.18634079266289,50.77116709669412],[-96.2333361041363,50.80118379834069],[-96.23764031486127,50.81146808813923],[-96.2353852130414,50.82897269515876],[-96.24111609719132,50.84425580146353],[-96.25580519388477,50.86459778926185],[-96.258993984795,50.88679100106867],[-96.252563105044,50.89916940962099],[-96.24373299308867,50.90201038788658],[-96.2329524082289,50.912054208535594],[-96.21736950570252,50.932137791105866],[-96.21611489340322,50.949323806382246],[-96.22436480941228,50.96165419919333],[-96.21997199861786,50.980591498403825],[-96.2307352794526,50.99342198973897],[-96.24054798789106,51.012516112351534],[-96.25075239874914,51.021751504155155],[-96.25394991453767,51.03231439869843],[-96.2843785805763,51.051779588980494],[-96.29709571382207,51.064235191265475],[-96.29721570774916,51.07099279095021],[-96.28422404628675,51.092929627054424],[-96.24975944159875,51.09394990864326],[-96.25009939030528,51.12713060995984],[-96.22065428602056,51.12665360505955],[-96.1819055091007,51.12827110020722],[-96.17674154031887,51.133675524507225],[-96.17889760934247,51.146566795474506],[-96.1877997703182,51.16087446027392],[-96.2122020680201,51.17369152717912],[-96.22797271707888,51.19152479476048],[-96.2335842347547,51.18630262593152],[-96.250223823397,51.183675954863624],[-96.26423295087469,51.185866687348245],[-96.26414540431358,51.19175686778605],[-96.2873901943662,51.19080363349852],[-96.27102014216166,51.179850541674085],[-96.25090630957911,51.18295948650035],[-96.2277280051247,51.183578180370894],[-96.22758872602454,51.176570317998106],[-96.2639855494836,51.176552032105334],[-96.26729566527409,51.17098801738877],[-96.25884104056699,51.1640287358598],[-96.24918080894224,51.16840324850345],[-96.23239495368158,51.15319405033523],[-96.26051792407986,51.14090378520256],[-96.27855704729195,51.156698073471425],[-96.28750073554788,51.152868746630254],[-96.3254103404447,51.188818821983986],[-96.35830944102398,51.18719394341688],[-96.38044903513199,51.17321133332424],[-96.39218003743733,51.15713553977537],[-96.40840838260357,51.15605484761841],[-96.5002096905223,51.13376762242083],[-96.63340233920499,51.05271476968196],[-96.74963124745211,50.98515472205377],[-96.8012653786896,50.959792959220906],[-96.88351857365522,51.000077145562216],[-96.95759395219712,51.03796423560957],[-96.96288547368493,51.032939224677875],[-96.95897154180048,51.022033541736604],[-96.9458673772967,51.00245423626534],[-96.92818597755313,50.992414935832024],[-96.93210460269593,50.97884790655115],[-96.93359003918037,50.966518745484215],[-96.94990045260549,50.95093684279443],[-96.9512287454488,50.9422631505763],[-96.96350223929716,50.92640604239519],[-96.98016946214695,50.9140099463974],[-96.99130256936408,50.90011784562489],[-96.99382655770498,50.88259193674043],[-96.9895436414868,50.87243613510139],[-96.97627957406513,50.85788863843743],[-96.95690294540536,50.84980264498686],[-96.94663397586098,50.83776842679001],[-96.9441746715051,50.82601943015272],[-96.94918606306787,50.816650534088566],[-96.9719251617395,50.80217674444633],[-96.98274247018979,50.779875045245916],[-96.97814973762169,50.75972992727463],[-96.9870115500439,50.73281133013246],[-96.98169434702977,50.723977240701736],[-96.98573762184236,50.713756101815974],[-96.99588116465661,50.69416842886735],[-96.99752293970872,50.67872683534995],[-96.97571344137411,50.6546190476346],[-96.97429464083244,50.64681893885496],[-96.98320194719649,50.638667448138314],[-96.98799863285163,50.62310746166759],[-96.97971776776633,50.61519973952537],[-96.94567966100776,50.60136023467028],[-96.94088974125245,50.59777693891441],[-96.95376048054351,50.58787037815682],[-96.98303806620916,50.57640234664278],[-96.98913974105926,50.56413623149108],[-96.98054414130009,50.54290044198256],[-96.98257445757562,50.53832154916963],[-96.97356444250283,50.52730850297796],[-96.96590583604998,50.51076228699218],[-96.96591555073084,50.49896844161402],[-96.95262230354984,50.49162415169301],[-96.94960976929708,50.477988904087404],[-96.95247597650669,50.47153004218778],[-96.94961194550257,50.45449813816589],[-96.95501635503645,50.44221242657848],[-96.94571452556751,50.429314449622105],[-96.93571817220138,50.4220297339846],[-96.91159796203942,50.41506464525712],[-96.90697405072511,50.40978714295828],[-96.89182248068722,50.40581674512549],[-96.89029844851235,50.400837542276896],[-96.87271413517425,50.400454863505814],[-96.8124834747912,50.397335540588465],[-96.80466126297154,50.39440872920276],[-96.79619995313473,50.383891336828064],[-96.78243167984638,50.38546443666624],[-96.77664885303527,50.39044504043648],[-96.73051954283969,50.388420439364985],[-96.70073426272423,50.38960273794582],[-96.6668057646327,50.39575832611442],[-96.65835065657906,50.39486433813514],[-96.64080426987357,50.40285555502912],[-96.63448882958873,50.40745875897776],[-96.62016536321352,50.42301192749201],[-96.59780544288414,50.43027434710633],[-96.58478794245738,50.43744353132272],[-96.57437684359033,50.44824553634807],[-96.57610066333173,50.467431528347745],[-96.58324616928549,50.47405653393397],[-96.5830211459877,50.48205723742474],[-96.59837446967447,50.49509383733304],[-96.60497026643647,50.50770554305062],[-96.60670965724444,50.52072072733965],[-96.61541123781895,50.529734797281584],[-96.6275787712905,50.53389352707066],[-96.62940518268567,50.54756699446878],[-96.58303299767947,50.547818194116715],[-96.58272149575981,50.5822457893866],[-96.57906264537922,50.586997736124154],[-96.59120438344148,50.606661942960294],[-96.59291095867557,50.62903804727779],[-96.60228716466318,50.65375073092032],[-96.60315475568785,50.661719749515825],[-96.58734104723382,50.66848103508251],[-96.58443625674855,50.67571544038676],[-96.56518967435049,50.67097933685681],[-96.54806592150533,50.68030684662342],[-96.54553315393238,50.683123343461844],[-96.545135529191,50.68029044206873],[-96.52969227663529,50.6803473767718],[-96.54469916656384,50.68662262467864],[-96.54858095896131,50.69526723121365],[-96.5616254662355,50.699048831438674],[-96.56779846544573,50.70647244350624],[-96.54453606954321,50.72118534585862],[-96.54063055979762,50.72768878339917],[-96.55062785862171,50.74102962960963],[-96.57347843236991,50.750298309765235],[-96.56263774127429,50.76360573742095],[-96.52557153865823,50.78043612866233],[-96.51631006525673,50.77637153967415],[-96.51831993897618,50.75957653656922],[-96.54466546497625,50.7414708386334],[-96.53605547357873,50.7242984237396],[-96.51625015057539,50.721269534112636],[-96.52552027670366,50.690813148322455],[-96.51288725903719,50.6830965326513],[-96.49542074367139,50.6800958327611]],[[-96.34644175110519,50.83844732607942],[-96.290653239403,50.839841668494415],[-96.29059446988127,50.81809449512761],[-96.35483878972164,50.81726484061273],[-96.35463874767133,50.824498429831905],[-96.34644175110519,50.83844732607942]]]},"properties":{"DAUID":"46190128","DGUID":"2021S051246190128","LANDAREA":705.9437,"PRUID":"46","Province":"MB"}},
{"type":"Feature","geometry":{"type":"Polygon","coordinates":[[[-96.21465950417816,50.591810629182795],[-96.21391294317873,50.654611382549334],[-96.30639508666516,50.655262986854396],[-96.3064740491747,50.65920814228302],[-96.34412835682791,50.65926772341084],[-96.33401944549398,50.65296943746768],[-96.33277676383376,50.644688144814864],[-96.30437134672444,50.63219663069869],[-96.31045617405826,50.62445774159825],[-96.27861497291164,50.61485774572816],[-96.27978664137477,50.605332326031466],[-96.2582791756338,50.59964663488128],[-96.2557590386171,50.59000744643213],[-96.24547576390411,50.58099423185907],[-96.21534886251625,50.57552619922898],[-96.21465950417816,50.591810629182795]]]},"properties":{"DAUID":"46190129","DGUID":"2021S051246190129","LANDAREA":45.8955,"PRUID":"46","Province":"MB"}},
{"type":"Feature","geometry":{"type":"Polygon","coordinates":[[[-96.3254103404447,51.188818821983986],[-96.28750073554788,51.152868746630254],[-96.27855704729195,51.156698073471425],[-96.26051792407986,51.14090378520256],[-96.23239495368158,51.15319405033523],[-96.24918080894224,51.16840324850345],[-96.25884104056699,51.1640287358598],[-96.26729566527409,51.17098801738877],[-96.2639855494836,51.176552032105334],[-96.22758872602454,51.176570317998106],[-96.2277280051247,51.183578180370894],[-96.25090630957911,51.18295948650035],[-96.27102014216166,51.179850541674085],[-96.2873901943662,51.19080363349852],[-96.29989265008058,51.194075842010676],[-96.3254103404447,51.188818821983986]]]},"properties":{"DAUID":"46190130","DGUID":"2021S051246190130","LANDAREA":16.3893,"PRUID":"46","Province":"MB"}},
{"type":"Feature","geometry":{"type":"Polygon","coordinates":[[[-96.34644175110519,50.83844732607942],[-96.35463874767133,50.824498429831905],[-96.35483878972164,50.81726484061273],[-96.29059446988127,50.81809449512761],[-96.290653239403,50.839841668494415],[-96.34644175110519,50.83844732607942]]]},"properties":{"DAUID":"46190131","DGUID":"2021S051246190131","LANDAREA":9.2344,"PRUID":"46","Province":"MB"}},
{"type":"Feature","geometry":{"type":"Polygon","coordinates":[[[-96.3743740084526,50.61830689326828],[-96.3304481038731,50.622758986855345],[-96.31227651509474,50.617834401614274],[-96.300122913578,50.61074510030757],[-96.31121446863713,50.61984282534055],[-96.31929786982077,50.62016414812715],[-96.33220695823802,50.62840324235691],[-96.34102867736082,50.624440339998536],[-96.37488447189288,50.620069299589424],[-96.3743740084526,50.61830689326828]]]},"properties":{"DAUID":"46190132","DGUID":"2021S051246190132","LANDAREA":1.644,"PRUID":"46","Province":"MB"}},
{"type":"Feature","geometry":{"type":"Polygon","coordinates":[[[-96.34723147814609,50.59677078091881],[-96.32954758449992,50.59665124906806],[-96.32929123955208,50.553197391408226],[-96.21542927293908,50.553412951376444],[-96.21541624532279,50.555074253737104],[-96.21550027470867,50.5599859108134],[-96.23336868324527,50.56071141833957],[-96.23331175360681,50.57369979765181],[-96.25541673888364,50.5788903458993],[-96.27160478911657,50.58941721024677],[-96.3010421367616,50.57074913282691],[-96.3070054525771,50.57498049200242],[-96.27748900914024,50.593972000911315],[-96.300122913578,50.61074510030757],[-96.31227651509474,50.617834401614274],[-96.3304481038731,50.622758986855345],[-96.3743740084526,50.61830689326828],[-96.37524648369529,50.59696054186657],[-96.34723147814609,50.59677078091881]]]},"properties":{"DAUID":"46190133","DGUID":"2021S051246190133","LANDAREA":40.4135,"PRUID":"46","Province":"MB"}},
{"type":"Feature","geometry":{"type":"Polygon","coordinates":[[[-99.71480259707833,51.565466100001395],[-99.69111211346038,51.56542809376396],[-99.69105491470299,51.57402460602789],[-99.68113041591089,51.580053109610375],[-99.64808099999782,51.58006050558104],[-99.62036159850241,51.59523539915524],[-99.62040250685297,51.602473488710544],[-99.6083486127837,51.61456750987676],[-99.60963770181316,51.62885750528046],[-99.60877741602033,51.67682319774148],[-99.59961918318811,51.68204950888041],[-99.58198688756848,51.68203921234623],[-99.57317208073133,51.687297690268096],[-99.57349902021389,51.706295204103924],[-99.55468319055437,51.71560179551995],[-99.55494448696552,51.74522749393483],[-99.55070120981904,51.75482331202998],[-99.53457438404719,51.75467929692848],[-99.52007154562227,51.74475886093672],[-99.50804677339643,51.76231643317312],[-99.50494616794244,51.77727793845146],[-99.50917115660499,51.787559330763514],[-99.5033611744256,51.79440885232681],[-99.48616738063097,51.7826036417754],[-99.47436627262667,51.79149934705798],[-99.47629846825951,51.798050647261725],[-99.46637294637326,51.80474795041116],[-99.46480998834627,51.827849594374605],[-99.4431490107009,51.8278367958938],[-99.4430461163587,51.971113908899326],[-99.46171212245959,51.97123786708454],[-99.46207597555376,52.056537215944985],[-99.75082388032402,52.05649576314927],[-99.82360579163885,52.05654950652607],[-99.98034549878665,52.05930200028541],[-99.98204302226041,52.05822166134393],[-99.97579287874642,52.056880947580844],[-99.97716596035919,52.04360304991222],[-99.97331064945205,52.02386773886772],[-99.95914294926416,52.01394075227608],[-99.96193925543034,52.00266095511631],[-99.94977546991812,51.99889333574701],[-99.95074874947926,51.98810944809677],[-99.9421677483735,51.98552154648488],[-99.94026125761431,51.97514733618522],[-99.9533531738433,51.96399175138561],[-99.95156965243876,51.93956323391718],[-99.94471854332612,51.91016275016761],[-99.94531525562769,51.90015054539717],[-99.93701765144635,51.89115355594095],[-99.92621334001127,51.911649532989244],[-99.92136286159263,51.92824513280105],[-99.91172295722536,51.9233480372956],[-99.91630834357092,51.911079641396576],[-99.92267495023663,51.90995995247086],[-99.92570814132796,51.89238043733396],[-99.91601257224599,51.88867994442258],[-99.91639715272426,51.86971855654505],[-99.91106044966456,51.8593569556295],[-99.89948208104768,51.852927245254804],[-99.90541025345765,51.842649432020494],[-99.89416515199567,51.83483644626349],[-99.90699584071906,51.824753133726894],[-99.91558886680997,51.795189931735464],[-99.92554345619081,51.78986545203261],[-99.93733286709616,51.79833195502979],[-99.9361328436938,51.81881073835988],[-99.94306496962771,51.82214513158796],[-99.95907854927383,51.795944643717476],[-99.95588336949868,51.78713643617275],[-99.96363008012877,51.77646765490719],[-99.93977426619028,51.76788053446827],[-99.93865276834549,51.75712653846143],[-99.95070936810887,51.73272523834695],[-99.95427517971548,51.719141350294294],[-99.94861024490775,51.71131504453165],[-99.95629648477443,51.70035475497022],[-99.95489267551086,51.68728323991217],[-99.94730438175345,51.677202048974735],[-99.93837014650647,51.68054674823994],[-99.92883318201577,51.67429233777092],[-99.92997927284328,51.66422603211508],[-99.92267881194782,51.660063015623706],[-99.91833134644249,51.65351428682319],[-99.9000714678044,51.65294954273412],[-99.89599807870924,51.64723954796919],[-99.86619407709735,51.645687254662974],[-99.86945116180848,51.63537665508021],[-99.84440855283039,51.62247634662145],[-99.82555115391277,51.6030534337042],[-99.81217364684758,51.60835293705727],[-99.80440358319122,51.60095224279755],[-99.80448995283533,51.59072805655084],[-99.81077237561415,51.57467483001272],[-99.80679848247082,51.56987814949089],[-99.7641622546117,51.576412844424205],[-99.76503466385522,51.58281825186439],[-99.74808836235414,51.58577794094531],[-99.73671865160112,51.60076714223344],[-99.7263378575581,51.60307075315459],[-99.72886167600042,51.61460054899965],[-99.71308293434146,51.61330825469825],[-99.71485497562273,51.60304244629862],[-99.71480259707833,51.565466100001395]],[[-99.59094486733291,51.997257049547095],[-99.57608817521216,51.966082144893164],[-99.57383614941409,51.948169346064255],[-99.57941604251072,51.93857095016596],[-99.5717888636595,51.923323141009206],[-99.61556744753277,51.92358928032148],[-99.62168406997887,51.91452413365602],[-99.63520858075249,51.91475836605546],[-99.63189200055336,51.94395603000688],[-99.61194263562379,51.9439299081678],[-99.62707145394035,51.95877957858306],[-99.62675146382156,51.97110042678147],[-99.60902610859993,51.971059727298226],[-99.60121835938229,51.98129083348812],[-99.59175357045115,51.98402713258062],[-99.59094486733291,51.997257049547095]]]},"properties":{"DAUID":"46190134","DGUID":"2021S051246190134","LANDAREA":716.546,"PRUID":"46","Province":"MB"}},
{"type":"Feature","geometry":{"type":"Polygon","coordinates":[[[-99.59094486733291,51.997257049547095],[-99.59175357045115,51.98402713258062],[-99.60121835938229,51.98129083348812],[-99.60902610859993,51.971059727298226],[-99.62675146382156,51.97110042678147],[-99.62707145394035,51.95877957858306],[-99.61194263562379,51.9439299081678],[-99.63189200055336,51.94395603000688],[-99.63520858075249,51.91475836605546],[-99.62168406997887,51.91452413365602],[-99.61556744753277,51.92358928032148],[-99.5717888636595,51.923323141009206],[-99.57941604251072,51.93857095016596],[-99.57383614941409,51.948169346064255],[-99.57608817521216,51.966082144893164],[-99.59094486733291,51.997257049547095]]]},"properties":{"DAUID":"46190135","DGUID":"2021S051246190135","LANDAREA":19.5358,"PRUID":"46","Province":"MB"}},
{"type":"Feature","geometry":{"type":"Polygon","coordinates":[[[-100.15162120318469,51.99611040404651],[-100.18961499065033,51.99685898847825],[-100.18999660609542,51.9711958990158],[-100.1437742178428,51.97072430378707],[-100.14328230560152,51.97981158972783],[-100.15162120318469,51.99611040404651]]]},"properties":{"DAUID":"46190136","DGUID":"2021S051246190136","LANDAREA":8.1439,"PRUID":"46","Province":"MB"}},
{"type":"Feature","geometry":{"type":"Polygon","coordinates":[[[-100.15162120318469,51.99611040404651],[-100.14424733448664,51.996021663255185],[-100.1335769520426,52.022173948127026],[-100.15075785422079,52.02322114736614],[-100.14598457064452,52.03063163558207],[-100.16556938055432,52.04101335531657],[-100.16542577416884,52.05791394904533],[-100.16060187610267,52.07326473984622],[-100.15357865244248,52.08014913315116],[-100.15158824208413,52.09722054471059],[-100.15719457399355,52.10061824503633],[-100.15430594282857,52.1141243362694],[-100.25044247255092,52.11417382720315],[-100.24951710075344,52.01261699148469],[-100.24400873998341,52.00405678008315],[-100.18778031753457,52.00405549284501],[-100.18961499065033,51.99685898847825],[-100.15162120318469,51.99611040404651]]]},"properties":{"DAUID":"46190137","DGUID":"2021S051246190137","LANDAREA":77.9002,"PRUID":"46","Province":"MB"}},
{"type":"Feature","geometry":{"type":"Polygon","coordinates":[[[-100.6666821295603,52.765444694197164],[-100.69441539196704,52.74888141296792],[-100.6939619476082,52.735311939049765],[-100.67054632642872,52.73491655424115],[-100.67056825419797,52.757138219919874],[-100.6666821295603,52.765444694197164]]]},"properties":{"DAUID":"46190139","DGUID":"2021S051246190139","LANDAREA":3.7463,"PRUID":"46","Province":"MB"}},
{"type":"Feature","geometry":{"type":"Polygon","coordinates":[[[-100.84633494301322,52.49881387680783],[-100.85081675975428,52.50631113581897],[-100.84775267838063,52.51774663430479],[-100.83149195510103,52.52722913797121],[-100.82820654999064,52.538105456354884],[-100.83513126999364,52.544328148484894],[-100.85055350073985,52.52906733341833],[-100.86058815578096,52.529100642545316],[-100.87935121596982,52.511628416897146],[-100.87781164246371,52.49890251939263],[-100.84633494301322,52.49881387680783]]]},"properties":{"DAUID":"46190140","DGUID":"2021S051246190140","LANDAREA":7.6937,"PRUID":"46","Province":"MB"}},
{"type":"Feature","geometry":{"type":"Polygon","coordinates":[[[-100.68024437933484,52.843989536531666],[-100.69750445934258,52.839752136090254],[-100.67044345590762,52.8085741504744],[-100.65384887685859,52.811302834187195],[-100.65624949980541,52.82281153958904],[-100.63421459043305,52.82652608192437],[-100.6430952543798,52.844271342187504],[-100.6682871841153,52.83750065395464],[-100.68024437933484,52.843989536531666]]]},"properties":{"DAUID":"46190141","DGUID":"2021S051246190141","LANDAREA":9.2457,"PRUID":"46","Province":"MB"}},
{"type":"Feature","geometry":{"type":"Polygon","coordinates":[[[-100.15430594282857,52.1141243362694],[-100.14676207326889,52.12135953690945],[-100.15622074362071,52.13408863637945],[-100.14451327406607,52.14504174259585],[-100.14546295323284,52.152436739770586],[-100.13769131243154,52.16188237938895],[-100.1382854643338,52.184960817496595],[-100.1562966346219,52.222474224770636],[-100.15687073670017,52.24227633844346],[-100.15133821264101,52.24621641285478],[-100.15621094704774,52.2614746126927],[-100.15009992644124,52.28064243249972],[-100.16599816597889,52.282043246654254],[-100.16606202488154,52.30261526131887],[-100.16104849035911,52.31478597665339],[-100.1625470609823,52.326059925354166],[-100.15250063875945,52.34181059788163],[-100.10889996655587,52.39059842984694],[-100.09512223341574,52.37749894475108],[-100.07565749389443,52.38502413273696],[-100.06860312175206,52.40071464944471],[-100.05800437197924,52.41556484477692],[-100.03736631111065,52.408977880216085],[-100.0173625038775,52.4171149551475],[-100.01133566639892,52.450724924401285],[-100.00134637253883,52.47299329554191],[-99.9981940553873,52.49435143641976],[-100.0053784816846,52.499392387669026],[-100.00706822638895,52.51756968918309],[-99.99830507105078,52.56319481916513],[-100.0059346756562,52.577546414849216],[-100.01850863416674,52.58478276860857],[-100.02422239951274,52.592930887884044],[-100.02035519601563,52.59930839921413],[-100.01167087224195,52.63662153664148],[-100.02458716556579,52.64102943586232],[-100.05502156982917,52.62087982725939],[-100.07169296288728,52.63713606158176],[-100.05193283569696,52.65402162079947],[-100.06978166779733,52.66420582118323],[-100.08822699792107,52.66274976000027],[-100.07973619309304,52.68202221630326],[-100.03731459632613,52.748740440264335],[-100.06174241679996,52.7664568354191],[-100.06608263498511,52.77378265328854],[-100.06339711773761,52.7900761172913],[-100.05548448551745,52.79780371479884],[-100.0683924230042,52.803335635892736],[-100.08955965860092,52.796994453797595],[-100.10578350933507,52.8035700267198],[-100.13123193356354,52.7970688493265],[-100.12863663325325,52.8079357005379],[-100.14091887298527,52.80682082068835],[-100.1574023222723,52.79536682288522],[-100.204438722559,52.81724712454111],[-100.19511220103887,52.832583755695445],[-100.18105195661218,52.84203864460204],[-100.07456478386884,52.84207476897681],[-100.07541646628991,53.00053681953138],[-100.27690764303799,53.00115832255125],[-100.57480753612597,53.001371668415544],[-100.86672500554812,53.00076422992675],[-101.00018070629196,52.99999336896019],[-101.15842089579027,53.000849223535866],[-101.48333651716504,53.00140171086094],[-101.67160376760577,53.001253123985066],[-101.67158928368077,52.830062346641895],[-101.67159415186761,52.79813433824375],[-101.62322696080976,52.79809730115576],[-101.62310241338274,52.78363512564183],[-101.52652999982185,52.78339719875355],[-101.52670556907015,52.798223047459025],[-101.42942977735764,52.797985359960514],[-101.42982198473949,52.81260317042732],[-101.30862081983206,52.81267603532365],[-101.30842350267548,52.798231249146404],[-101.26022380272933,52.79839123966011],[-101.26009274111826,52.75504797055477],[-101.18722617799264,52.75485572854396],[-101.11458984837775,52.754289716972615],[-101.11421580863879,52.841881216400566],[-100.94522188571452,52.84225003669641],[-100.94465132325473,52.667150384764156],[-100.77511434563432,52.66770955552942],[-100.77573585965588,52.63768267834255],[-100.82058825110705,52.61214455817658],[-100.83473293910414,52.598228139806615],[-100.83145247457476,52.590915046394876],[-100.86051935551839,52.570982248220645],[-100.86766284517053,52.55763895077644],[-100.86463887369992,52.542338445702065],[-100.85568814836353,52.5390399370355],[-100.85055350073985,52.52906733341833],[-100.83513126999364,52.544328148484894],[-100.82820654999064,52.538105456354884],[-100.83149195510103,52.52722913797121],[-100.84775267838063,52.51774663430479],[-100.85081675975428,52.50631113581897],[-100.84633494301322,52.49881387680783],[-100.84048947507085,52.48960893838227],[-100.82288701914031,52.47988406670047],[-100.82312089891805,52.44666958393286],[-100.82217335884238,52.31813618686545],[-100.75312128034602,52.318463575972814],[-100.7516884602164,52.23115198183696],[-100.60833451644385,52.230787521894186],[-100.61012831196022,52.056200962796396],[-100.46470157375785,52.05700228025236],[-100.4647901427238,52.01242982163699],[-100.24951710075344,52.01261699148469],[-100.25044247255092,52.11417382720315],[-100.15430594282857,52.1141243362694]],[[-100.6666821295603,52.765444694197164],[-100.67056825419797,52.757138219919874],[-100.67054632642872,52.73491655424115],[-100.6939619476082,52.735311939049765],[-100.69441539196704,52.74888141296792],[-100.6666821295603,52.765444694197164]],[[-100.68024437933484,52.843989536531666],[-100.6682871841153,52.83750065395464],[-100.6430952543798,52.844271342187504],[-100.63421459043305,52.82652608192437],[-100.65624949980541,52.82281153958904],[-100.65384887685859,52.811302834187195],[-100.67044345590762,52.8085741504744],[-100.69750445934258,52.839752136090254],[-100.68024437933484,52.843989536531666]]]},"properties":{"DAUID":"46190142","DGUID":"2021S051246190142","LANDAREA":4305.6325,"PRUID":"46","Province":"MB"}},
{"type":"Feature","geometry":{"type":"Polygon","coordinates":[[[-95.15304859488003,51.80079473016887],[-95.15306466319761,51.969045262962254],[-95.15308540543596,52.179977898803],[-95.15310037077278,52.332526762721336],[-95.50013676258423,52.32481376680627],[-95.81646161538292,52.316713363585315],[-95.9999999794495,52.311569797824845],[-96.22990970844636,52.313913908505214],[-96.5000000196454,52.316106206772865],[-96.91197217177441,52.318096172011465],[-96.91186532978503,52.313705952592876],[-97.00934277259243,52.33161805248034],[-97.00938729288619,52.34148481297649],[-97.08071355084567,52.33264423472979],[-97.08047304562902,52.325362439105334],[-97.05115536285682,52.32375374781613],[-97.03975755581408,52.31673763257112],[-97.02663756340309,52.289079142456195],[-97.0168706627571,52.277472847708694],[-97.00148355455732,52.27177742712674],[-97.00335233317648,52.26140043999012],[-97.01474214247713,52.24746494454403],[-97.03331245125064,52.239881138788036],[-97.04766143753469,52.243727341424155],[-97.07034516843504,52.240675337715665],[-97.07997814403437,52.24435664551331],[-97.10399364028794,52.23966073043433],[-97.11932729220223,52.243999561932945],[-97.12142135438152,52.25007205042664],[-97.25000573309164,52.24999711188771],[-97.5000040614009,52.249997931136264],[-97.75000248037354,52.24999874303247],[-98.00000086010287,52.249999561220704],[-98.13877334296244,52.25007447562213],[-98.11823059065135,52.22297091889846],[-98.11385077004353,52.19033138360035],[-98.10501196307341,52.16162068782016],[-98.09112820985975,52.138439013041385],[-98.05159084217858,52.129852691985214],[-98.03987345041435,52.1201130100524],[-98.03923118795367,52.09456948439146],[-98.03483981338532,52.0452408537157],[-98.03635580707906,52.00652546083122],[-98.05179466106536,52.00000614714482],[-98.05558934720945,51.99348334765655],[-98.04668396555982,51.98589484239652],[-98.06311816824373,51.97470223911217],[-98.06108874133487,51.967788531412616],[-98.05111493753807,51.95951424351771],[-98.04036329521001,51.944186486078195],[-98.08320434668067,51.944403995129534],[-98.10133181870559,51.94076307061629],[-98.13262419110798,51.94743370128719],[-98.19110470418445,51.977098397394336],[-98.2185089141531,51.978578209570614],[-98.24454530775786,51.99136270755176],[-98.2647262033426,51.97831841085962],[-98.27537578533195,51.97972409693782],[-98.29150111690033,51.98942470740742],[-98.31152717661931,51.99787829049282],[-98.33147461117932,52.00330690894777],[-98.33565781647567,52.00905788797452],[-98.34958888684481,52.0058719076651],[-98.34014459105124,51.99325879797751],[-98.33098560246555,51.96379708821651],[-98.34070950459213,51.9518128031661],[-98.33693790722891,51.939177006139985],[-98.31646560374969,51.922246297310906],[-98.31349298229377,51.90548729542503],[-98.32991499707894,51.896959309945004],[-98.33168020943656,51.88867040356781],[-98.34329990738708,51.86507979900078],[-98.37499020610882,51.82987921155527],[-98.36094384789224,51.82786391145092],[-98.36079174393628,51.816978052944954],[-98.36755284642392,51.80761414809289],[-98.35679315375977,51.78499634614511],[-98.34266947753808,51.78921164191346],[-98.33090124328194,51.787414447790105],[-98.31045814257955,51.77937934974923],[-98.31902666701869,51.76868004858074],[-98.33566353882203,51.781516038844316],[-98.34346054895036,51.77816113102333],[-98.35055314818374,51.76624184103896],[-98.3707219257193,51.764439607004],[-98.36937234086845,51.752047930585015],[-98.39128594893012,51.75295474065198],[-98.41169246767548,51.74782553263117],[-98.42147075549819,51.740973153792346],[-98.44058964402831,51.743241643023545],[-98.44019705827615,51.73398754639059],[-98.44952355242863,51.72558415280775],[-98.46720757411218,51.72754033136361],[-98.47209744604575,51.72414564793877],[-98.49990097137157,51.72189880298913],[-98.52053446380975,51.72196605039539],[-98.53934308447266,51.711345224341564],[-98.52851977041968,51.697995892281384],[-98.48018610996421,51.62653955781863],[-98.44431980699039,51.56789238720669],[-98.44425288419204,51.448928822361445],[-98.30354096376638,51.44891477693857],[-98.30372789184223,51.361549739975885],[-98.15932863926928,51.36163981378692],[-98.15999839221412,51.333164078333745],[-98.16128762938303,51.30292555197019],[-98.13987608612092,51.30278648281762],[-98.13954320165418,51.24399902127349],[-98.11610515302112,51.243764681176216],[-98.1157308702268,51.22929897180452],[-98.13956803582181,51.22911108717028],[-98.13935732212656,51.21473468049116],[-98.1272247975317,51.21444588946239],[-97.96320829231554,51.215256236811136],[-97.88380170355332,51.21517178683287],[-97.88429893618114,51.30352619555765],[-97.74363008200882,51.3035215910115],[-97.7426885188599,51.28705518854653],[-97.73799451300098,51.288794190154036],[-97.67431436852101,51.28870515142853],[-97.67364131571549,51.30350875525687],[-97.67268451626745,51.36265827518377],[-97.60236200861304,51.36262660998739],[-97.60227057021206,51.391619266015795],[-97.55521396325479,51.39174605146789],[-97.55605961680163,51.41329449487389],[-97.50933381584518,51.413026987385045],[-97.50947268922849,51.391708497236785],[-97.4857692920376,51.391755290476375],[-97.46229768659157,51.39173729561741],[-97.46205753365932,51.30403475469025],[-97.36827137264967,51.30318479128637],[-97.32082374393703,51.302644352060184],[-96.9631165529159,51.30352303676071],[-96.9364449410065,51.29833613372006],[-96.9429269761749,51.28298173815517],[-96.97212324197028,51.26119234185782],[-96.97496697596078,51.25177154399249],[-96.99361835824989,51.239592140363335],[-97.00889696723809,51.214402033342445],[-96.9993063628708,51.2016117415081],[-96.98623365662183,51.19642765046483],[-96.97785155316804,51.18583714612189],[-96.91950534092297,51.19654124080724],[-96.89830634860192,51.20519271835638],[-96.89556185281562,51.22315634788936],[-96.88070936206044,51.224569936460774],[-96.86544873748964,51.23369973836872],[-96.85927465866557,51.24403282704756],[-96.86466655561117,51.250278428218834],[-96.85447874238363,51.254561829851966],[-96.84485435793535,51.26437663852267],[-96.83290986313561,51.270240140104725],[-96.83372886266604,51.278277536185904],[-96.82562796447165,51.291617526580964],[-96.80231416582231,51.29113264301402],[-96.78707643681759,51.30077883008695],[-96.76270743542857,51.325582832460476],[-96.77326715887375,51.333239737084945],[-96.76425705372979,51.34418404367297],[-96.74566006341517,51.35472753843954],[-96.73706004608204,51.36907713013822],[-96.72114152796442,51.377150273156786],[-96.53241990880566,51.44336669578922],[-96.51964637438255,51.42702775048556],[-96.51261766332291,51.40134994345994],[-96.4974977469668,51.39188574485511],[-96.50128397037116,51.38611613942617],[-96.48733247000037,51.37408064190848],[-96.47722444879858,51.37993423426963],[-96.4565805568093,51.38172262714537],[-96.45705846782464,51.3703827416804],[-96.47188495656117,51.36729512867559],[-96.46721374903403,51.35365844215153],[-96.45183046741265,51.345113132890084],[-96.43616615002469,51.34363344077661],[-96.4317782447888,51.33799703244364],[-96.40818906959484,51.339352345191685],[-96.37957315883678,51.3239561339764],[-96.38298904140223,51.3194275471361],[-96.36347973618045,51.308475639014794],[-96.36083756114745,51.29825723697895],[-96.34865606499562,51.29466753746489],[-96.34123403917553,51.27788243223709],[-96.32841925292563,51.262714140787054],[-96.29229144823066,51.232508226419625],[-96.28521015848817,51.22150594684198],[-96.26190626854078,51.200401443734215],[-96.26414540431358,51.19175686778605],[-96.26423295087469,51.185866687348245],[-96.250223823397,51.183675954863624],[-96.2335842347547,51.18630262593152],[-96.22797271707888,51.19152479476048],[-96.2122020680201,51.17369152717912],[-96.1877997703182,51.16087446027392],[-96.17889760934247,51.146566795474506],[-96.17674154031887,51.133675524507225],[-96.1819055091007,51.12827110020722],[-96.22065428602056,51.12665360505955],[-96.25009939030528,51.12713060995984],[-96.24975944159875,51.09394990864326],[-96.28422404628675,51.092929627054424],[-96.29721570774916,51.07099279095021],[-96.29709571382207,51.064235191265475],[-96.2843785805763,51.051779588980494],[-96.25394991453767,51.03231439869843],[-96.25075239874914,51.021751504155155],[-96.24054798789106,51.012516112351534],[-96.2307352794526,50.99342198973897],[-96.21997199861786,50.980591498403825],[-96.22436480941228,50.96165419919333],[-96.21611489340322,50.949323806382246],[-96.21736950570252,50.932137791105866],[-96.2329524082289,50.912054208535594],[-96.24373299308867,50.90201038788658],[-96.252563105044,50.89916940962099],[-96.258993984795,50.88679100106867],[-96.25580519388477,50.86459778926185],[-96.24111609719132,50.84425580146353],[-96.2353852130414,50.82897269515876],[-96.23764031486127,50.81146808813923],[-96.2333361041363,50.80118379834069],[-96.18634079266289,50.77116709669412],[-96.16411151140201,50.76181309120975],[-96.15218979836635,50.75214950724706],[-96.1368433936409,50.72690189048391],[-96.09490190187238,50.692896098402954],[-96.09033379167609,50.685477893832946],[-96.08707091683772,50.66844029641587],[-96.0999521871783,50.65464818986733],[-96.1147124034293,50.630151911052884],[-96.14069931538349,50.592284191052286],[-96.07543175289918,50.59151028670823],[-96.07495682476453,50.57158732643466],[-95.94608358657513,50.57035354268958],[-95.94645855335756,50.483230690551274],[-95.87087997402007,50.48362264180829],[-95.6473737997539,50.48345387604719],[-95.53442805252716,50.482999288639924],[-95.53358189057516,50.46079478947791],[-95.53480590949172,50.36480117146019],[-95.3509578535495,50.36737404240315],[-95.2599670056284,50.37018064532387],[-95.2601996513425,50.39593754682814],[-95.15279423929465,50.39577284197674],[-95.15293204030267,50.55161984353813],[-95.15295299594847,50.78146762658558],[-95.15296784599064,50.94311869448052],[-95.15298421666988,51.1197750897676],[-95.15272380050705,51.33010639579047],[-95.1527333772922,51.50705221770299],[-95.15296926307445,51.643963735351655],[-95.15304859488003,51.80079473016887]],[[-95.37408516004638,52.168956229651094],[-95.37190932733245,52.154632727619806],[-95.39555641646098,52.1683100575233],[-95.37981158273085,52.17680951131046],[-95.37408516004638,52.168956229651094]],[[-95.43811194310118,52.0318500343435],[-95.4264153550133,52.02891044563838],[-95.42110583263862,52.0213289292797],[-95.43022296789015,52.01352454307962],[-95.42597187038271,52.005694049077526],[-95.40599893854716,52.01280533889824],[-95.41477585005123,52.02006463011734],[-95.40239601838675,52.02421174906263],[-95.3668847581424,52.02417293596476],[-95.36524415853528,51.991176444294744],[-95.45836784128456,51.99064924790409],[-95.47934965071185,52.006431549347056],[-95.46835796620861,52.016564930844396],[-95.44817764732605,52.02466663266604],[-95.43811194310118,52.0318500343435]],[[-96.71666370851446,51.801362849762754],[-96.6825062739894,51.80102908224571],[-96.68251136355003,51.79409512485926],[-96.65880249711888,51.79408236908602],[-96.65901627130596,51.76533352684782],[-96.67573106022073,51.75497794773138],[-96.6869670325367,51.76422742788794],[-96.68400825654173,51.77170342705361],[-96.69803126047202,51.77548543040924],[-96.70194955434388,51.787933237518075],[-96.7169955656903,51.79130632987064],[-96.71666370851446,51.801362849762754]],[[-96.7165592365786,51.78860455173139],[-96.70630616871715,51.775257249612274],[-96.71787029806642,51.77204086135088],[-96.72904315206283,51.77954324776262],[-96.7165592365786,51.78860455173139]],[[-97.29676905737252,51.91382664721737],[-97.28671725564091,51.90611384094002],[-97.28740235171286,51.89918645028056],[-97.27279395054192,51.89578523058626],[-97.26862247065216,51.88514800716392],[-97.30953286398555,51.88380482163767],[-97.34090752650863,51.919033494691966],[-97.31067701628128,51.926791188076784],[-97.29681463861411,51.91953723128469],[-97.29676905737252,51.91382664721737]],[[-96.68117425630818,51.75534273785266],[-96.66949343398242,51.75242862675659],[-96.68285215868202,51.74993448931039],[-96.68117425630818,51.75534273785266]],[[-96.70427732126015,51.7719377073567],[-96.69924377107385,51.76251734401971],[-96.71312517973293,51.765651269516205],[-96.70427732126015,51.7719377073567]],[[-96.65937509051982,51.75007047000585],[-96.67025605122114,51.754894848621454],[-96.6591975425543,51.764207253468676],[-96.65937509051982,51.75007047000585]],[[-96.68937825103284,51.761418347453734],[-96.68968134983886,51.758839161597955],[-96.70076091689373,51.75900181821354],[-96.6951265492653,51.76409274262162],[-96.68937825103284,51.761418347453734]],[[-97.31468572705874,51.45304308515498],[-97.3026720863995,51.45315456413119],[-97.30215352033397,51.43754663453416],[-97.2878419799593,51.4378852507526],[-97.2863468575733,51.43174634181398],[-97.24251154601569,51.43473023400012],[-97.24118329909079,51.41862002942893],[-97.26776826957662,51.41818858399849],[-97.26742889359637,51.41281684619161],[-97.41744035694093,51.4120130378128],[-97.41749492760036,51.403912015381714],[-97.46449357567381,51.40349148843538],[-97.46420101755376,51.41053819496734],[-97.46509880619855,51.43249156953651],[-97.41757153769875,51.43301080169935],[-97.41842084800491,51.45285808997218],[-97.31468572705874,51.45304308515498]]]},"properties":{"DAUID":"46190143","DGUID":"2021S051246190143","LANDAREA":24584.5718,"PRUID":"46","Province":"MB"}},
{"type":"Feature","geometry":{"type":"Polygon","coordinates":[[[-94.26973452483155,53.37721974855619],[-94.64889461259219,53.37828129860437],[-94.96267173669472,53.37783456868544],[-95.07471660747589,53.3784447665204],[-95.14564452533139,53.37813357844759],[-95.22959473409585,53.37597663462216],[-95.49388660279793,53.3748006687595],[-95.84799792982902,53.370976448422844],[-96.00000001908498,53.37240642418931],[-96.33603420592226,53.37598463070898],[-96.63908956602044,53.37759375664411],[-96.84652858466268,53.37816615212244],[-97.00000000351699,53.3779691429728],[-97.19231435051928,53.37873972330817],[-97.45848977731342,53.37923255538759],[-97.62285667442343,53.37920426524029],[-97.61075154530467,53.3713124444382],[-97.5960952276084,53.36652413197468],[-97.58643716684102,53.34342445173012],[-97.57891517205165,53.33953735381712],[-97.57712025641437,53.32744413719465],[-97.5961686726014,53.30927745317954],[-97.58557573439958,53.28072083570378],[-97.57609222870096,53.26339733501761],[-97.5684616611879,53.26351853229622],[-97.55331655456945,53.25322823517105],[-97.54537236983235,53.240190851112466],[-97.52860357013755,53.24072005223428],[-97.5146552313312,53.23490323200843],[-97.50540717380736,53.21633045435501],[-97.48718886816476,53.20588655219998],[-97.47249513888147,53.200693937464244],[-97.47718643426914,53.19550365492805],[-97.46964894182913,53.187224332394706],[-97.45673006544673,53.19035253359165],[-97.44133464171367,53.18328423840077],[-97.43551706905225,53.16848775378656],[-97.4204110640114,53.173449353188154],[-97.41842744023221,53.163936551256306],[-97.44126234194492,53.15436474891181],[-97.44903953170413,53.155926942602214],[-97.46586423490314,53.141317647015285],[-97.45102355523123,53.12843004839263],[-97.45429036481835,53.12168785228187],[-97.43451316804432,53.118917128662154],[-97.42942647255168,53.11042575361873],[-97.43782305540059,53.09878813945371],[-97.43284135867943,53.093349750754825],[-97.4348590595735,53.07768345200265],[-97.42402525197544,53.06751994171923],[-97.41105525287483,53.04712933417766],[-97.41211945082034,53.04072293310081],[-97.40071746390095,53.03184784782007],[-97.36080405381125,53.02344094631334],[-97.33754566012941,53.006009539733995],[-97.33189658140867,53.00599057129136],[-97.33195984348384,53.00988776209428],[-97.2362767333184,53.00919609883114],[-97.23841788925382,52.97776726896792],[-97.33005273416434,52.977331852676265],[-97.33141955841496,53.000066091624454],[-97.37871029607331,53.00116100267028],[-97.49990362199662,53.000000885456345],[-97.74995180511688,53.0000005479059],[-97.99999984114329,53.000000004835194],[-98.2499999867498,52.999999997897355],[-98.45470870298612,53.00004396532127],[-98.49542154749409,53.00045401793384],[-99.05895503890444,53.001964834796034],[-99.16439308167406,53.00191300645689],[-99.72065929417653,53.00230755480121],[-100.00658280231951,53.00170679806424],[-100.07541646628991,53.00053681953138],[-100.07456478386884,52.84207476897681],[-100.18105195661218,52.84203864460204],[-100.19511220103887,52.832583755695445],[-100.204438722559,52.81724712454111],[-100.1574023222723,52.79536682288522],[-100.14091887298527,52.80682082068835],[-100.12863663325325,52.8079357005379],[-100.13123193356354,52.7970688493265],[-100.10578350933507,52.8035700267198],[-100.08955965860092,52.796994453797595],[-100.0683924230042,52.803335635892736],[-100.05548448551745,52.79780371479884],[-100.06339711773761,52.7900761172913],[-100.06608263498511,52.77378265328854],[-100.06174241679996,52.7664568354191],[-100.03731459632613,52.748740440264335],[-100.07973619309304,52.68202221630326],[-100.08822699792107,52.66274976000027],[-100.06978166779733,52.66420582118323],[-100.05193283569696,52.65402162079947],[-100.07169296288728,52.63713606158176],[-100.05502156982917,52.62087982725939],[-100.02458716556579,52.64102943586232],[-100.01167087224195,52.63662153664148],[-100.02035519601563,52.59930839921413],[-100.02422239951274,52.592930887884044],[-100.01850863416674,52.58478276860857],[-100.0059346756562,52.577546414849216],[-99.99830507105078,52.56319481916513],[-100.00706822638895,52.51756968918309],[-100.0053784816846,52.499392387669026],[-99.9981940553873,52.49435143641976],[-100.00134637253883,52.47299329554191],[-100.01133566639892,52.450724924401285],[-100.0173625038775,52.4171149551475],[-100.03736631111065,52.408977880216085],[-100.05800437197924,52.41556484477692],[-100.06860312175206,52.40071464944471],[-100.07565749389443,52.38502413273696],[-100.09512223341574,52.37749894475108],[-100.10889996655587,52.39059842984694],[-100.15250063875945,52.34181059788163],[-100.1625470609823,52.326059925354166],[-100.16104849035911,52.31478597665339],[-100.16606202488154,52.30261526131887],[-100.16599816597889,52.282043246654254],[-100.15009992644124,52.28064243249972],[-100.15621094704774,52.2614746126927],[-100.15133821264101,52.24621641285478],[-100.15687073670017,52.24227633844346],[-100.1562966346219,52.222474224770636],[-100.1382854643338,52.184960817496595],[-100.13769131243154,52.16188237938895],[-100.14546295323284,52.152436739770586],[-100.14451327406607,52.14504174259585],[-100.15622074362071,52.13408863637945],[-100.14676207326889,52.12135953690945],[-100.15430594282857,52.1141243362694],[-100.15719457399355,52.10061824503633],[-100.15158824208413,52.09722054471059],[-100.15357865244248,52.08014913315116],[-100.16060187610267,52.07326473984622],[-100.16542577416884,52.05791394904533],[-100.16556938055432,52.04101335531657],[-100.14598457064452,52.03063163558207],[-100.15075785422079,52.02322114736614],[-100.1335769520426,52.022173948127026],[-100.14424733448664,51.996021663255185],[-100.15162120318469,51.99611040404651],[-100.14328230560152,51.97981158972783],[-100.1437742178428,51.97072430378707],[-100.12540228473931,51.971109355064556],[-100.11740735832664,51.96545343928662],[-100.12722077515764,51.95221443197578],[-100.13559828325882,51.923815255372624],[-100.13205775966584,51.917191153367334],[-100.14213445577394,51.911469637036824],[-100.13800116881701,51.89202944827881],[-100.1173358482576,51.882930254981126],[-100.11239038203952,51.8744666542804],[-100.1149338738595,51.86365264951843],[-100.11142274426273,51.852896042779705],[-100.09723675251779,51.851388237305365],[-100.0867334599224,51.83396115343339],[-100.09013708420163,51.82134595455798],[-100.08378357883136,51.817785435464785],[-100.08642227043629,51.804741236544174],[-100.08071274866013,51.79373415025768],[-100.07037478188346,51.795609038424374],[-100.07564444459149,51.774821754494944],[-100.06915344847872,51.76849234034319],[-100.05511957186539,51.76578223925766],[-100.04274065302263,51.75338535313745],[-100.05530487893508,51.7314638444863],[-100.05456304220232,51.72541003649416],[-100.03823076021223,51.72665694284626],[-100.03822804903042,51.71134477855468],[-100.01797985062052,51.70594183375854],[-100.00075686808164,51.70951113965348],[-99.98521366470617,51.71690333858978],[-99.98623794196827,51.72605733542481],[-99.98002526731096,51.74206503240492],[-99.98961544373942,51.74513174056629],[-99.98397567483079,51.762227255561164],[-99.98830847651283,51.7788209556042],[-100.00609628417371,51.78475734507889],[-100.00158627907066,51.79779324791743],[-99.99192717568206,51.80435803275794],[-99.99968924668322,51.811687841440225],[-99.99176216256173,51.83186454530822],[-99.97933096676198,51.82847104951112],[-99.97378544776227,51.84048474498121],[-99.97386187858743,51.85647104861193],[-99.98467627216927,51.857972532956026],[-99.98387337389704,51.87708163970841],[-99.96507205011794,51.892208045331664],[-99.96648997222849,51.913924145838614],[-99.97770674313371,51.92262064194077],[-99.9893063604179,51.894281648097554],[-99.98963208222048,51.8763589402388],[-100.00251188107949,51.88067375315232],[-99.99262715437858,51.91208825068502],[-99.99884116839175,51.92382333761832],[-100.01214046205274,51.92803914708376],[-100.0091565530813,51.945759856392975],[-100.01520136423463,51.970861149685234],[-100.01928836091426,51.97775815009588],[-100.00929646825857,52.00640963593137],[-100.02597366306244,51.99442845011371],[-100.04314406745972,51.99715934223532],[-100.04119084822175,52.01154024978523],[-100.03303257671666,52.02045503105874],[-100.02924598304534,52.039612649559984],[-100.01493926005809,52.038482450795954],[-99.98204302226041,52.05822166134393],[-99.98034549878665,52.05930200028541],[-99.82360579163885,52.05654950652607],[-99.75082388032402,52.05649576314927],[-99.46207597555376,52.056537215944985],[-99.46171212245959,51.97123786708454],[-99.4430461163587,51.971113908899326],[-99.4431490107009,51.8278367958938],[-99.46480998834627,51.827849594374605],[-99.46637294637326,51.80474795041116],[-99.47629846825951,51.798050647261725],[-99.47436627262667,51.79149934705798],[-99.48616738063097,51.7826036417754],[-99.5033611744256,51.79440885232681],[-99.50917115660499,51.787559330763514],[-99.50494616794244,51.77727793845146],[-99.50804677339643,51.76231643317312],[-99.52007154562227,51.74475886093672],[-99.53457438404719,51.75467929692848],[-99.55070120981904,51.75482331202998],[-99.55494448696552,51.74522749393483],[-99.55468319055437,51.71560179551995],[-99.57349902021389,51.706295204103924],[-99.57317208073133,51.687297690268096],[-99.58198688756848,51.68203921234623],[-99.59961918318811,51.68204950888041],[-99.60877741602033,51.67682319774148],[-99.60963770181316,51.62885750528046],[-99.6083486127837,51.61456750987676],[-99.62040250685297,51.602473488710544],[-99.62036159850241,51.59523539915524],[-99.64808099999782,51.58006050558104],[-99.68113041591089,51.580053109610375],[-99.69105491470299,51.57402460602789],[-99.69111211346038,51.56542809376396],[-99.71480259707833,51.565466100001395],[-99.71474409462103,51.53688148949017],[-99.57411819200792,51.53549566296431],[-99.45457510245991,51.53640021622159],[-99.43360808345291,51.536077142742734],[-99.43354321173936,51.48232869373567],[-99.43715538938113,51.47905130905465],[-99.43370662798038,51.44926363745293],[-99.30968968593288,51.44894769666023],[-99.12173848171989,51.448872836505615],[-99.11093848050403,51.40825213943869],[-99.11721507582561,51.39728492855],[-99.1027324531255,51.38101874195298],[-99.10781755872969,51.36814224391641],[-99.11741486229995,51.360238054327546],[-99.11019387285663,51.34669864827613],[-99.0929832528956,51.328001341112234],[-99.07308315502146,51.27365404568126],[-99.0593559401153,51.25639253276903],[-99.04687737068933,51.26641984822196],[-99.03976726430052,51.282199051313306],[-99.05140847120683,51.293654948438665],[-99.03602874683324,51.29619643595872],[-99.0378890434602,51.28240204051141],[-99.02882764839218,51.271699550844865],[-99.02756765887241,51.26223113166201],[-98.9964701662828,51.22052444857224],[-98.99502504546375,51.21009343431838],[-98.98787494310854,51.207588532019585],[-98.97723856755026,51.193532238658406],[-98.95924517805024,51.19881024639201],[-98.95136196754831,51.175688252914554],[-98.94205576620989,51.1704685437292],[-98.92804896203101,51.17726334870552],[-98.94091507167677,51.21241204095304],[-98.95991277174257,51.22117403163959],[-98.95495675289304,51.23005644579728],[-98.94123747918232,51.22343664795592],[-98.91315597085323,51.23091865299718],[-98.90896305134648,51.236378135476414],[-98.91396784732572,51.24486604665651],[-98.90198966447416,51.25544935194777],[-98.87214336632964,51.256913244917214],[-98.85458664467427,51.273415744051036],[-98.84861804225297,51.22690543748504],[-98.85258375211095,51.2205799426077],[-98.84896176732683,51.19410234609317],[-98.85971343978883,51.180955630253294],[-98.8746351468797,51.17317183597477],[-98.87930236099214,51.166216754429314],[-98.87458647242025,51.14631632853275],[-98.86060707823084,51.13130594467095],[-98.86925767455047,51.09691573782329],[-98.8676939492473,51.076865547269534],[-98.85899907956991,51.07505233039055],[-98.85477434614549,51.08856725424373],[-98.84242284392404,51.10138334928504],[-98.83087234149701,51.100297137447726],[-98.8224992827168,51.1068985506039],[-98.795761845841,51.10799245448593],[-98.78731940799139,51.10488613182786],[-98.77290935556464,51.12058005193033],[-98.76210505934176,51.12242892841816],[-98.75433006476392,51.113353144032025],[-98.74057804124246,51.12003623341135],[-98.75430276513679,51.12793864649189],[-98.74998346128295,51.141831628044336],[-98.73244988098205,51.12344393984029],[-98.72547625727115,51.101823731117236],[-98.70918108003458,51.08115572821418],[-98.69504224130067,51.08740543252617],[-98.68767876863173,51.0745800389099],[-98.67647396613631,51.08941032698179],[-98.64247367029864,51.09346573689207],[-98.6397636559062,51.10499465072806],[-98.6445122786837,51.11346655152014],[-98.65690097214957,51.11986114572591],[-98.66689634681453,51.106815143432144],[-98.67466608067352,51.11406233859652],[-98.66707325963161,51.12196772933869],[-98.67758127092334,51.12933493061358],[-98.67517026308093,51.13892755103914],[-98.65714646449531,51.14460423923548],[-98.65538288158203,51.15201774650199],[-98.67462167180338,51.161056128480254],[-98.6595669474585,51.16438533999915],[-98.6457084553764,51.16158355263141],[-98.65254077986887,51.18586075215925],[-98.63918655517112,51.180915033953745],[-98.60961036379392,51.17627444066611],[-98.59736117645834,51.18080104654621],[-98.57466825390382,51.20124104073733],[-98.55689087943745,51.20574763247366],[-98.54797695585329,51.21483175327332],[-98.56705824880521,51.222120135003664],[-98.58632665359126,51.24479605365478],[-98.57048406286835,51.26021014923361],[-98.56242494238488,51.27203195533068],[-98.56422627224572,51.28012704922469],[-98.58465776877983,51.29044334722794],[-98.59158136737624,51.2867494315927],[-98.62167995470915,51.287704845651795],[-98.6344682482454,51.304358352543005],[-98.64154257763015,51.29303663347537],[-98.69174286825759,51.28599042945761],[-98.7086537696935,51.2943378507971],[-98.72733427651735,51.294364833865174],[-98.73302688238563,51.30694435201454],[-98.75411777159069,51.314588843562724],[-98.7502121723031,51.32965125126022],[-98.75271614324967,51.34176873021879],[-98.77727846358876,51.370403451274115],[-98.77606017288306,51.380139430913374],[-98.79068156926361,51.39723314966284],[-98.79880057453357,51.39453624613847],[-98.8024503548434,51.384768243149175],[-98.81518176782673,51.38137663284577],[-98.81498178058531,51.3953587455378],[-98.81985796823533,51.40727154019485],[-98.81098198016295,51.41200085078094],[-98.81203535875774,51.428614952795996],[-98.80360045553196,51.448401153751284],[-98.77942236299504,51.46082984682339],[-98.76355774854194,51.464022436099974],[-98.77229905356343,51.485035547115224],[-98.78045677997414,51.49574683523206],[-98.77885005497365,51.504784932575916],[-98.7869216771059,51.516471131743494],[-98.78654685426037,51.53036713282147],[-98.76983347948202,51.537088336618524],[-98.77083336079023,51.54900873349353],[-98.75202587808427,51.5505395385204],[-98.74976794598228,51.55856432979917],[-98.73102546135442,51.56540604743648],[-98.73457299662532,51.57504648494372],[-98.73374046722319,51.58100364658665],[-98.75203924453432,51.58255435119348],[-98.75821824090873,51.59036744228975],[-98.78491944579545,51.59577395304244],[-98.79848664866147,51.61449593394081],[-98.79559975676959,51.62859875022204],[-98.81285304740177,51.64360295229819],[-98.81330457957395,51.651556652775355],[-98.82708127221922,51.67016763352703],[-98.81386315165788,51.675735646397285],[-98.82477938223474,51.69333965057558],[-98.84001407145442,51.701548144073804],[-98.84598795258728,51.712912241642336],[-98.87676648056436,51.71231402152094],[-98.87755837145407,51.75546625487683],[-98.73543991660107,51.755135964545715],[-98.73558590085887,51.885632687498855],[-98.5938352695495,51.88578055714695],[-98.5936001515235,51.827596614316434],[-98.45365350057786,51.827659723792564],[-98.37499020610882,51.82987921155527],[-98.34329990738708,51.86507979900078],[-98.33168020943656,51.88867040356781],[-98.32991499707894,51.896959309945004],[-98.31349298229377,51.90548729542503],[-98.31646560374969,51.922246297310906],[-98.33693790722891,51.939177006139985],[-98.34070950459213,51.9518128031661],[-98.33098560246555,51.96379708821651],[-98.34014459105124,51.99325879797751],[-98.34958888684481,52.0058719076651],[-98.33565781647567,52.00905788797452],[-98.33147461117932,52.00330690894777],[-98.31152717661931,51.99787829049282],[-98.29150111690033,51.98942470740742],[-98.27537578533195,51.97972409693782],[-98.2647262033426,51.97831841085962],[-98.24454530775786,51.99136270755176],[-98.2185089141531,51.978578209570614],[-98.19110470418445,51.977098397394336],[-98.13262419110798,51.94743370128719],[-98.10133181870559,51.94076307061629],[-98.08320434668067,51.944403995129534],[-98.06721007558548,51.950471629644845],[-98.07222086001264,51.95583934891574],[-98.07171238453934,51.967471214318444],[-98.06108874133487,51.967788531412616],[-98.06311816824373,51.97470223911217],[-98.04668396555982,51.98589484239652],[-98.05558934720945,51.99348334765655],[-98.05179466106536,52.00000614714482],[-98.03635580707906,52.00652546083122],[-98.03483981338532,52.0452408537157],[-98.03923118795367,52.09456948439146],[-98.03987345041435,52.1201130100524],[-98.05159084217858,52.129852691985214],[-98.09112820985975,52.138439013041385],[-98.10501196307341,52.16162068782016],[-98.11385077004353,52.19033138360035],[-98.11823059065135,52.22297091889846],[-98.13877334296244,52.25007447562213],[-98.00000086010287,52.249999561220704],[-97.75000248037354,52.24999874303247],[-97.5000040614009,52.249997931136264],[-97.25000573309164,52.24999711188771],[-97.12142135438152,52.25007205042664],[-97.11932729220223,52.243999561932945],[-97.10399364028794,52.23966073043433],[-97.07997814403437,52.24435664551331],[-97.07034516843504,52.240675337715665],[-97.04766143753469,52.243727341424155],[-97.03331245125064,52.239881138788036],[-97.01474214247713,52.24746494454403],[-97.00335233317648,52.26140043999012],[-97.00148355455732,52.27177742712674],[-97.0168706627571,52.277472847708694],[-97.02663756340309,52.289079142456195],[-97.03975755581408,52.31673763257112],[-97.05115536285682,52.32375374781613],[-97.08047304562902,52.325362439105334],[-97.08071355084567,52.33264423472979],[-97.00938729288619,52.34148481297649],[-97.01432616173815,52.353103050681824],[-97.01039355796496,52.36231726450529],[-96.91291039607547,52.34480646161428],[-96.91197217177441,52.318096172011465],[-96.5000000196454,52.316106206772865],[-96.22990970844636,52.313913908505214],[-95.9999999794495,52.311569797824845],[-95.81646161538292,52.316713363585315],[-95.50013676258423,52.32481376680627],[-95.15310037077278,52.332526762721336],[-95.15286541221386,52.51581166480146],[-95.15283235477455,52.630310063765],[-95.15315109619877,52.84057310607355],[-95.00359309748939,52.93295402538632],[-94.73712767908536,53.09587350260887],[-94.52746431386142,53.22286487944134],[-94.26973452483155,53.37721974855619]],[[-99.86531963778215,52.96879385598961],[-99.8547199722127,52.963769607222126],[-99.84308881681453,52.96514580511896],[-99.80318742167306,52.975042647612],[-99.75076699240306,52.96829466715365],[-99.71932768777087,52.96284646925363],[-99.70076781074333,52.947660405903484],[-99.69269519296905,52.93282574648762],[-99.67036088918525,52.92479160456283],[-99.67852228602219,52.9077856122701],[-99.70812987365836,52.91027423880965],[-99.71409585077849,52.917769237692376],[-99.73705406288418,52.91525685508784],[-99.75297087812066,52.907386742038625],[-99.77067335498378,52.86690403452471],[-99.77939934152113,52.855411754770905],[-99.80143734179254,52.85164735443449],[-99.79402694312591,52.8678211495402],[-99.7812320492156,52.880084939801186],[-99.78947464540154,52.88408355529575],[-99.77682577804156,52.89830404117534],[-99.77222415294231,52.9086689555709],[-99.75873737886842,52.92014915381025],[-99.76740206439307,52.93041473267824],[-99.75442577652656,52.93937805710597],[-99.7395215431125,52.942700046689005],[-99.74073876851331,52.95218055224192],[-99.76029693866354,52.95976385719135],[-99.796206071806,52.964827434542514],[-99.81207654244416,52.96277775281511],[-99.83002656734836,52.95575214363386],[-99.84892055540446,52.95277215288192],[-99.86377564964229,52.95552974593497],[-99.87833256963418,52.963652552389604],[-99.89845125427584,52.96184005329223],[-99.91415015212921,52.96911053853641],[-99.9305464388658,52.970800561552885],[-99.92736367029605,52.97799192942385],[-99.88963175153229,52.977751786397086],[-99.86531963778215,52.96879385598961]],[[-99.21548947015802,51.551048839600035],[-99.20151007673437,51.551819949214924],[-99.19740907317887,51.535704844139225],[-99.19269472656558,51.53192847571423],[-99.19307375095393,51.502626991274255],[-99.20492476565632,51.502427921225085],[-99.2045195872216,51.47425286976757],[-99.26462078066736,51.473993968544576],[-99.26176374420915,51.52322884270728],[-99.24707257137656,51.52925363325865],[-99.23504467889782,51.55345702906892],[-99.21972864500158,51.56429013634046],[-99.21548947015802,51.551048839600035]],[[-97.01039355796496,52.36231726450529],[-97.02853824280298,52.362114839297526],[-97.05528005570731,52.367047839496834],[-97.0645654492378,52.379027729978965],[-97.01123380602559,52.37872817553279],[-97.01039355796496,52.36231726450529]]]},"properties":{"DAUID":"46190145","DGUID":"2021S051246190145","LANDAREA":29400.3672,"PRUID":"46","Province":"MB"}},
{"type":"Feature","geometry":{"type":"Polygon","coordinates":[[[-97.01039355796496,52.36231726450529],[-97.01123380602559,52.37872817553279],[-97.0645654492378,52.379027729978965],[-97.05528005570731,52.367047839496834],[-97.02853824280298,52.362114839297526],[-97.01039355796496,52.36231726450529]]]},"properties":{"DAUID":"46190146","DGUID":"2021S051246190146","LANDAREA":5.517,"PRUID":"46","Province":"MB"}},
{"type":"Feature","geometry":{"type":"Polygon","coordinates":[[[-100.85055350073985,52.52906733341833],[-100.85568814836353,52.5390399370355],[-100.86463887369992,52.542338445702065],[-100.86766284517053,52.55763895077644],[-100.86051935551839,52.570982248220645],[-100.83145247457476,52.590915046394876],[-100.83473293910414,52.598228139806615],[-100.82058825110705,52.61214455817658],[-100.77573585965588,52.63768267834255],[-100.77511434563432,52.66770955552942],[-100.94465132325473,52.667150384764156],[-100.94522188571452,52.84225003669641],[-101.11421580863879,52.841881216400566],[-101.11458984837775,52.754289716972615],[-101.18722617799264,52.75485572854396],[-101.18723818958145,52.733144512140875],[-101.1631008660166,52.73308002358969],[-101.16320061682936,52.66760566547254],[-101.13894760984617,52.66772769614353],[-101.13836251811932,52.653103697117146],[-101.11002491807535,52.6530891171976],[-101.11014666602146,52.63840358076909],[-101.08629877840305,52.63842783557223],[-101.08659746361313,52.53660455422265],[-101.09828684657414,52.536784256247564],[-101.09861105940358,52.5219641621219],[-101.08670070530702,52.522063049631775],[-101.0868286002501,52.48751877763845],[-101.08686299238896,52.478386292189995],[-101.0967917129085,52.478468693879066],[-101.11079472517444,52.47840197094098],[-101.11115318193674,52.39852741179741],[-101.10128411206657,52.40552820201634],[-100.99170600391972,52.40545650344071],[-100.99173478866093,52.37639471331939],[-100.97478150895657,52.37676020313518],[-100.96820090329263,52.37250001218929],[-100.96814841282949,52.32075330498693],[-100.96428119595436,52.31825499053681],[-100.82217335884238,52.31813618686545],[-100.82312089891805,52.44666958393286],[-100.82288701914031,52.47988406670047],[-100.84048947507085,52.48960893838227],[-100.84633494301322,52.49881387680783],[-100.87781164246371,52.49890251939263],[-100.87935121596982,52.511628416897146],[-100.86058815578096,52.529100642545316],[-100.85055350073985,52.52906733341833]]]},"properties":{"DAUID":"46200030","DGUID":"2021S051246200030","LANDAREA":875.5364,"PRUID":"46","Province":"MB"}},
{"type":"Feature","geometry":{"type":"Polygon","coordinates":[[[-101.11115318193674,52.39852741179741],[-101.11047825828123,52.39179223051562],[-101.13634345233035,52.391714522957066],[-101.1347688882296,52.34737178319789],[-101.15889179114801,52.34739470976529],[-101.15872569626117,52.33282242092889],[-101.20639194685768,52.332868265477636],[-101.20660488673744,52.31854888835035],[-101.20376671215215,52.31802980103262],[-100.96428119595436,52.31825499053681],[-100.96814841282949,52.32075330498693],[-100.96820090329263,52.37250001218929],[-100.97478150895657,52.37676020313518],[-100.99173478866093,52.37639471331939],[-100.99170600391972,52.40545650344071],[-101.10128411206657,52.40552820201634],[-101.11115318193674,52.39852741179741]]]},"properties":{"DAUID":"46200031","DGUID":"2021S051246200031","LANDAREA":112.4749,"PRUID":"46","Province":"MB"}},
{"type":"Feature","geometry":{"type":"Polygon","coordinates":[[[-100.82217335884238,52.31813618686545],[-100.96428119595436,52.31825499053681],[-101.20376671215215,52.31802980103262],[-101.20342319940276,52.24603086472755],[-101.20388420941615,52.23088421142765],[-101.20392348379622,52.10713078863306],[-101.18866170393807,52.107118488916015],[-101.17143102091993,52.09994661003764],[-101.0609767057357,52.10007749943091],[-101.06096660428197,52.14354599187254],[-100.94179129891549,52.14353679401175],[-100.94179648487044,52.09963759160758],[-100.87232570939936,52.099997287695906],[-100.75115787795252,52.099746794661755],[-100.75200291922783,52.18330133129416],[-100.7516884602164,52.23115198183696],[-100.75312128034602,52.318463575972814],[-100.82217335884238,52.31813618686545]]]},"properties":{"DAUID":"46200032","DGUID":"2021S051246200032","LANDAREA":706.1666,"PRUID":"46","Province":"MB"}},
{"type":"Feature","geometry":{"type":"Polygon","coordinates":[[[-101.20342319940276,52.24603086472755],[-101.21581843690544,52.246055634402275],[-101.22268127673482,52.24607986270664],[-101.22295948127136,52.23133570693606],[-101.20388420941615,52.23088421142765],[-101.20342319940276,52.24603086472755]]]},"properties":{"DAUID":"46200033","DGUID":"2021S051246200033","LANDAREA":2.7405,"PRUID":"46","Province":"MB"}},
{"type":"Feature","geometry":{"type":"Polygon","coordinates":[[[-101.20388420941615,52.23088421142765],[-101.22295948127136,52.23133570693606],[-101.22268127673482,52.24607986270664],[-101.21581843690544,52.246055634402275],[-101.21580538059015,52.259993589300585],[-101.2277193897661,52.25999410681099],[-101.22771212280374,52.23090430875595],[-101.37073351950396,52.23088670542265],[-101.36987723937308,52.17988921119153],[-101.39324049639139,52.1799209130602],[-101.39559990494632,52.17265189028767],[-101.41838828699359,52.17267230411451],[-101.41832371203552,52.14424770933582],[-101.39453869565139,52.143636110951626],[-101.39450781054886,52.11445549696473],[-101.2794665025694,52.11448859147913],[-101.27506959121949,52.11448359709664],[-101.2675389866362,52.11442684923148],[-101.25632165405682,52.12438285240653],[-101.24318408467401,52.114478217524706],[-101.22768118080096,52.10677410515338],[-101.20392348379622,52.10713078863306],[-101.20388420941615,52.23088421142765]]]},"properties":{"DAUID":"46200034","DGUID":"2021S051246200034","LANDAREA":166.2381,"PRUID":"46","Province":"MB"}},
{"type":"Feature","geometry":{"type":"Polygon","coordinates":[[[-101.2675389866362,52.11442684923148],[-101.26180511268628,52.11445109763195],[-101.255027906747,52.114455104346426],[-101.24318408467401,52.114478217524706],[-101.25632165405682,52.12438285240653],[-101.2675389866362,52.11442684923148]]]},"properties":{"DAUID":"46200035","DGUID":"2021S051246200035","LANDAREA":0.9284,"PRUID":"46","Province":"MB"}},
{"type":"Feature","geometry":{"type":"Polygon","coordinates":[[[-101.27506959121949,52.11448359709664],[-101.26446579362211,52.10931031208917],[-101.26180511268628,52.11445109763195],[-101.2675389866362,52.11442684923148],[-101.27506959121949,52.11448359709664]]]},"properties":{"DAUID":"46200036","DGUID":"2021S051246200036","LANDAREA":0.437,"PRUID":"46","Province":"MB"}},
{"type":"Feature","geometry":{"type":"Polygon","coordinates":[[[-101.26180511268628,52.11445109763195],[-101.26446579362211,52.10931031208917],[-101.2631593787147,52.10629589397302],[-101.25871302008159,52.107028703160665],[-101.255027906747,52.114455104346426],[-101.26180511268628,52.11445109763195]]]},"properties":{"DAUID":"46200037","DGUID":"2021S051246200037","LANDAREA":0.6298,"PRUID":"46","Province":"MB"}},
{"type":"Feature","geometry":{"type":"Polygon","coordinates":[[[-101.2794665025694,52.11448859147913],[-101.27940699563963,52.11189089957413],[-101.27215289198887,52.10480989015792],[-101.26396098867909,52.10453600058317],[-101.2631593787147,52.10629589397302],[-101.26446579362211,52.10931031208917],[-101.27506959121949,52.11448359709664],[-101.2794665025694,52.11448859147913]]]},"properties":{"DAUID":"46200038","DGUID":"2021S051246200038","LANDAREA":0.5716,"PRUID":"46","Province":"MB"}},
{"type":"Feature","geometry":{"type":"Polygon","coordinates":[[[-101.2631593787147,52.10629589397302],[-101.26396098867909,52.10453600058317],[-101.26349369099265,52.09992280928868],[-101.26032588839179,52.099938613519214],[-101.25871302008159,52.107028703160665],[-101.2631593787147,52.10629589397302]]]},"properties":{"DAUID":"46200039","DGUID":"2021S051246200039","LANDAREA":0.3346,"PRUID":"46","Province":"MB"}},
{"type":"Feature","geometry":{"type":"Polygon","coordinates":[[[-101.27215289198887,52.10480989015792],[-101.27535940750398,52.10027101158944],[-101.27535190287315,52.09310593750028],[-101.26349369099265,52.09992280928868],[-101.26396098867909,52.10453600058317],[-101.27215289198887,52.10480989015792]]]},"properties":{"DAUID":"46200040","DGUID":"2021S051246200040","LANDAREA":0.9987,"PRUID":"46","Province":"MB"}},
{"type":"Feature","geometry":{"type":"Polygon","coordinates":[[[-101.27940699563963,52.11189089957413],[-101.27535940750398,52.10027101158944],[-101.27215289198887,52.10480989015792],[-101.27940699563963,52.11189089957413]]]},"properties":{"DAUID":"46200041","DGUID":"2021S051246200041","LANDAREA":0.8232,"PRUID":"46","Province":"MB"}},
{"type":"Feature","geometry":{"type":"Polygon","coordinates":[[[-101.39450781054886,52.11445549696473],[-101.44208100764571,52.11442351218998],[-101.44215441455185,52.08530330850848],[-101.44218380722715,52.02701990612044],[-101.32299068571781,52.02701250349365],[-101.3228693888637,52.05897490329986],[-101.31487468693922,52.06348470121461],[-101.29917590131922,52.063486401151586],[-101.29917389347364,52.08531150017805],[-101.27533789530459,52.08533359343506],[-101.27535190287315,52.09310593750028],[-101.27535940750398,52.10027101158944],[-101.27940699563963,52.11189089957413],[-101.2794665025694,52.11448859147913],[-101.39450781054886,52.11445549696473]]]},"properties":{"DAUID":"46200042","DGUID":"2021S051246200042","LANDAREA":92.2803,"PRUID":"46","Province":"MB"}},
{"type":"Feature","geometry":{"type":"Polygon","coordinates":[[[-101.20660488673744,52.31854888835035],[-101.39763213716674,52.31835989168512],[-101.46260950743873,52.318600139507396],[-101.60905476166867,52.31815802051941],[-101.60973940821638,52.24373710659564],[-101.60897509991136,52.22322318709936],[-101.60913850508793,52.08531150155988],[-101.44215441455185,52.08530330850848],[-101.44208100764571,52.11442351218998],[-101.39450781054886,52.11445549696473],[-101.39453869565139,52.143636110951626],[-101.41832371203552,52.14424770933582],[-101.41838828699359,52.17267230411451],[-101.39559990494632,52.17265189028767],[-101.39324049639139,52.1799209130602],[-101.36987723937308,52.17988921119153],[-101.37073351950396,52.23088670542265],[-101.22771212280374,52.23090430875595],[-101.2277193897661,52.25999410681099],[-101.21580538059015,52.259993589300585],[-101.21581843690544,52.246055634402275],[-101.20342319940276,52.24603086472755],[-101.20376671215215,52.31802980103262],[-101.20660488673744,52.31854888835035]]]},"properties":{"DAUID":"46200043","DGUID":"2021S051246200043","LANDAREA":494.1404,"PRUID":"46","Province":"MB"}},
{"type":"Feature","geometry":{"type":"Polygon","coordinates":[[[-101.44215441455185,52.08530330850848],[-101.60913850508793,52.08531150155988],[-101.60878099579328,52.0224369670299],[-101.60933504156196,51.968643550407535],[-101.57755508400459,51.96851810396466],[-101.57725948817149,51.939092495578286],[-101.50636899314455,51.93905909986995],[-101.50641347897366,51.96855549301566],[-101.43549309960794,51.96854259629137],[-101.43550510427113,51.92445880312953],[-101.27478590967266,51.924519496349426],[-101.27017071750929,51.92385319963374],[-101.27011100478802,51.96847629755748],[-101.29921329410381,51.96845100920781],[-101.29917590131922,52.063486401151586],[-101.31487468693922,52.06348470121461],[-101.3228693888637,52.05897490329986],[-101.32299068571781,52.02701250349365],[-101.44218380722715,52.02701990612044],[-101.44215441455185,52.08530330850848]]]},"properties":{"DAUID":"46200044","DGUID":"2021S051246200044","LANDAREA":289.966,"PRUID":"46","Province":"MB"}},
{"type":"Feature","geometry":{"type":"Polygon","coordinates":[[[-101.22768118080096,52.10677410515338],[-101.26032588839179,52.099938613519214],[-101.26349369099265,52.09992280928868],[-101.27535190287315,52.09310593750028],[-101.27533789530459,52.08533359343506],[-101.29917389347364,52.08531150017805],[-101.29917590131922,52.063486401151586],[-101.29921329410381,51.96845100920781],[-101.27011100478802,51.96847629755748],[-101.27017071750929,51.92385319963374],[-101.27478590967266,51.924519496349426],[-101.43550510427113,51.92445880312953],[-101.43558480845101,51.880795897725825],[-101.45922901594308,51.88083439621743],[-101.45922970632137,51.79349280086166],[-101.50644837760508,51.79238729284394],[-101.50642160052791,51.76444560916456],[-101.52997358294276,51.76443540461271],[-101.52995500024024,51.73533329503851],[-101.55366419261047,51.7352967999399],[-101.55367800202458,51.70624499477717],[-101.29424811794105,51.70598980033436],[-101.29392409337109,51.880823798610976],[-101.25074871479778,51.88064575157132],[-101.15220745693243,51.88183495784705],[-101.15245591406853,51.96842834466278],[-101.20388171424678,51.96846699859411],[-101.20392348379622,52.10713078863306],[-101.22768118080096,52.10677410515338]]]},"properties":{"DAUID":"46200045","DGUID":"2021S051246200045","LANDAREA":485.836,"PRUID":"46","Province":"MB"}},
{"type":"Feature","geometry":{"type":"Polygon","coordinates":[[[-101.24318408467401,52.114478217524706],[-101.255027906747,52.114455104346426],[-101.25871302008159,52.107028703160665],[-101.26032588839179,52.099938613519214],[-101.22768118080096,52.10677410515338],[-101.24318408467401,52.114478217524706]]]},"properties":{"DAUID":"46200046","DGUID":"2021S051246200046","LANDAREA":2.0823,"PRUID":"46","Province":"MB"}},
{"type":"Feature","geometry":{"type":"Polygon","coordinates":[[[-101.57725948817149,51.939092495578286],[-101.57722332274469,51.880834908774325],[-101.57732895914673,51.706197336183294],[-101.55367800202458,51.70624499477717],[-101.55366419261047,51.7352967999399],[-101.52995500024024,51.73533329503851],[-101.52997358294276,51.76443540461271],[-101.50642160052791,51.76444560916456],[-101.50644837760508,51.79238729284394],[-101.45922970632137,51.79349280086166],[-101.45922901594308,51.88083439621743],[-101.43558480845101,51.880795897725825],[-101.43550510427113,51.92445880312953],[-101.43549309960794,51.96854259629137],[-101.50641347897366,51.96855549301566],[-101.50636899314455,51.93905909986995],[-101.57725948817149,51.939092495578286]],[[-101.5436866810814,51.90993868914623],[-101.55358800170468,51.90992200627711],[-101.55356789724618,51.91930240213042],[-101.54165845813087,51.919484394177765],[-101.5436866810814,51.90993868914623]]]},"properties":{"DAUID":"46200047","DGUID":"2021S051246200047","LANDAREA":187.5229,"PRUID":"46","Province":"MB"}},
{"type":"Feature","geometry":{"type":"Polygon","coordinates":[[[-101.5436866810814,51.90993868914623],[-101.54165845813087,51.919484394177765],[-101.55356789724618,51.91930240213042],[-101.55358800170468,51.90992200627711],[-101.5436866810814,51.90993868914623]]]},"properties":{"DAUID":"46200048","DGUID":"2021S051246200048","LANDAREA":0.8535,"PRUID":"46","Province":"MB"}},
{"type":"Feature","geometry":{"type":"Polygon","coordinates":[[[-101.25975789155711,51.449274391427934],[-101.18037511320395,51.44969974116046],[-101.12144380603708,51.44923064289915],[-100.9786961309569,51.44929694932559],[-100.97848297062808,51.36188566897229],[-100.82755604397983,51.36186340472835],[-100.69786937559431,51.36228003453041],[-100.69797398422182,51.4477161954487],[-100.69718559355249,51.62387153414947],[-100.72240134386371,51.62401159564926],[-100.72262534177142,51.71110098706917],[-100.65159412299926,51.711378689640945],[-100.65141382302834,51.725767128847345],[-100.69892947175165,51.7256375530179],[-100.69935744116506,51.74020677277125],[-100.67542016177487,51.7401943337726],[-100.67542351411264,51.75517966636355],[-100.65293571222193,51.75544088771158],[-100.65212591309916,51.79857099394218],[-100.65174859772277,51.88572741782363],[-100.72229839678556,51.885658044501724],[-100.72260194256937,51.97098042229407],[-100.7514913158969,51.970861928402016],[-100.80000250373149,51.970754328263496],[-101.00010549138037,51.968829915745886],[-101.15245591406853,51.96842834466278],[-101.15220745693243,51.88183495784705],[-101.25074871479778,51.88064575157132],[-101.29392409337109,51.880823798610976],[-101.29424811794105,51.70598980033436],[-101.55367800202458,51.70624499477717],[-101.57732895914673,51.706197336183294],[-101.57734897625305,51.65493521593417],[-101.57051507292344,51.65492175095423],[-101.57052208161707,51.566356391275235],[-101.42896739353932,51.5668543055229],[-101.39955466606109,51.565029422167314],[-101.3989866470895,51.62108931912718],[-101.2598713558065,51.621363120183986],[-101.26067245256213,51.537058280613216],[-101.25948487222895,51.5269955285265],[-101.25975789155711,51.449274391427934]]]},"properties":{"DAUID":"46200049","DGUID":"2021S051246200049","LANDAREA":2553.9824,"PRUID":"46","Province":"MB"}},
{"type":"Feature","geometry":{"type":"Polygon","coordinates":[[[-101.20392348379622,52.10713078863306],[-101.20388171424678,51.96846699859411],[-101.15245591406853,51.96842834466278],[-101.00010549138037,51.968829915745886],[-100.80000250373149,51.970754328263496],[-100.7514913158969,51.970861928402016],[-100.75223758707656,52.04606717934516],[-100.75115787795252,52.099746794661755],[-100.87232570939936,52.099997287695906],[-100.94179648487044,52.09963759160758],[-100.94179129891549,52.14353679401175],[-101.06096660428197,52.14354599187254],[-101.0609767057357,52.10007749943091],[-101.17143102091993,52.09994661003764],[-101.18866170393807,52.107118488916015],[-101.20392348379622,52.10713078863306]],[[-101.04830259685417,52.08791957535265],[-101.04838679129497,52.09324287708671],[-101.0238778220828,52.093400174986655],[-101.02335638658109,52.08533975504082],[-101.03714467910419,52.08400019194894],[-101.04830259685417,52.08791957535265]]]},"properties":{"DAUID":"46200050","DGUID":"2021S051246200050","LANDAREA":488.0745,"PRUID":"46","Province":"MB"}},
{"type":"Feature","geometry":{"type":"Polygon","coordinates":[[[-100.03822804903042,51.71134477855468],[-100.03823076021223,51.72665694284626],[-100.05456304220232,51.72541003649416],[-100.05530487893508,51.7314638444863],[-100.04274065302263,51.75338535313745],[-100.05511957186539,51.76578223925766],[-100.06915344847872,51.76849234034319],[-100.07564444459149,51.774821754494944],[-100.07037478188346,51.795609038424374],[-100.08071274866013,51.79373415025768],[-100.08642227043629,51.804741236544174],[-100.08378357883136,51.817785435464785],[-100.09013708420163,51.82134595455798],[-100.0867334599224,51.83396115343339],[-100.09723675251779,51.851388237305365],[-100.11142274426273,51.852896042779705],[-100.1149338738595,51.86365264951843],[-100.11239038203952,51.8744666542804],[-100.1173358482576,51.882930254981126],[-100.13800116881701,51.89202944827881],[-100.14213445577394,51.911469637036824],[-100.13205775966584,51.917191153367334],[-100.13559828325882,51.923815255372624],[-100.12722077515764,51.95221443197578],[-100.11740735832664,51.96545343928662],[-100.12540228473931,51.971109355064556],[-100.1437742178428,51.97072430378707],[-100.18999660609542,51.9711958990158],[-100.18961499065033,51.99685898847825],[-100.18778031753457,52.00405549284501],[-100.24400873998341,52.00405678008315],[-100.24951710075344,52.01261699148469],[-100.4647901427238,52.01242982163699],[-100.46470157375785,52.05700228025236],[-100.61012831196022,52.056200962796396],[-100.60833451644385,52.230787521894186],[-100.7516884602164,52.23115198183696],[-100.75200291922783,52.18330133129416],[-100.75115787795252,52.099746794661755],[-100.75223758707656,52.04606717934516],[-100.7514913158969,51.970861928402016],[-100.72260194256937,51.97098042229407],[-100.72229839678556,51.885658044501724],[-100.65174859772277,51.88572741782363],[-100.65212591309916,51.79857099394218],[-100.65293571222193,51.75544088771158],[-100.67542351411264,51.75517966636355],[-100.67542016177487,51.7401943337726],[-100.69935744116506,51.74020677277125],[-100.69892947175165,51.7256375530179],[-100.65141382302834,51.725767128847345],[-100.65159412299926,51.711378689640945],[-100.5636468390478,51.71165543826095],[-100.47326479647904,51.71106886815437],[-100.2971299634999,51.71113160007716],[-100.09212299138153,51.71174274147452],[-100.03822804903042,51.71134477855468]]]},"properties":{"DAUID":"46200051","DGUID":"2021S051246200051","LANDAREA":1615.4212,"PRUID":"46","Province":"MB"}},
{"type":"Feature","geometry":{"type":"Polygon","coordinates":[[[-101.04830259685417,52.08791957535265],[-101.03714467910419,52.08400019194894],[-101.02335638658109,52.08533975504082],[-101.0238778220828,52.093400174986655],[-101.04838679129497,52.09324287708671],[-101.04830259685417,52.08791957535265]]]},"properties":{"DAUID":"46200052","DGUID":"2021S051246200052","LANDAREA":2.1916,"PRUID":"46","Province":"MB"}},
{"type":"Feature","geometry":{"type":"Polygon","coordinates":[[[-101.67159415186761,52.79813433824375],[-101.67158804145485,52.66726057825837],[-101.63770525871603,52.6672739281871],[-101.63774607378255,52.5353271853315],[-101.63781265104923,52.318149464311986],[-101.60905476166867,52.31815802051941],[-101.46260950743873,52.318600139507396],[-101.39763213716674,52.31835989168512],[-101.20660488673744,52.31854888835035],[-101.20639194685768,52.332868265477636],[-101.15872569626117,52.33282242092889],[-101.15889179114801,52.34739470976529],[-101.1347688882296,52.34737178319789],[-101.13634345233035,52.391714522957066],[-101.11047825828123,52.39179223051562],[-101.11115318193674,52.39852741179741],[-101.11079472517444,52.47840197094098],[-101.0967917129085,52.478468693879066],[-101.0868286002501,52.48751877763845],[-101.08670070530702,52.522063049631775],[-101.09861105940358,52.5219641621219],[-101.09828684657414,52.536784256247564],[-101.08659746361313,52.53660455422265],[-101.08629877840305,52.63842783557223],[-101.11014666602146,52.63840358076909],[-101.11002491807535,52.6530891171976],[-101.13836251811932,52.653103697117146],[-101.13894760984617,52.66772769614353],[-101.16320061682936,52.66760566547254],[-101.1631008660166,52.73308002358969],[-101.18723818958145,52.733144512140875],[-101.18722617799264,52.75485572854396],[-101.26009274111826,52.75504797055477],[-101.26022380272933,52.79839123966011],[-101.30842350267548,52.798231249146404],[-101.30862081983206,52.81267603532365],[-101.42982198473949,52.81260317042732],[-101.42942977735764,52.797985359960514],[-101.52670556907015,52.798223047459025],[-101.52652999982185,52.78339719875355],[-101.62310241338274,52.78363512564183],[-101.62322696080976,52.79809730115576],[-101.67159415186761,52.79813433824375]]]},"properties":{"DAUID":"46200053","DGUID":"2021S051246200053","LANDAREA":1744.7138,"PRUID":"46","Province":"MB"}},
{"type":"Feature","geometry":{"type":"Polygon","coordinates":[[[-101.0868286002501,52.48751877763845],[-101.0967917129085,52.478468693879066],[-101.08686299238896,52.478386292189995],[-101.0868286002501,52.48751877763845]]]},"properties":{"DAUID":"46200054","DGUID":"2021S051246200054","LANDAREA":0.841,"PRUID":"46","Province":"MB"}},
{"type":"Feature","geometry":{"type":"Polygon","coordinates":[[[-101.84561798702171,54.784753591757735],[-101.84566092691608,54.794444241981296],[-101.86351240870535,54.79434895976374],[-101.86284581282852,54.78089569497714],[-101.85839350617867,54.781944809941024],[-101.85210448751337,54.78033069091236],[-101.84561798702171,54.784753591757735]]]},"properties":{"DAUID":"46210058","DGUID":"2021S051246210058","LANDAREA":1.4174,"PRUID":"46","Province":"MB"}},
{"type":"Feature","geometry":{"type":"Polygon","coordinates":[[[-101.85839350617867,54.781944809941024],[-101.85306990514131,54.77637020830151],[-101.85210448751337,54.78033069091236],[-101.85839350617867,54.781944809941024]]]},"properties":{"DAUID":"46210059","DGUID":"2021S051246210059","LANDAREA":0.2916,"PRUID":"46","Province":"MB"}},
{"type":"Feature","geometry":{"type":"Polygon","coordinates":[[[-101.85210448751337,54.78033069091236],[-101.85306990514131,54.77637020830151],[-101.85068999222382,54.77548220238921],[-101.84596878402283,54.77690570599513],[-101.84561798702171,54.784753591757735],[-101.85210448751337,54.78033069091236]]]},"properties":{"DAUID":"46210060","DGUID":"2021S051246210060","LANDAREA":0.3285,"PRUID":"46","Province":"MB"}},
{"type":"Feature","geometry":{"type":"Polygon","coordinates":[[[-101.85068999222382,54.77548220238921],[-101.85037190711152,54.77162371159953],[-101.84690630756366,54.774312398263774],[-101.84596878402283,54.77690570599513],[-101.85068999222382,54.77548220238921]]]},"properties":{"DAUID":"46210061","DGUID":"2021S051246210061","LANDAREA":0.1531,"PRUID":"46","Province":"MB"}},
{"type":"Feature","geometry":{"type":"Polygon","coordinates":[[[-101.85037190711152,54.77162371159953],[-101.85221778400354,54.77023180143177],[-101.8467789881313,54.769622391589884],[-101.84690630756366,54.774312398263774],[-101.85037190711152,54.77162371159953]]]},"properties":{"DAUID":"46210062","DGUID":"2021S051246210062","LANDAREA":0.2019,"PRUID":"46","Province":"MB"}},
{"type":"Feature","geometry":{"type":"Polygon","coordinates":[[[-101.84561798702171,54.784753591757735],[-101.84596878402283,54.77690570599513],[-101.84690630756366,54.774312398263774],[-101.8467789881313,54.769622391589884],[-101.83623520972101,54.769833607686486],[-101.82102810369062,54.76355834403477],[-101.82040948218605,54.79443847800207],[-101.84566092691608,54.794444241981296],[-101.84561798702171,54.784753591757735]]]},"properties":{"DAUID":"46210063","DGUID":"2021S051246210063","LANDAREA":4.5754,"PRUID":"46","Province":"MB"}},
{"type":"Feature","geometry":{"type":"Polygon","coordinates":[[[-101.85221778400354,54.77023180143177],[-101.85639798639978,54.769971512212],[-101.8523394803777,54.76252231532021],[-101.84748923509075,54.75064019131331],[-101.84723079072896,54.74232511524024],[-101.82139878549076,54.74369417640414],[-101.82102810369062,54.76355834403477],[-101.83623520972101,54.769833607686486],[-101.8467789881313,54.769622391589884],[-101.85221778400354,54.77023180143177]]]},"properties":{"DAUID":"46210064","DGUID":"2021S051246210064","LANDAREA":4.5377,"PRUID":"46","Province":"MB"}},
{"type":"Feature","geometry":{"type":"Polygon","coordinates":[[[-101.85639798639978,54.769971512212],[-101.86336628387754,54.76449370911962],[-101.86070134539484,54.76252415218577],[-101.8523394803777,54.76252231532021],[-101.85639798639978,54.769971512212]]]},"properties":{"DAUID":"46210065","DGUID":"2021S051246210065","LANDAREA":0.2842,"PRUID":"46","Province":"MB"}},
{"type":"Feature","geometry":{"type":"Polygon","coordinates":[[[-101.86284581282852,54.78089569497714],[-101.8648466516279,54.77273056111991],[-101.86336628387754,54.76449370911962],[-101.85639798639978,54.769971512212],[-101.85221778400354,54.77023180143177],[-101.85037190711152,54.77162371159953],[-101.85068999222382,54.77548220238921],[-101.85306990514131,54.77637020830151],[-101.85839350617867,54.781944809941024],[-101.86284581282852,54.78089569497714]]]},"properties":{"DAUID":"46210066","DGUID":"2021S051246210066","LANDAREA":0.4934,"PRUID":"46","Province":"MB"}},
{"type":"Feature","geometry":{"type":"Polygon","coordinates":[[[-101.86336628387754,54.76449370911962],[-101.8648466516279,54.77273056111991],[-101.87815465728788,54.768901504275235],[-101.87550499975457,54.76916920202482],[-101.86955260762625,54.762525402553266],[-101.86070134539484,54.76252415218577],[-101.86336628387754,54.76449370911962]]]},"properties":{"DAUID":"46210067","DGUID":"2021S051246210067","LANDAREA":0.4125,"PRUID":"46","Province":"MB"}},
{"type":"Feature","geometry":{"type":"Polygon","coordinates":[[[-101.87550499975457,54.76916920202482],[-101.87600307916607,54.762525867256734],[-101.86955260762625,54.762525402553266],[-101.87550499975457,54.76916920202482]]]},"properties":{"DAUID":"46210068","DGUID":"2021S051246210068","LANDAREA":0.2226,"PRUID":"46","Province":"MB"}},
{"type":"Feature","geometry":{"type":"Polygon","coordinates":[[[-101.87815465728788,54.768901504275235],[-101.87788563901859,54.76252595631956],[-101.87600307916607,54.762525867256734],[-101.87550499975457,54.76916920202482],[-101.87815465728788,54.768901504275235]]]},"properties":{"DAUID":"46210069","DGUID":"2021S051246210069","LANDAREA":0.1847,"PRUID":"46","Province":"MB"}},
{"type":"Feature","geometry":{"type":"Polygon","coordinates":[[[-101.84566092691608,54.794444241981296],[-101.82040948218605,54.79443847800207],[-101.82102810369062,54.76355834403477],[-101.8010558170262,54.751987506521104],[-101.79901968848452,54.74253180254824],[-101.77651311657753,54.71974648637488],[-101.77530872195354,54.70780800018645],[-101.76790539256606,54.70283490990243],[-101.7512527086992,54.70450890466144],[-101.73875890387497,54.71492400389917],[-101.72333908262046,54.71747430623558],[-101.71060210593751,54.727900808594846],[-101.68967008360266,54.73410300928716],[-101.67944041237838,54.74128789674606],[-101.6654406075317,54.73396408915123],[-101.6640254087477,54.71642860242154],[-101.68306220424459,54.6943063070405],[-101.67552501969894,54.68873740631226],[-101.67271149142002,54.67733710771468],[-101.63412511442408,54.6744156874402],[-101.60466979901965,54.661388101361105],[-101.5859682836734,54.650173896143194],[-101.57350028863978,54.64865058946944],[-101.55743008828578,54.6526950058253],[-101.51264071280163,54.657750203670425],[-101.49789458651823,54.657497991393775],[-101.47344220906136,54.64780559516911],[-101.45529861863803,54.64975719969481],[-101.43736951969458,54.64677530598244],[-101.3955682232144,54.64397790625971],[-101.3811970116528,54.636512397769124],[-101.3900064928502,54.61893510832379],[-101.38777943720281,54.61116379694378],[-101.34239460836419,54.61639342078662],[-101.34000192713131,54.573627396971276],[-101.36638388486051,54.5736924744187],[-101.37432359009036,54.56189900089449],[-101.38133529290108,54.46825979317941],[-101.36927490266062,54.44063779196078],[-101.31971209737847,54.453583195922846],[-101.3014008120869,54.454985301390636],[-101.26669158105342,54.45004109665563],[-101.25791030520627,54.4510955036726],[-101.23916229579538,54.46033510359347],[-101.21765309489551,54.47603190283462],[-101.1562210881317,54.50776119460645],[-101.1113184220615,54.524302804193475],[-101.07284928772766,54.53153039317024],[-100.98945201033341,54.56085978922904],[-100.94338778625085,54.57348269557589],[-100.89693799634385,54.58606698907265],[-100.88323110613975,54.58819569859539],[-100.82223938384686,54.59037000208671],[-100.70693562307002,54.596806100449086],[-100.69175258893041,54.59538340291476],[-100.64537501090895,54.579232705886234],[-100.62796622148166,54.5772571081611],[-100.5026173952885,54.58210530284313],[-100.48579641766852,54.57868179021103],[-100.45216840446305,54.564592305879614],[-100.43316278400161,54.561610303363885],[-100.37752829914895,54.56426980576176],[-100.36091390707514,54.567900188503955],[-100.31122947811522,54.593911299223],[-100.2507926165018,54.609218908894235],[-100.23755620237273,54.61031659324988],[-100.19622599195355,54.60600451167049],[-100.2028776380529,54.621876637570416],[-100.18886945405391,54.64268945907251],[-100.20471130563249,54.64089530108895],[-100.21361772401056,54.63316010656582],[-100.2380735159062,54.62566273565167],[-100.26483609382554,54.63314885852843],[-100.2669888905426,54.64476781042605],[-100.25016733172457,54.65079029491358],[-100.26631700542661,54.65675465459361],[-100.25824405563498,54.664769444509034],[-100.26857176685282,54.67595054795322],[-100.24554466878729,54.681554339285334],[-100.26451213538469,54.69894174187768],[-100.2681569727686,54.71275885217827],[-100.28498022898532,54.71708373330898],[-100.28346355755134,54.72458275441532],[-100.29946582839693,54.728732038724374],[-100.3104010448814,54.736219159963845],[-100.31545513315875,54.74602934505578],[-100.30531746980134,54.75056965983113],[-100.28460994999828,54.748649046203845],[-100.27682994800746,54.7705015541647],[-100.29013012814924,54.77549974172677],[-100.27509295087314,54.78648075821029],[-100.30563563105402,54.79846315474106],[-100.29443784182219,54.803916746986836],[-100.29474284079518,54.81010115290605],[-100.27219037449599,54.82310615723779],[-100.26653424812405,54.829236656158415],[-100.24642153758616,54.829647339122765],[-100.22800584855406,54.845852257106024],[-100.21410506943403,54.84937755325652],[-100.18521877712958,54.847850615781454],[-100.17849176163956,54.862925042579256],[-100.19060439363116,54.866692476230035],[-100.1986294645334,54.87888134371624],[-100.16892569258916,54.90102344828304],[-100.15420819800848,54.90562240198795],[-100.14296173584786,54.91484614859119],[-100.14383782376832,55.00006901282266],[-100.00000001359608,54.999999995279175],[-99.74999999868338,55.00000001257637],[-99.59827664868867,55.00006737489926],[-99.59862334799564,54.94802880651559],[-99.62814273866046,54.92539115882674],[-99.67733303493878,54.89752193954873],[-99.69123565593246,54.90558665470667],[-99.7027339556544,54.89453133712143],[-99.72923823984893,54.87927926144775],[-99.70468723716584,54.87838504795488],[-99.71765505477875,54.867715238699844],[-99.71882513876118,54.84888624820097],[-99.72443666873322,54.83664963537478],[-99.73288763736932,54.82870535036989],[-99.76647644091801,54.80875174250156],[-99.7761449601526,54.805028041791964],[-99.80001952948994,54.803042539768754],[-99.81649075797836,54.809903138983124],[-99.82949103978392,54.83633675029344],[-99.85506186724376,54.85121085574001],[-99.85729426980313,54.860007552486195],[-99.83486554143465,54.86851334479754],[-99.81413232792858,54.86977094411453],[-99.7986135661368,54.873900036601476],[-99.79471854189018,54.88013745279456],[-99.76233246420551,54.89002465140816],[-99.77077503685605,54.89566275052447],[-99.80059482785285,54.89095224082013],[-99.8208854639195,54.88007805850531],[-99.8343487354326,54.87725705644138],[-99.86089164817393,54.865889153693196],[-99.87832334007165,54.86866145118336],[-99.90347996277613,54.84862283851936],[-99.91302316762037,54.83852113442737],[-99.93045875881843,54.82684415575352],[-99.94684713200445,54.82044386173635],[-99.9533834424672,54.82798946173258],[-99.97614914842275,54.81038175364466],[-99.97571205473969,54.802827955765984],[-99.96462046502823,54.79496684190283],[-99.9143483593698,54.790774158391145],[-99.90366515899188,54.77930075397064],[-99.90315736342596,54.75221055791848],[-99.89908435925508,54.744637036830184],[-99.9173980304743,54.72252525048644],[-99.93005135093189,54.72016756084511],[-99.9650148533543,54.708576943248474],[-99.96055895682571,54.702455149196325],[-99.92386665516926,54.71637055120543],[-99.89582672871742,54.722343249000055],[-99.87909055523419,54.722988151838315],[-99.85749396443711,54.70857564956519],[-99.85305453768,54.70123834504614],[-99.83631953403122,54.689773742125666],[-99.8388995528964,54.670739338732055],[-99.87417466012498,54.65139264288123],[-99.85978954296876,54.63951714984075],[-99.83245245417498,54.63828704379367],[-99.81951406823828,54.645298153258885],[-99.79626019826856,54.64597200108596],[-99.78304708241977,54.64108010511031],[-99.7835961242911,54.626921711252194],[-99.78910051464204,54.612802891151425],[-99.78097941307094,54.60271790496075],[-99.77713551088837,54.58254009694868],[-99.77201551223672,54.56667329663008],[-99.74776592057636,54.57188549054219],[-99.73168790727996,54.56205280510676],[-99.7100335811126,54.56810440775329],[-99.66955078120723,54.5914053988418],[-99.66108440594081,54.5923058005637],[-99.58134999546542,54.57928809204477],[-99.5364050092486,54.588680511752656],[-99.42459739020224,54.594525595090936],[-99.41707089838455,54.59710410953611],[-99.38862510053991,54.62179629570931],[-99.31099248356654,54.63476420208807],[-99.118404110882,54.681576986462815],[-99.04768640704961,54.68867120243181],[-99.00889041819279,54.69575290934367],[-98.98242498871873,54.69501000932054],[-98.9714996304666,54.75002871543904],[-98.98831048708784,54.750012666599005],[-98.98622208803842,55.00001297915398],[-98.98538677609639,55.10076994448289],[-98.9999999963406,55.10116094504025],[-98.99999999946277,55.25000000955762],[-99.00000001061555,55.44529192900636],[-99.01916655398196,55.44540820762201],[-99.01756954714051,55.50012066322918],[-99.01719346015783,55.62550629751281],[-99.37177835370088,55.62601315724155],[-99.53444436266767,55.62451040582672],[-99.7295329139596,55.62413354471221],[-100.02619367240423,55.62291158447874],[-100.33562144948996,55.62461464413707],[-100.52557064692382,55.6251957157495],[-100.7817817285461,55.625471031411976],[-101.01647110427396,55.62521081747507],[-101.33702907754063,55.62591590637619],[-101.63752107233219,55.62574681438175],[-101.85650759137293,55.625117856592816],[-101.96366510858844,55.62400200215794],[-101.96325052825948,55.49954758513953],[-101.96395494363058,55.46042009077997],[-101.92422703066032,55.46021659221451],[-101.92384556121372,55.36437671442817],[-101.92379095995605,55.19686916634401],[-101.92436060643031,55.11209059084203],[-101.88526563857516,55.111596656241545],[-101.8852889926237,54.938311574223725],[-101.88534712489941,54.79122896531805],[-101.88531837552428,54.76252586495784],[-101.87788563901859,54.76252595631956],[-101.87815465728788,54.768901504275235],[-101.8648466516279,54.77273056111991],[-101.86284581282852,54.78089569497714],[-101.86351240870535,54.79434895976374],[-101.84566092691608,54.794444241981296]],[[-101.88089463634743,54.77081834740603],[-101.88208484505013,54.77200187373541],[-101.88214950888454,54.774393426328054],[-101.88032457967104,54.77276619314488],[-101.88089463634743,54.77081834740603]]]},"properties":{"DAUID":"46210070","DGUID":"2021S051246210070","LANDAREA":17341.4735,"PRUID":"46","Province":"MB"}},
{"type":"Feature","geometry":{"type":"Polygon","coordinates":[[[-101.88089463634743,54.77081834740603],[-101.88032457967104,54.77276619314488],[-101.88214950888454,54.774393426328054],[-101.88208484505013,54.77200187373541],[-101.88089463634743,54.77081834740603]]]},"properties":{"DAUID":"46210071","DGUID":"2021S051246210071","LANDAREA":0.033,"PRUID":"46","Province":"MB"}},
{"type":"Feature","geometry":{"type":"Polygon","coordinates":[[[-101.38777943720281,54.61116379694378],[-101.39727572363498,54.610303738980676],[-101.3988676703243,54.60057234053814],[-101.42080155838623,54.60175786186655],[-101.41927466382327,54.58510516129092],[-101.40020675512952,54.585415946213466],[-101.38543904546921,54.58222655600832],[-101.39178473770934,54.570823053020604],[-101.41229314460737,54.56437944948482],[-101.43211425592013,54.56273445530634],[-101.43522510091191,54.54738521265297],[-101.41628826482011,54.550386236604574],[-101.40639147059687,54.555733183445334],[-101.37432359009036,54.56189900089449],[-101.36638388486051,54.5736924744187],[-101.34000192713131,54.573627396971276],[-101.34239460836419,54.61639342078662],[-101.38777943720281,54.61116379694378]]]},"properties":{"DAUID":"46210072","DGUID":"2021S051246210072","LANDAREA":23.3944,"PRUID":"46","Province":"MB"}},
{"type":"Feature","geometry":{"type":"Polygon","coordinates":[[[-101.84723079072896,54.74232511524024],[-101.84746387609269,54.53020026223429],[-101.84748426351852,54.413563899125336],[-101.81046130903577,54.41353989486081],[-101.81114803749313,54.314343731170325],[-101.81037901745786,54.28279789155628],[-101.81038118935399,54.281421154921865],[-101.81038300956257,54.28026888471676],[-101.8103871743975,54.277630505858205],[-101.81114596350103,54.20473085341577],[-101.81044130770174,54.15324145414854],[-101.81116827342761,54.106439493312855],[-101.81043452049738,54.06440581903894],[-101.77132275803018,54.06440246205007],[-101.7712115688086,53.99999630793751],[-101.7712455908076,53.74646299773733],[-101.77066399919534,53.71091002638363],[-101.75503194432146,53.71081601840939],[-101.75503852317506,53.722292834613754],[-101.71320113362572,53.72386326014717],[-101.69212260212764,53.741947480916394],[-101.69047290125812,53.752108506924124],[-101.67098700864287,53.75724388147808],[-101.67088318878314,53.762923606215566],[-101.63340958103194,53.763862328136746],[-101.63394332917603,53.77200303817708],[-101.62116913309536,53.77191908879993],[-101.62106981923365,53.7857876242744],[-101.59663040704766,53.78582746251049],[-101.59626909246263,53.778310652196126],[-101.54715090581065,53.768177946321956],[-101.52801902536332,53.75915150094869],[-101.52255617240984,53.76991411565063],[-101.50000001588758,53.77041360853688],[-101.49435429250597,53.7669364206565],[-101.46492676897469,53.77895455543427],[-101.45710919939687,53.787847496335544],[-101.42334121857425,53.81231801566115],[-101.4237193267679,53.830634731517016],[-101.39868267573434,53.82653230152206],[-101.38942216997107,53.8325355615988],[-101.37359521878265,53.82160443953906],[-101.36211732139874,53.82328215750605],[-101.35786471938164,53.83213675798317],[-101.34370818648468,53.833911539639296],[-101.32921139864878,53.82829998780249],[-101.32545137539618,53.838227879862245],[-101.35323077177692,53.85399794529483],[-101.35409866959915,53.84520175484146],[-101.37317055729564,53.84037154191201],[-101.3851815342191,53.84477881389537],[-101.38487917582007,53.85233777340584],[-101.36343979455067,53.852829687046494],[-101.346181724103,53.85847947525306],[-101.34448500030963,53.8862901995954],[-101.32952244185157,53.88583774847414],[-101.32097254499642,53.898959563452074],[-101.30782317332361,53.91157106018977],[-101.29931276484432,53.93157131347807],[-101.28163869199203,53.932127961096164],[-101.25924580270083,53.937922292956976],[-101.25069691787563,53.944690587105114],[-101.25269518032023,53.9780783909137],[-101.28065291878802,54.00713729582928],[-101.2994513048432,54.05519069154635],[-101.35152528764546,54.13385399686492],[-101.36026120558613,54.15190340954103],[-101.40918514653725,54.15201347990345],[-101.40394614575982,54.161567044718396],[-101.39574493598701,54.16320095317844],[-101.39394034288752,54.17519205406869],[-101.40713603624114,54.18199685156809],[-101.4101809192443,54.23809649739676],[-101.36038270022577,54.23916980639279],[-101.40273058700684,54.318918994428685],[-101.40195481354984,54.324867804746305],[-101.38594568778322,54.36127110727638],[-101.37735352269966,54.395853804365395],[-101.36255878067337,54.41908609404132],[-101.36927490266062,54.44063779196078],[-101.38133529290108,54.46825979317941],[-101.37432359009036,54.56189900089449],[-101.40639147059687,54.555733183445334],[-101.41628826482011,54.550386236604574],[-101.43522510091191,54.54738521265297],[-101.43211425592013,54.56273445530634],[-101.41229314460737,54.56437944948482],[-101.39178473770934,54.570823053020604],[-101.38543904546921,54.58222655600832],[-101.40020675512952,54.585415946213466],[-101.41927466382327,54.58510516129092],[-101.42080155838623,54.60175786186655],[-101.3988676703243,54.60057234053814],[-101.39727572363498,54.610303738980676],[-101.38777943720281,54.61116379694378],[-101.3900064928502,54.61893510832379],[-101.3811970116528,54.636512397769124],[-101.3955682232144,54.64397790625971],[-101.43736951969458,54.64677530598244],[-101.45529861863803,54.64975719969481],[-101.47344220906136,54.64780559516911],[-101.49789458651823,54.657497991393775],[-101.51264071280163,54.657750203670425],[-101.55743008828578,54.6526950058253],[-101.57350028863978,54.64865058946944],[-101.5859682836734,54.650173896143194],[-101.60466979901965,54.661388101361105],[-101.63412511442408,54.6744156874402],[-101.67271149142002,54.67733710771468],[-101.67552501969894,54.68873740631226],[-101.68306220424459,54.6943063070405],[-101.6640254087477,54.71642860242154],[-101.6654406075317,54.73396408915123],[-101.67944041237838,54.74128789674606],[-101.68967008360266,54.73410300928716],[-101.71060210593751,54.727900808594846],[-101.72333908262046,54.71747430623558],[-101.73875890387497,54.71492400389917],[-101.7512527086992,54.70450890466144],[-101.76790539256606,54.70283490990243],[-101.77530872195354,54.70780800018645],[-101.77651311657753,54.71974648637488],[-101.79901968848452,54.74253180254824],[-101.8010558170262,54.751987506521104],[-101.82102810369062,54.76355834403477],[-101.82139878549076,54.74369417640414],[-101.84723079072896,54.74232511524024]]]},"properties":{"DAUID":"46210073","DGUID":"2021S051246210073","LANDAREA":2140.358,"PRUID":"46","Province":"MB"}},
{"type":"Feature","geometry":{"type":"Polygon","coordinates":[[[-101.36026120558613,54.15190340954103],[-101.33867940819628,54.15195893494755],[-101.3367222425966,54.23987172658667],[-101.36038270022577,54.23916980639279],[-101.4101809192443,54.23809649739676],[-101.40713603624114,54.18199685156809],[-101.39394034288752,54.17519205406869],[-101.39574493598701,54.16320095317844],[-101.40394614575982,54.161567044718396],[-101.40918514653725,54.15201347990345],[-101.36026120558613,54.15190340954103]]]},"properties":{"DAUID":"46210074","DGUID":"2021S051246210074","LANDAREA":43.9673,"PRUID":"46","Province":"MB"}},
{"type":"Feature","geometry":{"type":"Polygon","coordinates":[[[-101.36927490266062,54.44063779196078],[-101.36255878067337,54.41908609404132],[-101.37735352269966,54.395853804365395],[-101.38594568778322,54.36127110727638],[-101.40195481354984,54.324867804746305],[-101.40273058700684,54.318918994428685],[-101.36038270022577,54.23916980639279],[-101.3367222425966,54.23987172658667],[-101.33867940819628,54.15195893494755],[-101.36026120558613,54.15190340954103],[-101.35152528764546,54.13385399686492],[-101.2994513048432,54.05519069154635],[-101.28065291878802,54.00713729582928],[-101.25269518032023,53.9780783909137],[-101.25069691787563,53.944690587105114],[-101.25924580270083,53.937922292956976],[-101.28163869199203,53.932127961096164],[-101.29269088092092,53.88870020257795],[-101.17629729957922,53.88934948642713],[-101.1770053337125,53.86846138745889],[-101.15112742269181,53.86774957205488],[-101.1554039841264,53.85593967013934],[-101.15238535956307,53.85384606051735],[-101.1170047511366,53.859135340710694],[-101.08228834748681,53.861586445451366],[-101.06338815892244,53.86743515061391],[-101.04491865506394,53.86838553906582],[-101.03580893560218,53.860001541915786],[-101.03706945209551,53.853088454524965],[-101.05774346608415,53.836064738442325],[-101.06053776220718,53.797133191062784],[-101.1756222971162,53.7928135016792],[-101.17487249016429,53.755313369640916],[-101.17629057585505,53.70875472779278],[-101.02124384624595,53.70904150128662],[-101.00000000777574,53.70846353492914],[-100.8787622916055,53.708095019824654],[-100.87883120423774,53.749245372791705],[-100.87461106762706,53.84363822930611],[-100.88567098361828,53.87793930006347],[-100.8702537989947,53.876649313661154],[-100.87861405469344,53.9289360416678],[-100.87849055771302,53.9764239212119],[-100.88115067518255,54.005961543659694],[-100.87629174889308,54.01213899525929],[-100.88300247953374,54.026497437271566],[-100.88652067791215,54.065518468028536],[-100.91161408034897,54.06472065237231],[-100.91216679314063,54.12045237823284],[-100.91268279505778,54.29301289813217],[-100.91354846343154,54.30875457210088],[-100.91366470524545,54.39936334228339],[-100.93767904569174,54.39953715224506],[-100.93684052738914,54.5000539999099],[-100.94338778625085,54.57348269557589],[-100.98945201033341,54.56085978922904],[-101.07284928772766,54.53153039317024],[-101.1113184220615,54.524302804193475],[-101.1562210881317,54.50776119460645],[-101.21765309489551,54.47603190283462],[-101.23916229579538,54.46033510359347],[-101.25791030520627,54.4510955036726],[-101.26669158105342,54.45004109665563],[-101.3014008120869,54.454985301390636],[-101.31971209737847,54.453583195922846],[-101.36927490266062,54.44063779196078]],[[-101.07477823962951,53.98694256327188],[-101.07214098976964,53.9745199597952],[-101.04973969856698,53.96076690324496],[-101.05507004673758,53.95636875154473],[-101.09427412944171,53.94709570246049],[-101.09666627370157,53.9579184434353],[-101.11815040118006,53.95613091693357],[-101.11683884800043,53.949943898422596],[-101.14176149703172,53.94798670765389],[-101.14315423164781,53.95628909039264],[-101.13030862165517,53.96100050696906],[-101.11954751260848,53.97009269174697],[-101.11876336944921,53.978559872771086],[-101.08869375409598,53.982430747610955],[-101.07477823962951,53.98694256327188]]]},"properties":{"DAUID":"46210075","DGUID":"2021S051246210075","LANDAREA":1723.7685,"PRUID":"46","Province":"MB"}},
{"type":"Feature","geometry":{"type":"Polygon","coordinates":[[[-101.07477823962951,53.98694256327188],[-101.08869375409598,53.982430747610955],[-101.11876336944921,53.978559872771086],[-101.11954751260848,53.97009269174697],[-101.13030862165517,53.96100050696906],[-101.14315423164781,53.95628909039264],[-101.14176149703172,53.94798670765389],[-101.11683884800043,53.949943898422596],[-101.11815040118006,53.95613091693357],[-101.09666627370157,53.9579184434353],[-101.09427412944171,53.94709570246049],[-101.05507004673758,53.95636875154473],[-101.04973969856698,53.96076690324496],[-101.07214098976964,53.9745199597952],[-101.07477823962951,53.98694256327188]]]},"properties":{"DAUID":"46210076","DGUID":"2021S051246210076","LANDAREA":13.6598,"PRUID":"46","Province":"MB"}},
{"type":"Feature","geometry":{"type":"Polygon","coordinates":[[[-101.1770053337125,53.86846138745889],[-101.20173760129993,53.86873137355089],[-101.2019496534557,53.87649973470174],[-101.25152100510917,53.876544935434104],[-101.25209912151173,53.85209599615524],[-101.25898875462727,53.83484716966659],[-101.23429410621198,53.83979875831968],[-101.21766284683613,53.83899120095091],[-101.1554039841264,53.85593967013934],[-101.15112742269181,53.86774957205488],[-101.1770053337125,53.86846138745889]]]},"properties":{"DAUID":"46210077","DGUID":"2021S051246210077","LANDAREA":20.0964,"PRUID":"46","Province":"MB"}},
{"type":"Feature","geometry":{"type":"Polygon","coordinates":[[[-101.1554039841264,53.85593967013934],[-101.21766284683613,53.83899120095091],[-101.23429410621198,53.83979875831968],[-101.25536811079476,53.83163296984365],[-101.25315598509215,53.83031850169856],[-101.23363170360187,53.834060532909874],[-101.2150624852591,53.83691984705091],[-101.21313515705829,53.831564595873154],[-101.20647623244253,53.82386593327062],[-101.19850058560583,53.79729612501556],[-101.1756222971162,53.7928135016792],[-101.06053776220718,53.797133191062784],[-101.05774346608415,53.836064738442325],[-101.03706945209551,53.853088454524965],[-101.03580893560218,53.860001541915786],[-101.04491865506394,53.86838553906582],[-101.06338815892244,53.86743515061391],[-101.08228834748681,53.861586445451366],[-101.1170047511366,53.859135340710694],[-101.15238535956307,53.85384606051735],[-101.1554039841264,53.85593967013934]]]},"properties":{"DAUID":"46210078","DGUID":"2021S051246210078","LANDAREA":56.0965,"PRUID":"46","Province":"MB"}},
{"type":"Feature","geometry":{"type":"Polygon","coordinates":[[[-101.23363170360187,53.834060532909874],[-101.23182248932582,53.83009588459618],[-101.23000794136854,53.826228131667925],[-101.21313515705829,53.831564595873154],[-101.2150624852591,53.83691984705091],[-101.23363170360187,53.834060532909874]]]},"properties":{"DAUID":"46210079","DGUID":"2021S051246210079","LANDAREA":0.9757,"PRUID":"46","Province":"MB"}},
{"type":"Feature","geometry":{"type":"Polygon","coordinates":[[[-101.21313515705829,53.831564595873154],[-101.23000794136854,53.826228131667925],[-101.22969169120591,53.82310389033016],[-101.2300617869413,53.82260182153722],[-101.24076160330077,53.81727870629543],[-101.24228441073458,53.815353206307734],[-101.24114371695423,53.813621485348634],[-101.23161373112686,53.81414590840241],[-101.23306790800308,53.809447788444025],[-101.23784030949895,53.807426381730956],[-101.21262913627257,53.79413549638259],[-101.19850058560583,53.79729612501556],[-101.20647623244253,53.82386593327062],[-101.21313515705829,53.831564595873154]]]},"properties":{"DAUID":"46210080","DGUID":"2021S051246210080","LANDAREA":7.1082,"PRUID":"46","Province":"MB"}},
{"type":"Feature","geometry":{"type":"Polygon","coordinates":[[[-101.2300617869413,53.82260182153722],[-101.24271171139593,53.8207933890537],[-101.24176629074863,53.81902200904815],[-101.24076160330077,53.81727870629543],[-101.2300617869413,53.82260182153722]]]},"properties":{"DAUID":"46210081","DGUID":"2021S051246210081","LANDAREA":0.2909,"PRUID":"46","Province":"MB"}},
{"type":"Feature","geometry":{"type":"Polygon","coordinates":[[[-101.24076160330077,53.81727870629543],[-101.24176629074863,53.81902200904815],[-101.24451262142222,53.81805589889709],[-101.24305123435238,53.815409186827],[-101.24228441073458,53.815353206307734],[-101.24076160330077,53.81727870629543]]]},"properties":{"DAUID":"46210082","DGUID":"2021S051246210082","LANDAREA":0.0703,"PRUID":"46","Province":"MB"}},
{"type":"Feature","geometry":{"type":"Polygon","coordinates":[[[-101.24271171139593,53.8207933890537],[-101.24658258416447,53.823849512242035],[-101.24758381551248,53.818994004993975],[-101.24451262142222,53.81805589889709],[-101.24176629074863,53.81902200904815],[-101.24271171139593,53.8207933890537]]]},"properties":{"DAUID":"46210083","DGUID":"2021S051246210083","LANDAREA":0.1975,"PRUID":"46","Province":"MB"}},
{"type":"Feature","geometry":{"type":"Polygon","coordinates":[[[-101.22969169120591,53.82310389033016],[-101.24579621572687,53.830166405021096],[-101.24842670299132,53.82905629219197],[-101.24653848010836,53.825864200674424],[-101.24658258416447,53.823849512242035],[-101.24271171139593,53.8207933890537],[-101.2300617869413,53.82260182153722],[-101.22969169120591,53.82310389033016]]]},"properties":{"DAUID":"46210084","DGUID":"2021S051246210084","LANDAREA":0.4564,"PRUID":"46","Province":"MB"}},
{"type":"Feature","geometry":{"type":"Polygon","coordinates":[[[-101.23182248932582,53.83009588459618],[-101.24579621572687,53.830166405021096],[-101.22969169120591,53.82310389033016],[-101.23000794136854,53.826228131667925],[-101.23182248932582,53.83009588459618]]]},"properties":{"DAUID":"46210085","DGUID":"2021S051246210085","LANDAREA":0.5194,"PRUID":"46","Province":"MB"}},
{"type":"Feature","geometry":{"type":"Polygon","coordinates":[[[-101.25315598509215,53.83031850169856],[-101.25048319396284,53.82840200996613],[-101.24842670299132,53.82905629219197],[-101.24579621572687,53.830166405021096],[-101.23182248932582,53.83009588459618],[-101.23363170360187,53.834060532909874],[-101.25315598509215,53.83031850169856]]]},"properties":{"DAUID":"46210086","DGUID":"2021S051246210086","LANDAREA":0.4414,"PRUID":"46","Province":"MB"}},
{"type":"Feature","geometry":{"type":"Polygon","coordinates":[[[-101.24842670299132,53.82905629219197],[-101.25048319396284,53.82840200996613],[-101.25238040698638,53.82145720372549],[-101.24653848010836,53.825864200674424],[-101.24842670299132,53.82905629219197]]]},"properties":{"DAUID":"46210087","DGUID":"2021S051246210087","LANDAREA":0.2469,"PRUID":"46","Province":"MB"}},
{"type":"Feature","geometry":{"type":"Polygon","coordinates":[[[-101.25315598509215,53.83031850169856],[-101.25874977285149,53.825562553413704],[-101.25670964818374,53.823526139020906],[-101.25474536388226,53.81908073253896],[-101.25238040698638,53.82145720372549],[-101.25048319396284,53.82840200996613],[-101.25315598509215,53.83031850169856]]]},"properties":{"DAUID":"46210088","DGUID":"2021S051246210088","LANDAREA":0.3751,"PRUID":"46","Province":"MB"}},
{"type":"Feature","geometry":{"type":"Polygon","coordinates":[[[-101.31295541337792,53.81753248600475],[-101.33875811399426,53.814495507747445],[-101.31297350688591,53.81315478344267],[-101.31295541337792,53.81753248600475]]]},"properties":{"DAUID":"46210091","DGUID":"2021S051246210091","LANDAREA":1.8312,"PRUID":"46","Province":"MB"}},
{"type":"Feature","geometry":{"type":"Polygon","coordinates":[[[-101.32545137539618,53.838227879862245],[-101.32593708672036,53.84303952920664],[-101.27782264001073,53.82945566025031],[-101.26538125214717,53.827669953538866],[-101.25536811079476,53.83163296984365],[-101.23429410621198,53.83979875831968],[-101.25898875462727,53.83484716966659],[-101.26801391744559,53.841251780053774],[-101.32675228563069,53.85152151194828],[-101.33308101374851,53.85485979125286],[-101.32697789523556,53.85805310946738],[-101.31233230106031,53.87237919932719],[-101.29844001383553,53.87868732145648],[-101.29269088092092,53.88870020257795],[-101.28163869199203,53.932127961096164],[-101.29931276484432,53.93157131347807],[-101.30782317332361,53.91157106018977],[-101.32097254499642,53.898959563452074],[-101.32952244185157,53.88583774847414],[-101.34448500030963,53.8862901995954],[-101.346181724103,53.85847947525306],[-101.36343979455067,53.852829687046494],[-101.38487917582007,53.85233777340584],[-101.3851815342191,53.84477881389537],[-101.37317055729564,53.84037154191201],[-101.35409866959915,53.84520175484146],[-101.35323077177692,53.85399794529483],[-101.32545137539618,53.838227879862245]],[[-101.26556480825018,53.8295427895015],[-101.26161128725525,53.8317571890354],[-101.26000562396673,53.83072660700003],[-101.26409889831076,53.82885130310689],[-101.26556480825018,53.8295427895015]]]},"properties":{"DAUID":"46210093","DGUID":"2021S051246210093","LANDAREA":24.4236,"PRUID":"46","Province":"MB"}},
{"type":"Feature","geometry":{"type":"Polygon","coordinates":[[[-101.26556480825018,53.8295427895015],[-101.26409889831076,53.82885130310689],[-101.26000562396673,53.83072660700003],[-101.26161128725525,53.8317571890354],[-101.26556480825018,53.8295427895015]]]},"properties":{"DAUID":"46210094","DGUID":"2021S051246210094","LANDAREA":0.0591,"PRUID":"46","Province":"MB"}},
{"type":"Feature","geometry":{"type":"Polygon","coordinates":[[[-101.29269088092092,53.88870020257795],[-101.29844001383553,53.87868732145648],[-101.31233230106031,53.87237919932719],[-101.32697789523556,53.85805310946738],[-101.32654938152756,53.85526540913196],[-101.32675228563069,53.85152151194828],[-101.26801391744559,53.841251780053774],[-101.25898875462727,53.83484716966659],[-101.25209912151173,53.85209599615524],[-101.25152100510917,53.876544935434104],[-101.2019496534557,53.87649973470174],[-101.20173760129993,53.86873137355089],[-101.1770053337125,53.86846138745889],[-101.17629729957922,53.88934948642713],[-101.29269088092092,53.88870020257795]]]},"properties":{"DAUID":"46210095","DGUID":"2021S051246210095","LANDAREA":27.8191,"PRUID":"46","Province":"MB"}},
{"type":"Feature","geometry":{"type":"Polygon","coordinates":[[[-101.32675228563069,53.85152151194828],[-101.32654938152756,53.85526540913196],[-101.33308101374851,53.85485979125286],[-101.32675228563069,53.85152151194828]]]},"properties":{"DAUID":"46210096","DGUID":"2021S051246210096","LANDAREA":0.1026,"PRUID":"46","Province":"MB"}},
{"type":"Feature","geometry":{"type":"Polygon","coordinates":[[[-101.33308101374851,53.85485979125286],[-101.32654938152756,53.85526540913196],[-101.32697789523556,53.85805310946738],[-101.33308101374851,53.85485979125286]]]},"properties":{"DAUID":"46210097","DGUID":"2021S051246210097","LANDAREA":0.1403,"PRUID":"46","Province":"MB"}},
{"type":"Feature","geometry":{"type":"Polygon","coordinates":[[[-101.24658258416447,53.823849512242035],[-101.24653848010836,53.825864200674424],[-101.25238040698638,53.82145720372549],[-101.25474536388226,53.81908073253896],[-101.25482422634377,53.80321213236655],[-101.24758381551248,53.818994004993975],[-101.24658258416447,53.823849512242035]]]},"properties":{"DAUID":"46210098","DGUID":"2021S051246210098","LANDAREA":0.7639,"PRUID":"46","Province":"MB"}},
{"type":"Feature","geometry":{"type":"Polygon","coordinates":[[[-101.23784030949895,53.807426381730956],[-101.24305123435238,53.815409186827],[-101.24451262142222,53.81805589889709],[-101.24758381551248,53.818994004993975],[-101.25482422634377,53.80321213236655],[-101.22881864702114,53.78479052874258],[-101.24339631823776,53.77279515826493],[-101.23052922335877,53.76907480795195],[-101.21262913627257,53.79413549638259],[-101.23784030949895,53.807426381730956]]]},"properties":{"DAUID":"46210099","DGUID":"2021S051246210099","LANDAREA":5.7167,"PRUID":"46","Province":"MB"}},
{"type":"Feature","geometry":{"type":"Polygon","coordinates":[[[-101.23306790800308,53.809447788444025],[-101.24114371695423,53.813621485348634],[-101.24228441073458,53.815353206307734],[-101.24305123435238,53.815409186827],[-101.23784030949895,53.807426381730956],[-101.23306790800308,53.809447788444025]]]},"properties":{"DAUID":"46210100","DGUID":"2021S051246210100","LANDAREA":0.2029,"PRUID":"46","Province":"MB"}},
{"type":"Feature","geometry":{"type":"Polygon","coordinates":[[[-101.24114371695423,53.813621485348634],[-101.23306790800308,53.809447788444025],[-101.23161373112686,53.81414590840241],[-101.24114371695423,53.813621485348634]]]},"properties":{"DAUID":"46210101","DGUID":"2021S051246210101","LANDAREA":0.2612,"PRUID":"46","Province":"MB"}},
{"type":"Feature","geometry":{"type":"Polygon","coordinates":[[[-99.22301633585455,53.25999444553571],[-99.23403618526856,53.26619326880741],[-99.3082567218866,53.26693315083766],[-99.359131912612,53.26652437356885],[-99.36035360086113,53.257065106372266],[-99.3367442070514,53.172149807039425],[-99.3596636588973,53.1714824907602],[-99.33736106300096,53.14605405563548],[-99.31308115225669,53.14227105605347],[-99.28676493924095,53.14668544056768],[-99.26770616266977,53.16265613632106],[-99.2657051665723,53.17888645618912],[-99.25963116484051,53.18631124183443],[-99.2685468654254,53.20904514600654],[-99.26478545234136,53.22235195351551],[-99.2468750487544,53.237570657236304],[-99.24742896162552,53.24335885683976],[-99.23715065790067,53.25515425106469],[-99.22301633585455,53.25999444553571]]]},"properties":{"DAUID":"46210104","DGUID":"2021S051246210104","LANDAREA":74.2732,"PRUID":"46","Province":"MB"}},
{"type":"Feature","geometry":{"type":"Polygon","coordinates":[[[-99.21076204161326,53.19161173827665],[-99.21257855350981,53.180103356063036],[-99.2441245651475,53.18184684693445],[-99.25315476373729,53.1874214323715],[-99.25938586328098,53.174172139032954],[-99.26090393860045,53.15903944490103],[-99.27355225979676,53.1450828226213],[-99.26077189572256,53.13708460414879],[-99.22773383582424,53.135689260859145],[-99.22743556817227,53.11848956051864],[-99.2166366423131,53.1187937280614],[-99.21866037193593,53.131425655698415],[-99.21460026229602,53.13798084359538],[-99.21501594525267,53.15537224589476],[-99.20701545574804,53.17529205675489],[-99.21076204161326,53.19161173827665]]]},"properties":{"DAUID":"46210105","DGUID":"2021S051246210105","LANDAREA":18.9132,"PRUID":"46","Province":"MB"}},
{"type":"Feature","geometry":{"type":"Polygon","coordinates":[[[-99.79123672156227,53.10485577504171],[-99.81185441365015,53.11384096295704],[-99.81291755758299,53.104220820615545],[-99.79123672156227,53.10485577504171]]]},"properties":{"DAUID":"46210106","DGUID":"2021S051246210106","LANDAREA":1.0664,"PRUID":"46","Province":"MB"}},
{"type":"Feature","geometry":{"type":"Polygon","coordinates":[[[-99.81291755758299,53.104220820615545],[-99.79636011885474,53.09129690883119],[-99.78474242911912,53.10199349923862],[-99.79123672156227,53.10485577504171],[-99.81291755758299,53.104220820615545]]]},"properties":{"DAUID":"46210107","DGUID":"2021S051246210107","LANDAREA":1.4444,"PRUID":"46","Province":"MB"}},
{"type":"Feature","geometry":{"type":"Polygon","coordinates":[[[-100.19622599195355,54.60600451167049],[-100.18817353628435,54.58503736398187],[-100.03769441603163,54.583275034987295],[-99.86429141413039,54.58356761709638],[-99.77713551088837,54.58254009694868],[-99.78097941307094,54.60271790496075],[-99.78910051464204,54.612802891151425],[-99.7835961242911,54.626921711252194],[-99.78304708241977,54.64108010511031],[-99.79626019826856,54.64597200108596],[-99.81951406823828,54.645298153258885],[-99.83245245417498,54.63828704379367],[-99.85978954296876,54.63951714984075],[-99.87417466012498,54.65139264288123],[-99.8388995528964,54.670739338732055],[-99.83631953403122,54.689773742125666],[-99.85305453768,54.70123834504614],[-99.85749396443711,54.70857564956519],[-99.87909055523419,54.722988151838315],[-99.89582672871742,54.722343249000055],[-99.92386665516926,54.71637055120543],[-99.96055895682571,54.702455149196325],[-99.9650148533543,54.708576943248474],[-99.93005135093189,54.72016756084511],[-99.9173980304743,54.72252525048644],[-99.89908435925508,54.744637036830184],[-99.90315736342596,54.75221055791848],[-99.90366515899188,54.77930075397064],[-99.9143483593698,54.790774158391145],[-99.96462046502823,54.79496684190283],[-99.97571205473969,54.802827955765984],[-99.97614914842275,54.81038175364466],[-99.9533834424672,54.82798946173258],[-99.94684713200445,54.82044386173635],[-99.93045875881843,54.82684415575352],[-99.91302316762037,54.83852113442737],[-99.90347996277613,54.84862283851936],[-99.87832334007165,54.86866145118336],[-99.86089164817393,54.865889153693196],[-99.8343487354326,54.87725705644138],[-99.8208854639195,54.88007805850531],[-99.80059482785285,54.89095224082013],[-99.77077503685605,54.89566275052447],[-99.76233246420551,54.89002465140816],[-99.79471854189018,54.88013745279456],[-99.7986135661368,54.873900036601476],[-99.81413232792858,54.86977094411453],[-99.83486554143465,54.86851334479754],[-99.85729426980313,54.860007552486195],[-99.85506186724376,54.85121085574001],[-99.82949103978392,54.83633675029344],[-99.81649075797836,54.809903138983124],[-99.80001952948994,54.803042539768754],[-99.7761449601526,54.805028041791964],[-99.76647644091801,54.80875174250156],[-99.73288763736932,54.82870535036989],[-99.72443666873322,54.83664963537478],[-99.71882513876118,54.84888624820097],[-99.71765505477875,54.867715238699844],[-99.70468723716584,54.87838504795488],[-99.72923823984893,54.87927926144775],[-99.7027339556544,54.89453133712143],[-99.69123565593246,54.90558665470667],[-99.67733303493878,54.89752193954873],[-99.62814273866046,54.92539115882674],[-99.59862334799564,54.94802880651559],[-99.59827664868867,55.00006737489926],[-99.74999999868338,55.00000001257637],[-100.00000001359608,54.999999995279175],[-100.14383782376832,55.00006901282266],[-100.14296173584786,54.91484614859119],[-100.15420819800848,54.90562240198795],[-100.16892569258916,54.90102344828304],[-100.1986294645334,54.87888134371624],[-100.19060439363116,54.866692476230035],[-100.17849176163956,54.862925042579256],[-100.18521877712958,54.847850615781454],[-100.21410506943403,54.84937755325652],[-100.22800584855406,54.845852257106024],[-100.24642153758616,54.829647339122765],[-100.26653424812405,54.829236656158415],[-100.27219037449599,54.82310615723779],[-100.29474284079518,54.81010115290605],[-100.29443784182219,54.803916746986836],[-100.30563563105402,54.79846315474106],[-100.27509295087314,54.78648075821029],[-100.29013012814924,54.77549974172677],[-100.27682994800746,54.7705015541647],[-100.28460994999828,54.748649046203845],[-100.30531746980134,54.75056965983113],[-100.31545513315875,54.74602934505578],[-100.3104010448814,54.736219159963845],[-100.29946582839693,54.728732038724374],[-100.28346355755134,54.72458275441532],[-100.28498022898532,54.71708373330898],[-100.2681569727686,54.71275885217827],[-100.26451213538469,54.69894174187768],[-100.24554466878729,54.681554339285334],[-100.26857176685282,54.67595054795322],[-100.25824405563498,54.664769444509034],[-100.26631700542661,54.65675465459361],[-100.25016733172457,54.65079029491358],[-100.2669888905426,54.64476781042605],[-100.26483609382554,54.63314885852843],[-100.2380735159062,54.62566273565167],[-100.21361772401056,54.63316010656582],[-100.20471130563249,54.64089530108895],[-100.18886945405391,54.64268945907251],[-100.2028776380529,54.621876637570416],[-100.19622599195355,54.60600451167049]],[[-100.02671501381637,54.88008220848426],[-100.02245367962942,54.88415329795369],[-100.01640730993961,54.87803888872769],[-100.02671501381637,54.88008220848426]]]},"properties":{"DAUID":"46210108","DGUID":"2021S051246210108","LANDAREA":1166.3082,"PRUID":"46","Province":"MB"}},
{"type":"Feature","geometry":{"type":"Polygon","coordinates":[[[-100.02671501381637,54.88008220848426],[-100.01640730993961,54.87803888872769],[-100.02245367962942,54.88415329795369],[-100.02671501381637,54.88008220848426]]]},"properties":{"DAUID":"46210109","DGUID":"2021S051246210109","LANDAREA":0.3308,"PRUID":"46","Province":"MB"}},
{"type":"Feature","geometry":{"type":"Polygon","coordinates":[[[-100.34375935816385,53.71958516763258],[-100.35236001970362,53.71835038351104],[-100.35192621222234,53.700287288177975],[-100.33332979240978,53.699373032287085],[-100.32479738276332,53.70927472052033],[-100.32902908400743,53.71984183221997],[-100.34375935816385,53.71958516763258]]]},"properties":{"DAUID":"46210112","DGUID":"2021S051246210112","LANDAREA":3.8654,"PRUID":"46","Province":"MB"}},
{"type":"Feature","geometry":{"type":"Polygon","coordinates":[[[-100.38020115060587,53.7016346884991],[-100.39074481122577,53.70159207565306],[-100.39017806343585,53.69721305590096],[-100.37766383569506,53.6968752342256],[-100.38020115060587,53.7016346884991]]]},"properties":{"DAUID":"46210113","DGUID":"2021S051246210113","LANDAREA":0.4541,"PRUID":"46","Province":"MB"}},
{"type":"Feature","geometry":{"type":"Polygon","coordinates":[[[-97.33189658140867,53.00599057129136],[-97.33754566012941,53.006009539733995],[-97.36080405381125,53.02344094631334],[-97.40071746390095,53.03184784782007],[-97.41211945082034,53.04072293310081],[-97.41105525287483,53.04712933417766],[-97.42402525197544,53.06751994171923],[-97.4348590595735,53.07768345200265],[-97.43284135867943,53.093349750754825],[-97.43782305540059,53.09878813945371],[-97.42942647255168,53.11042575361873],[-97.43451316804432,53.118917128662154],[-97.45429036481835,53.12168785228187],[-97.45102355523123,53.12843004839263],[-97.46586423490314,53.141317647015285],[-97.44903953170413,53.155926942602214],[-97.44126234194492,53.15436474891181],[-97.41842744023221,53.163936551256306],[-97.4204110640114,53.173449353188154],[-97.43551706905225,53.16848775378656],[-97.44133464171367,53.18328423840077],[-97.45673006544673,53.19035253359165],[-97.46964894182913,53.187224332394706],[-97.47718643426914,53.19550365492805],[-97.47249513888147,53.200693937464244],[-97.48718886816476,53.20588655219998],[-97.50540717380736,53.21633045435501],[-97.5146552313312,53.23490323200843],[-97.52860357013755,53.24072005223428],[-97.54537236983235,53.240190851112466],[-97.55331655456945,53.25322823517105],[-97.5684616611879,53.26351853229622],[-97.57609222870096,53.26339733501761],[-97.58557573439958,53.28072083570378],[-97.5961686726014,53.30927745317954],[-97.57712025641437,53.32744413719465],[-97.57891517205165,53.33953735381712],[-97.58643716684102,53.34342445173012],[-97.5960952276084,53.36652413197468],[-97.61075154530467,53.3713124444382],[-97.62285667442343,53.37920426524029],[-97.65484973478543,53.39310165373273],[-97.66728194831225,53.404236439344224],[-97.68167186622813,53.41248223700282],[-97.68234343707176,53.43475643576965],[-97.67460804542375,53.44581403848968],[-97.6735686494271,53.46405245351978],[-97.69817516844738,53.483936945764796],[-97.71172465258249,53.48997484959358],[-97.70506986901465,53.50000004674125],[-97.70672866976328,53.51027064812759],[-97.71452497141858,53.523311953742216],[-97.73209923289865,53.5407238561827],[-97.76389246113446,53.56213203843248],[-97.77654736085199,53.56506384989093],[-97.796873645033,53.587903834258555],[-97.81773524850148,53.60481845238431],[-97.8340699428857,53.60803083840017],[-97.83521780387589,53.61364116401783],[-97.92487434971889,53.647615185943636],[-97.96670193666397,53.661632664188815],[-98.01686590428045,53.67528030957106],[-98.02364312153638,53.68015174438214],[-98.02974145923957,53.694798657002195],[-98.03322483355669,53.71265484319433],[-98.05399363448245,53.73687424656767],[-98.07531373099108,53.75202873430993],[-98.11279013747355,53.76684953480629],[-98.13604525130437,53.7791688476581],[-98.18020603872999,53.7979320396391],[-98.26746995226107,53.82740713313344],[-98.30299074063969,53.83684354686351],[-98.33826606277792,53.84400003931148],[-98.36814196491682,53.84837984654603],[-98.42126655686806,53.85238893867501],[-98.48546633655333,53.85292295192731],[-98.53967384747762,53.85060255786639],[-98.57600114477947,53.8476531360789],[-98.63391833776619,53.841247240001266],[-98.72119395286222,53.82795234101225],[-98.77266864353066,53.817275757497896],[-98.8436441694844,53.79794774178521],[-98.88704356695753,53.78318664478143],[-98.92515014472389,53.765500858135454],[-98.94947045447546,53.74585571183354],[-98.94986976320048,53.88225733114036],[-98.94972506257604,54.066802186173454],[-98.96170945778793,54.06830685447327],[-98.96102420321218,54.25011553921089],[-98.96340317804285,54.415287159758414],[-98.97712267831625,54.41520854725203],[-98.98233034236665,54.56358425271522],[-98.98242498871873,54.69501000932054],[-99.00889041819279,54.69575290934367],[-99.04768640704961,54.68867120243181],[-99.118404110882,54.681576986462815],[-99.31099248356654,54.63476420208807],[-99.38862510053991,54.62179629570931],[-99.41707089838455,54.59710410953611],[-99.42459739020224,54.594525595090936],[-99.5364050092486,54.588680511752656],[-99.58134999546542,54.57928809204477],[-99.66108440594081,54.5923058005637],[-99.66955078120723,54.5914053988418],[-99.7100335811126,54.56810440775329],[-99.73168790727996,54.56205280510676],[-99.74776592057636,54.57188549054219],[-99.77201551223672,54.56667329663008],[-99.77713551088837,54.58254009694868],[-99.86429141413039,54.58356761709638],[-100.03769441603163,54.583275034987295],[-100.18817353628435,54.58503736398187],[-100.19622599195355,54.60600451167049],[-100.23755620237273,54.61031659324988],[-100.2507926165018,54.609218908894235],[-100.31122947811522,54.593911299223],[-100.36091390707514,54.567900188503955],[-100.37752829914895,54.56426980576176],[-100.43316278400161,54.561610303363885],[-100.45216840446305,54.564592305879614],[-100.48579641766852,54.57868179021103],[-100.5026173952885,54.58210530284313],[-100.62796622148166,54.5772571081611],[-100.64537501090895,54.579232705886234],[-100.69175258893041,54.59538340291476],[-100.70693562307002,54.596806100449086],[-100.82223938384686,54.59037000208671],[-100.88323110613975,54.58819569859539],[-100.89693799634385,54.58606698907265],[-100.94338778625085,54.57348269557589],[-100.93684052738914,54.5000539999099],[-100.93767904569174,54.39953715224506],[-100.91366470524545,54.39936334228339],[-100.91354846343154,54.30875457210088],[-100.91268279505778,54.29301289813217],[-100.91216679314063,54.12045237823284],[-100.91161408034897,54.06472065237231],[-100.88652067791215,54.065518468028536],[-100.88300247953374,54.026497437271566],[-100.87629174889308,54.01213899525929],[-100.88115067518255,54.005961543659694],[-100.87849055771302,53.9764239212119],[-100.87861405469344,53.9289360416678],[-100.8702537989947,53.876649313661154],[-100.88567098361828,53.87793930006347],[-100.87461106762706,53.84363822930611],[-100.87883120423774,53.749245372791705],[-100.8787622916055,53.708095019824654],[-101.00000000777574,53.70846353492914],[-101.02124384624595,53.70904150128662],[-101.17629057585505,53.70875472779278],[-101.20402949323812,53.708953701942626],[-101.206798175262,53.69937721867623],[-101.23405656009155,53.669442951234224],[-101.26565578504072,53.649724025737534],[-101.32090826112226,53.62783583896021],[-101.37151289534371,53.602818194974006],[-101.35484102702539,53.6028075756896],[-101.35428109779605,53.59083531420088],[-101.37344603754114,53.58694436071769],[-101.41349771180636,53.585715093302845],[-101.4385145542731,53.576594859076835],[-101.51173981208314,53.57585775775405],[-101.51113795747078,53.597666933310656],[-101.52195169396371,53.605278057182524],[-101.54002975210759,53.61040328730997],[-101.57834720012328,53.61040264271741],[-101.59516335927073,53.60750099560907],[-101.61580194782974,53.61518498796307],[-101.62097299461145,53.60830425975749],[-101.63449991733084,53.60982534184207],[-101.65340504234517,53.59915555019038],[-101.66672865245103,53.58771684716813],[-101.70255907125448,53.595496251808946],[-101.7112449703229,53.60096845455938],[-101.73714527569848,53.610118519238576],[-101.7380734394545,53.601684184729876],[-101.73548179992613,53.56392707178453],[-101.73554368489728,53.36580844358159],[-101.70060567806456,53.36578111749439],[-101.70069426314038,53.01645077734237],[-101.67160451924188,53.01644787522973],[-101.67160376760577,53.001253123985066],[-101.48333651716504,53.00140171086094],[-101.15842089579027,53.000849223535866],[-101.00018070629196,52.99999336896019],[-100.86672500554812,53.00076422992675],[-100.57480753612597,53.001371668415544],[-100.27690764303799,53.00115832255125],[-100.07541646628991,53.00053681953138],[-100.00658280231951,53.00170679806424],[-99.72065929417653,53.00230755480121],[-99.16439308167406,53.00191300645689],[-99.05895503890444,53.001964834796034],[-98.49542154749409,53.00045401793384],[-98.45470870298612,53.00004396532127],[-98.2499999867498,52.999999997897355],[-97.99999984114329,53.000000004835194],[-97.74995180511688,53.0000005479059],[-97.49990362199662,53.000000885456345],[-97.37871029607331,53.00116100267028],[-97.33141955841496,53.000066091624454],[-97.33189658140867,53.00599057129136]],[[-99.22301633585455,53.25999444553571],[-99.23715065790067,53.25515425106469],[-99.24742896162552,53.24335885683976],[-99.2468750487544,53.237570657236304],[-99.26478545234136,53.22235195351551],[-99.2685468654254,53.20904514600654],[-99.25963116484051,53.18631124183443],[-99.2657051665723,53.17888645618912],[-99.26770616266977,53.16265613632106],[-99.28676493924095,53.14668544056768],[-99.31308115225669,53.14227105605347],[-99.33736106300096,53.14605405563548],[-99.3596636588973,53.1714824907602],[-99.3367442070514,53.172149807039425],[-99.36035360086113,53.257065106372266],[-99.359131912612,53.26652437356885],[-99.3082567218866,53.26693315083766],[-99.23403618526856,53.26619326880741],[-99.22301633585455,53.25999444553571]],[[-99.21076204161326,53.19161173827665],[-99.20701545574804,53.17529205675489],[-99.21501594525267,53.15537224589476],[-99.21460026229602,53.13798084359538],[-99.21866037193593,53.131425655698415],[-99.2166366423131,53.1187937280614],[-99.22743556817227,53.11848956051864],[-99.22773383582424,53.135689260859145],[-99.26077189572256,53.13708460414879],[-99.27355225979676,53.1450828226213],[-99.26090393860045,53.15903944490103],[-99.25938586328098,53.174172139032954],[-99.25315476373729,53.1874214323715],[-99.2441245651475,53.18184684693445],[-99.21257855350981,53.180103356063036],[-99.21076204161326,53.19161173827665]],[[-99.79123672156227,53.10485577504171],[-99.78474242911912,53.10199349923862],[-99.79636011885474,53.09129690883119],[-99.81291755758299,53.104220820615545],[-99.81185441365015,53.11384096295704],[-99.79123672156227,53.10485577504171]],[[-100.34375935816385,53.71958516763258],[-100.32902908400743,53.71984183221997],[-100.32479738276332,53.70927472052033],[-100.33332979240978,53.699373032287085],[-100.35192621222234,53.700287288177975],[-100.35236001970362,53.71835038351104],[-100.34375935816385,53.71958516763258]],[[-100.38020115060587,53.7016346884991],[-100.37766383569506,53.6968752342256],[-100.39017806343585,53.69721305590096],[-100.39074481122577,53.70159207565306],[-100.38020115060587,53.7016346884991]],[[-100.42483700428905,53.84516462643996],[-100.41920793665216,53.848178370894],[-100.36417932882733,53.849847801711896],[-100.36088622548996,53.82773427510536],[-100.36821659781843,53.82300796077483],[-100.39415371854285,53.81860133497353],[-100.4233262126535,53.823679226325034],[-100.42934978087855,53.83343490491106],[-100.42483700428905,53.84516462643996]]]},"properties":{"DAUID":"46210114","DGUID":"2021S051246210114","LANDAREA":19373.3734,"PRUID":"46","Province":"MB"}},
{"type":"Feature","geometry":{"type":"Polygon","coordinates":[[[-100.42483700428905,53.84516462643996],[-100.42934978087855,53.83343490491106],[-100.4233262126535,53.823679226325034],[-100.39415371854285,53.81860133497353],[-100.36821659781843,53.82300796077483],[-100.36088622548996,53.82773427510536],[-100.36417932882733,53.849847801711896],[-100.41920793665216,53.848178370894],[-100.42483700428905,53.84516462643996]]]},"properties":{"DAUID":"46210115","DGUID":"2021S051246210115","LANDAREA":10.9041,"PRUID":"46","Province":"MB"}},
{"type":"Feature","geometry":{"type":"Polygon","coordinates":[[[-101.75503194432146,53.71081601840939],[-101.73543094383757,53.71070651718146],[-101.73546038653188,53.62542021262288],[-101.73136548496092,53.61955249247001],[-101.70172228585214,53.62094510572383],[-101.66448079197654,53.59106590101895],[-101.6554748105242,53.601201712142675],[-101.63488689804514,53.609947108097494],[-101.62066750523955,53.60885690492401],[-101.61228388346156,53.61338309773241],[-101.58827890886155,53.60755719814245],[-101.57448492011943,53.611433400407265],[-101.54235688463558,53.61120350949618],[-101.52061531565276,53.60511820583558],[-101.50633851182837,53.596849693287],[-101.4895627026759,53.59737989990257],[-101.48916521952881,53.69232389581161],[-101.47705278486889,53.70223128959658],[-101.47408201422742,53.71512270350135],[-101.47405631756142,53.7515900092712],[-101.46539659532553,53.752146199630644],[-101.43516628373382,53.76321170905844],[-101.38989078850003,53.79169293887348],[-101.39751697560206,53.791419555385],[-101.40294072666953,53.79836477634987],[-101.38497889355057,53.79844275091321],[-101.37796539905786,53.80380230168405],[-101.33875811399426,53.814495507747445],[-101.31295541337792,53.81753248600475],[-101.2813126654698,53.822551247809834],[-101.28113503812776,53.82323949035755],[-101.3053564889747,53.82701269211808],[-101.30046915900402,53.83224614380358],[-101.27683735674937,53.82449494130145],[-101.25874977285149,53.825562553413704],[-101.25315598509215,53.83031850169856],[-101.25536811079476,53.83163296984365],[-101.26538125214717,53.827669953538866],[-101.27782264001073,53.82945566025031],[-101.32593708672036,53.84303952920664],[-101.32545137539618,53.838227879862245],[-101.32921139864878,53.82829998780249],[-101.34370818648468,53.833911539639296],[-101.35786471938164,53.83213675798317],[-101.36211732139874,53.82328215750605],[-101.37359521878265,53.82160443953906],[-101.38942216997107,53.8325355615988],[-101.39868267573434,53.82653230152206],[-101.4237193267679,53.830634731517016],[-101.42334121857425,53.81231801566115],[-101.45710919939687,53.787847496335544],[-101.46492676897469,53.77895455543427],[-101.49435429250597,53.7669364206565],[-101.50000001588758,53.77041360853688],[-101.52255617240984,53.76991411565063],[-101.52801902536332,53.75915150094869],[-101.54715090581065,53.768177946321956],[-101.59626909246263,53.778310652196126],[-101.59663040704766,53.78582746251049],[-101.62106981923365,53.7857876242744],[-101.62116913309536,53.77191908879993],[-101.63394332917603,53.77200303817708],[-101.63340958103194,53.763862328136746],[-101.67088318878314,53.762923606215566],[-101.67098700864287,53.75724388147808],[-101.69047290125812,53.752108506924124],[-101.69212260212764,53.741947480916394],[-101.71320113362572,53.72386326014717],[-101.75503852317506,53.722292834613754],[-101.75503194432146,53.71081601840939]]]},"properties":{"DAUID":"46210118","DGUID":"2021S051246210118","LANDAREA":316.3593,"PRUID":"46","Province":"MB"}},
{"type":"Feature","geometry":{"type":"Polygon","coordinates":[[[-101.25874977285149,53.825562553413704],[-101.27683735674937,53.82449494130145],[-101.28113503812776,53.82323949035755],[-101.2813126654698,53.822551247809834],[-101.27159403483164,53.81326074144682],[-101.25670964818374,53.823526139020906],[-101.25874977285149,53.825562553413704]]]},"properties":{"DAUID":"46210120","DGUID":"2021S051246210120","LANDAREA":1.2591,"PRUID":"46","Province":"MB"}},
{"type":"Feature","geometry":{"type":"Polygon","coordinates":[[[-101.1756222971162,53.7928135016792],[-101.19850058560583,53.79729612501556],[-101.21262913627257,53.79413549638259],[-101.23052922335877,53.76907480795195],[-101.24339631823776,53.77279515826493],[-101.22881864702114,53.78479052874258],[-101.25482422634377,53.80321213236655],[-101.25474536388226,53.81908073253896],[-101.25670964818374,53.823526139020906],[-101.27159403483164,53.81326074144682],[-101.2813126654698,53.822551247809834],[-101.31295541337792,53.81753248600475],[-101.31297350688591,53.81315478344267],[-101.33875811399426,53.814495507747445],[-101.37796539905786,53.80380230168405],[-101.38497889355057,53.79844275091321],[-101.38989078850003,53.79169293887348],[-101.43516628373382,53.76321170905844],[-101.46539659532553,53.752146199630644],[-101.47405631756142,53.7515900092712],[-101.47408201422742,53.71512270350135],[-101.47705278486889,53.70223128959658],[-101.48916521952881,53.69232389581161],[-101.4895627026759,53.59737989990257],[-101.50633851182837,53.596849693287],[-101.52061531565276,53.60511820583558],[-101.54235688463558,53.61120350949618],[-101.57448492011943,53.611433400407265],[-101.58827890886155,53.60755719814245],[-101.61228388346156,53.61338309773241],[-101.62066750523955,53.60885690492401],[-101.63488689804514,53.609947108097494],[-101.6554748105242,53.601201712142675],[-101.66448079197654,53.59106590101895],[-101.70172228585214,53.62094510572383],[-101.73136548496092,53.61955249247001],[-101.73546038653188,53.62542021262288],[-101.73714527569848,53.610118519238576],[-101.7112449703229,53.60096845455938],[-101.70255907125448,53.595496251808946],[-101.66672865245103,53.58771684716813],[-101.65340504234517,53.59915555019038],[-101.63449991733084,53.60982534184207],[-101.62097299461145,53.60830425975749],[-101.61580194782974,53.61518498796307],[-101.59516335927073,53.60750099560907],[-101.57834720012328,53.61040264271741],[-101.54002975210759,53.61040328730997],[-101.52195169396371,53.605278057182524],[-101.51113795747078,53.597666933310656],[-101.51173981208314,53.57585775775405],[-101.4385145542731,53.576594859076835],[-101.41349771180636,53.585715093302845],[-101.37344603754114,53.58694436071769],[-101.35428109779605,53.59083531420088],[-101.35484102702539,53.6028075756896],[-101.37151289534371,53.602818194974006],[-101.32090826112226,53.62783583896021],[-101.26565578504072,53.649724025737534],[-101.23405656009155,53.669442951234224],[-101.206798175262,53.69937721867623],[-101.20402949323812,53.708953701942626],[-101.17629057585505,53.70875472779278],[-101.17487249016429,53.755313369640916],[-101.1756222971162,53.7928135016792]]]},"properties":{"DAUID":"46210122","DGUID":"2021S051246210122","LANDAREA":382.7727,"PRUID":"46","Province":"MB"}},
{"type":"Feature","geometry":{"type":"Polygon","coordinates":[[[-101.28113503812776,53.82323949035755],[-101.27683735674937,53.82449494130145],[-101.30046915900402,53.83224614380358],[-101.3053564889747,53.82701269211808],[-101.28113503812776,53.82323949035755]]]},"properties":{"DAUID":"46210123","DGUID":"2021S051246210123","LANDAREA":0.7312,"PRUID":"46","Province":"MB"}},
{"type":"Feature","geometry":{"type":"Polygon","coordinates":[[[-101.38989078850003,53.79169293887348],[-101.38497889355057,53.79844275091321],[-101.40294072666953,53.79836477634987],[-101.39751697560206,53.791419555385],[-101.38989078850003,53.79169293887348]]]},"properties":{"DAUID":"46210124","DGUID":"2021S051246210124","LANDAREA":1.1808,"PRUID":"46","Province":"MB"}},
{"type":"Feature","geometry":{"type":"Polygon","coordinates":[[[-96.15666128593114,56.339604709810345],[-96.17217221382613,56.339577063502595],[-96.16362654781452,56.33519914814014],[-96.15666128593114,56.339604709810345]]]},"properties":{"DAUID":"46220082","DGUID":"2021S051246220082","LANDAREA":0.7921,"PRUID":"46","Province":"MB"}},
{"type":"Feature","geometry":{"type":"Polygon","coordinates":[[[-96.17217221382613,56.339577063502595],[-96.49999999686375,56.341847013660214],[-96.90501614163826,56.34139699612108],[-97.24350911278174,56.338463171428764],[-97.60398086570439,56.3367011701347],[-98.00000001500763,56.333456922686835],[-98.0002028664822,56.25000023323836],[-98.00020189679763,56.08332918924294],[-98.00020103823358,55.924023740229316],[-97.98023189063704,55.92570239460362],[-97.95067687780515,55.92458453663623],[-97.9415229571802,55.922085801006],[-97.91600995880532,55.9271360526669],[-97.90128451814991,55.934150101132694],[-97.88967987295003,55.950767945803044],[-97.84357522364392,55.95435469261399],[-97.82542514308294,55.959065742147125],[-97.80909800959645,55.97055284964661],[-97.80161626457287,55.98512382852642],[-97.49999998270128,55.98414696294996],[-97.28937481867398,55.9828353275379],[-97.22498670919855,55.98273274746156],[-97.221396196839,55.97462030129958],[-97.24603600590368,55.96925039564268],[-97.27608495392771,55.960259244776715],[-97.2931033596672,55.959434208709254],[-97.37494627132551,55.93726377686169],[-97.4169229851523,55.931749099824835],[-97.45019151506769,55.92042006439738],[-97.45229721954868,55.80575421471754],[-97.45499720906292,55.65030544638918],[-97.45405283080378,55.543840291921065],[-97.37651473109462,55.544416016042774],[-97.37472915930735,55.42694726943489],[-97.37601434325614,55.416587462105845],[-97.60590745233561,55.41686389126268],[-97.60757855217173,55.45886046652505],[-97.853407205659,55.45914235637468],[-97.79767564988796,55.50004303201876],[-97.77140583852751,55.52218102202797],[-97.77074246931957,55.56274118838749],[-97.91631320343473,55.56187723739006],[-97.91690454213824,55.53198170095476],[-97.98865160379138,55.5311806992159],[-98.0411629996507,55.5000429415655],[-98.06045136672886,55.4982809215501],[-98.09477621988312,55.51496641085748],[-98.10648208894494,55.50996619163299],[-98.09919446803961,55.48861758953984],[-98.08426472158766,55.48900923608854],[-98.08126166981906,55.454926453662054],[-98.07538419951908,55.45508588283108],[-98.07288432091056,55.394722647996346],[-97.9805782074593,55.39613607558785],[-97.94821607262716,55.406964623380986],[-97.94583972914059,55.41560671831544],[-97.91486300022976,55.428697257150425],[-97.91721059705651,55.28609224174665],[-97.5370747401459,55.28565812602136],[-97.45549197713409,55.285204883069035],[-97.45289357086064,55.19568742874964],[-97.45158080589417,55.025622924682715],[-97.32770994258965,55.02547842126591],[-96.99999999581377,55.025862156025916],[-96.80413067799414,55.02562837920787],[-96.70822548227034,55.024355027846845],[-96.43338877080477,55.024332519088965],[-96.16367293717559,55.02377363265245],[-95.78705926875541,55.02639999771327],[-95.49908954473248,55.02628862894976],[-95.29532373747152,55.02689426161936],[-95.00010034828934,55.02490588083997],[-95.00010073939416,55.17590669534179],[-95.00010117464537,55.33469314776253],[-95.0001017863019,55.549306374105214],[-95.00010214433733,55.68288009508927],[-95.00010265251984,55.866529612203585],[-95.00010305763051,56.01291669980812],[-95.00010376643125,56.25000012146895],[-95.00010398227623,56.33499942460257],[-95.04317099474466,56.33503024149762],[-95.19579146992965,56.336814979748006],[-95.49999997877248,56.33884999264435],[-95.8651385557849,56.33973444810471],[-96.0868530766656,56.33970340432633],[-96.07960160924549,56.28546338804536],[-96.08538151107105,56.26533196357914],[-96.05913688678334,56.25820775962236],[-96.04251194556294,56.26293043748593],[-96.02106501192984,56.273306596213196],[-96.00011412915971,56.27945797398997],[-95.99904383160253,56.24342297063193],[-96.0795207438478,56.24369725431158],[-96.0865909868109,56.24055987459728],[-96.13094188133651,56.24037097740842],[-96.16737302911581,56.245150463009914],[-96.18870734315537,56.24529358833232],[-96.18946704268042,56.23597573219947],[-96.21058411545498,56.219483050712356],[-96.19817761921749,56.21225004330142],[-96.18377714940027,56.21372244955233],[-96.1846579447125,56.199160348012065],[-96.19505174830587,56.19626073343293],[-96.20773595678558,56.20167283800668],[-96.22051102745283,56.19956284627679],[-96.22377152378309,56.23978503709043],[-96.38268220111505,56.23568384419268],[-96.39703668158705,56.235325798424576],[-96.40894491054271,56.217197634466146],[-96.41622395205637,56.19020564069655],[-96.45385550105838,56.17143002634025],[-96.49672094991182,56.17546623334486],[-96.4999998288353,56.18251104647683],[-96.48136751726332,56.191340740657836],[-96.48987182576982,56.1997329512249],[-96.5037925117134,56.20171733771155],[-96.52982861006772,56.19504434061245],[-96.53583882787126,56.19957325516699],[-96.50547561370036,56.21186955201722],[-96.48286003582996,56.21639895112753],[-96.4786098331319,56.20616945915522],[-96.46133125115817,56.20465653498505],[-96.44253322336311,56.207870955737796],[-96.44587592417842,56.19894003538186],[-96.4371908518812,56.19638683961385],[-96.41588381786875,56.199821247371275],[-96.41019691877625,56.21752184426513],[-96.42540714156262,56.21586374941221],[-96.43247231857079,56.223093837098745],[-96.40409833134566,56.23454835577797],[-96.38846033576546,56.236034335825344],[-96.36915474583644,56.24291585093767],[-96.36910691132336,56.24722323476071],[-96.34986385316978,56.25253965787392],[-96.3319924362037,56.263328337073276],[-96.2493165404336,56.29114134777132],[-96.22963593108072,56.294082132994426],[-96.19295193319631,56.30567443595001],[-96.18122094265865,56.30314214232039],[-96.16486754412917,56.31366883542701],[-96.14516832136214,56.31917585560121],[-96.13836083142492,56.33255104623422],[-96.14636118240402,56.33962199058671],[-96.15666128593114,56.339604709810345],[-96.16362654781452,56.33519914814014],[-96.17217221382613,56.339577063502595]],[[-97.85826923511958,55.45889344080517],[-97.87404921857234,55.45904105959634],[-97.87304199808148,55.4636240717358],[-97.85826923511958,55.45889344080517]],[[-96.12995039469868,56.067214113014465],[-96.16026646176051,56.066794526951604],[-96.12971331767625,56.08078644359264],[-96.09036204155352,56.07795783464528],[-96.06352673911694,56.07295736026091],[-96.12975334886774,56.070956216136466],[-96.12995039469868,56.067214113014465]],[[-96.14644373093805,56.09413115681338],[-96.16232041407258,56.097976727143035],[-96.07290249731086,56.097718688138436],[-96.07112852585769,56.08330318967174],[-96.04247014233283,56.08432993756742],[-96.04335234262147,56.06783403491227],[-96.06433542007653,56.07868175711837],[-96.08132084981436,56.07912733490815],[-96.10142184840123,56.086342050559416],[-96.14644373093805,56.09413115681338]],[[-95.61808140992454,56.08704064013106],[-95.6028432585143,56.08994427483345],[-95.58109201083907,56.084980444970476],[-95.56740250869626,56.074598868810774],[-95.56723262215985,56.058187143562016],[-95.58895961412628,56.055392235500776],[-95.59339352248698,56.051343642027675],[-95.61386787887396,56.048914404953734],[-95.63687126348572,56.0538816400749],[-95.64551984646324,56.060334833384836],[-95.62075662291693,56.065419652481644],[-95.6226516660987,56.08243035516884],[-95.61808140992454,56.08704064013106]]]},"properties":{"DAUID":"46220083","DGUID":"2021S051246220083","LANDAREA":20556.335,"PRUID":"46","Province":"MB"}},
{"type":"Feature","geometry":{"type":"Polygon","coordinates":[[[-96.12995039469868,56.067214113014465],[-96.12975334886774,56.070956216136466],[-96.06352673911694,56.07295736026091],[-96.09036204155352,56.07795783464528],[-96.12971331767625,56.08078644359264],[-96.16026646176051,56.066794526951604],[-96.12995039469868,56.067214113014465]]]},"properties":{"DAUID":"46220084","DGUID":"2021S051246220084","LANDAREA":4.931,"PRUID":"46","Province":"MB"}},
{"type":"Feature","geometry":{"type":"Polygon","coordinates":[[[-96.14644373093805,56.09413115681338],[-96.10142184840123,56.086342050559416],[-96.08132084981436,56.07912733490815],[-96.06433542007653,56.07868175711837],[-96.04335234262147,56.06783403491227],[-96.04247014233283,56.08432993756742],[-96.07112852585769,56.08330318967174],[-96.07290249731086,56.097718688138436],[-96.16232041407258,56.097976727143035],[-96.14644373093805,56.09413115681338]]]},"properties":{"DAUID":"46220085","DGUID":"2021S051246220085","LANDAREA":8.39,"PRUID":"46","Province":"MB"}},
{"type":"Feature","geometry":{"type":"Polygon","coordinates":[[[-97.85826923511958,55.45889344080517],[-97.87304199808148,55.4636240717358],[-97.87404921857234,55.45904105959634],[-97.85826923511958,55.45889344080517]]]},"properties":{"DAUID":"46220086","DGUID":"2021S051246220086","LANDAREA":0.2552,"PRUID":"46","Province":"MB"}},
{"type":"Feature","geometry":{"type":"Polygon","coordinates":[[[-96.07960160924549,56.28546338804536],[-96.13399688104984,56.272335201597485],[-96.20620509197093,56.26908809151763],[-96.23162280208817,56.26383490386399],[-96.33164430763351,56.254815286739095],[-96.38268220111505,56.23568384419268],[-96.22377152378309,56.23978503709043],[-96.22051102745283,56.19956284627679],[-96.20773595678558,56.20167283800668],[-96.19505174830587,56.19626073343293],[-96.1846579447125,56.199160348012065],[-96.18377714940027,56.21372244955233],[-96.19817761921749,56.21225004330142],[-96.21058411545498,56.219483050712356],[-96.18946704268042,56.23597573219947],[-96.18870734315537,56.24529358833232],[-96.16737302911581,56.245150463009914],[-96.13094188133651,56.24037097740842],[-96.0865909868109,56.24055987459728],[-96.0795207438478,56.24369725431158],[-95.99904383160253,56.24342297063193],[-96.00011412915971,56.27945797398997],[-96.02106501192984,56.273306596213196],[-96.04251194556294,56.26293043748593],[-96.05913688678334,56.25820775962236],[-96.08538151107105,56.26533196357914],[-96.07960160924549,56.28546338804536]]]},"properties":{"DAUID":"46220088","DGUID":"2021S051246220088","LANDAREA":50.8508,"PRUID":"46","Province":"MB"}},
{"type":"Feature","geometry":{"type":"Polygon","coordinates":[[[-96.38268220111505,56.23568384419268],[-96.33164430763351,56.254815286739095],[-96.23162280208817,56.26383490386399],[-96.20620509197093,56.26908809151763],[-96.13399688104984,56.272335201597485],[-96.07960160924549,56.28546338804536],[-96.0868530766656,56.33970340432633],[-96.14636118240402,56.33962199058671],[-96.13836083142492,56.33255104623422],[-96.14516832136214,56.31917585560121],[-96.16486754412917,56.31366883542701],[-96.18122094265865,56.30314214232039],[-96.19295193319631,56.30567443595001],[-96.22963593108072,56.294082132994426],[-96.2493165404336,56.29114134777132],[-96.3319924362037,56.263328337073276],[-96.34986385316978,56.25253965787392],[-96.36910691132336,56.24722323476071],[-96.36915474583644,56.24291585093767],[-96.38846033576546,56.236034335825344],[-96.40409833134566,56.23454835577797],[-96.43247231857079,56.223093837098745],[-96.42540714156262,56.21586374941221],[-96.41019691877625,56.21752184426513],[-96.41588381786875,56.199821247371275],[-96.4371908518812,56.19638683961385],[-96.44587592417842,56.19894003538186],[-96.44253322336311,56.207870955737796],[-96.46133125115817,56.20465653498505],[-96.4786098331319,56.20616945915522],[-96.48286003582996,56.21639895112753],[-96.50547561370036,56.21186955201722],[-96.53583882787126,56.19957325516699],[-96.52982861006772,56.19504434061245],[-96.5037925117134,56.20171733771155],[-96.48987182576982,56.1997329512249],[-96.48136751726332,56.191340740657836],[-96.4999998288353,56.18251104647683],[-96.49672094991182,56.17546623334486],[-96.45385550105838,56.17143002634025],[-96.41622395205637,56.19020564069655],[-96.40894491054271,56.217197634466146],[-96.39703668158705,56.235325798424576],[-96.38268220111505,56.23568384419268]]]},"properties":{"DAUID":"46220089","DGUID":"2021S051246220089","LANDAREA":78.5896,"PRUID":"46","Province":"MB"}},
{"type":"Feature","geometry":{"type":"Polygon","coordinates":[[[-98.00020103823358,55.924023740229316],[-98.013304356506,55.921658060783905],[-98.02235866851174,55.91072733940005],[-98.06896686087305,55.90049700070643],[-98.0864582437938,55.89168109992085],[-98.10984678963916,55.894721898975845],[-98.0658279981405,55.86420309430331],[-98.07313589369949,55.80112593687141],[-98.06644742400042,55.800866076964816],[-98.07144167546883,55.75158823463238],[-98.08509885011424,55.653575236181226],[-98.08995353213649,55.64281124609174],[-98.11909516163071,55.623487475280925],[-98.23963796089069,55.62221771791492],[-98.2393838288631,55.594353854949404],[-98.24175327739083,55.451202656223856],[-98.33115970803202,55.44974712421412],[-98.37823771946171,55.449719099478735],[-98.53474573689499,55.448099178898666],[-98.53629867460766,55.278861352094076],[-98.68943240337052,55.27808606925326],[-98.69213453184906,55.10632255097505],[-98.50634889909573,55.105879653846976],[-98.50712273699455,55.12309861436924],[-98.48115708537341,55.12311241231545],[-98.4765095202279,55.1055976837632],[-98.3371429284203,55.10450049952023],[-98.24005995509204,55.10457535704873],[-98.23932695938643,55.18937433898288],[-98.14688448753772,55.19169330983135],[-98.07742479015768,55.19250029331354],[-98.07642252482368,55.285558301375694],[-97.91721059705651,55.28609224174665],[-97.91486300022976,55.428697257150425],[-97.94583972914059,55.41560671831544],[-97.94821607262716,55.406964623380986],[-97.9805782074593,55.39613607558785],[-98.07288432091056,55.394722647996346],[-98.07538419951908,55.45508588283108],[-98.08126166981906,55.454926453662054],[-98.08426472158766,55.48900923608854],[-98.09919446803961,55.48861758953984],[-98.10648208894494,55.50996619163299],[-98.09477621988312,55.51496641085748],[-98.06045136672886,55.4982809215501],[-98.0411629996507,55.5000429415655],[-97.98865160379138,55.5311806992159],[-97.91690454213824,55.53198170095476],[-97.91631320343473,55.56187723739006],[-97.77074246931957,55.56274118838749],[-97.77140583852751,55.52218102202797],[-97.79767564988796,55.50004303201876],[-97.853407205659,55.45914235637468],[-97.60757855217173,55.45886046652505],[-97.60590745233561,55.41686389126268],[-97.37601434325614,55.416587462105845],[-97.37472915930735,55.42694726943489],[-97.37651473109462,55.544416016042774],[-97.45405283080378,55.543840291921065],[-97.45499720906292,55.65030544638918],[-97.45229721954868,55.80575421471754],[-97.45019151506769,55.92042006439738],[-97.4169229851523,55.931749099824835],[-97.37494627132551,55.93726377686169],[-97.2931033596672,55.959434208709254],[-97.27608495392771,55.960259244776715],[-97.24603600590368,55.96925039564268],[-97.221396196839,55.97462030129958],[-97.22498670919855,55.98273274746156],[-97.28937481867398,55.9828353275379],[-97.49999998270128,55.98414696294996],[-97.80161626457287,55.98512382852642],[-97.80909800959645,55.97055284964661],[-97.82542514308294,55.959065742147125],[-97.84357522364392,55.95435469261399],[-97.88967987295003,55.950767945803044],[-97.90128451814991,55.934150101132694],[-97.91600995880532,55.9271360526669],[-97.9415229571802,55.922085801006],[-97.95067687780515,55.92458453663623],[-97.98023189063704,55.92570239460362],[-98.00020103823358,55.924023740229316]],[[-97.82988661280837,55.7382572928257],[-97.82390990558763,55.74368171039563],[-97.82158709541747,55.74199710452584],[-97.82988661280837,55.7382572928257]],[[-97.89181582951352,55.75446227244144],[-97.8772514729444,55.759240919158756],[-97.85873351365753,55.75916991864888],[-97.83825071774771,55.776334633279916],[-97.81148799086576,55.79228956966517],[-97.79047149437845,55.78501332026855],[-97.80426002712511,55.76836033961281],[-97.83214597888065,55.75039461881656],[-97.8269002767616,55.744352350630464],[-97.83787801346693,55.7395030863304],[-97.84807203581182,55.733203832436715],[-97.85835500930108,55.73151610300261],[-97.86155780271733,55.73199509224422],[-97.86869490432602,55.72568831053177],[-97.88863014281259,55.733496178746314],[-97.8901455501279,55.74119103862178],[-97.86337260810957,55.73270829743727],[-97.86514742376725,55.733371709449884],[-97.87386827913504,55.73668210333805],[-97.87600811452151,55.73747310048552],[-97.8829299259341,55.73954344801103],[-97.89220592198744,55.74350770874316],[-97.89181582951352,55.75446227244144]]]},"properties":{"DAUID":"46220090","DGUID":"2021S051246220090","LANDAREA":3351.1131,"PRUID":"46","Province":"MB"}},
{"type":"Feature","geometry":{"type":"Polygon","coordinates":[[[-97.82988661280837,55.7382572928257],[-97.82158709541747,55.74199710452584],[-97.82390990558763,55.74368171039563],[-97.82988661280837,55.7382572928257]]]},"properties":{"DAUID":"46220091","DGUID":"2021S051246220091","LANDAREA":0.1661,"PRUID":"46","Province":"MB"}},
{"type":"Feature","geometry":{"type":"Polygon","coordinates":[[[-97.84807203581182,55.733203832436715],[-97.85025188050696,55.73467550243725],[-97.85570999325988,55.733198809494446],[-97.85835500930108,55.73151610300261],[-97.84807203581182,55.733203832436715]]]},"properties":{"DAUID":"46220092","DGUID":"2021S051246220092","LANDAREA":0.1547,"PRUID":"46","Province":"MB"}},
{"type":"Feature","geometry":{"type":"Polygon","coordinates":[[[-97.85025188050696,55.73467550243725],[-97.8416575910565,55.74092991003797],[-97.85309848287915,55.73481889008209],[-97.85570999325988,55.733198809494446],[-97.85025188050696,55.73467550243725]]]},"properties":{"DAUID":"46220093","DGUID":"2021S051246220093","LANDAREA":0.2257,"PRUID":"46","Province":"MB"}},
{"type":"Feature","geometry":{"type":"Polygon","coordinates":[[[-97.83787801346693,55.7395030863304],[-97.8402564187564,55.7403774955067],[-97.8416575910565,55.74092991003797],[-97.85025188050696,55.73467550243725],[-97.84807203581182,55.733203832436715],[-97.83787801346693,55.7395030863304]]]},"properties":{"DAUID":"46220094","DGUID":"2021S051246220094","LANDAREA":0.2045,"PRUID":"46","Province":"MB"}},
{"type":"Feature","geometry":{"type":"Polygon","coordinates":[[[-97.8402564187564,55.7403774955067],[-97.83594757770577,55.743859299414694],[-97.83933888625741,55.74384039399884],[-97.8416575910565,55.74092991003797],[-97.8402564187564,55.7403774955067]]]},"properties":{"DAUID":"46220095","DGUID":"2021S051246220095","LANDAREA":0.1027,"PRUID":"46","Province":"MB"}},
{"type":"Feature","geometry":{"type":"Polygon","coordinates":[[[-97.8416575910565,55.74092991003797],[-97.83933888625741,55.74384039399884],[-97.84103359328584,55.74424879213337],[-97.8506626845722,55.74508509099445],[-97.85136981889231,55.74378869031606],[-97.85492738803313,55.737044610469155],[-97.85309848287915,55.73481889008209],[-97.8416575910565,55.74092991003797]]]},"properties":{"DAUID":"46220096","DGUID":"2021S051246220096","LANDAREA":0.513,"PRUID":"46","Province":"MB"}},
{"type":"Feature","geometry":{"type":"Polygon","coordinates":[[[-97.83594757770577,55.743859299414694],[-97.84103359328584,55.74424879213337],[-97.83933888625741,55.74384039399884],[-97.83594757770577,55.743859299414694]]]},"properties":{"DAUID":"46220097","DGUID":"2021S051246220097","LANDAREA":0.14,"PRUID":"46","Province":"MB"}},
{"type":"Feature","geometry":{"type":"Polygon","coordinates":[[[-97.83825071774771,55.776334633279916],[-97.83016411847669,55.76304320541856],[-97.8506626845722,55.74508509099445],[-97.84103359328584,55.74424879213337],[-97.83594757770577,55.743859299414694],[-97.8402564187564,55.7403774955067],[-97.83787801346693,55.7395030863304],[-97.8269002767616,55.744352350630464],[-97.83214597888065,55.75039461881656],[-97.80426002712511,55.76836033961281],[-97.79047149437845,55.78501332026855],[-97.81148799086576,55.79228956966517],[-97.83825071774771,55.776334633279916]]]},"properties":{"DAUID":"46220098","DGUID":"2021S051246220098","LANDAREA":5.5864,"PRUID":"46","Province":"MB"}},
{"type":"Feature","geometry":{"type":"Polygon","coordinates":[[[-97.89181582951352,55.75446227244144],[-97.86793011061776,55.750609903424824],[-97.85564430088571,55.749962697776475],[-97.85465208929918,55.745940104593345],[-97.85583699039948,55.74389480534217],[-97.85136981889231,55.74378869031606],[-97.8506626845722,55.74508509099445],[-97.83016411847669,55.76304320541856],[-97.83825071774771,55.776334633279916],[-97.85873351365753,55.75916991864888],[-97.8772514729444,55.759240919158756],[-97.89181582951352,55.75446227244144]]]},"properties":{"DAUID":"46220099","DGUID":"2021S051246220099","LANDAREA":3.486,"PRUID":"46","Province":"MB"}},
{"type":"Feature","geometry":{"type":"Polygon","coordinates":[[[-97.85564430088571,55.749962697776475],[-97.85842549294182,55.74655929743978],[-97.85465208929918,55.745940104593345],[-97.85564430088571,55.749962697776475]]]},"properties":{"DAUID":"46220100","DGUID":"2021S051246220100","LANDAREA":0.1615,"PRUID":"46","Province":"MB"}},
{"type":"Feature","geometry":{"type":"Polygon","coordinates":[[[-97.85465208929918,55.745940104593345],[-97.85842549294182,55.74655929743978],[-97.85564430088571,55.749962697776475],[-97.86793011061776,55.750609903424824],[-97.87054069714334,55.74761319460318],[-97.87187431160538,55.74698509668069],[-97.86149747913363,55.74227450777094],[-97.85994660036552,55.74192759777853],[-97.85583699039948,55.74389480534217],[-97.85465208929918,55.745940104593345]]]},"properties":{"DAUID":"46220101","DGUID":"2021S051246220101","LANDAREA":0.7034,"PRUID":"46","Province":"MB"}},
{"type":"Feature","geometry":{"type":"Polygon","coordinates":[[[-97.85136981889231,55.74378869031606],[-97.85583699039948,55.74389480534217],[-97.85994660036552,55.74192759777853],[-97.86125829869232,55.73667988836012],[-97.85492738803313,55.737044610469155],[-97.85136981889231,55.74378869031606]]]},"properties":{"DAUID":"46220102","DGUID":"2021S051246220102","LANDAREA":0.3326,"PRUID":"46","Province":"MB"}},
{"type":"Feature","geometry":{"type":"Polygon","coordinates":[[[-97.86149747913363,55.74227450777094],[-97.87006289690262,55.741329196529584],[-97.8709363081545,55.74086989332102],[-97.8665726079791,55.738098004881905],[-97.86125829869232,55.73667988836012],[-97.85994660036552,55.74192759777853],[-97.86149747913363,55.74227450777094]]]},"properties":{"DAUID":"46220103","DGUID":"2021S051246220103","LANDAREA":0.2104,"PRUID":"46","Province":"MB"}},
{"type":"Feature","geometry":{"type":"Polygon","coordinates":[[[-97.87187431160538,55.74698509668069],[-97.87343199720083,55.744918591688965],[-97.87006289690262,55.741329196529584],[-97.86149747913363,55.74227450777094],[-97.87187431160538,55.74698509668069]]]},"properties":{"DAUID":"46220104","DGUID":"2021S051246220104","LANDAREA":0.3209,"PRUID":"46","Province":"MB"}},
{"type":"Feature","geometry":{"type":"Polygon","coordinates":[[[-97.87006289690262,55.741329196529584],[-97.87343199720083,55.744918591688965],[-97.8781917880178,55.74503399234835],[-97.87899639528467,55.743639502608445],[-97.8709363081545,55.74086989332102],[-97.87006289690262,55.741329196529584]]]},"properties":{"DAUID":"46220105","DGUID":"2021S051246220105","LANDAREA":0.1609,"PRUID":"46","Province":"MB"}},
{"type":"Feature","geometry":{"type":"Polygon","coordinates":[[[-97.87899639528467,55.743639502608445],[-97.87991968553683,55.742645005604565],[-97.88157268505275,55.740899997924735],[-97.8737174871442,55.73943069651776],[-97.8709363081545,55.74086989332102],[-97.87899639528467,55.743639502608445]]]},"properties":{"DAUID":"46220106","DGUID":"2021S051246220106","LANDAREA":0.1563,"PRUID":"46","Province":"MB"}},
{"type":"Feature","geometry":{"type":"Polygon","coordinates":[[[-97.87600811452151,55.73747310048552],[-97.8737174871442,55.73943069651776],[-97.88157268505275,55.740899997924735],[-97.8829299259341,55.73954344801103],[-97.87600811452151,55.73747310048552]]]},"properties":{"DAUID":"46220107","DGUID":"2021S051246220107","LANDAREA":0.1176,"PRUID":"46","Province":"MB"}},
{"type":"Feature","geometry":{"type":"Polygon","coordinates":[[[-97.8829299259341,55.73954344801103],[-97.88157268505275,55.740899997924735],[-97.87991968553683,55.742645005604565],[-97.88856961463397,55.74560189283294],[-97.89220592198744,55.74350770874316],[-97.8829299259341,55.73954344801103]]]},"properties":{"DAUID":"46220108","DGUID":"2021S051246220108","LANDAREA":0.2341,"PRUID":"46","Province":"MB"}},
{"type":"Feature","geometry":{"type":"Polygon","coordinates":[[[-97.8781917880178,55.74503399234835],[-97.883439287993,55.74759778984621],[-97.88856961463397,55.74560189283294],[-97.87991968553683,55.742645005604565],[-97.87899639528467,55.743639502608445],[-97.8781917880178,55.74503399234835]]]},"properties":{"DAUID":"46220109","DGUID":"2021S051246220109","LANDAREA":0.2061,"PRUID":"46","Province":"MB"}},
{"type":"Feature","geometry":{"type":"Polygon","coordinates":[[[-97.87054069714334,55.74761319460318],[-97.87668988306687,55.75044830878469],[-97.88329388644169,55.74856720448475],[-97.883439287993,55.74759778984621],[-97.8781917880178,55.74503399234835],[-97.87343199720083,55.744918591688965],[-97.87187431160538,55.74698509668069],[-97.87054069714334,55.74761319460318]]]},"properties":{"DAUID":"46220110","DGUID":"2021S051246220110","LANDAREA":0.2676,"PRUID":"46","Province":"MB"}},
{"type":"Feature","geometry":{"type":"Polygon","coordinates":[[[-97.87668988306687,55.75044830878469],[-97.88037952105469,55.752567000236965],[-97.88473248624068,55.751539405687566],[-97.88329388644169,55.74856720448475],[-97.87668988306687,55.75044830878469]]]},"properties":{"DAUID":"46220111","DGUID":"2021S051246220111","LANDAREA":0.1572,"PRUID":"46","Province":"MB"}},
{"type":"Feature","geometry":{"type":"Polygon","coordinates":[[[-97.89220592198744,55.74350770874316],[-97.88856961463397,55.74560189283294],[-97.883439287993,55.74759778984621],[-97.88329388644169,55.74856720448475],[-97.88473248624068,55.751539405687566],[-97.88037952105469,55.752567000236965],[-97.87668988306687,55.75044830878469],[-97.87054069714334,55.74761319460318],[-97.86793011061776,55.750609903424824],[-97.89181582951352,55.75446227244144],[-97.89220592198744,55.74350770874316]]]},"properties":{"DAUID":"46220112","DGUID":"2021S051246220112","LANDAREA":0.9297,"PRUID":"46","Province":"MB"}},
{"type":"Feature","geometry":{"type":"Polygon","coordinates":[[[-97.87386827913504,55.73668210333805],[-97.86865818514957,55.73684109307108],[-97.8665726079791,55.738098004881905],[-97.8709363081545,55.74086989332102],[-97.8737174871442,55.73943069651776],[-97.87600811452151,55.73747310048552],[-97.87386827913504,55.73668210333805]]]},"properties":{"DAUID":"46220113","DGUID":"2021S051246220113","LANDAREA":0.1443,"PRUID":"46","Province":"MB"}},
{"type":"Feature","geometry":{"type":"Polygon","coordinates":[[[-97.86514742376725,55.733371709449884],[-97.8644619029063,55.73620359636516],[-97.86865818514957,55.73684109307108],[-97.87386827913504,55.73668210333805],[-97.86514742376725,55.733371709449884]]]},"properties":{"DAUID":"46220114","DGUID":"2021S051246220114","LANDAREA":0.1601,"PRUID":"46","Province":"MB"}},
{"type":"Feature","geometry":{"type":"Polygon","coordinates":[[[-97.85309848287915,55.73481889008209],[-97.85492738803313,55.737044610469155],[-97.86125829869232,55.73667988836012],[-97.8665726079791,55.738098004881905],[-97.86865818514957,55.73684109307108],[-97.8644619029063,55.73620359636516],[-97.85570999325988,55.733198809494446],[-97.85309848287915,55.73481889008209]]]},"properties":{"DAUID":"46220115","DGUID":"2021S051246220115","LANDAREA":0.189,"PRUID":"46","Province":"MB"}},
{"type":"Feature","geometry":{"type":"Polygon","coordinates":[[[-97.86337260810957,55.73270829743727],[-97.86155780271733,55.73199509224422],[-97.85835500930108,55.73151610300261],[-97.85570999325988,55.733198809494446],[-97.8644619029063,55.73620359636516],[-97.86514742376725,55.733371709449884],[-97.86337260810957,55.73270829743727]]]},"properties":{"DAUID":"46220116","DGUID":"2021S051246220116","LANDAREA":0.1654,"PRUID":"46","Province":"MB"}},
{"type":"Feature","geometry":{"type":"Polygon","coordinates":[[[-97.86155780271733,55.73199509224422],[-97.86337260810957,55.73270829743727],[-97.8901455501279,55.74119103862178],[-97.88863014281259,55.733496178746314],[-97.86869490432602,55.72568831053177],[-97.86155780271733,55.73199509224422]]]},"properties":{"DAUID":"46220117","DGUID":"2021S051246220117","LANDAREA":1.4235,"PRUID":"46","Province":"MB"}},
{"type":"Feature","geometry":{"type":"Polygon","coordinates":[[[-98.92265585061749,55.76878045524858],[-98.96161648057668,55.76172844386412],[-98.96658944055609,55.72822525839599],[-98.95309034654233,55.734084458920776],[-98.92037235330652,55.735265253977566],[-98.91000333882369,55.760986754784874],[-98.92265585061749,55.76878045524858]]]},"properties":{"DAUID":"46220119","DGUID":"2021S051246220119","LANDAREA":10.256,"PRUID":"46","Province":"MB"}},
{"type":"Feature","geometry":{"type":"Polygon","coordinates":[[[-98.83629116374894,55.781193506286435],[-98.85725554656295,55.77282974100936],[-98.8724018359842,55.772999456269474],[-98.8771731517866,55.76798374891512],[-98.9026471371531,55.770651356369534],[-98.907392749329,55.76379725716454],[-98.90312682664758,55.750226140397395],[-98.91374923802277,55.7436643439468],[-98.89878482665598,55.7347284377603],[-98.88360141441726,55.71819028741411],[-98.83370990010944,55.71822916633985],[-98.83629116374894,55.781193506286435]]]},"properties":{"DAUID":"46220120","DGUID":"2021S051246220120","LANDAREA":23.858,"PRUID":"46","Province":"MB"}},
{"type":"Feature","geometry":{"type":"Polygon","coordinates":[[[-98.81920631820024,55.799672387314445],[-98.82397214520815,55.80190196393774],[-98.82460387229385,55.799130896852574],[-98.81920631820024,55.799672387314445]]]},"properties":{"DAUID":"46220121","DGUID":"2021S051246220121","LANDAREA":0.0912,"PRUID":"46","Province":"MB"}},
{"type":"Feature","geometry":{"type":"Polygon","coordinates":[[[-98.90101967887769,55.787600909203555],[-98.90193611178026,55.7846184952138],[-98.89458970044014,55.782986099378434],[-98.89468809437957,55.78786518989051],[-98.90101967887769,55.787600909203555]]]},"properties":{"DAUID":"46220124","DGUID":"2021S051246220124","LANDAREA":0.354,"PRUID":"46","Province":"MB"}},
{"type":"Feature","geometry":{"type":"Polygon","coordinates":[[[-97.83488197580841,53.96388501200976],[-97.83526240688774,53.96549496171586],[-97.84870169941446,53.96505414163247],[-97.8477937238433,53.962774550107135],[-97.83488197580841,53.96388501200976]]]},"properties":{"DAUID":"46220128","DGUID":"2021S051246220128","LANDAREA":0.2168,"PRUID":"46","Province":"MB"}},
{"type":"Feature","geometry":{"type":"Polygon","coordinates":[[[-97.86639853061794,53.996907547432066],[-97.87048209663463,53.99146172572309],[-97.86195796250216,53.991594431485055],[-97.86639853061794,53.996907547432066]]]},"properties":{"DAUID":"46220130","DGUID":"2021S051246220130","LANDAREA":0.3446,"PRUID":"46","Province":"MB"}},
{"type":"Feature","geometry":{"type":"Polygon","coordinates":[[[-97.90840802260074,53.925369682416076],[-97.91238799933785,53.92973617259301],[-97.92226991329761,53.92764788944029],[-97.92800785200356,53.92191094784427],[-97.90840802260074,53.925369682416076]]]},"properties":{"DAUID":"46220131","DGUID":"2021S051246220131","LANDAREA":0.858,"PRUID":"46","Province":"MB"}},
{"type":"Feature","geometry":{"type":"Polygon","coordinates":[[[-97.85764706782295,53.94648133652408],[-97.85917190320367,53.94893456296013],[-97.86039162213551,53.94843489628201],[-97.85764706782295,53.94648133652408]]]},"properties":{"DAUID":"46220132","DGUID":"2021S051246220132","LANDAREA":0.0278,"PRUID":"46","Province":"MB"}},
{"type":"Feature","geometry":{"type":"Polygon","coordinates":[[[-97.87118474410615,53.939310747187605],[-97.904211003877,53.93306596967464],[-97.89893999125135,53.92787619984343],[-97.87118474410615,53.939310747187605]]]},"properties":{"DAUID":"46220133","DGUID":"2021S051246220133","LANDAREA":1.4938,"PRUID":"46","Province":"MB"}},
{"type":"Feature","geometry":{"type":"Polygon","coordinates":[[[-97.85993779797488,53.944899421295],[-97.86131868068445,53.945699264343496],[-97.86267495263759,53.94494249128484],[-97.8611083027665,53.94398921753242],[-97.85993779797488,53.944899421295]]]},"properties":{"DAUID":"46220134","DGUID":"2021S051246220134","LANDAREA":0.0176,"PRUID":"46","Province":"MB"}},
{"type":"Feature","geometry":{"type":"Polygon","coordinates":[[[-97.69889668496133,54.079596633187194],[-97.71776630730577,54.06731931262974],[-97.72267469572569,54.06074699692038],[-97.71165108104708,54.05407679686727],[-97.71726200305747,54.04401559892636],[-97.71482549787387,54.03586400305985],[-97.73279569531901,54.02188869628478],[-97.75163298450649,54.021357710596874],[-97.75023282125298,54.01154570153683],[-97.76058520425119,54.00057899931831],[-97.78232549524238,53.983875712216204],[-97.78541990596298,53.97868470311522],[-97.75453400693976,53.95742615594522],[-97.74224296445765,53.95282873738477],[-97.7435667385681,54.00758780067282],[-97.71498207550269,54.008112488276424],[-97.71579942161347,54.02163961837081],[-97.69811343331946,54.02214424661404],[-97.69889668496133,54.079596633187194]]]},"properties":{"DAUID":"46220136","DGUID":"2021S051246220136","LANDAREA":21.1339,"PRUID":"46","Province":"MB"}},
{"type":"Feature","geometry":{"type":"Polygon","coordinates":[[[-97.78541990596298,53.97868470311522],[-97.78749887893487,53.979066427143366],[-97.79022973811858,53.9740828396527],[-97.81336106865014,53.962639245888944],[-97.83113255878203,53.95777665343408],[-97.8459380338056,53.948610435210796],[-97.86679254683197,53.93961973903661],[-97.87801573858911,53.92919144572791],[-97.8680605743679,53.919486658820475],[-97.87012547127313,53.91300979786533],[-97.83726245824528,53.91344720324517],[-97.831393999781,53.92203638825761],[-97.78359007308212,53.9224340746513],[-97.78474306089677,53.943109366682954],[-97.74187528478025,53.944374826309186],[-97.74224296445765,53.95282873738477],[-97.75453400693976,53.95742615594522],[-97.78541990596298,53.97868470311522]]]},"properties":{"DAUID":"46220137","DGUID":"2021S051246220137","LANDAREA":30.0965,"PRUID":"46","Province":"MB"}},
{"type":"Feature","geometry":{"type":"Polygon","coordinates":[[[-97.72664380166842,54.559784455391195],[-97.72377230392311,54.56154289513749],[-97.72170043949198,54.58670614202667],[-97.75526308356767,54.585341729223664],[-97.78245883938163,54.58625504589505],[-97.78273615803381,54.57885004058611],[-97.77193515579518,54.574381555777464],[-97.75745793369234,54.57635864714699],[-97.7470898483949,54.5619800327412],[-97.72664380166842,54.559784455391195]]]},"properties":{"DAUID":"46220138","DGUID":"2021S051246220138","LANDAREA":7.2247,"PRUID":"46","Province":"MB"}},
{"type":"Feature","geometry":{"type":"Polygon","coordinates":[[[-97.75526308356767,54.585341729223664],[-97.7562402493157,54.58840198880222],[-97.76452696642458,54.59920734065919],[-97.77771963422971,54.594505934759766],[-97.78245883938163,54.58625504589505],[-97.75526308356767,54.585341729223664]]]},"properties":{"DAUID":"46220139","DGUID":"2021S051246220139","LANDAREA":1.3187,"PRUID":"46","Province":"MB"}},
{"type":"Feature","geometry":{"type":"Polygon","coordinates":[[[-97.7562402493157,54.58840198880222],[-97.74061428002025,54.588786723920826],[-97.74057491469512,54.59764755605527],[-97.74070422577051,54.61078243532396],[-97.76452696642458,54.59920734065919],[-97.7562402493157,54.58840198880222]]]},"properties":{"DAUID":"46220140","DGUID":"2021S051246220140","LANDAREA":2.6142,"PRUID":"46","Province":"MB"}},
{"type":"Feature","geometry":{"type":"Polygon","coordinates":[[[-94.87628553397519,53.97563412753007],[-94.88142474812874,53.96727384089539],[-94.83881444758876,53.95588443037533],[-94.8337351600401,53.96291834084941],[-94.86356294686806,53.96780074253737],[-94.87628553397519,53.97563412753007]]]},"properties":{"DAUID":"46220144","DGUID":"2021S051246220144","LANDAREA":3.9275,"PRUID":"46","Province":"MB"}},
{"type":"Feature","geometry":{"type":"Polygon","coordinates":[[[-94.49471683771763,54.553902933986954],[-94.50520104372728,54.54891103394241],[-94.52035139107885,54.55086293537179],[-94.61884715776274,54.55090994425765],[-94.61330820424605,54.53940671066002],[-94.61344162664342,54.52438609561006],[-94.73323539588299,54.52479734435847],[-94.7681389212623,54.514930632636165],[-94.76855014271223,54.49062957107255],[-94.73044456123966,54.49026348466036],[-94.72512481790982,54.50317734609515],[-94.71339545834202,54.512137344894775],[-94.68762275709062,54.520819248031806],[-94.66833113318536,54.52266474446074],[-94.65048551573382,54.51270424044731],[-94.6082692259509,54.512341636718496],[-94.57688671952116,54.518571848419455],[-94.57443162353668,54.528366840814044],[-94.556857228256,54.53569633299981],[-94.52841533498669,54.53237615338691],[-94.52881355768322,54.53814924458339],[-94.5055475520176,54.543003930094784],[-94.49471683771763,54.553902933986954]]]},"properties":{"DAUID":"46220147","DGUID":"2021S051246220147","LANDAREA":31.6455,"PRUID":"46","Province":"MB"}},
{"type":"Feature","geometry":{"type":"Polygon","coordinates":[[[-97.7555875443142,54.610008056455484],[-97.76202341601642,54.60854894472276],[-97.76795202604043,54.605437238259434],[-97.77712405058644,54.60327494487988],[-97.77425305677025,54.601460954325745],[-97.76573713348274,54.60462475549588],[-97.7555875443142,54.610008056455484]]]},"properties":{"DAUID":"46220148","DGUID":"2021S051246220148","LANDAREA":0.3017,"PRUID":"46","Province":"MB"}},
{"type":"Feature","geometry":{"type":"Polygon","coordinates":[[[-97.7452000973109,54.647702233704855],[-97.74450743420978,54.67462863209067],[-97.78218664294887,54.648124132757985],[-97.77828996136746,54.64112287791122],[-97.76354343357205,54.64006971005957],[-97.74538552714633,54.640338766643],[-97.7452000973109,54.647702233704855]]]},"properties":{"DAUID":"46220150","DGUID":"2021S051246220150","LANDAREA":6.048,"PRUID":"46","Province":"MB"}},
{"type":"Feature","geometry":{"type":"Polygon","coordinates":[[[-97.78063350563255,54.605777049640366],[-97.7949525744865,54.615849324032624],[-97.80850875110836,54.607166693971195],[-97.81550829739517,54.58948424496898],[-97.79512265062337,54.59443834833592],[-97.78063350563255,54.605777049640366]]]},"properties":{"DAUID":"46220151","DGUID":"2021S051246220151","LANDAREA":2.2761,"PRUID":"46","Province":"MB"}},
{"type":"Feature","geometry":{"type":"Polygon","coordinates":[[[-97.78063350563255,54.605777049640366],[-97.78803206395656,54.61809624111692],[-97.78836415737995,54.62729033757684],[-97.80886526488861,54.63391833514877],[-97.8203861642299,54.642761435288755],[-97.84167096608985,54.62884184936496],[-97.85585855482766,54.625148751142326],[-97.86067424145115,54.61622305444725],[-97.87621185461732,54.604635357291166],[-97.88063125051059,54.596790749284324],[-97.86863613228547,54.59037555358029],[-97.85262762443968,54.59480453936963],[-97.83428376945896,54.589201155173214],[-97.81550829739517,54.58948424496898],[-97.80850875110836,54.607166693971195],[-97.7949525744865,54.615849324032624],[-97.78063350563255,54.605777049640366]]]},"properties":{"DAUID":"46220152","DGUID":"2021S051246220152","LANDAREA":20.906,"PRUID":"46","Province":"MB"}},
{"type":"Feature","geometry":{"type":"Polygon","coordinates":[[[-95.30147266731622,54.93692830505413],[-95.31939422865975,54.931448631183116],[-95.31798505646634,54.92111703208806],[-95.34313012076903,54.9127477359597],[-95.36201134562643,54.90345995331439],[-95.40050405942812,54.909295549109146],[-95.42859853910868,54.894616549185926],[-95.40972443430596,54.88983654393703],[-95.39677182580444,54.87276634090629],[-95.4141141281987,54.85106394472511],[-95.38697532889233,54.84842585416662],[-95.38357003244722,54.84284524337665],[-95.36591905332077,54.838191436189646],[-95.35404524021807,54.841873144057494],[-95.34408312537994,54.83317295262901],[-95.34976365268687,54.82028644757388],[-95.33271054173197,54.82033765223337],[-95.33292481737239,54.84596164003415],[-95.34794893921365,54.84588929867233],[-95.34933549768849,54.882615046724965],[-95.34656851532453,54.90666773544435],[-95.27130288237932,54.90587006593074],[-95.27134046799884,54.910767369480396],[-95.28941609417981,54.93239370261004],[-95.30147266731622,54.93692830505413]]]},"properties":{"DAUID":"46220153","DGUID":"2021S051246220153","LANDAREA":37.9944,"PRUID":"46","Province":"MB"}},
{"type":"Feature","geometry":{"type":"Polygon","coordinates":[[[-94.99060341098577,53.841011979301214],[-94.98366225458265,53.85088954938932],[-94.95831875048125,53.85380444739381],[-94.930115526762,53.87261723456786],[-94.91075972307532,53.8708406380916],[-94.9046625421738,53.88693353821126],[-94.91392742488654,53.89766154421153],[-94.92229555531861,53.89593293532011],[-94.94228152921376,53.908811936710826],[-94.93747892306557,53.92306423034321],[-94.92343362642924,53.944379140344985],[-94.89810944211901,53.94370064001762],[-94.88963256182818,53.95213093376761],[-94.88038314120281,53.94904333841812],[-94.8438808380274,53.925480632026115],[-94.84155526011642,53.91191612908948],[-94.82004435228968,53.901444829474514],[-94.81421034252506,53.908603244536394],[-94.83146294707463,53.91020234751031],[-94.8211500545567,53.919281140726525],[-94.82842603747424,53.924936527798494],[-94.81991665679254,53.94420113404937],[-94.83164351975942,53.94582745226047],[-94.85179112589898,53.955884844548024],[-94.87681904314191,53.964145148507974],[-94.91408652376275,53.97006303002433],[-94.9411679334126,53.968144936155205],[-94.9619545495745,53.96936894795278],[-94.9933061508255,53.923510386403684],[-94.99141702487206,53.86788357631559],[-95.02154054062079,53.86640798414146],[-95.0196249033387,53.80768112387647],[-95.00263702525137,53.80233834504593],[-94.9878035098936,53.79890287052317],[-94.99060341098577,53.841011979301214]]]},"properties":{"DAUID":"46220155","DGUID":"2021S051246220155","LANDAREA":73.9684,"PRUID":"46","Province":"MB"}},
{"type":"Feature","geometry":{"type":"Polygon","coordinates":[[[-95.00263702525137,53.80233834504593],[-94.98814473317496,53.78818763859463],[-94.96030575428074,53.78555184988031],[-94.94353493530235,53.77471764805631],[-94.9489969383368,53.76983663729805],[-94.95974399741237,53.740441448451136],[-94.99299993866967,53.74617802569167],[-95.00230258911392,53.73489614206806],[-94.96190702341258,53.72211843918085],[-94.98113646795778,53.71217982801453],[-94.97381497119987,53.70217384164626],[-95.0933280385896,53.69026176353606],[-95.07610574122592,53.68695323022409],[-95.06577413603787,53.678381345862576],[-95.05241426175074,53.676818936629004],[-95.0487812407944,53.684495928526374],[-95.02907422112754,53.68752393023719],[-95.0201682626926,53.68043474191508],[-95.01976190805718,53.66748169635194],[-95.00335606237815,53.671608923011874],[-95.00149095843888,53.68050053926043],[-94.9806391625192,53.694042533755116],[-94.96111624619557,53.702287835475715],[-94.95849536401794,53.70789074823091],[-94.97350542526573,53.71380074226645],[-94.95172205963502,53.72348633792048],[-94.94522934532175,53.731043818196525],[-94.93812733479979,53.75494265147847],[-94.91885483163111,53.75670983037683],[-94.91483875484903,53.768509639914335],[-94.92092792725958,53.7744478375728],[-94.91250553868414,53.78459232797234],[-94.89461253199539,53.78882123328028],[-94.89408912933433,53.81047514375703],[-94.87611734303424,53.81086684081662],[-94.87138113292568,53.82003642950183],[-94.88709142730234,53.829266037041975],[-94.87721335962694,53.83427674897939],[-94.88762485874696,53.8418569502097],[-94.91381393615748,53.8393155489018],[-94.90591505806752,53.831174041406214],[-94.92532034078963,53.828696839390005],[-94.95179436078737,53.81138383938907],[-94.96724983140729,53.812749930966454],[-94.94013423721637,53.829719551062915],[-94.93994885507696,53.839479444574344],[-94.9207504317956,53.84417815125945],[-94.93278063690913,53.851098034715456],[-94.94447463936314,53.84812812922728],[-94.96045992011031,53.82959194106082],[-94.98598514800437,53.833204640448585],[-94.99060341098577,53.841011979301214],[-94.9878035098936,53.79890287052317],[-95.00263702525137,53.80233834504593]]]},"properties":{"DAUID":"46220156","DGUID":"2021S051246220156","LANDAREA":63.3665,"PRUID":"46","Province":"MB"}},
{"type":"Feature","geometry":{"type":"Polygon","coordinates":[[[-94.84988061928286,53.834998424816824],[-94.86537594576107,53.829560637147914],[-94.8640549332975,53.80647925167407],[-94.88068705416882,53.79995322978541],[-94.88978373376658,53.779450244680774],[-94.89815203492725,53.7683672326731],[-94.89058074262087,53.765064431839804],[-94.90020965797697,53.7535722357647],[-94.90697542230275,53.7393570317114],[-94.91600365997522,53.729762230660334],[-94.9277584280823,53.724358135680426],[-94.95423603848332,53.718978547228275],[-94.94326475157084,53.708540935144555],[-94.96331993031465,53.68214614911812],[-94.97916576012172,53.68901353688665],[-94.98759263195235,53.686012139621376],[-94.9892883860491,53.67510624540793],[-94.97271421544482,53.680630579832005],[-94.96445625664954,53.66718863541546],[-94.97652425981524,53.65911554732699],[-94.973410456116,53.652097150173134],[-94.99199814998478,53.646150229530576],[-95.00860194914013,53.65237383442712],[-95.01461914056178,53.64152292944804],[-95.02854622479948,53.639968834895555],[-95.05494364253182,53.629929837338125],[-95.06715003424344,53.622239637578765],[-95.10634063560714,53.612766019711216],[-95.08160843342898,53.60204652371362],[-95.02486649282017,53.63543934313593],[-94.98674477814846,53.6341977072397],[-94.96206012257002,53.623786409989386],[-94.92336114375196,53.692349627698704],[-94.91289179254987,53.69041177378768],[-94.89915295057804,53.716322711988454],[-94.90779204820969,53.719773606165916],[-94.90796384403055,53.72845590541352],[-94.88600755902627,53.75206192752261],[-94.87230995305282,53.774065408033785],[-94.8766931973417,53.78170398695359],[-94.87148068519761,53.79524839285531],[-94.85416778872582,53.81361991043788],[-94.84749081570175,53.814849092696306],[-94.84988061928286,53.834998424816824]]]},"properties":{"DAUID":"46220157","DGUID":"2021S051246220157","LANDAREA":45.8912,"PRUID":"46","Province":"MB"}},
{"type":"Feature","geometry":{"type":"Polygon","coordinates":[[[-94.91289179254987,53.69041177378768],[-94.90200431166939,53.68823530082856],[-94.88648476880908,53.671811186335624],[-94.86387584587555,53.698201740063226],[-94.8708675578665,53.69992623547733],[-94.86109302751308,53.714654148258695],[-94.84642732477029,53.7266365322939],[-94.83309506339111,53.7239788493389],[-94.8210419597399,53.727792940831954],[-94.8199251331804,53.73604243449988],[-94.82728764921241,53.74531924668046],[-94.81057993395606,53.75145244559144],[-94.81153904097714,53.76600453887792],[-94.82100075914373,53.77213684673447],[-94.84175824873978,53.757317550776776],[-94.84780103447036,53.7752727418857],[-94.86750982744809,53.775810143710764],[-94.85716612511995,53.78466993304859],[-94.86985984697404,53.78703223093299],[-94.8604095386763,53.7954555291484],[-94.86145444543685,53.80482353852934],[-94.84619233102896,53.814479926361386],[-94.84988061928286,53.834998424816824],[-94.84749081570175,53.814849092696306],[-94.85416778872582,53.81361991043788],[-94.87148068519761,53.79524839285531],[-94.8766931973417,53.78170398695359],[-94.87230995305282,53.774065408033785],[-94.88600755902627,53.75206192752261],[-94.90796384403055,53.72845590541352],[-94.90779204820969,53.719773606165916],[-94.89915295057804,53.716322711988454],[-94.91289179254987,53.69041177378768]]]},"properties":{"DAUID":"46220158","DGUID":"2021S051246220158","LANDAREA":38.6675,"PRUID":"46","Province":"MB"}},
{"type":"Feature","geometry":{"type":"Polygon","coordinates":[[[-94.58210799333624,53.88084366325806],[-94.56801520458124,53.876878572955],[-94.53927013422455,53.8867548692436],[-94.50684270017825,53.92716696390597],[-94.49791588843988,53.93265196853659],[-94.47455812710106,53.96504931067991],[-94.4937158492993,53.96687421359496],[-94.49985285303917,53.95833403804937],[-94.51888632761595,53.95588164088538],[-94.52365446145124,53.96209504263079],[-94.55000635956954,53.957678143762074],[-94.5423182439653,53.949362144318705],[-94.58769783383444,53.94096044965013],[-94.63482321778923,53.929166729192126],[-94.64082045783775,53.923415248442154],[-94.6881541457355,53.91725233092533],[-94.69231975142002,53.90916423297322],[-94.7053943619024,53.91237863349009],[-94.71018281907192,53.903186751738524],[-94.69501272062777,53.90131853363492],[-94.66440353422703,53.88492774268904],[-94.66313638923265,53.874960394067855],[-94.65221651904038,53.869744987987936],[-94.62096475545788,53.882546439673376],[-94.60625283863368,53.88535174213039],[-94.58210799333624,53.88084366325806]]]},"properties":{"DAUID":"46220159","DGUID":"2021S051246220159","LANDAREA":60.3282,"PRUID":"46","Province":"MB"}},
{"type":"Feature","geometry":{"type":"Polygon","coordinates":[[[-94.66313638923265,53.874960394067855],[-94.65527575478359,53.86397054560953],[-94.61285105109982,53.84651442828827],[-94.6091963357877,53.83715173635446],[-94.59354792066603,53.835322535670635],[-94.5629259488652,53.82444713570191],[-94.52245583575514,53.815400735501775],[-94.51390163129703,53.8204418744849],[-94.52925509059261,53.828796106471444],[-94.579211927071,53.84420800260761],[-94.57962580709696,53.856043202024416],[-94.57225613193627,53.869897367095795],[-94.58210799333624,53.88084366325806],[-94.60625283863368,53.88535174213039],[-94.62096475545788,53.882546439673376],[-94.65221651904038,53.869744987987936],[-94.66313638923265,53.874960394067855]]]},"properties":{"DAUID":"46220160","DGUID":"2021S051246220160","LANDAREA":22.7256,"PRUID":"46","Province":"MB"}},
{"type":"Feature","geometry":{"type":"Polygon","coordinates":[[[-94.4778553531055,54.56225724967291],[-94.48137525842073,54.55931034142852],[-94.47146677357746,54.557067906576314],[-94.46795585111299,54.56000515085095],[-94.4778553531055,54.56225724967291]]]},"properties":{"DAUID":"46220164","DGUID":"2021S051246220164","LANDAREA":0.3596,"PRUID":"46","Province":"MB"}},
{"type":"Feature","geometry":{"type":"Polygon","coordinates":[[[-94.46097711500398,54.57015162911947],[-94.45935266100891,54.55776186093776],[-94.47201564017702,54.547941852024216],[-94.46293711523698,54.5414493503653],[-94.44802394760478,54.53829274367784],[-94.44463550890565,54.56752875257889],[-94.46097711500398,54.57015162911947]]]},"properties":{"DAUID":"46220165","DGUID":"2021S051246220165","LANDAREA":4.6529,"PRUID":"46","Province":"MB"}},
{"type":"Feature","geometry":{"type":"Polygon","coordinates":[[[-95.59964903073265,56.06679371718868],[-95.5948269369923,56.069323720513495],[-95.59592863351467,56.06908482718016],[-95.59676310309908,56.06890387039461],[-95.59964903073265,56.06679371718868]]]},"properties":{"DAUID":"46220167","DGUID":"2021S051246220167","LANDAREA":0.0289,"PRUID":"46","Province":"MB"}},
{"type":"Feature","geometry":{"type":"Polygon","coordinates":[[[-95.58991026725738,56.070455415373075],[-95.59407500757838,56.070774890754],[-95.59352742086132,56.06918139812286],[-95.58991026725738,56.070455415373075]]]},"properties":{"DAUID":"46220168","DGUID":"2021S051246220168","LANDAREA":0.0359,"PRUID":"46","Province":"MB"}},
{"type":"Feature","geometry":{"type":"Polygon","coordinates":[[[-95.27134046799884,54.910767369480396],[-95.27045304560673,54.93489334217317],[-95.24784204455804,54.94876122879665],[-95.24405915660218,54.95393313227537],[-95.26002011966045,54.959151843180514],[-95.26715655203412,54.9668712287306],[-95.25807855034789,54.977128737062664],[-95.23552774681322,54.99262336178219],[-95.26163868349313,54.992540592136166],[-95.26110306200373,54.98099934380266],[-95.28341449286359,54.980126246649746],[-95.2846792421871,54.965433952909486],[-95.29134898672334,54.96206321230862],[-95.27954482526133,54.95327234675099],[-95.25989418723546,54.951026036212305],[-95.29391983253177,54.932755229980344],[-95.30147266731622,54.93692830505413],[-95.28941609417981,54.93239370261004],[-95.27134046799884,54.910767369480396]]]},"properties":{"DAUID":"46220173","DGUID":"2021S051246220173","LANDAREA":11.3218,"PRUID":"46","Province":"MB"}},
{"type":"Feature","geometry":{"type":"Polygon","coordinates":[[[-94.068259995173,54.83801434026503],[-94.06977681810292,54.83810516447146],[-94.06985465870078,54.83730399519102],[-94.06833932058852,54.83723737304929],[-94.068259995173,54.83801434026503]]]},"properties":{"DAUID":"46220177","DGUID":"2021S051246220177","LANDAREA":0.0086,"PRUID":"46","Province":"MB"}},
{"type":"Feature","geometry":{"type":"Polygon","coordinates":[[[-94.05203421906872,54.83984979725916],[-94.03839372003553,54.83350483230062],[-94.00210814851937,54.83771323224469],[-94.00242857263738,54.840810543131866],[-94.03726891212966,54.83736340219653],[-94.05203421906872,54.83984979725916]]]},"properties":{"DAUID":"46220181","DGUID":"2021S051246220181","LANDAREA":2.3505,"PRUID":"46","Province":"MB"}},
{"type":"Feature","geometry":{"type":"Polygon","coordinates":[[[-95.61808140992454,56.08704064013106],[-95.6226516660987,56.08243035516884],[-95.62075662291693,56.065419652481644],[-95.64551984646324,56.060334833384836],[-95.63687126348572,56.0538816400749],[-95.61386787887396,56.048914404953734],[-95.59339352248698,56.051343642027675],[-95.58895961412628,56.055392235500776],[-95.56723262215985,56.058187143562016],[-95.56740250869626,56.074598868810774],[-95.58109201083907,56.084980444970476],[-95.6028432585143,56.08994427483345],[-95.61808140992454,56.08704064013106]],[[-95.59592863351467,56.06908482718016],[-95.59619372904854,56.06935615216259],[-95.59509502536496,56.06957708838536],[-95.5948269369923,56.069323720513495],[-95.59964903073265,56.06679371718868],[-95.60111115169286,56.06881026887466],[-95.59676310309908,56.06890387039461],[-95.59592863351467,56.06908482718016]],[[-95.58991026725738,56.070455415373075],[-95.59352742086132,56.06918139812286],[-95.59407500757838,56.070774890754],[-95.58991026725738,56.070455415373075]]]},"properties":{"DAUID":"46220182","DGUID":"2021S051246220182","LANDAREA":14.0879,"PRUID":"46","Province":"MB"}},
{"type":"Feature","geometry":{"type":"Polygon","coordinates":[[[-95.59676310309908,56.06890387039461],[-95.60111115169286,56.06881026887466],[-95.59964903073265,56.06679371718868],[-95.59676310309908,56.06890387039461]],[[-95.60079713734198,56.06724781889287],[-95.60050368365015,56.0673338239977],[-95.60015336291603,56.06691874314251],[-95.60044412968615,56.06683892113271],[-95.60079713734198,56.06724781889287]]]},"properties":{"DAUID":"46220183","DGUID":"2021S051246220183","LANDAREA":0.0496,"PRUID":"46","Province":"MB"}},
{"type":"Feature","geometry":{"type":"Polygon","coordinates":[[[-95.5948269369923,56.069323720513495],[-95.59509502536496,56.06957708838536],[-95.59619372904854,56.06935615216259],[-95.59592863351467,56.06908482718016],[-95.5948269369923,56.069323720513495]]]},"properties":{"DAUID":"46220184","DGUID":"2021S051246220184","LANDAREA":0.0024,"PRUID":"46","Province":"MB"}},
{"type":"Feature","geometry":{"type":"Polygon","coordinates":[[[-95.60079713734198,56.06724781889287],[-95.60044412968615,56.06683892113271],[-95.60015336291603,56.06691874314251],[-95.60050368365015,56.0673338239977],[-95.60079713734198,56.06724781889287]]]},"properties":{"DAUID":"46220185","DGUID":"2021S051246220185","LANDAREA":0.001,"PRUID":"46","Province":"MB"}},
{"type":"Feature","geometry":{"type":"Polygon","coordinates":[[[-93.53308128102616,54.17237158056966],[-93.53501515592959,54.1741573463847],[-93.57185333794526,54.17286477306055],[-93.56215400688907,54.16958883452749],[-93.54302095267974,54.16993221598809],[-93.53308128102616,54.17237158056966]]]},"properties":{"DAUID":"46220186","DGUID":"2021S051246220186","LANDAREA":0.8917,"PRUID":"46","Province":"MB"}},
{"type":"Feature","geometry":{"type":"Polygon","coordinates":[[[-93.53135894327828,54.15899003251107],[-93.53187016364694,54.16720448051411],[-93.54280192052117,54.16695598982187],[-93.53135894327828,54.15899003251107]]]},"properties":{"DAUID":"46220188","DGUID":"2021S051246220188","LANDAREA":1.4528,"PRUID":"46","Province":"MB"}},
{"type":"Feature","geometry":{"type":"Polygon","coordinates":[[[-93.53501515592959,54.1741573463847],[-93.56097954871377,54.1795963338369],[-93.57158571584745,54.18420623525397],[-93.5975046550626,54.18765483187339],[-93.62504518541526,54.1818711437557],[-93.62781274728498,54.20101194400687],[-93.6393169206716,54.1993151787066],[-93.63808584637496,54.179656125861925],[-93.62788861989009,54.16908336971633],[-93.6182778547881,54.16877475022229],[-93.59834361713396,54.17623490088237],[-93.58700768347933,54.17717000620643],[-93.57185333794526,54.17286477306055],[-93.53501515592959,54.1741573463847]]]},"properties":{"DAUID":"46220190","DGUID":"2021S051246220190","LANDAREA":5.6306,"PRUID":"46","Province":"MB"}},
{"type":"Feature","geometry":{"type":"Polygon","coordinates":[[[-93.54302095267974,54.16993221598809],[-93.54280192052117,54.16695598982187],[-93.53187016364694,54.16720448051411],[-93.53135894327828,54.15899003251107],[-93.51636014807238,54.15091795053627],[-93.51464447414274,54.14378561219851],[-93.47756733034737,54.139845297660585],[-93.46567025019354,54.14094056331779],[-93.46083499444558,54.13380535995912],[-93.44164966606638,54.12218849901242],[-93.44311380888902,54.11201100282653],[-93.3899185518523,54.109094062632664],[-93.39029392051066,54.11426341722145],[-93.42245562180685,54.113709194393884],[-93.42255907432995,54.13793783277216],[-93.44066505736393,54.151267067165236],[-93.46973503700984,54.15088917341591],[-93.5285224838027,54.16677745930146],[-93.53308128102616,54.17237158056966],[-93.54302095267974,54.16993221598809]]]},"properties":{"DAUID":"46220194","DGUID":"2021S051246220194","LANDAREA":12.01,"PRUID":"46","Province":"MB"}},
{"type":"Feature","geometry":{"type":"Polygon","coordinates":[[[-97.76354343357205,54.64006971005957],[-97.76406467586166,54.61138839565262],[-97.73771910112909,54.62141854221043],[-97.73871050407571,54.64763587803106],[-97.7452000973109,54.647702233704855],[-97.74538552714633,54.640338766643],[-97.76354343357205,54.64006971005957]]]},"properties":{"DAUID":"46220197","DGUID":"2021S051246220197","LANDAREA":4.4071,"PRUID":"46","Province":"MB"}},
{"type":"Feature","geometry":{"type":"Polygon","coordinates":[[[-91.64779319163709,55.158484861434275],[-91.79088267054951,55.15867258728891],[-92.19742073712531,55.165423179300575],[-92.36009058148439,55.168830371036066],[-92.65038489757363,55.17183435294546],[-92.83342752254111,55.17333849276221],[-93.20980371848859,55.17621576355683],[-93.39107551254295,55.177138576408915],[-93.68996448661069,55.17823978296584],[-93.9263666181277,55.17854150123716],[-94.255163660257,55.17839467927555],[-94.43924160704695,55.17788774333367],[-94.6521675097742,55.177468974883105],[-95.00010073939416,55.17590669534179],[-95.00010034828934,55.02490588083997],[-95.29532373747152,55.02689426161936],[-95.49908954473248,55.02628862894976],[-95.78705926875541,55.02639999771327],[-96.16367293717559,55.02377363265245],[-96.43338877080477,55.024332519088965],[-96.70822548227034,55.024355027846845],[-96.80413067799414,55.02562837920787],[-96.99999999581377,55.025862156025916],[-97.32770994258965,55.02547842126591],[-97.45158080589417,55.025622924682715],[-97.45289357086064,55.19568742874964],[-97.45549197713409,55.285204883069035],[-97.5370747401459,55.28565812602136],[-97.91721059705651,55.28609224174665],[-98.07642252482368,55.285558301375694],[-98.07742479015768,55.19250029331354],[-98.14688448753772,55.19169330983135],[-98.23932695938643,55.18937433898288],[-98.24005995509204,55.10457535704873],[-98.3371429284203,55.10450049952023],[-98.4765095202279,55.1055976837632],[-98.47802699598124,55.080267302263856],[-98.49530438496916,55.06535069008813],[-98.52542920803441,55.043005691223065],[-98.55469409224031,55.02605990776662],[-98.58569700313778,54.989801110719185],[-98.60572808322458,54.971184709465206],[-98.6349716946059,54.952242488999154],[-98.58324069206186,54.95260001331662],[-98.58092642076205,54.92264737588735],[-98.58923594475333,54.91539604925635],[-98.60462135930793,54.91194184735355],[-98.60446375278906,54.89724946000806],[-98.58002842714016,54.8936709661039],[-98.6732167903823,54.890949269868294],[-98.67309148181002,54.92270429305394],[-98.69036017833608,54.91097699507844],[-98.69576487800998,54.89754669411659],[-98.7551550222782,54.84674461128982],[-98.76981520375485,54.826616200663516],[-98.79914492202208,54.80072360623742],[-98.77195159695276,54.79551709782118],[-98.69748490436263,54.80115079987635],[-98.64406619235871,54.81172710992273],[-98.59156040512015,54.82777390038311],[-98.58294130241373,54.8288409903185],[-98.50204019472949,54.82640631250087],[-98.49535018430824,54.827394194630976],[-98.44278829883574,54.84397860802384],[-98.42695041836335,54.84402180963133],[-98.41840529840842,54.83614459611512],[-98.41532321269769,54.81347399903102],[-98.39115578631079,54.7949410940222],[-98.35525019515518,54.75337071159747],[-98.34153749327481,54.73472989796275],[-98.32766958707596,54.72528928904868],[-98.29496821101509,54.71372600969075],[-98.26559231588044,54.69176679937819],[-98.26363467940165,54.68763880148135],[-98.27245151668214,54.670850194521954],[-98.30145580322355,54.654161000447125],[-98.30640071565809,54.63775191105171],[-98.31423979490026,54.62951029617626],[-98.3275101950812,54.624183507607114],[-98.32927251793548,54.61497240454785],[-98.30949299041609,54.59605989081806],[-98.28463761910716,54.592401589167636],[-98.2586078112067,54.58463270413799],[-98.21927260443195,54.5927794949339],[-98.20380228744816,54.59244509144905],[-98.19756978839273,54.58039689512621],[-98.18529438594554,54.57061750372169],[-98.15602481096829,54.564035894822666],[-98.13771429579424,54.55004819177076],[-98.07133371996284,54.524508690309645],[-98.06414500586607,54.5240039015051],[-98.02051818967061,54.54308959032368],[-98.01297588801407,54.52894480620336],[-97.97782998330649,54.51432650230237],[-97.97265280730582,54.50210440574997],[-97.98914169155574,54.474112205051945],[-97.99147198931233,54.466581997814274],[-97.980999889852,54.45087350537437],[-97.9708428013042,54.45428371242069],[-97.95876461339984,54.46645739660753],[-97.94932018209373,54.46953039757905],[-97.92653619057896,54.46572609966832],[-97.8883075177453,54.47692070226703],[-97.8398758901024,54.504767996802755],[-97.82353041582874,54.51087460838259],[-97.7662406186962,54.52211360978019],[-97.76116441691,54.52749040824272],[-97.74629758494845,54.53055479219078],[-97.74088182104548,54.548851710173096],[-97.72664380166842,54.559784455391195],[-97.7470898483949,54.5619800327412],[-97.75745793369234,54.57635864714699],[-97.77193515579518,54.574381555777464],[-97.78273615803381,54.57885004058611],[-97.78245883938163,54.58625504589505],[-97.77771963422971,54.594505934759766],[-97.76452696642458,54.59920734065919],[-97.74070422577051,54.61078243532396],[-97.74057491469512,54.59764755605527],[-97.71948931414897,54.613806486880776],[-97.70700581361756,54.62803619213794],[-97.5335285995987,54.52697559756531],[-97.52311200909485,54.52358609711771],[-97.49282321435186,54.5224124933351],[-97.4566729782939,54.52511140321992],[-97.45599761689085,54.49185683108559],[-97.45654861394719,54.30921607374144],[-97.45636429380541,54.196655344717094],[-97.45666402531752,53.946622165060994],[-97.45856234673559,53.79501189478652],[-97.45854836845285,53.62617567189378],[-97.45837028446152,53.5000964909061],[-97.45848977731342,53.37923255538759],[-97.19231435051928,53.37873972330817],[-97.00000000351699,53.3779691429728],[-96.84652858466268,53.37816615212244],[-96.63908956602044,53.37759375664411],[-96.33603420592226,53.37598463070898],[-96.00000001908498,53.37240642418931],[-95.84799792982902,53.370976448422844],[-95.49388660279793,53.3748006687595],[-95.22959473409585,53.37597663462216],[-95.14564452533139,53.37813357844759],[-95.07471660747589,53.3784447665204],[-94.96267173669472,53.37783456868544],[-94.64889461259219,53.37828129860437],[-94.26973452483155,53.37721974855619],[-94.04548600236825,53.504777568573104],[-93.95844503022867,53.55369426662786],[-93.73768399149725,53.685178768874756],[-93.62955353161698,53.750202696294515],[-93.52052361533906,53.831454012322666],[-93.32920118558265,53.96971210734098],[-93.18967477133195,54.07477427026045],[-93.13997976453886,54.111212194662954],[-92.92764273497748,54.26361688346019],[-92.65857365416461,54.45337888238003],[-92.53552634948647,54.53842815683549],[-92.3838295002653,54.64232109712316],[-92.18869236422557,54.77490359942246],[-91.99997009144728,54.90600270743476],[-91.87006061915764,54.99984075363381],[-91.74756519378582,55.085118683901605],[-91.64779319163709,55.158484861434275]],[[-94.87628553397519,53.97563412753007],[-94.86356294686806,53.96780074253737],[-94.8337351600401,53.96291834084941],[-94.83881444758876,53.95588443037533],[-94.88142474812874,53.96727384089539],[-94.87628553397519,53.97563412753007]],[[-94.49471683771763,54.553902933986954],[-94.5055475520176,54.543003930094784],[-94.52881355768322,54.53814924458339],[-94.52841533498669,54.53237615338691],[-94.556857228256,54.53569633299981],[-94.57443162353668,54.528366840814044],[-94.57688671952116,54.518571848419455],[-94.6082692259509,54.512341636718496],[-94.65048551573382,54.51270424044731],[-94.66833113318536,54.52266474446074],[-94.68762275709062,54.520819248031806],[-94.71339545834202,54.512137344894775],[-94.72512481790982,54.50317734609515],[-94.73044456123966,54.49026348466036],[-94.76855014271223,54.49062957107255],[-94.7681389212623,54.514930632636165],[-94.73323539588299,54.52479734435847],[-94.61344162664342,54.52438609561006],[-94.61330820424605,54.53940671066002],[-94.61884715776274,54.55090994425765],[-94.52035139107885,54.55086293537179],[-94.50520104372728,54.54891103394241],[-94.49471683771763,54.553902933986954]],[[-97.7555875443142,54.610008056455484],[-97.76573713348274,54.60462475549588],[-97.77425305677025,54.601460954325745],[-97.77712405058644,54.60327494487988],[-97.76795202604043,54.605437238259434],[-97.76202341601642,54.60854894472276],[-97.7555875443142,54.610008056455484]],[[-97.7452000973109,54.647702233704855],[-97.73871050407571,54.64763587803106],[-97.73771910112909,54.62141854221043],[-97.76406467586166,54.61138839565262],[-97.76354343357205,54.64006971005957],[-97.77828996136746,54.64112287791122],[-97.78218664294887,54.648124132757985],[-97.74450743420978,54.67462863209067],[-97.7452000973109,54.647702233704855]],[[-97.81550829739517,54.58948424496898],[-97.83428376945896,54.589201155173214],[-97.85262762443968,54.59480453936963],[-97.86863613228547,54.59037555358029],[-97.88063125051059,54.596790749284324],[-97.87621185461732,54.604635357291166],[-97.86067424145115,54.61622305444725],[-97.85585855482766,54.625148751142326],[-97.84167096608985,54.62884184936496],[-97.8203861642299,54.642761435288755],[-97.80886526488861,54.63391833514877],[-97.78836415737995,54.62729033757684],[-97.78803206395656,54.61809624111692],[-97.78063350563255,54.605777049640366],[-97.79512265062337,54.59443834833592],[-97.81550829739517,54.58948424496898]],[[-95.30147266731622,54.93692830505413],[-95.29391983253177,54.932755229980344],[-95.25989418723546,54.951026036212305],[-95.27954482526133,54.95327234675099],[-95.29134898672334,54.96206321230862],[-95.2846792421871,54.965433952909486],[-95.28341449286359,54.980126246649746],[-95.26110306200373,54.98099934380266],[-95.26163868349313,54.992540592136166],[-95.23552774681322,54.99262336178219],[-95.25807855034789,54.977128737062664],[-95.26715655203412,54.9668712287306],[-95.26002011966045,54.959151843180514],[-95.24405915660218,54.95393313227537],[-95.24784204455804,54.94876122879665],[-95.27045304560673,54.93489334217317],[-95.27134046799884,54.910767369480396],[-95.27130288237932,54.90587006593074],[-95.34656851532453,54.90666773544435],[-95.34933549768849,54.882615046724965],[-95.34794893921365,54.84588929867233],[-95.33292481737239,54.84596164003415],[-95.33271054173197,54.82033765223337],[-95.34976365268687,54.82028644757388],[-95.34408312537994,54.83317295262901],[-95.35404524021807,54.841873144057494],[-95.36591905332077,54.838191436189646],[-95.38357003244722,54.84284524337665],[-95.38697532889233,54.84842585416662],[-95.4141141281987,54.85106394472511],[-95.39677182580444,54.87276634090629],[-95.40972443430596,54.88983654393703],[-95.42859853910868,54.894616549185926],[-95.40050405942812,54.909295549109146],[-95.36201134562643,54.90345995331439],[-95.34313012076903,54.9127477359597],[-95.31798505646634,54.92111703208806],[-95.31939422865975,54.931448631183116],[-95.30147266731622,54.93692830505413]],[[-94.99060341098577,53.841011979301214],[-94.98598514800437,53.833204640448585],[-94.96045992011031,53.82959194106082],[-94.94447463936314,53.84812812922728],[-94.93278063690913,53.851098034715456],[-94.9207504317956,53.84417815125945],[-94.93994885507696,53.839479444574344],[-94.94013423721637,53.829719551062915],[-94.96724983140729,53.812749930966454],[-94.95179436078737,53.81138383938907],[-94.92532034078963,53.828696839390005],[-94.90591505806752,53.831174041406214],[-94.91381393615748,53.8393155489018],[-94.88762485874696,53.8418569502097],[-94.87721335962694,53.83427674897939],[-94.88709142730234,53.829266037041975],[-94.87138113292568,53.82003642950183],[-94.87611734303424,53.81086684081662],[-94.89408912933433,53.81047514375703],[-94.89461253199539,53.78882123328028],[-94.91250553868414,53.78459232797234],[-94.92092792725958,53.7744478375728],[-94.91483875484903,53.768509639914335],[-94.91885483163111,53.75670983037683],[-94.93812733479979,53.75494265147847],[-94.94522934532175,53.731043818196525],[-94.95172205963502,53.72348633792048],[-94.97350542526573,53.71380074226645],[-94.95849536401794,53.70789074823091],[-94.96111624619557,53.702287835475715],[-94.9806391625192,53.694042533755116],[-95.00149095843888,53.68050053926043],[-95.00335606237815,53.671608923011874],[-95.01976190805718,53.66748169635194],[-95.0201682626926,53.68043474191508],[-95.02907422112754,53.68752393023719],[-95.0487812407944,53.684495928526374],[-95.05241426175074,53.676818936629004],[-95.06577413603787,53.678381345862576],[-95.07610574122592,53.68695323022409],[-95.0933280385896,53.69026176353606],[-94.97381497119987,53.70217384164626],[-94.98113646795778,53.71217982801453],[-94.96190702341258,53.72211843918085],[-95.00230258911392,53.73489614206806],[-94.99299993866967,53.74617802569167],[-94.95974399741237,53.740441448451136],[-94.9489969383368,53.76983663729805],[-94.94353493530235,53.77471764805631],[-94.96030575428074,53.78555184988031],[-94.98814473317496,53.78818763859463],[-95.00263702525137,53.80233834504593],[-95.0196249033387,53.80768112387647],[-95.02154054062079,53.86640798414146],[-94.99141702487206,53.86788357631559],[-94.9933061508255,53.923510386403684],[-94.9619545495745,53.96936894795278],[-94.9411679334126,53.968144936155205],[-94.91408652376275,53.97006303002433],[-94.87681904314191,53.964145148507974],[-94.85179112589898,53.955884844548024],[-94.83164351975942,53.94582745226047],[-94.81991665679254,53.94420113404937],[-94.82842603747424,53.924936527798494],[-94.8211500545567,53.919281140726525],[-94.83146294707463,53.91020234751031],[-94.81421034252506,53.908603244536394],[-94.82004435228968,53.901444829474514],[-94.84155526011642,53.91191612908948],[-94.8438808380274,53.925480632026115],[-94.88038314120281,53.94904333841812],[-94.88963256182818,53.95213093376761],[-94.89810944211901,53.94370064001762],[-94.92343362642924,53.944379140344985],[-94.93747892306557,53.92306423034321],[-94.94228152921376,53.908811936710826],[-94.92229555531861,53.89593293532011],[-94.91392742488654,53.89766154421153],[-94.9046625421738,53.88693353821126],[-94.91075972307532,53.8708406380916],[-94.930115526762,53.87261723456786],[-94.95831875048125,53.85380444739381],[-94.98366225458265,53.85088954938932],[-94.99060341098577,53.841011979301214]],[[-94.84988061928286,53.834998424816824],[-94.84619233102896,53.814479926361386],[-94.86145444543685,53.80482353852934],[-94.8604095386763,53.7954555291484],[-94.86985984697404,53.78703223093299],[-94.85716612511995,53.78466993304859],[-94.86750982744809,53.775810143710764],[-94.84780103447036,53.7752727418857],[-94.84175824873978,53.757317550776776],[-94.82100075914373,53.77213684673447],[-94.81153904097714,53.76600453887792],[-94.81057993395606,53.75145244559144],[-94.82728764921241,53.74531924668046],[-94.8199251331804,53.73604243449988],[-94.8210419597399,53.727792940831954],[-94.83309506339111,53.7239788493389],[-94.84642732477029,53.7266365322939],[-94.86109302751308,53.714654148258695],[-94.8708675578665,53.69992623547733],[-94.86387584587555,53.698201740063226],[-94.88648476880908,53.671811186335624],[-94.90200431166939,53.68823530082856],[-94.91289179254987,53.69041177378768],[-94.92336114375196,53.692349627698704],[-94.96206012257002,53.623786409989386],[-94.98674477814846,53.6341977072397],[-95.02486649282017,53.63543934313593],[-95.08160843342898,53.60204652371362],[-95.10634063560714,53.612766019711216],[-95.06715003424344,53.622239637578765],[-95.05494364253182,53.629929837338125],[-95.02854622479948,53.639968834895555],[-95.01461914056178,53.64152292944804],[-95.00860194914013,53.65237383442712],[-94.99199814998478,53.646150229530576],[-94.973410456116,53.652097150173134],[-94.97652425981524,53.65911554732699],[-94.96445625664954,53.66718863541546],[-94.97271421544482,53.680630579832005],[-94.9892883860491,53.67510624540793],[-94.98759263195235,53.686012139621376],[-94.97916576012172,53.68901353688665],[-94.96331993031465,53.68214614911812],[-94.94326475157084,53.708540935144555],[-94.95423603848332,53.718978547228275],[-94.9277584280823,53.724358135680426],[-94.91600365997522,53.729762230660334],[-94.90697542230275,53.7393570317114],[-94.90020965797697,53.7535722357647],[-94.89058074262087,53.765064431839804],[-94.89815203492725,53.7683672326731],[-94.88978373376658,53.779450244680774],[-94.88068705416882,53.79995322978541],[-94.8640549332975,53.80647925167407],[-94.86537594576107,53.829560637147914],[-94.84988061928286,53.834998424816824]],[[-94.58210799333624,53.88084366325806],[-94.57225613193627,53.869897367095795],[-94.57962580709696,53.856043202024416],[-94.579211927071,53.84420800260761],[-94.52925509059261,53.828796106471444],[-94.51390163129703,53.8204418744849],[-94.52245583575514,53.815400735501775],[-94.5629259488652,53.82444713570191],[-94.59354792066603,53.835322535670635],[-94.6091963357877,53.83715173635446],[-94.61285105109982,53.84651442828827],[-94.65527575478359,53.86397054560953],[-94.66313638923265,53.874960394067855],[-94.66440353422703,53.88492774268904],[-94.69501272062777,53.90131853363492],[-94.71018281907192,53.903186751738524],[-94.7053943619024,53.91237863349009],[-94.69231975142002,53.90916423297322],[-94.6881541457355,53.91725233092533],[-94.64082045783775,53.923415248442154],[-94.63482321778923,53.929166729192126],[-94.58769783383444,53.94096044965013],[-94.5423182439653,53.949362144318705],[-94.55000635956954,53.957678143762074],[-94.52365446145124,53.96209504263079],[-94.51888632761595,53.95588164088538],[-94.49985285303917,53.95833403804937],[-94.4937158492993,53.96687421359496],[-94.47455812710106,53.96504931067991],[-94.49791588843988,53.93265196853659],[-94.50684270017825,53.92716696390597],[-94.53927013422455,53.8867548692436],[-94.56801520458124,53.876878572955],[-94.58210799333624,53.88084366325806]],[[-94.4778553531055,54.56225724967291],[-94.46795585111299,54.56000515085095],[-94.47146677357746,54.557067906576314],[-94.48137525842073,54.55931034142852],[-94.4778553531055,54.56225724967291]],[[-94.46097711500398,54.57015162911947],[-94.44463550890565,54.56752875257889],[-94.44802394760478,54.53829274367784],[-94.46293711523698,54.5414493503653],[-94.47201564017702,54.547941852024216],[-94.45935266100891,54.55776186093776],[-94.46097711500398,54.57015162911947]],[[-94.05203421906872,54.83984979725916],[-94.03726891212966,54.83736340219653],[-94.00242857263738,54.840810543131866],[-94.00210814851937,54.83771323224469],[-94.03839372003553,54.83350483230062],[-94.05203421906872,54.83984979725916]],[[-93.57185333794526,54.17286477306055],[-93.58700768347933,54.17717000620643],[-93.59834361713396,54.17623490088237],[-93.6182778547881,54.16877475022229],[-93.62788861989009,54.16908336971633],[-93.63808584637496,54.179656125861925],[-93.6393169206716,54.1993151787066],[-93.62781274728498,54.20101194400687],[-93.62504518541526,54.1818711437557],[-93.5975046550626,54.18765483187339],[-93.57158571584745,54.18420623525397],[-93.56097954871377,54.1795963338369],[-93.53501515592959,54.1741573463847],[-93.53308128102616,54.17237158056966],[-93.5285224838027,54.16677745930146],[-93.46973503700984,54.15088917341591],[-93.44066505736393,54.151267067165236],[-93.42255907432995,54.13793783277216],[-93.42245562180685,54.113709194393884],[-93.39029392051066,54.11426341722145],[-93.3899185518523,54.109094062632664],[-93.44311380888902,54.11201100282653],[-93.44164966606638,54.12218849901242],[-93.46083499444558,54.13380535995912],[-93.46567025019354,54.14094056331779],[-93.47756733034737,54.139845297660585],[-93.51464447414274,54.14378561219851],[-93.51636014807238,54.15091795053627],[-93.53135894327828,54.15899003251107],[-93.54280192052117,54.16695598982187],[-93.54302095267974,54.16993221598809],[-93.56215400688907,54.16958883452749],[-93.57185333794526,54.17286477306055]]]},"properties":{"DAUID":"46220198","DGUID":"2021S051246220198","LANDAREA":49904.2489,"PRUID":"46","Province":"MB"}},
{"type":"Feature","geometry":{"type":"Polygon","coordinates":[[[-97.86877266484782,53.937958036635],[-97.876791435296,53.936656342419376],[-97.88333623572997,53.92908573395219],[-97.87080075306451,53.93125803610814],[-97.86877266484782,53.937958036635]]]},"properties":{"DAUID":"46220199","DGUID":"2021S051246220199","LANDAREA":0.6337,"PRUID":"46","Province":"MB"}},
{"type":"Feature","geometry":{"type":"Polygon","coordinates":[[[-97.83392309957455,54.02077018308262],[-97.83239552611788,54.01942914263288],[-97.8301386800697,54.02075394418884],[-97.83392309957455,54.02077018308262]]]},"properties":{"DAUID":"46220200","DGUID":"2021S051246220200","LANDAREA":0.0453,"PRUID":"46","Province":"MB"}},
{"type":"Feature","geometry":{"type":"Polygon","coordinates":[[[-97.75404294768124,54.069149243723494],[-97.77392415089284,54.05674434940201],[-97.7725003542269,54.05074593143121],[-97.75632636567681,54.05056554931117],[-97.74963875057887,54.059998530869876],[-97.75404294768124,54.069149243723494]]]},"properties":{"DAUID":"46220201","DGUID":"2021S051246220201","LANDAREA":2.2882,"PRUID":"46","Province":"MB"}},
{"type":"Feature","geometry":{"type":"Polygon","coordinates":[[[-97.78135075976161,53.99841215366122],[-97.78784451095846,53.998115409880974],[-97.78819192635036,53.99689610943482],[-97.78156722285995,53.99616327120844],[-97.78135075976161,53.99841215366122]]]},"properties":{"DAUID":"46220203","DGUID":"2021S051246220203","LANDAREA":0.0949,"PRUID":"46","Province":"MB"}},
{"type":"Feature","geometry":{"type":"Polygon","coordinates":[[[-97.69889668496133,54.079596633187194],[-97.69886318572095,54.09613744747749],[-97.6800331571304,54.09666257949336],[-97.68012674788152,54.10713329951509],[-97.65523211946729,54.10745394136222],[-97.65502226636968,54.1208872554139],[-97.64634480775307,54.121158853035865],[-97.64618989578182,54.13993672141425],[-97.66086443865125,54.13945170904485],[-97.68361783036025,54.11246274599961],[-97.70269115656386,54.101810052574656],[-97.7168932423526,54.09747633137998],[-97.7471861251291,54.07865993364795],[-97.74520106057871,54.06856953261506],[-97.7282730612445,54.05368244832327],[-97.73106794367848,54.045775852626015],[-97.72229424194117,54.03943243555991],[-97.72787706301409,54.029929040498814],[-97.75792086122881,54.022244532490596],[-97.75420154987815,54.016222839271165],[-97.76048504563845,54.003326536611155],[-97.79007932691948,53.99955744907477],[-97.77608076603194,53.99242164093343],[-97.78749887893487,53.979066427143366],[-97.78541990596298,53.97868470311522],[-97.78232549524238,53.983875712216204],[-97.76058520425119,54.00057899931831],[-97.75023282125298,54.01154570153683],[-97.75163298450649,54.021357710596874],[-97.73279569531901,54.02188869628478],[-97.71482549787387,54.03586400305985],[-97.71726200305747,54.04401559892636],[-97.71165108104708,54.05407679686727],[-97.72267469572569,54.06074699692038],[-97.71776630730577,54.06731931262974],[-97.69889668496133,54.079596633187194]],[[-97.78135075976161,53.99841215366122],[-97.78156722285995,53.99616327120844],[-97.78819192635036,53.99689610943482],[-97.78784451095846,53.998115409880974],[-97.78135075976161,53.99841215366122]]]},"properties":{"DAUID":"46220204","DGUID":"2021S051246220204","LANDAREA":22.3258,"PRUID":"46","Province":"MB"}},
{"type":"Feature","geometry":{"type":"Polygon","coordinates":[[[-97.79198937163302,53.97943647661143],[-97.79767838682899,53.98072489282393],[-97.79888993026928,53.97870673627878],[-97.7931789547872,53.97743413462171],[-97.79198937163302,53.97943647661143]]]},"properties":{"DAUID":"46220206","DGUID":"2021S051246220206","LANDAREA":0.0949,"PRUID":"46","Province":"MB"}},
{"type":"Feature","geometry":{"type":"Polygon","coordinates":[[[-97.79400015120477,53.987214056929254],[-97.81449723779312,53.97366556289386],[-97.8045107573579,53.96991833372487],[-97.79329426929704,53.97566735290871],[-97.79400015120477,53.987214056929254]]]},"properties":{"DAUID":"46220208","DGUID":"2021S051246220208","LANDAREA":2.5949,"PRUID":"46","Province":"MB"}},
{"type":"Feature","geometry":{"type":"Polygon","coordinates":[[[-97.45848977731342,53.37923255538759],[-97.45837028446152,53.5000964909061],[-97.45854836845285,53.62617567189378],[-97.45856234673559,53.79501189478652],[-97.45666402531752,53.946622165060994],[-97.45636429380541,54.196655344717094],[-97.45654861394719,54.30921607374144],[-97.45599761689085,54.49185683108559],[-97.4566729782939,54.52511140321992],[-97.49282321435186,54.5224124933351],[-97.52311200909485,54.52358609711771],[-97.5335285995987,54.52697559756531],[-97.70700581361756,54.62803619213794],[-97.71948931414897,54.613806486880776],[-97.74057491469512,54.59764755605527],[-97.74061428002025,54.588786723920826],[-97.7562402493157,54.58840198880222],[-97.75526308356767,54.585341729223664],[-97.72170043949198,54.58670614202667],[-97.72377230392311,54.56154289513749],[-97.72664380166842,54.559784455391195],[-97.74088182104548,54.548851710173096],[-97.74629758494845,54.53055479219078],[-97.76116441691,54.52749040824272],[-97.7662406186962,54.52211360978019],[-97.82353041582874,54.51087460838259],[-97.8398758901024,54.504767996802755],[-97.8883075177453,54.47692070226703],[-97.92653619057896,54.46572609966832],[-97.94932018209373,54.46953039757905],[-97.95876461339984,54.46645739660753],[-97.9708428013042,54.45428371242069],[-97.980999889852,54.45087350537437],[-97.99147198931233,54.466581997814274],[-97.98914169155574,54.474112205051945],[-97.97265280730582,54.50210440574997],[-97.97782998330649,54.51432650230237],[-98.01297588801407,54.52894480620336],[-98.02051818967061,54.54308959032368],[-98.06414500586607,54.5240039015051],[-98.07133371996284,54.524508690309645],[-98.13771429579424,54.55004819177076],[-98.15602481096829,54.564035894822666],[-98.18529438594554,54.57061750372169],[-98.19756978839273,54.58039689512621],[-98.20380228744816,54.59244509144905],[-98.21927260443195,54.5927794949339],[-98.2586078112067,54.58463270413799],[-98.28463761910716,54.592401589167636],[-98.30949299041609,54.59605989081806],[-98.32927251793548,54.61497240454785],[-98.3275101950812,54.624183507607114],[-98.31423979490026,54.62951029617626],[-98.30640071565809,54.63775191105171],[-98.30145580322355,54.654161000447125],[-98.27245151668214,54.670850194521954],[-98.26363467940165,54.68763880148135],[-98.26559231588044,54.69176679937819],[-98.29496821101509,54.71372600969075],[-98.32766958707596,54.72528928904868],[-98.34153749327481,54.73472989796275],[-98.35525019515518,54.75337071159747],[-98.39115578631079,54.7949410940222],[-98.41532321269769,54.81347399903102],[-98.41840529840842,54.83614459611512],[-98.42695041836335,54.84402180963133],[-98.44278829883574,54.84397860802384],[-98.49535018430824,54.827394194630976],[-98.50204019472949,54.82640631250087],[-98.58294130241373,54.8288409903185],[-98.59156040512015,54.82777390038311],[-98.64406619235871,54.81172710992273],[-98.69748490436263,54.80115079987635],[-98.77195159695276,54.79551709782118],[-98.79914492202208,54.80072360623742],[-98.91100548524606,54.70174179169463],[-98.9424402810106,54.6937624899285],[-98.98242498871873,54.69501000932054],[-98.98233034236665,54.56358425271522],[-98.97712267831625,54.41520854725203],[-98.96340317804285,54.415287159758414],[-98.96102420321218,54.25011553921089],[-98.96170945778793,54.06830685447327],[-98.94972506257604,54.066802186173454],[-98.94986976320048,53.88225733114036],[-98.94947045447546,53.74585571183354],[-98.92515014472389,53.765500858135454],[-98.88704356695753,53.78318664478143],[-98.8436441694844,53.79794774178521],[-98.77266864353066,53.817275757497896],[-98.72119395286222,53.82795234101225],[-98.63391833776619,53.841247240001266],[-98.57600114477947,53.8476531360789],[-98.53967384747762,53.85060255786639],[-98.48546633655333,53.85292295192731],[-98.42126655686806,53.85238893867501],[-98.36814196491682,53.84837984654603],[-98.33826606277792,53.84400003931148],[-98.30299074063969,53.83684354686351],[-98.26746995226107,53.82740713313344],[-98.18020603872999,53.7979320396391],[-98.13604525130437,53.7791688476581],[-98.11279013747355,53.76684953480629],[-98.07531373099108,53.75202873430993],[-98.05399363448245,53.73687424656767],[-98.03322483355669,53.71265484319433],[-98.02974145923957,53.694798657002195],[-98.02364312153638,53.68015174438214],[-98.01686590428045,53.67528030957106],[-97.96670193666397,53.661632664188815],[-97.92487434971889,53.647615185943636],[-97.83521780387589,53.61364116401783],[-97.8340699428857,53.60803083840017],[-97.81773524850148,53.60481845238431],[-97.796873645033,53.587903834258555],[-97.77654736085199,53.56506384989093],[-97.76389246113446,53.56213203843248],[-97.73209923289865,53.5407238561827],[-97.71452497141858,53.523311953742216],[-97.70672866976328,53.51027064812759],[-97.70506986901465,53.50000004674125],[-97.71172465258249,53.48997484959358],[-97.69817516844738,53.483936945764796],[-97.6735686494271,53.46405245351978],[-97.67460804542375,53.44581403848968],[-97.68234343707176,53.43475643576965],[-97.68167186622813,53.41248223700282],[-97.66728194831225,53.404236439344224],[-97.65484973478543,53.39310165373273],[-97.62285667442343,53.37920426524029],[-97.45848977731342,53.37923255538759]],[[-97.83488197580841,53.96388501200976],[-97.8477937238433,53.962774550107135],[-97.84870169941446,53.96505414163247],[-97.83526240688774,53.96549496171586],[-97.83488197580841,53.96388501200976]],[[-97.86639853061794,53.996907547432066],[-97.86195796250216,53.991594431485055],[-97.87048209663463,53.99146172572309],[-97.86639853061794,53.996907547432066]],[[-97.90840802260074,53.925369682416076],[-97.92800785200356,53.92191094784427],[-97.92226991329761,53.92764788944029],[-97.91238799933785,53.92973617259301],[-97.90840802260074,53.925369682416076]],[[-97.85764706782295,53.94648133652408],[-97.86039162213551,53.94843489628201],[-97.85917190320367,53.94893456296013],[-97.85764706782295,53.94648133652408]],[[-97.87118474410615,53.939310747187605],[-97.89893999125135,53.92787619984343],[-97.904211003877,53.93306596967464],[-97.87118474410615,53.939310747187605]],[[-97.85993779797488,53.944899421295],[-97.8611083027665,53.94398921753242],[-97.86267495263759,53.94494249128484],[-97.86131868068445,53.945699264343496],[-97.85993779797488,53.944899421295]],[[-97.74224296445765,53.95282873738477],[-97.74187528478025,53.944374826309186],[-97.78474306089677,53.943109366682954],[-97.78359007308212,53.9224340746513],[-97.831393999781,53.92203638825761],[-97.83726245824528,53.91344720324517],[-97.87012547127313,53.91300979786533],[-97.8680605743679,53.919486658820475],[-97.87801573858911,53.92919144572791],[-97.86679254683197,53.93961973903661],[-97.8459380338056,53.948610435210796],[-97.83113255878203,53.95777665343408],[-97.81336106865014,53.962639245888944],[-97.79022973811858,53.9740828396527],[-97.78749887893487,53.979066427143366],[-97.77608076603194,53.99242164093343],[-97.79007932691948,53.99955744907477],[-97.76048504563845,54.003326536611155],[-97.75420154987815,54.016222839271165],[-97.75792086122881,54.022244532490596],[-97.72787706301409,54.029929040498814],[-97.72229424194117,54.03943243555991],[-97.73106794367848,54.045775852626015],[-97.7282730612445,54.05368244832327],[-97.74520106057871,54.06856953261506],[-97.7471861251291,54.07865993364795],[-97.7168932423526,54.09747633137998],[-97.70269115656386,54.101810052574656],[-97.68361783036025,54.11246274599961],[-97.66086443865125,54.13945170904485],[-97.64618989578182,54.13993672141425],[-97.64634480775307,54.121158853035865],[-97.65502226636968,54.1208872554139],[-97.65523211946729,54.10745394136222],[-97.68012674788152,54.10713329951509],[-97.6800331571304,54.09666257949336],[-97.69886318572095,54.09613744747749],[-97.69889668496133,54.079596633187194],[-97.69811343331946,54.02214424661404],[-97.71579942161347,54.02163961837081],[-97.71498207550269,54.008112488276424],[-97.7435667385681,54.00758780067282],[-97.74224296445765,53.95282873738477]],[[-97.86877266484782,53.937958036635],[-97.87080075306451,53.93125803610814],[-97.88333623572997,53.92908573395219],[-97.876791435296,53.936656342419376],[-97.86877266484782,53.937958036635]],[[-97.83392309957455,54.02077018308262],[-97.8301386800697,54.02075394418884],[-97.83239552611788,54.01942914263288],[-97.83392309957455,54.02077018308262]],[[-97.75404294768124,54.069149243723494],[-97.74963875057887,54.059998530869876],[-97.75632636567681,54.05056554931117],[-97.7725003542269,54.05074593143121],[-97.77392415089284,54.05674434940201],[-97.75404294768124,54.069149243723494]],[[-97.79400015120477,53.987214056929254],[-97.79329426929704,53.97566735290871],[-97.8045107573579,53.96991833372487],[-97.81449723779312,53.97366556289386],[-97.79400015120477,53.987214056929254]],[[-97.85111194398868,53.94878454962242],[-97.85059707392264,53.951703372574556],[-97.8479868275314,53.949671639781755],[-97.85111194398868,53.94878454962242]]]},"properties":{"DAUID":"46220209","DGUID":"2021S051246220209","LANDAREA":8442.9218,"PRUID":"46","Province":"MB"}},
{"type":"Feature","geometry":{"type":"Polygon","coordinates":[[[-98.88685641937971,55.78263341761211],[-98.87625195875509,55.79034475688421],[-98.85624474592609,55.79099405566169],[-98.85437365029603,55.80027474807484],[-98.8418885037413,55.806200767343],[-98.85821421203963,55.82405711094432],[-98.8499648819361,55.80257259433123],[-98.87519007887175,55.79634699535056],[-98.88685641937971,55.78263341761211]]]},"properties":{"DAUID":"46220210","DGUID":"2021S051246220210","LANDAREA":2.2557,"PRUID":"46","Province":"MB"}},
{"type":"Feature","geometry":{"type":"Polygon","coordinates":[[[-98.98242498871873,54.69501000932054],[-98.9424402810106,54.6937624899285],[-98.91100548524606,54.70174179169463],[-98.79914492202208,54.80072360623742],[-98.76981520375485,54.826616200663516],[-98.7551550222782,54.84674461128982],[-98.69576487800998,54.89754669411659],[-98.69036017833608,54.91097699507844],[-98.67309148181002,54.92270429305394],[-98.6732167903823,54.890949269868294],[-98.58002842714016,54.8936709661039],[-98.60446375278906,54.89724946000806],[-98.60462135930793,54.91194184735355],[-98.58923594475333,54.91539604925635],[-98.58092642076205,54.92264737588735],[-98.58324069206186,54.95260001331662],[-98.6349716946059,54.952242488999154],[-98.60572808322458,54.971184709465206],[-98.58569700313778,54.989801110719185],[-98.55469409224031,55.02605990776662],[-98.52542920803441,55.043005691223065],[-98.49530438496916,55.06535069008813],[-98.47802699598124,55.080267302263856],[-98.4765095202279,55.1055976837632],[-98.48115708537341,55.12311241231545],[-98.50712273699455,55.12309861436924],[-98.50634889909573,55.105879653846976],[-98.69213453184906,55.10632255097505],[-98.68943240337052,55.27808606925326],[-98.53629867460766,55.278861352094076],[-98.53474573689499,55.448099178898666],[-98.37823771946171,55.449719099478735],[-98.33115970803202,55.44974712421412],[-98.24175327739083,55.451202656223856],[-98.2393838288631,55.594353854949404],[-98.23963796089069,55.62221771791492],[-98.11909516163071,55.623487475280925],[-98.08995353213649,55.64281124609174],[-98.08509885011424,55.653575236181226],[-98.07144167546883,55.75158823463238],[-98.06644742400042,55.800866076964816],[-98.07313589369949,55.80112593687141],[-98.0658279981405,55.86420309430331],[-98.10984678963916,55.894721898975845],[-98.0864582437938,55.89168109992085],[-98.06896686087305,55.90049700070643],[-98.02235866851174,55.91072733940005],[-98.013304356506,55.921658060783905],[-98.00020103823358,55.924023740229316],[-98.00020189679763,56.08332918924294],[-98.0002028664822,56.25000023323836],[-98.00000001500763,56.333456922686835],[-98.42818270733699,56.33250793441564],[-98.52346439765284,56.331005381815764],[-98.75723180377616,56.333612946373165],[-99.02935154913143,56.333589352144365],[-99.0257402509667,56.094687349131554],[-99.02660596037288,56.0001528991763],[-99.02537191290135,55.887131110447044],[-99.02727339715484,55.80597370998724],[-99.01063765021767,55.806278066867804],[-99.01719346015783,55.62550629751281],[-99.01756954714051,55.50012066322918],[-99.01916655398196,55.44540820762201],[-99.00000001061555,55.44529192900636],[-98.99999999946277,55.25000000955762],[-98.9999999963406,55.10116094504025],[-98.98538677609639,55.10076994448289],[-98.98622208803842,55.00001297915398],[-98.98831048708784,54.750012666599005],[-98.9714996304666,54.75002871543904],[-98.98242498871873,54.69501000932054]],[[-98.92265585061749,55.76878045524858],[-98.91000333882369,55.760986754784874],[-98.92037235330652,55.735265253977566],[-98.95309034654233,55.734084458920776],[-98.96658944055609,55.72822525839599],[-98.96161648057668,55.76172844386412],[-98.92265585061749,55.76878045524858]],[[-98.83629116374894,55.781193506286435],[-98.83370990010944,55.71822916633985],[-98.88360141441726,55.71819028741411],[-98.89878482665598,55.7347284377603],[-98.91374923802277,55.7436643439468],[-98.90312682664758,55.750226140397395],[-98.907392749329,55.76379725716454],[-98.9026471371531,55.770651356369534],[-98.8771731517866,55.76798374891512],[-98.8724018359842,55.772999456269474],[-98.85725554656295,55.77282974100936],[-98.83629116374894,55.781193506286435]],[[-98.81920631820024,55.799672387314445],[-98.82460387229385,55.799130896852574],[-98.82397214520815,55.80190196393774],[-98.81920631820024,55.799672387314445]],[[-98.88685641937971,55.78263341761211],[-98.90494676335778,55.78247174964624],[-98.91316425176936,55.78634045239946],[-98.90771764596973,55.793963650943034],[-98.92552854789412,55.81803854375128],[-98.92115207375663,55.82631593789065],[-98.86165711957196,55.82614403937778],[-98.85821421203963,55.82405711094432],[-98.8418885037413,55.806200767343],[-98.85437365029603,55.80027474807484],[-98.85624474592609,55.79099405566169],[-98.87625195875509,55.79034475688421],[-98.88685641937971,55.78263341761211]]]},"properties":{"DAUID":"46220213","DGUID":"2021S051246220213","LANDAREA":6777.5086,"PRUID":"46","Province":"MB"}},
{"type":"Feature","geometry":{"type":"Polygon","coordinates":[[[-98.85821421203963,55.82405711094432],[-98.86165711957196,55.82614403937778],[-98.92115207375663,55.82631593789065],[-98.92552854789412,55.81803854375128],[-98.90771764596973,55.793963650943034],[-98.91316425176936,55.78634045239946],[-98.90494676335778,55.78247174964624],[-98.88685641937971,55.78263341761211],[-98.87519007887175,55.79634699535056],[-98.8499648819361,55.80257259433123],[-98.85821421203963,55.82405711094432]],[[-98.90101967887769,55.787600909203555],[-98.89468809437957,55.78786518989051],[-98.89458970044014,55.782986099378434],[-98.90193611178026,55.7846184952138],[-98.90101967887769,55.787600909203555]]]},"properties":{"DAUID":"46220214","DGUID":"2021S051246220214","LANDAREA":14.6413,"PRUID":"46","Province":"MB"}},
{"type":"Feature","geometry":{"type":"Polygon","coordinates":[[[-97.85111194398868,53.94878454962242],[-97.8479868275314,53.949671639781755],[-97.85059707392264,53.951703372574556],[-97.85111194398868,53.94878454962242]]]},"properties":{"DAUID":"46220215","DGUID":"2021S051246220215","LANDAREA":0.045,"PRUID":"46","Province":"MB"}},
{"type":"Feature","geometry":{"type":"Polygon","coordinates":[[[-101.49603089669876,58.63911791721992],[-101.51035275881874,58.614128246803006],[-101.49782874604027,58.611583353679606],[-101.46869004883104,58.62883996431279],[-101.49603089669876,58.63911791721992]]]},"properties":{"DAUID":"46230029","DGUID":"2021S051246230029","LANDAREA":4.4872,"PRUID":"46","Province":"MB"}},
{"type":"Feature","geometry":{"type":"Polygon","coordinates":[[[-101.57683094636027,57.882062456809216],[-101.58411923182696,57.879243063427],[-101.57499514405866,57.87852564709816],[-101.57683094636027,57.882062456809216]]]},"properties":{"DAUID":"46230031","DGUID":"2021S051246230031","LANDAREA":0.2582,"PRUID":"46","Province":"MB"}},
{"type":"Feature","geometry":{"type":"Polygon","coordinates":[[[-98.48989552386264,58.72457154108728],[-98.50518954855774,58.717075677220215],[-98.47812572457505,58.70737294836081],[-98.4767890023229,58.72149185198161],[-98.48989552386264,58.72457154108728]]]},"properties":{"DAUID":"46230032","DGUID":"2021S051246230032","LANDAREA":2.0906,"PRUID":"46","Province":"MB"}},
{"type":"Feature","geometry":{"type":"Polygon","coordinates":[[[-101.63419324811399,57.879627550466395],[-101.63464734217882,57.88140756472799],[-101.63751974808157,57.881784356856855],[-101.63866066754136,57.879896762014894],[-101.63419324811399,57.879627550466395]]]},"properties":{"DAUID":"46230033","DGUID":"2021S051246230033","LANDAREA":0.0754,"PRUID":"46","Province":"MB"}},
{"type":"Feature","geometry":{"type":"Polygon","coordinates":[[[-100.57101826095987,56.23244544649649],[-100.58132683202852,56.22846635347224],[-100.56962024468669,56.22032124047115],[-100.55457643020316,56.219168878573655],[-100.54316842133515,56.22860302979507],[-100.57101826095987,56.23244544649649]]]},"properties":{"DAUID":"46230034","DGUID":"2021S051246230034","LANDAREA":2.5397,"PRUID":"46","Province":"MB"}},
{"type":"Feature","geometry":{"type":"Polygon","coordinates":[[[-100.8140216267422,56.75016610055345],[-100.81572009736367,56.84766309763026],[-100.8166326395881,56.97002987910792],[-101.25736798637391,56.96625900670557],[-101.34497711096482,56.965438845638516],[-101.33333698392319,56.704964414343635],[-101.33301138188631,56.683826929715075],[-101.22807039717623,56.683089086767986],[-100.81284763114083,56.682466062007045],[-100.8140216267422,56.75016610055345]]]},"properties":{"DAUID":"46230037","DGUID":"2021S051246230037","LANDAREA":867.5324,"PRUID":"46","Province":"MB"}},
{"type":"Feature","geometry":{"type":"Polygon","coordinates":[[[-101.63778715725297,57.8840285513267],[-101.64014313528537,57.883369363405265],[-101.64097631791972,57.882480253263964],[-101.63832024747151,57.88205446393175],[-101.63778715725297,57.8840285513267]]]},"properties":{"DAUID":"46230039","DGUID":"2021S051246230039","LANDAREA":0.0371,"PRUID":"46","Province":"MB"}},
{"type":"Feature","geometry":{"type":"Polygon","coordinates":[[[-101.58642424082839,57.89132645789325],[-101.5944477217737,57.890039669178805],[-101.59906155394542,57.88367365531422],[-101.59271383349201,57.88134074539746],[-101.58334543902453,57.886682757230986],[-101.58642424082839,57.89132645789325]]]},"properties":{"DAUID":"46230040","DGUID":"2021S051246230040","LANDAREA":0.8272,"PRUID":"46","Province":"MB"}},
{"type":"Feature","geometry":{"type":"Polygon","coordinates":[[[-92.08426412833784,55.85572328737773],[-92.08230114931706,55.87175262489982],[-92.13048808077879,55.88795682681216],[-92.16130444223056,55.85743276685075],[-92.0653565780902,55.826131623821766],[-92.03372623839667,55.85620278411774],[-92.07704927680612,55.8706338453156],[-92.08426412833784,55.85572328737773]]]},"properties":{"DAUID":"46230041","DGUID":"2021S051246230041","LANDAREA":22.3984,"PRUID":"46","Province":"MB"}},
{"type":"Feature","geometry":{"type":"Polygon","coordinates":[[[-100.49387166281441,55.97499745453966],[-100.50005036000226,55.971722344449674],[-100.4999999954086,55.874830165863585],[-100.61360660580739,55.87271719532323],[-100.61060882959163,55.79584804935997],[-100.59950626423954,55.79227555919036],[-100.5981375781841,55.78496646951461],[-100.57990045231027,55.787650348015724],[-100.58527796292644,55.799013254541094],[-100.5805507240381,55.803704144460795],[-100.56456912745976,55.80217445455743],[-100.56153023948582,55.82025206082432],[-100.57007465867927,55.83172705815202],[-100.5533730595843,55.85194375171065],[-100.5362338702752,55.84634975967559],[-100.52315356011042,55.84696355974439],[-100.51549446377842,55.82472424381359],[-100.50668534994384,55.82880114164538],[-100.51917335992373,55.8397460617907],[-100.50316293070935,55.84851165587837],[-100.51124744065874,55.85528985443604],[-100.48610343993064,55.858062444760904],[-100.47587724455782,55.848817747278574],[-100.46237445454169,55.850098563427096],[-100.46295904579696,55.86749995165591],[-100.45181826299468,55.87614143963865],[-100.45391693555693,55.88568985312633],[-100.46909515594488,55.896953763420655],[-100.4595250395681,55.91119256210679],[-100.43827845580087,55.90743825130956],[-100.42525357138506,55.910716452178924],[-100.42049392903279,55.92253786176054],[-100.4490702657863,55.92773845015541],[-100.43279683847982,55.94923215166041],[-100.44251264502353,55.96705425868604],[-100.45533626690792,55.96287255586142],[-100.4619827656809,55.969164248431525],[-100.49387166281441,55.97499745453966]]]},"properties":{"DAUID":"46230043","DGUID":"2021S051246230043","LANDAREA":80.538,"PRUID":"46","Province":"MB"}},
{"type":"Feature","geometry":{"type":"Polygon","coordinates":[[[-100.0395319201825,56.328473001461184],[-100.00915121095473,56.32830541650094],[-99.7413317953288,56.33112941950716],[-99.56573734134973,56.33316302172239],[-99.35774782596323,56.33358786002628],[-99.35943205239055,56.472086725057345],[-99.36040816448374,56.509073926224964],[-99.37753810559305,56.5088956724617],[-99.37805072972799,56.595121097600156],[-99.51706496710533,56.59504432618975],[-99.65740815131258,56.595375526736],[-99.91637960583972,56.59488583106117],[-99.93605079740593,56.59391600918785],[-99.9572013236941,56.560889404069336],[-99.96382600516533,56.54305758966941],[-99.97610628711843,56.52350990010057],[-99.98285687794424,56.50108479189562],[-99.99458680187718,56.48310288923048],[-100.03801929960865,56.44011431124047],[-100.04044049690786,56.43077670257424],[-100.03755731067312,56.401716698838285],[-100.02599768081697,56.39002470355697],[-100.02251608423418,56.37253279639944],[-100.0355278127048,56.35739288952684],[-100.0395319201825,56.328473001461184]]]},"properties":{"DAUID":"46230044","DGUID":"2021S051246230044","LANDAREA":993.5721,"PRUID":"46","Province":"MB"}},
{"type":"Feature","geometry":{"type":"Polygon","coordinates":[[[-99.93605079740593,56.59391600918785],[-100.00005970800191,56.59458718251702],[-100.07371344450839,56.594273251315286],[-100.17346393562934,56.59487281659531],[-100.17487283455718,56.504858447460066],[-100.15011868974095,56.504639196820094],[-100.14907892126725,56.435970082958725],[-100.14899190300727,56.330483431236246],[-100.0395319201825,56.328473001461184],[-100.0355278127048,56.35739288952684],[-100.02251608423418,56.37253279639944],[-100.02599768081697,56.39002470355697],[-100.03755731067312,56.401716698838285],[-100.04044049690786,56.43077670257424],[-100.03801929960865,56.44011431124047],[-99.99458680187718,56.48310288923048],[-99.98285687794424,56.50108479189562],[-99.97610628711843,56.52350990010057],[-99.96382600516533,56.54305758966941],[-99.9572013236941,56.560889404069336],[-99.93605079740593,56.59391600918785]]]},"properties":{"DAUID":"46230045","DGUID":"2021S051246230045","LANDAREA":244.0894,"PRUID":"46","Province":"MB"}},
{"type":"Feature","geometry":{"type":"Polygon","coordinates":[[[-98.91940771402405,56.78504089523119],[-98.92014290913906,56.78567030167184],[-98.92161701453608,56.785195087381695],[-98.92130688678276,56.78477260599724],[-98.91940771402405,56.78504089523119]]]},"properties":{"DAUID":"46230047","DGUID":"2021S051246230047","LANDAREA":0.0093,"PRUID":"46","Province":"MB"}},
{"type":"Feature","geometry":{"type":"Polygon","coordinates":[[[-94.19460760339757,56.504541130240646],[-94.19677841593567,56.50778514497957],[-94.21078029885476,56.50304439932752],[-94.20799792979044,56.50002940976981],[-94.19460760339757,56.504541130240646]]]},"properties":{"DAUID":"46230051","DGUID":"2021S051246230051","LANDAREA":0.4094,"PRUID":"46","Province":"MB"}},
{"type":"Feature","geometry":{"type":"Polygon","coordinates":[[[-94.02930357361566,58.762353071511136],[-94.05353528550737,58.76509100407037],[-94.06665670451484,58.76181668919931],[-94.08873687913626,58.7656531020355],[-94.1083393082714,58.76544699913682],[-94.17147869389672,58.77389454824754],[-94.2022980141237,58.78946154151839],[-94.20279350659884,58.7836554502521],[-94.18141133654375,58.76928624028448],[-94.17177703272876,58.75420974164582],[-94.14429341127295,58.75000004950448],[-94.14074312493622,58.733009341012256],[-94.1728354355994,58.72893373479495],[-94.17197903345232,58.71993795878226],[-94.17939853071834,58.704525546457354],[-94.17236872923299,58.70152027854312],[-94.04618622017597,58.70078709684053],[-94.04175245870368,58.74778522507198],[-94.02930357361566,58.762353071511136]],[[-94.16158511936135,58.77056160876225],[-94.15888889720229,58.76802990979736],[-94.16480489584389,58.766954196092605],[-94.16722688118296,58.76967529046008],[-94.16158511936135,58.77056160876225]]]},"properties":{"DAUID":"46230054","DGUID":"2021S051246230054","LANDAREA":50.65,"PRUID":"46","Province":"MB"}},
{"type":"Feature","geometry":{"type":"Polygon","coordinates":[[[-94.16158511936135,58.77056160876225],[-94.16722688118296,58.76967529046008],[-94.16480489584389,58.766954196092605],[-94.15888889720229,58.76802990979736],[-94.16158511936135,58.77056160876225]]]},"properties":{"DAUID":"46230055","DGUID":"2021S051246230055","LANDAREA":0.1788,"PRUID":"46","Province":"MB"}},
{"type":"Feature","geometry":{"type":"Polygon","coordinates":[[[-101.24155780933403,55.754575012522714],[-101.2668454869024,55.7559161114999],[-101.27955298686977,55.75958649425201],[-101.2916656763895,55.75743579587428],[-101.29872782484453,55.74635506850001],[-101.29242313590312,55.754984855926736],[-101.27569455653041,55.75800285910491],[-101.26347413747632,55.731165461715136],[-101.28056664077735,55.73000855029736],[-101.28686305903112,55.7481808578803],[-101.30457774599589,55.74031315392598],[-101.30618619714406,55.7341968354261],[-101.28759205784442,55.729652458530545],[-101.2691785675584,55.72103255077391],[-101.24249643503029,55.72316365127645],[-101.24155780933403,55.754575012522714]]]},"properties":{"DAUID":"46230056","DGUID":"2021S051246230056","LANDAREA":9.5215,"PRUID":"46","Province":"MB"}},
{"type":"Feature","geometry":{"type":"Polygon","coordinates":[[[-101.24155780933403,55.754575012522714],[-101.24142651127494,55.76168220991145],[-101.25871413740178,55.76090316501165],[-101.28514155508071,55.771668851294976],[-101.30122516068559,55.771450958935866],[-101.29896404424288,55.760849142423716],[-101.3153746402122,55.74853645920504],[-101.32770134472433,55.74561265695785],[-101.32699755548911,55.73664744726455],[-101.29872782484453,55.74635506850001],[-101.2916656763895,55.75743579587428],[-101.27955298686977,55.75958649425201],[-101.2668454869024,55.7559161114999],[-101.24155780933403,55.754575012522714]]]},"properties":{"DAUID":"46230057","DGUID":"2021S051246230057","LANDAREA":5.9909,"PRUID":"46","Province":"MB"}},
{"type":"Feature","geometry":{"type":"Polygon","coordinates":[[[-101.59349963474574,57.94386267398909],[-101.67101648286886,57.94320377770528],[-101.67008303618479,57.881948973784006],[-101.64846154384489,57.88447875772498],[-101.62118716005214,57.8835832459262],[-101.60736633822421,57.89715545318412],[-101.61747033732496,57.900621543213624],[-101.61149276354213,57.911915657964094],[-101.58982284418397,57.91817176126992],[-101.5759380332051,57.91334735142969],[-101.58629014740018,57.90551696385215],[-101.58787713082162,57.8937826681476],[-101.57106484842306,57.8945824529791],[-101.55419412761643,57.90340915513776],[-101.54755105862074,57.91891064529511],[-101.54862664260372,57.92606324891595],[-101.5376005375726,57.93255674355286],[-101.5167526231695,57.93112516499502],[-101.4973239575881,57.9448128602123],[-101.59349963474574,57.94386267398909]]]},"properties":{"DAUID":"46230060","DGUID":"2021S051246230060","LANDAREA":35.8788,"PRUID":"46","Province":"MB"}},
{"type":"Feature","geometry":{"type":"Polygon","coordinates":[[[-100.53463120475215,56.87055478404278],[-100.56701486458637,56.861584210579906],[-100.57378924742756,56.851676050164194],[-100.591451757747,56.84893286010101],[-100.61003118182578,56.837301216972136],[-100.60514447066542,56.79219835012155],[-100.59166621348281,56.79411785415814],[-100.56512902570294,56.80726085298749],[-100.53701176691196,56.81584344752448],[-100.53719423279682,56.832847661480145],[-100.5475154301168,56.841736656939176],[-100.53897563629535,56.855763913824504],[-100.53463120475215,56.87055478404278]]]},"properties":{"DAUID":"46230062","DGUID":"2021S051246230062","LANDAREA":23.8381,"PRUID":"46","Province":"MB"}},
{"type":"Feature","geometry":{"type":"Polygon","coordinates":[[[-94.70960153778667,56.34698438164352],[-94.71440430144051,56.35333010084797],[-94.72187680515064,56.34927269020741],[-94.71057999800742,56.34512955461155],[-94.70960153778667,56.34698438164352]]]},"properties":{"DAUID":"46230063","DGUID":"2021S051246230063","LANDAREA":0.5612,"PRUID":"46","Province":"MB"}},
{"type":"Feature","geometry":{"type":"Polygon","coordinates":[[[-94.71057999800742,56.34512955461155],[-94.70804491528203,56.34575290121538],[-94.70960153778667,56.34698438164352],[-94.71057999800742,56.34512955461155]]]},"properties":{"DAUID":"46230067","DGUID":"2021S051246230067","LANDAREA":0.0226,"PRUID":"46","Province":"MB"}},
{"type":"Feature","geometry":{"type":"Polygon","coordinates":[[[-98.91219843472817,56.81195500396133],[-98.90857032701715,56.80351495187645],[-98.91862012244962,56.80064305350514],[-98.91422323278987,56.78883963885773],[-98.93388233706658,56.781368444797224],[-98.95739675366507,56.75281384909568],[-98.94330617966881,56.745353128313326],[-98.9165034604025,56.752391454433635],[-98.90883906190568,56.75928522800391],[-98.90921604656938,56.77238339661406],[-98.89912720200688,56.79486883007408],[-98.8967248698508,56.80871793164448],[-98.91219843472817,56.81195500396133]],[[-98.91940771402405,56.78504089523119],[-98.92130688678276,56.78477260599724],[-98.92161701453608,56.785195087381695],[-98.92014290913906,56.78567030167184],[-98.91940771402405,56.78504089523119]],[[-98.91958302415902,56.77990536980812],[-98.92094431079428,56.78029439823937],[-98.91997971737246,56.78157238244541],[-98.91825266785226,56.78110508185228],[-98.91958302415902,56.77990536980812]]]},"properties":{"DAUID":"46230068","DGUID":"2021S051246230068","LANDAREA":10.5294,"PRUID":"46","Province":"MB"}},
{"type":"Feature","geometry":{"type":"Polygon","coordinates":[[[-98.91958302415902,56.77990536980812],[-98.91825266785226,56.78110508185228],[-98.91997971737246,56.78157238244541],[-98.92094431079428,56.78029439823937],[-98.91958302415902,56.77990536980812]]]},"properties":{"DAUID":"46230069","DGUID":"2021S051246230069","LANDAREA":0.0169,"PRUID":"46","Province":"MB"}},
{"type":"Feature","geometry":{"type":"Polygon","coordinates":[[[-95.00010376643125,56.25000012146895],[-94.74979540857143,56.24999114778449],[-94.49993348606893,56.24994411425329],[-94.34916554151074,56.24998436641146],[-94.12971467372309,56.24562443818539],[-93.99982234370762,56.24496432356274],[-93.99943401318774,56.419024434019406],[-93.99831538908977,56.50513439262327],[-93.68271486824462,56.50543936592364],[-93.68456695773914,56.704022645670015],[-93.68459079916737,56.76954778396877],[-93.99999999709972,56.769375581671355],[-93.99999998961623,56.68122446385331],[-94.10887122878052,56.68132466648355],[-94.11446339643452,56.59579340214552],[-94.27170117050792,56.59355793192504],[-94.27349361871754,56.50810453733114],[-94.46178253556572,56.50635510813153],[-94.46250009603189,56.43878499803697],[-94.46015011335463,56.42304075938311],[-95.00010423997249,56.41989953081939],[-95.00010398227623,56.33499942460257],[-95.00010376643125,56.25000012146895]],[[-94.19460760339757,56.504541130240646],[-94.20799792979044,56.50002940976981],[-94.21078029885476,56.50304439932752],[-94.19677841593567,56.50778514497957],[-94.19460760339757,56.504541130240646]],[[-94.70960153778667,56.34698438164352],[-94.70804491528203,56.34575290121538],[-94.71057999800742,56.34512955461155],[-94.72187680515064,56.34927269020741],[-94.71440430144051,56.35333010084797],[-94.70960153778667,56.34698438164352]]]},"properties":{"DAUID":"46230070","DGUID":"2021S051246230070","LANDAREA":1993.8799,"PRUID":"46","Province":"MB"}},
{"type":"Feature","geometry":{"type":"MultiPolygon","coordinates":[[[[-88.97957690400274,56.851148447077215],[-88.99999978720754,56.854083025119465],[-89.05068993425408,56.853532935821235],[-89.08596649826586,56.86208882807719],[-89.2115800107048,56.88010274222733],[-89.26461001212044,56.89372333200034],[-89.2642897927413,56.89617183860563],[-89.32032321332711,56.91014442482324],[-89.36360202718629,56.923718338460304],[-89.39151436372009,56.92028145933741],[-89.41011812468568,56.923791026699625],[-89.44498058467293,56.92485644478007],[-89.46236628453671,56.92250392437098],[-89.49865080238145,56.92437774998131],[-89.51871309961827,56.92950713226247],[-89.57573222517289,56.940748524303515],[-89.58835910762689,56.94453023889839],[-89.61917430108483,56.94764164399273],[-89.68200959375804,56.9611735347577],[-89.70720959866138,56.96490762346896],[-89.74621082478922,56.967655739637],[-89.77676912744732,56.97187463539999],[-89.83010039202314,56.98415712474316],[-89.89240178751407,57.00000003816344],[-89.92461309137234,57.002119828541495],[-89.9339278318254,57.0000000411077],[-89.94946081211428,57.000000026230126],[-89.97713921318385,57.0079784460335],[-89.98034032410933,57.01329993829723],[-89.99999980721647,57.02105903349313],[-89.99999979358172,57.023284038294406],[-89.99999982942293,57.02454302445083],[-89.99999980113019,57.02534303220034],[-90.02782800586914,57.03850632335102],[-90.06877231379674,57.05165592949259],[-90.11782301997636,57.06490864055926],[-90.15861091070467,57.07465193296494],[-90.17600713146692,57.080795750096854],[-90.18781512571435,57.09220255072337],[-90.24094461226521,57.11320404815108],[-90.30165352821915,57.133544248575674],[-90.31227712636384,57.13973463821474],[-90.35418993066499,57.15257623303215],[-90.39139379293998,57.15807004509539],[-90.38893483281218,57.176977829885615],[-90.46658062830267,57.197588926247356],[-90.48286799356406,57.19955603690825],[-90.50941361741988,57.19777494244493],[-90.54373950209072,57.21040984699284],[-90.5623368009523,57.21192793927135],[-90.5877989093919,57.22341053598149],[-90.63580020954943,57.23788663607221],[-90.66352342674129,57.23850153304045],[-90.71431009143956,57.23209213084654],[-90.73434688845852,57.23625303371549],[-90.7518569901079,57.2465966439784],[-90.77247950499036,57.25301204667869],[-90.78628443528972,57.24653084401421],[-90.79776428947599,57.251395631310054],[-90.86123513028708,57.26525063291336],[-90.87929649457928,57.26672574688924],[-90.89340739673054,57.26296222926028],[-90.94774870521633,57.26217105102995],[-90.96444279723731,57.259207627012096],[-91.00363373466276,57.26385903393982],[-91.01482701254095,57.26120784405975],[-91.064861597486,57.25930374561349],[-91.10406871849048,57.253379031728414],[-91.12956253000398,57.253928734646074],[-91.14651789061509,57.24766812808862],[-91.15944712627227,57.25215642821446],[-91.17323193494146,57.243161949557226],[-91.20847552234258,57.23705583362469],[-91.23780291980859,57.22930304516196],[-91.2507290052483,57.22839062841173],[-91.2669984208403,57.21965963378247],[-91.28318712924188,57.21963093770186],[-91.3173181032101,57.21412174492347],[-91.33343772126852,57.207367748772995],[-91.37619219938034,57.20099724788528],[-91.39649232151834,57.192384050541456],[-91.4030359099528,57.19325782929074],[-91.45269869947974,57.179767936563614],[-91.47081200111333,57.17663114258949],[-91.54449940620734,57.15681753187227],[-91.5680133173556,57.15368783232081],[-91.57926042639583,57.14827044363987],[-91.63396929452428,57.13786763946903],[-91.64562832804263,57.13292592850081],[-91.68306450239797,57.12930724879478],[-91.71790263521076,57.1205022373662],[-91.78736671214021,57.09819823622924],[-91.8290317255367,57.089715653131286],[-91.87010990994494,57.07719834799503],[-91.95185039426521,57.06140114478894],[-91.96697002837102,57.05603254916632],[-91.97741983321698,57.05689293196605],[-92.016881526012,57.05123504833705],[-92.06860112609549,57.04743785281997],[-92.09436713028025,57.04770523462548],[-92.1040111112264,57.0392101333343],[-92.12305342292377,57.04920794681565],[-92.16752560859686,57.04067834745989],[-92.20028563136951,57.031207334460674],[-92.22354423999393,57.02173194955416],[-92.26671630614926,57.00000002850672],[-92.25684192929599,57.012065837194754],[-92.26270672534758,57.018121230139364],[-92.29872979898714,57.00640014120879],[-92.27646553387166,57.02402984652054],[-92.2220003220138,57.05258223102854],[-92.19648934106966,57.06311804887366],[-92.1944419070627,57.0683704506075],[-92.20977321953228,57.07249323347882],[-92.22564230920617,57.07142653969177],[-92.28366031237927,57.063578449406],[-92.32752052860522,57.06001724553233],[-92.36866252297288,57.05875285156222],[-92.4429882331737,57.046730441460106],[-92.48220700391934,57.03467323185258],[-92.55965051081738,57.00239475022188],[-92.58028390138976,56.991821033139345],[-92.61641311069279,56.97870104626773],[-92.63455280622719,56.959263447048684],[-92.66172752683025,56.9430602479503],[-92.68377501969891,56.932223146791394],[-92.70102441718349,56.92759803413438],[-92.7570659009019,56.91789343310983],[-92.77233773786706,56.91866533974594],[-92.81636519947898,56.91040373499201],[-92.83659522146041,56.91252054788402],[-92.86142360440108,56.91099322958193],[-92.90366100696671,56.905112853208095],[-92.92161831857497,56.907302447026424],[-92.93394014434841,56.91241524297459],[-92.97855759876697,56.912233951799266],[-92.99999984302067,56.908412037239344],[-92.9999998294482,56.92127204070732],[-92.94089923666584,56.91954724287155],[-92.92149589908428,56.91413404401111],[-92.83406841628688,56.92312483602251],[-92.80981984079128,56.932108044298836],[-92.76159314234309,56.937702538716664],[-92.72660051039988,56.9457904424006],[-92.71364330247049,56.95366864549418],[-92.6862973362583,56.98760863134927],[-92.63852613531253,57.021446249272536],[-92.61212639638603,57.043230451125744],[-92.59613244302395,57.05016184068845],[-92.57592409679181,57.06871785324716],[-92.54487690698274,57.10108704251219],[-92.51787741552113,57.145336052899395],[-92.49557242650037,57.17930173249171],[-92.46979391947032,57.20937123887825],[-92.44899369873276,57.23740113659334],[-92.438585894837,57.26368674926824],[-92.43321524014442,57.309085546618284],[-92.42446581603022,57.329149252472114],[-92.42501702303171,57.35770403485173],[-92.43389352577715,57.37526354566809],[-92.44184210655665,57.39853003054707],[-92.44949129433432,57.43423093960296],[-92.45934560009186,57.460007334622105],[-92.4791375389607,57.48688033673862],[-92.50297220196076,57.53147275169736],[-92.5111964186856,57.536573539382225],[-92.54211863740984,57.543077955418944],[-92.5433547216473,57.56043664806275],[-92.56116743977692,57.59201864334715],[-92.57910030996543,57.60640504669745],[-92.59045239380991,57.61963274078327],[-92.60070310708896,57.64058344756999],[-92.62653162288953,57.659645143655474],[-92.65678693790446,57.70350294144195],[-92.66745203105127,57.71359704316589],[-92.71118372060992,57.773542336620395],[-92.71361911491326,57.78295823696024],[-92.73063910302743,57.809844039602524],[-92.73223680545895,57.83268594629515],[-92.74160582968076,57.83490914973315],[-92.74818829059555,57.854657931629575],[-92.7619912056093,57.87569425403422],[-92.78369919525791,57.93298654820342],[-92.78529479313936,57.947243244940545],[-92.79353780589453,57.95689593994043],[-92.79899030667221,57.98177513856631],[-92.81489810254067,58.01878015299997],[-92.81516583061622,58.031004844892934],[-92.80030890058991,58.04330353430484],[-92.82394222767726,58.064618143288484],[-92.85074329841292,58.10546865119409],[-92.85190389230077,58.117019454554246],[-92.84678539241605,58.133859140107674],[-92.86067969047734,58.1386973455524],[-92.88188100485822,58.15183825085485],[-92.87113923587411,58.16205473959181],[-92.86921532067724,58.170666545780314],[-92.89491730323338,58.17558013429861],[-92.921641889819,58.19961344362121],[-92.93002322242758,58.212339841844354],[-92.92740208922227,58.218581331865316],[-92.95907362779418,58.257920150736126],[-92.9683576180492,58.2620038386552],[-92.97943951284415,58.28040524802344],[-92.97562083341761,58.28741185236053],[-92.97835001645694,58.30425395294972],[-92.9683495213273,58.30829913815429],[-93.0139056986989,58.327208443241986],[-93.03455949500814,58.3449422548533],[-93.04412462455403,58.359774148796085],[-93.04322290208418,58.36738394404806],[-93.05554029251812,58.37943855396619],[-93.05436782857066,58.38661095099459],[-93.06066773107045,58.40781574710305],[-93.0567862259137,58.41142305008607],[-93.0732208294724,58.42315505047939],[-93.08384610693935,58.44011313683216],[-93.09742699518623,58.45263594644785],[-93.1155292268165,58.47780413201342],[-93.11170179926879,58.48911365692398],[-93.11563069712903,58.50307964412877],[-93.13449812374422,58.52665364077652],[-93.13675969634394,58.552996551106695],[-93.129614706956,58.556437151622426],[-93.14166539440222,58.57159753626434],[-93.1355948093637,58.57973975045025],[-93.13517622632263,58.60323084758016],[-93.1477152934404,58.62487283239154],[-93.15430099572372,58.65776804906328],[-93.14406072917484,58.67596623509046],[-93.14694631032381,58.68895923343732],[-93.15851012752304,58.69062823537485],[-93.17603681509111,58.7111084319421],[-93.17368251130829,58.72710365548404],[-93.17982821430941,58.73724893801346],[-93.21018208538854,58.76282223700526],[-93.2387527896256,58.76541345335844],[-93.2471237189968,58.7706159427732],[-93.26070320420774,58.76431605608846],[-93.28108030808495,58.76100675443232],[-93.30052859738076,58.75186124194271],[-93.32792488605394,58.756195452761666],[-93.32721358433602,58.7639333365221],[-93.34837320326822,58.764709539789294],[-93.37388578867422,58.75461963781231],[-93.38322368702363,58.75566575837842],[-93.39266919515015,58.73736274105236],[-93.41458022643165,58.722505156920825],[-93.44868321184562,58.7246487396548],[-93.4645908213639,58.72919325346555],[-93.45871709502971,58.73764093926419],[-93.46607480824935,58.76257945909086],[-93.49787031470899,58.77544304786844],[-93.53739562281959,58.77839325552089],[-93.5335456040524,58.76830354884999],[-93.55113233084964,58.7701177455416],[-93.58058031669226,58.764956750146176],[-93.60780592818408,58.76765805448881],[-93.64074672782326,58.78820693753858],[-93.66459801966427,58.79058125288007],[-93.68635323424124,58.78721973832519],[-93.74570312621024,58.7923699356105],[-93.75257480167203,58.79153625310878],[-93.74133981434937,58.77447084437201],[-93.75663223042616,58.76871574907095],[-93.78358671333848,58.77391104708079],[-93.81573490543569,58.77069423590709],[-93.8165271034215,58.77782114259011],[-93.84116491277081,58.77104815625653],[-93.87003929240535,58.766744039901006],[-93.87361808832723,58.755499054592946],[-93.88968660937309,58.75156074406285],[-93.89787351019514,58.76146485641821],[-93.90887532595522,58.76638624923187],[-93.93941573436902,58.76505933580458],[-93.96791883084784,58.77033785377075],[-93.99820090231735,58.76525934485605],[-94.02930357361566,58.762353071511136],[-94.04175245870368,58.74778522507198],[-94.04618622017597,58.70078709684053],[-94.17236872923299,58.70152027854312],[-94.17939853071834,58.704525546457354],[-94.17197903345232,58.71993795878226],[-94.1728354355994,58.72893373479495],[-94.14074312493622,58.733009341012256],[-94.14429341127295,58.75000004950448],[-94.17177703272876,58.75420974164582],[-94.18141133654375,58.76928624028448],[-94.20279350659884,58.7836554502521],[-94.2022980141237,58.78946154151839],[-94.2185748362458,58.794472150708145],[-94.24439653144192,58.78868644518663],[-94.26436340722093,58.78940735125815],[-94.27014779433503,58.779243447809776],[-94.28818412944939,58.77289494897735],[-94.28532433308085,58.76393403917159],[-94.30161273351106,58.74151135739209],[-94.32337532753705,58.719882945387745],[-94.34415099796956,58.709964658153936],[-94.36938852110511,58.70416905220522],[-94.4266368967393,58.70282835617734],[-94.44022983408185,58.713023956717265],[-94.45094949784864,58.7152669522542],[-94.47641620562919,58.737709551336394],[-94.4793616227241,58.75000004602831],[-94.47582659615635,58.75812085823224],[-94.4836431170819,58.78483843909919],[-94.48985092409521,58.791116139467036],[-94.51076840460705,58.801215346628744],[-94.517600008705,58.81887305194282],[-94.52935900537888,58.827061044506706],[-94.5753496052466,58.83908744051396],[-94.58868973978933,58.85204294136646],[-94.60178469562219,58.85669685508695],[-94.60610102547146,58.86635654845057],[-94.60640683684481,58.88844373847315],[-94.60201412830344,58.897316249729926],[-94.60272973151166,58.897533815300505],[-94.606124369399,58.913322758059486],[-94.62758788924383,58.91852769372063],[-94.63465788116024,58.924174602652506],[-94.65125501148762,58.92315300515794],[-94.65631057752267,58.917218788809],[-94.6863077922389,58.89982300048177],[-94.70227860539985,58.88572561092048],[-94.72673778939414,58.870612711049745],[-94.73677292178633,58.87375149165233],[-94.71547828898431,58.8878317078301],[-94.70359219380036,58.89217479056968],[-94.6861379187993,58.9120326970227],[-94.68680799175064,58.924041704661505],[-94.67646050300546,58.935266288825005],[-94.67674818843685,58.9441113960849],[-94.68837889237432,58.94835618963528],[-94.68561220117354,58.95956395493427],[-94.70158450364278,58.96229674308818],[-94.71392759010386,58.976077351112096],[-94.71641439737127,58.98597014112463],[-94.73246629045411,59.00275524305185],[-94.75238812721948,59.0137449477517],[-94.76873001574128,59.01677426045324],[-94.78084712890514,59.01276584585408],[-94.7876556994862,59.016264161302296],[-94.7887421187313,59.03641015653247],[-94.79782552755094,59.046350059931534],[-94.78969580928644,59.055117540906686],[-94.8016988937663,59.06889025609525],[-94.79834590192749,59.081051456073425],[-94.79834493858762,59.081217452175785],[-94.81059470087601,59.08561835383883],[-94.81298303738393,59.10050075001606],[-94.81114130062483,59.118245955593274],[-94.79391943498231,59.12664973692763],[-94.79983723180307,59.13609644708334],[-94.79490351251924,59.14712134634706],[-94.78118390159105,59.152632840299454],[-94.78232909472626,59.164055460156135],[-94.80505760767645,59.18779313975437],[-94.80100162854943,59.19841443886372],[-94.80864628706759,59.213556503531585],[-94.82690400613998,59.21791019176236],[-94.80544680735404,59.23409754004572],[-94.80279771426888,59.240459250322196],[-94.78576190400048,59.24601286172361],[-94.7881799981826,59.25360085807558],[-94.80415683048913,59.26600874947404],[-94.79962091256674,59.270965250937905],[-94.77741901119948,59.278216459623096],[-94.77116942183389,59.28500505584383],[-94.78145221348811,59.2977931447311],[-94.75268310630128,59.309143648421255],[-94.75938863469794,59.31992453953729],[-94.78730980983555,59.320695102385564],[-94.80828820609283,59.34182229073425],[-94.79813398660453,59.348016206271744],[-94.79779711567262,59.361496791190696],[-94.8040595913249,59.36905490951326],[-94.82134600140891,59.37512491283841],[-94.85822261786525,59.37363130749718],[-94.8883596977618,59.38029660117608],[-94.912903087323,59.372934093129615],[-94.93011922633019,59.371597710655784],[-94.93377510084564,59.378695712148534],[-94.91202057777775,59.38498469731637],[-94.89290421176968,59.38422228926313],[-94.85420149988667,59.387246593158174],[-94.80033518759289,59.369085906551454],[-94.78716318587527,59.35411558725415],[-94.79317969806321,59.34294230585368],[-94.76702247453893,59.33533900686233],[-94.75378133271913,59.33809094517943],[-94.71566351127527,59.32445514489442],[-94.71600442271608,59.33503014602512],[-94.73375362941312,59.333316235988256],[-94.75297069767123,59.34255535452214],[-94.7159892064358,59.38017074763959],[-94.7282590355181,59.39650355511153],[-94.74383841555478,59.39649964960142],[-94.74331642850805,59.407581242448174],[-94.73414101344893,59.41179774639616],[-94.75041998705919,59.42768523911033],[-94.73633711175879,59.44004984667509],[-94.7448446111401,59.459502637903654],[-94.76373460423432,59.47456405707001],[-94.76296198838001,59.48345905727625],[-94.77466599394906,59.49623503875741],[-94.77321632159469,59.50108684814759],[-94.7922646210336,59.50581746044435],[-94.80044643610367,59.51566904676219],[-94.8007319384979,59.53418336104315],[-94.81150180006998,59.54451845133492],[-94.80200822126356,59.551259847211924],[-94.79955131914764,59.56630025916794],[-94.78749182789385,59.56904005938424],[-94.80708280501884,59.581347341197635],[-94.8110821271402,59.591404750699375],[-94.83611010022143,59.60257133993053],[-94.82758948756853,59.61586064126129],[-94.834178419319,59.64887733588013],[-94.82970999787504,59.659311253889776],[-94.81071279904732,59.669834845580574],[-94.82575243157763,59.672616557545275],[-94.82067321235951,59.68020645215817],[-94.82433121473227,59.68891634315057],[-94.81126793420441,59.699633143017536],[-94.8276542869162,59.702546051919136],[-94.81708111551028,59.72765865408063],[-94.82253810673426,59.73922424759955],[-94.81906231971298,59.7459121593066],[-94.79652989444406,59.751278352192124],[-94.79483563596,59.76735725300066],[-94.78298791155119,59.77083636002858],[-94.77254582347156,59.790020448639716],[-94.79197879319867,59.79580555152859],[-94.79921639540045,59.81024721151442],[-94.81089221202956,59.81940526001063],[-94.80273111713002,59.831791803875454],[-94.80060250896874,59.855525500082855],[-94.81133698349096,59.862189612836424],[-94.81126230207727,59.871736212362336],[-94.82736860194952,59.88163850309475],[-94.81512554418134,59.88730374766568],[-94.83185168229873,59.90237283134359],[-94.82396388549249,59.907389178286685],[-94.82618793238773,59.923084738613895],[-94.83770761241935,59.93284119938885],[-94.8391397861504,59.95530846599249],[-94.85276599705261,59.96292429149615],[-94.85274581517879,59.97128090587442],[-94.83388306298572,59.97832151728576],[-94.8240718982102,59.99671179883542],[-94.82807905269529,60.000000135005926],[-95.17499998043981,59.99999998736122],[-95.5749999874615,59.999999996870166],[-95.75000000369226,59.999999989747735],[-96.00000002442158,59.99999999738371],[-96.25000000870502,60.00000001000793],[-96.50000001293738,59.999999996804235],[-96.74999999569593,59.99999999077443],[-97.00000001748178,60.000000002294094],[-97.2500000253529,60.0000000007482],[-97.5000000226618,59.99999998748978],[-97.75000001778616,59.99999999771703],[-98.00000000511237,59.99999999538043],[-98.2499999885694,60.0000000045812],[-98.50000001438568,60.00000000176401],[-98.7499999767487,60.000000005391186],[-99.00000002639038,60.00000000137831],[-99.24999999977007,60.00000000039147],[-99.4999999953089,60.0000000061926],[-99.75000000059532,60.00000000971355],[-100.00000000305525,60.000000009587154],[-100.24999999019226,60.0000000121475],[-100.49999999489312,60.00000000171827],[-100.75000000483813,59.999999999766466],[-101.00000000096435,60.00000000934489],[-101.25000000878786,60.00000001128474],[-101.50000000126526,59.999999997801126],[-101.75000001142583,59.99999999090614],[-102.00000001273868,59.99999999808858],[-102.00738974793788,59.75177941307077],[-102.00666187384986,59.000538578744795],[-102.00628649951824,58.81456941818359],[-102.00602442499505,58.31370962511486],[-102.00574161488748,57.999933100845006],[-102.00522942175711,57.41685933004232],[-102.00502447835541,57.17805422504786],[-102.00739109778392,57.08348720778772],[-102.0076091416897,56.50015461829366],[-102.00635711025328,56.32559571031961],[-102.00405225979655,55.99984026238021],[-102.00412938852901,55.80935007512432],[-101.96387163013246,55.80946849800136],[-101.96366510858844,55.62400200215794],[-101.85650759137293,55.625117856592816],[-101.63752107233219,55.62574681438175],[-101.33702907754063,55.62591590637619],[-101.01647110427396,55.62521081747507],[-100.7817817285461,55.625471031411976],[-100.52557064692382,55.6251957157495],[-100.33562144948996,55.62461464413707],[-100.02619367240423,55.62291158447874],[-99.7295329139596,55.62413354471221],[-99.53444436266767,55.62451040582672],[-99.37177835370088,55.62601315724155],[-99.01719346015783,55.62550629751281],[-99.01063765021767,55.806278066867804],[-99.02727339715484,55.80597370998724],[-99.02537191290135,55.887131110447044],[-99.02660596037288,56.0001528991763],[-99.0257402509667,56.094687349131554],[-99.02935154913143,56.333589352144365],[-98.75723180377616,56.333612946373165],[-98.52346439765284,56.331005381815764],[-98.42818270733699,56.33250793441564],[-98.00000001500763,56.333456922686835],[-97.60398086570439,56.3367011701347],[-97.24350911278174,56.338463171428764],[-96.90501614163826,56.34139699612108],[-96.49999999686375,56.341847013660214],[-96.17217221382613,56.339577063502595],[-96.15666128593114,56.339604709810345],[-96.14636118240402,56.33962199058671],[-96.0868530766656,56.33970340432633],[-95.8651385557849,56.33973444810471],[-95.49999997877248,56.33884999264435],[-95.19579146992965,56.336814979748006],[-95.04317099474466,56.33503024149762],[-95.00010398227623,56.33499942460257],[-95.00010423997249,56.41989953081939],[-94.46015011335463,56.42304075938311],[-94.46250009603189,56.43878499803697],[-94.46178253556572,56.50635510813153],[-94.27349361871754,56.50810453733114],[-94.27170117050792,56.59355793192504],[-94.11446339643452,56.59579340214552],[-94.10887122878052,56.68132466648355],[-93.99999998961623,56.68122446385331],[-93.99999999709972,56.769375581671355],[-93.68459079916737,56.76954778396877],[-93.68456695773914,56.704022645670015],[-93.68271486824462,56.50543936592364],[-93.99831538908977,56.50513439262327],[-93.99943401318774,56.419024434019406],[-93.99982234370762,56.24496432356274],[-94.12971467372309,56.24562443818539],[-94.34916554151074,56.24998436641146],[-94.49993348606893,56.24994411425329],[-94.74979540857143,56.24999114778449],[-95.00010376643125,56.25000012146895],[-95.00010305763051,56.01291669980812],[-95.00010265251984,55.866529612203585],[-95.00010214433733,55.68288009508927],[-95.0001017863019,55.549306374105214],[-95.00010117464537,55.33469314776253],[-95.00010073939416,55.17590669534179],[-94.6521675097742,55.177468974883105],[-94.43924160704695,55.17788774333367],[-94.255163660257,55.17839467927555],[-93.9263666181277,55.17854150123716],[-93.68996448661069,55.17823978296584],[-93.39107551254295,55.177138576408915],[-93.20980371848859,55.17621576355683],[-92.83342752254111,55.17333849276221],[-92.65038489757363,55.17183435294546],[-92.36009058148439,55.168830371036066],[-92.19742073712531,55.165423179300575],[-91.79088267054951,55.15867258728891],[-91.64779319163709,55.158484861434275],[-91.43998943348942,55.29918751134925],[-91.16334509810727,55.48350898449006],[-91.0000000078261,55.591181524624204],[-90.80225034836212,55.720394337451616],[-90.55346001109068,55.88030807484036],[-90.31122877381242,56.03417297578051],[-90.15292343306962,56.13376364629068],[-89.96722373159977,56.25003115741602],[-89.80938583805865,56.34804275307777],[-89.64416256443226,56.449849419621245],[-89.45804154913989,56.563563837292016],[-89.30593670309855,56.65570165022531],[-89.14900665616723,56.750064987945834],[-88.97957690400274,56.851148447077215]],[[-101.49603089669876,58.63911791721992],[-101.46869004883104,58.62883996431279],[-101.49782874604027,58.611583353679606],[-101.51035275881874,58.614128246803006],[-101.49603089669876,58.63911791721992]],[[-101.57683094636027,57.882062456809216],[-101.57499514405866,57.87852564709816],[-101.58411923182696,57.879243063427],[-101.57683094636027,57.882062456809216]],[[-98.48989552386264,58.72457154108728],[-98.4767890023229,58.72149185198161],[-98.47812572457505,58.70737294836081],[-98.50518954855774,58.717075677220215],[-98.48989552386264,58.72457154108728]],[[-101.63419324811399,57.879627550466395],[-101.63866066754136,57.879896762014894],[-101.63751974808157,57.881784356856855],[-101.63464734217882,57.88140756472799],[-101.63419324811399,57.879627550466395]],[[-100.57101826095987,56.23244544649649],[-100.54316842133515,56.22860302979507],[-100.55457643020316,56.219168878573655],[-100.56962024468669,56.22032124047115],[-100.58132683202852,56.22846635347224],[-100.57101826095987,56.23244544649649]],[[-100.8140216267422,56.75016610055345],[-100.81284763114083,56.682466062007045],[-101.22807039717623,56.683089086767986],[-101.33301138188631,56.683826929715075],[-101.33333698392319,56.704964414343635],[-101.34497711096482,56.965438845638516],[-101.25736798637391,56.96625900670557],[-100.8166326395881,56.97002987910792],[-100.81572009736367,56.84766309763026],[-100.8140216267422,56.75016610055345]],[[-101.63778715725297,57.8840285513267],[-101.63832024747151,57.88205446393175],[-101.64097631791972,57.882480253263964],[-101.64014313528537,57.883369363405265],[-101.63778715725297,57.8840285513267]],[[-101.58642424082839,57.89132645789325],[-101.58334543902453,57.886682757230986],[-101.59271383349201,57.88134074539746],[-101.59906155394542,57.88367365531422],[-101.5944477217737,57.890039669178805],[-101.58642424082839,57.89132645789325]],[[-92.08426412833784,55.85572328737773],[-92.07704927680612,55.8706338453156],[-92.03372623839667,55.85620278411774],[-92.0653565780902,55.826131623821766],[-92.16130444223056,55.85743276685075],[-92.13048808077879,55.88795682681216],[-92.08230114931706,55.87175262489982],[-92.08426412833784,55.85572328737773]],[[-100.49387166281441,55.97499745453966],[-100.4619827656809,55.969164248431525],[-100.45533626690792,55.96287255586142],[-100.44251264502353,55.96705425868604],[-100.43279683847982,55.94923215166041],[-100.4490702657863,55.92773845015541],[-100.42049392903279,55.92253786176054],[-100.42525357138506,55.910716452178924],[-100.43827845580087,55.90743825130956],[-100.4595250395681,55.91119256210679],[-100.46909515594488,55.896953763420655],[-100.45391693555693,55.88568985312633],[-100.45181826299468,55.87614143963865],[-100.46295904579696,55.86749995165591],[-100.46237445454169,55.850098563427096],[-100.47587724455782,55.848817747278574],[-100.48610343993064,55.858062444760904],[-100.51124744065874,55.85528985443604],[-100.50316293070935,55.84851165587837],[-100.51917335992373,55.8397460617907],[-100.50668534994384,55.82880114164538],[-100.51549446377842,55.82472424381359],[-100.52315356011042,55.84696355974439],[-100.5362338702752,55.84634975967559],[-100.5533730595843,55.85194375171065],[-100.57007465867927,55.83172705815202],[-100.56153023948582,55.82025206082432],[-100.56456912745976,55.80217445455743],[-100.5805507240381,55.803704144460795],[-100.58527796292644,55.799013254541094],[-100.57990045231027,55.787650348015724],[-100.5981375781841,55.78496646951461],[-100.59950626423954,55.79227555919036],[-100.61060882959163,55.79584804935997],[-100.61360660580739,55.87271719532323],[-100.4999999954086,55.874830165863585],[-100.50005036000226,55.971722344449674],[-100.49387166281441,55.97499745453966]],[[-100.0395319201825,56.328473001461184],[-100.14899190300727,56.330483431236246],[-100.14907892126725,56.435970082958725],[-100.15011868974095,56.504639196820094],[-100.17487283455718,56.504858447460066],[-100.17346393562934,56.59487281659531],[-100.07371344450839,56.594273251315286],[-100.00005970800191,56.59458718251702],[-99.93605079740593,56.59391600918785],[-99.91637960583972,56.59488583106117],[-99.65740815131258,56.595375526736],[-99.51706496710533,56.59504432618975],[-99.37805072972799,56.595121097600156],[-99.37753810559305,56.5088956724617],[-99.36040816448374,56.509073926224964],[-99.35943205239055,56.472086725057345],[-99.35774782596323,56.33358786002628],[-99.56573734134973,56.33316302172239],[-99.7413317953288,56.33112941950716],[-100.00915121095473,56.32830541650094],[-100.0395319201825,56.328473001461184]],[[-101.29872782484453,55.74635506850001],[-101.32699755548911,55.73664744726455],[-101.32770134472433,55.74561265695785],[-101.3153746402122,55.74853645920504],[-101.29896404424288,55.760849142423716],[-101.30122516068559,55.771450958935866],[-101.28514155508071,55.771668851294976],[-101.25871413740178,55.76090316501165],[-101.24142651127494,55.76168220991145],[-101.24155780933403,55.754575012522714],[-101.24249643503029,55.72316365127645],[-101.2691785675584,55.72103255077391],[-101.28759205784442,55.729652458530545],[-101.30618619714406,55.7341968354261],[-101.30457774599589,55.74031315392598],[-101.28686305903112,55.7481808578803],[-101.28056664077735,55.73000855029736],[-101.26347413747632,55.731165461715136],[-101.27569455653041,55.75800285910491],[-101.29242313590312,55.754984855926736],[-101.29872782484453,55.74635506850001]],[[-101.59349963474574,57.94386267398909],[-101.4973239575881,57.9448128602123],[-101.5167526231695,57.93112516499502],[-101.5376005375726,57.93255674355286],[-101.54862664260372,57.92606324891595],[-101.54755105862074,57.91891064529511],[-101.55419412761643,57.90340915513776],[-101.57106484842306,57.8945824529791],[-101.58787713082162,57.8937826681476],[-101.58629014740018,57.90551696385215],[-101.5759380332051,57.91334735142969],[-101.58982284418397,57.91817176126992],[-101.61149276354213,57.911915657964094],[-101.61747033732496,57.900621543213624],[-101.60736633822421,57.89715545318412],[-101.62118716005214,57.8835832459262],[-101.64846154384489,57.88447875772498],[-101.67008303618479,57.881948973784006],[-101.67101648286886,57.94320377770528],[-101.59349963474574,57.94386267398909]],[[-100.53463120475215,56.87055478404278],[-100.53897563629535,56.855763913824504],[-100.5475154301168,56.841736656939176],[-100.53719423279682,56.832847661480145],[-100.53701176691196,56.81584344752448],[-100.56512902570294,56.80726085298749],[-100.59166621348281,56.79411785415814],[-100.60514447066542,56.79219835012155],[-100.61003118182578,56.837301216972136],[-100.591451757747,56.84893286010101],[-100.57378924742756,56.851676050164194],[-100.56701486458637,56.861584210579906],[-100.53463120475215,56.87055478404278]],[[-98.91219843472817,56.81195500396133],[-98.8967248698508,56.80871793164448],[-98.89912720200688,56.79486883007408],[-98.90921604656938,56.77238339661406],[-98.90883906190568,56.75928522800391],[-98.9165034604025,56.752391454433635],[-98.94330617966881,56.745353128313326],[-98.95739675366507,56.75281384909568],[-98.93388233706658,56.781368444797224],[-98.91422323278987,56.78883963885773],[-98.91862012244962,56.80064305350514],[-98.90857032701715,56.80351495187645],[-98.91219843472817,56.81195500396133]]],[[[-94.65546693168865,58.95350694749691],[-94.66305499310369,58.94814188530457],[-94.65612580054594,58.93660369106263],[-94.64098881130563,58.94218618697274],[-94.65546693168865,58.95350694749691]]],[[[-94.79435660647233,59.34251059717036],[-94.80057001543048,59.33674451206377],[-94.78826832595095,59.32597460776139],[-94.77429188174347,59.32881959320545],[-94.79435660647233,59.34251059717036]]],[[[-94.8107800855072,59.224132502090804],[-94.8154695820554,59.219212990918194],[-94.80279209844997,59.20868538789607],[-94.78960112507143,59.20933721112141],[-94.79065190259948,59.22218126062843],[-94.8107800855072,59.224132502090804]]],[[[-94.6048130945314,58.940716942656564],[-94.61421158115306,58.944586091962535],[-94.6318708150964,58.935758912471144],[-94.62117937890133,58.9299624136003],[-94.60917909993714,58.93257170550341],[-94.6048130945314,58.940716942656564]]],[[[-94.66060411994881,58.9331392921759],[-94.67434259532224,58.93113828717871],[-94.68455337926756,58.92295698853411],[-94.67414980949164,58.9145928903354],[-94.65367838402116,58.9250504027439],[-94.66060411994881,58.9331392921759]]],[[[-94.68381930806258,59.36120435871694],[-94.69671481467438,59.34484855204273],[-94.66823123151192,59.34955574849075],[-94.66977461023173,59.35947934031065],[-94.68381930806258,59.36120435871694]]]]},"properties":{"DAUID":"46230071","DGUID":"2021S051246230071","LANDAREA":229228.7074,"PRUID":"46","Province":"MB"}}
]}