{"type":"FeatureCollection", "features": [
{"type":"Feature","geometry":{"type":"MultiPolygon","coordinates":[[[[-124.97275111531363,71.95108262955121],[-125.00332846015935,71.95943309669524],[-124.98696941219166,71.97008118351326],[-125.02582467954444,71.97276649924851],[-125.05237505701344,71.97045699746836],[-125.100647644993,71.97775540105465],[-125.09470656893272,71.9620535999296],[-125.13581247890824,71.95683309744315],[-125.16038029469318,71.9640148940073],[-125.19036299695622,71.95794778689375],[-125.20908266650511,71.96320770711817],[-125.23348328364838,71.96152061669096],[-125.2326908101187,71.95134479365062],[-125.14090818770983,71.92154829495583],[-125.09888298048561,71.91118661476379],[-124.98634378699434,71.88615323106049],[-124.97275111531363,71.95108262955121]]],[[[-124.969147826648,71.96822107856651],[-124.94465149857137,72.08392583837662],[-125.58833516751244,72.08759971287243],[-125.57366276304603,71.96966221356982],[-125.46262424230588,71.97856389543941],[-125.3641306190632,71.98239899956698],[-125.3477213212044,71.9845307107311],[-125.2742152761729,71.9853683004663],[-125.13253603717389,71.9819307963688],[-125.12030367115341,71.97773300958663],[-125.08051792622571,71.9782930016206],[-125.02461671976934,71.97549521092232],[-124.969147826648,71.96822107856651]]]]},"properties":{"DAUID":"61010024","DGUID":"2021S051261010024","LANDAREA":272.2209,"PRUID":"61","Province":"NT"}},
{"type":"Feature","geometry":{"type":"Polygon","coordinates":[[[-124.02800463882333,69.36676390434869],[-124.01727389739264,69.35499270479816],[-123.98881622265223,69.34266928941908],[-123.9916520803493,69.33157479881012],[-124.0175738208008,69.32727789376169],[-124.03265829202016,69.34030530228034],[-124.0672399970461,69.3487617904099],[-124.05559307101097,69.36659346964274],[-124.07318390060364,69.36648258109572],[-124.0885941963875,69.35240161508749],[-124.11077056400593,69.34312035663584],[-124.1166859615468,69.29193197298711],[-123.86589624290878,69.28929815552998],[-123.87784535472801,69.35171396459701],[-123.90930753274826,69.35975459614166],[-123.90190739179049,69.36748917961646],[-124.02800463882333,69.36676390434869]]]},"properties":{"DAUID":"61010029","DGUID":"2021S051261010029","LANDAREA":63.5834,"PRUID":"61","Province":"NT"}},
{"type":"Feature","geometry":{"type":"MultiPolygon","coordinates":[[[[-117.74703343080613,70.66984190503499],[-117.76323957503666,70.65871760517895],[-117.74414768349767,70.65314280502342],[-117.71238398858623,70.63363989506198],[-117.70724617165214,70.64898679003642],[-117.74703343080613,70.66984190503499]]],[[[-117.66721269002605,70.63695005182421],[-117.56907593520823,70.80063878885284],[-117.89438282488906,70.83591010660459],[-117.94099121771403,70.77748810599792],[-117.91237091369742,70.76901798426141],[-117.84571409679519,70.75326408959776],[-117.80896321482109,70.73394790803029],[-117.81084140600058,70.72532258869735],[-117.78396742595697,70.72638329776946],[-117.78278499263008,70.73463661349221],[-117.72022429825354,70.71805330202947],[-117.69441096902322,70.71654130758473],[-117.68693909638736,70.70880990164295],[-117.65592399880798,70.70842491050091],[-117.67504807519245,70.69107099736918],[-117.69862618544931,70.68085338811315],[-117.6853405631557,70.67520239807493],[-117.70785003342397,70.66100599718222],[-117.70489053152899,70.6530415988947],[-117.67294792574258,70.64444530680638],[-117.66721269002605,70.63695005182421]]]]},"properties":{"DAUID":"61010032","DGUID":"2021S051261010032","LANDAREA":120.7109,"PRUID":"61","Province":"NT"}},
{"type":"Feature","geometry":{"type":"Polygon","coordinates":[[[-134.99220891162818,68.22099080754259],[-135.03706000308165,68.24252998656199],[-135.07926331181005,68.25764248214406],[-135.15446310048088,68.22404752280242],[-135.10274512156818,68.21150744095732],[-135.0868621139291,68.21474787800851],[-135.03545103474625,68.2015360882768],[-134.99698430057123,68.21619776276829],[-134.99220891162818,68.22099080754259]]]},"properties":{"DAUID":"61010033","DGUID":"2021S051261010033","LANDAREA":12.2912,"PRUID":"61","Province":"NT"}},
{"type":"Feature","geometry":{"type":"Polygon","coordinates":[[[-134.77386530985098,67.38957288834388],[-134.73705574923127,67.47712094169661],[-134.86693675496485,67.48609782800547],[-134.87260497717446,67.46795355376351],[-134.91545413813895,67.41695377888475],[-134.91300677759122,67.39044354920972],[-134.77689435446274,67.3823398423163],[-134.77386530985098,67.38957288834388]]]},"properties":{"DAUID":"61010034","DGUID":"2021S051261010034","LANDAREA":53.8286,"PRUID":"61","Province":"NT"}},
{"type":"Feature","geometry":{"type":"Polygon","coordinates":[[[-133.59348799425246,67.43203600995547],[-133.6469853355674,67.4718923656739],[-133.81363568699084,67.44347516735459],[-133.7386748388734,67.38465233276357],[-133.57042123061376,67.41480480192088],[-133.59348799425246,67.43203600995547]]]},"properties":{"DAUID":"61010035","DGUID":"2021S051261010035","LANDAREA":47.8945,"PRUID":"61","Province":"NT"}},
{"type":"Feature","geometry":{"type":"Polygon","coordinates":[[[-133.72106211328546,68.3567114052444],[-133.71191827318674,68.35781520601832],[-133.72036727726146,68.36060459969936],[-133.72106211328546,68.3567114052444]]]},"properties":{"DAUID":"61010037","DGUID":"2021S051261010037","LANDAREA":0.243,"PRUID":"61","Province":"NT"}},
{"type":"Feature","geometry":{"type":"Polygon","coordinates":[[[-133.7382860263701,68.36354879359392],[-133.7488179240425,68.37910465357855],[-133.77137814476214,68.37605085590415],[-133.7514585259358,68.36190800835878],[-133.73553723389566,68.35545501200882],[-133.73067751360216,68.3561532108525],[-133.73182979968172,68.36076379276297],[-133.7382860263701,68.36354879359392]]]},"properties":{"DAUID":"61010045","DGUID":"2021S051261010045","LANDAREA":1.5128,"PRUID":"61","Province":"NT"}},
{"type":"Feature","geometry":{"type":"Polygon","coordinates":[[[-133.7382860263701,68.36354879359392],[-133.73366653041217,68.36531689579063],[-133.7224124110034,68.36573351106935],[-133.71571959614673,68.3688846933744],[-133.70403757387135,68.38276263768294],[-133.73081606358429,68.396725753053],[-133.72970472118803,68.41660388506659],[-133.80122923312825,68.41660064352207],[-133.79346980555806,68.39885111365773],[-133.77231389560382,68.38971811445555],[-133.77137814476214,68.37605085590415],[-133.7488179240425,68.37910465357855],[-133.7382860263701,68.36354879359392]]]},"properties":{"DAUID":"61010046","DGUID":"2021S051261010046","LANDAREA":12.1195,"PRUID":"61","Province":"NT"}},
{"type":"Feature","geometry":{"type":"Polygon","coordinates":[[[-133.73182979968172,68.36076379276297],[-133.72666190808243,68.36407950011164],[-133.73366653041217,68.36531689579063],[-133.7382860263701,68.36354879359392],[-133.73182979968172,68.36076379276297]]]},"properties":{"DAUID":"61010047","DGUID":"2021S051261010047","LANDAREA":0.1099,"PRUID":"61","Province":"NT"}},
{"type":"Feature","geometry":{"type":"Polygon","coordinates":[[[-133.73366653041217,68.36531689579063],[-133.72666190808243,68.36407950011164],[-133.7224124110034,68.36573351106935],[-133.73366653041217,68.36531689579063]]]},"properties":{"DAUID":"61010048","DGUID":"2021S051261010048","LANDAREA":0.0659,"PRUID":"61","Province":"NT"}},
{"type":"Feature","geometry":{"type":"Polygon","coordinates":[[[-133.72036727726146,68.36060459969936],[-133.72666190808243,68.36407950011164],[-133.73182979968172,68.36076379276297],[-133.73067751360216,68.3561532108525],[-133.72106211328546,68.3567114052444],[-133.72036727726146,68.36060459969936]]]},"properties":{"DAUID":"61010049","DGUID":"2021S051261010049","LANDAREA":0.3338,"PRUID":"61","Province":"NT"}},
{"type":"Feature","geometry":{"type":"Polygon","coordinates":[[[-133.71191827318674,68.35781520601832],[-133.71571959614673,68.3688846933744],[-133.7224124110034,68.36573351106935],[-133.72666190808243,68.36407950011164],[-133.72036727726146,68.36060459969936],[-133.71191827318674,68.35781520601832]]]},"properties":{"DAUID":"61010050","DGUID":"2021S051261010050","LANDAREA":0.5906,"PRUID":"61","Province":"NT"}},
{"type":"Feature","geometry":{"type":"Polygon","coordinates":[[[-133.72106211328546,68.3567114052444],[-133.73067751360216,68.3561532108525],[-133.73553723389566,68.35545501200882],[-133.70447859787942,68.33768740812987],[-133.67435859920775,68.32344399075716],[-133.67945772834005,68.31495081821225],[-133.5716243633768,68.30762438545531],[-133.53516979972036,68.29728978448715],[-133.4838464150632,68.2957097110166],[-133.4717020656938,68.29068823300436],[-133.45157385667133,68.29650977470844],[-133.38356298798638,68.29830950774178],[-133.38708003197547,68.31666193145422],[-133.63658717711945,68.34749578828622],[-133.70403757387135,68.38276263768294],[-133.71571959614673,68.3688846933744],[-133.71191827318674,68.35781520601832],[-133.72106211328546,68.3567114052444]]]},"properties":{"DAUID":"61010051","DGUID":"2021S051261010051","LANDAREA":47.7091,"PRUID":"61","Province":"NT"}},
{"type":"Feature","geometry":{"type":"MultiPolygon","coordinates":[[[[-133.0308199256711,69.40310387869224],[-133.05258523556748,69.4072198424774],[-133.05251378891367,69.40166261764912],[-133.04409478625095,69.39867873743923],[-133.0292262424878,69.3987008312606],[-133.0308199256711,69.40310387869224]]],[[[-133.0331032462163,69.44681882049073],[-133.0484676766146,69.44383670575634],[-133.04380222572232,69.43371339199128],[-133.02862521192708,69.42604240314117],[-133.03897791046765,69.41966310585356],[-133.03083541628706,69.40319940024914],[-133.02893077745452,69.41837919855753],[-133.0089478953062,69.42513016272963],[-133.01368711509178,69.43514919109063],[-133.0331032462163,69.44681882049073]]]]},"properties":{"DAUID":"61010053","DGUID":"2021S051261010053","LANDAREA":3.495,"PRUID":"61","Province":"NT"}},
{"type":"Feature","geometry":{"type":"MultiPolygon","coordinates":[[[[-133.0292262424878,69.3987008312606],[-133.00462396807148,69.39872681830276],[-133.00426222445182,69.40973649997956],[-132.99064055976353,69.4222505993817],[-132.99940742707736,69.44495039264797],[-133.0331032462163,69.44681882049073],[-133.01368711509178,69.43514919109063],[-133.0089478953062,69.42513016272963],[-133.02893077745452,69.41837919855753],[-133.03083541628706,69.40319940024914],[-133.0308199256711,69.40310387869224],[-133.0292262424878,69.3987008312606]]],[[[-132.9554558364963,69.46012490155377],[-132.9658094159159,69.4430258925281],[-132.94781093020197,69.43853099278877],[-132.96899122630367,69.43014389027942],[-132.95904016501768,69.42306089340428],[-132.9839064909308,69.40257408800045],[-132.98159648057205,69.39877581173957],[-132.9466880583069,69.39872875894385],[-132.94693449578924,69.46015214769675],[-132.9554558364963,69.46012490155377]]]]},"properties":{"DAUID":"61010054","DGUID":"2021S051261010054","LANDAREA":9.1618,"PRUID":"61","Province":"NT"}},
{"type":"Feature","geometry":{"type":"MultiPolygon","coordinates":[[[[-131.99999999560168,64.65295923866182],[-131.98199014007528,64.63183230718839],[-131.93809604765872,64.59034307038671],[-131.89640780819516,64.56627335366184],[-131.83010259291424,64.548772702022],[-131.8553722573911,64.53782495676727],[-131.83872011710554,64.5253449495023],[-131.80639067882936,64.53393425013621],[-131.68464617905082,64.52137123639663],[-131.70746713302375,64.50818310430328],[-131.67603786713312,64.48550912058407],[-131.7160422671237,64.47549668033496],[-131.82485464401705,64.42469974673534],[-131.82839070842743,64.40114620851357],[-131.85831047450256,64.38127237317052],[-131.808421633534,64.36881788672886],[-131.76544057145557,64.37984914148889],[-131.7213799266679,64.37029897591191],[-131.6763249371027,64.3771954189716],[-131.6235134305686,64.35366625277953],[-131.57875643960642,64.36992350347714],[-131.55946175675905,64.38333683202464],[-131.5179852870813,64.37919531995745],[-131.50355428010778,64.38975034111812],[-131.4510316084844,64.39186427368291],[-131.41960637745294,64.41145878075423],[-131.43195958556092,64.43792395549143],[-131.37236278590288,64.45087293920065],[-131.38048897787556,64.4356829239504],[-131.29552512107622,64.44678477160915],[-131.22511771709557,64.42160660447351],[-131.14735174023988,64.40379186180434],[-131.1103818551571,64.37646478584522],[-131.0681744546965,64.36131916991475],[-131.0628656793268,64.32825239066969],[-131.02661729161238,64.30469722305544],[-131.0791183587888,64.2849719637197],[-131.07634691276365,64.27877436743387],[-131.0477631942715,64.28093965060458],[-130.82385882284973,64.28764824579683],[-130.94509115775756,65.00000010049439],[-131.019272485378,65.41792499450966],[-131.10054547018058,65.86101635637463],[-131.14514787239037,65.86337104728733],[-131.14999288652112,65.87181420701316],[-131.1871036973875,65.87280869844771],[-131.21335211078136,65.86751689324711],[-131.2275491611446,65.85911879586084],[-131.22825022079988,65.84981009936953],[-131.25364659221876,65.84693448967379],[-131.2876201856183,65.86768440087343],[-131.3509325777677,65.87269070106326],[-131.38396350806633,65.88314969880611],[-131.37869020850542,65.89288509575472],[-131.39249912100237,65.9010728022406],[-131.40969531191752,65.90312230463294],[-131.43924751291505,65.91425980110893],[-131.49441593797334,65.91429069987494],[-131.52041521965975,65.91271879589686],[-131.55011430485862,65.91575910677032],[-131.56801309771626,65.91458108772271],[-131.5885369312553,65.93501029502254],[-131.6069761853286,65.94200971279602],[-131.6311601238007,65.94491879225534],[-131.66358010585873,65.94484718328765],[-131.6901912889029,65.95079008783084],[-131.69138141091713,65.96337020396439],[-131.73430812619176,65.97187920288845],[-131.75944949741114,65.99372211537971],[-131.75890160399425,65.99957490911709],[-131.78726150590418,66.0067798058976],[-131.79005250965778,66.01291750525213],[-131.81550039571385,66.01500999297411],[-131.86364682323122,66.02501260826263],[-131.88046571043532,66.0303804922788],[-131.91777579435265,66.03644458826957],[-131.9457352882734,66.0485939992558],[-131.9523864044631,66.06167381164144],[-131.97903511787035,66.06475265048337],[-131.98580939465805,66.06905141340937],[-132.02573467356382,66.07278570260402],[-132.05271142615203,66.06795260407306],[-132.0748740602148,66.07060071669417],[-132.06503385881948,66.60925180715223],[-131.93030433620208,66.62634919398738],[-131.07297309730376,66.71675574993732],[-130.3813659947151,66.78589850727029],[-130.4097384455038,67.1047546792649],[-130.43121425951668,67.34069762976252],[-130.45083202077964,67.55227702612974],[-129.96063391265807,67.5744583546453],[-129.48196612902998,67.59468869539994],[-127.45627308807104,67.66479672719251],[-126.94786517753762,67.67848305444811],[-124.14410437127552,67.72605045693297],[-121.98644352857958,67.73066195481529],[-120.6307822227017,67.77995976429308],[-120.59360004254256,68.1922547997389],[-120.59071944122988,68.24910458177001],[-120.59376586905853,68.34860596156106],[-120.60553780673328,68.62336194834009],[-120.72344467486434,69.56370111506075],[-120.72477038166777,69.57383161903991],[-120.76657106901325,69.60787169633902],[-120.77916959208312,69.60966238765484],[-120.81339658737159,69.62284811270129],[-120.84186058601506,69.63805870787235],[-120.86848377225292,69.64362659192055],[-120.94192881792797,69.66451229925556],[-121.02173861654506,69.67201298928364],[-121.09256408583074,69.68111609529771],[-121.12823681081724,69.68810539249806],[-121.19007226811789,69.70840499782902],[-121.25877272241517,69.72024430866351],[-121.29794610008295,69.73376931288779],[-121.32487022046656,69.74994109451103],[-121.35362289755959,69.76349419949585],[-121.39829778997878,69.77338480366431],[-121.4591240627177,69.77033320292206],[-121.5333676110665,69.76860280259407],[-121.568057116284,69.77399769270814],[-121.60755000731382,69.77402870761638],[-121.64517262200302,69.77976770553869],[-121.67298431000796,69.7894420960813],[-121.67358569912967,69.79571539240406],[-121.73542502552264,69.80386730811729],[-121.80914631535107,69.80782671104699],[-121.84236900142365,69.80673080209279],[-121.85780599255784,69.81049759729592],[-121.92167469930126,69.81665421012288],[-121.94644008091137,69.81563530423232],[-121.9462820404139,69.80918100369848],[-121.9885953118911,69.80585378888723],[-121.99665569285274,69.81159160613325],[-122.09225125922913,69.81362789524945],[-122.11529691317199,69.80083028988578],[-122.15913190962753,69.79474199733296],[-122.19815580307186,69.79903248668505],[-122.20300592374974,69.80805538762229],[-122.22265848913288,69.81682039218715],[-122.28271111251676,69.81941508928291],[-122.31124941234421,69.81707110547696],[-122.34117999339122,69.82588638711314],[-122.38858887272235,69.81391160554466],[-122.43239089690678,69.80706710653318],[-122.47950389330718,69.80616368642707],[-122.50499163456956,69.81049080578953],[-122.56323247103872,69.8081462925673],[-122.5950721226088,69.80853870816297],[-122.62510759566578,69.81783470117841],[-122.63416819049601,69.82726510171715],[-122.66787439433656,69.82318141444756],[-122.6648018795924,69.81310430216504],[-122.69227972784873,69.80820519330682],[-122.71107782410519,69.82206869178293],[-122.74700023830886,69.82535489862741],[-122.74128569014832,69.80489931489528],[-122.79028929553566,69.79326238629926],[-122.83255470638329,69.79390749600424],[-122.88480009140827,69.80220300491808],[-122.898646478374,69.80770229454426],[-122.94258168170285,69.8163406890604],[-122.9626495982004,69.82852488629808],[-122.99999997285866,69.82096300177946],[-123.04245783532714,69.80902570284682],[-123.03341510328515,69.79951379352897],[-123.06117770859873,69.78663239950968],[-123.12884326201883,69.76825629219559],[-123.14058850107223,69.76714539878674],[-123.09792866648374,69.74961549895531],[-123.09321527947604,69.73888709543243],[-123.10216732934968,69.72063550942444],[-123.09718821479493,69.70028119788606],[-123.09060747625942,69.69525469195536],[-123.08745918730187,69.67317590761135],[-123.13451697585556,69.63641340927737],[-123.15984199340694,69.60700530533053],[-123.13712987256416,69.59791700651598],[-123.13254281627822,69.58649558641251],[-123.13663807811851,69.57136729989229],[-123.12934349038657,69.55346920633099],[-123.14279232423642,69.54239110989971],[-123.16419845608657,69.53199599540909],[-123.15025738240342,69.52789160933513],[-123.16367301197047,69.49999999433868],[-123.18840897376992,69.48678010834693],[-123.21158419900138,69.47881269304459],[-123.27497130460809,69.48421890767573],[-123.29619828420581,69.47759071681985],[-123.33638392848187,69.4791152076507],[-123.36222658608247,69.47494631009724],[-123.35655041439261,69.46172630058962],[-123.38956909835014,69.45705901427881],[-123.43791401901275,69.45570359840417],[-123.44356344803077,69.44297990479318],[-123.4177753530547,69.4414946972816],[-123.40018797698913,69.43527880883899],[-123.38510437158938,69.43759200131467],[-123.38157031980207,69.41532558808032],[-123.4143060700184,69.40186830444067],[-123.45393437531634,69.40000819792883],[-123.46583548137525,69.38501639787145],[-123.49919651972165,69.37321910974525],[-123.5185076525123,69.37609569600734],[-123.59569032630685,69.36258420378564],[-123.6646542890543,69.35203329515535],[-123.6888624867674,69.33811600997075],[-123.71405347394732,69.33333400616443],[-123.76591541030004,69.33324548303219],[-123.78854304451454,69.31466690549294],[-123.81672949032148,69.32569240931633],[-123.84562773580554,69.33279509833176],[-123.82953811044725,69.34549889585706],[-123.83001021071236,69.35284311224883],[-123.87784535472801,69.35171396459701],[-123.86589624290878,69.28929815552998],[-124.1166859615468,69.29193197298711],[-124.11077056400593,69.34312035663584],[-124.14557679452325,69.3345242997093],[-124.1889930341346,69.33203680283528],[-124.2310235106816,69.33262528350764],[-124.2995840572821,69.33800279876597],[-124.34699858916721,69.33792090021299],[-124.35157083920747,69.34900579915158],[-124.39492637675724,69.36134459451267],[-124.42583250814864,69.36647678413176],[-124.4632929227109,69.36175509165975],[-124.49712260950542,69.36756720572711],[-124.5092104727936,69.38344160693144],[-124.54520909089649,69.402535498524],[-124.53727145940272,69.40951669723049],[-124.5018863992905,69.41100459736835],[-124.43610008655556,69.40830799314743],[-124.43035708811789,69.41252649046359],[-124.46267512837852,69.41838519397979],[-124.47246273833571,69.4273168006796],[-124.4389287270564,69.42438709382795],[-124.43805547628047,69.43147499688492],[-124.45538292727734,69.46249329368004],[-124.45141199195486,69.47350941427342],[-124.38534059657997,69.50874879039935],[-124.35944381668847,69.5147339949003],[-124.3385787585836,69.5255318009667],[-124.28666620619238,69.5419302120217],[-124.2798542611722,69.5492247963459],[-124.25476658315513,69.55505149612156],[-124.25437668508765,69.56846160748492],[-124.22746370444248,69.58370368577795],[-124.21516158939656,69.6126370968139],[-124.19375600084898,69.63401360982779],[-124.16915223271756,69.64310040094189],[-124.14352409143838,69.64381900823172],[-124.06647441075557,69.67318510792995],[-124.0400398186224,69.67906450101262],[-124.06055751692205,69.68769019861637],[-124.05482608610053,69.69300590514531],[-124.07521460494743,69.7057156951578],[-124.06906168728712,69.7131747136036],[-124.09508914847171,69.7186274947328],[-124.13860409189772,69.7152926070719],[-124.15067283248904,69.72484160428856],[-124.17327733469065,69.71731880799523],[-124.20954083109392,69.72350109324668],[-124.25263953242842,69.70743550213207],[-124.25658679158573,69.70190989925757],[-124.29287827342446,69.69546729471641],[-124.33417201257781,69.695589610512],[-124.36393394332224,69.70031620558359],[-124.38809810508707,69.71087000760767],[-124.4232739072108,69.70485781048028],[-124.44552561680123,69.70420209904277],[-124.46937178292175,69.70811161381354],[-124.51198692034549,69.72533678591748],[-124.49458231511836,69.73527949702438],[-124.48277440655659,69.75847390587836],[-124.49217548854871,69.78397161502092],[-124.45849743609324,69.79073690412815],[-124.46753146840153,69.8117497942103],[-124.43880932540574,69.82288079001314],[-124.44144870007679,69.83632619732751],[-124.40455470029562,69.84473789782103],[-124.42795540535114,69.85918691220985],[-124.45708847809455,69.86358390474342],[-124.43509602603851,69.87252591037321],[-124.44125198877143,69.88114161195492],[-124.42766688893356,69.88885039550544],[-124.44779211042798,69.89753559890333],[-124.49794541479721,69.89417979143407],[-124.48222880718137,69.90796790188634],[-124.4392408168909,69.90808019528724],[-124.42747687982386,69.91322229546641],[-124.40936380991937,69.9310830888043],[-124.42527297566689,69.94976690934527],[-124.44426840529755,69.95743101018085],[-124.4636062865204,69.95122018776657],[-124.50599480352155,69.94956400029773],[-124.52931729912375,69.95381761511936],[-124.52792482498324,69.95986800089428],[-124.50787780341739,69.9662294947932],[-124.47658178445164,69.96274199894935],[-124.4574508806466,69.97052110689175],[-124.47343861598785,69.97865011009549],[-124.42862209904277,69.99016838493979],[-124.42408666440059,69.98097499400222],[-124.39451357276455,69.98239730113598],[-124.40203399856233,69.99290898539846],[-124.41996989921508,69.99552001129804],[-124.45525573125019,69.99227700095206],[-124.4630068078347,69.99833210565929],[-124.4955163075291,69.99702629468767],[-124.49357142151104,70.00673610194298],[-124.43609549366259,70.00790420607804],[-124.41857046342592,70.01180920207861],[-124.36603229904111,70.00632819190432],[-124.35228057527259,70.01617610725673],[-124.35887222068278,70.02169969886656],[-124.34639531520635,70.03875248715387],[-124.3788645821222,70.04434688904861],[-124.38476041858004,70.05000049311437],[-124.35142492701087,70.05402070453235],[-124.3480456315802,70.0623779946423],[-124.36397330390518,70.0647169011703],[-124.3684733251362,70.08090870168233],[-124.40443422765163,70.08725280417535],[-124.40321162892168,70.0972602909494],[-124.44691671128868,70.10720949837798],[-124.41056397272847,70.11287970719134],[-124.40288838476913,70.12039629085815],[-124.38071968293228,70.12253070727344],[-124.39963587560744,70.1439243954549],[-124.41978481341559,70.14427018789758],[-124.44325461939933,70.13631400683782],[-124.46867130390496,70.134094486742],[-124.46933157775948,70.1265829952284],[-124.50271253728431,70.12970440373996],[-124.52574302460864,70.14773398904349],[-124.55632359851222,70.14356510726086],[-124.61617007010882,70.13141840672341],[-124.64668425941993,70.13034699552678],[-124.68645851155827,70.14046889158472],[-124.6842686785968,70.14847180025517],[-124.647616486226,70.15223088772365],[-124.63537246897005,70.15052639581366],[-124.59636100285502,70.15430599874134],[-124.5836836887245,70.16373970660739],[-124.50574460319693,70.1798035035713],[-124.52966630114261,70.19028710547094],[-124.53151451855801,70.19981150608388],[-124.56060889769329,70.19721319879208],[-124.57470790718132,70.18732889816975],[-124.62256509260172,70.1811309090093],[-124.63640678755111,70.18553989649583],[-124.68421552371854,70.18715339705683],[-124.68203623786833,70.18192650396098],[-124.7436851108082,70.17482358773121],[-124.74946702377353,70.16608779207623],[-124.69437727929889,70.15181590856908],[-124.6987343900101,70.13686230901],[-124.72029592852218,70.12463840569835],[-124.75665486773485,70.11461150557366],[-124.74890568512043,70.10188439858504],[-124.71911662153997,70.10906520718913],[-124.68612794335579,70.107881501307],[-124.67871610380475,70.09420528651152],[-124.72656947658497,70.0904216020549],[-124.72829194341001,70.08354440549336],[-124.70002761143841,70.08054779692532],[-124.67191729392913,70.08927789287883],[-124.65554440151075,70.08907099137441],[-124.63347048851861,70.1024769980668],[-124.5903044949474,70.10303129996132],[-124.57323672188663,70.09720508858581],[-124.53288139426085,70.09860419401997],[-124.50503400991778,70.09404850297675],[-124.50233679772606,70.08224369140446],[-124.53439049523358,70.08076281584381],[-124.56660218648334,70.08435039156956],[-124.60042348850698,70.07012689848979],[-124.52567458254849,70.06028711118147],[-124.49207242164292,70.06500678782554],[-124.4672981831692,70.07386659859547],[-124.44398567813205,70.07228739838305],[-124.45360238550545,70.06006461129316],[-124.4477632236242,70.05193370600962],[-124.420103700617,70.05049009680089],[-124.4401294924849,70.03044139422829],[-124.46157194488778,70.02902310609724],[-124.47043019872369,70.03812891346352],[-124.50918409102904,70.05012851553339],[-124.54559361327973,70.04247268392561],[-124.58865568627921,70.03730649333846],[-124.58841709005668,70.03240889470533],[-124.54758512400508,70.0305918019137],[-124.54667013512177,70.02099790731496],[-124.57125851981428,70.01618559366987],[-124.56318549558851,70.00745819979461],[-124.57788533392434,70.004585397219],[-124.61813901949388,70.01201409108185],[-124.6252109735157,70.0164382047508],[-124.59376784102395,70.0392077061821],[-124.62527101545656,70.04172489823061],[-124.63702802371797,70.05900350854377],[-124.62599710860806,70.06748260033835],[-124.69738609169475,70.0690990135619],[-124.71921948598083,70.06385949139057],[-124.82713589709478,70.04943919759312],[-124.81630545650137,70.05799119519146],[-124.84798036347127,70.06329540026753],[-124.86492218831864,70.04857761073535],[-124.89350207681503,70.04101310611468],[-124.91496234705767,70.0408462045812],[-124.9350507072584,70.0460220103518],[-124.96083659640338,70.04133241272275],[-124.93818880984408,70.03235330350371],[-124.98124749683315,70.02721119857992],[-124.9756502818242,70.01898041073244],[-124.90038689480272,70.03011270367425],[-124.85987890943049,70.02957238517081],[-124.87365683083551,70.02011889715718],[-124.92776677493144,70.01492479915812],[-124.95997041649493,70.01459140227318],[-124.98596488965497,70.00931739360928],[-125.05341408511899,70.0261516047039],[-125.05730068285378,70.03957931445514],[-125.03687977939519,70.03982950472114],[-125.01453597836381,70.0337333059152],[-124.99762300072273,70.03711530647374],[-124.9865989889765,70.06722191000979],[-125.01169439857058,70.06680809677532],[-125.02062842093608,70.05805690482075],[-125.04963481972358,70.05041790396506],[-125.0398073111702,70.04326289763542],[-125.07863421851495,70.04326778930225],[-125.13252470604127,70.0360083134203],[-125.1377860232854,70.02272709412777],[-125.1681302750538,70.01376460498766],[-125.20601180544678,70.01548171385387],[-125.22462898266365,70.00000000599613],[-125.20423157538892,69.99492869867102],[-125.20008299470926,69.97599211096271],[-125.20698332348852,69.97011280897001],[-125.19418590944753,69.95876010195222],[-125.20431508962922,69.94944610781559],[-125.23481370706354,69.93929380908178],[-125.22808020769436,69.92937449699653],[-125.21180560595896,69.92761630797054],[-125.17562359631316,69.94165270565084],[-125.15503585950957,69.93573870179304],[-125.12791692594006,69.93382659219739],[-125.11630813069017,69.95428429326819],[-125.14873607735426,69.96164569024857],[-125.13267210302199,69.9688628846112],[-125.09964171815199,69.96674900451511],[-125.05007607473063,69.97307449462058],[-125.06556115107557,69.98052509698013],[-125.02797360468864,70.00141550736917],[-125.00324328564679,70.0049399924209],[-124.95326351132222,69.99093158439544],[-124.92006937232131,70.01114680415597],[-124.89955732575461,70.00582200319228],[-124.87582668305389,70.01225539129004],[-124.8408228755658,70.00651358957052],[-124.8281107025098,69.99821310432998],[-124.86060209215903,69.98650001210216],[-124.86018667693813,69.97686870851429],[-124.82516188476548,69.97595210483537],[-124.81967011269347,69.9675346112907],[-124.77460479423308,69.96445861030423],[-124.78209226078388,69.9709205976897],[-124.74001354362423,69.97945430617874],[-124.73735826916801,69.99940440469908],[-124.7203191183527,70.00372798581557],[-124.72178009729306,70.01457909225553],[-124.67370512671762,70.00801970164258],[-124.66847689731945,69.99479470322616],[-124.6468318215303,69.99320189191968],[-124.6403647942629,69.97672349091293],[-124.66298083731324,69.96508099994229],[-124.69445000975567,69.96299269115211],[-124.69906208922508,69.9787150992066],[-124.71543400626136,69.97750330154744],[-124.7396194929717,69.95965959632743],[-124.78634921597126,69.96009279414876],[-124.80952044420108,69.95192720325343],[-124.83574543751558,69.94927669855505],[-124.8870057138261,69.9388872882022],[-124.9124248546208,69.93860089621253],[-124.91421592940445,69.9265367974422],[-124.95322848497528,69.91120340734972],[-124.97174411148787,69.89450058334047],[-124.97634878334327,69.88269881592556],[-125.00630582197472,69.86172368590715],[-125.03352089045629,69.85903341546495],[-125.02505277129711,69.83486769469789],[-125.0394907021391,69.8261566946432],[-125.01073291733488,69.81229279446704],[-125.03395852679928,69.80828018915075],[-125.06693437299165,69.7935819950436],[-125.08053490529979,69.783663998405],[-125.1097639564129,69.78104159435102],[-125.12994192190385,69.78767939346459],[-125.1526480362331,69.78536899909545],[-125.18250298594144,69.78771139239002],[-125.18182447755116,69.80209429011717],[-125.18858532268852,69.81626360141635],[-125.20986851474763,69.82872638811925],[-125.17742500500171,69.84879150456881],[-125.1979895048428,69.85151960378894],[-125.24656107840241,69.84110340021103],[-125.25001669319613,69.82686199160386],[-125.27361940659196,69.81514010029679],[-125.3009096981433,69.81141779159769],[-125.28167968437211,69.80074601248337],[-125.27626259810017,69.77976799415245],[-125.26172762054044,69.77165759039592],[-125.26678666710394,69.7660771922314],[-125.24753899631362,69.75740099721614],[-125.21281122277465,69.75870529683377],[-125.19868190261315,69.76464449927086],[-125.17821428416683,69.7654710965117],[-125.13408747262547,69.76180000690472],[-125.1115670012495,69.7499999916915],[-125.09649841704619,69.75332370382468],[-125.0520202119854,69.74973288744201],[-125.02544788927489,69.74437230276911],[-124.9665687169277,69.7400286034946],[-124.93309153226932,69.73559010054463],[-124.91850375094539,69.74363220476587],[-124.89434849580368,69.74294208846078],[-124.87089160758266,69.72550390597222],[-124.84924601208111,69.71729278755808],[-124.81790728818407,69.71637618762674],[-124.8007154864163,69.70666989964232],[-124.83845858910483,69.70563511544455],[-124.87598591456447,69.7114610890108],[-124.88337962396912,69.69247050569625],[-124.86788542942097,69.67110750702504],[-124.89766036345196,69.65666430131922],[-124.937609867422,69.64514619759642],[-124.94688130261906,69.67339688644918],[-124.96426716276348,69.68317619869988],[-124.97391907979095,69.7097230044941],[-124.96198631195972,69.71839989220894],[-124.96950770530508,69.73102170312347],[-125.04899328980707,69.74325300805509],[-125.09832551486979,69.7441827107153],[-125.08753489691755,69.73514050151417],[-125.10457957380063,69.72568560672717],[-125.13878721837254,69.72601640826763],[-125.20746588892155,69.7036333887869],[-125.22007820582746,69.68243448642426],[-125.26008009398214,69.68436551353203],[-125.29006118701791,69.69101530113764],[-125.34585861332259,69.6874997101887],[-125.38808471237259,69.67483130551817],[-125.3861335612512,69.66845729454629],[-125.39825017730813,69.65366299030131],[-125.41965739497573,69.64375949004068],[-125.40879060347136,69.63487860860076],[-125.42226521088534,69.62143709340542],[-125.40133169990801,69.61499808937167],[-125.40304253493058,69.60836649925847],[-125.42826211354215,69.6012574043919],[-125.40867458940687,69.59129258711016],[-125.38275173605898,69.5916353025456],[-125.36263135202681,69.58597389631856],[-125.32494082213528,69.5946588047455],[-125.26517822324944,69.59086790206077],[-125.25522720418357,69.58068919979173],[-125.28286337554556,69.57548739225454],[-125.27751420851354,69.56222259649219],[-125.29726832738282,69.55249930590062],[-125.2826391002182,69.54340410834712],[-125.28225163200167,69.5354894040787],[-125.29532610130019,69.52289639404859],[-125.25013656336851,69.51592350174225],[-125.22831762902184,69.50590239893995],[-125.18637841632746,69.50606790431686],[-125.17331427197401,69.4965086026351],[-125.1361080071228,69.489979399067],[-125.14483730926507,69.47737060018882],[-125.18555770735209,69.48087099933251],[-125.2070857792691,69.48758859671862],[-125.24205168281567,69.49228469559286],[-125.27444003306532,69.49205709611716],[-125.3071081610307,69.50429709956215],[-125.31069439599213,69.51843081198804],[-125.33682128106732,69.51330069676033],[-125.31789321231386,69.50714248344796],[-125.30863382913451,69.49784710582291],[-125.36498308544463,69.48875729143053],[-125.3631568863298,69.49789780703439],[-125.38719240218936,69.50794568700255],[-125.46461803131264,69.49999999256893],[-125.46782050606812,69.48718249881865],[-125.49038492672888,69.48220940571086],[-125.5047352060728,69.49553970604626],[-125.47144481369313,69.50099269849547],[-125.49059488197847,69.51099169775574],[-125.5247364298351,69.50213380528116],[-125.5424842597609,69.48438509518739],[-125.56447193450965,69.48440449571171],[-125.58661336609575,69.47847469955501],[-125.60231455850099,69.46525649572571],[-125.60808076353018,69.45063630034424],[-125.640785816288,69.42564210852277],[-125.619515390741,69.42245708783578],[-125.52935031846864,69.43095718898584],[-125.56939729080074,69.45468378790609],[-125.55012719564701,69.4609203876141],[-125.52178680199752,69.46198158616646],[-125.52469101196444,69.45024229218302],[-125.50891968795922,69.44803001435672],[-125.51858188764572,69.43642530036625],[-125.48178686131527,69.44216470037901],[-125.47242217388366,69.4484910064843],[-125.44292961457236,69.4571469964424],[-125.42738028354337,69.45175601370599],[-125.36817159564599,69.45281430932502],[-125.35380739206612,69.46147628951087],[-125.31960450570993,69.46248008499792],[-125.33928403778859,69.4514285055075],[-125.28664419211859,69.44446209424932],[-125.26539974251128,69.45489710405208],[-125.17218289689123,69.4587138031378],[-125.1836211890526,69.44836070163214],[-125.1148161090335,69.44988729723609],[-125.1155222956791,69.4420332113962],[-125.16855237651241,69.4387543924045],[-125.16362682756355,69.4237687953168],[-125.15229339088548,69.41696720558373],[-125.15907020984612,69.39505708764257],[-125.15182481005154,69.38802590770945],[-125.1623897750823,69.37904709008313],[-125.18294028779324,69.37301911761956],[-125.23571089693492,69.37766808968509],[-125.26225999409615,69.37550991083195],[-125.2708973930964,69.38304570669196],[-125.29034152654413,69.38076569115925],[-125.33328131422823,69.38454828384629],[-125.38360542168684,69.38642719182738],[-125.43993610135152,69.39662421044439],[-125.45798200185214,69.38860539317598],[-125.45599802148305,69.37890559967441],[-125.3945256897136,69.38306609339877],[-125.35076263709614,69.3787419065247],[-125.35948451731413,69.36624710443071],[-125.35333896529136,69.35946940042747],[-125.37792023717526,69.35735690742501],[-125.40254628536033,69.36192049243772],[-125.39564370305416,69.36821080190647],[-125.42520271799927,69.37333540946786],[-125.41985112237019,69.36285350591099],[-125.38764819527843,69.35311228716249],[-125.37089553696683,69.3416267053694],[-125.396695661476,69.33324969527875],[-125.42856207695691,69.328535708407],[-125.44190610264728,69.31964798776225],[-125.4419192077342,69.31141910667367],[-125.46171687398692,69.31105380896373],[-125.47668098046515,69.31974091257877],[-125.50133647475452,69.31893700650204],[-125.52950228395892,69.3257988054615],[-125.54430290173727,69.32425889860723],[-125.5603853174649,69.3325535973011],[-125.60721351758741,69.33732290523132],[-125.61891322499856,69.35525610651612],[-125.61329080645096,69.36418699415401],[-125.65157806722935,69.35880059406402],[-125.67219442438198,69.36525209692913],[-125.69776883080223,69.38395729283585],[-125.764806512421,69.37413950481826],[-125.79701673204127,69.37219580509526],[-125.84165690714686,69.374066311432],[-125.86961203171387,69.37767689759296],[-125.92890431343766,69.39236228695094],[-125.98107434028202,69.4169758980762],[-126.04178907547626,69.43370510704374],[-126.09904231979404,69.45708369211427],[-126.11104561787555,69.46510219963493],[-126.16015761248542,69.47727068479418],[-126.17502969466805,69.48832240163917],[-126.22269481837145,69.50448639823118],[-126.26405399506885,69.51486839337664],[-126.31184731112036,69.5355503943177],[-126.35376368181947,69.56023340723401],[-126.38150077793549,69.57964350419795],[-126.42491072151412,69.60280349676322],[-126.47626869143477,69.62554159665592],[-126.48946980799018,69.63419700861911],[-126.53775443733794,69.65250860413131],[-126.56249845301522,69.66909129706558],[-126.62036940223793,69.69418581234483],[-126.63539721399746,69.70634618978491],[-126.66891612828994,69.72122210242675],[-126.70100839966776,69.74131328575739],[-126.7258322741509,69.76220390289629],[-126.7979578321031,69.85656039995587],[-126.82817759496976,69.89083209055524],[-126.82450969841099,69.90769720176381],[-126.85351580878783,69.92971228837358],[-126.85946008712486,69.94749958822841],[-126.87465556349295,69.94957250209288],[-126.88598765972374,69.97259019692181],[-126.88350503536284,69.98967749595737],[-126.9138971279322,70.00381550046906],[-126.9380943806278,70.02317860769062],[-126.95591043387277,70.04484520617596],[-127.02271250749124,70.11295950626135],[-127.07380135617917,70.16680079901933],[-127.12644780067482,70.20158739373343],[-127.17594037667935,70.23777830292485],[-127.23507970782744,70.2703677124438],[-127.26541750718687,70.28943551272928],[-127.32927769979125,70.32520900593781],[-127.34681635468817,70.33798079397357],[-127.38524585038357,70.35718660304414],[-127.43204259144342,70.37514020183254],[-127.53514639646652,70.41886228804111],[-127.69051871787629,70.46792640986276],[-127.7373689010836,70.48560980941188],[-127.80763724913311,70.50392040379873],[-127.86854589687327,70.52258648806632],[-127.92098566703818,70.53513409456534],[-127.97004619379861,70.55294179024138],[-128.0076583185529,70.56284910124985],[-128.02090712124792,70.56118510457132],[-128.04000432281427,70.5500687929005],[-128.0568574180458,70.54729000207837],[-128.09273717680858,70.5325241030362],[-128.1066010713138,70.51949839147798],[-128.12745852210023,70.51315550342724],[-128.1613601091707,70.4902596102228],[-128.16716147684778,70.47128380661745],[-128.1940460505727,70.43488280257965],[-128.21234369554602,70.38688671474016],[-128.1792413201063,70.39188159791301],[-128.1983925243494,70.37619528787879],[-128.18096797889447,70.3650850083658],[-128.15505516633678,70.35930390448713],[-128.07196705293296,70.36030879740548],[-128.06151646856435,70.35283469292243],[-128.042033605004,70.3567539852217],[-128.01336619390062,70.35473089788525],[-127.99957040714352,70.37002610645455],[-127.98411819635196,70.37636609073049],[-127.93228706115713,70.37393389433433],[-127.94435006019215,70.36752039569265],[-127.93325329506081,70.34832689532595],[-127.94155869686547,70.33416999288897],[-127.98567789675407,70.33321791053457],[-128.02251101936648,70.33507570997853],[-128.0617940050839,70.34204559756375],[-128.0883602902818,70.33884090809173],[-128.1034007194789,70.34516411018664],[-128.12487693102787,70.34626249904768],[-128.110859692499,70.33056910064023],[-128.10586669750012,70.31641819332962],[-128.08123899713766,70.31148419271861],[-128.07715851191114,70.29476691265741],[-128.06443393786424,70.28341670732277],[-128.03824052637452,70.27904249595385],[-128.01013786312873,70.26689560361586],[-127.98982442595909,70.27419030793972],[-127.94998167024484,70.26478050410644],[-127.92988149091983,70.2675819027491],[-127.91034180817098,70.26467820929871],[-127.8844941925924,70.25472851220465],[-127.81599470658045,70.24673300966809],[-127.79343943212037,70.24859610772191],[-127.7438751180845,70.24749330733822],[-127.72570327656165,70.24924759383241],[-127.68976943525405,70.24460709867478],[-127.64864558371477,70.25180931236237],[-127.65546807111394,70.2403687080225],[-127.5975127206667,70.23754170595761],[-127.56682308149256,70.23401799734857],[-127.52029056403848,70.2226344948544],[-127.49741933677943,70.20906380187304],[-127.49638952794714,70.19289440284054],[-127.50814508320298,70.1770005036794],[-127.52295989979409,70.1711020957827],[-127.49855391081985,70.15544031211184],[-127.47181623571751,70.14753790036207],[-127.43234748043587,70.14734380677122],[-127.41062938381894,70.16683371071294],[-127.41065590797147,70.19014260136036],[-127.40171198357285,70.19920750719173],[-127.35594085444977,70.20936049675122],[-127.38254290686132,70.1922244835465],[-127.39435766600053,70.176247594941],[-127.38914825895728,70.16138949322483],[-127.41859483431224,70.14504910056513],[-127.4332997370949,70.14144340352053],[-127.4964110305353,70.14056700354614],[-127.5349652876537,70.14912189412581],[-127.54775945990413,70.16720859667996],[-127.52920379628567,70.18969840471128],[-127.50509046452666,70.203738799378],[-127.53970370722374,70.2169207977168],[-127.56795811261856,70.21305189461764],[-127.58589508591704,70.21690120702932],[-127.62072954163648,70.21489110250944],[-127.66911840444882,70.20779269814656],[-127.63849831998519,70.19640200218484],[-127.69028567048676,70.19477190769133],[-127.75923028439986,70.18665441360393],[-127.77275631678289,70.19244430213071],[-127.81769238349938,70.1840280969764],[-127.87060457794088,70.1829901947768],[-127.88676146124152,70.17609869571069],[-127.92319408989641,70.18230560858916],[-127.95672293382714,70.17393960471856],[-127.9999999963788,70.16913998988355],[-128.0645119672862,70.16727649757708],[-128.14180200887245,70.15632139997857],[-128.13981519072536,70.15209801645175],[-128.10700657226377,70.14810690648153],[-128.06487006183323,70.1271254017294],[-128.02500730722275,70.11688920197989],[-127.99786729994311,70.11604630400836],[-127.98922659070162,70.10727690950038],[-127.926669925836,70.08814289136474],[-127.91451009119905,70.0774050038349],[-127.85940869417436,70.06464361444553],[-127.94005318815674,70.06217898794897],[-127.94999760317963,70.06861640493622],[-128.00000001750587,70.07046400931426],[-128.01568128508626,70.08394019672185],[-128.03419910219114,70.0817935150028],[-128.0760051299643,70.09157400329691],[-128.08773481601162,70.10369479159708],[-128.12654747452888,70.10907879834716],[-128.1156915055684,70.11943329175705],[-128.12883527942986,70.12527259485512],[-128.19899859718552,70.1363095884827],[-128.21879678388274,70.14218379385197],[-128.25814687988282,70.14107759600248],[-128.28933852622177,70.13637280735178],[-128.3427660922021,70.12318961090028],[-128.3720628948374,70.1091046975957],[-128.39171708671262,70.0943179973237],[-128.40316721486263,70.07137880493002],[-128.40064702483693,70.06397088898989],[-128.36037996197786,70.0355413019844],[-128.34662520493833,70.01640988768222],[-128.31339083095338,70.00408620576664],[-128.3219326233347,69.99223378893099],[-128.2956561075117,69.98006829369317],[-128.29812765806673,69.96917329447966],[-128.28632250977958,69.96054048417551],[-128.31120429019137,69.95909779293474],[-128.31615890779725,69.93811721183314],[-128.3935903967873,69.92510591275997],[-128.41656192723934,69.92549750851413],[-128.48641678614038,69.90352189524363],[-128.61385259270315,69.86820099177841],[-128.6378381905753,69.85362599042212],[-128.6535234772138,69.82981390718092],[-128.66466427571424,69.81924190177958],[-128.68553801766748,69.81024880201986],[-128.74927693194795,69.7920093015464],[-128.77716898967037,69.77987189188482],[-128.78987752187,69.77042790780942],[-128.7989381166835,69.75591749606701],[-128.8149196553297,69.74579999659736],[-128.8790641702107,69.7385424045132],[-128.9228771933747,69.7278728940083],[-128.96004559847395,69.72919290783376],[-129.004194727922,69.71671199644635],[-129.02175832755924,69.73053530105508],[-129.04368949796287,69.72605989907115],[-129.05153868031664,69.70209710489338],[-129.11263248330178,69.69676739459314],[-129.12696522343103,69.6849752022434],[-129.14651091604912,69.68564600801008],[-129.16209778681142,69.69902170189783],[-129.1688146020252,69.71617170141342],[-129.14658212569978,69.72947960968732],[-129.1409756921006,69.74451200356327],[-129.1605259341579,69.76525840229036],[-129.14991396789657,69.7948110065607],[-129.16542310146872,69.80262649282162],[-129.17541340940565,69.82743749634942],[-129.1510858080155,69.83860310603035],[-129.188773274391,69.84013260322789],[-129.26247687291755,69.8375682983924],[-129.34246172346255,69.83695400006705],[-129.41254382895244,69.82744270068856],[-129.4563635413215,69.82364030268752],[-129.47861782485177,69.81610500791946],[-129.51722869319437,69.81103349335682],[-129.59593647771936,69.81045690118555],[-129.63507640715306,69.79881071328143],[-129.69213475855568,69.77644709480823],[-129.71158138789943,69.7719643985515],[-129.78874988186573,69.76725750004054],[-129.83098512608174,69.76075099391143],[-129.88100046773064,69.74950000104421],[-129.92630420840612,69.74502679945634],[-129.9734992326509,69.73524810612014],[-130.04030495722978,69.71700560093646],[-130.08726478934707,69.7010870083207],[-130.12024768547246,69.69736368877959],[-130.2157672988557,69.69399840772222],[-130.2448772087248,69.68652180246636],[-130.27538960558846,69.68396248741027],[-130.30036505745696,69.68577279646549],[-130.34370708936436,69.6817887989609],[-130.37534475786669,69.6650537966071],[-130.3904139188161,69.65314689419816],[-130.3841459270203,69.63576680675409],[-130.3902943773556,69.63128139959156],[-130.44165780182118,69.61134661545515],[-130.45890580453718,69.59947489676829],[-130.4687617767115,69.57876100715487],[-130.4599195795869,69.56462309456609],[-130.50564498233396,69.54119509855188],[-130.5331510896048,69.52279729771361],[-130.5953132086309,69.49539009903712],[-130.6037927898536,69.48319659933387],[-130.5752656741659,69.47507270338211],[-130.5836800164888,69.46327490454665],[-130.5991247164935,69.45426178961031],[-130.621824295578,69.45330621419738],[-130.61892633082127,69.43849330185236],[-130.6236948427719,69.42759720216552],[-130.64144883262244,69.40697520342381],[-130.6646661107119,69.40309478938802],[-130.70781912256214,69.39024929227],[-130.73436851875186,69.39166369943669],[-130.72393640551203,69.38029158717947],[-130.78807240173526,69.37926169431307],[-130.78797761612304,69.36788578716725],[-130.81043243910642,69.36226860130957],[-130.83197279634317,69.36148908701477],[-130.85382059537213,69.35181499345865],[-130.84200866157278,69.347217196595],[-130.8491879777635,69.33893849381752],[-130.82423469112666,69.3201213066933],[-130.86743061135522,69.30876088961185],[-130.8759039956067,69.30099250905509],[-130.91268400591633,69.28920150561412],[-130.93104340686162,69.27697220495239],[-130.93094507912318,69.2578049053017],[-130.96978818786758,69.24791469360964],[-130.9575857562972,69.23909949932776],[-130.95884330153646,69.2317053973803],[-131.00263238165147,69.22898381147787],[-131.02691770717792,69.24001720874104],[-131.01390164912635,69.24696850308307],[-131.00806862233952,69.260231398855],[-130.98340829261818,69.26321911731216],[-130.9957113027367,69.27217839138468],[-130.97119681524933,69.27547730437485],[-130.95413910645541,69.29162208719708],[-130.9221192198127,69.29873948924886],[-130.90431211505327,69.30819019492971],[-130.92669880620767,69.31359680318556],[-130.91848043369802,69.34115189982005],[-130.90560692645414,69.34956730272616],[-130.9207792978456,69.37432989547268],[-130.94650101992673,69.37810998834469],[-130.9634714636341,69.36150230331123],[-130.98246442558735,69.35142489673986],[-130.99017162455183,69.32575439650444],[-131.01740466917855,69.31894079801552],[-131.02093991084558,69.30314248838992],[-131.0402603755735,69.28866709332677],[-131.06462972930194,69.29614589335407],[-131.03322677053356,69.30726489316274],[-131.05549803301082,69.31339769999505],[-131.0580606778822,69.32154270165205],[-131.02375632048592,69.32674500069116],[-131.00514740375823,69.33652070916199],[-130.99925968812337,69.35739048788648],[-130.97631208748467,69.36762480509273],[-130.99138862391624,69.37228730503132],[-130.99482700782906,69.38099618894225],[-130.9703513353467,69.38613460681381],[-130.95112360372067,69.39470648588298],[-130.96615242706193,69.40394239755351],[-130.96407219034964,69.41046961392507],[-130.94331367998407,69.42468570627287],[-130.94697285059033,69.43598109707307],[-130.96987556211565,69.44308499698388],[-130.97065249306655,69.4602485170422],[-130.9786912158315,69.47792059221968],[-130.96221272017462,69.49258969248841],[-130.9592111858662,69.50510718956849],[-130.98613819573592,69.52130731162565],[-131.01479611397951,69.52733240178429],[-131.0215259341771,69.52055550193093],[-131.00637118338076,69.50810329690165],[-131.01528979594335,69.49970369227101],[-131.00679669797475,69.49139788778609],[-131.01005651527814,69.47462691105088],[-130.98606709221647,69.45640850426958],[-130.98184461523525,69.44503848923007],[-130.99954448942714,69.42366920702132],[-131.0230367950857,69.41866761634664],[-131.00698760190846,69.40722489807598],[-131.0272332960149,69.37879880282873],[-131.04752779236935,69.37332000472526],[-131.05508088454573,69.36178010649681],[-131.05110796842686,69.35451920193124],[-131.05627027776026,69.331780390866],[-131.06887240211475,69.33498279952637],[-131.0657284530355,69.34395349733653],[-131.0830038946216,69.35335541296368],[-131.07289340397432,69.36324809500653],[-131.07839061482767,69.37170728693303],[-131.04681452673438,69.38177419950516],[-131.04715499820097,69.3920982056234],[-131.03392130461214,69.40436060949364],[-131.04779468342616,69.40768060335013],[-131.0491995767755,69.41626000120692],[-131.03929720732992,69.43013059802081],[-131.02364401384014,69.43463481115262],[-131.0196369059894,69.4429378045882],[-131.04155479729434,69.48094119827728],[-131.03076566578778,69.48866160510032],[-131.04753071685968,69.49999999581382],[-131.0583940073555,69.49999999256158],[-131.08833821278046,69.5276308089617],[-131.1132029172633,69.53159030645408],[-131.1189104895477,69.54447680600079],[-131.12919212388599,69.55004379407033],[-131.12518192457725,69.55961870792363],[-131.09174051779803,69.56715850126038],[-131.09489248991548,69.5937318993226],[-131.11754458995304,69.59460769476513],[-131.1498084022236,69.6017916052786],[-131.1900832706396,69.59617609696498],[-131.2101082230772,69.57670290477434],[-131.20998916631768,69.56569289734608],[-131.22142000061515,69.55641500396996],[-131.21870286327044,69.54789759546223],[-131.2028709748087,69.53927879936519],[-131.1548645987773,69.53728880632414],[-131.14261090983612,69.53201078253964],[-131.1424896402496,69.52202350211077],[-131.11581358711697,69.51202110574351],[-131.10692070292404,69.50033929642063],[-131.11215080238017,69.49367839577216],[-131.09175153501013,69.48446180474109],[-131.09877828436,69.46248650327746],[-131.08126900093524,69.44639588694027],[-131.10019329617242,69.43069359671884],[-131.10340108719728,69.4142078108146],[-131.09437809423414,69.40777048567269],[-131.09154459584883,69.39195301103125],[-131.11061400892677,69.369148894077],[-131.1230976220955,69.3648878979464],[-131.13350993232476,69.35055029725861],[-131.12952332597348,69.33826410294463],[-131.18254289162542,69.31516359818816],[-131.1923811733204,69.31817520048142],[-131.15278472723,69.33396950766306],[-131.1622164837635,69.35755180846056],[-131.15050872496127,69.3669420022159],[-131.12716349761024,69.37490611621016],[-131.129383898802,69.38941389345459],[-131.11395706332917,69.39912769386822],[-131.12483150009115,69.41945561207596],[-131.1364917381482,69.42533489940641],[-131.13014250264453,69.43369529954239],[-131.11054900845085,69.4414201030446],[-131.1222455845163,69.4564557148575],[-131.12362986570443,69.47624919599382],[-131.11841875550218,69.48207829842342],[-131.14680247525078,69.50487338962913],[-131.18571707897078,69.5048443945495],[-131.2007331100426,69.51774990880116],[-131.22758745729215,69.52728349705352],[-131.2465924784691,69.54677709303226],[-131.25258066566866,69.5692346054595],[-131.29100840328385,69.56040409340906],[-131.29173549856972,69.55066048889852],[-131.27168350171024,69.5396092955923],[-131.26898413348007,69.53054880281127],[-131.243015676155,69.5247423023492],[-131.2430009075238,69.51731189828874],[-131.20912141685406,69.4913791093844],[-131.17597541311,69.47366101059116],[-131.18002358743942,69.46150980950236],[-131.1736949954683,69.44220399599833],[-131.182659199947,69.43118601217907],[-131.16643165971408,69.42740349816663],[-131.15747277092473,69.41469000071947],[-131.1722644732503,69.40873059671061],[-131.18164389966168,69.38345310255717],[-131.17407977116554,69.36897349363966],[-131.1911326988461,69.36260369493176],[-131.2062021955043,69.34516689419009],[-131.24367198878943,69.3481342870145],[-131.27390441640432,69.33644618642242],[-131.2924096013104,69.3379531149544],[-131.3081378026895,69.32864190802648],[-131.31716577609038,69.31338359940607],[-131.32867729252524,69.30454049462287],[-131.35452450292706,69.29754561150014],[-131.36977818637018,69.28575070751576],[-131.38260200897176,69.28715469299767],[-131.3864216469724,69.2999200033851],[-131.37073348802784,69.30587949617538],[-131.33470989676354,69.30769010989931],[-131.3398146682685,69.31369989474612],[-131.3294725512569,69.33485429742898],[-131.30582918387753,69.3470897969174],[-131.27647628690812,69.3458950127716],[-131.2670549018472,69.35723781125996],[-131.24788329951514,69.35193889209795],[-131.22060351472936,69.35350179825501],[-131.2113247825276,69.36702130959314],[-131.19766417258182,69.37083599654198],[-131.21912749900545,69.38291570099295],[-131.21236502564983,69.38894479566913],[-131.21720205728298,69.40359569823462],[-131.19831144985315,69.41347989678148],[-131.21456029667388,69.42799878665359],[-131.20752129124932,69.45499460847064],[-131.23093481379692,69.47606439339025],[-131.26792579300408,69.48539509178006],[-131.28045710186015,69.49507660622972],[-131.2974070852189,69.4960870024269],[-131.30693230435713,69.47489691401245],[-131.28649551291977,69.46941499824983],[-131.27698877203187,69.44162090801946],[-131.2644020237943,69.43250450210834],[-131.2659071220046,69.42560339603837],[-131.25192008866873,69.40429478706557],[-131.28170718729277,69.41239120905182],[-131.28710289923404,69.43229580599045],[-131.29890539748644,69.44910521247962],[-131.31255268085246,69.45767870489378],[-131.3346089142313,69.48216060049874],[-131.3486488090864,69.4794209961398],[-131.3641902874377,69.46433229263916],[-131.35860162268494,69.45597300844149],[-131.37173727977745,69.44323900139119],[-131.36704950309965,69.4308448133852],[-131.35009563216715,69.42286869792818],[-131.33809209849002,69.40993249510258],[-131.3304557582322,69.39178539950949],[-131.33528723836437,69.38135549861471],[-131.36305329356043,69.3615295143039],[-131.37753512123203,69.36752740348209],[-131.35512379731787,69.37306120734094],[-131.34340700112054,69.3815846049502],[-131.3521246038105,69.39010689413864],[-131.34856028201781,69.40812169530656],[-131.38273577771952,69.4337326026231],[-131.4003542065536,69.45149191220163],[-131.3827419109093,69.45865109668182],[-131.41485067645584,69.47023530355396],[-131.4500698274511,69.47007370404361],[-131.47053438760585,69.45681220673345],[-131.4580510758137,69.44300940226124],[-131.43033186216425,69.42856749849169],[-131.3874868201524,69.41624310299652],[-131.38469400848976,69.40230149608418],[-131.41162550990353,69.40459360887657],[-131.4452477933803,69.39047298565988],[-131.44325479632494,69.3784131003715],[-131.41864030709942,69.35876830769239],[-131.43343711942447,69.34448940077924],[-131.46462949766018,69.33309680725768],[-131.48722828212445,69.33196390641692],[-131.5265310194955,69.31193009761479],[-131.57485638156504,69.31336149073731],[-131.57083688807947,69.31970279620953],[-131.52913929602602,69.31825420911511],[-131.50082601000767,69.32733529451792],[-131.48458993880996,69.34524970072684],[-131.49410180016497,69.36625600034186],[-131.50660543753511,69.37667199880202],[-131.50281409433887,69.39102131621604],[-131.46158634029052,69.39794700148033],[-131.4416657352356,69.4189518963129],[-131.46779416696089,69.4322401986136],[-131.5613747796167,69.43417190779851],[-131.5936344964209,69.44091971647474],[-131.6225714320345,69.45702869523171],[-131.64424062108176,69.45394148755267],[-131.61547519418835,69.43468801085186],[-131.59999097665224,69.43059319140264],[-131.59256548496555,69.42064439270153],[-131.6377380898717,69.41082269442005],[-131.65187851124517,69.41496769186035],[-131.65952797302805,69.42941429743902],[-131.64829092167935,69.44959190277552],[-131.66924009250982,69.45329598850881],[-131.68211769791054,69.4482125929795],[-131.6881338391989,69.42364070367636],[-131.6793685271671,69.41381800354891],[-131.65767211997033,69.40702160591506],[-131.65389982671684,69.3983209081603],[-131.76122107121137,69.40900860690854],[-131.81958660010986,69.40312560839821],[-131.83477999172476,69.39342389533577],[-131.86044698981422,69.39299950695433],[-131.85562692091906,69.40399120147435],[-131.88407951012712,69.41348978560944],[-131.89359927366493,69.40324879722262],[-131.92958788936036,69.3922200972975],[-131.98528268613165,69.38836800144921],[-131.9821410695471,69.37883809499982],[-131.94724079234936,69.38859061718041],[-131.92333719288965,69.38992071323642],[-131.88885418758787,69.37507608980692],[-131.87653119775237,69.36583691088205],[-131.8758972224627,69.35083898985519],[-131.8526063689385,69.35284090061477],[-131.8456127824559,69.36935300043751],[-131.77382330247696,69.37607941225535],[-131.75527979770817,69.38029929856758],[-131.72977508169316,69.37739969375541],[-131.73136033738118,69.37065079736237],[-131.75064710646492,69.36515140426484],[-131.76870297319266,69.35160859125573],[-131.76986781171695,69.34054400261076],[-131.79084749866308,69.32544818773825],[-131.7823861824458,69.32036231177307],[-131.79237170708484,69.31052488616399],[-131.8108580011143,69.3021631076445],[-131.84305468298547,69.29395729497544],[-131.84811509303813,69.28628230731893],[-131.87678430159914,69.27745919270548],[-131.84882380505525,69.26678310263374],[-131.8586670636326,69.26065980094924],[-131.88453271124882,69.2619339906698],[-131.9168822999479,69.25676490428252],[-131.9349947932071,69.25793920808212],[-131.9177864429601,69.27073910375508],[-131.90327400796525,69.27262280377495],[-131.89081798521835,69.28454150023803],[-131.911798557152,69.28950629756604],[-131.9271838961515,69.28605599217154],[-131.95332107628317,69.26587080087869],[-131.9577758518727,69.25450009927503],[-132.00449799381894,69.23328328755407],[-132.0302612684937,69.23189769635391],[-132.0521783878001,69.21929739673159],[-132.07962462393772,69.21761680754037],[-132.09425829320318,69.21156279038242],[-132.0818304309397,69.19688860538982],[-132.13742309093644,69.17298911678444],[-132.1346969673967,69.18505549650368],[-132.10051588119128,69.20334289073753],[-132.12544029411154,69.20615969645422],[-132.13415843028739,69.21614539702938],[-132.14998808656577,69.21950691376038],[-132.1966890865436,69.20041550725237],[-132.17407458792115,69.18486189654652],[-132.1725647118708,69.17647079472735],[-132.20417889307828,69.16645080930665],[-132.2210510934799,69.14841718586581],[-132.23329772326366,69.14863089466148],[-132.20927298804924,69.17172400394547],[-132.18761159649173,69.18282468438049],[-132.21261990117623,69.18879969352658],[-132.22759201021006,69.19901750613379],[-132.26487523148174,69.18645849542625],[-132.28628900505714,69.16068229165889],[-132.31912799159562,69.15890690950036],[-132.32568139614807,69.16662480195166],[-132.34696677977396,69.16707180282337],[-132.3458339963394,69.17847011336335],[-132.28755843171564,69.17806209913888],[-132.2963899670549,69.1859381051931],[-132.29005107627498,69.20283740743027],[-132.3023520254228,69.21071479929384],[-132.29976480351542,69.21843538949983],[-132.32065780005513,69.22147799177972],[-132.3399385272509,69.20804169480793],[-132.35563049372905,69.20991868590417],[-132.37079550714913,69.19891731141689],[-132.37311087792762,69.1861630004806],[-132.36778347370628,69.16964169825381],[-132.37693408262453,69.15693640557225],[-132.37166481639838,69.14860219405527],[-132.3747584034038,69.13352460978562],[-132.4241415874785,69.1058279023152],[-132.4472446706404,69.10504160142227],[-132.47329979024104,69.08565359715216],[-132.50347091191762,69.07456518879036],[-132.5166998705669,69.07707640256935],[-132.47275760406856,69.0995552866998],[-132.48464882153374,69.10496140059387],[-132.47852769372608,69.11284861356512],[-132.42981832735353,69.13974749509231],[-132.4248114252053,69.14995179421133],[-132.44089565784816,69.16118939669302],[-132.44490259175274,69.17016030308578],[-132.41660649096204,69.18962321259727],[-132.44124861233163,69.19787289038082],[-132.42770290185734,69.21101809381649],[-132.4394194030338,69.22081980969948],[-132.47360952381425,69.2131306028296],[-132.4600312764472,69.1992956086877],[-132.46052951039582,69.1839249945647],[-132.4847985989445,69.17426659684011],[-132.47122211685956,69.16032418665313],[-132.47928401035452,69.15336448799985],[-132.47211713576036,69.14382570316235],[-132.50805191919432,69.12582968831316],[-132.50171622411955,69.11556039972568],[-132.53304392209603,69.10692479444536],[-132.55452321213434,69.10770981197435],[-132.60104969795043,69.07749700310828],[-132.60457788047546,69.08749081181432],[-132.5742189940716,69.10630181581392],[-132.58045199407127,69.11606809954989],[-132.61185550110105,69.10793719161387],[-132.64586527798454,69.09474080796623],[-132.66906020093427,69.0790987844701],[-132.6839616830562,69.07470401313735],[-132.66924038676615,69.06590930853763],[-132.6795340357433,69.05580330392155],[-132.7028000052242,69.0572292858481],[-132.68532102161768,69.06909090883337],[-132.77633980809847,69.07029399099244],[-132.80081141749753,69.06917520396739],[-132.8229250641211,69.06166050306011],[-132.84564441557086,69.06868799439951],[-132.85555701054895,69.05265988823426],[-132.88549580635834,69.04544648288214],[-132.84304127556874,69.03920499396511],[-132.85733690333657,69.02712830916086],[-132.8784053085557,69.02461970244934],[-132.8675356044983,68.99920469060828],[-132.8722058162693,68.99180450247333],[-132.86521149631488,68.97219408709877],[-132.87526041046434,68.96608769002948],[-132.84256171895066,68.95381349576984],[-132.84610101126555,68.94679960085894],[-132.8106858175597,68.94741420065162],[-132.79992830617817,68.95172980233507],[-132.77614307942514,68.93157679500656],[-132.75911890775782,68.9276405004881],[-132.73151772411853,68.92792690614975],[-132.7192918947969,68.9231140087808],[-132.6883326981092,68.92078771260361],[-132.67984348290597,68.91631340275227],[-132.69436328898033,68.90551729530995],[-132.73000861113505,68.90745558618679],[-132.74844431192602,68.91547099139588],[-132.78390986688152,68.91352160496766],[-132.81931131746842,68.91847609585193],[-132.8506743623042,68.91408480168191],[-132.84515102825424,68.89792799887785],[-132.79702275540677,68.8805143974139],[-132.76873787486545,68.87968620490243],[-132.762480403631,68.86983578801619],[-132.79415419548832,68.86161680975465],[-132.75466469785238,68.85547408449318],[-132.75564910301833,68.87152130036775],[-132.71703932021177,68.86853269920701],[-132.7229099972958,68.85782530826185],[-132.75534998059643,68.85355059126294],[-132.8011379021536,68.85397390066846],[-132.8085457935823,68.8429888041977],[-132.79491844473696,68.8339584035513],[-132.7645818207176,68.82679500551933],[-132.7548086992419,68.83268128809728],[-132.7235643306996,68.83588290465775],[-132.71639919259863,68.83077091093145],[-132.6804162420332,68.82491940364861],[-132.65624371243496,68.8338744888928],[-132.63726017430787,68.85382040103781],[-132.6516287745671,68.85947230149209],[-132.61854570930603,68.86976068504754],[-132.60096709131446,68.86533931351957],[-132.5538831107994,68.86023620081798],[-132.52419613463505,68.86752359540145],[-132.52734911415996,68.87795211132457],[-132.54857790017255,68.87648380424018],[-132.58495148153233,68.8862846028679],[-132.58572307564668,68.89316670977713],[-132.57131939128797,68.90059821243206],[-132.52733380964455,68.89697538797267],[-132.48482911936574,68.88154809818457],[-132.4835794796183,68.87505420252305],[-132.45692949481622,68.86600650501641],[-132.44280278888243,68.85634630129037],[-132.40856109444638,68.84588438884313],[-132.40555239924288,68.84061649441887],[-132.41571627510945,68.8255273033588],[-132.41571396492435,68.81135859329677],[-132.44726352278207,68.81821380443893],[-132.41995902106524,68.82616588966809],[-132.4374732849023,68.83090470477175],[-132.47618151646418,68.82540439706274],[-132.48805337984916,68.81078280343714],[-132.4823040860578,68.80145290684922],[-132.4999457882209,68.79291360484828],[-132.5402308088743,68.79619399597435],[-132.57599827081606,68.79457189728508],[-132.63252082078517,68.80791389735461],[-132.66150888262598,68.81044729667059],[-132.67854180065552,68.80321270013556],[-132.69628390863784,68.81243468820252],[-132.73008745079335,68.82018889750165],[-132.75992960642222,68.80827219437133],[-132.73118759960263,68.80869409371643],[-132.70249091054518,68.8045663026163],[-132.7101097082385,68.79539658502325],[-132.7054308662788,68.78440250013354],[-132.73536359884324,68.78249721072378],[-132.75274973828596,68.78692139797442],[-132.7534157877578,68.79630931131616],[-132.78908860624287,68.8041507975368],[-132.78886230741125,68.81334869189698],[-132.81779997406244,68.81565199189085],[-132.83641168233947,68.81357979106045],[-132.83905029984578,68.80037020100275],[-132.87776861821067,68.80446160436503],[-132.84987457757717,68.81035059688891],[-132.8514479979164,68.82465629370213],[-132.89820320584104,68.84391100964329],[-132.93710570791526,68.83895288245974],[-132.9585918342377,68.84711690025986],[-132.97826890032755,68.83791770021176],[-132.96504019034148,68.83275369774628],[-132.96783910522822,68.82407660521805],[-132.95090770209754,68.80642069351383],[-132.91217781003135,68.8038253990159],[-132.93872690990173,68.79005190945034],[-132.95539161675606,68.7881594872317],[-132.9837945926476,68.79835419773171],[-132.99640436435178,68.80640779892609],[-133.0542353141672,68.80659851153555],[-133.07171096685838,68.81304109963726],[-133.10382648509793,68.80552519338582],[-133.1117751992223,68.80898519376893],[-133.159378693725,68.80989560142847],[-133.20120510638526,68.84347131335781],[-133.23924259107685,68.84874679945],[-133.282110542658,68.85140039894414],[-133.30445192866932,68.84924469502549],[-133.3252383053264,68.84126339116395],[-133.34721269335816,68.84324019463688],[-133.36589385941735,68.83614209973196],[-133.3836317278677,68.84297420372764],[-133.41014572367962,68.83407359468443],[-133.41116768596376,68.82256641436435],[-133.37180710814576,68.81719980841373],[-133.37017072085132,68.80738940806995],[-133.3413594093092,68.79655301136857],[-133.37628246904876,68.79289329557639],[-133.38399801082298,68.78721819105408],[-133.34834368485554,68.78059071359782],[-133.32111403481312,68.78264529800313],[-133.2869296907511,68.7897239090013],[-133.26301041233916,68.78425701153706],[-133.21621319591924,68.78044900130133],[-133.22374783288492,68.77267769499167],[-133.20035078340464,68.76057829981563],[-133.14373498573963,68.75499318733861],[-133.16638701216326,68.7500000047798],[-133.19283504435123,68.75000019990094],[-133.23180149212595,68.75812600585678],[-133.23039483659102,68.77252369746819],[-133.2818627905932,68.7822178010112],[-133.2946248173778,68.77698390945437],[-133.29196010518876,68.76792930942881],[-133.27906821636478,68.7637144985532],[-133.2622187027305,68.74572770250056],[-133.23569169994272,68.74717789126929],[-133.19918751353723,68.7412375904895],[-133.17364000255014,68.73402469461014],[-133.16603704264247,68.71755189904088],[-133.1806567837761,68.70802989452334],[-133.10805948332046,68.70374899880954],[-133.0582882921781,68.70664050863564],[-133.04750331003567,68.69854770494804],[-133.00708858032576,68.69442519158301],[-133.01750830251393,68.70287468526996],[-132.9662406250177,68.70446950678351],[-132.92935093031485,68.68607910410945],[-132.9298786904997,68.67259040345404],[-132.9567932046678,68.68102609862451],[-132.97619098581194,68.6905411101696],[-133.01041641201442,68.68198250888116],[-133.04227748043917,68.6789944958678],[-133.0709802491901,68.6795388024915],[-133.07924209901432,68.68693969414741],[-133.1176996901593,68.68461029405911],[-133.15826158926924,68.69634389665748],[-133.19560538588362,68.70248841239115],[-133.21683959421492,68.70848610789571],[-133.20706248997283,68.71518940887034],[-133.24014579312512,68.72878921419725],[-133.25473206472844,68.71575329745305],[-133.27262415749016,68.72925949580836],[-133.2986377005919,68.73709751249196],[-133.33456697301582,68.74070389202946],[-133.33864132371278,68.75566450088948],[-133.37693321584374,68.75561399956865],[-133.40588690898673,68.76209021325124],[-133.43961618871054,68.77712639696689],[-133.50225401906462,68.79537239533151],[-133.5135885732036,68.81699100382018],[-133.49674357093852,68.83552910145177],[-133.51495212524733,68.84309179987083],[-133.47701127439765,68.84531159433644],[-133.43539912766812,68.84082160479251],[-133.42884439878608,68.85088860213314],[-133.45692896461222,68.84969729646937],[-133.46711599815413,68.85443678663196],[-133.4641937197458,68.86456469473605],[-133.47818961025902,68.87616449837313],[-133.42901137534264,68.88338810829606],[-133.43596710660776,68.88969701274613],[-133.40995920989369,68.90085698280885],[-133.37725589681384,68.89374841508692],[-133.38455402200205,68.88020620869189],[-133.42548088880034,68.87164750362955],[-133.4302611243335,68.86306630405971],[-133.37933139120653,68.86196341701964],[-133.35757198765495,68.85392330358547],[-133.33746823478575,68.8631929984117],[-133.32950960873285,68.87392770835841],[-133.28541509139745,68.882970592674],[-133.2520595836965,68.89720599553611],[-133.25492050930777,68.9199124116893],[-133.24608439651172,68.92346930444083],[-133.2410883047374,68.93767580806256],[-133.26391072190054,68.94499570012185],[-133.28455249716416,68.9472093896382],[-133.26646039743312,68.95920890345754],[-133.24556472410697,68.95767929851232],[-133.22546293458032,68.96585030540471],[-133.22679828581343,68.97503951308394],[-133.24963557888637,68.98264459843764],[-133.22700108894256,69.00719599884022],[-133.2284955735546,69.02205449618357],[-133.2107670843178,69.02991509569021],[-133.151052689007,69.03380358799325],[-133.12518520693393,69.03061710185997],[-133.12418528028823,69.04608119479542],[-133.11108297923653,69.05288769152162],[-133.0849834769755,69.05343989711888],[-133.08181021246236,69.04548209543835],[-133.03982997662095,69.0446211078495],[-133.08522778757597,69.06203481479247],[-133.07849831427515,69.07379159499591],[-133.0551419682786,69.06645109523583],[-133.01706930500927,69.04373810674392],[-133.01200831706623,69.03470729780484],[-132.99539219303162,69.03398689824766],[-132.98533117557173,69.04287700685286],[-132.96770200538674,69.04696628537154],[-132.9499724203215,69.06608900282349],[-132.93837249609277,69.06475238462573],[-132.96001976433982,69.02110019811717],[-132.93656632915776,69.00143970125018],[-132.95234869288225,68.98819480899206],[-132.93147388454906,68.98009620000522],[-132.92221500468418,68.96523750729655],[-132.8855747196297,68.96838539179207],[-132.8997592972732,68.98391180396881],[-132.90071180399636,69.01276781108908],[-132.88768570759402,69.0206745834445],[-132.9174099036087,69.03176501202041],[-132.91158309608085,69.05857371421713],[-132.92188509081717,69.06800819866537],[-132.8941362600927,69.07947799871592],[-132.8648684854382,69.08309300597621],[-132.85375187992037,69.0911112889717],[-132.91215019684546,69.10254009580588],[-132.93024390521435,69.12038990398572],[-132.90366956150808,69.12838959724793],[-132.8841049932282,69.14364491733133],[-132.87507118538437,69.15700760671814],[-132.8929532333317,69.16677959669468],[-132.85586479234271,69.165488216798],[-132.84766438993373,69.1834246989207],[-132.86858232005466,69.17939869610035],[-132.8772205886358,69.18687369071336],[-132.85959273251737,69.19962879936791],[-132.86659017469532,69.20366220425815],[-132.81673810687116,69.20884300508534],[-132.80273498838034,69.20582490400568],[-132.7876968717049,69.2172815933047],[-132.76321448588837,69.22865140282434],[-132.8046807765259,69.22457790326222],[-132.81419197971763,69.2339460963524],[-132.77224273055447,69.25000000694253],[-132.74360651171816,69.25015410959733],[-132.73919537281196,69.26293880459619],[-132.713911918805,69.25417520956191],[-132.7069783076268,69.24602631163172],[-132.68164698527679,69.24650198783421],[-132.66508491225005,69.25291790212579],[-132.65502799376094,69.26316218598576],[-132.63115460035712,69.26370011033508],[-132.59901729346367,69.27294380236258],[-132.60663647684095,69.2821352029519],[-132.58590640582986,69.28850210914364],[-132.56001813145699,69.28465749895659],[-132.5617717036589,69.27364259147483],[-132.5884571005283,69.27855890179204],[-132.59816099023647,69.27232659100167],[-132.5488653102326,69.25848190036459],[-132.5457806193962,69.22595819779335],[-132.53487482131064,69.19981959179648],[-132.53881647448566,69.17917100417871],[-132.52402961120677,69.16308520530215],[-132.53253607249127,69.13901889650953],[-132.4864545093782,69.1433466860706],[-132.4938562005991,69.15274181397899],[-132.4874372271227,69.16030939277718],[-132.5029098104223,69.16905848572041],[-132.4895147907314,69.19424081623428],[-132.50770951837796,69.21563458955941],[-132.50780530539842,69.23126991154643],[-132.52524887767672,69.23725609319446],[-132.53009209566076,69.24695640818284],[-132.52116240154834,69.25932768599004],[-132.50943160541067,69.2640271883255],[-132.48502729099653,69.26251038667789],[-132.4895866256665,69.25263359055941],[-132.50211413517425,69.24767939922457],[-132.47916849402932,69.22551440858169],[-132.47632744565018,69.21725990427655],[-132.45459411798788,69.21883880961447],[-132.44102021964682,69.23092699488164],[-132.4579655819607,69.24061090267897],[-132.46497911712527,69.25083318808746],[-132.45861559036646,69.26096799803375],[-132.47699126620265,69.27530269433706],[-132.46948287304613,69.28196429992424],[-132.44400841270152,69.27651669852338],[-132.4409968749604,69.29022770439306],[-132.41767361808058,69.29914510168074],[-132.38320846749784,69.2726259975223],[-132.37031061707592,69.24973370763459],[-132.33560087577476,69.24626600895913],[-132.32682419661512,69.26302338459253],[-132.34319688775918,69.26978261638375],[-132.34032928806724,69.28257019943177],[-132.3499966094973,69.28543629874274],[-132.3563783793466,69.30174299741509],[-132.32462847634054,69.30289950579109],[-132.24960798585883,69.32681339105955],[-132.20545383462064,69.3357810018898],[-132.1728719872485,69.34856300833728],[-132.12110552029387,69.3473842921865],[-132.12257567959205,69.3566082985071],[-132.0963650002095,69.36859158741288],[-132.08089779352645,69.37972189772455],[-132.10873492852775,69.39074460787756],[-132.1457090745701,69.39913549551385],[-132.1024588648198,69.40481219261652],[-132.12882830819058,69.4182341949684],[-132.12903823162674,69.429638205042],[-132.11542831456305,69.4303935108322],[-132.10822101317714,69.44179570648483],[-132.1153897420856,69.44708240460218],[-132.1003478147721,69.45406689657955],[-132.05853083378145,69.45672740483177],[-132.0956717811593,69.46645530221745],[-132.12461970919108,69.46407099487026],[-132.1106948150505,69.47513030138033],[-132.06475342983993,69.47949870718196],[-132.05461401408567,69.50073710313227],[-132.03225696395876,69.50696599334634],[-131.99999997218654,69.50537599900814],[-132.00000001123956,69.5163020122025],[-131.95958728912447,69.51254591115367],[-131.93100902770516,69.51913769299559],[-131.89224801399857,69.51453230680274],[-131.8571708175968,69.53403800768506],[-131.82391291014446,69.53788760505174],[-131.7797796127621,69.55338931011273],[-131.74609961990626,69.55027920043555],[-131.71344129181557,69.54227518964571],[-131.69844319877703,69.53487279103256],[-131.67590091786394,69.51328969468953],[-131.6583152123435,69.52087299818871],[-131.650802778666,69.53718200464208],[-131.67288542624203,69.54580650356493],[-131.67037562080648,69.5515482940801],[-131.64484748672834,69.56127801427775],[-131.6375410876248,69.55281770418411],[-131.58547138218572,69.54841510427174],[-131.55112183352486,69.5558787008544],[-131.53025551491845,69.55031661226194],[-131.52285874683358,69.55902770136385],[-131.50357328193255,69.5627069989027],[-131.472338882599,69.56087309355173],[-131.44159231943752,69.57053508999199],[-131.4037923033048,69.56358689462212],[-131.336923313136,69.56094890965824],[-131.3242916314961,69.56746170504276],[-131.35735378599227,69.57484100976876],[-131.28582832037256,69.57251260218034],[-131.25477269966206,69.57547801237074],[-131.23250720474408,69.5979796945036],[-131.14990222763302,69.60765660495655],[-131.11877240009153,69.60463968492316],[-131.08144943234126,69.61519600137383],[-131.05374599013268,69.62023239748461],[-131.05405048925041,69.58845090998763],[-131.02891177609797,69.5753924031467],[-131.00228342376172,69.56940660906034],[-130.98370442531578,69.56012949644249],[-130.97014902573005,69.54644680135718],[-130.94313041792364,69.53759630952682],[-130.9402305993059,69.54730699159819],[-130.92521310362804,69.55267329908506],[-130.92212378507352,69.56200919184441],[-130.85598398884505,69.57296319228546],[-130.85575350871125,69.59803561194444],[-130.838236400566,69.61586409828797],[-130.8094548402616,69.63214509872617],[-130.80239741268227,69.64970290959931],[-130.77126230849186,69.66288789027536],[-130.67871263965242,69.67603869994656],[-130.65807853476,69.67439310710267],[-130.61610419339766,69.68268710659434],[-130.56879007829787,69.70313260131181],[-130.57318948674475,69.7189264013663],[-130.60551802709537,69.72934019974903],[-130.58360339322542,69.73875671141334],[-130.58927181168198,69.74542978627537],[-130.56350729722698,69.7586580048165],[-130.5392365820639,69.76528070756194],[-130.53615973648277,69.75337110056711],[-130.48116468862509,69.75851778921363],[-130.45600531600385,69.77658050708851],[-130.4176525115409,69.77915511067899],[-130.3435242090755,69.81830870615944],[-130.33229686493897,69.81215059658584],[-130.26845721309624,69.81319918685124],[-130.24427480168487,69.83453038854952],[-130.22264646550428,69.84347140070665],[-130.15618159892534,69.85233699992503],[-130.1268755798159,69.85884540866728],[-130.07639881279874,69.86189520614894],[-130.0550515158658,69.86730280058833],[-130.0196896035981,69.88218821422615],[-129.9881834920071,69.88845281060472],[-129.9499754156377,69.90522321167111],[-129.87113971400868,69.9156831068202],[-129.80421437922186,69.93663269200607],[-129.77338522949177,69.93928699205438],[-129.69727345415058,69.9548376951966],[-129.638574430416,69.97409569733094],[-129.59461322369285,69.9797726965107],[-129.54042690417066,69.99223180146763],[-129.5012650775737,70.00595521100915],[-129.51123070365665,70.01714999921232],[-129.55965762026463,70.02586678753778],[-129.52009245431728,70.02869179643359],[-129.4905395990466,70.0229928873489],[-129.45541397912672,70.03098490787097],[-129.4339102318535,70.04021209821687],[-129.4295634971202,70.05526688634612],[-129.41777373998053,70.06138689936978],[-129.38991517090324,70.0972847998711],[-129.41999862774378,70.11487629197663],[-129.43883764243702,70.09815730494746],[-129.40753389005334,70.09683308678301],[-129.41448348239084,70.0809943114222],[-129.45296871293425,70.08054998533854],[-129.4968859016067,70.0931296849283],[-129.50440179149018,70.10101161709309],[-129.47933032827052,70.10843189235347],[-129.46658412281135,70.11751579812041],[-129.4390004355457,70.12156539513558],[-129.44915597553899,70.12800549898903],[-129.4788982111931,70.11579698454804],[-129.51156491463385,70.12320208754278],[-129.49729430065426,70.13238668365416],[-129.49804339717062,70.14256969830858],[-129.5131142903275,70.14727480748266],[-129.531814750481,70.13980099841739],[-129.55619507475183,70.14444089938043],[-129.5780147120261,70.15340820259054],[-129.6098992812724,70.14505099551998],[-129.6193694274798,70.1534940993916],[-129.58805447933736,70.15464411135005],[-129.61577462638445,70.16564470466714],[-129.62312229292382,70.17553578728499],[-129.614647917642,70.18869800395457],[-129.5992281424966,70.19063730428377],[-129.5897252231597,70.20021279002594],[-129.62978798124135,70.1998598052244],[-129.6573309200868,70.18460409642616],[-129.67254818642888,70.18281798942486],[-129.6876352178895,70.19526020610277],[-129.67103727364682,70.20301649940212],[-129.6477018802846,70.20104990502976],[-129.62992021809143,70.2043350983644],[-129.6534618853842,70.21237740292422],[-129.6525755633456,70.23272169404449],[-129.67420308277508,70.23130440162791],[-129.66566298503326,70.2131501953247],[-129.7196743401211,70.21853020252271],[-129.69972060196423,70.22955790635629],[-129.7306899058646,70.23054681020591],[-129.7331918946341,70.21917960463337],[-129.74757949987108,70.20928949337092],[-129.7714728228054,70.21453250568946],[-129.7901245912165,70.21264450156916],[-129.77790362297824,70.20334979114438],[-129.78698357538093,70.18714119053287],[-129.7595846104752,70.18912759564392],[-129.74465224057107,70.17568320062304],[-129.78301817720305,70.13658080884112],[-129.79134880319606,70.12544829762868],[-129.81667651109763,70.12822971219812],[-129.83694368995617,70.11755340056959],[-129.8655066609922,70.11828779347692],[-129.86527470502892,70.09275221220469],[-129.88610036844253,70.07895710228001],[-129.90339502673538,70.08195849964468],[-129.91459557826227,70.06836020805245],[-129.87581523568204,70.07273889871654],[-129.8781891126504,70.0583130952828],[-129.90254121202895,70.05793180238507],[-129.93203576803427,70.05203149291958],[-129.94638864593705,70.0589613010146],[-129.98376114437625,70.05417490084386],[-130.00313020159336,70.05755151243329],[-130.01543926266655,70.0418103937173],[-130.03927669538155,70.03131649764008],[-130.04929136612182,70.04220790281025],[-130.02841351077214,70.044160710057],[-130.0451524950932,70.05632940961101],[-130.07369051753315,70.0529520916254],[-130.09805467745323,70.05375000838458],[-130.10184608895668,70.06763811737797],[-130.14164440707097,70.07395030554584],[-130.15449458974786,70.0612653037105],[-130.13960857595643,70.0530776045962],[-130.16055842734482,70.0498221050535],[-130.18913276309323,70.03296939366912],[-130.16722816164398,70.02733600073874],[-130.15686081826246,70.03744180501921],[-130.1355869243741,70.0388990006242],[-130.11531406075608,70.03500189713954],[-130.1127177887269,70.02582871252518],[-130.13086235732987,70.01934940095092],[-130.17470703980854,70.01568659792687],[-130.19198277056057,70.01881470302065],[-130.20491392103904,70.04801300676216],[-130.19526683160146,70.05986159566007],[-130.16755621162474,70.06236140154314],[-130.1644989898304,70.07446829591963],[-130.1889681235316,70.0797767059067],[-130.20135550623257,70.07340638359977],[-130.21841919581374,70.05459961626629],[-130.21052332232665,70.04581309555098],[-130.23085722888354,70.0406107927028],[-130.24193638707254,70.06186259583716],[-130.22894016260133,70.06650870259666],[-130.26759705760236,70.07342080011597],[-130.2846365643336,70.06277860542356],[-130.32876218254003,70.06343780449588],[-130.3712835072608,70.08382709503866],[-130.40471583287925,70.08161100365027],[-130.41610487394496,70.08798829937746],[-130.39595021148602,70.0947531989465],[-130.37721051921127,70.08615450521137],[-130.33656019420002,70.08639549108011],[-130.3419363903627,70.0997703150628],[-130.36963521117818,70.09175399404793],[-130.38534411141242,70.10292280241129],[-130.37488498363953,70.10863410951666],[-130.388960697594,70.12003180424426],[-130.38343936318694,70.12514089897809],[-130.39803133174837,70.13898680589809],[-130.4159583721409,70.1260426024972],[-130.39522199238166,70.11612951059215],[-130.39982769474946,70.10108868526422],[-130.42134765749353,70.0922153002133],[-130.4343456991213,70.09616168444164],[-130.44339336451588,70.11039279426137],[-130.46233061784704,70.10031688853023],[-130.48092530701874,70.1010906950554],[-130.4901895458414,70.10882120068433],[-130.51846289485576,70.11651129269615],[-130.52871888103633,70.11153279570975],[-130.50245280635843,70.10054549671764],[-130.47901899927413,70.09539479789672],[-130.49827038372638,70.08677008924764],[-130.5355119011257,70.08895489286628],[-130.55597948664234,70.11265860940435],[-130.52929288113253,70.13982579677779],[-130.51381839025098,70.14717751750855],[-130.47877531041618,70.1400914961658],[-130.4845919173057,70.15048480169706],[-130.5055178256351,70.14974139307267],[-130.5352982891234,70.14283200881337],[-130.55720507138773,70.14296749896126],[-130.56596866784957,70.13616910660681],[-130.5567395814358,70.1279283123931],[-130.582965686493,70.10806861287453],[-130.60249848146034,70.11137751256267],[-130.63326816050204,70.10984479529827],[-130.64558672894177,70.11832779233929],[-130.68785935570037,70.10977940022842],[-130.65191208469918,70.1066429003535],[-130.64895819682317,70.09870991021907],[-130.66207767787247,70.08694760679484],[-130.6592143173893,70.08094900398628],[-130.68280744328683,70.07600450610046],[-130.70096360466516,70.0651938142526],[-130.7233738075557,70.0635013895382],[-130.75884830336273,70.07255950645983],[-130.73182848320596,70.09801510911649],[-130.74665581991138,70.10377678766272],[-130.76612790432404,70.0908829041025],[-130.77454439800238,70.07567410071348],[-130.79071090159235,70.07211041505424],[-130.80224058643898,70.08218611058261],[-130.82383380077982,70.0762121054441],[-130.84645437524875,70.06470371134185],[-130.87475640377653,70.07343699004042],[-130.90418602344081,70.06615820558483],[-130.91510415593905,70.05136879958975],[-130.93564361441784,70.05721228951394],[-130.96701688819593,70.05955571577391],[-130.96949602395398,70.04757289380721],[-130.94144912470227,70.04321769138588],[-130.9242134848827,70.02683190264926],[-130.94028068162808,70.0130502111297],[-130.94179711024714,69.99499480340545],[-130.9565389752474,69.99203330506631],[-130.97457731078762,70.01580119255765],[-130.99086391412501,70.0171115981017],[-131.00570571511298,70.0039936877209],[-130.99222068689332,69.99684841173824],[-131.00703731637955,69.99274300805493],[-131.039872899135,70.0000000143028],[-131.0469119834613,69.98724181121416],[-131.0164590067798,69.98412158995015],[-131.0199261935572,69.97453958749844],[-130.9974967115197,69.962852190413],[-131.05193992731452,69.96245760923605],[-131.07050821906455,69.9448064960668],[-131.09186019812591,69.90399238730748],[-131.08943402091072,69.88728009087777],[-131.11542618492027,69.87116769644425],[-131.13054260816403,69.85797019549912],[-131.15468450882395,69.85283221281135],[-131.16308810884829,69.8430999884319],[-131.21413273007022,69.8123871072854],[-131.22606722271325,69.81761330575617],[-131.23517312827147,69.83487060617192],[-131.2348399757197,69.85478239603344],[-131.21026228616898,69.861035406281],[-131.21331868731687,69.87638281544093],[-131.20718419131433,69.88424299186299],[-131.22947608178563,69.89878380114132],[-131.24106617743405,69.91915850389069],[-131.274670992346,69.93026510127977],[-131.33036748877473,69.94049149575143],[-131.3472303865463,69.92987061482062],[-131.38750132667374,69.94024379803811],[-131.4022549763614,69.9315989032077],[-131.42271541130987,69.94052999902185],[-131.42112159180937,69.95186879961648],[-131.45825293209873,69.94539030225899],[-131.44153809217116,69.93195190864985],[-131.45736490333817,69.91966511054193],[-131.4626464101995,69.90870628390503],[-131.43757396984827,69.89919630158182],[-131.43580519446968,69.89002258715335],[-131.45441853325602,69.88602130442568],[-131.49459129827275,69.88440601525971],[-131.54064041159262,69.87814050020798],[-131.5834504104031,69.86782309560702],[-131.60018542854422,69.86065290319262],[-131.6470267615691,69.86171240015963],[-131.67243433539184,69.84650830615053],[-131.71684826905272,69.83601299645325],[-131.73353753222187,69.81520999435887],[-131.70345660728015,69.8061346035486],[-131.71596863088396,69.79451520160585],[-131.73275748342533,69.79590630051503],[-131.74758420867622,69.80799578306613],[-131.76510401855867,69.79066990378738],[-131.7841821768607,69.78885929618153],[-131.80843863082902,69.7757770024025],[-131.84198090913634,69.76627699300661],[-131.88752314686732,69.76015780169598],[-131.91783329605727,69.76874770587433],[-131.94527650437044,69.76232848896457],[-131.97622770330017,69.75084281147802],[-131.99051680889485,69.73914418370497],[-131.967010926381,69.73289410158057],[-131.97410669664112,69.71160399561366],[-131.99671940189373,69.69960679737352],[-132.04120570925198,69.69621579117546],[-132.054305098258,69.70910869044027],[-132.07445580848974,69.71040638628322],[-132.0811316842809,69.7008324887872],[-132.10581229889613,69.70154001670745],[-132.11184767380777,69.71106109703041],[-132.0768984127288,69.71232729477525],[-132.0728837829459,69.7192080009569],[-132.0475344197048,69.72188400258476],[-132.03851429921792,69.72949681108219],[-132.12373257867213,69.71917700798542],[-132.14007480775643,69.7114172949156],[-132.1439298168847,69.69104438737926],[-132.1212748981412,69.68493970911852],[-132.13967929991472,69.67518941489108],[-132.17198670175677,69.68411420588814],[-132.22943229412257,69.69147090528642],[-132.25043990121074,69.6987781837847],[-132.28247009634887,69.69047921528394],[-132.30856891464038,69.70573519165207],[-132.34762486953568,69.71089809338082],[-132.30792849272294,69.71642270781226],[-132.30524751163992,69.72577938456953],[-132.33379349733357,69.7227551931465],[-132.39613332718903,69.73013729054198],[-132.41615769159534,69.71613919358674],[-132.43546760348042,69.71268631123412],[-132.46547703944574,69.72150029761731],[-132.49708870018807,69.72434201398065],[-132.5184263945839,69.73791340735025],[-132.54911441970225,69.73248369194654],[-132.56098786753995,69.72241389947375],[-132.56485621506963,69.70932898728914],[-132.58052861160118,69.70063980869998],[-132.60276877208474,69.69482599841298],[-132.5947694850206,69.688490000137],[-132.62736657214603,69.6829245955219],[-132.64145231138073,69.67138601225079],[-132.601309492683,69.65715201254184],[-132.57905398990403,69.660064201108],[-132.5312697978627,69.68001710237819],[-132.4877842002326,69.67872600096561],[-132.4965811905393,69.69902128614233],[-132.4802079842928,69.70162709787876],[-132.46764677027844,69.68986699999097],[-132.46356468712523,69.6779218107061],[-132.44647589038334,69.67679890317866],[-132.39538059234687,69.7072333083101],[-132.37591779899014,69.70796421149794],[-132.3581201755276,69.69476679106846],[-132.38921905591204,69.69335489901167],[-132.40759958892548,69.68156679461217],[-132.42162677660144,69.68181078949476],[-132.44695814134442,69.67216140091143],[-132.4725048029363,69.65431800827076],[-132.41379532554686,69.66497719349897],[-132.3886893613176,69.68084939755632],[-132.37293505829905,69.68253979705275],[-132.3459935689896,69.67473429810376],[-132.3492851886126,69.65780119943442],[-132.37631908098652,69.64385320547079],[-132.40885317577815,69.63632520213193],[-132.41209398386232,69.62493098855741],[-132.43204270687005,69.62135518705684],[-132.4721591196292,69.62225508948704],[-132.4894403225828,69.62670919897472],[-132.5386192091342,69.62805438965822],[-132.56769638458832,69.6182618005094],[-132.6034894431816,69.63087300446001],[-132.6109482636046,69.63779690218168],[-132.67180068964228,69.64882721491425],[-132.7035139001238,69.64166129169857],[-132.7102977780088,69.63243569479984],[-132.67896778199088,69.62337651228619],[-132.69435882155355,69.61577140919687],[-132.72906613225484,69.60933859756398],[-132.7576612128759,69.62951348914036],[-132.77646327840097,69.62701260581235],[-132.82609712612333,69.63312150521577],[-132.80633261466903,69.64548449238086],[-132.84243001552156,69.64077320224573],[-132.84745108390686,69.65346939670629],[-132.900927604322,69.64658479798311],[-132.9438822803159,69.63345480615027],[-132.9405082040958,69.6258097884757],[-132.9749050266819,69.60950870221208],[-132.9761507673263,69.60194640244679],[-133.0144140816417,69.57489530649649],[-132.98172277392595,69.571053300067],[-132.98138988258574,69.54238290710516],[-132.97365009111837,69.53430689475194],[-132.98220669803996,69.51834619916777],[-132.96284090742537,69.5121826829624],[-132.95981098106253,69.5032663934862],[-132.97397561341458,69.49964780361127],[-132.97016236306357,69.48924789756555],[-132.99286250762864,69.4856160064882],[-133.00167100146868,69.47372700959941],[-132.9852441473346,69.46002653910642],[-132.95802557170467,69.4601166003556],[-132.9554558364963,69.46012490155377],[-132.94693449578924,69.46015214769675],[-132.9466880583069,69.39872875894385],[-132.98159648057205,69.39877581173957],[-133.00462396807148,69.39872681830276],[-133.0292262424878,69.3987008312606],[-133.04409478625095,69.39867873743923],[-133.04822839070638,69.39867239461097],[-133.05248168479972,69.3993880016354],[-133.05260613295778,69.41073139025728],[-133.05260787059822,69.41102267532706],[-133.05264364002286,69.41705717100089],[-133.05265510876418,69.41898871141011],[-133.07501631946144,69.41631209878861],[-133.08590888986419,69.40373280664923],[-133.1085991216849,69.40173510766112],[-133.11582040500284,69.39530449366491],[-133.1512498595997,69.39778339468376],[-133.2004232429782,69.38625140277773],[-133.2093574683503,69.37695139553448],[-133.23591848582902,69.37077769677362],[-133.2448591879574,69.38567618673983],[-133.30691916967268,69.38115620146634],[-133.3547084054908,69.38183949810525],[-133.36720126445616,69.38755000495956],[-133.39776609541406,69.3935360003214],[-133.4180042015146,69.3900723872913],[-133.4719574182286,69.3893873937893],[-133.51798430368711,69.39523278514841],[-133.5508274357508,69.38836059676571],[-133.58429171673635,69.38594269195427],[-133.63376387074288,69.3753133045646],[-133.6530768258385,69.36178610572304],[-133.6751106831793,69.34063800066176],[-133.7098184990107,69.33231461223818],[-133.708371803817,69.32025799916492],[-133.74044697282602,69.31116300048814],[-133.75314543269155,69.31328529692982],[-133.76883493267846,69.32936990704415],[-133.74347224232002,69.33133360123584],[-133.7461945410207,69.33815150360284],[-133.80996282650156,69.32857489978387],[-133.858756877656,69.32751429885174],[-133.9010644668918,69.31772220393535],[-133.91367496501977,69.32279860295681],[-133.92079652914362,69.37663240021539],[-133.90212341409273,69.38442108729087],[-133.92248388941618,69.38953290949512],[-133.9223444366288,69.39697990311362],[-133.8839830027247,69.41096158659374],[-133.85568461664442,69.43078431092205],[-133.84519980044317,69.44422070426886],[-133.81159386939433,69.46287150217272],[-133.80715030212173,69.47119580930796],[-133.78741883690606,69.48563630372632],[-133.7882133817997,69.49513249287597],[-133.80761072685246,69.500892400249],[-133.8010890768291,69.51908889546135],[-133.77602489329576,69.53642479735262],[-133.7951285080513,69.55397719520079],[-133.8027774806441,69.56790840682574],[-133.82246866806577,69.55744760119315],[-133.80172319742812,69.55327540091339],[-133.82368742060447,69.54670340121217],[-133.853799323039,69.54683799120782],[-133.83776381908388,69.53675400167033],[-133.81304571370643,69.52721371159723],[-133.82284067892837,69.52318689329032],[-133.87950062533332,69.52576050127497],[-133.88922111923966,69.510987307324],[-133.8693036422233,69.50144539974143],[-133.8809142446192,69.4945810020204],[-133.91385091738562,69.49668169208586],[-133.96213619929668,69.49522019997141],[-133.96967131438538,69.5032228949761],[-133.99909012811924,69.51266299418053],[-134.032886684022,69.51212990603256],[-134.0230062890488,69.52521729319236],[-134.00000002116704,69.53420799997674],[-134.01043139026794,69.54450239344362],[-134.06859907241056,69.54060460314923],[-134.08802388939844,69.52885921313435],[-134.13200967289725,69.52516359941778],[-134.1560723253093,69.51974809712567],[-134.1629511895921,69.52962388818663],[-134.1841236860457,69.53633330756676],[-134.2078081023527,69.55420880467862],[-134.20891789164034,69.56497731438309],[-134.25811771032818,69.56077360935488],[-134.24564807992567,69.57569209106536],[-134.24864723428695,69.58071549666465],[-134.22881501981567,69.58722850386519],[-134.25402827780752,69.59374860512473],[-134.18160154917953,69.61086470215128],[-134.2390312867318,69.61182440249468],[-134.2144712033234,69.6193045064503],[-134.19546093088383,69.63479020385071],[-134.24307521285547,69.63175479890502],[-134.22925780610214,69.64552391378098],[-134.22885424243265,69.65662240446298],[-134.25319168451284,69.65884128910538],[-134.37002709229253,69.65490531685093],[-134.36173131287705,69.66273410036253],[-134.33725907633908,69.65866179455563],[-134.33637149208408,69.66848151223549],[-134.35565560155183,69.67655188463218],[-134.3597585149673,69.69341890503817],[-134.39563599928138,69.69409881202643],[-134.4124332123549,69.6873833911847],[-134.4345580898887,69.6917221952426],[-134.46496381483095,69.68922160477283],[-134.47461103117124,69.70123630437094],[-134.5048640264523,69.70336289742121],[-134.51258699077997,69.69613711539539],[-134.50284838808275,69.6791864948448],[-134.49047518849466,69.6718770134827],[-134.46097532113842,69.66505920767082],[-134.44467696413244,69.64418499403858],[-134.43555042397685,69.64009889118991],[-134.42753120487268,69.6234816838019],[-134.44538080323474,69.60082170691766],[-134.44338246702222,69.59716900385786],[-134.4657250030046,69.57879421498669],[-134.4657422061944,69.57213819764702],[-134.49779921100915,69.56186680168224],[-134.4989004688363,69.5499234938423],[-134.4861670112551,69.54320688574661],[-134.49567478021666,69.5233656890893],[-134.55962167702674,69.52673950693284],[-134.5381312753884,69.51054840901843],[-134.55554821563138,69.505994694361],[-134.57695239788518,69.52114279996384],[-134.5693409774355,69.52943099639023],[-134.58721538036494,69.53791448973416],[-134.6222771156878,69.52339369944],[-134.6066901802819,69.5049662969688],[-134.62216671606208,69.49260471149553],[-134.59356787195284,69.49578069306241],[-134.59103737785665,69.48649209882058],[-134.5983830415534,69.47418419761514],[-134.57557399753478,69.4661847105233],[-134.57335699072564,69.45596940247611],[-134.55189924831433,69.4544629026025],[-134.54592498725114,69.47412059192531],[-134.5545762222598,69.47935199268814],[-134.55350344300209,69.49290660447647],[-134.5288420284353,69.50597269493794],[-134.4924032838106,69.50423290537792],[-134.44960499725198,69.49088921553964],[-134.42636966690634,69.46839770454655],[-134.4393493990431,69.45505530213757],[-134.47596312242894,69.43744620871719],[-134.5116841184792,69.43175721084438],[-134.53715580780454,69.43142481050425],[-134.5261621740984,69.42140910536814],[-134.55237909670169,69.4223789159009],[-134.53543198605516,69.43437300445557],[-134.58758519946193,69.43569409347057],[-134.59815467865957,69.44496030764711],[-134.6206025727799,69.45414429386867],[-134.64289756499923,69.45611269608001],[-134.70563509886182,69.4693869079316],[-134.73000240869337,69.46747839833645],[-134.72917521122397,69.4529232135111],[-134.75845313699313,69.45934300014356],[-134.78291221861514,69.45952360524763],[-134.80723848660168,69.47642029433887],[-134.8253857901328,69.48118881429338],[-134.8487759041125,69.4771720065896],[-134.86342998823488,69.48141670503442],[-134.88016019953102,69.47034460351074],[-134.90413590048254,69.47400090561963],[-134.93858568789014,69.47324808741617],[-134.9575584221289,69.46458980970581],[-134.98742969903589,69.46132651211313],[-135.00447548372316,69.46670650389261],[-135.04047179934835,69.4695330012124],[-135.07597980572956,69.46547261091887],[-135.1135799692744,69.45704700624248],[-135.08438745020803,69.44513370239896],[-135.09746624268257,69.43672030429192],[-135.08843777160334,69.43026109405527],[-135.10183987465382,69.41835360288428],[-135.1431010160147,69.44862850395766],[-135.17943945913163,69.45134790140932],[-135.2067926743647,69.43848149322586],[-135.24803089227595,69.43211411284923],[-135.26924830523183,69.42530430523323],[-135.30517775735674,69.42178070188655],[-135.33507610563927,69.39823028213394],[-135.3243876142557,69.39225590716845],[-135.30093470214595,69.39231751409696],[-135.2949415608834,69.37525859748271],[-135.263016006924,69.35800719247555],[-135.24466698137513,69.31981148950747],[-135.25922370888753,69.3151809114762],[-135.26430571934566,69.30472558939593],[-135.25378992025543,69.290951697298],[-135.23512719587868,69.27968371309815],[-135.20848641268782,69.26892480395037],[-135.16535203253483,69.26379120033947],[-135.1585616198627,69.249578695166],[-135.17841098731768,69.25174449043972],[-135.19915056718432,69.2594192960445],[-135.25971577497214,69.2677807913931],[-135.29349511028926,69.27889819543438],[-135.34553151618638,69.29082070297564],[-135.39504511045408,69.30996581101553],[-135.43054227228242,69.31925819649881],[-135.46427641138,69.32097500873773],[-135.48936698141293,69.32761308858058],[-135.52634356835787,69.32852129515764],[-135.5347845607117,69.32309429839506],[-135.52050029006477,69.31537501468942],[-135.5500988643685,69.31243989954922],[-135.5622270824798,69.32441409876586],[-135.53890597884822,69.33151419386346],[-135.56735838291254,69.33422210255067],[-135.61566884213823,69.32619509974522],[-135.62704159224717,69.30843869262065],[-135.60825338247471,69.29520619387137],[-135.6114871958418,69.27123730475972],[-135.58629074457468,69.23893350366318],[-135.6151051278913,69.24308120147619],[-135.61842068395316,69.25115458768839],[-135.6482072304237,69.27190109510954],[-135.65941377393898,69.30113640271715],[-135.6749820484099,69.31108790151278],[-135.70137708404252,69.31893959491909],[-135.74475561968862,69.31929899328264],[-135.7727393087965,69.3135870928329],[-135.7743837153125,69.30859201048985],[-135.8082178982306,69.30797918587656],[-135.85354138038377,69.29431479854435],[-135.86760720151446,69.2784202985325],[-135.8695790280706,69.26281699410329],[-135.83485611800282,69.23084298944963],[-135.82389028167213,69.22958979696534],[-135.81187500484515,69.21795750275678],[-135.77811168946545,69.20808449944614],[-135.7439783787388,69.19511719218916],[-135.71495256775736,69.16820240107178],[-135.69648321001162,69.15844508698221],[-135.69226579909898,69.14920630243152],[-135.66657407531613,69.13682149499824],[-135.6388655029717,69.12959890204704],[-135.57538017788755,69.11868769442057],[-135.59516856985,69.10727019208657],[-135.61067001536367,69.10797119830539],[-135.67326218951743,69.12042371460807],[-135.67137586743306,69.12504519975363],[-135.6982816904305,69.1359333968217],[-135.7410977137974,69.1586029915757],[-135.754372818551,69.16126008855574],[-135.78343598797136,69.18268669983287],[-135.81124871578967,69.19022141060765],[-135.8700085271341,69.21327110524389],[-135.8990019674153,69.22895390121273],[-135.91192411027956,69.24144588532941],[-135.9359602301882,69.24263850582442],[-135.9793410685337,69.21178999680063],[-136.0076857955151,69.19963560430172],[-136.00040479024153,69.17645030473814],[-135.98307972637585,69.16927359777173],[-135.97918761500213,69.152446305064],[-135.98428142177926,69.13906659351494],[-135.94572611347644,69.10052898694083],[-135.95460709301656,69.0861241060056],[-135.93849307599857,69.07570289226146],[-135.89228855618205,69.07807749862897],[-135.85684666392885,69.07345280119151],[-135.8175990218557,69.06088298951181],[-135.71745969364943,69.03604561034112],[-135.7096826172122,69.02777019089444],[-135.71476071335243,69.0162377990331],[-135.7072964388068,68.99727830538076],[-135.7082068134808,68.9817159906828],[-135.77166637602662,68.98405049609418],[-135.7870492121718,68.98134371318646],[-135.78311341475606,68.9636459985322],[-135.75455049423786,68.9526919150472],[-135.72180641018736,68.92785449623766],[-135.68977526544228,68.91786179495138],[-135.64389040202428,68.8963903972879],[-135.6510580231462,68.87774270362675],[-135.61741803600248,68.86126199736864],[-135.5717414799665,68.84648469454774],[-135.52027479845026,68.84394479017199],[-135.50315271491039,68.83996880416272],[-135.50554595884435,68.82890949941356],[-135.52870529929055,68.82522569742261],[-135.51065208910194,68.80899559707775],[-135.4604060427973,68.78479020197112],[-135.4307878365818,68.77337310304624],[-135.3977087642659,68.7657801932058],[-135.37584388457643,68.76588389692235],[-135.37320989155808,68.75219850093445],[-135.3619831724858,68.73609400839376],[-135.3436880823941,68.72593259029102],[-135.30810229821918,68.71191411404348],[-135.26882221853532,68.7003832962016],[-135.23292088118666,68.67962489126336],[-135.1859539963923,68.66635300523886],[-135.15559411995528,68.64523750410848],[-135.19418057273018,68.65479189828572],[-135.2388599255972,68.65839859396235],[-135.24039603558944,68.66341810119768],[-135.27613597850493,68.676510304548],[-135.30739681636877,68.68162849433189],[-135.32639469064506,68.66060790191608],[-135.35818633974895,68.67127250115824],[-135.38362093164696,68.67064780284016],[-135.42320741032805,68.68234790843282],[-135.44824559321466,68.70147330158066],[-135.4884967004352,68.71232631104436],[-135.50823542055423,68.72913879536897],[-135.6000502974079,68.7573742057986],[-135.61831147854377,68.75465169669921],[-135.6321762192568,68.74611829180697],[-135.64620702619175,68.75377370394123],[-135.66636206972063,68.75047589322361],[-135.71425591556,68.7568055868293],[-135.735410096216,68.76372310358396],[-135.74003680517433,68.77240518920902],[-135.7544110525798,68.77584529715573],[-135.77927190482927,68.79086060664324],[-135.78778209249865,68.80098211227217],[-135.8171575946057,68.80846900519295],[-135.8578269005475,68.81227849033797],[-135.89036036755854,68.81904639376397],[-135.90784138245638,68.8261606944604],[-135.9498544867997,68.83270830695668],[-135.99174390933973,68.84704439918855],[-136.0536793406035,68.83887440243114],[-136.07862455894238,68.8418927872075],[-136.08499385846747,68.84823711484368],[-136.07823364022653,68.85966680572047],[-136.1282097236849,68.87362929977942],[-136.19163037022594,68.86464271326],[-136.2715215461772,68.87383809705211],[-136.2849856764678,68.87985879118588],[-136.31660307839715,68.87972970441804],[-136.330470563913,68.8757564055849],[-136.37864319222095,68.88296701109199],[-136.41410465603815,68.88580949583135],[-136.45736869100202,68.89273730505825],[-136.46868969315042,68.88917327430906],[-136.46867428938515,68.88569257500434],[-136.46864796661808,68.87972862515888],[-136.46860555474376,68.87012259677412],[-136.4686029428642,68.8695310081987],[-136.4679887781078,68.72936496206476],[-136.46740992908545,68.59566736639569],[-136.46657287187512,68.47933341905771],[-136.46532350663367,68.30347367542029],[-136.46195079657386,68.06545097558116],[-136.46044094466222,67.96024695676843],[-136.4583490323476,67.81291203991647],[-136.45234257323082,67.71066146430068],[-136.44877269982538,67.64947145928191],[-136.41621270939567,67.64014396821703],[-136.3780391133037,67.63920811227855],[-136.3593798464238,67.62835245281892],[-136.28989311587532,67.63423337574925],[-136.27926761003255,67.62112683724455],[-136.2413535784555,67.61088653956418],[-136.1999797599353,67.56166209495203],[-136.21836174948123,67.53138104738575],[-136.21871487528307,67.51340307436524],[-136.16991973913596,67.50384397307452],[-136.2021247385859,67.48187738046236],[-136.1786676886392,67.45772956669938],[-136.2042676618052,67.43930558565638],[-136.20154528020922,67.41846045669422],[-136.2220536073361,67.40547162081911],[-136.18720781127325,67.39339612060037],[-136.16887595769128,67.37797511442898],[-136.14003434032216,67.36644118986699],[-136.14618790797752,67.34537728107126],[-136.13551037758302,67.32998899247366],[-136.0865574815228,67.30070614958117],[-136.11082357280029,67.28874489152618],[-136.1272361913367,67.2734996178035],[-136.13749607192818,67.23263415858585],[-136.23509607477854,67.17254237970535],[-136.22128786590437,67.15390106452104],[-136.1915246573498,67.14390383676677],[-136.2324495495806,67.1066966752538],[-136.20031587730546,67.06142300295394],[-136.21626476371415,67.05097777039688],[-136.18179098719628,67.03468117485002],[-136.16441357554655,67.00000005998656],[-135.82499999265107,66.99999999737983],[-135.51250001355643,66.9999999880351],[-135.10000000473872,66.99999998145051],[-134.82500001057238,66.9999999881824],[-134.57500000582934,66.99999998394982],[-134.16249998828602,66.999999998004],[-133.8296349680311,67.00000011574627],[-133.8468833014373,66.98366510534808],[-133.9012587047635,66.98185006033668],[-134.0142096395519,66.98584103747959],[-134.06720306319596,66.97520455225079],[-134.11784703230848,66.95691748618087],[-134.09170925037338,66.93691039190462],[-134.00068758007617,66.90941465806695],[-133.94329013493933,66.9052629600368],[-133.89046705961132,66.8834991856313],[-133.8895318552955,66.86909966270979],[-133.8502802134558,66.85494752661151],[-133.85326108222472,66.84191505772462],[-133.83302509745852,66.82596101354383],[-133.78747145783709,66.81707239854502],[-133.75966391434656,66.80102695907051],[-133.7759311599195,66.7652089472574],[-133.80380366365358,66.74319101443471],[-133.83217790999686,66.73388885797608],[-133.8463301287539,66.72279629755516],[-133.8052939611384,66.70543488259848],[-133.7620755844035,66.69240119606624],[-133.7480665701537,66.67896361275399],[-133.7620658699147,66.66420839131678],[-133.7933684687691,66.64944320114391],[-133.76205391733325,66.63443313402213],[-133.71758327838282,66.62500195233845],[-133.6964859571421,66.59548771718106],[-133.67677456274365,66.58317985300678],[-133.63725303033385,66.5763768274022],[-133.58236585670167,66.56225197410429],[-133.58818740061102,66.54997897178738],[-133.6900530465959,66.52790224234334],[-133.69344235953398,66.50348549632976],[-133.60982732929085,66.4360652472517],[-133.6393165022857,66.43002061111456],[-133.6816418295087,66.43341266620106],[-133.73419084094363,66.44035661745987],[-133.76637876875492,66.41776793407087],[-133.76496041265955,66.39191661036553],[-133.76806949413134,66.3661835177964],[-133.81131839724898,66.34121500219217],[-133.83542356024395,66.31721772591445],[-133.8219096892582,66.30303648732608],[-133.7857598804351,66.29538023854829],[-133.62622824154386,66.29861707246482],[-133.58051121156123,66.28613658916112],[-133.5535339614371,66.25700891683978],[-133.56632399987743,66.23588630379426],[-133.56795935320957,66.20899338913202],[-133.55547353110273,66.1880503592963],[-133.54891425072225,66.1699868052729],[-133.57116509920422,66.14979379060823],[-133.6016865882103,66.13433634193935],[-133.65785417506174,66.12180553950705],[-133.67960503152432,66.09764134935348],[-133.69070592476447,66.07117328577611],[-133.68125471371923,66.05914565033977],[-133.63809111232354,66.06030270686706],[-133.59855620890633,66.05651530142231],[-133.6030355270763,66.0382003576016],[-133.62205151934134,66.015706375971],[-133.6344190665071,65.99469657322034],[-133.66279246773306,65.98129681438368],[-133.6583308793126,65.95968099004283],[-133.62144560091224,65.9420662194765],[-133.59496403789936,65.9358695296279],[-133.55552832782104,65.95183782196197],[-133.52581134477737,65.95430641938967],[-133.48723877500095,65.94218811460745],[-133.44691950840556,65.93346749126171],[-133.4051851856828,65.93885850468178],[-133.32344602362602,65.97027075071833],[-133.26857884731294,65.99584664548993],[-133.19625465570525,66.00688032399465],[-133.1528293298879,66.0194071231837],[-133.12807023000846,66.03093970028874],[-133.0558382675327,66.01922278553265],[-133.00518058011235,66.01681656591336],[-132.92114750799863,66.02042157650222],[-132.91226351506296,66.00154363089776],[-132.96197149599885,65.96054898688443],[-133.0214848288651,65.91881242228602],[-132.99647092593585,65.90871184229698],[-132.9092159714119,65.88404408324921],[-132.83718650491747,65.90036712598722],[-132.80528541135624,65.92057653674017],[-132.79933805117474,65.95051457785604],[-132.74939974279755,65.9702198586214],[-132.7062744279907,65.98902116427863],[-132.65659687344038,66.01583156909113],[-132.61614796362798,66.02230455848162],[-132.56826273276823,66.02287513530374],[-132.54044428503818,66.01502464626884],[-132.51920749798938,65.99906342767581],[-132.4945418608428,65.97198877677684],[-132.4602601942315,65.9746330318607],[-132.42640724301515,65.98228623916721],[-132.3778883267015,65.98904025561252],[-132.35012225831656,65.95231643264853],[-132.4608961784487,65.9305031165971],[-132.53086336481792,65.90589662447235],[-132.577899650543,65.8755528268269],[-132.59636896387047,65.85670413101847],[-132.5636795874386,65.8301701953382],[-132.51970255430004,65.81957471958536],[-132.48464637570186,65.80118944353437],[-132.414387790625,65.78877613470478],[-132.37548300987345,65.7664258110175],[-132.3544826197881,65.74692299099847],[-132.3134609597652,65.73985755104177],[-132.28322502258698,65.70469741356324],[-132.29861619937776,65.68596226158432],[-132.2446978976943,65.66669527369994],[-132.22106533733174,65.63959945512661],[-132.19881288988125,65.61859464771784],[-132.1683212567131,65.60242731374616],[-132.191031235197,65.57482282626978],[-132.2148737110534,65.55311516174257],[-132.28336851332836,65.50055332084841],[-132.2816356069735,65.48084166098121],[-132.27537032759716,65.45770075043211],[-132.31495764438176,65.4472405944287],[-132.3493871571659,65.42942357583141],[-132.3764365558197,65.40235899284666],[-132.44625313560647,65.38820830410191],[-132.50461744927347,65.36861202093132],[-132.53714817882621,65.3504643773384],[-132.5550909690524,65.31515354753034],[-132.56642427892743,65.28404347523208],[-132.60755873190587,65.28260270895026],[-132.65700471419436,65.27813046751638],[-132.66935429698498,65.25966253909004],[-132.74789716952452,65.22736689843765],[-132.70668700533324,65.19928629257885],[-132.76396469496802,65.19646475770007],[-132.77272121884377,65.18304327898454],[-132.72687157135772,65.15838083413793],[-132.65671034218613,65.1408090579306],[-132.59663193011673,65.14627614834032],[-132.55476424079944,65.17123814443035],[-132.50933714702123,65.17351212297208],[-132.5344620796689,65.12118301503023],[-132.54274207237788,65.08990109602034],[-132.51936844808705,65.0815184341598],[-132.4594683194273,65.08111162000218],[-132.3361002197549,65.06071968411183],[-132.33772455273805,65.03830567830832],[-132.40559874911932,65.01000657301385],[-132.41418874135218,64.98438269240842],[-132.49031872826183,64.96240338543973],[-132.49127971377493,64.93556275926318],[-132.46229229622077,64.9015704527237],[-132.48168306191724,64.88402324525433],[-132.51113354978466,64.86622793802171],[-132.58689659994877,64.83458922235955],[-132.6276490668936,64.82968106042928],[-132.5592262492285,64.79612205000187],[-132.5460275717005,64.77024590024459],[-132.5119113709997,64.7744817251213],[-132.46423976066956,64.78869409756831],[-132.42203145883963,64.77779088174485],[-132.35696419976622,64.78316801388208],[-132.29909017112044,64.7612114027144],[-132.21624945642324,64.7428777642838],[-132.124261477624,64.70374165925858],[-132.03771578882285,64.69642310324585],[-131.99999999560168,64.65295923866182]],[[-134.99220891162818,68.22099080754259],[-134.99698430057123,68.21619776276829],[-135.03545103474625,68.2015360882768],[-135.0868621139291,68.21474787800851],[-135.10274512156818,68.21150744095732],[-135.15446310048088,68.22404752280242],[-135.07926331181005,68.25764248214406],[-135.03706000308165,68.24252998656199],[-134.99220891162818,68.22099080754259]],[[-134.77386530985098,67.38957288834388],[-134.77689435446274,67.3823398423163],[-134.91300677759122,67.39044354920972],[-134.91545413813895,67.41695377888475],[-134.87260497717446,67.46795355376351],[-134.86693675496485,67.48609782800547],[-134.73705574923127,67.47712094169661],[-134.77386530985098,67.38957288834388]],[[-133.59348799425246,67.43203600995547],[-133.57042123061376,67.41480480192088],[-133.7386748388734,67.38465233276357],[-133.81363568699084,67.44347516735459],[-133.6469853355674,67.4718923656739],[-133.59348799425246,67.43203600995547]],[[-133.77137814476214,68.37605085590415],[-133.77231389560382,68.38971811445555],[-133.79346980555806,68.39885111365773],[-133.80122923312825,68.41660064352207],[-133.72970472118803,68.41660388506659],[-133.73081606358429,68.396725753053],[-133.70403757387135,68.38276263768294],[-133.63658717711945,68.34749578828622],[-133.38708003197547,68.31666193145422],[-133.38356298798638,68.29830950774178],[-133.45157385667133,68.29650977470844],[-133.4717020656938,68.29068823300436],[-133.4838464150632,68.2957097110166],[-133.53516979972036,68.29728978448715],[-133.5716243633768,68.30762438545531],[-133.67945772834005,68.31495081821225],[-133.67435859920775,68.32344399075716],[-133.70447859787942,68.33768740812987],[-133.73553723389566,68.35545501200882],[-133.7514585259358,68.36190800835878],[-133.77137814476214,68.37605085590415]],[[-133.0527132462137,69.42876954838933],[-133.0527140251468,69.42890195247722],[-133.05273035387208,69.43164434764647],[-133.05273457736322,69.43235208551144],[-133.05275237180055,69.43534544270636],[-133.05268491144076,69.42400820383408],[-133.05269816382275,69.42623550440356],[-133.05270937203974,69.42811979049652],[-133.0527132462137,69.42876954838933]],[[-132.60902365317065,68.89537709621932],[-132.6267087209096,68.8922729026945],[-132.66528570612334,68.90289249090783],[-132.65612951708678,68.91329519719642],[-132.6401133850389,68.91832690887568],[-132.65913668274325,68.93574280897884],[-132.63843469247945,68.94534529041634],[-132.6227885906032,68.96993740481183],[-132.6063274409637,68.97660420143113],[-132.58804348226644,68.9688045950129],[-132.54449361939308,68.97204740389819],[-132.54633583433764,68.98977059893302],[-132.5242650906052,68.9854610054728],[-132.5397797407556,68.96216899997093],[-132.5548798379736,68.95901060263941],[-132.5702159811914,68.96810710465304],[-132.6065476153406,68.96313379568309],[-132.62920948217763,68.93968138908485],[-132.62980495255434,68.92678209782073],[-132.59199180358965,68.92375520220286],[-132.6034134978075,68.9137598160104],[-132.60142508632174,68.90068921376846],[-132.60902365317065,68.89537709621932]]],[[[-124.98634378699434,71.88615323106049],[-124.93317539466693,71.87351070102636],[-124.83837393867262,71.84599589781034],[-124.73913387779918,71.82730859122519],[-124.66087761293714,71.80523130446527],[-124.61480548690305,71.7948157099417],[-124.54779326138896,71.78720939935641],[-124.5125569976832,71.78149611418297],[-124.48208820887906,71.7811039986513],[-124.3676576359619,71.76903679685665],[-124.25797886564513,71.75144750385259],[-124.18264350785158,71.73511839138308],[-124.13758330576738,71.71729188843597],[-124.06590628370432,71.7001825039249],[-124.02939501733826,71.68662780287855],[-123.96964451917133,71.66907910832275],[-123.93108460667771,71.64754089444556],[-123.84615368506951,71.58755000537437],[-123.82867773310149,71.56874070321764],[-123.8106663144048,71.53494640780453],[-123.79058998457177,71.5330292973677],[-123.71106521077398,71.51349680272338],[-123.67207182190134,71.50878018999343],[-123.62727537542916,71.49799859927252],[-123.61616511030962,71.48932360917283],[-123.59715580840201,71.45566068372084],[-123.58649931891239,71.4235064012364],[-123.54376412033402,71.4016398023442],[-123.53404296669149,71.39096779932495],[-123.53352859737194,71.37655139585775],[-123.50498093319551,71.35520809777944],[-123.50376650098625,71.32899080918769],[-123.4942828252632,71.32218219652466],[-123.45303138598042,71.26692870057056],[-123.45604183127334,71.24779299296897],[-123.4301119041943,71.22935188546762],[-123.4322129371525,71.22295690808704],[-123.38994912398215,71.2014594106135],[-123.371189885668,71.19675991233375],[-123.36689681176608,71.18784700855356],[-123.3353864846162,71.17496109930083],[-123.32797553721647,71.16607350185765],[-123.2606758807808,71.14189990308446],[-123.24194755498955,71.13179219748267],[-123.22821469847088,71.11180651324428],[-123.18762099730498,71.10904670519146],[-123.14598260345277,71.09257540070664],[-123.14076018538395,71.07995920256361],[-123.0995022161182,71.0789485025467],[-123.06244318088366,71.08454969253084],[-123.02802703498948,71.08399629896076],[-122.99221382196052,71.08841599402656],[-122.93822098926458,71.08348621152386],[-122.89460249805967,71.08911471454107],[-122.85690443817266,71.0839249977921],[-122.82953477994552,71.08293569259776],[-122.7807450088916,71.08815468549055],[-122.75834370535541,71.09681789383299],[-122.76002721171604,71.10571289200514],[-122.74538608520812,71.11500901513226],[-122.66865046925895,71.15536640848309],[-122.62444587183495,71.17384719062845],[-122.5871697107577,71.18696479528202],[-122.50800035535622,71.2099447992298],[-122.52148631641154,71.2149172026474],[-122.53020574086162,71.22904359844587],[-122.50889008371395,71.23220329636864],[-122.47009104244053,71.23152290581653],[-122.43420568605684,71.22341851276522],[-122.31695312381427,71.24138500243127],[-122.23830942387978,71.25158248858156],[-122.19685841052333,71.25923410064257],[-122.08837387422496,71.2834923079778],[-122.03528312194119,71.30164140513229],[-122.01557790740287,71.31235950474579],[-121.98025907394133,71.34539881061157],[-121.93427301486052,71.37770699940866],[-121.89902613694859,71.39938340548063],[-121.83688820617859,71.42440970032686],[-121.75325421495731,71.45011619694475],[-121.78123761662779,71.45341849054607],[-121.81693117413431,71.44789430200966],[-121.83347010236272,71.45430078815193],[-121.80618009563742,71.46882150583582],[-121.8150432997746,71.48117560406672],[-121.83657799918171,71.49210590723058],[-121.79662442077374,71.50394209900104],[-121.76947211067746,71.50112630986222],[-121.77194183364165,71.49238250767124],[-121.70434669869732,71.4847790140528],[-121.70583438035673,71.47632930290426],[-121.68737189972792,71.46980739421147],[-121.63680059259264,71.4760694935837],[-121.58589240228959,71.47259599646037],[-121.54523471258949,71.45359271157159],[-121.54372871797992,71.44455259451823],[-121.52050339697455,71.42801398654893],[-121.46180681864963,71.40005689068018],[-121.40092839178865,71.38233690492386],[-121.37582294488152,71.38027100626115],[-121.31215630024285,71.3830150142258],[-121.2439890899734,71.39231858740516],[-121.12729741750566,71.4141789994067],[-121.11469655992484,71.42678409364075],[-121.09489529551621,71.43405730247072],[-121.07439791567339,71.4230766041032],[-121.00000002365468,71.43477199905054],[-120.7984259028466,71.46043559479286],[-120.69745899691344,71.47833108897993],[-120.6549513107111,71.48930231060605],[-120.52904119936132,71.53262480726215],[-120.49412903147399,71.5502130092384],[-120.46733723337675,71.5675643010001],[-120.45599635707437,71.58475909377022],[-120.42755703157194,71.61427589980227],[-120.41646358637729,71.63628721465243],[-120.41491661734054,71.65469771055993],[-120.40685052421857,71.66867420195054],[-120.37182618908383,71.69428349695174],[-120.3695588356736,71.699383901964],[-120.3871231763355,71.71680549881525],[-120.43453760577418,71.7320336922775],[-120.44522412310572,71.7429941960045],[-120.43317548510117,71.76743420198517],[-120.4358911876824,71.77918198923552],[-120.41660962175652,71.80735178659877],[-120.40742030349116,71.84294539386251],[-120.38996038983328,71.85985700228537],[-120.38293109701097,71.87697309689057],[-120.3877659066784,71.8930471848965],[-120.42068073248305,71.91297879301787],[-120.44769670226812,71.93602199578633],[-120.4457404740103,71.94523110099425],[-120.41356887514978,71.97129010186818],[-120.37824243868043,71.98698799902355],[-120.33382767364304,72.00161079164678],[-120.31224620892793,72.01820318505332],[-120.24132012957595,72.04442950153451],[-120.23604277823785,72.05905780884308],[-120.22000242972817,72.07148240519321],[-120.16829496161397,72.0911982908461],[-120.15841311397433,72.10331260108848],[-120.15588569569145,72.12376839556099],[-120.13600901486377,72.14469908364802],[-120.12591207037651,72.1622711981432],[-120.1316377769553,72.17253820475976],[-120.15267658751031,72.17876778765043],[-120.18980657965555,72.22701428933846],[-120.20527908203283,72.2270100030673],[-120.24868415983278,72.23929309768447],[-120.24534598793778,72.26538669031449],[-120.26163528641045,72.26916421075737],[-120.19844142314919,72.2816781002183],[-120.13593027419665,72.27948461041414],[-120.09999211702609,72.26797259812153],[-120.16200140247847,72.25738509151975],[-120.14899888493208,72.24847899907968],[-120.17490279221833,72.2347141075598],[-120.11832038419658,72.23904930159927],[-120.08911478035822,72.23857279797953],[-120.00752260431342,72.23276390474912],[-119.88826051211076,72.23184749300317],[-119.80755428074625,72.2254939056667],[-119.77654200178452,72.22871290996872],[-119.67398207846777,72.26905389505227],[-119.65030308697374,72.28227030635857],[-119.5816560503152,72.29785479689787],[-119.55983410988814,72.30689041048919],[-119.52870521870766,72.31431708586996],[-119.43812782593253,72.32473898979217],[-119.41387270509072,72.3292444063877],[-119.37227418959334,72.34159509130237],[-119.34367073958974,72.35610800038988],[-119.28658474752545,72.3680414944072],[-119.31278947904053,72.3804239067466],[-119.31593168652387,72.39067961441228],[-119.30399327147641,72.41678429022096],[-119.27962123795889,72.44148440524918],[-119.27605167417448,72.46642289989431],[-119.25909477926072,72.47839628858397],[-119.22919488397078,72.49070591251247],[-119.23780078401174,72.50314189130054],[-119.23316120819007,72.5146445962514],[-119.21501008020518,72.52535069101634],[-119.15946608095634,72.54569241125512],[-119.15595105941445,72.56404299857833],[-119.17553403701483,72.58179279527916],[-119.16925587931455,72.59380490795395],[-119.15150859406319,72.60900400347342],[-119.15449408651635,72.62587518839584],[-119.12788199175353,72.64149249598199],[-119.09336487811358,72.65195540007034],[-119.00116160196022,72.66430220431022],[-118.94833739594829,72.68308360630388],[-118.91928411331607,72.69088030082438],[-118.87958690245814,72.70733760740474],[-118.84345788275073,72.71611129359677],[-118.76881937654248,72.73051211514276],[-118.711792045909,72.74811279675673],[-118.65990461642083,72.75506689388845],[-118.61584320467126,72.75803438842023],[-118.52331507815609,72.75873600282364],[-118.45706826263071,72.77460819834506],[-118.46252041070238,72.7815973093705],[-118.45474752324898,72.80108859867143],[-118.44187428025144,72.80619950112782],[-118.38652510129847,72.81580849964168],[-118.37201505675223,72.82486310203666],[-118.3439756930632,72.83253749557524],[-118.29119159617937,72.8420013866958],[-118.25446805777467,72.85440129825413],[-118.2123274589752,72.85784539464017],[-118.18545993556009,72.86848860984723],[-118.15212129096336,72.87107259030941],[-118.11317812409962,72.87996980293718],[-118.08224898951256,72.88379240558017],[-118.01735792440947,72.8860794912783],[-118.00228091715823,72.89879250838332],[-117.97607609174239,72.9066032140767],[-117.90938597866264,72.92096080566172],[-117.87671042731817,72.92539250282198],[-117.84945893285462,72.93739549753538],[-117.8010467917961,72.94899969167253],[-117.77637557985827,72.96190771486421],[-117.73971328214931,72.9655658072107],[-117.73615156932918,72.97351190088841],[-117.7163944273701,72.98325710836157],[-117.64933863413097,72.99047320040627],[-117.63010683142585,73.0004378035354],[-117.58322140817687,73.01330011329684],[-117.54187623345466,73.01399310748141],[-117.52841288532103,73.01739351432028],[-117.52531271199928,73.02817170343516],[-117.48571970371239,73.03148019481652],[-117.48499439247749,73.0408903938765],[-117.44610346370938,73.0530336906337],[-117.38732489811422,73.0513325085256],[-117.32355590802003,73.05547140611715],[-117.28359633374693,73.06272340564458],[-117.23219941996365,73.06186201129313],[-117.22277428607431,73.06505649713635],[-117.21184402644175,73.08645029138327],[-117.16747597145313,73.09782179763842],[-117.10708157035903,73.11031390807142],[-117.01588781511863,73.12325639655292],[-116.98979328241046,73.12381750810604],[-116.96079280198812,73.13436749173752],[-116.91625344903855,73.14428119295991],[-116.89732864396477,73.15541209957331],[-116.78899754108507,73.18226960739827],[-116.75422188633712,73.18329229071652],[-116.72987511947754,73.18915659846958],[-116.71628378175255,73.2023169986455],[-116.68113263839665,73.21139880630943],[-116.65380191584127,73.22234930231414],[-116.55989978999187,73.23178609338903],[-116.49997803089977,73.24472320304801],[-116.48877779502428,73.25513109220867],[-116.46162331428016,73.25825570361354],[-116.42166701024259,73.25771479863285],[-116.38202146435408,73.26833310033855],[-116.30445474668998,73.27292969520124],[-116.22872487252123,73.28431340918895],[-116.20446883982153,73.29562250481989],[-116.13069413354881,73.30300280691438],[-116.09130459122397,73.30482349512255],[-116.05811924927758,73.31146710482749],[-116.02651188568792,73.31181169112834],[-115.93777580894817,73.32543929989323],[-115.90671989802348,73.32642250277519],[-115.86834379880034,73.3414738983223],[-115.8043093852847,73.34184610587258],[-115.75970763153589,73.35832750650503],[-115.73730313065376,73.35794118686117],[-115.68680266950756,73.38162971121879],[-115.63395643116037,73.38281960296968],[-115.59654919119927,73.39830948795499],[-115.58999962172143,73.40555709825199],[-115.5333779920945,73.42285651338634],[-115.48403349524548,73.4234334935555],[-115.44349308965387,73.43327978902519],[-115.44779444702961,73.44278660499081],[-115.41402164823866,73.46001070618578],[-115.37232396665934,73.47288620769058],[-115.36304731707816,73.46743980095818],[-115.29220381613762,73.48291660319444],[-115.29457013314345,73.49067249432672],[-115.3213855217754,73.49835599728372],[-115.31492196638482,73.52391529141349],[-115.32050339481282,73.53890640777546],[-115.36024788533263,73.55771211419184],[-115.42228523200309,73.57749049242837],[-115.53942287066798,73.61845319192629],[-115.60566913257958,73.64511349868258],[-115.62440617384546,73.65827759168337],[-115.6590882503904,73.64319189592774],[-115.69384281438785,73.64796800869291],[-115.73349917404984,73.67587361477752],[-115.78669770163025,73.6931743860746],[-115.90182158214034,73.73665719797903],[-115.95098259955512,73.7454606999737],[-115.95500452209538,73.75201660685667],[-116.00236312234323,73.77170849230104],[-116.15290046435224,73.82717270641824],[-116.23001026852913,73.85376669380844],[-116.2753354844939,73.86720619680413],[-116.31412251529413,73.87453598936298],[-116.32688969639378,73.88872418839816],[-116.34434287974568,73.89254230955417],[-116.4448453586138,73.93243479908234],[-116.54311129689405,73.96841461086132],[-116.5756925155147,73.98254010427661],[-116.61907368881216,73.99577609231572],[-116.64982630592037,74.01265270150002],[-116.70627041566235,74.02704839010427],[-116.76265376603457,74.04569809341969],[-116.795872217567,74.05446129929025],[-116.96526568483594,74.10870821172077],[-116.99861150124636,74.12232520043061],[-117.2025591034276,74.18434761160405],[-117.30680904758009,74.2100570985539],[-117.38582941307929,74.22461089627288],[-117.52208081401113,74.2401933953079],[-117.58258660782589,74.24560848971852],[-117.62186083982733,74.25162419817732],[-117.65782667079701,74.25061800829575],[-117.86017359546153,74.26709630074349],[-117.9011606356017,74.27313759657117],[-117.97260871679478,74.2760185023651],[-118.05541669009371,74.28160538815905],[-118.11504247037419,74.28238160641443],[-118.16815348774587,74.27922128836192],[-118.24909491119617,74.26614289061169],[-118.33408821549062,74.2610226851623],[-118.39926394293327,74.25199590505915],[-118.40991650057619,74.24594749994306],[-118.43799212100238,74.24321848793852],[-118.49263883606118,74.24398069480569],[-118.63909431982582,74.22823539297151],[-118.66622874868028,74.22154650465741],[-118.73068576558565,74.21240000556749],[-118.76917249261783,74.21061639644611],[-118.78643169619522,74.20402279126205],[-118.81855510762905,74.1837854082073],[-118.84956892728034,74.17432999876259],[-118.8473782636246,74.16871940237273],[-118.871504589359,74.16264160302642],[-118.86451939775147,74.14865370581964],[-118.78266975913094,74.13878029566904],[-118.77474784554948,74.13109320635422],[-118.79590227403622,74.11178409160357],[-118.8067059382163,74.08189879944577],[-118.81903798514264,74.07493691164741],[-118.8458124818557,74.0726025951155],[-118.86020740402287,74.06267880796749],[-118.86137254397806,74.051440593464],[-118.88940854622224,74.03903669562884],[-118.91854978673531,74.0353944083067],[-118.96263651849262,74.00626569705675],[-119.02854965195732,74.00089280514041],[-119.04779476363885,74.00650060797224],[-119.03803192656397,74.0155571894965],[-119.06876921939859,74.01983950848714],[-119.06457677124355,74.00610959518967],[-119.07525704783804,73.99870920400376],[-119.10693805668136,74.00014210485749],[-119.17062015692251,73.99367440458009],[-119.161233230247,74.00814339687061],[-119.16814180413635,74.01286270884033],[-119.13259640923002,74.046029403412],[-119.12714698773198,74.06626680647663],[-119.11729184847209,74.07314499992944],[-119.07847605968556,74.07560739453868],[-119.05593679907906,74.08257339452128],[-119.06637449145232,74.0930488983148],[-119.04746550257403,74.10600739640108],[-119.05559303435763,74.11975489409348],[-119.07751551675449,74.13337089768743],[-119.0732298814121,74.14418810457039],[-119.05061272381407,74.1461174084022],[-119.06058236308361,74.15467100500543],[-119.08422580867604,74.15852430643444],[-119.09349221708605,74.16576708627267],[-119.07182502401139,74.17102259173957],[-119.09516180794488,74.17948490469024],[-119.10363387624678,74.20838559041714],[-119.14417808014001,74.22116120635643],[-119.31226923528843,74.22232130659971],[-119.38004460287767,74.2183814923994],[-119.41188393400188,74.22012390345554],[-119.45046497452255,74.22997468968028],[-119.508461296609,74.21540429063478],[-119.516930437161,74.2099519041504],[-119.50765912876929,74.18886970155204],[-119.51918209261433,74.17965719765213],[-119.5639722843407,74.15608648794814],[-119.59403545155669,74.15092099821973],[-119.61436927703205,74.13882891180737],[-119.67318299412158,74.14452089258266],[-119.70773319804016,74.15310198693568],[-119.67233873240396,74.17215410136889],[-119.67075232871021,74.17978658572729],[-119.65185652122187,74.18712898493024],[-119.62460621496227,74.21592991196171],[-119.65015737826647,74.23272611261629],[-119.6781065027611,74.24191189402363],[-119.74970081411884,74.24509369991362],[-119.82176729205203,74.25064798808175],[-119.940319023338,74.26588409397078],[-119.95550712229107,74.27133160017844],[-120.01500650385866,74.26832941246217],[-120.04444190645731,74.27385131185748],[-120.09447810564389,74.27595570441952],[-120.14129943570151,74.2870797908078],[-120.23850286014425,74.3004420042091],[-120.27352178596843,74.3117527891313],[-120.40054624194522,74.32607990370047],[-120.49757091793332,74.34553189846733],[-120.54774221381473,74.36041029566431],[-120.60547698994114,74.36919230249892],[-120.63326507155728,74.36862419402823],[-120.68353880805591,74.39076370754842],[-120.71509182006969,74.3972174024945],[-120.76302228187488,74.39976749189425],[-120.83778195503861,74.41942339284124],[-120.90357805454413,74.43224760313885],[-120.93589310578963,74.42859060764532],[-120.9482580056444,74.43979569337985],[-120.99246502180839,74.46274589246543],[-121.04381309948174,74.48017368881843],[-121.08416207106791,74.51145910015592],[-121.11825088962654,74.52626899279389],[-121.16766986438607,74.52501059492914],[-121.19991795872959,74.52933670299869],[-121.23217499004669,74.54114179983992],[-121.2986038088175,74.54543931187885],[-121.34302248246735,74.54194150064141],[-121.37815391179407,74.54240689087543],[-121.41521464321951,74.54751630311108],[-121.44990372154618,74.55644989714588],[-121.56113335209074,74.56015130170822],[-121.63526212054059,74.55533480700481],[-121.74254016715054,74.55157810332014],[-121.87366716228551,74.53569429187219],[-121.919361115623,74.53335078575267],[-121.9325729693972,74.52654050488313],[-121.99455234818105,74.51557020523845],[-122.01012587114549,74.51651630736444],[-122.06450704966483,74.50676389749526],[-122.17399030029729,74.48946179604518],[-122.22041030272842,74.49105838465155],[-122.24294933036983,74.48524560541182],[-122.29875904058935,74.476890909097],[-122.44804960601563,74.47256058509306],[-122.51855230573022,74.4648696054928],[-122.65578819462394,74.46243180307336],[-122.69028654939966,74.45938459632399],[-122.72771784885799,74.46034750169034],[-122.76660407911824,74.45758980485408],[-122.86304809421728,74.4630878944848],[-122.92085731667729,74.4578452116246],[-123.05123089018271,74.45231819849172],[-123.09939688387404,74.448164003358],[-123.14372141914869,74.45028030348725],[-123.16760646744014,74.44689420508992],[-123.23615661183955,74.45041271287467],[-123.27350091403594,74.44415789847108],[-123.4069207583255,74.43531390400719],[-123.4836940210355,74.42618300480079],[-123.5921361607439,74.4245576028989],[-123.7017735721301,74.42045640084233],[-123.75065828717662,74.416490612153],[-123.84669398986088,74.4136723937021],[-123.90786778136103,74.40667910306536],[-123.97568065667657,74.40940310313809],[-124.07459901037247,74.40456190450149],[-124.16419095732164,74.39723580650846],[-124.22107079983296,74.39047059541028],[-124.25742835715717,74.3912845987314],[-124.27921057609268,74.38760861500502],[-124.37781836713867,74.38196349644171],[-124.48981036287697,74.37187860469955],[-124.6127249819632,74.365553493404],[-124.66022605222042,74.35802459870754],[-124.72769403608845,74.35232559570647],[-124.76867719954579,74.34495929615755],[-124.75084109899163,74.33027100165845],[-124.72758789140852,74.33111528908404],[-124.70428629758135,74.32203348795824],[-124.67231878306902,74.31988460855005],[-124.6521609431587,74.32318689937394],[-124.60953221681741,74.3220836899596],[-124.6089448481155,74.31060520708323],[-124.65114701663357,74.30270980560728],[-124.65925949081033,74.29655430173072],[-124.69135628956502,74.28917778716823],[-124.68859175470816,74.28329399283037],[-124.65937141586102,74.2743045048975],[-124.61703888166248,74.28283970693573],[-124.55449713298117,74.27994180351124],[-124.54626752159523,74.25923950009819],[-124.51229171828905,74.26401930355925],[-124.50140622623958,74.25186468735932],[-124.53026293166427,74.23444529754929],[-124.52714205274671,74.22058350320562],[-124.48085002379263,74.213341995174],[-124.48342201353314,74.19920649563981],[-124.43658712289766,74.2038215895588],[-124.4600962044148,74.1894298060089],[-124.44289490790146,74.17659769301387],[-124.47127330767756,74.172914209469],[-124.43060860281338,74.16078389060303],[-124.40210419158656,74.15638419337756],[-124.39247967507342,74.14921150555175],[-124.44000850503181,74.1252249906312],[-124.41067568512142,74.1162677082517],[-124.4621076741217,74.10830550642491],[-124.44447555290178,74.08595820648881],[-124.45174378711455,74.07471400594916],[-124.4109314100942,74.07548988693115],[-124.3562771448439,74.06220880504156],[-124.38109578643821,74.05949559948765],[-124.34726013807091,74.05085890216483],[-124.35589283284732,74.02769820785211],[-124.33089182730274,74.01284529006519],[-124.30615082183598,74.00951470142411],[-124.29586385019824,73.98785240625928],[-124.25461753961807,73.97775439480372],[-124.24006477926893,73.95068839405427],[-124.2057219201526,73.95426210817647],[-124.18875531979148,73.94509430175201],[-124.18154950193052,73.93212910309502],[-124.19363241200813,73.88072699938701],[-124.135166182483,73.8627400883765],[-124.09966538379653,73.85730638896901],[-124.03433663507809,73.85275689108228],[-123.98595251409279,73.85206960303465],[-123.95820058627328,73.85497111685696],[-123.91467675016094,73.84900150621094],[-123.90088702287353,73.83880349960005],[-123.87585861975262,73.842539992842],[-123.85268465673788,73.83181709635292],[-123.82384966275097,73.82695560469806],[-123.8128202892324,73.81650340341074],[-123.8174061010491,73.80942771339666],[-123.78161168929604,73.7959819891497],[-123.81857814461235,73.79349889769104],[-123.76815779884801,73.76966589679016],[-123.8006116457961,73.75954769352488],[-123.84153930795172,73.75192661043123],[-123.85415673749503,73.74248330180829],[-123.82776677691675,73.73698859799977],[-123.83393986931344,73.71841720765005],[-123.83059069073684,73.70867059023809],[-123.8602567195612,73.70186260192315],[-123.88232492435662,73.70617899790628],[-123.93618428957872,73.6908118871354],[-123.97028284904424,73.69263289458222],[-124.00099157972983,73.67507791515217],[-123.99502317287687,73.66958760632473],[-124.05212997294441,73.66785401240988],[-124.06007305111267,73.66233489587123],[-124.04869094898477,73.65016120694605],[-124.0556824833152,73.6228700905621],[-124.03212978931153,73.60397010931325],[-124.01456408279374,73.59788911205698],[-124.06973830660222,73.58213609629883],[-124.0629510019389,73.55764111225027],[-124.07283222038383,73.55182179623964],[-124.05739739448265,73.53095569704261],[-124.0894286078163,73.52414259966129],[-124.12872032545677,73.5195434874322],[-124.11492987869096,73.50739530743418],[-124.14260490301348,73.49132761026749],[-124.17800944560352,73.5012461986671],[-124.21189253719272,73.50079419353588],[-124.24465088546376,73.49546591451661],[-124.28828473302558,73.49428810595113],[-124.31053242760787,73.48546688976921],[-124.30339699865911,73.46939630618981],[-124.25187107631002,73.47593600205197],[-124.2305168873875,73.46725040060605],[-124.30034421857005,73.45908248731472],[-124.32770271287094,73.45964580196716],[-124.3723166239353,73.44101748632586],[-124.38990120414402,73.43789011280526],[-124.40690729058502,73.42577640238258],[-124.38745834636072,73.41802149923826],[-124.39486738225368,73.4033939900766],[-124.3778660776891,73.39845740524011],[-124.37834095643322,73.38158130350993],[-124.42962221747221,73.38021230027255],[-124.44281336669854,73.37098869143516],[-124.46344511145178,73.36956638959994],[-124.51325675249656,73.33963550215977],[-124.55061131837554,73.287898001221],[-124.53547087357617,73.27028910341046],[-124.54158300016049,73.24973590938666],[-124.5753235917599,73.23539581307271],[-124.61241828978815,73.21555758835724],[-124.65660724382445,73.20212660301284],[-124.67447785034373,73.18902350480296],[-124.62048861452018,73.18171221132413],[-124.62099494198314,73.17567049672122],[-124.64523571777592,73.16404860493186],[-124.6641857248274,73.16863299666424],[-124.68893301974815,73.16436819555447],[-124.71525450970145,73.16556590943613],[-124.73169387042319,73.15426789807792],[-124.76067146533678,73.16481350576375],[-124.78171549275943,73.14952290924076],[-124.7828167884156,73.12763140257853],[-124.7981402531259,73.11869740196177],[-124.84763308480555,73.11131960204058],[-124.86752972327304,73.10125940641777],[-124.86642443342025,73.08617759127634],[-124.8346545758524,73.06363350221851],[-124.81823914255702,73.04679910389743],[-124.78778029106054,73.03462760351354],[-124.74552389981811,73.02252260124192],[-124.72616560870772,73.02400868378774],[-124.71241243162595,73.03562679300471],[-124.69295440603453,73.03329238702563],[-124.63369078643353,73.03390619986858],[-124.65263742623219,73.02643730275273],[-124.62046252796303,73.00993160380212],[-124.58320816810229,73.00043040469971],[-124.54646332662892,72.99944350390295],[-124.54207550798033,72.9858039980525],[-124.51408532598134,72.98646959362992],[-124.49860896317647,72.99513079954997],[-124.46975393823689,72.98255790035556],[-124.49977182425009,72.97821429793696],[-124.51885106873351,72.96830789503808],[-124.46302825980975,72.94341809645657],[-124.5002200043552,72.92792409278624],[-124.53244335635922,72.92757350368416],[-124.5465393654885,72.91773330571678],[-124.57845782088,72.91254899756639],[-124.59259802340382,72.90456180626849],[-124.63604844090888,72.90128489766813],[-124.64854660853703,72.89651428771197],[-124.73953815813174,72.88713329246336],[-124.76036599247689,72.89750960615746],[-124.80945858546991,72.89033450042008],[-124.8382911002158,72.88134941170996],[-124.85495392813951,72.88963420220152],[-124.87854041269304,72.88734881188262],[-124.92137434924247,72.8774086983417],[-124.93268849992486,72.87079928786902],[-124.97873038878849,72.87552369602831],[-124.99455494318067,72.87060659743982],[-125.04436551278769,72.86921949598087],[-125.04113722281534,72.88236010681378],[-125.0547446882266,72.88927859788053],[-125.08218472176138,72.88689958841834],[-125.11530928205866,72.87940379550759],[-125.12916407587427,72.87128300158811],[-125.1292878104261,72.8598718970698],[-125.05232596791716,72.8455976927242],[-125.03209092093485,72.83446650544904],[-125.02989136950123,72.80839050234955],[-125.01409200919562,72.7891751009736],[-124.96482224706146,72.76044050619663],[-124.96015511946045,72.74770519541413],[-124.96919350528658,72.73629869633344],[-125.00870465475059,72.7241256930002],[-125.00941111427768,72.71581919215251],[-124.9383385383553,72.71589800817765],[-124.94513727599418,72.7096243029254],[-124.97086740026238,72.70748980363162],[-124.95207200004388,72.6860247113063],[-124.9606336339173,72.68014629697407],[-124.99878760758816,72.67261049824452],[-125.01495163347433,72.67885609540755],[-125.05068745643632,72.68490290036773],[-125.0680593304855,72.68036069115136],[-125.03243001728578,72.65972129770284],[-125.0759393013112,72.64210270443962],[-125.10090745120728,72.63742579972163],[-125.08025752894622,72.62343018829267],[-125.05790067028383,72.61804649349982],[-125.01718191308873,72.61356850055239],[-124.99555001641303,72.61946149910864],[-124.97133073117017,72.61977900524418],[-124.9629003590641,72.60935820347],[-124.99296139973109,72.59647219710577],[-124.98482698616245,72.58542178925612],[-124.96788847589147,72.58552579699268],[-124.94451838927536,72.57674980878349],[-124.97429746420619,72.56663929913628],[-125.02190103084865,72.57025100197936],[-125.07836005973077,72.55363919175788],[-125.09102232063788,72.54534329898328],[-125.16061593832912,72.52739559807618],[-125.1621644060889,72.52270039414418],[-125.20007699914643,72.5210690861139],[-125.2102128898009,72.51296959687188],[-125.24332168027378,72.50552431198048],[-125.26083180473934,72.49406530817282],[-125.28753416662006,72.49240949680467],[-125.31721489821825,72.47841030557763],[-125.302006985727,72.46522928705657],[-125.28003756203164,72.45840630606192],[-125.31023577900426,72.45509539903072],[-125.34233062155285,72.44652499370025],[-125.31390279754416,72.42688190375581],[-125.32697160651391,72.41849690128737],[-125.3743019434387,72.41411410376378],[-125.38033359443921,72.40042069112874],[-125.40148969658503,72.3929890135671],[-125.41026114963718,72.38069199839006],[-125.38102061479745,72.36620830074129],[-125.39164642971582,72.36185429314888],[-125.44154082922823,72.3644629980425],[-125.4718455659247,72.34651990476213],[-125.50248601394125,72.33836941258637],[-125.51486332050374,72.31909359988921],[-125.48427637561078,72.31240899595664],[-125.49208629210403,72.30038770776936],[-125.48434125674429,72.2765043986034],[-125.46669150541332,72.2696239096158],[-125.50443345050255,72.26540789728207],[-125.51261750542291,72.26871710349074],[-125.56767832969106,72.264203802542],[-125.59230246394651,72.2548740067048],[-125.65133229670371,72.26274920748699],[-125.67493368086387,72.25272001349046],[-125.67910139034622,72.23385899132701],[-125.66260382141705,72.21018980279827],[-125.63774893181919,72.19980029523711],[-125.65831332284598,72.19020460577774],[-125.64216320182317,72.18536990982108],[-125.56529860950508,72.19027678892694],[-125.58694449127283,72.17784781471656],[-125.63550902115638,72.17195719426279],[-125.65413912943136,72.17470070798274],[-125.69836563320536,72.16840219376928],[-125.73295262746367,72.15494388990619],[-125.75403342483298,72.14240868799921],[-125.74174239988147,72.13057809901552],[-125.74686855420987,72.11726269962082],[-125.72576098893742,72.11131811368311],[-125.71326139216123,72.09790280967331],[-125.69736827533522,72.09298809321176],[-125.65609478891895,72.09419450887967],[-125.65317990758787,72.08900649509785],[-125.6929166111737,72.08589860934326],[-125.70647038299657,72.05947190546232],[-125.70600840309875,72.04816411319182],[-125.74021656599864,72.02216159181633],[-125.75542461559752,72.00357410997543],[-125.77941742779012,71.99697899857601],[-125.78678729870241,71.9873143124581],[-125.81698250334648,71.97842800554821],[-125.82530408160414,71.96621320157328],[-125.81750167313578,71.957590704778],[-125.74964127161097,71.95748949003072],[-125.62343410275284,71.96508888916608],[-125.57366276304603,71.96966221356982],[-125.58833516751244,72.08759971287243],[-124.94465149857137,72.08392583837662],[-124.969147826648,71.96822107856651],[-124.91611354810506,71.96315200379607],[-124.9179897931091,71.95038330673887],[-124.97275111531363,71.95108262955121],[-124.98634378699434,71.88615323106049]]],[[[-123.90190739179049,69.36748917961646],[-123.918784619575,69.37215090534116],[-123.94169730383393,69.39222610298103],[-123.97943779850729,69.39751700543712],[-124.01276719299557,69.391802013994],[-124.02828648702186,69.38008230833589],[-124.02800463882333,69.36676390434869],[-123.90190739179049,69.36748917961646]]],[[[-117.66721269002605,70.63695005182421],[-117.58879828714979,70.62096599311047],[-117.56042243411285,70.61242230872169],[-117.55552978334721,70.60470019921729],[-117.50913888711644,70.60208941393982],[-117.49366953745081,70.62207869726076],[-117.5140266857118,70.63149650124545],[-117.48346655314974,70.63425269569659],[-117.47391306739995,70.62172910491563],[-117.44851017736632,70.61873099934095],[-117.42521838635423,70.62228300350266],[-117.42761217713928,70.63335110910528],[-117.4068171888147,70.63179949811747],[-117.41640507941649,70.61866279389595],[-117.40580740736881,70.61129780212585],[-117.42637231921431,70.60258090200658],[-117.4261282936724,70.59137670159528],[-117.40386781620343,70.58263118907706],[-117.36343317213641,70.58089850235282],[-117.33255121511479,70.58590678800245],[-117.3154708947858,70.59315049035538],[-117.34011340393319,70.6044101888166],[-117.36790361398239,70.60846788813686],[-117.38729258928832,70.60696380561069],[-117.40147322669746,70.62593540978021],[-117.36790539618283,70.63227700741432],[-117.35383878129103,70.62632099089623],[-117.33082244345815,70.62740940111453],[-117.3250227583519,70.61472619907192],[-117.30046421289441,70.60699398890449],[-117.25236976013892,70.61673129310381],[-117.18240563022655,70.62031730023638],[-117.09355106557929,70.61941729769535],[-117.0468020112483,70.61623308814461],[-116.99296787537953,70.6176548898008],[-116.96423261610697,70.6155174995439],[-116.93988813177994,70.6191951962827],[-116.92151916171152,70.6062524028336],[-116.77687163645523,70.60816099680468],[-116.73079687829207,70.60559848943198],[-116.68932280856309,70.6078724111363],[-116.64971508699432,70.61302461535243],[-116.59559348904148,70.61631428908053],[-116.57422624823458,70.62490580748356],[-116.57550216572031,70.63286809426161],[-116.50967358001604,70.63766140530996],[-116.4978825319683,70.63229130543743],[-116.45390467805554,70.63035951318179],[-116.38635436844648,70.63441350442443],[-116.34655087124938,70.64132970259644],[-116.28564390160663,70.64197749184372],[-116.22895417209128,70.63417009150308],[-116.14550507195983,70.63811449970115],[-116.1080655304532,70.63628929525046],[-116.1009355269354,70.62389509852592],[-116.15331339362939,70.61987779169577],[-116.17123609531596,70.6225919054514],[-116.18745066223413,70.61256699224829],[-116.18145391443137,70.59762069135533],[-116.17177593859773,70.59244630577089],[-116.11869510257961,70.5875231944447],[-116.07112029093415,70.59748780918878],[-116.04686599688543,70.59007280851411],[-116.06648271724094,70.57786599657118],[-116.03953786954455,70.57330460637786],[-115.93983148165616,70.58212589865414],[-115.92046903376087,70.596319792752],[-115.8669879008604,70.59938159086887],[-115.85378081004599,70.5961996928359],[-115.81979082835049,70.60396759673266],[-115.79603046710494,70.59835569046766],[-115.75708966859474,70.59998730737271],[-115.71672006728177,70.60833310772338],[-115.68068370224776,70.60915530650598],[-115.64611539345107,70.60310108865167],[-115.65025408843809,70.59475049167867],[-115.5831190791723,70.59928481301654],[-115.56532347136061,70.5957082945413],[-115.57003566410157,70.58769589229715],[-115.59152789186648,70.58391319823549],[-115.58450736465439,70.57435090427013],[-115.53096057723614,70.57895399862875],[-115.53168111641975,70.59440728801631],[-115.51567086831206,70.601745194023],[-115.47891309892152,70.60273590519468],[-115.45906793182148,70.6077227089331],[-115.41174010776653,70.61160091258282],[-115.36309779618301,70.61250468920112],[-115.35893832486155,70.6052421034797],[-115.30055300371214,70.60082999613756],[-115.2719046824953,70.60075378923051],[-115.2366473721776,70.60750780511486],[-115.18727887046455,70.60327499109945],[-115.16086546828991,70.61222599409935],[-115.11672403667784,70.61191839781425],[-115.07653226698552,70.60271900651854],[-115.02401126941899,70.6033979938929],[-114.99284568052879,70.60985799138274],[-114.97212170935966,70.60569340287881],[-114.94618839176555,70.61011180130262],[-114.94127028239522,70.62055629808206],[-114.87711429756422,70.62395659420886],[-114.78671378350424,70.6383641104425],[-114.76136331054471,70.6328973019686],[-114.74211648485354,70.62278590804792],[-114.68826268319431,70.6318191111553],[-114.65947154874954,70.62773890640824],[-114.64873245925263,70.63417839856326],[-114.61260402108675,70.6324877025201],[-114.57837337786333,70.64094909629262],[-114.54440820267985,70.63808219828569],[-114.50726196808395,70.64263409640738],[-114.4743864189277,70.65435668812694],[-114.46512650707227,70.66396481025954],[-114.43288622753641,70.66245529104879],[-114.42124950105783,70.66702149569196],[-114.42801882979003,70.677126594508],[-114.38867119892659,70.68341510621211],[-114.35263220934672,70.68061060467416],[-114.32719087154771,70.68766071205248],[-114.28736968364557,70.68613131160396],[-114.26395002920988,70.681397795136],[-114.1815515748734,70.67437101024022],[-114.13035168263163,70.67664739621607],[-114.10660130069814,70.68412201108616],[-114.07870710789082,70.68789281214022],[-114.05643912311822,70.69701278858042],[-113.96782089134723,70.72069189988994],[-113.9169316037492,70.71399290900361],[-113.87620873282005,70.71208379936797],[-113.82151892329358,70.7184378854256],[-113.79979536760256,70.70110349981705],[-113.75741538776327,70.7020648991433],[-113.72541691947393,70.69893440045004],[-113.67965008584407,70.68754669719989],[-113.66569273065139,70.67105380296142],[-113.60059406981051,70.65996018947594],[-113.56950900568454,70.64839828837812],[-113.51782698358396,70.6574325893654],[-113.49894817731963,70.65846299492996],[-113.48360411783412,70.67613380870196],[-113.44205327469102,70.68310850283086],[-113.41463878163921,70.66589519455576],[-113.37977211778588,70.6534304048134],[-113.30582758980611,70.6618601020568],[-113.27041688861044,70.64956020089267],[-113.250036612709,70.65855380539979],[-113.19635210668403,70.64290989449192],[-113.16525331216594,70.64363470802024],[-113.16754391067202,70.6264712860885],[-113.13311202922591,70.63197740301787],[-113.12567741875674,70.62250928438223],[-113.09988023404917,70.62224169299643],[-113.07547827811254,70.61598999831813],[-113.07974929602294,70.61017000866143],[-113.05864787922742,70.60083260830619],[-112.9869791203081,70.5906778999531],[-112.97033587746643,70.59174020603245],[-112.96080230557818,70.58272458986572],[-112.93548785914507,70.5817428973771],[-112.86024758138424,70.56595090543813],[-112.87336581840982,70.55720551070654],[-112.841841962292,70.5494898953162],[-112.8266712869372,70.55649870274866],[-112.82481958837946,70.57281860214934],[-112.79006401656929,70.57459649514317],[-112.77862257214666,70.56888651139195],[-112.71891979220031,70.56817079705516],[-112.69126441970658,70.56272129108838],[-112.65952983237797,70.56649039885157],[-112.63879520224492,70.56307080010228],[-112.61426310163651,70.54524709024889],[-112.59370909306926,70.5468110941214],[-112.53869267346596,70.52883991323002],[-112.47919122944651,70.52618070027248],[-112.43526818396577,70.54132649280513],[-112.40243232752574,70.53954559272213],[-112.38524211635183,70.532338793119],[-112.40611339213599,70.51652380464861],[-112.38625127246782,70.51254520453853],[-112.36152857376773,70.51594480608487],[-112.34127499914185,70.52976770922996],[-112.29413029891852,70.53171679603385],[-112.27889228302979,70.52548600527987],[-112.27153151973103,70.51156250206452],[-112.18312801238812,70.5121121080899],[-112.15755736191606,70.5138451952211],[-112.13894480397273,70.5071856072871],[-112.07678780859152,70.4938043884154],[-112.06557719989945,70.48329750386868],[-112.07342482381647,70.47049500394392],[-112.0386315735454,70.46321411198588],[-112.03820698466032,70.45009690508704],[-112.04974568532616,70.4481404004309],[-112.0391019106267,70.43574338565737],[-112.01429977495943,70.42533409286303],[-112.01363207545546,70.40974361085068],[-111.96657212589321,70.4034443937362],[-111.95800191723826,70.39514379197816],[-111.97984790573852,70.38814749841002],[-111.91092932032221,70.37515170175818],[-111.90451222462916,70.37754820423075],[-111.84687263992032,70.37198640418289],[-111.83692168892726,70.3641062882479],[-111.78192002383352,70.36300989892075],[-111.72307991454953,70.36437709918184],[-111.68159171743395,70.36121030302658],[-111.63845651537859,70.36884719003646],[-111.60248550091916,70.36590859997825],[-111.58245097102801,70.3601559999163],[-111.55555816766314,70.36286169877395],[-111.530999617152,70.35633121068173],[-111.49341303273779,70.35690389434723],[-111.47535881091727,70.34800989765701],[-111.43651363252415,70.3429248957421],[-111.44045188343067,70.33017991198304],[-111.47154451842009,70.32123808810249],[-111.49811449468402,70.32295221228365],[-111.50613229571235,70.3174430006206],[-111.58859729635869,70.32093321328877],[-111.62277362925488,70.32420080188108],[-111.6614141818346,70.32432930479453],[-111.66006141953044,70.31939950507885],[-111.62907771599018,70.31674520036523],[-111.62329634186142,70.31031270323223],[-111.55729550698638,70.30182460284665],[-111.54899699324223,70.29716830957729],[-111.51730300423387,70.29260448922619],[-111.44058751791373,70.29508279524197],[-111.41955143105251,70.28774770890253],[-111.48212018311739,70.28798750176655],[-111.4746998202001,70.27311600224488],[-111.53871785636069,70.27644649343776],[-111.54547133156058,70.28294390472784],[-111.59190692302955,70.28616489348538],[-111.61090561064276,70.27403510041835],[-111.65811832822307,70.27343898899437],[-111.65859450002635,70.28333899772588],[-111.67494738114064,70.28419899226004],[-111.70000509215838,70.27846300447517],[-111.7438108194524,70.27904058542607],[-111.76319379202519,70.28216830588043],[-111.79468694067398,70.27921040059113],[-111.82213873424234,70.28426190154009],[-111.85796961065357,70.27648700110346],[-111.87132698435553,70.26543351187955],[-111.89937330089406,70.27478179757509],[-111.94022788260972,70.27951910941296],[-111.94180310674024,70.27113358944185],[-111.97122720121992,70.26943830623337],[-112.02879291635337,70.27326109455414],[-112.04853771434664,70.2792933080832],[-112.11773290447967,70.28687549604744],[-112.1243745729981,70.29216789901818],[-112.17658818193046,70.29885468961656],[-112.23797779272688,70.30296321103667],[-112.23768176542504,70.2948452981184],[-112.17239758948436,70.2901967878521],[-112.10679178209712,70.28236461535207],[-112.12675187507388,70.27700690919232],[-112.1525356804856,70.28364099201681],[-112.17710617466112,70.27613001316622],[-112.21967912604276,70.27220131074152],[-112.23916423829132,70.27639230742378],[-112.26567114475576,70.27411240604106],[-112.27556832770038,70.26316429509684],[-112.33551648695551,70.25682401142986],[-112.32190982867192,70.24763119903051],[-112.29271073055307,70.25040559207225],[-112.27164978773077,70.24261049050685],[-112.24528333315327,70.2404841085997],[-112.21005677546516,70.22918999370556],[-112.17205772729335,70.23057920304736],[-112.14999899982627,70.23886141121017],[-112.11424564127772,70.23088340438227],[-112.12847340107413,70.22452969458139],[-112.15320229075331,70.23381290844556],[-112.17508076905078,70.22852210602022],[-112.21546827547368,70.22871050716647],[-112.24039732597588,70.2358398988308],[-112.26751890323371,70.23758999761458],[-112.32742176171675,70.23097299308287],[-112.3524992527751,70.23091899456067],[-112.38950001176256,70.23507599382455],[-112.43840588427028,70.23411299293397],[-112.44175718993502,70.22813190053942],[-112.47678672820015,70.23361610000782],[-112.50600707913264,70.23400611549292],[-112.55144877566394,70.22958991538407],[-112.51084099225896,70.21978079839867],[-112.4811178019733,70.21720670843784],[-112.47719089026727,70.2120140035612],[-112.52256511399364,70.19919171149877],[-112.55928162362362,70.20411450158454],[-112.64739910301546,70.21013779462234],[-112.66534858454945,70.21910021151025],[-112.70889288690984,70.21648620234774],[-112.75374491126959,70.21955728745405],[-112.78153042571375,70.22688929464367],[-112.788888777326,70.23626291559889],[-112.83269967036192,70.24108550091103],[-112.85408331452861,70.23754701240242],[-112.88003282238677,70.23843818382602],[-112.91326341765313,70.24681331011406],[-112.92507086278725,70.25336969672051],[-112.95758978508204,70.2581546946186],[-112.95591207751248,70.24798391603666],[-112.90804581141242,70.24143960682142],[-112.94963750344057,70.2344264105585],[-112.97823998123005,70.23503421203246],[-113.00556457650217,70.23961160870365],[-113.01401001429706,70.24893660648169],[-113.030746934574,70.25318539745734],[-113.05617996462995,70.24945269508306],[-113.12917539576833,70.26523861119797],[-113.1597427286183,70.26750608829701],[-113.1712142925743,70.26139641175305],[-113.19375550456958,70.26508721067148],[-113.19880510601982,70.27293909572008],[-113.25339235841918,70.28282739412676],[-113.3610807948657,70.2833926005903],[-113.3898618051279,70.28083040483453],[-113.44776104060956,70.28233190367101],[-113.48855149317866,70.28142990628876],[-113.51810505926638,70.27544859553655],[-113.55824827442834,70.27107351165246],[-113.58916942856767,70.27376848882545],[-113.62808511456221,70.2685321008804],[-113.66415856543556,70.27182309474742],[-113.67880151156302,70.27830669548318],[-113.7460717969029,70.28079659590486],[-113.77531512803387,70.2759328035959],[-113.83682860292502,70.27953908657837],[-113.85450293399809,70.27529539495009],[-113.93848614735404,70.28495190540633],[-113.9442204140386,70.28180048756836],[-113.98588398114873,70.287899913411],[-114.01342570091141,70.28801828939288],[-114.02736561897008,70.29320358456266],[-114.06845981092916,70.2976171945937],[-114.08572306749502,70.30944719306734],[-114.12894598564867,70.31676638889402],[-114.17274289051687,70.31819641290465],[-114.24920041453447,70.32455841145607],[-114.32207531417059,70.32708329479811],[-114.41141807186122,70.32313319133222],[-114.45659178838949,70.32449899057393],[-114.51331896393549,70.32279989406575],[-114.5571198941673,70.3186098087706],[-114.59329029629099,70.31061651089466],[-114.69803795835999,70.30137039220165],[-114.79168368729944,70.29636020313133],[-114.89222617465508,70.2874361105197],[-114.95692201318371,70.28736598441861],[-114.98196071460673,70.29226500493442],[-115.04514390905027,70.28877490449712],[-115.05739847156757,70.28548289189216],[-115.10255428430682,70.28790029358632],[-115.13281902144112,70.28115248379513],[-115.1896009844077,70.27703870805385],[-115.22407660093226,70.27146810227953],[-115.2542146859785,70.2748495119748],[-115.34248982091256,70.26702829239265],[-115.43320991891551,70.26008450287246],[-115.47873134144085,70.26119700198038],[-115.51579510499872,70.25478500871596],[-115.55488658855064,70.25356141568983],[-115.57791200032291,70.25625490865681],[-115.60080761407225,70.25242648639],[-115.72887006269563,70.24030999682479],[-115.76975662100145,70.23932688832127],[-115.7948877773806,70.23512519528202],[-115.85470141651813,70.2314239839137],[-115.87966126811885,70.23348089673414],[-115.9532482310513,70.23099340444462],[-116.04911327003533,70.2232903911578],[-116.07612401034586,70.2222452959795],[-116.15630317380634,70.21359280015784],[-116.2081608387661,70.19981060339265],[-116.29475028692386,70.19127321278118],[-116.32491781225247,70.19393099324151],[-116.39317124235062,70.18664030463431],[-116.45546960623966,70.18274570361241],[-116.48733072298437,70.1775479982589],[-116.61635748023454,70.1616520943435],[-116.63067969156536,70.15847858929756],[-116.69268680920739,70.15563708945294],[-116.76476080052582,70.1466951120178],[-116.79419761680474,70.13734049254803],[-116.88190584008773,70.13253550827548],[-116.98231122849158,70.12243619329188],[-117.02502129337967,70.10932928895959],[-117.10688312304188,70.09999280952212],[-117.14757320300029,70.08908739936368],[-117.2044824088735,70.08192819166402],[-117.24148970990781,70.06910979428172],[-117.2876589866269,70.06169459723067],[-117.32569219700699,70.04331529140293],[-117.36045092572415,70.03993339503116],[-117.36634099499405,70.03484640954487],[-117.36130882909674,70.0210792967045],[-117.37172368714148,69.998193206185],[-117.38397560335869,69.99024669103164],[-117.39021786760254,69.97686250021586],[-117.37685148343924,69.95990140199507],[-117.36198591900678,69.95305359569466],[-117.33990542131681,69.93623070542804],[-117.31490363509216,69.90480090881202],[-117.31616558916366,69.89731581545581],[-117.30410401682897,69.87499478639846],[-117.29057030348044,69.8590307917773],[-117.30133076177549,69.84726310086138],[-117.29393807745498,69.83209299249783],[-117.23389103241279,69.8077646012812],[-117.25927751702723,69.79098208799066],[-117.23631009926743,69.77548830902737],[-117.19489738073106,69.76544281320977],[-117.21295118450665,69.75708738866554],[-117.18774743464898,69.74445209614841],[-117.15570260271424,69.7369262991482],[-117.14011228891061,69.72581100121015],[-117.10382758940962,69.71901058839745],[-117.05966480669426,69.70756830243904],[-117.03968078860493,69.70697269020134],[-116.98996406231008,69.6924905961738],[-116.46558727436911,69.70279943846697],[-116.75519510184446,69.78644464014376],[-116.92415732199312,69.87989304664961],[-117.01353677805197,69.95657830242702],[-117.02283567333278,70.00025183086017],[-116.35409685456186,69.99928412521196],[-114.5001244159578,69.99995765297257],[-113.86276233252714,69.99969395923992],[-113.8440878706828,70.00013679163081],[-112.93526151050405,70.00204399884736],[-112.82512696621208,70.00254516080567],[-112.82281411731962,69.92933804859403],[-112.81834730953368,69.84728348210236],[-112.66251167216062,69.8474018110969],[-112.59459649082264,69.84837875909578],[-112.518087701705,69.8476022307889],[-112.51081721866372,70.00168576021888],[-111.99885949413935,70.00110970517528],[-109.86179891313527,69.99805421007756],[-109.86070675184634,70.12129868394271],[-109.85935325435112,70.30607120891382],[-109.85836539057351,70.47230847525172],[-109.8575014807354,70.61971194617406],[-109.8566970050277,70.75764234323219],[-109.85596591413196,70.88140993160344],[-109.85389118134238,71.0898950584069],[-109.85260106507485,71.28341312510148],[-109.85191760520269,71.4522892606423],[-109.84957974620998,71.69762608600936],[-109.84812709950057,71.8715722172798],[-109.84679859654118,72.07838314825818],[-109.84702353087697,72.32396677816502],[-109.84534246414324,72.44415659827932],[-109.90029226839367,72.46747680108007],[-109.9325809203346,72.47403871023795],[-109.97782209486682,72.4601737997686],[-110.00191726176891,72.44520660648914],[-110.06169409209969,72.45301528692227],[-110.06333732955757,72.45935319324818],[-110.09609400320007,72.46300140095815],[-110.103648821057,72.47571458836356],[-110.12962231092308,72.49023340544666],[-110.14194744808665,72.49200330810571],[-110.18712016797639,72.51356840984786],[-110.2319244178602,72.52618589969474],[-110.27991461792624,72.5347168091791],[-110.2977164678182,72.55406070355598],[-110.31571400596732,72.5593480097812],[-110.36781981446693,72.55962409220726],[-110.39171398908235,72.53925579551473],[-110.39232504055188,72.52307370384628],[-110.40995379797717,72.51983619197908],[-110.50529373957357,72.52167369574678],[-110.52286682706631,72.51312899763212],[-110.50992262869309,72.50047520885488],[-110.4679747826709,72.48819199252513],[-110.42269007824059,72.4803316951486],[-110.38169511387935,72.47014088593102],[-110.36080110525829,72.46100309050418],[-110.3533611129672,72.4501316871654],[-110.31607355342481,72.44723350804044],[-110.26593297729428,72.43626699360813],[-110.28480076925695,72.42933979642076],[-110.32432029353258,72.43633768667617],[-110.37216370315315,72.44080998826846],[-110.39340222330927,72.44832969945875],[-110.42162830517393,72.4639302097933],[-110.4675743190408,72.46410419149882],[-110.49365220922455,72.47236700180089],[-110.51702497113197,72.4714249108343],[-110.55139656368667,72.49267679943715],[-110.5900925855765,72.50411911087325],[-110.5931598635302,72.50950099815803],[-110.656330123436,72.51857491055426],[-110.63989628090087,72.52486361246899],[-110.58470941580143,72.51259439798507],[-110.52403353043928,72.52689970238524],[-110.494153871312,72.52805029410085],[-110.48409802463517,72.53597320616781],[-110.43554331768823,72.54843399817362],[-110.44053517713871,72.55326710619613],[-110.50238018585875,72.56263060018165],[-110.48055440932671,72.54609210523037],[-110.49549821079738,72.54224819658538],[-110.5658718307111,72.55861078662264],[-110.58764796727674,72.55799549610241],[-110.62264562439334,72.5754528878559],[-110.69096867988391,72.57566811003545],[-110.73431856897277,72.56391360577979],[-110.75380619881459,72.54126580255354],[-110.79223062721981,72.53353879299107],[-110.79961749736577,72.51753889173634],[-110.81805203749552,72.50914820549843],[-110.79160446174176,72.49729270478153],[-110.73541269862152,72.47754191175383],[-110.74191472773258,72.47309849448993],[-110.81924916630011,72.48328570835744],[-110.8389415659102,72.47472680645957],[-110.86752381698892,72.47637200582375],[-110.86585131996428,72.48412788896374],[-110.9311831894004,72.48930839903768],[-110.97628311111748,72.47698150694335],[-110.94193127808258,72.44867901460854],[-110.94360821240369,72.44295609941732],[-110.97902049996597,72.4266024892977],[-111.01086193464221,72.42013030729674],[-111.06024852183957,72.40336479987585],[-111.07429437486967,72.39445279077724],[-111.077938071519,72.37127769352722],[-111.07211711967095,72.3621426946216],[-111.04385859245141,72.3475421910555],[-111.03028551935755,72.33125469632718],[-111.03248550571115,72.32479621173168],[-111.01712577817992,72.31579399592748],[-111.01418794269259,72.29269010765395],[-111.04792137557337,72.30245119304601],[-111.05244266536413,72.31873069811564],[-111.07551568354268,72.3375115114733],[-111.12254316751871,72.3513334993901],[-111.15164538172138,72.33459580716602],[-111.1791931792198,72.34403009326797],[-111.17732291693981,72.35586950286901],[-111.21637121482377,72.36768179034316],[-111.23984900935312,72.36338859469723],[-111.27349530506946,72.36793139264272],[-111.32940127106865,72.34839919139804],[-111.36100013088594,72.36569841002708],[-111.3411750772489,72.37354339961217],[-111.27614162039389,72.38962940948235],[-111.26488057697401,72.39873910162659],[-111.27339826141859,72.41050580045227],[-111.33009704169575,72.40970669869253],[-111.29576467814037,72.42536151473871],[-111.25893237901676,72.43562100096096],[-111.21313477798542,72.44376199130352],[-111.18146680799738,72.45653129720421],[-111.22561662850114,72.47023010367974],[-111.31339626333423,72.45648080348398],[-111.33717317177256,72.44468829316511],[-111.37184980763233,72.4425597969313],[-111.37315105874012,72.43529399775849],[-111.44000902422725,72.40730989893376],[-111.48082559377544,72.40227379246235],[-111.49906403107087,72.39566668642361],[-111.5269914725073,72.39366759990355],[-111.57837389113264,72.37488391317366],[-111.58668027292651,72.36690980882847],[-111.5729839934598,72.35886060975123],[-111.5735753336781,72.34988299005303],[-111.55345187450605,72.33889150654231],[-111.49982901182163,72.34041918530343],[-111.48584687607631,72.33725181507752],[-111.45545782904549,72.3420499898806],[-111.41499918397452,72.35376548861865],[-111.38521853281951,72.35191300888388],[-111.3852969294107,72.34554540478656],[-111.42456494451842,72.33196440725148],[-111.43915606830689,72.32383460085053],[-111.46919822939374,72.31566960364381],[-111.4808622580562,72.31959100137209],[-111.5492173957108,72.31253009508059],[-111.57305849931221,72.3013935865918],[-111.59157277449502,72.28754321172241],[-111.61377757502278,72.30125651121517],[-111.63526216874234,72.29728429925063],[-111.64832521966682,72.28569561062015],[-111.65094241511555,72.27425699494289],[-111.68813516513232,72.26664500495718],[-111.71126990977957,72.25431649688367],[-111.68783931563708,72.24283150656683],[-111.63930488141021,72.24814669433978],[-111.57957577178172,72.24766930256851],[-111.55392830256207,72.23384899598643],[-111.57154953626656,72.22854510552015],[-111.59971430685299,72.23371688760197],[-111.61235186763047,72.24627670753227],[-111.63618638084999,72.24105649457313],[-111.68898958252252,72.24184730009802],[-111.71016748043961,72.23035780252307],[-111.72921373566975,72.2074006945854],[-111.74928320331024,72.20068989250915],[-111.76897111109402,72.21493011141848],[-111.74542471628202,72.22287531022984],[-111.75159973768334,72.23777470130644],[-111.73455022213665,72.24309739897782],[-111.70316144662321,72.244623803663],[-111.71437780334152,72.25523561256637],[-111.67842918949553,72.2710363056577],[-111.67089922728464,72.28287809527511],[-111.7386684848935,72.31049518929143],[-111.66169808017668,72.31313070801498],[-111.6312305981883,72.32293570304591],[-111.59377817621102,72.3296100071685],[-111.59280527087826,72.3344571908383],[-111.61705586882415,72.34455350575706],[-111.59202882886865,72.35200319236618],[-111.62022117023113,72.35762779279862],[-111.63609129547139,72.35478829256819],[-111.6699849821185,72.35903610055962],[-111.69678390444797,72.35427051103346],[-111.68837027200053,72.34878539292215],[-111.70346091993737,72.33659469531325],[-111.75895493908097,72.32925459599984],[-111.78602191275841,72.3314378862516],[-111.82059489917289,72.32440218929139],[-111.83627134878158,72.3318060030401],[-111.86195771038872,72.33577049498653],[-111.88549541006023,72.33219949408459],[-111.91617193006937,72.31795399052181],[-111.9786282418207,72.30035740207566],[-112.00644528576734,72.29647721246735],[-112.01057121602587,72.2888818943748],[-111.97427166231667,72.29128039631183],[-111.97125558088142,72.28570280612607],[-112.03780017620493,72.27621829854071],[-112.03659990582946,72.27118968658088],[-112.06132813323856,72.26376308851248],[-112.07341293028524,72.27150220247042],[-112.04804899818332,72.27598689155006],[-112.05753110681208,72.28529078805653],[-112.03730906677414,72.29691659243059],[-112.04692131979301,72.30411490974099],[-112.02060020258043,72.31070010867327],[-112.02600933854335,72.31759519595789],[-111.96311728925895,72.33469999073247],[-111.9869090321376,72.35265370764907],[-111.9346253230496,72.3697844948573],[-111.91140186359317,72.36975109207764],[-111.92111180788756,72.35892689299834],[-111.89022853411355,72.35496880690617],[-111.81875250591673,72.37612409328456],[-111.78558602067977,72.394509502936],[-111.76845196111556,72.38546859543672],[-111.72568099582907,72.40202000043588],[-111.68162909520834,72.40232819761903],[-111.64552314416073,72.40853020404049],[-111.60692262810674,72.42421410820847],[-111.58663479520254,72.42119761095465],[-111.55264138938765,72.42882479529993],[-111.52660892030168,72.43901048842386],[-111.48999273238691,72.44545289031501],[-111.42823130986379,72.46963699806797],[-111.38936131363006,72.49370330476906],[-111.4102655371041,72.49835579818921],[-111.47068472995142,72.5041335018023],[-111.4103522445264,72.519759098482],[-111.39537731548309,72.52959988971206],[-111.33650627692535,72.55178180761169],[-111.29087743057913,72.55478620441913],[-111.26436890070728,72.55951031198313],[-111.24818674734229,72.56702790664451],[-111.23224480562538,72.58304799823146],[-111.21584731589624,72.61175590295724],[-111.18300872727325,72.62512608752458],[-111.17967520313222,72.66622119983111],[-111.21333207034753,72.67547031036773],[-111.18859695354296,72.71172949480616],[-111.24765956530541,72.68825959166347],[-111.2803842016636,72.68982719877899],[-111.22782919043115,72.71330429437995],[-111.19847253854134,72.7181539929322],[-111.1853569800929,72.72735640894732],[-111.21756805085678,72.72820420681984],[-111.2523957533997,72.73906300814006],[-111.28081131815865,72.74151859750069],[-111.30712562129952,72.74791880379368],[-111.3614512234774,72.735972699056],[-111.38327838695348,72.73477620376674],[-111.42014132946404,72.73912129631535],[-111.43488397857328,72.74882359364322],[-111.41582822683256,72.75866299464681],[-111.41687308281209,72.77535760774563],[-111.44950188238306,72.77999720803943],[-111.55152660739166,72.80643160382863],[-111.61728303294251,72.80862010802167],[-111.70154150115273,72.81924320061792],[-111.72289194156082,72.8303994025056],[-111.76605367919532,72.83168949524628],[-111.81470910163806,72.838119912009],[-111.84950128657518,72.85124040817293],[-111.90085273155803,72.8646573022121],[-111.96616380911765,72.87530761232263],[-112.02226389372815,72.89277109238623],[-112.08162836417502,72.89667710378754],[-112.19709058593183,72.89529160480004],[-112.22067720225412,72.89972959975611],[-112.29156499365776,72.90480111020973],[-112.36625887204004,72.91793361339487],[-112.43748616673848,72.94281110607416],[-112.48493054080542,72.95491719991293],[-112.5322568850255,72.96277070907831],[-112.60896593066637,72.97037259273321],[-112.62823079605113,72.97528291155986],[-112.70597962986945,72.98030458558289],[-112.74525851212562,72.9807513013152],[-112.79317724063972,72.99594289985535],[-112.81540609345846,72.99420600284326],[-113.00480842805013,73.01221078623803],[-113.09175627806273,73.01170520434295],[-113.11520898768116,73.00892940676115],[-113.17546596061904,72.99510109615366],[-113.23032142279787,72.98946419294687],[-113.3063417744107,72.94754801419498],[-113.3373989853457,72.93374309619134],[-113.36033310725468,72.92815669721597],[-113.41454152262047,72.88686309647682],[-113.44677841083211,72.85696010334266],[-113.48223191174168,72.83513849728674],[-113.54498876947683,72.80669809621868],[-113.56826742787821,72.7991026862215],[-113.60523031946832,72.77563200391621],[-113.60109628781638,72.76678270431266],[-113.57687578936074,72.75523590232434],[-113.54202325954503,72.75473829304401],[-113.49316997848673,72.75000020410441],[-113.43613594323406,72.75155840757989],[-113.4098869894558,72.74891679566758],[-113.39275659288306,72.73615290099426],[-113.42256242081451,72.71355998494037],[-113.40728858711519,72.6996519882213],[-113.41837163146295,72.68757090972684],[-113.40782512420446,72.68195180426899],[-113.42882437072143,72.67391410429569],[-113.5300816191023,72.65770239891623],[-113.54608604981397,72.6482905084987],[-113.60479123745044,72.63496430096481],[-113.639266781961,72.63810840760982],[-113.65731631693353,72.62474759567002],[-113.6824689256342,72.61748581056683],[-113.71065688599943,72.61742551481584],[-113.72442078027603,72.62268679622204],[-113.70904947402718,72.63754259711351],[-113.6738784798447,72.63777250545468],[-113.65465576693221,72.65114439877125],[-113.6392199699666,72.65247730776969],[-113.59558017104119,72.6643534035395],[-113.56312594543006,72.67010400800193],[-113.5521434172045,72.6794288972352],[-113.50412982956486,72.68994999976],[-113.5099120793058,72.70263481588937],[-113.48327328465881,72.70529239150676],[-113.48309458081555,72.71311291554095],[-113.58197476526453,72.68865749928402],[-113.6261125709198,72.68290689007394],[-113.67550568382046,72.67367610088738],[-113.69417358815427,72.66674608832244],[-113.76735662637836,72.65564240681245],[-113.80684429723838,72.64759069984873],[-113.86184071539057,72.64315590270022],[-113.90117706887689,72.6505657003422],[-113.87863911081233,72.65914550721209],[-113.84751130294596,72.66526630731653],[-113.86738145831681,72.6720593975855],[-113.9450367105934,72.6602792102112],[-113.99048856545613,72.66005819418335],[-114.05971748678121,72.65026928937152],[-114.10764810708652,72.6309880063918],[-114.13584069415303,72.62802319864332],[-114.17852741943392,72.61331140217014],[-114.21841550936381,72.60729230626634],[-114.24527802810096,72.60014569245527],[-114.25936788519712,72.60540250723946],[-114.28226297888402,72.5999792092055],[-114.29613038643784,72.58529189263727],[-114.32884718867446,72.57322400250732],[-114.3626911834946,72.55726809492697],[-114.43684986428786,72.56579020631563],[-114.47061589547863,72.56687559390231],[-114.47776536713339,72.57116990208723],[-114.5148592323987,72.57263348982957],[-114.51595551099892,72.58603879589224],[-114.54755501768845,72.58726379230318],[-114.64712275251019,72.60779979740782],[-114.61805394398597,72.61823970122022],[-114.58691806116285,72.61079459557345],[-114.56726023123349,72.61964878742516],[-114.522831448143,72.6324651071214],[-114.45199833795708,72.63231890510954],[-114.43446940409318,72.6394002974473],[-114.43634018770605,72.64736319494358],[-114.42007690964108,72.65307749960571],[-114.39241139745045,72.65459490206732],[-114.38721867805887,72.66521961009303],[-114.36029914146377,72.6763561989402],[-114.33321935568338,72.680716500233],[-114.2915301370898,72.68261679506774],[-114.27649529544134,72.67885160083141],[-114.25094900809432,72.68811648592106],[-114.25190906959054,72.69356550931938],[-114.31672021774266,72.70036029808027],[-114.30834420021651,72.71418140994885],[-114.3344962997855,72.72445049505049],[-114.34069857734107,72.73273239473819],[-114.36276132390472,72.74064571110577],[-114.35194870031991,72.75050440535009],[-114.33252621000773,72.75439850497106],[-114.33051180148314,72.76539631063004],[-114.3025477942885,72.76326889860435],[-114.29316566903861,72.76898910379153],[-114.25884599366206,72.77377611171939],[-114.22791449921526,72.79911459236706],[-114.18265958254692,72.80821689776913],[-114.14488055609613,72.80507549292304],[-114.00170069637103,72.80903599832305],[-113.96747634867624,72.81428839223614],[-113.93975369256248,72.82945459663932],[-113.96862938057193,72.84322759466215],[-113.98018637025488,72.85599399523055],[-114.01178181532316,72.86944340217914],[-114.017556576264,72.88571449733577],[-114.01135021648975,72.89230219880838],[-114.02369047829126,72.91693301168323],[-114.00893761052147,72.92141980621058],[-113.99045797333689,72.93519549335358],[-114.02838550075873,72.97310030860203],[-114.01243352253321,72.98609028692006],[-114.01532157153738,73.00354419340155],[-113.99501194710462,73.0171402940704],[-113.95827311622153,73.0238099086757],[-113.94354684547186,73.03083590639758],[-113.96487192464076,73.05557000623847],[-113.93398211085916,73.10872399040154],[-113.93162243571228,73.12927579500911],[-113.94208353000454,73.14091279129855],[-113.94272343469568,73.15748669160513],[-113.95828412495125,73.17446818364635],[-113.97949342522952,73.18281289564266],[-113.98482788464652,73.20305119355268],[-114.01845089563238,73.23066229049516],[-114.09099300546477,73.26473670320766],[-114.11573760038068,73.2798912964688],[-114.15044079950172,73.29424270219964],[-114.13487836000121,73.29894230560014],[-114.2005752564121,73.32562929866798],[-114.32115384292044,73.35263769994899],[-114.4184789753305,73.36986571142889],[-114.46971562748398,73.37581980063341],[-114.55767017773067,73.37753321363613],[-114.63211034493798,73.3739933966599],[-114.67753727324899,73.37785509740587],[-114.7104946725266,73.3752962005425],[-114.74267677322143,73.36211709599222],[-114.7417473534131,73.35108600662923],[-114.78438165975302,73.33808939982372],[-114.87676781789469,73.31989460779485],[-114.95087696454418,73.31385570400383],[-114.97567910256656,73.30523928975087],[-115.06789350670738,73.29458450552727],[-115.10073705855837,73.28838259437384],[-115.11224804397843,73.28092390752403],[-115.14953987248457,73.27213390345501],[-115.1973969266932,73.26746548703113],[-115.24353294951493,73.27571770629082],[-115.27271259366518,73.26462780678746],[-115.29466581746306,73.27009219851293],[-115.31491517848329,73.26526570824281],[-115.32356242656917,73.25422878544164],[-115.37674843125056,73.23426509125674],[-115.40569390466574,73.22562299457516],[-115.50196544597078,73.21503340751315],[-115.59347703246638,73.20251619553157],[-115.63154722611931,73.19393310607191],[-115.73219361694376,73.18607739471655],[-115.79390498418411,73.1712321072819],[-115.88537629010438,73.15591591030206],[-115.97224877052733,73.14577189075432],[-116.01581051474915,73.13260389552836],[-116.07912757249822,73.12450411026735],[-116.14351986939495,73.12692050323288],[-116.18865717640156,73.1189451045709],[-116.23210482730222,73.11444630622648],[-116.31066973029142,73.0968270045985],[-116.35523415933021,73.08095990410125],[-116.40533361619825,73.06763120707987],[-116.4479659503761,73.06068040514562],[-116.50420086108062,73.0612649015832],[-116.55341368205984,73.059288793334],[-116.59534459194875,73.042672794281],[-116.67311741907915,73.02622079031183],[-116.71295983274683,73.00762930453956],[-116.77150582689168,73.00052060814922],[-116.80136618733476,72.98635549879094],[-116.8516519083578,72.98050379765039],[-116.90684654914001,72.9715433957427],[-116.9845209909893,72.96357489443442],[-117.00767435590882,72.96443580534128],[-117.05880139739081,72.95682349532431],[-117.14977778821307,72.94000408962074],[-117.20601745094424,72.93540939817122],[-117.24916128234652,72.93524019671658],[-117.32096092236226,72.92511520961527],[-117.41871820403657,72.88888859133733],[-117.44136300807118,72.8701576078211],[-117.50387019860065,72.84213620195099],[-117.55070956187679,72.81101059606104],[-117.61485313563655,72.78189529591725],[-117.63696925328986,72.7764914048072],[-117.68032548443405,72.77222710975619],[-117.70864311670952,72.7576122911006],[-117.74139448105606,72.74905501048084],[-117.78798118712851,72.73321009412923],[-117.80698839338152,72.721297194228],[-117.83404059429365,72.7128407110522],[-117.8703475301838,72.70853220838926],[-117.91314596304719,72.6916927065604],[-117.99881026370602,72.68702379179163],[-118.01729748764886,72.68263669336262],[-118.06353285058738,72.65976039493103],[-118.09273863939372,72.65317140360898],[-118.16604498168185,72.64187580051764],[-118.18549509752737,72.62558620419334],[-118.25145398259846,72.5955123003781],[-118.30490841999486,72.5858679054227],[-118.34433284086262,72.56636119718902],[-118.39574099848575,72.54961139325465],[-118.4614660355685,72.52562310013998],[-118.4960412061806,72.50888808487484],[-118.5285848075928,72.48217570457895],[-118.54503939855388,72.46446439921509],[-118.55030504429476,72.44186339869472],[-118.54706327929175,72.42007110144273],[-118.54938022493391,72.40063489368134],[-118.54341323351298,72.39502240913751],[-118.49549912402517,72.3767097867652],[-118.47813636223293,72.3652412984883],[-118.45435127431996,72.35829880503222],[-118.4099347151635,72.35998070965228],[-118.35543069081217,72.3512636039486],[-118.30227331346524,72.34973329527226],[-118.21844052100899,72.3580119920398],[-118.1702738257814,72.35372680918455],[-118.11099812456412,72.33432540646126],[-118.09635563241376,72.32671599780379],[-118.10541371700901,72.31787620282],[-118.07833199388998,72.30338281536334],[-118.07541562062023,72.2903037896316],[-118.08885541477477,72.27543080358723],[-118.08296502222595,72.26586339748145],[-118.08399507040245,72.2432795087626],[-118.11272800488503,72.22875629430484],[-118.14235471169377,72.22384530980663],[-118.19444065848762,72.22471699209912],[-118.24640673050683,72.22133149850407],[-118.30863555812864,72.21006719961754],[-118.3261859768419,72.21049510142666],[-118.36624142779154,72.2005640974169],[-118.42585806827469,72.19138880599974],[-118.46005496096399,72.1881309004585],[-118.49419285316293,72.19288459874868],[-118.5190180846118,72.19252110462908],[-118.5832143998549,72.16881230341602],[-118.5937200272011,72.15685469956723],[-118.66003697594549,72.11899819283515],[-118.65817014087169,72.10821570267494],[-118.66535036058089,72.09062269618816],[-118.70952782965688,72.06181629888354],[-118.76839462631776,72.04263399548555],[-118.8616056321874,72.02007189311182],[-118.9515750009342,71.97897379260675],[-119.03633208204617,71.9281476146814],[-119.05392191384794,71.91883939522079],[-119.05788679441697,71.90498588991213],[-119.0944454554396,71.87562149565011],[-119.11421524319867,71.85040970322171],[-119.10915521621466,71.82361521158371],[-119.12246078147585,71.80584709366792],[-119.12122456067218,71.76355169603526],[-119.11154362367171,71.73978389547615],[-119.09210201245031,71.72501288734271],[-119.09297187693535,71.7116578131552],[-119.0734000160503,71.67734180946469],[-119.07658493467045,71.67123660468683],[-119.03659798973283,71.64234719208547],[-118.99391446244543,71.62369129237763],[-118.8976326741343,71.59354061236569],[-118.86527089058964,71.58872919013425],[-118.86868468268595,71.60226541395232],[-118.8917674746816,71.61318721190757],[-118.8811859039895,71.62784479196716],[-118.85540949523147,71.63552598868671],[-118.85346467588809,71.64807160047992],[-118.86692655997585,71.6520421014428],[-118.853756718401,71.66230789109999],[-118.83130271598225,71.66738210566942],[-118.79843007944206,71.66669489218745],[-118.77709331279391,71.65975780406208],[-118.72265098155448,71.66469230384449],[-118.66906849814156,71.66088081402322],[-118.6667976005231,71.65106260447922],[-118.64097906299274,71.64928990263505],[-118.62174476996789,71.65276139693552],[-118.61078691064807,71.6647001055759],[-118.57930851213837,71.6680036058984],[-118.55259878161851,71.66244621506597],[-118.54439159664021,71.65112931324973],[-118.51188027368303,71.66008979768242],[-118.48769279025386,71.66018089165128],[-118.43662381984142,71.63967099590043],[-118.38513967313695,71.62700391396268],[-118.38123690610209,71.61628818862278],[-118.40621833499952,71.60737929510883],[-118.40771446245891,71.59584789589965],[-118.43777057348944,71.5817353921641],[-118.41580247965928,71.57892689443018],[-118.4069071161614,71.5887693998871],[-118.38787558994659,71.59469010223856],[-118.34684946612563,71.59296490610662],[-118.32787618695455,71.58269790430315],[-118.29723600567633,71.5886529966155],[-118.28176862794484,71.599395896991],[-118.25363942594198,71.60142588598217],[-118.21717933400849,71.5987788946296],[-118.16539557500735,71.60617789696579],[-118.16390454052595,71.61427819751431],[-118.18500637792246,71.62161069878309],[-118.16696312873825,71.6346040073119],[-118.13176188221915,71.63755710408704],[-118.12112532997608,71.65527649495091],[-118.08322390751951,71.65782398846342],[-118.04100631068347,71.66438460084301],[-118.04049934091643,71.67833319948751],[-118.01654102571717,71.67912110902257],[-117.98859017203,71.67303749192328],[-117.9484474276963,71.67445938688171],[-117.9200795971277,71.6823851140771],[-117.90389510351017,71.6705819931906],[-117.84035062970925,71.67100580654538],[-117.7805305883612,71.67464749706001],[-117.76061749909002,71.66976531396755],[-117.71816032155395,71.67160818591921],[-117.67811115904394,71.68154429263416],[-117.67645596648272,71.6728253075183],[-117.70992676287318,71.66602550288155],[-117.75836357565339,71.66721450176799],[-117.81606511502798,71.66066781025674],[-117.83063989334286,71.65344889036012],[-117.85007328301248,71.65344049308943],[-117.89302398162664,71.64588811339611],[-117.92862030067441,71.64272030461507],[-117.92658059300688,71.63719728685838],[-117.95429974541825,71.62050810325472],[-117.94992541075554,71.60403260860872],[-117.92207268844271,71.60004640692853],[-117.920012656794,71.61172499503606],[-117.88025946653434,71.61882629629044],[-117.83368201978995,71.61272390225393],[-117.81334215608265,71.60700239259391],[-117.78072482989538,71.60350459973579],[-117.74338151639381,71.58186288965756],[-117.71217639090338,71.58600551533571],[-117.67160631062659,71.58532990526997],[-117.65567266672716,71.575602292135],[-117.66644388797785,71.56490129300099],[-117.7330678796013,71.55456491254088],[-117.73236992058983,71.54064299692257],[-117.76371793784033,71.5326268002442],[-117.81651547190879,71.53814960448614],[-117.82215390200138,71.54599250263759],[-117.87585699374802,71.54211908694904],[-117.95628469775042,71.54903779868492],[-117.96459882818642,71.5545070973746],[-117.99814296820898,71.55516530271483],[-118.05663906510321,71.55249069118095],[-118.10396584539447,71.54447710283218],[-118.1772122891862,71.52868778868744],[-118.20726738473238,71.52053881197588],[-118.2422146063168,71.49956440561988],[-118.28804588114245,71.48490248953912],[-118.30678137434782,71.47299990386547],[-118.28771779479112,71.43381930874492],[-118.27007095945811,71.42900609617975],[-118.27360085803643,71.42190129747225],[-118.25786174570179,71.40415620232096],[-118.2362254392069,71.39511099660167],[-118.20692820469591,71.39281848759988],[-118.18165097543901,71.38480410189638],[-118.15413792128041,71.38230859779361],[-118.10343559359455,71.38401998762274],[-118.05001451008327,71.37919480370957],[-117.99564087074764,71.37772689391531],[-117.94889931676539,71.38054648893156],[-117.89390502977456,71.38643189061432],[-117.87583952364497,71.3965044097089],[-117.81661507324667,71.38900730968588],[-117.82364117896576,71.38303629733137],[-117.80915198578364,71.37494400394469],[-117.77219399160471,71.37356318885949],[-117.74714294282182,71.38047079866583],[-117.75728414197872,71.39971089856571],[-117.71267467718357,71.41320591142326],[-117.7053860960548,71.4050053102402],[-117.71607386721202,71.39566239434097],[-117.69620255542726,71.38835410008004],[-117.65887199589945,71.38693609984584],[-117.64771748223798,71.39407989524402],[-117.62406948142198,71.39275999734346],[-117.61366148982304,71.38478420660398],[-117.57354201685875,71.37647808590806],[-117.55141030936731,71.38171690558909],[-117.51338747985685,71.3833559066431],[-117.4924158122411,71.42354129721092],[-117.47397118596751,71.43962031200296],[-117.5247636816667,71.45069498782665],[-117.57952381821806,71.46021029812063],[-117.60916921028867,71.44938929408868],[-117.64028742555087,71.47469649728785],[-117.56616527619926,71.48812109775878],[-117.54880759420841,71.49544910594193],[-117.55092467622275,71.50737430067484],[-117.52600908638838,71.50345170417518],[-117.53684276683242,71.49574140620311],[-117.52243632656534,71.49052649334307],[-117.4925406872999,71.4937220000932],[-117.47672030237267,71.47591560606729],[-117.43575521787953,71.47945451117234],[-117.4637899285611,71.46439319963369],[-117.42760550402267,71.46333980671415],[-117.35631348836084,71.46871198911214],[-117.38816818098782,71.45706651657486],[-117.3621610898238,71.45262711306825],[-117.39719069953556,71.44545780493469],[-117.38913963381127,71.42789850272875],[-117.41084756717574,71.41189999470852],[-117.40771812725062,71.3992503062118],[-117.39668035449999,71.3917081989957],[-117.34727639448106,71.38510880969709],[-117.31797666463773,71.38863419403657],[-117.3046361819937,71.39411639294632],[-117.31415427345388,71.4013004068962],[-117.29495224912277,71.41323220525277],[-117.24623280085153,71.41762810061144],[-117.21338561709297,71.40721429421893],[-117.17737271995253,71.40688910546979],[-117.1139695289573,71.42104410435988],[-117.08197482480018,71.43557518564157],[-117.01552118489346,71.44163351277952],[-116.97498919795498,71.43954379606878],[-116.8969866159171,71.43092329499122],[-116.80985833175066,71.43859640332789],[-116.77677868442791,71.44686891576761],[-116.76502999939486,71.45586739524973],[-116.68410862941205,71.471272104553],[-116.5989619179964,71.47172940739226],[-116.54801611812617,71.47467509050209],[-116.51170979154914,71.48278889197515],[-116.36096946687401,71.49955729626839],[-116.29344816706578,71.50966550652915],[-116.25279658172794,71.50189830803669],[-116.17072190757868,71.50074359821132],[-116.1316413931843,71.5098456870605],[-116.05685622237586,71.51336628814799],[-115.97693548480689,71.5235536973113],[-115.96454802483049,71.52251569500643],[-115.9204701445265,71.5311738070873],[-115.84848910779706,71.5396134048249],[-115.79490017007546,71.54925789640065],[-115.68804613225572,71.56367609629143],[-115.62988608603212,71.56462450529217],[-115.59830859994611,71.55598838988291],[-115.54599540947284,71.55676658857627],[-115.4957883006384,71.5488278101217],[-115.431203160908,71.54470450156283],[-115.42262291641809,71.54109010050631],[-115.48935207680856,71.52897380462215],[-115.515628098025,71.52618170330923],[-115.51574292872797,71.51730109047983],[-115.49004040633942,71.51643090635841],[-115.46643058871626,71.5012060880406],[-115.43209119671089,71.49427240400084],[-115.40867049086002,71.50143861191768],[-115.3887993734553,71.50229839716314],[-115.31069892267732,71.49442410768788],[-115.26999618343552,71.50431851454154],[-115.24084979401711,71.50531369682346],[-115.215342889465,71.51219409584097],[-115.159410677179,71.52085819686208],[-115.11286779707584,71.5323162877702],[-115.07318680479145,71.5347981869408],[-115.04099691913304,71.54143128779148],[-115.03659060315968,71.53362810928978],[-115.10355346629412,71.5236713056699],[-115.12069791980552,71.52608610738278],[-115.14812650957808,71.52158820260253],[-115.16094999848329,71.51026449714695],[-115.13429787822899,71.51140729595313],[-115.12717517520088,71.50435729722322],[-115.17069097066452,71.49532469579984],[-115.24373198734564,71.48888170357448],[-115.3104422955824,71.47672191421603],[-115.35128423483691,71.4740167028172],[-115.3281659734264,71.46405690444784],[-115.33666507826307,71.45688739400735],[-115.42039846606973,71.46007669550687],[-115.41409554356517,71.47106670336022],[-115.47439868337786,71.48298561183725],[-115.54130571067034,71.4828960907358],[-115.58232731501269,71.48606670687774],[-115.56797672326678,71.49567439497993],[-115.57820560311845,71.5089657859193],[-115.64910504338742,71.50000000353253],[-115.68020810990336,71.49318620368038],[-115.71136551255206,71.49124951027852],[-115.74496053262027,71.49583579383561],[-115.73918605560148,71.5073471944803],[-115.78160212573519,71.50000005793262],[-115.78358930484448,71.49284281272958],[-115.82128393327918,71.48820969670774],[-115.9089429925255,71.47377181166156],[-115.95304916698781,71.47088999787026],[-116.00551659053743,71.45607131249916],[-116.01570364071291,71.4506096992085],[-116.04840716516829,71.4472392048199],[-116.0791483482476,71.44763390330681],[-116.13303302916815,71.44260379155764],[-116.20370680285677,71.43264011359176],[-116.19920279947648,71.4283266009417],[-116.13527623531672,71.43366110242972],[-116.10970369339972,71.43156579278846],[-116.0892007014868,71.42351289171393],[-116.04305501690216,71.416603185654],[-115.97886571895067,71.41095020663168],[-115.95263548252511,71.40378749575042],[-115.925818911138,71.40638160899694],[-115.92777530073694,71.39297760211225],[-115.90991999051369,71.39258928998544],[-115.85483141533537,71.3979507850947],[-115.80749730673766,71.40060570391431],[-115.76978386982586,71.40001180036337],[-115.69821697446844,71.39433479946099],[-115.69909533033366,71.3799428000648],[-115.73672202162527,71.37088928798946],[-115.79554980731791,71.37400620149974],[-115.80827553259032,71.3714164899081],[-115.87038058308302,71.36813439475054],[-115.93022871769199,71.3684964040217],[-115.97782868590323,71.36557930031154],[-116.01780219043071,71.35868919911226],[-116.07086090691504,71.36103059725582],[-116.1412112910211,71.35251030251831],[-116.15964950177529,71.35440059283448],[-116.16618836209133,71.36404529678734],[-116.13125003018986,71.36511030306815],[-116.08200333030025,71.37130139303288],[-116.09751383575961,71.3772529962528],[-116.12717988931183,71.3793276107203],[-116.19746697346355,71.37321450500501],[-116.20616627384761,71.36928349606154],[-116.23952177991423,71.3701276155153],[-116.3180086755592,71.358521312674],[-116.41434628695058,71.34700179976575],[-116.48700646628681,71.33519270356648],[-116.53237880716114,71.33464969848687],[-116.56962380331699,71.3293374929003],[-116.61243579618926,71.31395388876983],[-116.630151982681,71.31489161203855],[-116.71985319967568,71.30576180193101],[-116.75052003297954,71.3000443958261],[-116.8173101879726,71.2807887891193],[-116.81208684392193,71.27469969964869],[-116.82825266462308,71.25356660601702],[-116.91461268662272,71.24625871035629],[-116.93223450367186,71.24207991211011],[-116.9830006362717,71.23873810360628],[-117.00535807261765,71.24783189653664],[-117.05105058923185,71.2455099923806],[-117.17198985264889,71.22942509644717],[-117.20233688661258,71.2228165961656],[-117.19314556399566,71.21677080095802],[-117.19392656444283,71.20276430381038],[-117.22131868217107,71.20903490690529],[-117.23206601793807,71.21824499648503],[-117.29318811291961,71.21497019352945],[-117.35281076327384,71.20792499917633],[-117.35874444182433,71.20405899894926],[-117.41135629606826,71.19591369988014],[-117.42513617928678,71.20071809157847],[-117.49686762610315,71.19353940505123],[-117.50784689022288,71.18764620641741],[-117.56082982416443,71.18312050591238],[-117.67365259986184,71.17727420646678],[-117.68044179319092,71.17472560192506],[-117.74419160299061,71.17341769227862],[-117.8114413198987,71.16795249125302],[-117.84741752394594,71.15210089741107],[-117.91884492062468,71.14647149803956],[-117.96700963351654,71.13195819475578],[-117.99897500085504,71.12947018837404],[-118.02265110916986,71.12116621031487],[-118.05451622831683,71.1159907966817],[-118.08914248755364,71.10145130760661],[-118.11636470701576,71.09353410223098],[-118.18328329021743,71.08001419785437],[-118.19314767850811,71.0740208155077],[-118.2313568793484,71.06156269391796],[-118.29446371964356,71.04776760591437],[-118.3264459848193,71.04638180687964],[-118.374682497677,71.0241707865919],[-118.38392212195028,71.00647649873468],[-118.41072281001036,70.99935598534624],[-118.41741598829772,70.97839420029014],[-118.38430011064571,70.96975519525587],[-118.36262318982169,70.95942169070123],[-118.36001723509531,70.94080350821613],[-118.30890889944868,70.92180219903139],[-118.29066770018267,70.90611489019967],[-118.26704986565086,70.89329500521187],[-118.24722309815363,70.87758271194586],[-118.17543765605899,70.84494219275886],[-118.11565867481815,70.82522531061647],[-118.04563368239377,70.80025310245198],[-117.98680550153887,70.78865999650664],[-117.94099121771403,70.77748810599792],[-117.89438282488906,70.83591010660459],[-117.56907593520823,70.80063878885284],[-117.66721269002605,70.63695005182421]]],[[[-110.45256485088014,77.47346219907875],[-110.48533721078162,77.46911159817579],[-110.46901478911754,77.46199310676174],[-110.4295165796015,77.46552610984304],[-110.45256485088014,77.47346219907875]]],[[[-128.98959430897278,69.73890188446425],[-129.00571168511308,69.73537028807495],[-128.99467281719876,69.72317979234931],[-128.97394997683065,69.73414549981823],[-128.98959430897278,69.73890188446425]]],[[[-111.23673056533565,78.39381410425473],[-111.29060135909934,78.38818029625811],[-111.228289124258,78.38241058950882],[-111.23673056533565,78.39381410425473]]],[[[-132.94360867062846,68.87792839578792],[-132.9244578018031,68.8623026134694],[-132.9146626187328,68.86731829185996],[-132.9247782963039,68.87819488473387],[-132.94360867062846,68.87792839578792]]],[[[-114.01558873862035,75.40866868995343],[-113.99802810127181,75.4214296034528],[-114.02772429173562,75.42465439622158],[-114.02986421329108,75.40939319313779],[-114.01558873862035,75.40866868995343]]],[[[-133.0848892002587,68.83651049979652],[-133.10037770303518,68.83127320563875],[-133.086729995025,68.82518938501514],[-133.05934030113713,68.82624251346229],[-133.0848892002587,68.83651049979652]]],[[[-115.54065659689866,70.53213050070583],[-115.55125252910588,70.52286889507641],[-115.50695174074447,70.52228249820412],[-115.54065659689866,70.53213050070583]]],[[[-114.02320693530372,76.33325059309527],[-114.05985546667121,76.32900520363363],[-114.03598304464748,76.32086789854519],[-114.0114255278023,76.32693049732221],[-114.02320693530372,76.33325059309527]]],[[[-117.31091700614697,77.45391011240658],[-117.30407057774724,77.44575991229702],[-117.27521440130144,77.4387128944929],[-117.24685707894724,77.4455007095157],[-117.27363426163824,77.45206849699285],[-117.31091700614697,77.45391011240658]]],[[[-112.77294902742297,70.24925709479554],[-112.7282738711024,70.23625350912829],[-112.712277110704,70.23838499644013],[-112.73692925392804,70.24982279171486],[-112.77294902742297,70.24925709479554]]],[[[-116.25354256669185,71.43191619949579],[-116.25179687211651,71.42466849816007],[-116.2179708954577,71.42876680594122],[-116.2244628356392,71.43431570510951],[-116.25354256669185,71.43191619949579]]],[[[-111.68847777347317,72.36124081378415],[-111.71407217229337,72.36387780591107],[-111.74663349872657,72.35035229511888],[-111.73184220908952,72.34852269064768],[-111.68847777347317,72.36124081378415]]],[[[-124.64134941930489,70.08452710904842],[-124.64759861957833,70.07302921012251],[-124.60728352574935,70.07488848859316],[-124.60760171137623,70.0802461071562],[-124.64134941930489,70.08452710904842]]],[[[-135.56385739441257,68.82984071574208],[-135.56260224297586,68.81650380262353],[-135.53849861610038,68.8196000100406],[-135.54116356171193,68.82838180416357],[-135.56385739441257,68.82984071574208]]],[[[-116.34590079417448,70.5235847973466],[-116.2989167412589,70.51744290674417],[-116.26396299567828,70.5243669047064],[-116.30096507047217,70.52879800581567],[-116.30960747479892,70.52232849928309],[-116.34590079417448,70.5235847973466]]],[[[-116.31576801178566,70.63412398880057],[-116.34789479006406,70.62783049430757],[-116.33253291044342,70.61892070095763],[-116.30276391196942,70.6288491861089],[-116.31576801178566,70.63412398880057]]],[[[-113.46592929257153,78.26199419400388],[-113.5033675070838,78.2527390889591],[-113.47469472764969,78.24291820752468],[-113.43557502285881,78.24700521001607],[-113.46592929257153,78.26199419400388]]],[[[-134.6993652308997,69.52779370343654],[-134.70892970893388,69.51875679038103],[-134.68201660875516,69.51589089580727],[-134.66277778608128,69.52072739192072],[-134.6993652308997,69.52779370343654]]],[[[-115.70327710149573,70.56792870603829],[-115.72988849256583,70.56689459044442],[-115.75149200777912,70.55757799531668],[-115.71542476334781,70.55722779072411],[-115.70327710149573,70.56792870603829]]],[[[-116.0000000210563,75.5959139908525],[-116.01829661917999,75.58680959422205],[-115.9483108615587,75.59043909101015],[-115.95506353713043,75.59638799413352],[-116.0000000210563,75.5959139908525]]],[[[-135.72625099313282,68.76616261784017],[-135.71197269954047,68.75796230608992],[-135.66925283593525,68.75100560356903],[-135.6556364038615,68.75582580516101],[-135.68190336449177,68.76125160190469],[-135.72625099313282,68.76616261784017]]],[[[-114.20385441040204,72.63259069740063],[-114.21714902071312,72.62262019914237],[-114.19682228195896,72.61813250808781],[-114.17029523237042,72.62496009852684],[-114.17303400024893,72.63202169311178],[-114.20385441040204,72.63259069740063]]],[[[-111.11174928286314,72.61186780266621],[-111.09758018130485,72.61521860680122],[-111.06569644274478,72.63142300547854],[-111.08023891855876,72.63542278733138],[-111.10945218766125,72.62466759024036],[-111.11174928286314,72.61186780266621]]],[[[-135.13566197799744,69.45001379559731],[-135.14065521205538,69.4611830863684],[-135.1632738340358,69.46357639576689],[-135.17715728797026,69.45809420223057],[-135.17130721343008,69.45065480891196],[-135.13566197799744,69.45001379559731]]],[[[-130.72506177855516,69.43397490284596],[-130.7512172700851,69.43848849663436],[-130.76223573524203,69.42665780130916],[-130.754794681604,69.41901420177335],[-130.72913410228853,69.42371879096106],[-130.72506177855516,69.43397490284596]]],[[[-135.79745318514804,68.97978551407677],[-135.81980061570664,68.97479219934624],[-135.78523692941073,68.96365149715508],[-135.78217610450574,68.97289978629449],[-135.79745318514804,68.97978551407677]]],[[[-116.07337972144963,70.57155018344157],[-116.09385777116792,70.5633076995197],[-116.07053322235978,70.56049301128486],[-116.03435167359808,70.56508009386823],[-116.04351911947315,70.57210179368448],[-116.07337972144963,70.57155018344157]]],[[[-135.99546659607157,68.94188731754812],[-136.01008605735262,68.95206879127053],[-136.02529605151693,68.94811758996865],[-135.9730489082608,68.92897531281395],[-135.9548243181219,68.93181320516943],[-135.99546659607157,68.94188731754812]]],[[[-132.22378221552876,69.2505610091292],[-132.23602671400565,69.25176029908516],[-132.25477265610053,69.23595789827831],[-132.22650390413824,69.23486239716449],[-132.2015080920772,69.24901019739097],[-132.22378221552876,69.2505610091292]]],[[[-124.56614700615047,74.10212418674382],[-124.59282627635251,74.09411490041829],[-124.59622202186156,74.08475290528638],[-124.5837342770407,74.07841221243139],[-124.54407347817654,74.08698899856985],[-124.57693846483795,74.09916700160625],[-124.56614700615047,74.10212418674382]]],[[[-111.77077019473082,75.07262051000697],[-111.76196316736838,75.08820589585562],[-111.79654828002893,75.09091731410288],[-111.8074148506632,75.07572870848718],[-111.77077019473082,75.07262051000697]]],[[[-115.41304490730006,71.4826979999735],[-115.39401510576965,71.4725991900537],[-115.36740252096692,71.48053358686944],[-115.36774700936948,71.48659870996762],[-115.41304490730006,71.4826979999735]]],[[[-135.1921245888024,69.46988859815825],[-135.2078614034144,69.4644061029473],[-135.1972852925696,69.45012480852844],[-135.1764483196678,69.45455779867046],[-135.1621027989499,69.46758358581906],[-135.1921245888024,69.46988859815825]]],[[[-135.38839158777517,69.41051301451908],[-135.40411760645807,69.40565579388634],[-135.38026498939328,69.3909966987466],[-135.36358740230307,69.39026929851241],[-135.36987308825005,69.40478310377104],[-135.38839158777517,69.41051301451908]]],[[[-125.36772917742496,72.43541079563072],[-125.41084571476152,72.42796828969627],[-125.42791931126187,72.42074459451838],[-125.42535149447687,72.4138281150535],[-125.39266802428529,72.41454299944046],[-125.38007063730454,72.42104210679078],[-125.38761015111139,72.42784789677238],[-125.36772917742496,72.43541079563072]]],[[[-116.2922758961465,75.1898597019473],[-116.32846620623208,75.18449221043683],[-116.3199790847192,75.17273399752229],[-116.29491930937296,75.17394281247414],[-116.26110979955506,75.18614959495768],[-116.2922758961465,75.1898597019473]]],[[[-135.89361920256587,69.02705069009193],[-135.91937650469868,69.04098780793139],[-135.9562965282712,69.04322320660724],[-135.96236489230162,69.03938048747149],[-135.9013120895818,69.02453691235692],[-135.89361920256587,69.02705069009193]]],[[[-135.66466463045816,69.1255621974935],[-135.67248022760964,69.1210673973846],[-135.6101024757573,69.10831650054868],[-135.59722110875038,69.11232400087113],[-135.6201130952451,69.1199134917013],[-135.66466463045816,69.1255621974935]]],[[[-116.21729872402902,70.53521159201759],[-116.27368200143866,70.51872820029655],[-116.23406801053777,70.51722170183332],[-116.21922243176584,70.52463630916974],[-116.21729872402902,70.53521159201759]]],[[[-136.06309143955545,68.86451149611625],[-136.08199485463643,68.84929579167427],[-136.0655613402101,68.84680990030083],[-136.02647708083796,68.84955778952413],[-136.03629115058226,68.86053559393194],[-136.06309143955545,68.86451149611625]]],[[[-135.3088107871908,69.3782590070047],[-135.29650948949936,69.38520300859672],[-135.30060334221074,69.39183200007582],[-135.34696019009635,69.39427120058392],[-135.34326622005352,69.3872044943235],[-135.32219369342545,69.37794551056503],[-135.3088107871908,69.3782590070047]]],[[[-116.10734881249137,70.52813658907955],[-116.08686768335717,70.52186329094617],[-116.05908109840423,70.51904990287034],[-116.04775838125921,70.52733161200972],[-116.0843438374663,70.53053649708308],[-116.10734881249137,70.52813658907955]]],[[[-130.8579156218129,69.33678331008124],[-130.89531749887595,69.32849100539326],[-130.87387840739808,69.3120040033048],[-130.854355000515,69.31621600025515],[-130.86728418290093,69.32902579815547],[-130.8579156218129,69.33678331008124]]],[[[-132.91259999598412,68.89678681628966],[-132.93698960215173,68.8836816845337],[-132.8945813084089,68.87983609282051],[-132.89458882651462,68.88874100686058],[-132.91259999598412,68.89678681628966]]],[[[-112.60447279070888,70.53654949482902],[-112.61259872968898,70.52605868835722],[-112.57251017821991,70.52259889499244],[-112.55331582251686,70.53197449482606],[-112.60447279070888,70.53654949482902]]],[[[-124.90765569906799,74.32707090803981],[-124.8924637923884,74.31563880715927],[-124.91920840450497,74.3072988924104],[-124.87251031187651,74.30502488572971],[-124.8786665312817,74.31536559494876],[-124.87104176798725,74.32828959639716],[-124.90765569906799,74.32707090803981]]],[[[-131.35199640494676,69.51133519522847],[-131.35034103204973,69.502230601465],[-131.30428419336351,69.4962128904192],[-131.29779990873965,69.51008729873635],[-131.32236654701362,69.51376100019202],[-131.35199640494676,69.51133519522847]]],[[[-125.16807531524707,72.56980208909258],[-125.19587783386221,72.5627586955521],[-125.20226855154255,72.55146209645766],[-125.1707020972758,72.54141761325728],[-125.14502723444109,72.54792879945127],[-125.16802979421935,72.55355560904722],[-125.18280303191362,72.56664179610443],[-125.16807531524707,72.56980208909258]]],[[[-132.96342912676067,68.92466720486559],[-132.9777993825614,68.9132959921751],[-132.96337216890552,68.89866670451335],[-132.94257800885742,68.90479180556852],[-132.93849741728334,68.91955659577447],[-132.96342912676067,68.92466720486559]]],[[[-135.4360137990186,69.47103321263268],[-135.44013142747377,69.45672889433494],[-135.4208150060549,69.45339441038966],[-135.40271001876567,69.458700601163],[-135.40607183747593,69.47161179777895],[-135.4360137990186,69.47103321263268]]],[[[-116.04040781073775,71.39952759413063],[-116.04463343171375,71.3897706076487],[-116.01957898904816,71.38698389060008],[-115.98307888014436,71.38912861306403],[-115.94550026429123,71.39434719448529],[-115.98873570947462,71.39873101070856],[-115.99828504108608,71.39583620420228],[-116.04040781073775,71.39952759413063]]],[[[-135.74266811561833,68.89074530864946],[-135.78785988206914,68.89682910924435],[-135.79893212576232,68.8933323086133],[-135.74989887515125,68.87959490856318],[-135.71607309019487,68.88551198824531],[-135.74266811561833,68.89074530864946]]],[[[-135.31399888042435,69.44168850872842],[-135.3312533895277,69.44298931552362],[-135.35526538574476,69.42794430555992],[-135.3487592012676,69.42363868870673],[-135.31962050108362,69.42654770260422],[-135.2905471217941,69.43715470962664],[-135.31399888042435,69.44168850872842]]],[[[-132.42298458867546,69.25344360023026],[-132.44017473238762,69.24538960601686],[-132.42461378936716,69.24083560088305],[-132.40577819573716,69.212836300777],[-132.39148489537544,69.22217500662629],[-132.41088720582945,69.23526079011165],[-132.4045464964593,69.24229559749546],[-132.42298458867546,69.25344360023026]]],[[[-119.14527046017653,71.56777170130647],[-119.16527776189677,71.57347199525181],[-119.17653846747807,71.56206549991369],[-119.16042378750873,71.54906869228476],[-119.13287702621685,71.55378199938467],[-119.14527046017653,71.56777170130647]]],[[[-111.85103514062561,70.34134889901031],[-111.80478511376036,70.32925978746727],[-111.75703992830668,70.32295349286785],[-111.7629894250282,70.33056020823203],[-111.7923724407409,70.33361760151536],[-111.79276460132454,70.34301531341671],[-111.81779612691365,70.34488619657229],[-111.85103514062561,70.34134889901031]]],[[[-113.7482746626976,78.32458440015631],[-113.72482726915541,78.31349249622406],[-113.68890265207544,78.32213809808898],[-113.6454920358853,78.31275859051436],[-113.609358033709,78.31555980964495],[-113.64121395466756,78.32818230334678],[-113.68738972847285,78.32394779051624],[-113.7482746626976,78.32458440015631]]],[[[-129.7760738211178,70.25137279205329],[-129.7908906938011,70.24647140308059],[-129.8028137951075,70.23113221300714],[-129.82846637636604,70.22745409683084],[-129.84196929747554,70.21415719056222],[-129.82031409318864,70.21423830599504],[-129.78000278223496,70.2320782087275],[-129.78383846641762,70.2471489990553],[-129.7760738211178,70.25137279205329]]],[[[-134.76607618418828,69.48562349365668],[-134.73504036569884,69.47890290632408],[-134.67880621461714,69.4746010071347],[-134.65918538601397,69.48085800335174],[-134.6780272966167,69.4852999870583],[-134.71746241940528,69.48199759376075],[-134.76607618418828,69.48562349365668]]],[[[-135.46607300000753,69.45541450761759],[-135.45366179955417,69.44326490242432],[-135.47485751854802,69.42851360208405],[-135.44280430043807,69.42987911706868],[-135.4459269098481,69.44671331225719],[-135.4148880805736,69.44469238884231],[-135.42514199624267,69.45374901483858],[-135.45284012425765,69.45817139272185],[-135.46607300000753,69.45541450761759]]],[[[-113.9741811444291,78.30775069703033],[-113.99917740826085,78.29945181085681],[-113.97098276062994,78.29312450320568],[-113.88243684332018,78.28705710332848],[-113.87547341778792,78.2943745009383],[-113.93778648118948,78.30590908823042],[-113.9741811444291,78.30775069703033]]],[[[-124.69428601907305,74.27592929921542],[-124.70817871866369,74.26525610905863],[-124.6555306262206,74.25482850173734],[-124.63259199721035,74.25479069569043],[-124.59881022681326,74.26375629017234],[-124.66226038907632,74.2638487060049],[-124.69428601907305,74.27592929921542]]],[[[-134.40461919737743,69.7768812143763],[-134.4017716589445,69.76610290128721],[-134.37446578622553,69.75910188899253],[-134.37138330404258,69.77087608757869],[-134.360100630468,69.7773050051215],[-134.40461919737743,69.7768812143763]]],[[[-124.85987241673237,69.97177761043075],[-124.87425496997982,69.96877069257272],[-124.85601137477752,69.95762020290107],[-124.85590312262616,69.94756409853578],[-124.82101141138195,69.9539101014917],[-124.81297818527457,69.95958368983328],[-124.85987241673237,69.97177761043075]]],[[[-111.83022670602344,72.35498418874498],[-111.88643326649604,72.34965539472282],[-111.92226452540761,72.33921178738174],[-111.90865804748299,72.32828660510651],[-111.86743498115662,72.34147549756688],[-111.85381839741696,72.34181139303922],[-111.83022670602344,72.35498418874498]]],[[[-116.75664600170207,70.54569469630871],[-116.7944583086648,70.53696060973863],[-116.74794860494102,70.53059130273952],[-116.71786468268637,70.53162510144054],[-116.70118635789284,70.54211980061201],[-116.7202847257125,70.54750030432521],[-116.75664600170207,70.54569469630871]]],[[[-115.85565894810445,77.75000000437124],[-115.83500483333786,77.73572189674977],[-115.76693233341277,77.72140109237256],[-115.73625672970708,77.7102868940055],[-115.71526789064222,77.7164284950435],[-115.78840626792098,77.73512721501974],[-115.85565894810445,77.75000000437124]]],[[[-117.29466967214107,70.56773290555793],[-117.32574439254492,70.56174641158621],[-117.31674948557131,70.54648010397598],[-117.28536593670131,70.54234499707589],[-117.26683388025852,70.55043899595078],[-117.29466967214107,70.56773290555793]]],[[[-116.07945996540168,77.64128429075569],[-116.06248202794552,77.63252289754175],[-115.94557211215711,77.61835940113701],[-115.94855793975972,77.62873150725075],[-116.0379497864632,77.6389517054788],[-116.07945996540168,77.64128429075569]]],[[[-131.95782997281125,69.43702689460584],[-131.98945888079055,69.42701030715217],[-132.00724158090688,69.41246179545598],[-132.03260140673896,69.4040194902284],[-132.0885701368916,69.4005601009501],[-132.07667832508562,69.39195139081555],[-132.04427742083612,69.39270250701226],[-132.03510822142368,69.40018660303203],[-132.0046536847856,69.40863089205546],[-131.99763228090134,69.41583169597968],[-131.96212420692933,69.42881019822195],[-131.95782997281125,69.43702689460584]]],[[[-111.94638062679682,75.83478119211854],[-112.0000000008541,75.84208600181958],[-112.02419985279275,75.84233580655831],[-112.06379865542075,75.834365402065],[-112.06696080851874,75.82378489355666],[-111.94638062679682,75.83478119211854]]],[[[-133.45753281295333,68.82128410864586],[-133.48620739917615,68.82334900327704],[-133.49169149236096,68.81613890568894],[-133.45712670112763,68.81059780341913],[-133.45115986703453,68.8021866953865],[-133.42932048721565,68.80193239930175],[-133.40445599718106,68.80713301206198],[-133.41068772958744,68.81582269768585],[-133.44298040646143,68.81655198552943],[-133.45753281295333,68.82128410864586]]],[[[-131.40700914752932,69.55127820125914],[-131.40726717928487,69.54713589962518],[-131.38029734607903,69.53476450479837],[-131.37130448839193,69.51764519431222],[-131.3458349667956,69.5207775007562],[-131.3032340030623,69.52036170515548],[-131.31269637661026,69.53310090908813],[-131.36526309053812,69.53123259355952],[-131.40700914752932,69.55127820125914]]],[[[-113.29966480313142,77.66746570589538],[-113.3329645744757,77.66255719765974],[-113.31718900566719,77.64379129663705],[-113.23289673312689,77.64473111051682],[-113.23896134989285,77.65257178983376],[-113.26844255941418,77.66346529387366],[-113.29966480313142,77.66746570589538]]],[[[-134.2365950009174,69.68711251139594],[-134.26860238074738,69.6753271018493],[-134.2526111136616,69.66698458642668],[-134.21317029603563,69.67488128686406],[-134.2365950009174,69.68711251139594]]],[[[-131.17461261541567,69.88658650923412],[-131.19524997701942,69.87951139256194],[-131.16208843125435,69.86905990755317],[-131.1291248012255,69.86645509603231],[-131.13323572003594,69.88438599149168],[-131.15452922492844,69.88851379633596],[-131.17461261541567,69.88658650923412]]],[[[-115.3319810360397,70.59656209863158],[-115.36181369617506,70.58019490098744],[-115.36289948434433,70.57045720735366],[-115.33304953489274,70.5723848021394],[-115.30712839279359,70.58379939778776],[-115.31970137134934,70.59623949342513],[-115.3319810360397,70.59656209863158]]],[[[-111.10877016625663,72.71159769795919],[-111.14798817519362,72.70249151539447],[-111.17817419783206,72.69102699879116],[-111.18260547291649,72.68227809514526],[-111.1668546855416,72.6708654894158],[-111.14709711959965,72.68336490496193],[-111.11208398771679,72.68953800889872],[-111.10877016625663,72.71159769795919]]],[[[-111.44805161373515,72.4506671924667],[-111.46236557684361,72.44659399657354],[-111.49548104100374,72.42821380757299],[-111.50463750923396,72.41765618889973],[-111.48339850635637,72.41433911100097],[-111.45454872065339,72.41906899217821],[-111.46765346462601,72.42717120738331],[-111.44301674575149,72.43963240876468],[-111.44805161373515,72.4506671924667]]],[[[-115.48335480684501,70.58571690407936],[-115.52770680562517,70.57658519984369],[-115.491855180579,70.56903941532681],[-115.43493442211053,70.57298290215873],[-115.41632748255475,70.58227280936738],[-115.48335480684501,70.58571690407936]]],[[[-115.6138940131896,70.56395589844642],[-115.62961587135999,70.5634753914889],[-115.668624862839,70.55497430133785],[-115.68360447531731,70.54413259783001],[-115.6740200985188,70.53712588939948],[-115.56979856965233,70.53792310221291],[-115.56129862135823,70.54608928679643],[-115.59520548225159,70.54587471637149],[-115.61230971981576,70.54931859399638],[-115.63548126992691,70.54340900737915],[-115.65974711376299,70.55183218824506],[-115.607676890292,70.5564062037526],[-115.6138940131896,70.56395589844642]]],[[[-134.4164252818337,69.72484770699721],[-134.4510603737838,69.72251290180239],[-134.4920126840092,69.71188279252135],[-134.47365412022955,69.70240129528823],[-134.41771400135192,69.70714451545372],[-134.40619749299105,69.7132507161822],[-134.4164252818337,69.72484770699721]]],[[[-135.25435891306014,69.46703999890191],[-135.27319032677684,69.45773540192046],[-135.3068122084246,69.44726878540642],[-135.2697481841202,69.44471409635307],[-135.2189529019754,69.45406689908482],[-135.2166404840063,69.4688470983956],[-135.25435891306014,69.46703999890191]]],[[[-132.48660666930002,69.74030939673187],[-132.43242187560838,69.7374737990826],[-132.4280603176246,69.72915789181458],[-132.39541761107247,69.73807619843033],[-132.36152572017156,69.74284919136633],[-132.35939461820047,69.7482815980413],[-132.32131270300917,69.74999998799687],[-132.28641556637731,69.76010389580499],[-132.43193009482684,69.74368260023131],[-132.48660666930002,69.74030939673187]]],[[[-133.67426721785736,69.37525151027863],[-133.6999824340194,69.36616670524077],[-133.71250141065715,69.3548526129468],[-133.70824688123759,69.3413430108604],[-133.67322132237794,69.34520830501754],[-133.67106390714264,69.35937928961938],[-133.63969264957842,69.37601339852945],[-133.65686507765605,69.37913830694728],[-133.67426721785736,69.37525151027863]]],[[[-123.92931438719587,69.71085339207288],[-123.94450922951472,69.70538500077964],[-123.96643837514162,69.70498809988045],[-123.99600751828017,69.69319379711528],[-123.97846661432003,69.68320710176116],[-123.91512112326777,69.69082158752722],[-123.92931438719587,69.71085339207288]]],[[[-135.57660973493068,69.39300579437023],[-135.58582240578835,69.3806730124867],[-135.55206468013216,69.37018239239922],[-135.53356649539563,69.37110578979703],[-135.5264958037351,69.38295119990084],[-135.49987230585643,69.39140271520999],[-135.5172426593384,69.39564920018375],[-135.56200591193314,69.39572949520783],[-135.57660973493068,69.39300579437023]]],[[[-110.3161428397347,72.6551920072215],[-110.34216408165086,72.65295500747088],[-110.34735231603722,72.64162779143689],[-110.32468586424115,72.63567469625868],[-110.27810541053574,72.6302864878453],[-110.24409339694448,72.64114789849378],[-110.28265999728382,72.65180329640616],[-110.3161428397347,72.6551920072215]]],[[[-116.7568558301799,70.51366018979171],[-116.77380458732463,70.50214669081193],[-116.79335592501998,70.49612190067721],[-116.75368600120511,70.49154240065198],[-116.70665955790737,70.49003329590745],[-116.68679919119137,70.49811100923384],[-116.691185014662,70.50946299426056],[-116.73510442269288,70.51448920617302],[-116.7568558301799,70.51366018979171]]],[[[-125.09381182327928,70.18105010629638],[-125.11659949549916,70.17217329217112],[-125.09654398535802,70.16529121037172],[-125.07102199847931,70.16980799573264],[-125.05610041833434,70.17666178961744],[-125.03197957330627,70.16592870953662],[-124.99101283874147,70.17242730689304],[-125.00503242773222,70.18594379789324],[-125.03830679216826,70.18674580927318],[-125.09381182327928,70.18105010629638]]],[[[-131.06230552609094,69.56703129985262],[-131.0822784004942,69.5654127019778],[-131.09268618028077,69.55630610902968],[-131.08478796887428,69.54647500419495],[-131.06440443066862,69.54549390390088],[-131.0510191367103,69.53808710124451],[-131.02472585949815,69.53202719962695],[-131.00886571924747,69.54891509066228],[-131.03296250475017,69.55935230471547],[-131.06230552609094,69.56703129985262]]],[[[-111.78234653770691,70.29194120518689],[-111.77276782420445,70.28550329750965],[-111.72691278900648,70.28676400246054],[-111.6990700222297,70.28383909098783],[-111.65356493291124,70.28747630573739],[-111.62962570579096,70.29222769514675],[-111.59256468325526,70.2953703967129],[-111.60786409653913,70.30308550278366],[-111.62314063868806,70.29702750122871],[-111.65606749329031,70.2992191911654],[-111.78234653770691,70.29194120518689]]],[[[-131.48724900374228,69.39174770972348],[-131.49706651488873,69.38469988720016],[-131.4942431988574,69.37064180214868],[-131.48272017812147,69.3573615944975],[-131.4815337334046,69.3474484935894],[-131.4612043255731,69.34013599434441],[-131.44017261500161,69.34736048452157],[-131.43803880306805,69.36523498714222],[-131.46529982535458,69.37483319660485],[-131.46130241168052,69.38258149102938],[-131.48724900374228,69.39174770972348]]],[[[-132.0954072271396,69.29154899372672],[-132.1208726994998,69.28999160830828],[-132.1378760934891,69.27559678966176],[-132.17051580202812,69.25369850165991],[-132.12898119491354,69.246531885218],[-132.11437323150398,69.25291020613892],[-132.11483567582232,69.26587870207125],[-132.09986834361018,69.27687040234312],[-132.0954072271396,69.29154899372672]]],[[[-134.96395309474568,69.68561929077755],[-134.9587218207588,69.67351899872186],[-134.93431978044708,69.67433379789122],[-134.8900244054294,69.68197631168734],[-134.8632529841881,69.67983049199134],[-134.8466771159843,69.68423899119018],[-134.84171200288304,69.69631168389314],[-134.89687731311844,69.6963774050083],[-134.92200218499244,69.69445970615095],[-134.96395309474568,69.68561929077755]]],[[[-110.4662408350316,72.62266670104282],[-110.44684971955076,72.60941629902368],[-110.39756261142081,72.60066288705504],[-110.35087839203561,72.59699550474025],[-110.3153057991795,72.60806700468119],[-110.34423999247434,72.6111314990331],[-110.37247903654993,72.62299139408185],[-110.40767921189324,72.62285041228657],[-110.40793441985991,72.61683920944975],[-110.4662408350316,72.62266670104282]]],[[[-135.5165677126283,69.45055650409995],[-135.53440218336104,69.44292940916284],[-135.54263801113353,69.43238928964979],[-135.5196706089077,69.42062589540447],[-135.50189921973137,69.42070431108623],[-135.47218371936404,69.43021560515751],[-135.4551041188303,69.44343990506822],[-135.45655940413852,69.44844101213519],[-135.48249331522604,69.45847918762007],[-135.5165677126283,69.45055650409995]]],[[[-134.15557549012624,69.59940659815479],[-134.17916689792645,69.59274801577583],[-134.08146599196462,69.5840410100479],[-134.04862119985364,69.58240809920771],[-134.02639120847724,69.59363890952905],[-134.03117562617334,69.60408049366856],[-134.04917489514284,69.60798870791561],[-134.06762800832456,69.60041089542734],[-134.10798406939637,69.60187590217079],[-134.15557549012624,69.59940659815479]]],[[[-110.56512136267459,72.59657799614891],[-110.57204449084962,72.59164531237462],[-110.54718568429746,72.5774343936336],[-110.52387636856217,72.57116439248549],[-110.47629295988837,72.56641850170672],[-110.44080987376731,72.57400529396959],[-110.47605126493347,72.59258929878668],[-110.51486761558573,72.59794578670694],[-110.56512136267459,72.59657799614891]]],[[[-116.67635469534547,70.49978729303628],[-116.6782559968219,70.49195968680108],[-116.70673086562122,70.48738300330564],[-116.69077099363511,70.48042619403402],[-116.65554000549429,70.48266340901598],[-116.60006610069328,70.4765290923858],[-116.57475154254409,70.47986860310667],[-116.57563901347451,70.49536929298496],[-116.60696697831047,70.49568661399097],[-116.67635469534547,70.49978729303628]]],[[[-132.01374558265206,69.29388209788557],[-132.02619659932748,69.30901819147257],[-132.04714713392374,69.30361030563566],[-132.03479613815998,69.29228640431883],[-132.00915831705532,69.27668539701492],[-132.0227548750222,69.26410190107214],[-132.0467517362374,69.25712410206951],[-132.05454210254922,69.242500712609],[-132.0190445735213,69.23759340132412],[-131.9950802249442,69.25306080529727],[-131.97327390318927,69.259056112979],[-131.96721989987094,69.27670659466116],[-131.98956131762037,69.27600309222888],[-132.01116178249956,69.28052869359894],[-132.01374558265206,69.29388209788557]]],[[[-125.35861159536486,69.7507084991409],[-125.37576433682186,69.74533460354789],[-125.3691226968158,69.73842428554093],[-125.37251318280116,69.72433800558188],[-125.36248350356365,69.71765339448224],[-125.30495740841839,69.71554739389184],[-125.27435290609363,69.71812530749544],[-125.26597749817678,69.73195090027956],[-125.28341937766797,69.7370532024835],[-125.3296863931524,69.73486398691324],[-125.34029207746498,69.74823049353613],[-125.35861159536486,69.7507084991409]]],[[[-136.00245146080562,68.93382020593972],[-135.9865065719417,68.92198320080338],[-135.9486202360504,68.9107692965826],[-135.90629310351235,68.90161989649386],[-135.8480842946297,68.89320729416086],[-135.77618528239805,68.87915729812667],[-135.7942280765287,68.88981400408949],[-135.83135738035006,68.90276580890135],[-135.88438239559397,68.90992740773767],[-135.9113692889062,68.91178829648057],[-135.95337148946143,68.92338010640808],[-135.96766812356026,68.92384950521095],[-136.00245146080562,68.93382020593972]]],[[[-136.11787984741383,69.06152250232921],[-136.12629068446745,69.04818269904945],[-136.11126845736737,69.03076220979808],[-136.0914725050352,69.0234402052305],[-136.06234042240442,69.01842090550396],[-136.04500916274708,69.02276311023287],[-136.0450346417734,69.03296200196766],[-136.06521398075387,69.05575509405128],[-136.08391591096628,69.0598728043748],[-136.11787984741383,69.06152250232921]]],[[[-133.58059329390952,69.51914120004393],[-133.6086685170138,69.51622699380687],[-133.65076190345889,69.48238840194773],[-133.61319023804128,69.47768189937042],[-133.59297609880096,69.47926641189595],[-133.55754859343702,69.49058609896422],[-133.5436787914942,69.4991643900461],[-133.55067741934934,69.50844030601614],[-133.58059329390952,69.51914120004393]]],[[[-136.14506565101402,69.19943349936453],[-136.15808617614374,69.19080009352342],[-136.1253287858213,69.16925639916937],[-136.1020698878343,69.1612648974485],[-136.07036757003308,69.15444510523521],[-136.06502261761977,69.17769740412434],[-136.07896316253058,69.18981849140756],[-136.10089575451167,69.19916599860285],[-136.14506565101402,69.19943349936453]]],[[[-136.01692998868037,69.18282789961435],[-136.01586608353009,69.19187131391453],[-136.0277268555352,69.20303741640006],[-136.05865795124603,69.19854351719569],[-136.04284324481705,69.17922321194015],[-136.05541424980606,69.16484429012075],[-136.0456133676934,69.1526904977197],[-136.0294182690486,69.14291059052402],[-136.0064608304616,69.13731950446288],[-135.98879409598302,69.14919558989848],[-135.99227166028544,69.16721849707733],[-136.01692998868037,69.18282789961435]]],[[[-124.57871135547958,73.7007905015072],[-124.64533765740386,73.70938460046872],[-124.6632696760367,73.71531589940788],[-124.70855020973575,73.71701430258969],[-124.72114746556251,73.70868960889541],[-124.70538480700198,73.69981490572751],[-124.65913434737737,73.68892899719809],[-124.56680857428638,73.6753921029632],[-124.54548251011704,73.68537979902544],[-124.5167114758658,73.69229810120443],[-124.57871135547958,73.7007905015072]]],[[[-116.27088470865708,70.55877410831462],[-116.31990711121668,70.55888920956075],[-116.29574440340905,70.53357608877178],[-116.24813312829357,70.53800400260354],[-116.19197350742711,70.53841789895212],[-116.15012671752385,70.54532040804095],[-116.13891646634274,70.53891479880018],[-116.11534937513356,70.54030359122332],[-116.13935712618508,70.55305030206037],[-116.19019369378846,70.55771188955163],[-116.27088470865708,70.55877410831462]]],[[[-136.003075338752,68.95290289755508],[-135.998309297909,68.94488829838106],[-135.9547743163217,68.93295579485672],[-135.9462056766119,68.927251096255],[-135.9038015802873,68.9150052024879],[-135.8573522161135,68.91014679545223],[-135.80717957770167,68.89822050079785],[-135.7625477985264,68.89349490202396],[-135.8148341012303,68.9168766882153],[-135.9094334841548,68.9298029125911],[-135.9377941266352,68.93485549327765],[-135.95823058272222,68.94880960055352],[-135.97937999484083,68.95342510650774],[-136.003075338752,68.95290289755508]]],[[[-112.7235853273678,70.30298260352293],[-112.73969887622138,70.29168569315894],[-112.7217197549156,70.28110089300141],[-112.7172076931969,70.27139459847238],[-112.65350843090687,70.26778859385847],[-112.63573102158195,70.27025380437154],[-112.63123580678611,70.28278289545254],[-112.61742521782014,70.29303290893543],[-112.66136659132277,70.30137769281663],[-112.7235853273678,70.30298260352293]]],[[[-124.53363166480686,73.92974379911136],[-124.53546418950894,73.91725890318092],[-124.51105554833899,73.90313049508394],[-124.48113443363776,73.89175120066899],[-124.43604982110183,73.8831861865392],[-124.3993580758616,73.90118600808877],[-124.39578016970525,73.91248691057079],[-124.42698309652187,73.92099450028792],[-124.4495608107551,73.92129640629419],[-124.53363166480686,73.92974379911136]]],[[[-135.90056068680167,68.93912679463415],[-135.9021350781696,68.92980190337771],[-135.8518220913857,68.92451399004334],[-135.80162150797474,68.91612859059533],[-135.77976522175982,68.90439909980367],[-135.7508241838941,68.89650780416711],[-135.73998932428722,68.90237200131753],[-135.76121565763663,68.90837230189133],[-135.77655370849305,68.92930400875758],[-135.79346383680453,68.93723880412512],[-135.82567019581637,68.94044350164847],[-135.89329181397,68.94115438921851],[-135.90056068680167,68.93912679463415]]],[[[-136.25865486080846,69.13563219431843],[-136.25945698090317,69.12323189224519],[-136.2000648518112,69.09758080028826],[-136.16190970021162,69.08542290453525],[-136.1632508293602,69.08041889544317],[-136.1306200883855,69.07391960263759],[-136.10488777887107,69.0809867102392],[-136.1189061558513,69.0940335196265],[-136.11759405603226,69.10509662064871],[-136.14699495178724,69.11020531083305],[-136.1650353573623,69.10897759636308],[-136.2180924344064,69.12978469565095],[-136.25865486080846,69.13563219431843]]],[[[-132.91147340151844,68.95602000520284],[-132.95835878573644,68.96167719946573],[-132.94846359695364,68.95331030715533],[-132.93201207429735,68.9503090043153],[-132.9214165663871,68.94144669840415],[-132.96161429412035,68.94623329625918],[-132.93009579557605,68.92957251117154],[-132.92613968490141,68.91905708878556],[-132.90318495255124,68.92025349876513],[-132.8914239190537,68.93332100993103],[-132.8601212329614,68.92361150514378],[-132.8156481926077,68.9267092079534],[-132.81435678041717,68.93502090869232],[-132.83431639169896,68.94007681444597],[-132.8610113006709,68.95304058860877],[-132.8872349951531,68.95681671696511],[-132.91147340151844,68.95602000520284]]],[[[-132.5952688763875,68.85236890264487],[-132.62310237973588,68.84363259046879],[-132.6250118607114,68.83338800059646],[-132.6048800625808,68.81479619865853],[-132.58601708074264,68.81817589405114],[-132.56036429752444,68.81271300535899],[-132.5177963195116,68.82243689597955],[-132.53688748449423,68.83143598846553],[-132.50478270654102,68.83360250955839],[-132.47854055934823,68.83930079810878],[-132.48440018085734,68.84563450370774],[-132.53327138214823,68.85432818853491],[-132.5435349892685,68.85070340760765],[-132.58270261681758,68.85483610919826],[-132.5952688763875,68.85236890264487]]],[[[-125.10329318480002,70.15139329767298],[-125.15548812045043,70.13201840137017],[-125.13819301814418,70.12407370959365],[-125.13758283127805,70.11740239928142],[-125.11290612310493,70.10913521042569],[-125.06186038630398,70.11002598879439],[-125.08003508942122,70.1175598108608],[-125.1139047116475,70.11068609960165],[-125.12236848305446,70.11558358909899],[-125.10772873721439,70.1240861978805],[-125.10464210386749,70.13498400790178],[-125.05640737691651,70.13705610622658],[-125.0355062200242,70.12188880692132],[-125.00248389990277,70.12088429878429],[-124.99528321122172,70.1291929030058],[-125.0234651046806,70.13046339499381],[-124.99033890410944,70.1427741953779],[-124.97876912008887,70.15155790702092],[-125.0178904038958,70.15518080137569],[-125.04838504584554,70.15184040085312],[-125.07290031077525,70.15458208741178],[-125.10329318480002,70.15139329767298]]],[[[-135.33015241507928,69.51361571157311],[-135.36446298811424,69.51034938990608],[-135.3377636270663,69.50234199677907],[-135.31861361269827,69.48937390972476],[-135.33344580276287,69.48428088230114],[-135.35967547741564,69.48634649009311],[-135.37748220750785,69.49460949029549],[-135.39237983006623,69.48399230182419],[-135.3603794371427,69.48242710418882],[-135.34060039315602,69.46880148750634],[-135.3075117012849,69.46672611509408],[-135.27435624379447,69.47515790161228],[-135.22631581770347,69.47941500680243],[-135.2044375674711,69.48808360094797],[-135.21084953453897,69.49715120509778],[-135.2590618246898,69.49710039099655],[-135.27725568523496,69.5039072086005],[-135.31133499587492,69.49999999856314],[-135.29580448218175,69.51672259015272],[-135.33015241507928,69.51361571157311]]],[[[-121.02616741141827,76.76001969536347],[-121.00759028261116,76.74979130804756],[-121.03418907445104,76.7475770926488],[-121.03244491353392,76.73425638702467],[-121.06952981764493,76.73226229449789],[-121.16436768252755,76.7412201894231],[-121.18254739279851,76.73788250866023],[-121.12445060924674,76.7251130856449],[-121.0917938143787,76.72961969231282],[-121.00530275009065,76.72976120216497],[-120.98196121988816,76.7248772847272],[-120.93125185250183,76.72363870531721],[-120.85382810207396,76.73606188747321],[-120.87569612039711,76.74149990971668],[-120.8554203333541,76.75095478650702],[-120.88306906120077,76.76351069690062],[-120.95382911667983,76.75722630983607],[-121.00103051770198,76.75647448386019],[-121.02616741141827,76.76001969536347]]],[[[-113.3272830433662,77.13399959667689],[-113.38529537634642,77.12344851416431],[-113.43005172849576,77.10725970370055],[-113.47449204475551,77.10028050050661],[-113.43589466008773,77.0939974020301],[-113.38075757426074,77.09054810973119],[-113.2906735069958,77.09279161206051],[-113.25908409652644,77.09734149002733],[-113.24540918897445,77.1055605134981],[-113.2591960081901,77.12543799702225],[-113.27265968136275,77.13114110534146],[-113.3272830433662,77.13399959667689]]],[[[-135.51427845362076,69.38691569880483],[-135.53651310003298,69.36480321179306],[-135.52344309935447,69.35798621271498],[-135.50551478421394,69.35767219670461],[-135.4408010941116,69.34775669667718],[-135.41385450422035,69.34638681280795],[-135.40249658239918,69.36504789701445],[-135.38580619491924,69.37442890924645],[-135.392641918366,69.3810364881122],[-135.4415385626846,69.38167839533918],[-135.45843673472191,69.38563660574313],[-135.4581608132091,69.39525379249874],[-135.51427845362076,69.38691569880483]]],[[[-135.80368949877092,69.50317199446178],[-135.8259885301111,69.49233319818448],[-135.81735398183375,69.48757440307168],[-135.7809544470516,69.48335580053259],[-135.75678390409814,69.48403021054483],[-135.73764868498301,69.47890729031066],[-135.6911179898936,69.47345911533264],[-135.65975632077019,69.46728209744136],[-135.59843728890237,69.44433420752358],[-135.59719599127422,69.45202830984135],[-135.61320218688732,69.46539659825578],[-135.61264616505852,69.47792290370774],[-135.6481245922076,69.47668180471189],[-135.67635447951926,69.48865949056251],[-135.71593652751338,69.50152269964643],[-135.7578044847781,69.49932309162665],[-135.7665517695506,69.50691260462192],[-135.80368949877092,69.50317199446178]]],[[[-136.10224543144622,69.00349620979772],[-136.11346986922442,68.99865891344271],[-136.09843343925263,68.98541720693242],[-136.06996866146864,68.97184401337836],[-136.05059117272586,68.95478999437748],[-136.0343327626066,68.9458457982248],[-136.01819236169337,68.95365910873451],[-135.9665804168036,68.95504798833569],[-135.98019676778657,68.96127169894366],[-135.9903029334111,68.9818248971206],[-136.00867602912447,68.99858490527504],[-136.03153145259776,69.00906751363355],[-136.07257984676616,69.00312809341094],[-136.10224543144622,69.00349620979772]]],[[[-111.84720522780357,75.87516308792303],[-111.86385471472418,75.87410670704617],[-111.88270087991974,75.85846428992275],[-111.85959334548741,75.84973460238113],[-111.77781895750904,75.84742759888034],[-111.71055527095565,75.8538303925477],[-111.64849076672289,75.8560925925475],[-111.61189534489266,75.86960630639624],[-111.63308076893166,75.87513561215849],[-111.61936840688273,75.88647890249078],[-111.71180014567187,75.87834969773418],[-111.84720522780357,75.87516308792303]]],[[[-122.94384195860135,76.15884879260857],[-122.92162798522264,76.15078770290188],[-122.94228728079727,76.1471809979794],[-122.92790898374183,76.1395519140979],[-122.97311040158652,76.13084811351231],[-122.98846655529208,76.12051950504569],[-122.97327458744059,76.11131280775932],[-123.01783932917027,76.10372449718453],[-123.02030604253834,76.09115429794453],[-122.99537114778603,76.0856705957718],[-122.90632923584353,76.1032738078927],[-122.84048764907946,76.12195450605616],[-122.81237501493047,76.13266978638269],[-122.83534055258157,76.15191449405388],[-122.86565532053484,76.16263730402004],[-122.89198492367119,76.15881958438938],[-122.94384195860135,76.15884879260857]]],[[[-135.99303892008444,69.02685369287967],[-136.0253207631132,69.01597719989745],[-136.00236427199047,69.00731819377418],[-135.98800709394445,68.98749210986662],[-135.96618788045436,68.97629760837064],[-135.92929286343355,68.97588279462155],[-135.90080106312402,68.9826524965853],[-135.86272950845134,68.9847242887797],[-135.84018891154625,68.9800760063648],[-135.8229842748038,68.9830940057288],[-135.88080607500652,69.00842389383943],[-135.92490392807738,69.02129809843086],[-135.94099914039955,69.02114120492078],[-135.97524503888286,69.03087050389347],[-135.99303892008444,69.02685369287967]]],[[[-135.48858281328586,69.62762949194568],[-135.51383370286223,69.6223934108458],[-135.5797500891318,69.58967758834547],[-135.52539218839206,69.58212071171613],[-135.52098923864054,69.57673209614953],[-135.55046122404778,69.56581180716012],[-135.57495276495155,69.56321600143876],[-135.54362582365894,69.55384839471348],[-135.48231968028503,69.57213650830137],[-135.46290402341012,69.5919866973355],[-135.46554936184353,69.60418839950812],[-135.45066496889382,69.61427920425564],[-135.4302282948544,69.61631158776056],[-135.41237548984859,69.62669840363769],[-135.4109213146799,69.63396659797573],[-135.4361091086059,69.63531758550951],[-135.4667213971922,69.62410379483563],[-135.48858281328586,69.62762949194568]]],[[[-113.23509351419777,70.31172589830207],[-113.18440971251083,70.30756038650956],[-113.18076769163197,70.30321830417786],[-113.12619458092287,70.29514479248841],[-113.08031202876613,70.29062609964187],[-113.02304416817239,70.28766729672822],[-113.00235042436546,70.2905040036898],[-112.95306818267359,70.29145861205835],[-112.93407213067547,70.30404229133426],[-112.99130353767697,70.30866150057032],[-113.01219032119879,70.31990710056445],[-113.09544409816777,70.32642681252372],[-113.13748799469369,70.32529550176801],[-113.13089482482188,70.31166869549644],[-113.1711036415425,70.3107082084556],[-113.19473499252967,70.31298320611732],[-113.21159293662902,70.30925110903974],[-113.23509351419777,70.31172589830207]]],[[[-109.83296228999282,75.93393489134765],[-109.85803213871844,75.92862460242888],[-109.90900166914003,75.93213479961267],[-109.90393724989575,75.91482899511254],[-109.9375803063276,75.90406979496954],[-110.01479595237116,75.90211380868533],[-110.03239942184096,75.89814309863185],[-109.99267864199865,75.88040690378793],[-109.91670050061104,75.85364918624045],[-109.85867765805966,75.85294560875505],[-109.85172317947199,75.86242909468567],[-109.83239034354474,75.86442619081456],[-109.83296228999282,75.93393489134765]]],[[[-130.78331719077335,69.62279770111348],[-130.79021387381178,69.61843130819707],[-130.7957424674601,69.59559440689205],[-130.7739101988598,69.58854989886122],[-130.77642619105524,69.5782589148877],[-130.7890288112093,69.57538579988183],[-130.7920100831103,69.56430430037616],[-130.80757820405304,69.55804199632142],[-130.78373388430208,69.54146029314794],[-130.76456668585567,69.54539261015466],[-130.76514670478016,69.5548820974185],[-130.73367458568381,69.54811770516635],[-130.71439860881335,69.55752398362304],[-130.67635687488863,69.56959878996138],[-130.67061042375988,69.57900040033195],[-130.67921858784555,69.58907920478738],[-130.67324749716946,69.59849628963605],[-130.71411879562402,69.59086880165911],[-130.74387391147005,69.59803609318661],[-130.70560120957228,69.60994840618798],[-130.74377941721323,69.62135281149176],[-130.78331719077335,69.62279770111348]]],[[[-115.91799413761987,70.5925153020827],[-115.92840377117473,70.57371949941655],[-115.95814630502701,70.57425801125008],[-115.997457567613,70.56379810595772],[-116.0278546112481,70.56217158585108],[-116.05089887721176,70.55751610359248],[-116.06944944385533,70.54817510584843],[-116.05059385580738,70.541108791793],[-116.01499771878075,70.54127849544435],[-115.95145179189723,70.54797770798504],[-115.91349894544169,70.54606640777216],[-115.86139143053538,70.54781119305495],[-115.84323696334944,70.55512680138433],[-115.84837130217261,70.56087028570138],[-115.81639857646738,70.56387690198072],[-115.75822996999787,70.5889610909393],[-115.77367204896643,70.5927879072072],[-115.80946821000394,70.58771411152708],[-115.83374102850775,70.58110219515339],[-115.86421818074726,70.5831641051696],[-115.87947102789865,70.58948920882523],[-115.90663098766912,70.58789500988297],[-115.91799413761987,70.5925153020827]]],[[[-122.9609335674883,76.05438909259844],[-122.99772946172513,76.04366429754825],[-122.91394291691967,76.03955900105274],[-122.93616097053959,76.03244419252968],[-122.97260413593482,76.03708379960423],[-123.00090499253048,76.02437109780224],[-122.94979844323268,76.00560129555667],[-122.92342386311492,76.00441000445666],[-122.91318330299102,76.01820780160806],[-122.8643792093734,76.0164884059234],[-122.84011690226147,76.02747670437485],[-122.78334429083502,76.03152991278003],[-122.72409221087011,76.02480991177633],[-122.69926140583904,76.03053219802848],[-122.70690218182965,76.0448895933235],[-122.67830177238781,76.04542771365364],[-122.62082681559154,76.05198341231888],[-122.64177804016205,76.06346679732094],[-122.70242032771456,76.06757839336785],[-122.70441372230121,76.05951969939144],[-122.74413799026483,76.06043409736682],[-122.79167219549284,76.06828468827918],[-122.82035025776946,76.06798839894876],[-122.84999634255787,76.05083820006034],[-122.89901435169422,76.04059309830944],[-122.95262748495492,76.04892329007986],[-122.9609335674883,76.05438909259844]]],[[[-133.92743367633332,69.60606389225822],[-133.97295120201605,69.5927723902511],[-133.99422161203654,69.58269051010926],[-134.0154222638498,69.56799220061032],[-134.01654998513052,69.55998178913048],[-134.0047317954999,69.5506100027468],[-133.97543131654115,69.54162460126086],[-133.94238441297543,69.54425709181639],[-133.88754036141316,69.54467309767426],[-133.89728251565143,69.55198559484923],[-133.93548329378106,69.55491541158233],[-133.94097904047555,69.56043810455816],[-133.93245741114208,69.57269528970475],[-133.87770408858287,69.56200970933988],[-133.88255340780634,69.56931910490546],[-133.85278943635606,69.57207399972987],[-133.8186082740735,69.56552349580896],[-133.81526944951455,69.58470190097182],[-133.83476052402276,69.58640059832477],[-133.87076205288037,69.60540109813752],[-133.89524047673464,69.60754340738771],[-133.92743367633332,69.60606389225822]]],[[[-130.89037311209754,69.51077859049015],[-130.90080018955032,69.514741486512],[-130.9322725436672,69.51666120094825],[-130.92482462877118,69.50559700465782],[-130.9267050929974,69.48278409818634],[-130.9432570582511,69.47648739628444],[-130.9429163983116,69.4688894010046],[-130.90818490238837,69.4516382015263],[-130.9151849065918,69.42661759615855],[-130.90517376287414,69.41885479922682],[-130.92116168646868,69.40992928983691],[-130.8823951802827,69.41111470922073],[-130.8109876762953,69.41860779592943],[-130.844110308144,69.43922468304349],[-130.84748050275903,69.45074960932035],[-130.86181300299523,69.45967820354117],[-130.8604119031854,69.47092430905404],[-130.8428878162928,69.47490930903345],[-130.84497841001163,69.49242399513983],[-130.8770879114271,69.51135959597616],[-130.89037311209754,69.51077859049015]]],[[[-135.4497547295521,69.39253020774987],[-135.44649882262368,69.38305449903373],[-135.3911375751623,69.3814501033489],[-135.3839003799124,69.37525550631416],[-135.4095630007452,69.35461930915011],[-135.41449418362427,69.34397790301855],[-135.38025630661986,69.3315448118828],[-135.34629967127097,69.32818720356035],[-135.3344890703199,69.30690950106656],[-135.30071238944336,69.29776029584633],[-135.27424069274304,69.31402628765507],[-135.2617590809811,69.33520639477513],[-135.2786302305647,69.35919510801571],[-135.28908681122837,69.36719020258228],[-135.31005760848674,69.36775530222644],[-135.31547080370467,69.3543079820343],[-135.35961505876134,69.34307569844943],[-135.3729416970861,69.34982278905437],[-135.3602508137374,69.35788810525473],[-135.33374865744733,69.35502879807488],[-135.31611939671447,69.36264170992686],[-135.3217144996323,69.3715445078201],[-135.3555579026141,69.38479488368519],[-135.4167458236301,69.39488479417017],[-135.4497547295521,69.39253020774987]]],[[[-113.82960895789918,77.15877100473507],[-113.90322568399775,77.14880699702319],[-113.91863397798602,77.13333080344704],[-113.8925641214221,77.11937380889114],[-113.84293062459878,77.1061434981363],[-113.76160404371205,77.10577640064783],[-113.69924501407213,77.10908099405283],[-113.62518883625648,77.13108878753923],[-113.6577377356813,77.14872169184041],[-113.71358195577484,77.15720340873875],[-113.78842351635014,77.1603159901541],[-113.82960895789918,77.15877100473507]]],[[[-135.96326379896564,68.97359480006143],[-135.9794802961008,68.96919780682148],[-135.9677880017214,68.95986131087582],[-135.92158171233731,68.94411220297133],[-135.86121090810005,68.94384089451303],[-135.81693698529676,68.94181290572926],[-135.79021849497434,68.93843230447332],[-135.76914071650842,68.92668408833487],[-135.76861918846663,68.91860410550315],[-135.75498258241296,68.9084602116973],[-135.7261319912259,68.89940401027388],[-135.69366823005714,68.89537320084095],[-135.66465934400887,68.89597139971646],[-135.70849920728844,68.91909349538331],[-135.73946941785454,68.92851949331487],[-135.76216041134623,68.94968620132657],[-135.82496641442506,68.96856310429146],[-135.8523286008936,68.98153389791108],[-135.8922663668484,68.98120610633697],[-135.92703519889727,68.97326599357349],[-135.96326379896564,68.97359480006143]]],[[[-136.0783188487876,69.13002701621926],[-136.12191094709627,69.14761419200549],[-136.1574458544724,69.15691639718082],[-136.16826975140995,69.16546849306538],[-136.19844173098664,69.17389610937099],[-136.2390454527315,69.1765902050351],[-136.246957643872,69.17109410559715],[-136.22601989366862,69.15844830788056],[-136.20685078086314,69.14221019384176],[-136.18112179625615,69.128254202035],[-136.14528197158145,69.1168546065084],[-136.09797488638463,69.11264029372694],[-136.08449955787384,69.10884790525252],[-136.10883214526908,69.09220140978495],[-136.01827377949698,69.0791822032588],[-136.00345293963778,69.08109030175046],[-135.98694268905186,69.10133319399829],[-136.04337253540132,69.11605099945191],[-136.0564294560826,69.12589681489978],[-136.0783188487876,69.13002701621926]]],[[[-109.84476108099838,72.48536660658101],[-109.86646101292517,72.48078339819885],[-109.87492660031836,72.49062010505742],[-109.92043572318829,72.5073493925476],[-109.95358368772769,72.51042189724792],[-110.01557689310144,72.53050780384747],[-110.05178509694937,72.55261999423858],[-110.08622998630776,72.56189981099129],[-110.11822146446298,72.56006689011592],[-110.11926658762913,72.55201149547821],[-110.14031212848775,72.54468098491502],[-110.16190568912111,72.56032850197627],[-110.18308200863028,72.5569886863269],[-110.21134020087081,72.56468309042667],[-110.23794911865441,72.56181471139308],[-110.22133472581285,72.55118408895535],[-110.17487698853218,72.53790200160134],[-110.14282017307222,72.53480700916559],[-110.13917460560563,72.52944200731545],[-110.10442018121869,72.52118171125926],[-110.04812378150453,72.51509119934074],[-110.03623157114495,72.50851979976156],[-110.00857331911197,72.50679130235478],[-109.98599987919577,72.50042701266655],[-109.92778064939446,72.47828320851858],[-109.85877210943265,72.46540610292693],[-109.8451572902439,72.45730109638494],[-109.84476108099838,72.48536660658101]]],[[[-116.7237441733804,70.56157559934407],[-116.73458287824772,70.55656830036925],[-116.72260440783839,70.5494285046498],[-116.68381720473498,70.5393699941125],[-116.6432267133144,70.54306450483239],[-116.62141550750103,70.53942140072614],[-116.58333619554067,70.54449099598516],[-116.58138720370792,70.53660659262266],[-116.56617970086052,70.52996110162296],[-116.49581253049142,70.5344939918439],[-116.5016540209792,70.52818171006442],[-116.48003179356255,70.5207274948506],[-116.45446290196591,70.51938041018073],[-116.42525758331718,70.51222639954602],[-116.38105446991986,70.50962319418643],[-116.36211762425233,70.51486679682044],[-116.34526456836514,70.51034090233082],[-116.33805112059544,70.52472188743769],[-116.31794249401298,70.52285780095332],[-116.30310706295194,70.52945390244363],[-116.32154486943163,70.533819303097],[-116.36375466435004,70.5373056975191],[-116.38296214192312,70.53464050002941],[-116.41276273460909,70.5405166008342],[-116.47027572396883,70.54467848457536],[-116.4970067148088,70.55582128764196],[-116.53520468394902,70.55092539293057],[-116.57655698493971,70.55964500717668],[-116.59752108599461,70.57249199022401],[-116.64347948363591,70.574427598851],[-116.6590202157691,70.56895130183479],[-116.7237441733804,70.56157559934407]]],[[[-124.31080259215683,73.64817411375901],[-124.33910908637176,73.65109241547732],[-124.33016658387837,73.63477501163194],[-124.35695348422526,73.62028730937466],[-124.34435413141553,73.59103479806244],[-124.34979456741401,73.58227029763549],[-124.34120802448311,73.5693281023183],[-124.31852563893814,73.56168310877011],[-124.28218447855136,73.5636184890111],[-124.22173821523889,73.57288460322114],[-124.2042292085754,73.57017629982226],[-124.10087921603399,73.57125821155358],[-124.08799465318921,73.57809480217249],[-124.12593132090709,73.59719349798975],[-124.1564484488886,73.60625679474373],[-124.24770294755619,73.61575550445178],[-124.26148820903882,73.62264429109703],[-124.29138134684274,73.62516759864921],[-124.32377984734319,73.63229589753315],[-124.32760425059078,73.64031619958023],[-124.31080259215683,73.64817411375901]]],[[[-122.64588462963438,75.92505049236209],[-122.66654591685105,75.91619820417834],[-122.65210369404593,75.90060450431555],[-122.61930616557602,75.90369731094798],[-122.56772631618028,75.89546859003634],[-122.53877818432511,75.89867251195699],[-122.48933938465257,75.89428209851224],[-122.46501144981927,75.87708260624669],[-122.44702379537459,75.87342979653144],[-122.32439332534348,75.8638404934625],[-122.29676959305414,75.87640529921579],[-122.30184850561065,75.89251760130851],[-122.29019522968015,75.90110110941936],[-122.31240137596205,75.91709699422319],[-122.34278525422036,75.92432349604863],[-122.3987847939816,75.922302413108],[-122.46594329115548,75.92425451247695],[-122.48541099311412,75.92873830725519],[-122.54314811500218,75.93260529410709],[-122.61346205706047,75.92393280451483],[-122.64588462963438,75.92505049236209]]],[[[-128.20292607679525,70.62539190552222],[-128.2386196227968,70.63448739523812],[-128.2713474036067,70.63703641240444],[-128.281727715777,70.62753338473078],[-128.28361425747116,70.61066460094143],[-128.29296106193925,70.59552310203814],[-128.31858037840072,70.56938100933995],[-128.31799739424952,70.5595334117438],[-128.3389859775762,70.54050259263542],[-128.296870718526,70.54750849194502],[-128.26762568020035,70.54684340982989],[-128.24341380677043,70.55136630481537],[-128.26595977707981,70.56921539541338],[-128.24899450559545,70.57368950489743],[-128.23521878622648,70.56018881044076],[-128.2182079230048,70.55675299614737],[-128.1465522250556,70.55507060641114],[-128.14664298836206,70.56289008708421],[-128.1257992241229,70.58071160083018],[-128.10633426896302,70.58806649904827],[-128.1088839190452,70.59334980618985],[-128.13901147157642,70.60281889797102],[-128.1611643468447,70.61348180330462],[-128.20292607679525,70.62539190552222]]],[[[-128.95048000459735,69.95732830682246],[-128.97079182920896,69.95111489997775],[-129.0041161971245,69.93381968566453],[-129.0196831338458,69.91915070123287],[-129.0445192507084,69.88220389641675],[-129.06022716684794,69.8679373011554],[-129.10030419222082,69.84964909220704],[-129.01792988564546,69.83712090750053],[-128.9548625721278,69.82948489135335],[-128.93092195829044,69.83595739378494],[-128.95521197520347,69.84615839824899],[-128.9723730866107,69.85818800753438],[-128.98152650489507,69.87416009223945],[-128.97144740461195,69.88715609492935],[-128.91589828234694,69.89579921324744],[-128.90392291823431,69.90742500320711],[-128.91963519817193,69.93380049726755],[-128.91519886722247,69.9556102942529],[-128.95048000459735,69.95732830682246]]],[[[-117.23180200900669,70.59200969211734],[-117.26209091399956,70.58808119194745],[-117.27037212807481,70.58306690834227],[-117.30645191367523,70.57637128625242],[-117.27821323269647,70.56694839964094],[-117.27850896403073,70.559295201084],[-117.25324258678438,70.55512279383376],[-117.20182599905839,70.5521078947243],[-117.21953467356009,70.53996900200056],[-117.15722149660292,70.53473229313846],[-117.11755929631292,70.54142578959794],[-117.07368809585988,70.55168220582023],[-117.06171851606545,70.54291820357838],[-117.03462156019519,70.54080999986438],[-117.00922417720413,70.54389361134265],[-116.86685625866558,70.54756079318163],[-116.8510923681975,70.55564479155261],[-116.86699151546185,70.55883190636824],[-116.94616273846411,70.56110170568347],[-116.98129336996034,70.5658926927356],[-116.9939276956953,70.57109400697752],[-117.08078698804336,70.56313340262126],[-117.1095875585592,70.5659613988608],[-117.09343778531478,70.57641651297303],[-117.10722549152962,70.58568538962173],[-117.13764346401918,70.58952980318222],[-117.15469842428148,70.58793010397851],[-117.18145429661638,70.59332520044617],[-117.23180200900669,70.59200969211734]]],[[[-112.2583982828145,70.36413459251662],[-112.31247813446299,70.35280790268575],[-112.25732283869165,70.33694730598666],[-112.23067909018211,70.3379532091736],[-112.21987382474938,70.33319360126487],[-112.18161267455508,70.33008150100714],[-112.16061285906306,70.32236149144114],[-112.156159382776,70.3130704977961],[-112.10597873385652,70.30831229166351],[-112.03199253922675,70.29543630016103],[-111.99557471251661,70.27961348572238],[-111.9131333987401,70.28646119834266],[-111.87908780358927,70.29334011029452],[-111.80754229268673,70.29416439305167],[-111.79058066366294,70.30127180402542],[-111.70376269202102,70.30630019168426],[-111.6579517991244,70.30556620716432],[-111.66077061745172,70.3121996877238],[-111.73873772519354,70.31330938430621],[-111.79511248578277,70.30872199513779],[-111.8288643895643,70.30399419559618],[-111.85232118359674,70.30967629282885],[-111.89598807071131,70.31332299160458],[-111.8934819305945,70.32348599501385],[-111.93250259573857,70.32465771007318],[-111.9700051201689,70.32959109586183],[-111.98567889082008,70.33680729068428],[-112.00827671494307,70.33815389750197],[-112.05284557408706,70.34633919330557],[-112.0804206136843,70.34893370805163],[-112.10630261528144,70.35612349577355],[-112.17140957008397,70.36124750114963],[-112.19765631223476,70.36650698610661],[-112.22830204337389,70.36189320589196],[-112.2583982828145,70.36413459251662]]],[[[-120.99774740513953,75.9415731904924],[-120.99771230439966,75.93380100960835],[-121.02702672675517,75.91615740664473],[-121.01631561684005,75.90214448572193],[-121.02432159341753,75.89486540035102],[-121.00723462529523,75.88398230957272],[-121.01512002511315,75.87301209784997],[-121.00750502232786,75.85752280320386],[-121.02109662117213,75.8471726115575],[-121.0142867169169,75.83548709497775],[-121.02088821994867,75.82067789074775],[-121.04538131909598,75.81236440964858],[-121.06831567897024,75.81275310057683],[-121.13665408839519,75.79529261037527],[-121.23760022514756,75.78370980806505],[-121.27816830084863,75.77215711295533],[-121.2947558496847,75.76307219510747],[-121.28777957806582,75.75466799565233],[-121.23086337960635,75.74836270237174],[-121.15067657893553,75.73455500113441],[-121.08777365166141,75.73149059696821],[-121.05023771133948,75.73390839634398],[-121.01393961971063,75.74530838396498],[-120.99052817469439,75.75666031023664],[-120.93392311141585,75.79963269923353],[-120.91106171748294,75.82574621196501],[-120.87063750692307,75.85575758599249],[-120.86772449508422,75.8763867889641],[-120.85273136743353,75.88327039045653],[-120.83705697219845,75.90484858999459],[-120.84322890721076,75.92238748998412],[-120.86088131063471,75.93833269045977],[-120.92389095059525,75.94206110593272],[-120.99774740513953,75.9415731904924]]],[[[-109.84260272632461,72.6666304864686],[-109.85417417552678,72.66699648876161],[-109.88594585557243,72.68633029934166],[-109.9158297166607,72.69198859778783],[-109.94264831437617,72.68361090205009],[-109.95995283154635,72.70010280142297],[-110.02896928489521,72.71652409847744],[-110.03164578830764,72.72641780340729],[-110.05984917731884,72.7311783123321],[-110.10697019910417,72.7257944871449],[-110.1254362165893,72.73199910211058],[-110.16276477867409,72.72617010674007],[-110.20538618589313,72.71378529821749],[-110.17521182351753,72.70707148446358],[-110.18668693976885,72.69484290104994],[-110.16128659527665,72.68445709569865],[-110.1981995233498,72.6833330015301],[-110.20575362286787,72.67586790463018],[-110.28812380981446,72.67525531103249],[-110.26799802269558,72.65770660636157],[-110.25290834475773,72.65606270092714],[-110.23321528643172,72.64205390975278],[-110.20964568319846,72.64650559651615],[-110.16060588948892,72.64955040937073],[-110.11690703813123,72.65634969481617],[-110.06391170069024,72.65644231224904],[-110.02869227835029,72.64480129177696],[-110.00908762178727,72.62683299123792],[-109.97752859148936,72.6135263004017],[-109.93143031560341,72.61165360767302],[-109.89749781507024,72.59388080638746],[-109.91010513233661,72.58644450120389],[-109.90258173191265,72.56217300686897],[-109.88250133744765,72.56051030433919],[-109.87416304850478,72.54650470710234],[-109.84397952741826,72.54047901705461],[-109.84260272632461,72.6666304864686]]],[[[-109.83533523181531,76.50677771029774],[-109.85831517033681,76.50297699081031],[-109.83643530990331,76.48749831022973],[-109.87254089484148,76.48237849903153],[-109.92181819596516,76.48572521271808],[-109.95878839269609,76.49561940666415],[-109.99239688837753,76.48588299388896],[-110.01480921974621,76.48696128639531],[-110.01870678663519,76.47511810967154],[-110.05628516185506,76.46835110488801],[-110.08467789622041,76.4555803048616],[-110.11227445808704,76.44971711203608],[-110.1590984434051,76.45070729242951],[-110.21097298436857,76.44292030586365],[-110.23794594721387,76.44238490152688],[-110.2677998420584,76.43292978951882],[-110.32048501883317,76.4330162928373],[-110.33582676263265,76.43757259525039],[-110.38163284400694,76.4316125917112],[-110.37743182035487,76.42036959497905],[-110.39558273717186,76.40250710687162],[-110.37463424466219,76.39664118986742],[-110.35517859770765,76.36973931201864],[-110.41990367884735,76.35712101425246],[-110.40433360817585,76.35401940881266],[-110.34588568355997,76.3567348009676],[-110.32579444108754,76.35205918764652],[-110.32799241272936,76.33571200742074],[-110.35447379466696,76.3199127884497],[-110.34419074922961,76.30569570667984],[-110.32765522159417,76.29676910076961],[-110.29390471386431,76.30504670860408],[-110.23341879422507,76.30684840704446],[-110.19322362842452,76.301321103153],[-110.19900868670699,76.29285170958073],[-110.14866759340372,76.2797993035124],[-110.06510648952562,76.26275421192922],[-110.06601307023831,76.24992399530278],[-110.04149378445351,76.24155030253222],[-109.9864294452729,76.24197219674356],[-109.96539487593185,76.2347179931786],[-109.95245749140301,76.2171865876083],[-109.91323103251786,76.2019406110527],[-109.88021801487773,76.21072838620057],[-109.90382268616906,76.23337751048055],[-109.87016016072829,76.24620839891841],[-109.83449665243535,76.24603700531497],[-109.83478554931558,76.3369139189087],[-109.83533523181531,76.50677771029774]]],[[[-114.61906889351941,76.86706439594752],[-114.65090290261715,76.86370300216448],[-114.68717760667842,76.85005560712445],[-114.70738639181427,76.85098441067572],[-114.7555144597688,76.8299301990743],[-114.81335930209724,76.82009559958667],[-114.85926624149384,76.78273859022879],[-114.8458881866863,76.76404809181601],[-114.81096293127615,76.75854998637683],[-114.69299807101174,76.75495049984217],[-114.68227698915707,76.75000001025691],[-114.61955867149443,76.74863991635016],[-114.58741971163423,76.74056510118612],[-114.5480940900214,76.74535161142786],[-114.43406750703356,76.73420931126024],[-114.39808334442819,76.72715259979209],[-114.35325343419278,76.73066209284133],[-114.3387959630599,76.72664540685827],[-114.28020682012678,76.72807778693095],[-114.25933974289632,76.73479200952144],[-114.21707368656635,76.73423879211317],[-114.15609134506252,76.72795020058037],[-114.0954467543442,76.71794599112694],[-114.08360140249405,76.70884260961286],[-114.05358353292671,76.70059958627357],[-114.02941520663606,76.7019309877729],[-114.0183061570117,76.71797619507458],[-113.9028718496603,76.72653779116796],[-113.84673058186847,76.72683119083152],[-113.76893972023223,76.72220199177725],[-113.73888507200986,76.70955050020687],[-113.71214064653753,76.70778700942623],[-113.68732856789347,76.71575770919856],[-113.64412623393248,76.71176689114372],[-113.60541129154947,76.71400990516364],[-113.58466182810024,76.72970491126883],[-113.54116011348945,76.73546850845888],[-113.55392200756158,76.74235420827493],[-113.52142602573059,76.75263470297581],[-113.48310577141595,76.75757679655463],[-113.45007188115486,76.77649999787438],[-113.44032485120624,76.7922712943112],[-113.46550390730248,76.81651580193963],[-113.45691759040172,76.82778768800694],[-113.52039627063066,76.83353931073961],[-113.57463829722599,76.8421124949075],[-113.58040101325913,76.85525538931502],[-113.61818792339396,76.85849129109401],[-113.65348169763577,76.86901131248197],[-113.7163628707236,76.88313059779456],[-113.72068186081628,76.88852809253139],[-113.80189722237421,76.89235360198334],[-113.81605722310611,76.8956382924938],[-113.9048579254746,76.89603600163721],[-113.91537025757708,76.8901119986983],[-113.98703269675507,76.89706530576515],[-114.03646083102504,76.89822588907475],[-114.09795924850256,76.89096859870865],[-114.1323599347033,76.88258079199476],[-114.16063623817752,76.88904469820766],[-114.24496209632474,76.89118788652921],[-114.25433541736196,76.87508570435187],[-114.28458530338875,76.87453438855826],[-114.32921810063512,76.88895381190099],[-114.38639141306176,76.87434418614667],[-114.50680123719772,76.87149089399131],[-114.6111776400909,76.8638255055899],[-114.61906889351941,76.86706439594752]]],[[[-109.8406966202117,72.92620291151172],[-109.86090266970577,72.93627839606522],[-109.86175969532731,72.94375820482917],[-109.84308789037097,72.95127819689586],[-109.88967811988832,72.96592680777273],[-109.90329389537257,72.97675350912058],[-109.97177768922944,72.97553641474737],[-110.00142089326418,72.98134130790285],[-110.08108928764733,72.99041329493907],[-110.16283582153196,72.99390710637918],[-110.19158422169683,72.99861960316352],[-110.21482212968155,72.99777958835769],[-110.28565800889625,73.00610379899223],[-110.3261515448438,73.0043810984582],[-110.36294445167492,73.0066930987556],[-110.39114982736582,73.01217470568606],[-110.59151190293112,73.0106169994066],[-110.60134257565193,73.00538479109298],[-110.68557544435838,72.99569170550765],[-110.71479714754199,72.98745070708222],[-110.72441097741032,72.97381460312754],[-110.70595761112655,72.9502389921269],[-110.70585496408685,72.94045279416287],[-110.68152619293733,72.92545909739768],[-110.64784199842107,72.91197400195087],[-110.60661243240786,72.90003981089929],[-110.58790203243909,72.88558819850438],[-110.55190346733811,72.87518261134936],[-110.55055797763268,72.86239709350167],[-110.5088617927105,72.84847680680622],[-110.45740628759508,72.83714739046356],[-110.39196545179001,72.83100389514709],[-110.31583858167824,72.82968808938062],[-110.29035973211367,72.83122440193975],[-110.23130812425177,72.82993878475058],[-110.20725684462798,72.82603580329098],[-110.16290540664947,72.81354921073441],[-110.16763179180654,72.80326280038538],[-110.16394822598367,72.78617890834872],[-110.13448487511103,72.76949339834141],[-110.15518792494349,72.76037650545089],[-110.1818542749127,72.75836001491454],[-110.19824749852933,72.74919960793385],[-110.23735092533659,72.74442388760124],[-110.23679951204758,72.73174929236268],[-110.22068518198422,72.72850110638537],[-110.13201890331358,72.74951349244856],[-110.09699551784117,72.75147630565002],[-110.06795782907905,72.76219760283121],[-110.01841821588557,72.74887510261516],[-109.98592588453174,72.75067589164463],[-109.95629130650661,72.74375409551376],[-109.90423139077254,72.73729408973557],[-109.88794048327328,72.73011420670689],[-109.84217821223682,72.72507130756274],[-109.8406966202117,72.92620291151172]]],[[[-114.3513482823193,78.07829921304915],[-114.39448229555848,78.0739297935285],[-114.45569939779533,78.05647378763064],[-114.52962168416192,78.04270499075805],[-114.579375666603,78.03739490744837],[-114.60482425132963,78.03126060358387],[-114.6611302486893,78.031179791679],[-114.74420340350402,78.01453870220976],[-114.75504356525357,77.99793120509929],[-114.7925472025678,77.99878190960777],[-114.81745207286453,77.98056820355295],[-114.85415918605473,77.98011449638857],[-114.89588374359873,77.97229970473717],[-114.901716302635,77.96538338844559],[-114.95529685484297,77.95891640186319],[-114.95362086524513,77.94918090057068],[-114.99141763157947,77.9518892920361],[-114.99565518049258,77.96250130566878],[-115.0531452884037,77.96513289304276],[-115.09900054404586,77.96006069091632],[-115.10606542415748,77.95184890672783],[-115.0505640906362,77.92763339977776],[-115.03968199379429,77.91849219124008],[-114.99450414059318,77.91123968745148],[-114.98067733376232,77.90209350582742],[-114.88088184760673,77.87589630211139],[-114.87616473305422,77.86668450561724],[-114.82263841763674,77.85938989303325],[-114.77947005326195,77.8457259007725],[-114.74201874577221,77.82831379406197],[-114.71035255061341,77.82344450454359],[-114.65347543487385,77.80786638973984],[-114.56217145533593,77.79679780943931],[-114.54713076039772,77.7876318082729],[-114.50420915898444,77.77649290433405],[-114.50514272468497,77.76488990971323],[-114.45913717012675,77.74644841571552],[-114.40275938320285,77.74020980308035],[-114.32853740052619,77.71840470912008],[-114.28789979326375,77.70916959201779],[-114.24912767967325,77.70646121490341],[-114.17456355742321,77.7074854015538],[-114.08927829330545,77.71219400184535],[-113.93614449756848,77.72620971304738],[-113.90069408959593,77.72623501285302],[-113.83406463788758,77.74233109678258],[-113.80545208558972,77.74472390645754],[-113.73853871375013,77.75736358904894],[-113.72654843947954,77.76516950981977],[-113.68526035489104,77.77605429665351],[-113.67537895171012,77.7852745054389],[-113.61329871116465,77.79637108967657],[-113.60497701448567,77.8079326921111],[-113.55760599729429,77.81579990594604],[-113.55175032295828,77.82783140385655],[-113.67200523893105,77.84008499859354],[-113.69275900187185,77.85201140296088],[-113.66076380906995,77.86056370003718],[-113.65362196047374,77.87460649781738],[-113.69811355785815,77.88245710368567],[-113.72143364331481,77.8976280056338],[-113.78658585055022,77.90728670720009],[-113.8528474308743,77.90676970036209],[-113.94302085698577,77.91555600952228],[-113.97898421402115,77.91544109262696],[-113.99627101064118,77.92753310466593],[-113.95818730698723,77.92920050022046],[-113.94652445377633,77.93509260328436],[-113.99202224504141,77.93938990207262],[-113.99557627964941,77.95039910226113],[-114.0426531871212,77.96036019199336],[-114.10135415583233,77.96568979589372],[-114.04040768707138,77.97372831330328],[-114.02463345998281,77.98669659464784],[-114.05591271695602,77.99133991029325],[-114.11088370372224,77.9933737990491],[-114.23403539865024,77.98212108904289],[-114.26763881541565,77.99553190129284],[-114.30829564594258,77.99290369794538],[-114.33422025996,78.00147610672035],[-114.27863573227029,78.00284789171955],[-114.30663305708197,78.02441180803507],[-114.32927194019872,78.02550440949467],[-114.34468574038887,78.037598398516],[-114.30164781767891,78.04711028557006],[-114.32130748247177,78.06480389254199],[-114.31755356547637,78.0746150143007],[-114.3513482823193,78.07829921304915]]],[[[-117.71056497763355,76.12767639255429],[-117.78594758581775,76.11663128830403],[-117.86817099671173,76.08703011241543],[-117.87248328181528,76.06717318912516],[-117.93000410904189,76.04989939136617],[-117.99322678596141,76.04150399635427],[-118.05334381946477,76.03979460131025],[-118.10963879074389,76.0252900028286],[-118.11347678168886,76.00786461095781],[-118.12655099824134,75.99652419029613],[-118.15059422858307,75.99171540310877],[-118.15175396158082,75.978056592348],[-118.18556818315409,75.97831529200715],[-118.23551385834318,75.9731594017656],[-118.29905798146073,75.97417378806301],[-118.33562255892622,75.97791050355023],[-118.4278374644559,75.95864009037777],[-118.48950795207779,75.9485550030195],[-118.51898344463115,75.93402290856504],[-118.54898228191958,75.9329718909893],[-118.59418646612157,75.92499800837341],[-118.66605479578925,75.90354050642095],[-118.70883014000226,75.89286019557119],[-118.72563478977496,75.88335119414374],[-118.723676329749,75.87058018568894],[-118.75618533400437,75.86253420484289],[-118.74104184244091,75.85535949585314],[-118.80444441393136,75.84791409464994],[-118.81465854057065,75.83374220922363],[-118.88609874196035,75.81743769626685],[-118.88929240306189,75.81077228599732],[-118.91632298713384,75.8001411004441],[-118.91474494029657,75.79027170244962],[-118.9609350757497,75.7814252053117],[-118.9462722736894,75.76892721439637],[-118.99491219950588,75.76167028841365],[-119.02436555530845,75.76282249391663],[-119.04143101759354,75.74999999849744],[-119.07301236433403,75.74228819263091],[-119.08556029874538,75.73212910201715],[-119.11956789746942,75.72215911006248],[-119.16836037926775,75.71274270536743],[-119.16121116993342,75.70460000733884],[-119.20727609692794,75.69987658926021],[-119.24819514039194,75.68512739297154],[-119.28164840450071,75.6769279020917],[-119.31223781720469,75.66465929430217],[-119.33987242750422,75.64834850665372],[-119.39495557886077,75.62115491390362],[-119.40320572988563,75.60957478612134],[-119.3772261828591,75.59939520924561],[-119.31487529205397,75.59062208750665],[-119.27157070994627,75.587532088283],[-119.24538891666249,75.57973320508106],[-119.21278097185774,75.5763662109795],[-119.07971766030762,75.57523410523254],[-119.0155084804365,75.58189889149001],[-119.00035648623506,75.57088119530202],[-118.97711734583686,75.56640020795899],[-118.93834214379177,75.57766769648849],[-118.90680409884891,75.57833530154792],[-118.838221582267,75.5566488976109],[-118.89845932358469,75.54979520596554],[-118.87256415126926,75.54161310639283],[-118.83492304596116,75.54651660582704],[-118.81796234325523,75.53889970833808],[-118.76463416572415,75.54078319641609],[-118.72684790885705,75.5194403886937],[-118.68633765189288,75.51339969919381],[-118.6373052601391,75.51588059770299],[-118.58452302090252,75.50339129943988],[-118.54357459084902,75.50843890734394],[-118.54265224918404,75.51825109716044],[-118.52206454953843,75.5297176994075],[-118.49465529262987,75.53304941317325],[-118.47213632437949,75.5415470864894],[-118.4385758786839,75.54763099864192],[-118.37123012396906,75.55260330476754],[-118.33028032983803,75.57060169463924],[-118.29396247242511,75.57792380184938],[-118.24213755997418,75.60368249390069],[-118.19160862232403,75.60907368655438],[-118.22727754166682,75.62208929658479],[-118.17939331167547,75.6349365024006],[-118.18128400697533,75.64839280130033],[-118.12650663510418,75.65973540131374],[-118.1338706474819,75.6713001013137],[-118.10207990332181,75.67022101001618],[-118.0974203863384,75.67780070364617],[-118.07074652945549,75.68928980264873],[-118.04125247724576,75.69198790616494],[-118.04539327193159,75.69934601334315],[-118.0026964037589,75.70592509968743],[-118.01312068582529,75.72052541007663],[-117.97566302131027,75.72701829550194],[-117.96584820825117,75.73745701108739],[-117.92341372410526,75.73704579187651],[-117.9111819443932,75.7456979948891],[-117.9406409871241,75.75527989533333],[-117.9294753856317,75.76800540455498],[-117.9453784021757,75.78041719428764],[-117.92811122027784,75.79226918668864],[-117.89437116553546,75.79326980022718],[-117.89526654835066,75.80334980156717],[-117.87753700407131,75.82840870204502],[-117.8090058426353,75.83117589269509],[-117.79355701329864,75.83582729440333],[-117.82689572728616,75.86402548685315],[-117.82078690380693,75.87092839905749],[-117.78018971964121,75.87411300268175],[-117.78844096561822,75.88920760381296],[-117.76770182306551,75.9004809082624],[-117.73057953937438,75.90577569245477],[-117.73404061657362,75.91630070919544],[-117.71645793142442,75.92328388632798],[-117.67644709729763,75.9251051072304],[-117.6588628622864,75.93001420802348],[-117.65620661558262,75.94501960790133],[-117.62234458436669,75.94812570596095],[-117.59698884380043,75.95716670049198],[-117.60252021051272,75.96565238591936],[-117.57537856860897,75.97533739194617],[-117.57519192472427,75.98299099133773],[-117.5485465574514,75.99095250351385],[-117.56257296667744,76.0000000007424],[-117.55129298642058,76.01417749817792],[-117.50550541396805,76.02561459354177],[-117.51574336419804,76.03913941174902],[-117.48009974349064,76.04753659986943],[-117.48988164852754,76.07314500680548],[-117.44523379270682,76.09637179599065],[-117.54104856490181,76.1124094932402],[-117.59977610247579,76.11735098645462],[-117.65290341484763,76.12757470470784],[-117.71056497763355,76.12767639255429]]],[[[-109.83237979595776,78.64375063448689],[-109.88795484007727,78.64746179311739],[-109.8827113456904,78.66530108652057],[-109.94553226551658,78.68214200623014],[-110.00109412401274,78.68805560834537],[-110.04842022026232,78.69814279496082],[-110.1023654516518,78.69502290873844],[-110.16890465447538,78.69986360156398],[-110.12953082454858,78.71323239752327],[-110.15659423956615,78.71875660478483],[-110.21222233798524,78.7209216880852],[-110.18864964788438,78.72905619426398],[-110.23532214027182,78.73770910126993],[-110.27225368948298,78.73801489319588],[-110.33348092659446,78.73279979705214],[-110.36081960328345,78.75563948811124],[-110.41412900832967,78.7656718983007],[-110.43441908969119,78.75835320806928],[-110.4697718168687,78.7626759972633],[-110.51573724469351,78.75761089904057],[-110.57118518771516,78.7569044059331],[-110.63056522609885,78.75229780709937],[-110.7064429247311,78.75758969285931],[-110.73097350717185,78.75309440210454],[-110.71089646379,78.74201660164564],[-110.79154196881338,78.72564320688433],[-110.76283634554832,78.71667529631264],[-110.78023452776344,78.71031160118805],[-110.82949290720191,78.71370499785893],[-110.87343890056887,78.70990620449301],[-110.91354856014831,78.71051669241403],[-110.94754305278735,78.70490849543593],[-111.0218155739968,78.7072831982573],[-111.08705689750445,78.70026260539112],[-111.08758985490327,78.69312509776223],[-111.03520256635048,78.67448350643339],[-111.07849243245862,78.67516369288296],[-111.12958184281196,78.69340079503242],[-111.14674319194839,78.69123731002546],[-111.21507312764226,78.66737690613091],[-111.25146822327989,78.66699409302701],[-111.26925384473242,78.65892619435107],[-111.24977754306342,78.6461870933387],[-111.28349315744768,78.64176659883965],[-111.3703306626894,78.65164681523486],[-111.37843131402974,78.64214398947172],[-111.29305837432113,78.62954461127542],[-111.2167729594597,78.615977289913],[-111.15546884717943,78.61024999174742],[-111.20477110175594,78.6056469870052],[-111.3077122393044,78.61899999781889],[-111.37403899334467,78.61270899442032],[-111.36674212672422,78.59524779169814],[-111.4105388430276,78.5906172989801],[-111.43131140747128,78.59756560935537],[-111.50765353061641,78.59811629008921],[-111.53621512778888,78.58178809591251],[-111.50069302645893,78.5729501932964],[-111.48026769955662,78.56079420343251],[-111.57070538933317,78.5605216075228],[-111.56102222774167,78.55227749561885],[-111.59301676027596,78.54976640616685],[-111.63545013919021,78.55411529656425],[-111.69221707164728,78.54382901430695],[-111.66933723116222,78.53455230419925],[-111.6878726609726,78.52672960139247],[-111.73758605709062,78.53794081006751],[-111.7557738571693,78.54950610665401],[-111.82388584070094,78.55351359432623],[-111.88592356420583,78.54813990229393],[-111.89115059338747,78.52853540942517],[-111.91722070501304,78.53130690731629],[-111.92890965616212,78.54576950923315],[-111.91892820774191,78.55401330505495],[-112.01472604208445,78.55381869883865],[-112.05021146430092,78.55565689951942],[-112.13094645913051,78.55141879860633],[-112.17042124335018,78.55187530538194],[-112.24825300290675,78.54670488631369],[-112.33085159921434,78.5361174106008],[-112.37068509668005,78.5231512886829],[-112.41799242341527,78.5188513953537],[-112.48197960496421,78.50908950222858],[-112.48819834818472,78.50260059869863],[-112.55676415916162,78.50412099906856],[-112.58629116872169,78.50078279689095],[-112.62593257142262,78.48729189611728],[-112.71065763445256,78.48351990486594],[-112.73107196491567,78.46977279159805],[-112.76976719999034,78.45252460211712],[-112.83404756800635,78.45816221248855],[-112.92334487412109,78.45010889086032],[-112.95774549033354,78.44257641162577],[-113.00101764016863,78.44248859971998],[-113.05109207801091,78.43134559110982],[-113.09304924740391,78.42907248850098],[-113.09736562360271,78.41834009813616],[-113.12653960126349,78.40928909784324],[-113.16575586865673,78.41492539406384],[-113.20752090238834,78.40966389557163],[-113.19539123975024,78.39272340100857],[-113.19558687550548,78.37721779001832],[-113.21952552871966,78.35248609155553],[-113.26879924606064,78.3499025928354],[-113.32128518544108,78.33544539516274],[-113.28781475994137,78.32054349066593],[-113.27508686466498,78.30984640628046],[-113.2327443089351,78.29141770455051],[-113.18322680899058,78.2805395864524],[-113.17673983874857,78.27044248621674],[-113.06834014773021,78.27892409328355],[-112.9775522893455,78.2903831004408],[-112.99790681106842,78.29577979513518],[-112.88337572906761,78.31232390336523],[-112.84044992187083,78.32414208646553],[-112.80283969224926,78.32762669924949],[-112.76607357234651,78.31103010556316],[-112.7074478534347,78.32652529977793],[-112.74393673280728,78.33811499703009],[-112.64173222854403,78.34482740048759],[-112.57367587706747,78.35350690822943],[-112.53914229004506,78.3520575969221],[-112.52804964736482,78.35977020260557],[-112.49314164145936,78.36541428903098],[-112.43838694144885,78.36350690604644],[-112.39422411298067,78.36781700299693],[-112.32831959223587,78.36391178761816],[-112.29911258992702,78.37207459339375],[-112.23105371674292,78.3792565944272],[-112.21712330240915,78.37558471291922],[-112.13700860117588,78.38264219468911],[-112.08027563563188,78.38248568874612],[-112.02225977363743,78.38849429251522],[-111.93366963364248,78.37652750288197],[-111.86420137278992,78.35696329778786],[-111.90338245692391,78.34743990269715],[-111.8630392003335,78.3303364919434],[-111.84396332100322,78.30425810866595],[-111.81275037105992,78.28213240232607],[-111.78323521485004,78.27714480003361],[-111.63676283562634,78.2743942031202],[-111.51799442994741,78.27324589581424],[-111.45369401906251,78.26998288810523],[-111.41176054349056,78.27706109198277],[-111.38510142806567,78.296223787795],[-111.43118395178395,78.31217209672727],[-111.41194750922446,78.32936228616317],[-111.3686138388946,78.32630860365606],[-111.2926621614907,78.32736860173554],[-111.2479912580173,78.32246120643103],[-111.22098247889245,78.32377780752735],[-111.24987299787975,78.35731100431003],[-111.27203494137235,78.36799258849251],[-111.3019564848249,78.37343550483669],[-111.26957767900689,78.38133050489787],[-111.29631635047164,78.38899869951982],[-111.23205121359061,78.39734479543017],[-111.2111389604976,78.38894498956195],[-111.12749426408207,78.39218230095504],[-111.11310024151045,78.38644809949137],[-111.04157001996316,78.38226361095705],[-110.99262092488954,78.37618209135469],[-110.92808161245881,78.36457480761983],[-110.92755556415236,78.3497878985617],[-110.85173179557931,78.34323780461885],[-110.83083409366307,78.3363204085527],[-110.82692977406928,78.32148999973256],[-110.77892399567236,78.31774249332587],[-110.75015579512562,78.30444529231575],[-110.66649899676814,78.2944479881565],[-110.64089471906053,78.30320048528213],[-110.60187481113816,78.30217969954568],[-110.56341863387317,78.2904204007979],[-110.50624687675949,78.28996140014577],[-110.35668289583764,78.27527340292826],[-110.3274729760181,78.28004629413934],[-110.26418802239066,78.28451639016227],[-110.23005840523535,78.29134161079553],[-110.22063818880842,78.29981060266003],[-110.16487261264493,78.30880029628493],[-110.12417766241369,78.31150600753374],[-110.06331063302159,78.3089504927933],[-110.0470287274745,78.31626229653662],[-110.00434706549144,78.31876360569436],[-109.99534999633734,78.32825520056532],[-109.92812632501195,78.32465578886017],[-109.89601648403186,78.32838160048456],[-109.86955255586594,78.31655389531458],[-109.8754164093024,78.30739409158751],[-109.83120982358062,78.30145849046214],[-109.83186238641727,78.49967849670472],[-109.83237979595776,78.64375063448689]]],[[[-109.83116642482953,78.11078058289512],[-109.99237483931257,78.11722579376008],[-110.25082258646111,78.11421948805405],[-110.3037964878411,78.11801299188],[-110.3688951318119,78.11461489245428],[-110.47367400772575,78.11493060642226],[-110.61906731904841,78.10940240741107],[-110.65628815368753,78.11022000452411],[-110.72466203444996,78.10622159263866],[-110.75333376485271,78.09617561394928],[-110.73952588337544,78.0714933028697],[-110.77893734021215,78.06351098842478],[-110.81247732510671,78.07008770145892],[-110.8742534655322,78.07322930693846],[-110.92948041783774,78.07872699313158],[-110.96431156954492,78.08551810131799],[-110.99233686922115,78.09885900776906],[-111.03166817353667,78.10068579342465],[-111.0789095168598,78.09529639798177],[-111.14269177433411,78.09260611021053],[-111.19883976991414,78.09573581004176],[-111.25066040035867,78.09305760602541],[-111.29960863948975,78.08640430857962],[-111.35330897376753,78.07452320807134],[-111.44965591690755,78.07737890583815],[-111.50670916753498,78.07376590468934],[-111.56766855255272,78.05526369155632],[-111.60932104855928,78.049341897189],[-111.63084105724408,78.04224429148236],[-111.6729125750851,78.03806481023634],[-111.70715474753199,78.02820379392652],[-111.74362169227715,78.03534820987683],[-111.78726319974177,78.05512409993169],[-111.80939354383895,78.05750828784733],[-111.86272267104783,78.03781481156764],[-111.89591833228647,78.03327839171769],[-111.93524680168129,78.02208849277392],[-111.97574546420441,78.02459110548864],[-112.01701095181795,78.03725270022541],[-112.06041255499075,78.03238261301755],[-112.0550911653479,78.0253751981496],[-112.09366235572308,78.02346840376484],[-112.12015909925498,78.01756630889562],[-112.18258297362924,78.01772370966938],[-112.1787104248398,78.00771219737334],[-112.26159378437329,77.99650771205076],[-112.32789074540115,77.99549040189056],[-112.37395097351883,78.00639990623597],[-112.41649775128568,78.0057588993726],[-112.44189727080516,77.99773640824422],[-112.5327252655686,77.99281300249032],[-112.58230546938803,77.9825695939226],[-112.63434946681521,77.97935060080411],[-112.65450424486556,77.97260930599717],[-112.61895030273419,77.9577124007311],[-112.64299283957918,77.9431085907124],[-112.66268003474252,77.9398992882747],[-112.70114784037132,77.94664469982274],[-112.69628193173904,77.96001219443316],[-112.73390286436415,77.95896219340187],[-112.82798116224224,77.93591189796604],[-112.90058262854852,77.93047540833008],[-112.90320176780766,77.92499509377147],[-112.94004902499745,77.91752341137],[-112.98538405669744,77.91865540736546],[-112.99288245960395,77.91039781171487],[-113.03328801384515,77.90200510107005],[-113.06560936011532,77.90083620522793],[-113.07763525807708,77.92557320682535],[-113.16674395614382,77.91681550187579],[-113.17058786683187,77.92575111486326],[-113.22236849205594,77.91566440578933],[-113.2018959591723,77.89904269382517],[-113.22560003023558,77.88388910812844],[-113.28098043798555,77.86693879040588],[-113.31248085695913,77.84602979358505],[-113.30888177136593,77.8235664053328],[-113.31722072953313,77.80295629457332],[-113.31090478997376,77.78466460111805],[-113.29111178964925,77.76817450655028],[-113.23579732457397,77.75508949619042],[-113.16921163669356,77.74569581030406],[-113.20580469464403,77.73128970273311],[-113.21727776602023,77.71674680190563],[-113.20167780536232,77.69013788885158],[-113.26224889127204,77.6705447117129],[-113.23468728185209,77.66559401274466],[-113.17154277611411,77.6644588916329],[-113.1737694562898,77.64898470567834],[-113.12062550939997,77.63920990778847],[-113.09076403533146,77.6398535918035],[-113.0573716944498,77.62815639086594],[-113.09677671042517,77.61999888581033],[-113.14703949083273,77.62162180390263],[-113.16765908343868,77.61273419760161],[-113.14406229097473,77.60174770793978],[-113.19163326521509,77.5860661030575],[-113.16428154233927,77.58320788955245],[-113.19305533754329,77.56502180890251],[-113.16985520754645,77.55751151288501],[-113.19789625637581,77.54259420535142],[-113.2054416449805,77.53168139136709],[-113.19552483548958,77.52392529311287],[-113.0973304296719,77.53247329977472],[-113.02782908572388,77.52744129008462],[-112.95376542524484,77.52552700969984],[-112.96234786734867,77.50993520134426],[-112.95652016346119,77.49439989532684],[-112.9191245538299,77.47878250526205],[-112.91798379959849,77.46809530463717],[-112.78291355118247,77.45803970231833],[-112.75834690873816,77.44989630517964],[-112.71878283435558,77.44991479325262],[-112.70119666240501,77.45725090127382],[-112.70724926315431,77.46441930730981],[-112.67532676552405,77.47184149411427],[-112.59719045483664,77.46835540902103],[-112.56556455126014,77.45022849829977],[-112.55972439736303,77.43011299577803],[-112.52904314423196,77.42800149233936],[-112.52534236301184,77.41362329443977],[-112.51040315068558,77.4046915981923],[-112.47021922235517,77.39457471080112],[-112.45993789101355,77.38274700399751],[-112.42522411375167,77.37333181044147],[-112.39300713020654,77.37336940935529],[-112.33623134693579,77.36315610503293],[-112.27959694987946,77.36063849988874],[-112.15458585331349,77.33786559220738],[-112.0854612625856,77.33643641415595],[-112.02949599400236,77.32911070939568],[-111.99999999917911,77.33528199779286],[-111.89764719597568,77.34366420567007],[-111.78155798709157,77.36343990296297],[-111.74022789312377,77.36399131320886],[-111.73667933364513,77.38069548544786],[-111.69108648264316,77.37809129832344],[-111.6398311705994,77.37903229892225],[-111.60057188777049,77.38822761184424],[-111.6011793452777,77.40191899122215],[-111.51424127930073,77.3910203934047],[-111.48133797558216,77.39216870107238],[-111.4806823348567,77.40167369377616],[-111.40388524332856,77.40665799816674],[-111.34619265098604,77.40336420081229],[-111.33286691533314,77.41048429710176],[-111.34634248556547,77.41871121008558],[-111.31537503000372,77.43461539441849],[-111.26434782845507,77.43435540808831],[-111.24345748253737,77.43979059745317],[-111.20935518449745,77.43970329892059],[-111.15969188974277,77.42572188866446],[-111.1201680471687,77.4211791915935],[-111.08636350810417,77.42496699285296],[-111.05088590041952,77.42162809700194],[-111.02281570420529,77.42956001173931],[-110.96014235534042,77.43452139664706],[-110.96176918739957,77.41686840668497],[-110.90796526150191,77.41292400630117],[-110.9130534502581,77.4224257929719],[-110.8963954307663,77.43013939573693],[-110.81737223758435,77.43206648841328],[-110.78673814616917,77.44143550415984],[-110.66302079454009,77.44713821191165],[-110.63885012575233,77.45625930246402],[-110.60544641423728,77.45361179452676],[-110.58289249906687,77.46089701044598],[-110.4961212765894,77.45897559217785],[-110.48740548009495,77.4702887026707],[-110.44276964341113,77.47836889110195],[-110.44616717234149,77.48531791148098],[-110.39161938815167,77.48900480753633],[-110.3221434950327,77.50009639409382],[-110.27450778085448,77.49665819102957],[-110.24710414177002,77.50149329906564],[-110.22182934374557,77.51602959033998],[-110.19276381694918,77.51701919375715],[-110.10250724416807,77.55613160381591],[-110.05676852690101,77.56635628581164],[-110.07889076937286,77.58318749306368],[-110.14586851452185,77.59830750494508],[-110.1149652673249,77.61798921153455],[-110.0536567501119,77.62094690721229],[-110.05220856852378,77.63899530619972],[-110.07847382776158,77.64726719399674],[-110.04622111186107,77.66992198949053],[-110.10931778794048,77.68396770888278],[-110.09073851287374,77.69774760625542],[-110.0831005130733,77.71497019203903],[-110.0453311074261,77.71987370812923],[-110.08616429066583,77.73315399211603],[-110.03897879254968,77.74083921065309],[-110.05051158596397,77.75803440990819],[-110.0430786605442,77.77002549017095],[-110.0625939589734,77.7789518047434],[-110.11264484387893,77.78620430227092],[-110.17981104630572,77.7876531088663],[-110.19500692882733,77.77979599466113],[-110.23921695436844,77.78618509566378],[-110.34999518528102,77.77294329806497],[-110.4200579796501,77.76857370071541],[-110.51478055841304,77.77238540051312],[-110.54019608144947,77.76877449312771],[-110.65216841899961,77.76781779614329],[-110.68453134857765,77.77837599448725],[-110.7184021788015,77.77539151013009],[-110.75803042290134,77.78221888535188],[-110.72983709221005,77.79037470307262],[-110.73174129674598,77.8053695101623],[-110.74623234504,77.81399209086754],[-110.84226497215332,77.82708719183458],[-110.89036655743722,77.82691219902243],[-110.91889293010763,77.81856779233864],[-110.95309575642946,77.82616930695391],[-110.89298891684014,77.82774609542889],[-110.89739433898829,77.85210329945714],[-110.90759513952308,77.86709759823817],[-110.82565974083873,77.87095219417058],[-110.77057633634759,77.87801459771306],[-110.65979951796163,77.87745179050762],[-110.59032723094808,77.88553669351711],[-110.52144277049382,77.88624380882472],[-110.50085400567303,77.89156961021334],[-110.44365142907336,77.89343730160476],[-110.39991621633314,77.90057890256388],[-110.41484768625801,77.90797220642011],[-110.40083545697127,77.92543290623072],[-110.30459937258256,77.92325400589431],[-110.26245165522926,77.91343910969687],[-110.25132570538292,77.90083129294823],[-110.18183923777286,77.89944259738867],[-110.15426679220248,77.90711829309544],[-110.15074816324247,77.91899370901245],[-110.08637064522941,77.92082899096577],[-110.01000404987343,77.91779330978393],[-109.94663443238302,77.92263418888551],[-109.86921535839836,77.93480651083105],[-109.83112804141308,77.93678485090193],[-109.83116642482953,78.11078058289512]]],[[[-118.81227717089465,77.36295121351843],[-118.80614955160115,77.34907260380727],[-118.87868244045086,77.33676539998163],[-118.87283248869153,77.32868049024329],[-118.9532688997888,77.32341330593418],[-119.06880192561705,77.3296804861545],[-119.15199859346461,77.3263733967056],[-119.21410057324668,77.31334620929968],[-119.2478906321705,77.29250300070038],[-119.27465948476451,77.28708580483367],[-119.26387083886831,77.27811429847168],[-119.29718188658197,77.27004091216901],[-119.30830084798973,77.25786499689332],[-119.30371151751628,77.24044819729104],[-119.32529836821733,77.23979360916643],[-119.35352807078016,77.22997309399041],[-119.33013670480749,77.21707020457278],[-119.37886084105985,77.20059029390396],[-119.37593918795453,77.18979569732412],[-119.40273074265471,77.181521798809],[-119.44072515844087,77.17786370741308],[-119.49633847134601,77.16416419988803],[-119.4935365265559,77.15810129441138],[-119.53062655474452,77.15234090659565],[-119.5565875612845,77.15402340228847],[-119.61283741832904,77.14747158530089],[-119.62705251480568,77.13033980855784],[-119.64960823229254,77.12313629675161],[-119.68980843237495,77.11802379849496],[-119.74732395724175,77.11946570190256],[-119.77066115473325,77.11642129779484],[-119.79618174320855,77.10577999921232],[-119.7819611073761,77.09017668563432],[-119.79247529151873,77.07518610338737],[-119.87679917032844,77.06296319353385],[-119.9040705908117,77.05661628780506],[-119.883025565237,77.04098040605535],[-119.92605298637133,77.03116109588666],[-119.95418474781081,77.01993229521929],[-120.05279883007827,77.01447519374986],[-120.0975223537568,77.00166660266564],[-120.09049695847253,76.98483969631667],[-120.06632820865603,76.97151319979706],[-120.09142037342824,76.9606765930138],[-120.15048291995929,76.9567983890822],[-120.17637525093399,76.94831669657283],[-120.1740777841471,76.93787059104919],[-120.15391990232037,76.93102468954747],[-120.16361752543385,76.92288339723886],[-120.21377068528126,76.91739799359668],[-120.2281642600155,76.90307140967248],[-120.25937563180533,76.90541239195694],[-120.31128003544369,76.89396780028483],[-120.37394135670117,76.8896661046289],[-120.41436991294152,76.88166970676717],[-120.4103226870853,76.85870460721297],[-120.39203525090548,76.85274380492118],[-120.34973319521035,76.85074939991064],[-120.37264354195518,76.82976460936875],[-120.34191776703312,76.82015459004853],[-120.39025701800618,76.8087826881885],[-120.45130506901583,76.79058710799205],[-120.49404940795664,76.79050188934535],[-120.5455864945908,76.76774879109331],[-120.5732424244067,76.76157780811538],[-120.58830533539664,76.74943539844396],[-120.65362112139492,76.75114749680768],[-120.64960808682207,76.73897830466039],[-120.6678200994159,76.73218059931577],[-120.67741781208514,76.71883990291097],[-120.73133655708516,76.7351568083021],[-120.79784870668684,76.7356583015911],[-120.84735358112134,76.7228716959414],[-120.87827529255274,76.70444449081589],[-120.94230964146084,76.69836990018155],[-120.9682973361221,76.68356260596421],[-121.0019289012092,76.68912659820228],[-121.07547881364309,76.67671589031326],[-121.12219220504795,76.69108718465569],[-121.17209322342549,76.69712070839807],[-121.20454915199132,76.68591599167537],[-121.20298211186467,76.6673390890918],[-121.18629015168952,76.63882759699456],[-121.20120472699726,76.62347038934568],[-121.24035264734817,76.62167339583827],[-121.2728507469274,76.61307609326221],[-121.26151058810368,76.60258328921493],[-121.30524700477277,76.59121538844634],[-121.29698350758683,76.58528170327892],[-121.32338019778143,76.5802974991237],[-121.3094204508802,76.57275780019224],[-121.35345869408728,76.5579034140517],[-121.40372637781194,76.5544833034046],[-121.38485420166693,76.53372988589953],[-121.3996723263609,76.52468139265817],[-121.40533996619307,76.49903899081517],[-121.44084316173382,76.49865090321627],[-121.45794428688257,76.492153714139],[-121.46073195112528,76.48220199150042],[-121.48158935315217,76.47841559809709],[-121.47610804936224,76.46753880325971],[-121.4923039034661,76.45854288719933],[-121.55522651809396,76.44712718690006],[-121.69631790739348,76.4365268088604],[-121.6781731481944,76.42837020344297],[-121.78132822906868,76.42479220077396],[-121.79545766752332,76.43050430584697],[-121.83600948493637,76.42623491448695],[-121.854507876273,76.43585969700274],[-121.90556036673337,76.4425734058347],[-121.98652832100043,76.4495868924577],[-121.99328324571121,76.43661539804194],[-122.02447316102253,76.43386870094689],[-122.0929570188145,76.41777339283777],[-122.12724314230664,76.42342390314084],[-122.28542819751246,76.40949330836472],[-122.28984545780561,76.40459070118611],[-122.35800644635215,76.40201219349447],[-122.42706499031024,76.38109261545641],[-122.48179649060002,76.37428219544945],[-122.4846998534595,76.36827480077991],[-122.54039211119009,76.36622190307597],[-122.5399258087661,76.35722110527927],[-122.56869719300208,76.35444739293017],[-122.6280866284791,76.34034030010432],[-122.61225677301053,76.33458271483184],[-122.61634585392706,76.32144909610444],[-122.63944091025645,76.3011200964279],[-122.64187470507552,76.29014519611663],[-122.6149392989346,76.27585929332997],[-122.64564787955894,76.26291861143628],[-122.69429791096624,76.24966030070891],[-122.73945819233566,76.24272439194192],[-122.70464612054337,76.22753099291279],[-122.7289209847573,76.22601001493659],[-122.75106814478418,76.23340739277157],[-122.79533844141825,76.23616299206167],[-122.8199643612894,76.23226160567127],[-122.82559556709138,76.19796609688608],[-122.84303272196102,76.18104790494237],[-122.89648658123353,76.18794270171689],[-122.92558932113874,76.18813951056075],[-122.91754075468879,76.17309789642684],[-122.8669489642812,76.16423139953194],[-122.81578330814905,76.14612709686484],[-122.79166338623148,76.14477401262498],[-122.74664455718737,76.16130320409648],[-122.67767239315341,76.17066099604094],[-122.66254102177436,76.17692630056293],[-122.61658146676648,76.18179569579667],[-122.58623132561131,76.17982098550337],[-122.54710798513374,76.1572007993726],[-122.49584071586156,76.15355121130983],[-122.5108745439657,76.13921180283883],[-122.55443137419842,76.14128900364764],[-122.55878297157592,76.1469942145054],[-122.66834626164528,76.1314573900213],[-122.69173627231716,76.1198065081169],[-122.61096596841908,76.11278220686278],[-122.55750369459226,76.12952481012896],[-122.52961410448646,76.12324709369003],[-122.47584150391144,76.12891270096924],[-122.4377303545082,76.10541799889364],[-122.43947929094729,76.09963559547525],[-122.50722448412874,76.08553520411715],[-122.4846595149655,76.07821499219494],[-122.49281262702543,76.06396420277198],[-122.50775807412809,76.05674909178788],[-122.55583478889916,76.04751411466084],[-122.60350483513503,76.02508879069168],[-122.6762569414185,76.02699849433935],[-122.71076215801551,76.02011099867418],[-122.66682112893818,76.01277519818863],[-122.59035428461637,76.01478021003739],[-122.5574723677413,76.0252463001702],[-122.54619710631638,76.01300279336719],[-122.56080930330988,76.00333090045892],[-122.62871879183484,75.99758319258451],[-122.59372469862993,75.98341400148563],[-122.68322194567887,75.98084600685141],[-122.65157052711359,75.9570781047803],[-122.59718560074515,75.94699709319293],[-122.59101129967227,75.94161570986506],[-122.53395614397425,75.93384670437362],[-122.50673047858214,75.93554430254198],[-122.4318945435245,75.92897129325898],[-122.36713594597178,75.93053750062478],[-122.27685441264782,75.95184460702042],[-122.25891690290776,75.96212489737124],[-122.14647453313678,75.9855793017572],[-122.11649538580069,75.97854180160387],[-122.10233942347752,75.98800289213233],[-122.12121109012142,76.00627559364766],[-122.09832946610787,76.03940590427065],[-122.05219516984802,76.03436041307491],[-122.02591576949104,76.03980210994187],[-121.9436649517569,76.0439848023189],[-121.94276217253764,76.04871540061362],[-121.90846967923218,76.05916591317352],[-121.86936350531714,76.05748248697385],[-121.8541319686747,76.04941949485354],[-121.77507351272614,76.03837498801273],[-121.76661944655267,76.02645319378566],[-121.74208804364028,76.01891389620782],[-121.72061310629859,76.02553350513098],[-121.65758008448516,76.02729719762864],[-121.63802816473964,76.01710830293801],[-121.6085415843669,76.0164842892829],[-121.58238881933678,76.0105922944802],[-121.55468196978688,76.01023579375904],[-121.54929303386014,76.00276480414671],[-121.50926681924923,76.00921240431813],[-121.48877621154757,75.99616068584905],[-121.46532479815303,75.99022180689794],[-121.4690413951517,75.972560996819],[-121.44007390357514,75.9693418100445],[-121.39778196125543,75.9553584931284],[-121.43115213498383,75.95053550373957],[-121.43312006743618,75.94345139278383],[-121.40284302856148,75.93712570084905],[-121.3646215242071,75.94050779186041],[-121.33528899746943,75.92410760743441],[-121.29186466731589,75.90870381146718],[-121.27140868004707,75.94867140523465],[-121.24562197682137,75.95851440734972],[-121.2434227909957,75.97306509559783],[-121.22584737855337,75.98087760298598],[-121.18428172376562,75.97725890688365],[-121.15736412137407,75.98645369568204],[-121.12449523498188,75.98820410630653],[-121.1005703256446,75.99755260652266],[-121.09233697670408,76.00728790540954],[-121.05627527047791,76.00644380417519],[-120.98952359091027,76.01129439575266],[-120.96299454274933,75.9914917920193],[-121.00527503105297,75.97067539194649],[-120.99252771054984,75.96102019355266],[-120.9936845430894,75.94514239326011],[-120.94611698973948,75.95403691022923],[-120.9118332320164,75.95639490170642],[-120.92549609185471,75.98177841376244],[-120.92104957374549,75.98580480009082],[-120.95000587423871,75.9974044166231],[-120.93279251473439,76.01072188414783],[-120.96317320854972,76.03154531291791],[-120.97002985833053,76.04380930334295],[-121.00806551586594,76.05319130092973],[-121.03561996172698,76.06583710184248],[-121.02728682109536,76.07351820754441],[-121.04640264771606,76.08412280491747],[-121.00488450468318,76.10832970962193],[-121.04334221037371,76.12541019738114],[-121.02319001526413,76.13392289297742],[-121.02640299367849,76.1504025946747],[-121.01614936194805,76.16132439118009],[-120.96792991104344,76.1628978989923],[-120.94488370958031,76.18001499809283],[-120.91249436750694,76.18340589948701],[-120.89601765634634,76.18986610265043],[-120.90275711170952,76.2000484894543],[-120.86087518408398,76.21012429393456],[-120.8571721309444,76.19455769514063],[-120.83912428911722,76.1850889872751],[-120.78859086726418,76.17608670558847],[-120.73252421592227,76.17122019055587],[-120.70997792655106,76.182824783572],[-120.68392755789962,76.17400750222804],[-120.72027831113596,76.16044409134906],[-120.64795868856199,76.16027391112503],[-120.65296615139538,76.1393031980371],[-120.67709706690576,76.14257878998225],[-120.72656377672386,76.13015739262583],[-120.73860330262822,76.09990749368623],[-120.70138838260772,76.09346439371583],[-120.65382009317895,76.10827291046476],[-120.66141419306844,76.09018989672977],[-120.68768834508295,76.08394690131536],[-120.7224769881725,76.08250170188414],[-120.71580469381176,76.07089930525134],[-120.73176500647106,76.0632700850213],[-120.71214577316587,76.03159351358167],[-120.68112206613407,76.0200875022135],[-120.66726919318363,76.00726960538334],[-120.5832199410492,75.98316319400753],[-120.55121417555918,75.98541239803592],[-120.55731851897748,76.00135201111613],[-120.5474551702746,76.01022320259761],[-120.492675926292,76.00848698534928],[-120.43897797504407,76.01040429948245],[-120.44702815195687,75.99193090004768],[-120.42257744909672,75.9783780956166],[-120.37958215116375,75.97599149841005],[-120.38938799655533,75.96899620433464],[-120.43301633633943,75.95835679570457],[-120.46185832511766,75.93454008802392],[-120.45731079432854,75.91234059049746],[-120.4690620848932,75.88812509440359],[-120.47089365855803,75.87040899972706],[-120.4846768796859,75.85321530132325],[-120.48066754250989,75.83592309571779],[-120.4540542305845,75.82797309528],[-120.41011469354548,75.8274226930058],[-120.38170291065049,75.81760169524819],[-120.32660521824194,75.8114253847339],[-120.29549476381432,75.81265670102468],[-120.23419388311194,75.82850940153136],[-120.22894876922307,75.8406085132999],[-120.20156306087928,75.86123410036704],[-120.2049424562212,75.86976919242078],[-120.19047300463103,75.87900308782532],[-120.1765047693361,75.90337929429373],[-120.12779946898368,75.9058524010834],[-120.11454784719344,75.89918349293322],[-120.07855054173828,75.85365130649804],[-120.01631210201379,75.84642819552725],[-119.96656307892218,75.85014440677854],[-119.91480439062508,75.85099940177923],[-119.8536179714419,75.86418810310236],[-119.80918432097721,75.86781679461062],[-119.73679914956533,75.88291190661424],[-119.71325375386944,75.89249950349024],[-119.73943666565128,75.92366540150375],[-119.72436841569571,75.9291202033484],[-119.68665409097107,75.93142301227216],[-119.64384342168613,75.92985579334008],[-119.59894980134068,75.91967478932862],[-119.6122696187203,75.93512711081841],[-119.63875489155197,75.92944600685675],[-119.70483918983149,75.94989050976194],[-119.67873049622908,75.96814150182796],[-119.63980613557388,75.97612119542069],[-119.62629803990963,75.98447989682838],[-119.64787202171985,75.99809739332757],[-119.57044206949274,75.99436539754556],[-119.53664338089894,75.98077570647432],[-119.53460943279251,75.96773460323926],[-119.50825478657625,75.9622799968274],[-119.48893976446224,75.96975900448234],[-119.49549683664735,75.98164269410564],[-119.47545926710171,75.98904209134874],[-119.4770665971254,76.00754138621161],[-119.46769686567895,76.0118792063848],[-119.49688627065419,76.05366790401095],[-119.54119905884204,76.06779620242922],[-119.57305925850363,76.07039170198492],[-119.56960714181632,76.08595929536348],[-119.63522237648417,76.0876472055938],[-119.67839229092499,76.09799440724895],[-119.69583127919648,76.09830350658791],[-119.78717220231866,76.10810379780621],[-119.80708497475204,76.1151700125884],[-119.78725277861938,76.12184530466254],[-119.75509042698759,76.12509009257676],[-119.66122085405344,76.12512530624856],[-119.62541366100669,76.11674239522401],[-119.58991532609289,76.11870709763355],[-119.56659839249775,76.11459999315566],[-119.53371301988126,76.12092609047293],[-119.54211498349387,76.13478620067883],[-119.57270334203552,76.13867449248569],[-119.61259863160909,76.1379106069231],[-119.67165271829525,76.14942969882885],[-119.69014613516589,76.1686295026176],[-119.63908018491804,76.16900060356491],[-119.6066701035443,76.17652280394952],[-119.6273913684133,76.19005161131201],[-119.59733869146297,76.19111040983118],[-119.56948533122787,76.18459879051619],[-119.56789054774751,76.17644849774685],[-119.59474109250283,76.17262218827668],[-119.57335286612826,76.16595041124023],[-119.54004893105426,76.17120839137225],[-119.55976768088715,76.17795671277365],[-119.5455716281135,76.18368660952046],[-119.54857118637774,76.1950109934081],[-119.58315056606716,76.22109500444923],[-119.62156284431293,76.22834449481638],[-119.61740340445789,76.23373158820435],[-119.65240507666802,76.24341020608317],[-119.66930466534991,76.25905390396538],[-119.71425378920465,76.26731951405957],[-119.70464081343623,76.27454110800281],[-119.67767255594258,76.27794549859944],[-119.63399924807662,76.27190009876352],[-119.62148085286725,76.274830899469],[-119.61909398744744,76.28930890661276],[-119.64742208428396,76.30700450779548],[-119.62205804581758,76.32142689850238],[-119.64043040499963,76.3284619031743],[-119.68432157231588,76.33322710559608],[-119.66897931897736,76.34688760455174],[-119.63252600929523,76.34392478697816],[-119.62832312976747,76.32582330947066],[-119.55593300001964,76.31850478796841],[-119.53399928074595,76.32324291004348],[-119.54039205416838,76.33224590493597],[-119.52621963512632,76.34125209668055],[-119.53070583565943,76.35638508980848],[-119.51075022426573,76.35955710086043],[-119.44744333602839,76.34968260242245],[-119.47121185318987,76.34425930716638],[-119.47170176393341,76.32820780396108],[-119.46209433060022,76.31773020063447],[-119.4801088758476,76.3108429161382],[-119.48211004468796,76.29098459967629],[-119.4511868763573,76.2674190055349],[-119.44577871857236,76.25606328370085],[-119.42726404621101,76.24774309196067],[-119.3694196327268,76.24217980904612],[-119.3388385005382,76.2338618900287],[-119.35168508745505,76.21373860106131],[-119.30784275777371,76.2044557032613],[-119.32139125329687,76.18167550213713],[-119.31288349411486,76.1570053124171],[-119.292521222707,76.13866510718795],[-119.2023847275995,76.11132828627271],[-119.14942483001545,76.11392710624959],[-119.11831727780589,76.10532579995763],[-119.10131447771364,76.0891536055298],[-119.06016382212363,76.08940891099813],[-119.03752396652152,76.09657879519519],[-119.0517432285068,76.10172080565215],[-119.05384464930272,76.11308509133467],[-119.01510091299296,76.134263796235],[-118.984536426017,76.12857128499002],[-118.95318965007112,76.12823609645254],[-118.93587607901527,76.13362271265284],[-118.95347406714502,76.15647868939406],[-118.94324664503638,76.1642394064007],[-118.88267916034155,76.16888410737977],[-118.85474994013376,76.17749139792346],[-118.86180216021948,76.18850000442396],[-118.89704984610624,76.19890669741892],[-118.89749266259771,76.20787890197704],[-118.93690416827847,76.22185061216291],[-118.9084444427313,76.2315781949707],[-118.92732928099875,76.24330461391583],[-118.92755643522129,76.25360229010901],[-118.89724348227769,76.27002101253728],[-118.86105179105088,76.27102941009538],[-118.86054685213905,76.27779439658998],[-118.82255935213276,76.2838723039203],[-118.76714751036725,76.28812329795005],[-118.68428470479974,76.2854609957164],[-118.64299152825608,76.289137192219],[-118.5876493115767,76.3115249065725],[-118.53729590268648,76.33636740162305],[-118.56172135450352,76.35756269441882],[-118.5865295803388,76.35388929890287],[-118.6014175548522,76.36453200282412],[-118.55996580796999,76.38617019809662],[-118.58528686283597,76.39597519357206],[-118.57573771255001,76.40617270781496],[-118.60459389936605,76.41305230242082],[-118.6283280619067,76.42467219204688],[-118.61917437932439,76.43267439017953],[-118.65956936498999,76.45734530566801],[-118.71912655051015,76.46046109380241],[-118.78263915221322,76.46745900320292],[-118.79038532950707,76.47857030223061],[-118.84640535180527,76.48390440043627],[-118.90384505995131,76.48025339057004],[-118.94135644039056,76.48448760907881],[-118.95198029726474,76.50823468756523],[-118.92621991070187,76.51494669810147],[-118.92025846361385,76.52688090842696],[-118.89542496724785,76.53531479537243],[-118.76801846119702,76.52810200160987],[-118.78689261202202,76.53847500722637],[-118.82104593095441,76.5401276107071],[-118.84056082332285,76.54959310167804],[-118.8445957239316,76.56115141142335],[-118.8080030263632,76.56218999231126],[-118.78724525103684,76.55348299727908],[-118.72231806564123,76.54552360287997],[-118.68756363912499,76.53000019757768],[-118.67979016830934,76.51763290096105],[-118.65734145604466,76.5162730040448],[-118.57468000453423,76.50319449010897],[-118.51858850249397,76.50828560122905],[-118.46937089133714,76.52612709218693],[-118.49778955945519,76.53599740723593],[-118.47269154944513,76.54428719635159],[-118.4203962831517,76.550538294501],[-118.39779307498651,76.55916798952998],[-118.33697451646754,76.55697109097636],[-118.3100952262005,76.55867909628881],[-118.30552426504481,76.57089789598187],[-118.33779925193392,76.59266220836933],[-118.31414219894263,76.60066478729354],[-118.3241250164762,76.61370139574572],[-118.3102933943778,76.6231427992919],[-118.31524439538238,76.63469310894098],[-118.33894749190192,76.63947271011715],[-118.31699357687233,76.64598889225617],[-118.3358725446886,76.65934179133203],[-118.37637666955447,76.66391971607086],[-118.44950158940298,76.6788652942203],[-118.44727709201452,76.69706181023982],[-118.42727827378842,76.71025530956392],[-118.45646163545473,76.71741699629533],[-118.45545029625606,76.72883720886236],[-118.39770667114968,76.73265559357252],[-118.35372966432126,76.72265260683136],[-118.32527469265796,76.7060581099003],[-118.28979752202363,76.70936249411267],[-118.26636610452138,76.72190949299116],[-118.25891903770481,76.73660949904091],[-118.26779375939063,76.75343759866908],[-118.32230850376295,76.75715760654599],[-118.3167884473934,76.77478379717266],[-118.2913173783767,76.78415740588136],[-118.25153416125423,76.78455050545575],[-118.0983974735703,76.7630241054282],[-117.99016447700974,76.76065170399742],[-117.94406807645669,76.76747690052319],[-117.9556787892103,76.7726669009941],[-117.920527019632,76.79150531207733],[-117.88178467342287,76.8027623159342],[-117.90125841701553,76.8145510858267],[-117.86614068541012,76.82733561307911],[-117.83376808685506,76.83145699018017],[-117.79080185721621,76.82850170341635],[-117.76456236070943,76.80974530917096],[-117.70636077173396,76.79927801350938],[-117.73713395763684,76.79311180844607],[-117.73108406280927,76.782819909601],[-117.75406224682818,76.77295670011505],[-117.73863576132375,76.76604180245401],[-117.7695634481184,76.75722639434873],[-117.750283338691,76.74707080658762],[-117.78374208117434,76.73727489255562],[-117.78031205377276,76.72501129154925],[-117.80548554430783,76.71635899338933],[-117.83033261182355,76.71457189659458],[-117.84878587427252,76.70223559270075],[-117.90714678600374,76.69670560978898],[-117.9306424305731,76.68510658350232],[-117.91570459196156,76.66507588942342],[-117.91912404014113,76.6354771956226],[-117.9588026083254,76.60714591284743],[-117.93929342967373,76.59246300789883],[-117.90080395093118,76.5873268969078],[-117.9382612173038,76.57841869625611],[-117.95391421711336,76.5692063955129],[-117.94404120432989,76.55475459452589],[-117.91193793959481,76.54777139352949],[-117.90396271336006,76.5351699915006],[-117.95388738038841,76.52279860481453],[-117.98169284115802,76.51070990076008],[-117.97974708962172,76.50239300277363],[-118.02023083641619,76.48633990221722],[-118.00135103963075,76.47619600350906],[-118.0080309871625,76.46060040962347],[-118.03175335266285,76.4553070048864],[-118.01405139265479,76.4488169969038],[-118.01898887921489,76.42410849852799],[-118.0460641354712,76.41811509017116],[-118.009100615343,76.41114140833501],[-117.93748047809818,76.39024880340298],[-117.8818617976378,76.37671210140337],[-117.88965553611618,76.36951930014247],[-117.81802076701182,76.35401030872364],[-117.85495776446677,76.33912759690622],[-117.80250922318858,76.32484220289248],[-117.77801177622426,76.32418909477202],[-117.73171168517018,76.3310559073028],[-117.68439169673115,76.3263238970767],[-117.62245794572866,76.308281307436],[-117.62907098870987,76.29535331302843],[-117.64425191949769,76.28908429504455],[-117.60076997921848,76.28676500375421],[-117.5294486689009,76.27279760042045],[-117.42597645698774,76.2651040999527],[-117.36253738931163,76.26477579623473],[-117.30740339180005,76.25864489249805],[-117.28850010798475,76.2630453128037],[-117.25940161979754,76.2839804076476],[-117.18834033485321,76.2850581995984],[-117.1382895038455,76.29200070190333],[-117.0584080084311,76.30824570075828],[-117.03707678874284,76.32611090075977],[-116.99425704161561,76.33339389165546],[-116.98130211017623,76.34118551192648],[-116.93903756743181,76.34722140039344],[-116.93124272660125,76.35965070657522],[-116.95665840280313,76.37064049719817],[-116.91005412792974,76.38719119112238],[-116.9174691541024,76.39865410433116],[-116.96409480143225,76.4131653118632],[-116.97807919415112,76.42070300811982],[-116.9821597638966,76.44312700949973],[-116.95454974299037,76.4624329044308],[-116.99250217819763,76.4706172057993],[-116.97344286512947,76.48780520614712],[-117.00987443643469,76.49537539189083],[-117.03674279653876,76.50583159124011],[-117.04176645797526,76.51576990365584],[-117.03513949505881,76.53360181301582],[-117.0383534574764,76.54675630239272],[-116.99640737805429,76.54668771220759],[-116.97080294756502,76.56243309845306],[-116.94350405027576,76.55714820468344],[-116.89987776628112,76.5590536065072],[-116.84872141839323,76.54953190865629],[-116.80340575834015,76.56057359062702],[-116.7787248496483,76.57400219175756],[-116.69363345856007,76.57263641040896],[-116.65058860446872,76.57372348743615],[-116.61667364401387,76.57075849286963],[-116.56130834335198,76.57235750068936],[-116.49427014238388,76.56924380528515],[-116.42278989324366,76.58067199168168],[-116.37459509826326,76.58161710758648],[-116.30521574387912,76.58722230674948],[-116.28299716398966,76.59456691008687],[-116.27671584794429,76.60478710545111],[-116.24454886313508,76.60162660140738],[-116.15616940511096,76.61321970527231],[-116.13834408137029,76.61826339084467],[-116.06052492378294,76.62269280663969],[-116.03992076237378,76.64222110329733],[-116.00792924933815,76.66059339316281],[-116.00922762449355,76.67638188595612],[-115.97442156917465,76.68830200707214],[-115.90255959733884,76.69126280583792],[-115.86402966781134,76.69998150247235],[-115.89422648341154,76.7113597889685],[-115.89592641041526,76.72215580965842],[-115.9164763766349,76.72540850983536],[-115.90450832655522,76.74555900240998],[-115.93040391859877,76.77141800194939],[-115.9888925371417,76.77120900911426],[-115.99263040163048,76.78649251153568],[-115.97164127161766,76.79105520719216],[-115.97746136779904,76.80587960173014],[-115.9502001192239,76.81445278430459],[-115.9874888405414,76.82983399942881],[-116.04891422020617,76.83554479859248],[-116.05120412502204,76.83954649880174],[-116.10531963216172,76.85192850056168],[-116.19085036888923,76.85354551558112],[-116.19866795281347,76.85903950366918],[-116.24227492583441,76.86716898598652],[-116.28729837371858,76.88199741466931],[-116.28314736474341,76.89159660437188],[-116.31408768209458,76.90079919545884],[-116.30007534180972,76.90776019497855],[-116.3141041369473,76.91743419379422],[-116.34184183702897,76.92031359087258],[-116.37033336978139,76.93500600354072],[-116.33840195164693,76.94864709913277],[-116.29440659199554,76.94446150835167],[-116.25549904091667,76.95025779225506],[-116.14273844050429,76.93127920510778],[-116.12778466765774,76.92051160267461],[-116.09164520444244,76.91943528890917],[-116.02294567395768,76.91070069054244],[-115.96651951183202,76.90662099705457],[-115.93732749143885,76.90009319448475],[-115.86015282142901,76.91083799704175],[-115.83177979835757,76.910363492073],[-115.79174888156456,76.91591099090314],[-115.74622429010358,76.93021489724931],[-115.72351657252459,76.94647931637508],[-115.7637923501558,76.96427860067111],[-115.80355806606119,76.96473799516191],[-115.83728818420815,76.97156888913275],[-115.83528521892524,76.984997402577],[-115.85065094670523,76.98963980176306],[-115.90200209213135,76.98850269376358],[-115.93667990305157,76.99307868724792],[-115.97066576422115,77.00559170146641],[-116.02212253588293,77.01142659736477],[-116.05065190938568,77.01126979054426],[-116.11128900039448,77.02243680141386],[-116.11243544052806,77.02881829426943],[-116.15425195749474,77.03145291071233],[-116.2415906648619,77.04480761476533],[-116.20841210118124,77.05928010648027],[-116.24463053710173,77.06346198993013],[-116.28133412285725,77.09228649757976],[-116.24712135134833,77.10261750592066],[-116.24161610771446,77.10999910320508],[-116.34004109229056,77.11251110412312],[-116.32707634077275,77.11987999894086],[-116.35086654684045,77.13266760322372],[-116.38149141108848,77.128749510754],[-116.40080559079412,77.15076019774703],[-116.37002922231342,77.15137999677819],[-116.32855626930022,77.142314795935],[-116.27439819354635,77.13603939615531],[-116.259455849573,77.13974420809298],[-116.24479292906162,77.15397919196597],[-116.25277498572285,77.16523290026383],[-116.23402370921013,77.17359289968665],[-116.27084309700714,77.17610661276282],[-116.2669595696434,77.19099389959025],[-116.29402908373207,77.19610659155218],[-116.27154927690925,77.20365480241927],[-116.19499011464353,77.20219880546101],[-116.17494519982624,77.19819719369545],[-116.12538089371948,77.19883890231007],[-116.08688543917194,77.19494659217987],[-116.04513634444709,77.19890469785521],[-116.02310882200335,77.20681409421746],[-115.97606560014859,77.21104651120172],[-115.983278925542,77.22617778833691],[-115.90399484525257,77.22346380015401],[-115.8714626099873,77.22436590317605],[-115.81620212079413,77.23308371061178],[-115.80237234880826,77.24924349914673],[-115.78255982673811,77.25634570028856],[-115.72099589704187,77.25565449740189],[-115.6173281733508,77.26725599801678],[-115.55929064893817,77.26651149891111],[-115.51021838840109,77.2717526112424],[-115.52692081382287,77.29113508502911],[-115.49358703342911,77.2964989058949],[-115.44211011686319,77.3165013044298],[-115.46134991035211,77.33480840941833],[-115.43129448121431,77.33861441417056],[-115.43909217943195,77.34697720407449],[-115.47645553081351,77.36550710320024],[-115.51766081386316,77.36792490066533],[-115.53653841503589,77.37564830680616],[-115.56697565926119,77.37818011010272],[-115.6586072363001,77.39930709409228],[-115.66190059090516,77.40782501043331],[-115.69730491099727,77.41192741299568],[-115.70254850632276,77.41992550065191],[-115.80909443053032,77.43632600165327],[-115.8698614307783,77.43586110992968],[-115.8583656086034,77.44529069950816],[-115.89742312722491,77.45154420302273],[-115.94110328579502,77.45203300515341],[-115.98044859244642,77.45924938766588],[-116.01487575244107,77.45563849603614],[-116.03990018411284,77.4623676898459],[-116.07676240511216,77.46163771031621],[-116.11150933941606,77.4680435882929],[-116.0530133401582,77.484067199242],[-116.04490066492026,77.49720301141407],[-116.06620992234595,77.50702549201421],[-116.12907998991423,77.50919760077163],[-116.13669562411866,77.51706530225343],[-116.18904264746924,77.52793210475315],[-116.22260837137416,77.52006200549681],[-116.27057798676888,77.52759899730039],[-116.31763131388534,77.5435397913295],[-116.38907920517894,77.54985008736183],[-116.43865565743207,77.5451332087783],[-116.4244190933132,77.56091861314485],[-116.5109785683046,77.55535580185088],[-116.53809154265223,77.5474679030954],[-116.60273146346267,77.54708440245406],[-116.68398452506028,77.53980719687877],[-116.80224816539359,77.5375573986386],[-116.88571425368265,77.54004760720498],[-116.9018452095781,77.52838399660442],[-116.81928644202897,77.52380429708842],[-116.7941679750927,77.52666131007872],[-116.75244097047913,77.52373150446697],[-116.78152208744255,77.5128274037719],[-116.78029573779908,77.50437019147698],[-116.8158284340517,77.49605939466979],[-116.83320213358661,77.48607448708378],[-116.86274805561499,77.47820550676123],[-116.92810347709322,77.47254399857667],[-116.94820614230238,77.47820958985172],[-116.98129456853191,77.4706151057858],[-117.02742692976891,77.46751899308326],[-117.03112391510165,77.47497849054317],[-117.07162181165707,77.48396189916163],[-117.09294670968703,77.48022779646229],[-117.07815470613517,77.47117740013964],[-117.12666068272206,77.46318370164751],[-117.12724711317517,77.45562120163339],[-117.05559972765758,77.44788050069],[-117.04340555907312,77.44069779479159],[-117.00808967647461,77.4382270117717],[-117.00107397981965,77.4309610956479],[-116.96656246391838,77.42375271051948],[-116.96133916673261,77.40746810038334],[-116.97242060096428,77.40162200114659],[-116.90479499505834,77.40088410525786],[-116.82817436485612,77.40857589509616],[-116.80811797951789,77.40169320377424],[-116.82695134550573,77.39638229698691],[-116.78523653413502,77.38572248904141],[-116.73291795439515,77.39221050365838],[-116.74348404147378,77.39645510020165],[-116.60712548623394,77.39186870783],[-116.62348228356132,77.3834204120324],[-116.67214344888514,77.3715564057452],[-116.71528862081365,77.3670686071642],[-116.73451308783035,77.35923611337148],[-116.72573622849094,77.35116288830626],[-116.7833239608913,77.34100539985403],[-116.73949499921014,77.32688210006621],[-116.78843045399947,77.32631220614932],[-116.8359272144242,77.32017830570256],[-116.92591968508609,77.34286740965067],[-116.93280193147791,77.34807230513114],[-116.99825006652044,77.34998198961863],[-117.053499283607,77.35828369450302],[-117.14440202314248,77.36675559121082],[-117.16624855604758,77.35601380259996],[-117.16554678263162,77.34857518967914],[-117.13758730453246,77.3357546966458],[-117.10437829109411,77.3439472976978],[-117.05832193676477,77.32638220636879],[-117.00153583259794,77.3194942011497],[-116.96226470673528,77.30769989467626],[-116.98194844673552,77.29923379958608],[-117.03723511866632,77.30081951096628],[-117.09056154318138,77.30855200167515],[-117.11092071337757,77.3024234867264],[-117.157813393254,77.30307789335758],[-117.18559153482298,77.29514920779503],[-117.22776693979463,77.2909715080868],[-117.28802424189912,77.30800899196724],[-117.33918631507085,77.3122449033777],[-117.40232483906814,77.31373569870021],[-117.4343945619649,77.31835651243634],[-117.43043113269958,77.33147119514092],[-117.47307697291347,77.34066831592675],[-117.5016476813996,77.33770859261708],[-117.51332056079572,77.33006289282076],[-117.5579308090941,77.33567009758387],[-117.61594204582009,77.33339280637138],[-117.63540803782125,77.34395690552614],[-117.72506508297315,77.34760868962681],[-117.70519503756486,77.35988000656391],[-117.73756633047607,77.36940040433313],[-117.798113518872,77.37268250946856],[-117.80272191156865,77.36747519271478],[-117.89407498942548,77.3664149879553],[-117.92832803297726,77.36921830842532],[-117.86635432826424,77.3801820902584],[-117.83147420654784,77.38319710807022],[-117.86850233983945,77.39222660264794],[-117.96629732315701,77.37793130421123],[-117.98746157742792,77.3702019047467],[-118.07552567539106,77.38096269128191],[-118.09218962432875,77.37127129630169],[-118.08682177031832,77.3597467033675],[-118.1877991075684,77.35611281097218],[-118.2583611681312,77.35835110448255],[-118.29718727353418,77.3684578086979],[-118.338791514841,77.36799840586777],[-118.37222293185029,77.36241720147511],[-118.41890463995267,77.36555959241376],[-118.46947982239685,77.36087269612189],[-118.5250875588966,77.36470099966417],[-118.59188725996857,77.36229449692942],[-118.64264485054979,77.36298590277194],[-118.66845614761624,77.36870789997357],[-118.71707922898747,77.364349687328],[-118.75613386872344,77.35213239693935],[-118.81227717089465,77.36295121351843]]],[[[-109.83134552448831,75.53415979359302],[-109.89680276059121,75.53352689224525],[-109.9805212670409,75.5462973142105],[-110.09443633024637,75.54651020237137],[-110.10584673409717,75.54201289656038],[-110.14772866394037,75.54102809057777],[-110.1803293551216,75.54502250613999],[-110.20949500686282,75.54250529711126],[-110.27355111349398,75.54853060856652],[-110.38999943806395,75.54294409955979],[-110.37787521076353,75.5512124090642],[-110.41184024802607,75.55880760592899],[-110.4459567032019,75.5770651995216],[-110.47731064497803,75.57681079551652],[-110.52158136365802,75.57072880143473],[-110.55769065954107,75.5697869011667],[-110.60291967535704,75.56328350059532],[-110.65500746741769,75.56250999252417],[-110.69488402238929,75.56685830329441],[-110.70746669929957,75.57383989712324],[-110.75043414890258,75.57400340352307],[-110.81226719804944,75.56561050796523],[-110.83016082601534,75.55235141078285],[-110.91268429306959,75.55093980216357],[-110.97638888591966,75.52928140719402],[-111.10284307631458,75.53382499454271],[-111.18673522157859,75.52819851063205],[-111.22055351616939,75.51650859260572],[-111.26942895081214,75.52577270072199],[-111.27218843579098,75.53326241054435],[-111.241487640357,75.54397149505783],[-111.2681085802041,75.55037970914896],[-111.30404333919336,75.5508211897364],[-111.32648329607746,75.55915060393836],[-111.29103732521702,75.56635788564365],[-111.26079608938142,75.57812581076136],[-111.3447495011305,75.58444719957737],[-111.32041111343958,75.59555559163185],[-111.35507577769458,75.59937339836776],[-111.38073378794557,75.61287620435097],[-111.39945065438157,75.61537359528708],[-111.39280063938077,75.62857490597105],[-111.34132878810627,75.64125740307905],[-111.3608576284253,75.64946231023663],[-111.34608592625979,75.6591658079793],[-111.35583600022406,75.66835340486257],[-111.39106813494084,75.67699948917604],[-111.39420675925015,75.68214030900776],[-111.36119886320277,75.69549260197138],[-111.36093326199928,75.70442621062018],[-111.33600619031182,75.70597928921768],[-111.31246505709304,75.71534700555928],[-111.33536376114823,75.73026590236071],[-111.3940138734455,75.73924690946296],[-111.43770993337658,75.73824169434845],[-111.4446892933849,75.7512004884798],[-111.38942762979269,75.76928339534584],[-111.41808732472636,75.77987390686668],[-111.43511724795779,75.79253309846186],[-111.46421339995699,75.78982229458578],[-111.53236519677283,75.80154770640243],[-111.57800620613627,75.81821430028907],[-111.50940145705098,75.81988100414205],[-111.48735732016151,75.81716440930644],[-111.43055462916942,75.8237956884318],[-111.42868949526502,75.84285200008635],[-111.45767337327358,75.8493213049348],[-111.50999409904131,75.84782160215947],[-111.5837589453803,75.83762610079836],[-111.61024770189235,75.82428759456052],[-111.6597386992438,75.82482159729517],[-111.67364180298104,75.83191591217316],[-111.75104502382226,75.82978600319507],[-111.77600581549368,75.83859381206837],[-111.81258691826888,75.83641578988366],[-111.85091540197064,75.82631710050428],[-111.88075870104953,75.8100482089404],[-111.92483770576872,75.8068253884651],[-111.96281322832412,75.81420818528439],[-111.9951088692382,75.8152393046304],[-112.00530406938879,75.82108831341222],[-112.07215650582184,75.81940528857704],[-112.13253704567805,75.81010859532005],[-112.18368671231929,75.81507749197294],[-112.11919129139156,75.82997598880236],[-112.12171582842345,75.83536909242774],[-112.16107961355772,75.84211538601095],[-112.21814268517788,75.8370212990505],[-112.26229231620579,75.83574879615615],[-112.28576671447706,75.82682160866598],[-112.3381259424731,75.82184689544134],[-112.35927935376901,75.81424670158385],[-112.38852399044644,75.81323970855017],[-112.36149045864413,75.83189949972187],[-112.27932848636468,75.84484278826739],[-112.17038231282045,75.8499026003542],[-112.1611146571499,75.85655190881624],[-112.0699539647856,75.87624901215368],[-111.98150559180515,75.88938190192563],[-111.89637600199063,75.89292460670505],[-111.82125996868237,75.89969710185494],[-111.73178355114784,75.90183339858076],[-111.72555732163211,75.90777550315148],[-111.68440665095643,75.91926759985522],[-111.7058830708804,75.93208178915935],[-111.76670621346256,75.95255500153966],[-111.80893280593199,75.95120239176917],[-111.8588992953985,75.95354229831672],[-111.87134225172753,75.96469830313583],[-111.92599286304008,75.97820361193996],[-111.97041370916376,75.98545190774956],[-111.9733709896823,75.99592870067825],[-111.99000572912213,76.00412738797694],[-112.0285431416761,76.00955729556892],[-112.13057751216606,76.01527529541954],[-112.16199074530749,76.0225672017473],[-112.2084092015708,76.02365649847206],[-112.24861166577884,76.03156751410548],[-112.34458089063351,76.0374185064883],[-112.39077978866622,76.04280559126697],[-112.40498903997499,76.05288859435242],[-112.37968739430956,76.06111688864837],[-112.41776822860278,76.0752441852909],[-112.41501958653846,76.08267720800573],[-112.45026756976382,76.08912098955818],[-112.50134180637077,76.10457160031687],[-112.48636556680823,76.11950329252541],[-112.50118319442855,76.14491950998995],[-112.47751595146903,76.15698170244562],[-112.40398376497468,76.16388489380896],[-112.39006916494192,76.17197760728061],[-112.40433777179135,76.18146920801556],[-112.44343427066232,76.18995770873433],[-112.48890855244845,76.18842210199692],[-112.51981709393392,76.19164849488769],[-112.55550833086232,76.2006737850442],[-112.61408340018902,76.20292768868319],[-112.64065624928871,76.20055370661787],[-112.71646445527001,76.20023890593848],[-112.7424627105447,76.20758809132859],[-112.71373903335065,76.21164429654806],[-112.71686775783127,76.22020789516398],[-112.75161514153815,76.23009649719917],[-112.80356966334266,76.2175876138003],[-112.83071334073486,76.21999541018393],[-112.84054279207102,76.23098559321552],[-112.82994609949512,76.25125700571694],[-112.85059739898097,76.2575745901386],[-112.96142850334091,76.27045590645375],[-112.99754321907325,76.27173039197564],[-113.00158161607644,76.26153238576629],[-113.02255391530569,76.25712210315103],[-113.07872862942797,76.26035869987618],[-113.13986099392116,76.25472930871082],[-113.16091111899134,76.26203541044302],[-113.22880897311516,76.27248949694967],[-113.27411348456546,76.26817130089046],[-113.32281277163847,76.26709410980268],[-113.34352281734456,76.25802731159125],[-113.39013231014644,76.25365738594267],[-113.39167762517422,76.24492388766272],[-113.43029597240924,76.23943770571623],[-113.53847844676552,76.23714619564495],[-113.56444330849878,76.21844898821867],[-113.64062342257769,76.2150959995612],[-113.6518543030031,76.2101434990406],[-113.69573858482724,76.204037295722],[-113.73028538847828,76.20303489816591],[-113.8032866165283,76.20757840739475],[-113.8668732552148,76.20512409520462],[-113.91395413065624,76.19448790218799],[-113.97726867289715,76.19635171482142],[-113.96269817826365,76.20430120509886],[-114.00052075897716,76.2172179011687],[-114.03974175550152,76.22484289290207],[-114.04467363957218,76.24231120145652],[-114.01333309096064,76.24798970400113],[-113.98351703430032,76.24702950564038],[-113.9638171969913,76.2610882909595],[-113.97669559859766,76.26501209523974],[-114.07092243700255,76.25608589268442],[-114.09575976572458,76.24407151016385],[-114.12468109153495,76.2455468079534],[-114.15553244811726,76.23584700404834],[-114.1701442935158,76.24194420253974],[-114.13557620076439,76.24992280881412],[-114.09132895125165,76.25058400295777],[-114.08320143593198,76.26396739194952],[-114.03130902771404,76.26874419769528],[-114.05732665723647,76.27893269311322],[-114.06425818621346,76.29646849203277],[-114.12327845479753,76.30745589253918],[-114.12452271343915,76.31466061054132],[-114.15653403416695,76.3217150027354],[-114.1409184705868,76.32689120322364],[-114.0928041204704,76.32975839582508],[-114.11910533952536,76.33667079696369],[-114.17890624147793,76.34351500682712],[-114.16403363280483,76.3545388999254],[-114.12009708608377,76.35382269341302],[-114.0702536543826,76.36316589143085],[-114.12069405213208,76.36827279706826],[-114.07900428135602,76.37531481096677],[-114.08402813867116,76.38193949576373],[-114.06054341479037,76.39475961140843],[-114.06047228284956,76.42408429408599],[-114.09818641231381,76.44779690568798],[-114.1689699341749,76.47757360141594],[-114.23731360091529,76.4772714129326],[-114.27976662145046,76.48278171001046],[-114.31035357864754,76.49512501357586],[-114.35773195919005,76.49043790882095],[-114.4194469688623,76.49999998996024],[-114.41518505353093,76.50958940255101],[-114.4525599983353,76.51132169281841],[-114.47871168287985,76.50416500175226],[-114.55402660771664,76.49576549125081],[-114.62151833434137,76.49604840084655],[-114.65875360885575,76.49364139842429],[-114.7125098414032,76.4960480949458],[-114.73218553787444,76.49040579763017],[-114.77667091959776,76.50185409422939],[-114.68375456028463,76.51326719099755],[-114.77085781468655,76.51897950127263],[-114.8401147935372,76.51314799506201],[-114.88890961280357,76.51227549398975],[-114.88500836549638,76.5043193068547],[-114.9291595586935,76.48694190705051],[-114.97132094194671,76.48800470959365],[-114.98878736046996,76.48153009590894],[-115.04160852949181,76.4760634050979],[-115.07459554368869,76.48519819505796],[-115.10261606962634,76.47479649686511],[-115.14892338551307,76.47912430819534],[-115.20398967293701,76.46638390018],[-115.29727819925026,76.45912741031401],[-115.37053118061758,76.45181810501823],[-115.43366881106881,76.45468548731158],[-115.43271032770107,76.46044168460234],[-115.49118158382166,76.45936281480196],[-115.48740360979612,76.44748640258943],[-115.56025612787576,76.43896049342793],[-115.6286676790561,76.42274751283732],[-115.63179928613488,76.41709600531051],[-115.68678265873682,76.40770940887937],[-115.68364138328407,76.39623551520103],[-115.72548338585072,76.39339600059137],[-115.77811780079979,76.38598719848227],[-115.83109695244927,76.36615640079796],[-115.87369012507007,76.36090729377143],[-115.87445953509881,76.34183290027573],[-115.83226602573659,76.34002870814047],[-115.80679906207362,76.33304250195796],[-115.84486501824615,76.31425960849283],[-115.90047172161533,76.30452419147753],[-115.9036451995135,76.29310428688692],[-115.87908226716965,76.2771804035235],[-115.8702077101863,76.25996958807895],[-115.80896188774827,76.24872040439041],[-115.70782831988967,76.23987390975637],[-115.5355951270172,76.2388908934331],[-115.41159240956408,76.23413000620093],[-115.33258917145501,76.2330043942385],[-115.30741203027587,76.23648398861307],[-115.1612228118058,76.22725169598762],[-115.09081271894752,76.21695490004974],[-115.02408887481106,76.213191388901],[-115.02347212381613,76.20364518597123],[-114.97831491819925,76.18891900994456],[-114.97271027575474,76.18281659553735],[-114.91889078900515,76.18210551067091],[-114.86412510312944,76.1771358017064],[-114.83224613979951,76.17731510547023],[-114.77130131235404,76.17101929546304],[-114.71418251267252,76.17546569577598],[-114.65536985852454,76.17217700405686],[-114.64720849096456,76.16635791263002],[-114.76476798956351,76.1593854871869],[-114.79260437200618,76.16078931565603],[-114.85437296484204,76.15672650733823],[-114.88929023422928,76.16496919945428],[-114.9264053449675,76.16767650170416],[-114.96401757052442,76.1614665984008],[-115.00219298693916,76.16269979701539],[-115.0678071863611,76.17156501015343],[-115.12232676627858,76.17573000226774],[-115.12943932855642,76.17924468579037],[-115.20185072198561,76.19060541049993],[-115.25376122554484,76.19450128681056],[-115.33768434874442,76.19130259521222],[-115.37210752464259,76.19179199954971],[-115.44620389633455,76.20218399830257],[-115.49195525849221,76.19996699523831],[-115.54218378863555,76.18988799350436],[-115.61483612457711,76.19288740637501],[-115.72166331204505,76.19067491174229],[-115.80151237707577,76.1928652132312],[-115.85253833822867,76.19638660566802],[-115.98438262500208,76.20136348724678],[-116.01642292294056,76.19969450722508],[-116.03817155725379,76.20444860285068],[-116.08622319959628,76.20555020487778],[-116.1157627542254,76.20067700777719],[-116.20230804888315,76.199177106477],[-116.23799967635871,76.18897750969585],[-116.2710552781593,76.18453148921797],[-116.3142464669209,76.18450539752976],[-116.39593102545642,76.17230868819519],[-116.5061687856242,76.14561609668576],[-116.5579943799363,76.12832319860685],[-116.61131089003077,76.11997080658458],[-116.60172370119882,76.1119725951573],[-116.63462717203076,76.09574359484108],[-116.65748952646446,76.075135098057],[-116.67615134928495,76.0682217957598],[-116.65614025215348,76.0588500054749],[-116.67545836278893,76.0516682968915],[-116.66485205405318,76.03806379869316],[-116.64133621921549,76.02713060898193],[-116.53604260323752,76.02506210188376],[-116.5091747950215,76.03545991430731],[-116.46902032586758,76.03332049490497],[-116.49709192853778,76.0255850081545],[-116.5081566836637,76.01022099644402],[-116.49610064771574,76.00553739594848],[-116.44372456168846,76.0024733044368],[-116.45895603110033,75.98751281015898],[-116.45002280056441,75.97782968735709],[-116.49269325323395,75.97213650531802],[-116.523806833712,75.98280409310883],[-116.59522863732566,75.97366349622729],[-116.64112004544121,75.97654149516819],[-116.67518512648853,75.9733382095324],[-116.69706683604464,75.96117049979101],[-116.71252982740376,75.94490479265171],[-116.72532187128024,75.90084620364719],[-116.68508359715206,75.89584738890571],[-116.49762266981809,75.88024579138643],[-116.41867813115485,75.87592650937887],[-116.36770506434715,75.87815729436815],[-116.34428890017914,75.88303401360743],[-116.28584587805632,75.88181660172448],[-116.15334700600322,75.87659980300181],[-116.08160208425195,75.87745200817807],[-116.04069990976261,75.8751856963147],[-115.93341979456773,75.87681979719808],[-115.84730782274183,75.88925439617479],[-115.76998474335134,75.89476770035672],[-115.62880032304352,75.89348669923643],[-115.53479834541872,75.8879632978922],[-115.30864350864113,75.88734408805479],[-115.22919881077024,75.8859847986984],[-115.14970840649319,75.8909788895048],[-115.11038140767444,75.8958070043953],[-115.04320616045621,75.89829160583783],[-115.01674600635727,75.9056705981005],[-114.99271360844946,75.90322599921045],[-114.95555789325861,75.90823110165924],[-114.87218099924975,75.91188759234748],[-114.80504656012089,75.90836410554616],[-114.77685293119978,75.89806960986351],[-114.86031272189913,75.87720769246756],[-114.91860881653665,75.86724460804845],[-114.99508396503713,75.86210131118901],[-115.06510933711024,75.86907850786025],[-115.1211237986463,75.87052369209563],[-115.1568656796512,75.86717980846801],[-115.17750698249174,75.86081081118459],[-115.2512053541001,75.85816850514274],[-115.31670632546329,75.86398838781068],[-115.33866448794028,75.85484548890011],[-115.38582587869625,75.84950289398259],[-115.4000878268506,75.8446214890965],[-115.49973228863844,75.84877740599936],[-115.5593684608997,75.84564740368928],[-115.58476891641722,75.84725300569104],[-115.61876281737024,75.84288279975657],[-115.66472756186867,75.8453570083368],[-115.73793800643644,75.86167069098254],[-115.78223291753669,75.84837569090881],[-115.7980928160646,75.83581990278867],[-115.83733033594896,75.83666168960319],[-115.90326684785461,75.83348039300773],[-115.96315255371188,75.82390840189876],[-115.9897316824968,75.81710550031569],[-116.07845162129541,75.81185929108092],[-116.16799323219487,75.8140241033609],[-116.23825471590582,75.81313439366257],[-116.30444403469912,75.80714109679255],[-116.36892000341713,75.80573259628521],[-116.44819480780357,75.80769670907627],[-116.5468111632118,75.80510010136754],[-116.57300423363412,75.80748999357614],[-116.66056535230214,75.80465760532333],[-116.80911079233951,75.80496809522492],[-116.87020084557291,75.7967936035843],[-116.92341699989367,75.78504949121658],[-116.95599431053594,75.77424019407088],[-116.97736542651985,75.7575817990068],[-117.04601366697861,75.72940630053368],[-117.15335015783903,75.67191290489434],[-117.18448659287034,75.64924011378585],[-117.22158174463075,75.5970195052101],[-117.21342887382318,75.5798170957338],[-117.14439676499487,75.58145959468456],[-116.9204747012751,75.57674489622065],[-116.86180843165,75.57364409300429],[-116.83006341039072,75.57623390235013],[-116.76825099190286,75.57514669573675],[-116.71845911082346,75.57052890603863],[-116.68436753238181,75.57348869145854],[-116.63368334530853,75.57001769229474],[-116.42528141677356,75.56516370904804],[-116.36756669135896,75.56633349655283],[-116.24623396135429,75.57550530742652],[-116.17036861747745,75.58842149697587],[-116.12460608883225,75.57841731167625],[-116.08130805387752,75.58143670730061],[-116.09236526146923,75.5898521046297],[-116.04644263450356,75.60110240720515],[-115.94361408317077,75.60800469559535],[-115.90864330266675,75.6140717906024],[-115.87405374226094,75.61592430877849],[-115.8309669690863,75.62609369657973],[-115.79639584265638,75.62392930747906],[-115.78504500950879,75.6312684066305],[-115.65868967856879,75.65004908944431],[-115.58489966871836,75.65497850990508],[-115.52588142229345,75.65669958580797],[-115.46493907803836,75.65533161328771],[-115.39100332599085,75.66093260271046],[-115.32360543815996,75.66888929810574],[-115.23068422876082,75.6895401109337],[-115.13411876379159,75.70596940609005],[-115.08145160297114,75.70917070339281],[-115.04174347477266,75.70825279654184],[-115.04700574804062,75.69757360289611],[-115.10526273312524,75.69630680413002],[-115.12331722612174,75.68123569914677],[-115.18953098424441,75.66550250305298],[-115.29658945370845,75.625891101342],[-115.28574430551117,75.61977741148779],[-115.24197376718787,75.61180150920256],[-115.2743694994982,75.60344809553963],[-115.31427651466394,75.60612429878739],[-115.33136580338807,75.61250310180323],[-115.37942251386194,75.61389630238797],[-115.46476835303432,75.59887769555861],[-115.56230032585604,75.5887196946264],[-115.58706130347325,75.58908009020497],[-115.63077650881486,75.58115859081055],[-115.65501073028842,75.5728135092615],[-115.72854677241511,75.55553990014116],[-115.79546827568534,75.54214589198841],[-115.88302193889888,75.51772610206595],[-115.91457387218472,75.51489151424997],[-115.94707272861451,75.500359595174],[-115.996530606473,75.49072708992715],[-116.05713845715684,75.4883201052177],[-116.08094899700997,75.4907933885373],[-116.10738787947561,75.4856365898354],[-116.18643775642455,75.48792559110439],[-116.23613236252218,75.48458420729789],[-116.25389309569627,75.49485210405923],[-116.30237625735899,75.49703000614898],[-116.3496080438517,75.48812900378863],[-116.50319846097021,75.48468860686165],[-116.68406912389372,75.48423240013186],[-116.82631314746557,75.48665909723168],[-116.90842327544344,75.48640511406589],[-116.92778112720693,75.49016990633122],[-117.02244730428725,75.48574509360951],[-117.07752128768907,75.48896551379993],[-117.10147000357378,75.48528470725888],[-117.15232088288835,75.48688531307704],[-117.1676326003706,75.4832525960736],[-117.25733288186984,75.47442479961533],[-117.31318920492583,75.45931130470188],[-117.45315188510375,75.3981636968459],[-117.52780291098692,75.37144879996627],[-117.5596227961211,75.35354038820732],[-117.57007648269602,75.34231829800731],[-117.56631681696084,75.33012509812598],[-117.5317743899347,75.32105160190666],[-117.53832529904334,75.30928948796259],[-117.58128178305031,75.31038010719632],[-117.62711463825114,75.30327800597401],[-117.65210248280665,75.28997579557658],[-117.63173398181013,75.2755857038683],[-117.65454783408059,75.26831728906507],[-117.66521519146681,75.2507858988634],[-117.63490003260458,75.23958750857874],[-117.50955144118095,75.20483510588164],[-117.45096753138245,75.19308919455572],[-117.31245520858184,75.17572890283911],[-117.09861979135127,75.16162570238032],[-117.05063820702198,75.16111010854839],[-117.03331230987754,75.15613690390784],[-116.98178188793084,75.15277570132746],[-116.96769623084381,75.16109110644274],[-116.93831268874418,75.16356690940016],[-116.91012660927265,75.15546598525712],[-116.90452242435447,75.14634499614881],[-116.87875947396459,75.13980798886132],[-116.68395733177945,75.11909610025407],[-116.66777497662163,75.11949571123769],[-116.64741666974992,75.13144229247835],[-116.6322759064813,75.1490883968606],[-116.57743144655669,75.16777949308054],[-116.58803496793743,75.18098459454498],[-116.56139989391264,75.18278510431897],[-116.5398198921549,75.19283108944715],[-116.49077426043996,75.18322089871818],[-116.45460598923702,75.180690706591],[-116.32917539738615,75.20921819700726],[-116.30625079542652,75.20884490865834],[-116.24737927417888,75.21725690042607],[-116.19689890998939,75.21154330541405],[-116.22319895824754,75.20505430204275],[-116.23124003753875,75.1909157897492],[-116.22677839806042,75.1787364071513],[-116.26044086672013,75.14089199145279],[-116.28935547328665,75.134416495062],[-116.30182816841207,75.1246840111649],[-116.29802803935604,75.11153019357634],[-116.27262189899386,75.10453160780737],[-116.20507764777697,75.11035519906973],[-116.0961426606081,75.11264780933091],[-116.07693584253731,75.09988390205184],[-116.12236406763968,75.09526470892263],[-116.1552065007849,75.08637560906524],[-116.24173212084176,75.0742946866534],[-116.25270533724371,75.06489569253512],[-116.19397015971498,75.05536259867993],[-116.03474640801569,75.03402760784526],[-116.00816356044149,75.02791840760254],[-116.00196990393614,75.02098710023736],[-115.96798948932249,75.01135231357081],[-115.82297232136153,74.99194010615997],[-115.76856833806144,74.98957210936908],[-115.74795142145778,74.97886439766954],[-115.67376330321808,74.97076458743386],[-115.636884031335,74.97624828600024],[-115.5878863521639,74.99138870574596],[-115.57002372047367,74.9929596031161],[-115.52405107443508,75.0131669922928],[-115.51132049891602,75.03306240970025],[-115.54997689993287,75.07110140954126],[-115.57888479909093,75.07647660828594],[-115.5905575153133,75.08558229653825],[-115.57924127258482,75.09900080509131],[-115.60462720501626,75.10444260898319],[-115.59476320056486,75.1116675071272],[-115.6016515382591,75.12106248933986],[-115.642063672892,75.12795560085887],[-115.67174830204097,75.13769109692376],[-115.67594135611199,75.14997360079691],[-115.6274295884834,75.15058199135945],[-115.5952129300904,75.14726070483927],[-115.56655287500654,75.13822260720899],[-115.41921123418335,75.10226650412086],[-115.39825030759378,75.09903510387731],[-115.36475015117021,75.10437280640305],[-115.29380457580673,75.13153730798403],[-115.27954156061416,75.1346987099133],[-115.25873144124438,75.17215940497752],[-115.2488983487952,75.17671190752118],[-115.26771858610411,75.18811080230836],[-115.23030068379688,75.18729479040695],[-115.19233207776033,75.17289029180529],[-115.20853353870817,75.16330220197001],[-115.1835712961954,75.15246829843792],[-115.16596847668983,75.12450009602638],[-115.17683815261208,75.09481400249348],[-115.19579419270629,75.07909049056694],[-115.21069333710865,75.07579070770554],[-115.1996289675018,75.021337489767],[-115.17797170453522,75.00236640667828],[-115.17905105694702,74.99622629317335],[-115.10762599353548,74.9779593998666],[-115.1002062245114,74.97259918910245],[-115.03502109418078,74.9636292031096],[-114.92501574284039,74.97819179721841],[-114.88747846380917,74.97750809238029],[-114.81611210113755,74.9920634991327],[-114.80254328911298,75.00119971474551],[-114.76268899406901,75.01198678775167],[-114.65077028460925,75.02708611087454],[-114.61482823898538,75.03703718980007],[-114.58932929108825,75.03824118746938],[-114.56159384834993,75.04518879668169],[-114.54577124186963,75.05421230104095],[-114.46395199226998,75.05984229805115],[-114.41908538322787,75.07399369677968],[-114.33682513714315,75.1200385010405],[-114.32751949558423,75.13006799698346],[-114.28500386199049,75.15948800192419],[-114.2791131509129,75.17171819415773],[-114.31430186175467,75.19127920891881],[-114.34392162394103,75.19817181116787],[-114.35507880085287,75.20927389432822],[-114.38792639396154,75.22599928930818],[-114.39921286540752,75.25600730442227],[-114.41454496910521,75.26785579615807],[-114.431748890656,75.27205821211413],[-114.49470160841098,75.27781591144925],[-114.52208277633169,75.27773480655617],[-114.59844655821372,75.26865540546723],[-114.61324999335187,75.28199790838701],[-114.56267150825548,75.29219319586315],[-114.55829027912452,75.31150079953008],[-114.50404899428844,75.31612871338245],[-114.48681810304711,75.3107348060016],[-114.50406333595932,75.30416509216352],[-114.45930624680476,75.29718989474775],[-114.36757786052664,75.2870576962917],[-114.33071203714245,75.27392419961909],[-114.30883253357285,75.26000210057688],[-114.2938955773941,75.24416260061915],[-114.26946919167582,75.23473458957253],[-114.18545759670643,75.22091589824639],[-114.17159050193595,75.22128749421978],[-114.13967209235274,75.23509069250795],[-114.1056705539719,75.26249559206241],[-114.09376352933694,75.28489230033722],[-114.06349502811263,75.3106629888592],[-114.07189949636215,75.32110820263101],[-114.05213767416778,75.33342779825308],[-114.05372301073223,75.34186209717684],[-114.03255831837353,75.3457662995549],[-114.02470271960613,75.36780349096902],[-114.02805714310662,75.3802387039872],[-114.0689482394493,75.40749539186717],[-114.05265058607397,75.4472086084453],[-114.03973702891584,75.45426880016842],[-114.03380852072787,75.47514079256948],[-114.01696540170798,75.47559350114737],[-113.97086009193862,75.46344351206825],[-113.9602185555646,75.45179459426144],[-113.96514668323499,75.44131430407853],[-113.93189252386117,75.42714201018742],[-113.9227870792351,75.411624192828],[-113.89822672224527,75.400729596473],[-113.87394694791924,75.37820329796313],[-113.86008083947645,75.37632640050874],[-113.79999040509776,75.3820031064936],[-113.72313014130484,75.39176810690216],[-113.63254315400987,75.3990271918825],[-113.55154292205063,75.41443409119499],[-113.51975712951834,75.42370958397595],[-113.49369102190036,75.4251562117708],[-113.44082170561828,75.44291140773636],[-113.4208590887837,75.44191070328868],[-113.43316228969934,75.42226179674668],[-113.36903772475456,75.42687860352665],[-113.31324063819612,75.42704088895346],[-113.30892325634595,75.41847060155138],[-113.38866574835909,75.41279210070334],[-113.43795978941617,75.40561399301758],[-113.44611116024954,75.3990434027257],[-113.5080175331264,75.38150358691567],[-113.58692349753883,75.36448449834107],[-113.62962161457384,75.35762849655289],[-113.72187564022202,75.3468151970905],[-113.77028618795967,75.33797710209852],[-113.7938967735863,75.32919730634441],[-113.82150299802511,75.3095044134947],[-113.84992070045281,75.27494000716446],[-113.858125286679,75.24702669115804],[-113.87281600480148,75.22934028626484],[-113.9138638556094,75.1900416048954],[-113.91678363105913,75.179580096289],[-113.88150771213957,75.17511019892939],[-113.8394233541294,75.17513009207914],[-113.78435167040335,75.18804428960097],[-113.72745243417666,75.19293608885988],[-113.68340907747137,75.18884590152169],[-113.64580311310796,75.19597338651407],[-113.64855854253459,75.18463480920063],[-113.74205807350218,75.17535189572068],[-113.83160584059428,75.15738079270582],[-113.9093296486373,75.14788539914434],[-113.92819088137936,75.13157940467634],[-113.94523093063671,75.10524010103634],[-113.95043020270346,75.07517319251484],[-113.94025032929564,75.06116838777831],[-113.90630934755644,75.05273410065291],[-113.85702395032516,75.056784692155],[-113.82469863784021,75.05599070534157],[-113.75847776876729,75.06023369639443],[-113.73847314121413,75.06501519556498],[-113.70365923330701,75.05906779960856],[-113.66010950387032,75.05733309344511],[-113.63068481451333,75.07142630542063],[-113.57725612394347,75.06798660791857],[-113.56007237637405,75.07541040355198],[-113.531839398124,75.07849069610431],[-113.49248479169151,75.07408650820184],[-113.45469573198787,75.07863000964288],[-113.36261436907293,75.07703840038624],[-113.34621091399147,75.07424470541508],[-113.31257818144964,75.07929470122843],[-113.24297267656141,75.08019780612929],[-113.1762496059054,75.08807529956816],[-113.15813943922093,75.09531759365187],[-113.14629194897972,75.11831659306817],[-113.14944790607079,75.13078439746047],[-113.13324481640332,75.14353950801915],[-113.10747618749339,75.14181889416083],[-113.11234797266516,75.13202029986728],[-113.09583478321977,75.1265794972204],[-113.08916849325577,75.11334100792172],[-113.05243991790408,75.09667810820505],[-113.02264421234084,75.09468210336539],[-112.98569689513376,75.0969104894267],[-112.90730326835049,75.10665470006943],[-112.8679641869476,75.10739248959258],[-112.84111311038755,75.11659319979627],[-112.76849627521796,75.12558851585842],[-112.71206718371141,75.14173109234535],[-112.68793857372317,75.16416129478473],[-112.70288482520259,75.18453789063611],[-112.72098161929554,75.19431158719225],[-112.72831140562334,75.20562490716877],[-112.72345333720875,75.21887218724204],[-112.70010319769119,75.23497030273265],[-112.69688962161227,75.24951289668893],[-112.67495687787228,75.2657143952162],[-112.64513458863102,75.26972829837788],[-112.65911118144551,75.27959850685825],[-112.64924550231432,75.28590448898002],[-112.60448166380294,75.27255639238295],[-112.56670439359735,75.25493349181939],[-112.56583184188075,75.24267919622703],[-112.61170362968763,75.22469098563415],[-112.61070874495766,75.20243169769766],[-112.54384533654107,75.18277880658401],[-112.48471232730067,75.18677090994892],[-112.42373307466114,75.18424849703098],[-112.41102216720058,75.20330579461162],[-112.44004261997244,75.21133701148747],[-112.44548109894708,75.21987789100959],[-112.41777133993595,75.22876769180247],[-112.4033800234018,75.24151600777584],[-112.34002384047322,75.23161139885458],[-112.31862573679277,75.21522718871984],[-112.2878961371719,75.20650970408455],[-112.35702516135383,75.1746110987894],[-112.41236044098228,75.16060839659394],[-112.45107488251102,75.15596869846533],[-112.42253306656205,75.13361119901968],[-112.3948120704238,75.1283382941415],[-112.347649665991,75.12822690299292],[-112.30585141050487,75.13179749520626],[-112.2534105218562,75.12845950024126],[-112.13591498692347,75.12891730762726],[-112.10476459932332,75.1366958993503],[-112.08495907137899,75.14658470809593],[-112.05850623454425,75.14817850145414],[-111.8838814000493,75.13896158796607],[-111.85444318467098,75.15070240128442],[-111.82155492995132,75.15478689129881],[-111.82642805713212,75.16133479884157],[-111.75828899770181,75.1635338069857],[-111.76135493422984,75.18317738637799],[-111.74255440055393,75.19160058955354],[-111.6920914156056,75.1694649896483],[-111.68127367879242,75.1569133097448],[-111.68407134705662,75.14385509774421],[-111.63147024364022,75.1525640009607],[-111.60778574405659,75.15135120985221],[-111.57258943347213,75.14309919298213],[-111.5516410781151,75.14344520152947],[-111.54746936515073,75.15503500686839],[-111.59321586766957,75.16351510216032],[-111.58626545012561,75.17188939954954],[-111.54307346364443,75.17671679242837],[-111.46803458824563,75.16022500302972],[-111.45853160560054,75.16657578884411],[-111.36358893986605,75.17897559469259],[-111.36292361158274,75.18529409749834],[-111.32017192944234,75.19748660174525],[-111.29387372924604,75.20001499219737],[-111.2668159557775,75.2162811066876],[-111.25613773280968,75.23259780841964],[-111.21713856701496,75.24365651175209],[-111.21394559909949,75.25555429031142],[-111.24318677947663,75.25934821408124],[-111.2144759647651,75.2713421031391],[-111.16632829673168,75.26482538994723],[-111.1317171302212,75.26777360242146],[-111.12203094078487,75.27368738932081],[-111.06430990494485,75.27913441005661],[-111.03011295236755,75.26237290795358],[-111.00232155320015,75.26259650317647],[-110.97033498728506,75.2570908148168],[-110.95898717422781,75.24938670788373],[-110.91590227200786,75.2511318098901],[-110.88551211835654,75.24123229370339],[-110.91199272921483,75.22948838557281],[-110.95509111894053,75.22744999900458],[-111.00426273945881,75.22868279603895],[-111.01875229482971,75.21162929948197],[-111.02177974021907,75.19689450651721],[-111.06012098456253,75.19224931397136],[-111.01492498106295,75.18304229280987],[-111.03930885377815,75.1701095049746],[-111.0608496583073,75.16513859528888],[-111.09211025215572,75.16482629865104],[-111.10483984528217,75.15486619639898],[-111.15474251404947,75.14040421121152],[-111.20182663595689,75.13389889741647],[-111.25804650419124,75.12899381126537],[-111.25188293033521,75.12182608822259],[-111.27446092557446,75.11129728729506],[-111.29762857269374,75.10926131125895],[-111.32767304813764,75.11838239494234],[-111.35274058064509,75.11926219412985],[-111.3599205822563,75.10739489981503],[-111.30703827733065,75.10168889831994],[-111.28550640391768,75.09328441230453],[-111.28812129389725,75.08492619862535],[-111.33434412481019,75.07298478926026],[-111.37352180802272,75.07495131060385],[-111.39818577090794,75.06250801114065],[-111.45107846619746,75.06359349145163],[-111.478045597204,75.07634290892372],[-111.51084120843221,75.07404490499613],[-111.5638739580081,75.06504440593382],[-111.57354680181119,75.05525990036408],[-111.51510637921908,75.0581675068468],[-111.46998719841079,75.05320549839716],[-111.52570813529356,75.03852049913827],[-111.51466998963055,75.03162939267283],[-111.54197880010588,75.02060511165494],[-111.5767907658964,75.01854399830064],[-111.58449048854193,75.01119469302155],[-111.65110832190608,75.00333440406511],[-111.68227441808855,74.99286839482595],[-111.78941935650033,74.99226170408883],[-111.84305034971642,74.99678889182552],[-111.86740717452555,75.00520449633804],[-111.92958987112699,75.00542009978238],[-111.98970140989029,75.00935078905422],[-112.09364464069819,75.00967089311285],[-112.15398699311038,75.00652608790388],[-112.25859529603429,75.00612658975383],[-112.42169381134606,75.00240358884265],[-112.50819822058686,74.99887709257825],[-112.52595523114915,75.0019694970054],[-112.5725394697952,74.99547849137399],[-112.69863301486339,74.98915519574317],[-112.72756282320854,74.98982638780777],[-112.78333833309243,74.98356490924586],[-112.85186844080178,74.98275799272412],[-112.87114908073244,74.97784980043603],[-112.93375314298481,74.97248640148146],[-113.06125872845666,74.95297578701404],[-113.11522727832764,74.94052149290317],[-113.1504052275944,74.92696429095291],[-113.14119155140337,74.90829929909329],[-113.16360990389167,74.90312299643615],[-113.21391843255161,74.90588419310097],[-113.25197484018376,74.8915675908143],[-113.29907647101757,74.88623809856223],[-113.28864681242102,74.88118898904146],[-113.22464690958992,74.87737701095236],[-113.21450454235766,74.8648286933241],[-113.17870508292069,74.86098209943167],[-113.199309575698,74.84796829678149],[-113.26289344186942,74.84749520245236],[-113.27535476787865,74.8550404039787],[-113.30986048225216,74.86241119721018],[-113.34993028348912,74.86156521425168],[-113.3800986678805,74.85220459291955],[-113.44762387555703,74.84087819097758],[-113.51548093280427,74.83946370264599],[-113.56643514380478,74.84500420562121],[-113.60082138298311,74.83687019864378],[-113.75149648867026,74.82560600067059],[-113.90006119245355,74.80986371243247],[-113.97341132837234,74.80088290792347],[-114.03953897522048,74.79013580087363],[-114.09024362644776,74.7862687840761],[-114.13069087472134,74.7722895940583],[-114.21764734140211,74.76132129084021],[-114.25348725909745,74.74579559593558],[-114.34074739136493,74.72538529186144],[-114.37928197887702,74.71896510456168],[-114.40145006684979,74.70787320542459],[-114.43859241134456,74.69689760072723],[-114.44542782496366,74.68120948949712],[-114.4356977804874,74.66745330881247],[-114.38111381325118,74.64102799259682],[-114.29900391376765,74.61243570648678],[-114.28190908583014,74.60378780314011],[-114.22558676250955,74.58374100154437],[-114.11642485681712,74.55176820291477],[-114.0263311121946,74.52851149693475],[-113.89179441552301,74.49764910273987],[-113.82358733182113,74.48370648973345],[-113.77434256546897,74.47731000341355],[-113.75886230861869,74.46678660947929],[-113.69154320809204,74.45257089574451],[-113.67855007100599,74.45208019781656],[-113.54859453429545,74.43363329560557],[-113.525410159351,74.42806600678476],[-113.49677718134178,74.42828600299043],[-113.45515214389904,74.42411020401909],[-113.20803219566629,74.40962121209708],[-113.10716628606198,74.4063771956276],[-112.90965562505085,74.40328479151829],[-112.68318424565878,74.40856119962086],[-112.57202899837048,74.41448709302259],[-112.46023407534099,74.41851821308965],[-112.38460024608347,74.42336139721756],[-112.29749922941686,74.43255148699171],[-112.2686616060438,74.44180620430423],[-112.21637113623302,74.44766369918693],[-112.06365148517767,74.45781901249937],[-112.03607421244703,74.45779341011821],[-112.00616492220237,74.46258151115485],[-111.97252519208938,74.47717830915184],[-111.92564116443351,74.48444940141195],[-111.8945973244595,74.48241609643054],[-111.82913193383996,74.48992580643608],[-111.76161041525367,74.49327779691684],[-111.73185749152618,74.49895439822608],[-111.67969238218924,74.50020621484636],[-111.62981643042738,74.50907430624548],[-111.60794957357936,74.52145960601796],[-111.55149860435587,74.52748759789519],[-111.4847992676562,74.54849290645537],[-111.4012870954879,74.57219401279048],[-111.34479544049493,74.56870839926084],[-111.27552452161353,74.56962540760891],[-111.26136089410944,74.57488451034251],[-111.24828061582991,74.58961480441089],[-111.19595522357126,74.59977040040192],[-111.1555270037732,74.59487280553888],[-111.13215880701033,74.59703629168793],[-111.07314540811699,74.61553910321331],[-111.04637219861982,74.62062059776493],[-110.99999996548593,74.62254100967162],[-110.99169234022261,74.62910749604315],[-110.95537226476043,74.63391749351759],[-110.96230970102165,74.64149320441483],[-110.92639213437042,74.64861709448913],[-110.87844043765176,74.64503189240638],[-110.86960696156743,74.65838579570698],[-110.82323043059938,74.65803020430646],[-110.76735618780968,74.66900651352604],[-110.76577981203866,74.68217139754256],[-110.72941418402293,74.68793721047837],[-110.67483642880823,74.70045669721569],[-110.64543955848869,74.70244420314226],[-110.60588492398584,74.71014321086835],[-110.56354980183546,74.71250610631454],[-110.57476951259643,74.73638480236866],[-110.60627196512932,74.75918939893698],[-110.6244612142336,74.75990540836754],[-110.65053620905533,74.77423108561956],[-110.63150578265154,74.78594560785432],[-110.63698696406385,74.79878950821715],[-110.60586967583728,74.79952831311412],[-110.56348782597352,74.79067550178705],[-110.53991051285482,74.79352620186438],[-110.50935981186593,74.79037971151608],[-110.46973685509427,74.79405519811249],[-110.43950670548314,74.78911611027395],[-110.40973334370629,74.80487660865191],[-110.3829427034439,74.80559419082665],[-110.28524704181996,74.80112050598471],[-110.38562978466692,74.81714651185685],[-110.38117179546765,74.82810599849556],[-110.33594499013783,74.83278469934672],[-110.36469549763812,74.83906540265602],[-110.3565153074155,74.84616770046163],[-110.27829016656287,74.85290659901467],[-110.22940759523681,74.84315661086353],[-110.19484280917936,74.84367531042449],[-110.15569092025781,74.83995930194271],[-110.10537580738064,74.83920029341972],[-110.07281804516789,74.84451120326422],[-110.06296073667703,74.83263150385726],[-110.02821837691708,74.82662620596612],[-110.01210289466017,74.84234919934384],[-109.98573234503208,74.84953860460801],[-109.97491993536751,74.85786240423946],[-109.93742689568356,74.86049820697839],[-109.91578686417698,74.8696049935039],[-109.88066318871451,74.8744369102686],[-109.83057016642498,74.87571558997396],[-109.830582200123,74.96053535501099],[-109.83222586061127,75.16067325234484],[-109.83191297225446,75.3627217014375],[-109.83134552448831,75.53415979359302]]]]},"properties":{"DAUID":"61010055","DGUID":"2021S051261010055","LANDAREA":356369.2587,"PRUID":"61","Province":"NT"}},
{"type":"Feature","geometry":{"type":"Polygon","coordinates":[[[-128.50842004665668,66.31925401244762],[-128.5595750675501,66.31549467001632],[-128.56024103778404,66.3023668350398],[-128.57537112427778,66.29302251543129],[-128.60104608931198,66.29514081945729],[-128.63919248815105,66.29400524708393],[-128.6432304002475,66.26872085505279],[-128.66714078001985,66.25179713162397],[-128.7353808174546,66.23339158253617],[-128.5020398897048,66.23337964742738],[-128.50241916739967,66.32084789242816],[-128.50842004665668,66.31925401244762]]]},"properties":{"DAUID":"61020026","DGUID":"2021S051261020026","LANDAREA":47.249,"PRUID":"61","Province":"NT"}},
{"type":"Feature","geometry":{"type":"Polygon","coordinates":[[[-123.29557553013429,65.21764574760195],[-123.33003713183705,65.25924240228215],[-123.5843269360132,65.22466225819832],[-123.53560207684629,65.16413872255488],[-123.27890949662357,65.19747945179228],[-123.29557553013429,65.21764574760195]]]},"properties":{"DAUID":"61020027","DGUID":"2021S051261020027","LANDAREA":79.3881,"PRUID":"61","Province":"NT"}},
{"type":"Feature","geometry":{"type":"Polygon","coordinates":[[[-125.49035444336576,64.95092333834455],[-125.52785190369414,64.93869407910694],[-125.5388725702996,64.92922378006335],[-125.59514679404234,64.9135847448935],[-125.59782701523298,64.89269114034757],[-125.3531029172739,64.88775636529863],[-125.3706878134025,64.95691355720423],[-125.46065075302592,64.9552076769138],[-125.49035444336576,64.95092333834455]]]},"properties":{"DAUID":"61020028","DGUID":"2021S051261020028","LANDAREA":52.2791,"PRUID":"61","Province":"NT"}},
{"type":"Feature","geometry":{"type":"Polygon","coordinates":[[[-126.62242588579889,65.27435449227325],[-126.59628448761156,65.2984066601345],[-126.85880615037841,65.34589871637198],[-126.89352758788031,65.33061906396264],[-126.91854771601179,65.28733648717422],[-126.87805418504117,65.27681191408678],[-126.67148847404383,65.23416719728372],[-126.66340390433503,65.25224293827657],[-126.64629464941122,65.26723641279814],[-126.62242588579889,65.27435449227325]]]},"properties":{"DAUID":"61020030","DGUID":"2021S051261020030","LANDAREA":82.0912,"PRUID":"61","Province":"NT"}},
{"type":"Feature","geometry":{"type":"Polygon","coordinates":[[[-125.855050751876,66.95338644045484],[-125.86090058333602,67.05061386955089],[-126.15579655217834,67.05249498022079],[-126.17013329792302,66.95847261899505],[-125.85464932612967,66.94668621307733],[-125.855050751876,66.95338644045484]]]},"properties":{"DAUID":"61020031","DGUID":"2021S051261020031","LANDAREA":126.1412,"PRUID":"61","Province":"NT"}},
{"type":"Feature","geometry":{"type":"Polygon","coordinates":[[[-128.3611791942424,62.016560204931686],[-128.3472228137941,62.01988275103639],[-128.35093828508926,62.032916704835586],[-128.37234726260056,62.054165060112446],[-128.4000101250854,62.07038327982134],[-128.4168859107294,62.073534536668745],[-128.44819538191732,62.0926218276496],[-128.46652319982076,62.10677813010612],[-128.4828443761756,62.11145408479797],[-128.49291130121887,62.11983998941578],[-128.32457072761835,62.17938957704945],[-126.5916005978367,62.767237062625256],[-126.58253409807587,62.786762389618616],[-126.61550358369256,62.817877493708636],[-126.60383979559107,62.82960121078593],[-126.58001221921201,62.83388569390642],[-126.55398567697452,62.84721920819008],[-126.50759570079387,62.85723010339331],[-126.46236510542705,62.8728923033827],[-126.44769616587689,62.888895700315366],[-126.44998761754016,62.90348859879254],[-126.43327038737665,62.91901148322064],[-126.4366605824235,62.94360130770205],[-126.45594268510645,62.955348609329334],[-126.47950563557374,62.979923603415436],[-126.47679577153308,62.98512020205396],[-126.48775260772994,62.996572007463016],[-126.47583258525576,63.00556341200479],[-126.45926741280462,63.033802610350584],[-126.44685231606898,63.04257060361163],[-126.44493820383265,63.0548426046516],[-126.45762968336811,63.065970708014746],[-126.45634481042161,63.078320982629016],[-126.43527519700142,63.09082690184453],[-126.42243431795023,63.093036792230464],[-126.4383063650898,63.12216409898021],[-126.41509651207667,63.12884259131277],[-126.40179368632657,63.1265776027629],[-126.37928428229728,63.13379109171988],[-126.37303932419273,63.153136601316405],[-126.37701720362676,63.15544710847709],[-126.36573120923431,63.17302179004734],[-126.35255988584102,63.18434890102644],[-126.35243410595892,63.19513428831889],[-126.36638142480699,63.20417660356149],[-126.35657731904664,63.20909630324297],[-126.35900742687328,63.23064840438761],[-126.35287000106248,63.24610438738777],[-126.36714868604722,63.259547303244766],[-126.35752180581859,63.28975411212308],[-126.3418442017384,63.29237790924444],[-126.32324259448325,63.304977291157584],[-126.30972190608479,63.31926389133202],[-126.2794264070295,63.32285850335278],[-126.26542020681744,63.33174039896429],[-126.23684260428317,63.33480321179357],[-126.19434279354242,63.34410510586626],[-126.17388029355834,63.364479902154514],[-126.13964066039736,63.3794366962658],[-126.13440071805654,63.38712640779335],[-126.1032516852773,63.391126701003536],[-126.07730177314417,63.39963170316058],[-126.05706151058763,63.397203403406145],[-126.04306438182533,63.40817311165874],[-126.01889109851699,63.40494621421307],[-125.95105871209755,63.415847005955655],[-125.94822711586215,63.42278829139784],[-125.92470797903586,63.438636309855575],[-125.92383868157263,63.464712905402486],[-125.90958742831553,63.47653629956101],[-125.86624358700051,63.46817500680412],[-125.85042710571302,63.47179968832982],[-125.84074970486236,63.48375420185851],[-125.84219649571757,63.49081811460402],[-125.818605497758,63.50857270522216],[-125.80862667390251,63.50699739363185],[-125.78574377602125,63.51277009151655],[-125.76714479692275,63.52413779252685],[-125.74399190835021,63.53395378572817],[-125.72838227905937,63.53117229387574],[-125.70373598725718,63.53470349808949],[-125.66238560189909,63.535268812105336],[-125.65233081827479,63.543400890302365],[-125.61738217529961,63.549210696195],[-125.59778958451967,63.56526500123172],[-125.56616372432903,63.57055189481033],[-125.54308843177436,63.58181540272235],[-125.53774881634949,63.591170705863334],[-125.51300119686759,63.59550929952326],[-125.48749979982453,63.604260508474056],[-125.47782209872474,63.60186940369208],[-125.45872620934071,63.607524993517366],[-125.42926640281631,63.62758648954925],[-125.4140461224489,63.62449889117497],[-125.40088791410699,63.627865094288474],[-125.39777139269206,63.63603086077902],[-125.154806289021,63.68235216562952],[-125.15802107559317,63.69649760426372],[-125.13528879367867,63.695525608393744],[-125.09965768283814,63.70221160195042],[-125.07214541701666,63.71157478919448],[-125.0776426221526,63.719245395054024],[-125.04596232152794,63.725843696660945],[-125.03166979381344,63.741474713880606],[-125.01671661068711,63.7405866866497],[-125.00439257330193,63.74707039619093],[-124.96533640395374,63.74805719768392],[-124.94594319921549,63.759272410746526],[-124.91649878679492,63.767854314870874],[-124.91412428913699,63.77409751362741],[-124.88444987641103,63.774053599695684],[-124.84693471001701,63.786987992685134],[-124.84771265040627,63.79176127079971],[-124.207072206711,63.94721428627342],[-123.67434968130839,63.949015306273274],[-123.3021029109413,63.95127558307395],[-122.7993919174008,63.9528073947501],[-122.35567389877532,63.9515257862557],[-122.01621194285002,63.949725499099536],[-121.58078086258216,64.08998696132623],[-121.48215713427756,64.09492376380942],[-121.2976478317153,64.00061168393074],[-121.0154682343381,64.04730864219292],[-121.03296650073821,64.08266484645982],[-120.82345300294575,64.02024150107184],[-120.68317531272876,63.9941498104475],[-120.60854902596576,64.02713924658912],[-120.63865280208776,64.07438205195372],[-120.65837622787414,64.09213711603456],[-120.52355458525132,64.10123697476554],[-120.4050555880012,64.08971710926706],[-120.4018345661952,64.08839103761744],[-119.99568365598627,63.96633959877496],[-119.99708928320858,64.16906863158552],[-119.99862654151603,64.4097960394083],[-119.9996027746632,64.56050465858297],[-119.24121269158334,65.0000001013365],[-119.15316134383794,65.04986375843647],[-119.56741605973127,65.0641254010886],[-119.4384648240717,65.35710474824465],[-118.09730041195893,65.36411837227841],[-117.7406425960704,66.37558991717839],[-117.08701005035842,66.6267389932702],[-116.63108512106378,66.7974265120867],[-117.03841920075592,66.9201594820773],[-117.06545063025465,66.92917931656744],[-117.40118144642351,66.98996524147064],[-117.77821879995948,67.05705125722494],[-118.20849229033823,67.13254385845482],[-118.59419058672883,67.19886427850241],[-118.81656856137671,67.26351066570116],[-119.3334071632624,67.41129089089793],[-119.6703217027023,67.50949615071873],[-120.01416164232926,67.60819981117703],[-120.38402711559074,67.71179413271817],[-120.6307822227017,67.77995976429308],[-121.98644352857958,67.73066195481529],[-124.14410437127552,67.72605045693297],[-126.94786517753762,67.67848305444811],[-127.45627308807104,67.66479672719251],[-129.48196612902998,67.59468869539994],[-129.96063391265807,67.5744583546453],[-130.45083202077964,67.55227702612974],[-130.43121425951668,67.34069762976252],[-130.4097384455038,67.1047546792649],[-130.3813659947151,66.78589850727029],[-131.07297309730376,66.71675574993732],[-131.93030433620208,66.62634919398738],[-132.06503385881948,66.60925180715223],[-132.0748740602148,66.07060071669417],[-132.05271142615203,66.06795260407306],[-132.02573467356382,66.07278570260402],[-131.98580939465805,66.06905141340937],[-131.97903511787035,66.06475265048337],[-131.9523864044631,66.06167381164144],[-131.9457352882734,66.0485939992558],[-131.91777579435265,66.03644458826957],[-131.88046571043532,66.0303804922788],[-131.86364682323122,66.02501260826263],[-131.81550039571385,66.01500999297411],[-131.79005250965778,66.01291750525213],[-131.78726150590418,66.0067798058976],[-131.75890160399425,65.99957490911709],[-131.75944949741114,65.99372211537971],[-131.73430812619176,65.97187920288845],[-131.69138141091713,65.96337020396439],[-131.6901912889029,65.95079008783084],[-131.66358010585873,65.94484718328765],[-131.6311601238007,65.94491879225534],[-131.6069761853286,65.94200971279602],[-131.5885369312553,65.93501029502254],[-131.56801309771626,65.91458108772271],[-131.55011430485862,65.91575910677032],[-131.52041521965975,65.91271879589686],[-131.49441593797334,65.91429069987494],[-131.43924751291505,65.91425980110893],[-131.40969531191752,65.90312230463294],[-131.39249912100237,65.9010728022406],[-131.37869020850542,65.89288509575472],[-131.38396350806633,65.88314969880611],[-131.3509325777677,65.87269070106326],[-131.2876201856183,65.86768440087343],[-131.25364659221876,65.84693448967379],[-131.22825022079988,65.84981009936953],[-131.2275491611446,65.85911879586084],[-131.21335211078136,65.86751689324711],[-131.1871036973875,65.87280869844771],[-131.14999288652112,65.87181420701316],[-131.14514787239037,65.86337104728733],[-131.10054547018058,65.86101635637463],[-131.019272485378,65.41792499450966],[-130.94509115775756,65.00000010049439],[-130.82385882284973,64.28764824579683],[-131.0477631942715,64.28093965060458],[-131.07634691276365,64.27877436743387],[-131.0737079791759,64.27287038918772],[-130.98264825447936,64.25074044731015],[-130.94720044631458,64.22301660294492],[-130.93818538006806,64.20036403969456],[-130.94396511321017,64.18578165434876],[-130.8708128941348,64.18566504564176],[-130.85905945490592,64.17196124673995],[-130.9050889995067,64.14596312835576],[-130.95280128966343,64.1410638674127],[-130.9677687725621,64.13004531051419],[-130.95541668451773,64.11332460874071],[-130.88347458024109,64.0820360147136],[-130.87034296448232,64.03188836153441],[-130.80898269234757,64.04045170376881],[-130.72332169832387,64.02656540097134],[-130.77172538553606,64.00886638959453],[-130.77570257794343,63.97625081755219],[-130.71810577974207,63.963733278646124],[-130.68866237017457,63.946308733325196],[-130.6305811272313,63.94763639291703],[-130.59207771119287,63.921740107644695],[-130.55722112806973,63.91667667760954],[-130.53823680689635,63.92568157547741],[-130.44289505277635,63.89114322768359],[-130.4115980849276,63.8696242101852],[-130.39437676345537,63.8529837534345],[-130.36914591959385,63.84852597748457],[-130.339362557788,63.81327809369303],[-130.30832467624595,63.8229396029581],[-130.2456850854389,63.83622723790827],[-130.23987723323748,63.85556041322585],[-130.21857587178334,63.86931917803],[-130.18589737660858,63.85420715159497],[-130.1442347023689,63.86142420971153],[-130.10936805637832,63.839414919734786],[-130.13269546346626,63.8292671737751],[-130.129325245913,63.81078369069974],[-130.13766246304073,63.7992940735499],[-130.10626554210629,63.78735828347148],[-130.10122852771073,63.75417928398711],[-130.1219580685623,63.74321558765358],[-130.1896099211309,63.74199657562125],[-130.21567838199383,63.71779493606421],[-130.26948704086226,63.7135019811878],[-130.31801297607603,63.713794963550114],[-130.3396670044528,63.69088276716738],[-130.3097109161873,63.677999158158535],[-130.30776044147262,63.665506305870366],[-130.26863540833338,63.64478393904859],[-130.2321443967096,63.6475531082265],[-130.15288625808276,63.67415654619623],[-130.10618780942326,63.68848076895966],[-130.07251246481732,63.68286895665663],[-130.09154822378196,63.660565024709825],[-130.09927684922405,63.632647656184375],[-130.08136368234565,63.60802614031535],[-130.04271079939633,63.60428223772622],[-130.01027705081094,63.613364713860605],[-129.96246077453765,63.60980118907602],[-129.92807254474002,63.5920003249005],[-129.96032751018743,63.565757613124845],[-129.8973717900142,63.552860692357164],[-129.87053396317808,63.52173351111669],[-129.78492801959496,63.44596954034035],[-129.8743228056468,63.457481218644034],[-129.88568308142442,63.43596333578987],[-129.9085271495579,63.417636887794096],[-129.86622001620293,63.36707357439947],[-129.92369739334626,63.34428308464323],[-129.9903510053298,63.32756848369805],[-130.0408364308342,63.329947758827664],[-130.0579762126437,63.30415826114226],[-130.10830467025193,63.30561779986478],[-130.14526745928185,63.28878942064449],[-130.13000165476555,63.26681646981729],[-130.15776290244042,63.24235756271156],[-130.10403705266532,63.244052303194415],[-130.04878113260378,63.25235072136571],[-130.01389394568736,63.236448661328545],[-129.98758381006527,63.19889804373617],[-129.94259370844486,63.183051666821854],[-129.91048552705757,63.19210087571037],[-129.89572835899364,63.178488483797736],[-129.8704622982979,63.171834243371464],[-129.86851075571275,63.15754483047557],[-129.8449163298965,63.131865213348235],[-129.81349593968542,63.10367322060237],[-129.82100090473912,63.08238966959854],[-129.77373242286114,63.07657191093936],[-129.74071335294525,63.06051214943751],[-129.67356164767156,63.061619075781714],[-129.61320852293258,63.0730479403967],[-129.5885836581026,63.042165233992854],[-129.60794727100233,63.01006876546673],[-129.63731758739954,62.978967871220426],[-129.64935701675472,62.952987872272004],[-129.67871150508762,62.941168378591975],[-129.6752253828138,62.926455123628145],[-129.70967773733142,62.90765778008859],[-129.68423696661722,62.87594230718557],[-129.7500344011883,62.881064380726556],[-129.74325754764027,62.838368826064354],[-129.7021256514753,62.822116011044244],[-129.66525691979788,62.81420344697437],[-129.6655636344412,62.795724237369264],[-129.6362071404038,62.77416915771532],[-129.60797454007295,62.74949015778939],[-129.5901272433992,62.70101263446354],[-129.5666956906864,62.681179501091094],[-129.53039894974,62.68202138905301],[-129.5266596100323,62.66871446110529],[-129.4852194664783,62.662427756669864],[-129.50499010488932,62.64037608902529],[-129.46234473385363,62.62038692730564],[-129.46458374319045,62.59514333061098],[-129.48496681412206,62.58485012717588],[-129.52264270469036,62.57539777334362],[-129.52239475360182,62.552206356634066],[-129.48240542077585,62.55107980321216],[-129.45365134390113,62.56471244707431],[-129.43934809032083,62.577937829325144],[-129.38695329308177,62.5713045329102],[-129.35656894170182,62.5530803578172],[-129.32427378013043,62.52460417124342],[-129.27430758245814,62.514118907111374],[-129.2124701508131,62.50450738642704],[-129.1862365072795,62.479319186987404],[-129.15968194018933,62.478618257535494],[-129.1740808929553,62.44500524632371],[-129.222718167264,62.44110407653422],[-129.24390761680755,62.43086875836875],[-129.23849240382373,62.41405624045303],[-129.28485596752347,62.399721514752905],[-129.26306425643995,62.374292362436925],[-129.189498383487,62.36155535064403],[-129.21422102714925,62.3524362900994],[-129.2562819855605,62.32795508171989],[-129.26454119330674,62.299880704529286],[-129.24594831048952,62.2821725231526],[-129.2696703531971,62.25798251254876],[-129.22174500184988,62.23636482700808],[-129.20501948998955,62.20922319345526],[-129.16332575148405,62.20397133769993],[-129.19388218866465,62.16806776506316],[-129.23724181800947,62.15106135655747],[-129.23570527541258,62.13804861202522],[-129.19978698170004,62.1394434254621],[-129.17613309307117,62.123900169541166],[-129.12886832243544,62.099457005651125],[-129.07300735565312,62.09830718751342],[-129.03399042947362,62.111804368042705],[-128.99907986453027,62.107883782376724],[-128.97249971890682,62.116923094028394],[-128.9446647951706,62.11908420388721],[-128.92054779850815,62.095490834583956],[-128.851609939289,62.099364318115434],[-128.81979546227166,62.08747198476277],[-128.80903905537542,62.04833557642867],[-128.73036016477747,62.04314251469758],[-128.71938600856646,62.06918215486205],[-128.687581456648,62.08687019030511],[-128.66903163926483,62.10907820909774],[-128.63516971797057,62.11820024901172],[-128.59778020741263,62.1071880138271],[-128.54964039424436,62.116250195197836],[-128.51138139020867,62.10035140031],[-128.4372830298255,62.05493440983036],[-128.41018066795078,62.042800532498326],[-128.38842472762218,62.02010317673486],[-128.3611791942424,62.016560204931686]],[[-128.50842004665668,66.31925401244762],[-128.50241916739967,66.32084789242816],[-128.5020398897048,66.23337964742738],[-128.7353808174546,66.23339158253617],[-128.66714078001985,66.25179713162397],[-128.6432304002475,66.26872085505279],[-128.63919248815105,66.29400524708393],[-128.60104608931198,66.29514081945729],[-128.57537112427778,66.29302251543129],[-128.56024103778404,66.3023668350398],[-128.5595750675501,66.31549467001632],[-128.50842004665668,66.31925401244762]],[[-123.29557553013429,65.21764574760195],[-123.27890949662357,65.19747945179228],[-123.53560207684629,65.16413872255488],[-123.5843269360132,65.22466225819832],[-123.33003713183705,65.25924240228215],[-123.29557553013429,65.21764574760195]],[[-125.49035444336576,64.95092333834455],[-125.46065075302592,64.9552076769138],[-125.3706878134025,64.95691355720423],[-125.3531029172739,64.88775636529863],[-125.59782701523298,64.89269114034757],[-125.59514679404234,64.9135847448935],[-125.5388725702996,64.92922378006335],[-125.52785190369414,64.93869407910694],[-125.49035444336576,64.95092333834455]],[[-126.62242588579889,65.27435449227325],[-126.64629464941122,65.26723641279814],[-126.66340390433503,65.25224293827657],[-126.67148847404383,65.23416719728372],[-126.87805418504117,65.27681191408678],[-126.91854771601179,65.28733648717422],[-126.89352758788031,65.33061906396264],[-126.85880615037841,65.34589871637198],[-126.59628448761156,65.2984066601345],[-126.62242588579889,65.27435449227325]],[[-125.855050751876,66.95338644045484],[-125.85464932612967,66.94668621307733],[-126.17013329792302,66.95847261899505],[-126.15579655217834,67.05249498022079],[-125.86090058333602,67.05061386955089],[-125.855050751876,66.95338644045484]]]},"properties":{"DAUID":"61020139","DGUID":"2021S051261020139","LANDAREA":217909.7928,"PRUID":"61","Province":"NT"}},
{"type":"Feature","geometry":{"type":"Polygon","coordinates":[[[-117.25161473905325,64.10385701778537],[-117.24629740257336,64.10896144573326],[-117.2641550814296,64.1346393531122],[-117.32201422143643,64.14429017025552],[-117.37295063843774,64.1283780968973],[-117.36041479726467,64.09591342171072],[-117.32456695584196,64.08455478649786],[-117.26579948539666,64.09023004384942],[-117.25161473905325,64.10385701778537]]]},"properties":{"DAUID":"61030076","DGUID":"2021S051261030076","LANDAREA":9.0426,"PRUID":"61","Province":"NT"}},
{"type":"Feature","geometry":{"type":"Polygon","coordinates":[[[-114.1641097936795,64.16470427791728],[-114.13925846025774,64.17289823413401],[-114.12640862304757,64.1888572750645],[-114.1330559140121,64.20103086605488],[-114.16149005950427,64.21310037002489],[-114.19155340814764,64.21545863058849],[-114.22418958498814,64.2100339040212],[-114.23844695208463,64.20321157689908],[-114.2472687340833,64.19261706771613],[-114.24479127359675,64.18087099601448],[-114.22050935001334,64.16701582632906],[-114.19770574599964,64.16305957987569],[-114.1641097936795,64.16470427791728]]]},"properties":{"DAUID":"61030077","DGUID":"2021S051261030077","LANDAREA":14.7139,"PRUID":"61","Province":"NT"}},
{"type":"Feature","geometry":{"type":"Polygon","coordinates":[[[-117.30583565442541,63.18769524559369],[-117.31560201980444,63.17698269005644],[-117.29656777532045,63.170247604108766],[-117.27891491421899,63.159195186833884],[-117.27755047191535,63.143915901232965],[-117.25509372834692,63.130329408758435],[-117.22504383617948,63.117277006478446],[-117.20322409634066,63.116591613902244],[-117.20381988053862,63.12742281089841],[-117.18048609867508,63.12423530341113],[-117.17363127623263,63.1362022054427],[-117.159758318049,63.132389502845754],[-117.15976497038474,63.15852954961702],[-117.10142969870483,63.15853074400566],[-117.10143057180086,63.1668643688779],[-117.00142750114036,63.166866472810156],[-117.00142872924759,63.19186672969026],[-117.11789423180468,63.19186467196166],[-117.12762460074008,63.17824560047134],[-117.14365641159846,63.17390490765808],[-117.16279052197852,63.18006790252458],[-117.16257697411626,63.187696316998455],[-117.30583565442541,63.18769524559369]]]},"properties":{"DAUID":"61030079","DGUID":"2021S051261030079","LANDAREA":58.3306,"PRUID":"61","Province":"NT"}},
{"type":"Feature","geometry":{"type":"Polygon","coordinates":[[[-115.9300419045639,62.86276239785793],[-115.94109920683204,62.85505262041294],[-115.96455017777434,62.85470628980717],[-115.97719538250585,62.84191761257608],[-115.99999996566638,62.838938084893314],[-116.02543715724009,62.83000363891113],[-115.99548015838906,62.82883414336435],[-115.95779823613343,62.81944728070847],[-116.05735217351545,62.80241600524381],[-116.09808584517445,62.794689449304016],[-116.06801838394776,62.75538656076534],[-115.87065111897272,62.79061107112548],[-115.9300419045639,62.86276239785793]]]},"properties":{"DAUID":"61030115","DGUID":"2021S051261030115","LANDAREA":51.5291,"PRUID":"61","Province":"NT"}},
{"type":"Feature","geometry":{"type":"Polygon","coordinates":[[[-115.9300419045639,62.86276239785793],[-115.94657263973495,62.88275785609289],[-116.09794746513289,62.85675673531763],[-116.05735217351545,62.80241600524381],[-115.95779823613343,62.81944728070847],[-115.99548015838906,62.82883414336435],[-116.02543715724009,62.83000363891113],[-115.99999996566638,62.838938084893314],[-115.97719538250585,62.84191761257608],[-115.96455017777434,62.85470628980717],[-115.94109920683204,62.85505262041294],[-115.9300419045639,62.86276239785793]],[[-116.05224276848259,62.82761910519358],[-116.05505106593695,62.83059159387418],[-116.04577741957316,62.83073240603496],[-116.05224276848259,62.82761910519358]]]},"properties":{"DAUID":"61030116","DGUID":"2021S051261030116","LANDAREA":23.2844,"PRUID":"61","Province":"NT"}},
{"type":"Feature","geometry":{"type":"Polygon","coordinates":[[[-116.05224276848259,62.82761910519358],[-116.04577741957316,62.83073240603496],[-116.05505106593695,62.83059159387418],[-116.05224276848259,62.82761910519358]]]},"properties":{"DAUID":"61030117","DGUID":"2021S051261030117","LANDAREA":0.1453,"PRUID":"61","Province":"NT"}},
{"type":"Feature","geometry":{"type":"Polygon","coordinates":[[[-115.87065111897272,62.79061107112548],[-115.82002541928895,62.79445668005847],[-115.59923986939442,62.822533975053105],[-115.3472415508224,63.08901994784205],[-115.25103670039293,63.18935843942143],[-115.0649534270666,63.17039685765164],[-114.9508737729188,63.18769802147841],[-114.85708493703635,63.22930014447891],[-114.88814396000632,63.235617727676036],[-114.85840608730489,63.26159992441176],[-114.81830190319606,63.25681051803995],[-114.75789834302323,63.48067760173748],[-114.79033028757354,63.48218376055182],[-114.66358999737842,63.68126551625883],[-114.40613370624273,64.07687748999952],[-113.94751696222795,64.10401158144327],[-112.94401707434814,64.37961194884826],[-112.59145441004198,64.47353220860444],[-112.53201604072564,64.62205295536677],[-113.03050833664373,64.70300429039096],[-113.1495959122914,64.71064333702722],[-113.2572452534844,64.71069968271658],[-113.36837869526966,64.67560510142161],[-113.5768616887869,64.60252650402009],[-113.71534648422272,64.55593440001877],[-113.82547079544833,64.49506286696943],[-113.9591579792842,64.43728176862714],[-113.98061129108714,64.45010383735007],[-114.02489752453693,64.44547684478944],[-114.02233470290666,64.42969556724677],[-113.9802641552402,64.41779942147348],[-114.26639658578397,64.32631347603153],[-114.54133511717978,64.33549140484338],[-114.55017435108765,64.32710662055227],[-114.5726044259348,64.29100912241258],[-114.58910816060745,64.26049979335397],[-114.989939956333,64.20244850175888],[-115.31319692608693,64.15464943614886],[-115.72355797155396,64.31358308068499],[-115.72111266483545,64.654961595261],[-115.53391940931061,64.64673756518738],[-115.53045868877946,64.7266214543975],[-115.70012412506121,64.74489321456831],[-116.02321969976278,64.71588816516086],[-116.04306481693935,64.68441986617658],[-116.03281405012406,64.59726005423029],[-117.41977264365944,64.54428661083121],[-117.73331031995,64.68761259022568],[-117.98918593809854,64.87950092946961],[-118.08405521129049,65.00000013469807],[-118.19056088038323,65.13392900283851],[-118.41233524027827,65.07130370797601],[-118.44634482200372,65.03403084830653],[-118.42337620107055,65.03358453842996],[-118.40147656058058,65.02342861821091],[-118.3859002305784,64.99783072382928],[-118.38603107110745,64.95503284089118],[-118.3887052460149,64.93076715757356],[-118.46515334456414,64.90210864943616],[-118.78216135853957,64.8680253752988],[-118.6551110800621,64.65180600501479],[-118.37971616484018,64.65917791437853],[-117.94288538082624,64.4307918487751],[-117.82786183058958,63.735530879740665],[-118.30525551313063,63.723131214213595],[-118.31935587567875,63.668700218183886],[-118.33473099762044,63.64786366097122],[-118.37573656607772,63.6326710112355],[-118.71165339279429,63.61958566405997],[-118.76871826414805,63.23349642569543],[-118.20917354125785,63.11619988616165],[-117.87287567427629,63.05569539947549],[-116.86303238076913,63.081565600715436],[-116.86536510412444,62.96203967158801],[-116.41554482491611,62.9677940262906],[-116.28788690309825,62.82138659282531],[-116.1811036289117,62.69769138628756],[-116.06801838394776,62.75538656076534],[-116.09808584517445,62.794689449304016],[-116.05735217351545,62.80241600524381],[-116.09794746513289,62.85675673531763],[-115.94657263973495,62.88275785609289],[-115.9300419045639,62.86276239785793],[-115.87065111897272,62.79061107112548]],[[-117.25161473905325,64.10385701778537],[-117.26579948539666,64.09023004384942],[-117.32456695584196,64.08455478649786],[-117.36041479726467,64.09591342171072],[-117.37295063843774,64.1283780968973],[-117.32201422143643,64.14429017025552],[-117.2641550814296,64.1346393531122],[-117.24629740257336,64.10896144573326],[-117.25161473905325,64.10385701778537]],[[-114.1641097936795,64.16470427791728],[-114.19770574599964,64.16305957987569],[-114.22050935001334,64.16701582632906],[-114.24479127359675,64.18087099601448],[-114.2472687340833,64.19261706771613],[-114.23844695208463,64.20321157689908],[-114.22418958498814,64.2100339040212],[-114.19155340814764,64.21545863058849],[-114.16149005950427,64.21310037002489],[-114.1330559140121,64.20103086605488],[-114.12640862304757,64.1888572750645],[-114.13925846025774,64.17289823413401],[-114.1641097936795,64.16470427791728]],[[-117.30583565442541,63.18769524559369],[-117.16257697411626,63.187696316998455],[-117.16279052197852,63.18006790252458],[-117.14365641159846,63.17390490765808],[-117.12762460074008,63.17824560047134],[-117.11789423180468,63.19186467196166],[-117.00142872924759,63.19186672969026],[-117.00142750114036,63.166866472810156],[-117.10143057180086,63.1668643688779],[-117.10142969870483,63.15853074400566],[-117.15976497038474,63.15852954961702],[-117.159758318049,63.132389502845754],[-117.17363127623263,63.1362022054427],[-117.18048609867508,63.12423530341113],[-117.20381988053862,63.12742281089841],[-117.20322409634066,63.116591613902244],[-117.22504383617948,63.117277006478446],[-117.25509372834692,63.130329408758435],[-117.27755047191535,63.143915901232965],[-117.27891491421899,63.159195186833884],[-117.29656777532045,63.170247604108766],[-117.31560201980444,63.17698269005644],[-117.30583565442541,63.18769524559369]]]},"properties":{"DAUID":"61030140","DGUID":"2021S051261030140","LANDAREA":24639.9039,"PRUID":"61","Province":"NT"}},
{"type":"Feature","geometry":{"type":"Polygon","coordinates":[[[-123.28481597246201,63.14481194968623],[-123.22973379087712,63.16083283368953],[-123.34271186012111,63.23565489114122],[-123.51553769383897,63.231514000392565],[-123.442631069925,63.20368006082619],[-123.34421129099465,63.161549909694166],[-123.3188443035014,63.13489494967744],[-123.28481597246201,63.14481194968623]]]},"properties":{"DAUID":"61040070","DGUID":"2021S051261040070","LANDAREA":53.9342,"PRUID":"61","Province":"NT"}},
{"type":"Feature","geometry":{"type":"Polygon","coordinates":[[[-117.25121671399235,60.96647230471401],[-117.25122225593744,60.97377287159071],[-117.45992099536019,60.97607251141427],[-117.46293287524611,60.888718456002685],[-117.2508150501315,60.88404998556047],[-117.25121671399235,60.96647230471401]]]},"properties":{"DAUID":"61040072","DGUID":"2021S051261040072","LANDAREA":95.1432,"PRUID":"61","Province":"NT"}},
{"type":"Feature","geometry":{"type":"Polygon","coordinates":[[[-120.61675220094064,61.48129556382465],[-120.56279742223985,61.50584050855084],[-120.60798588573527,61.524228609762375],[-120.64429494441656,61.54397018162658],[-120.6650189123901,61.54997520981874],[-120.73486909035138,61.516574568138445],[-120.64268625695216,61.46947597254855],[-120.61675220094064,61.48129556382465]]]},"properties":{"DAUID":"61040073","DGUID":"2021S051261040073","LANDAREA":37.5008,"PRUID":"61","Province":"NT"}},
{"type":"Feature","geometry":{"type":"Polygon","coordinates":[[[-121.02489105317945,60.39579143117972],[-121.04165215339563,60.466909006318375],[-121.22980832434426,60.46783616485239],[-121.36614193662726,60.394054664473984],[-121.02225674337772,60.38458491344608],[-121.02489105317945,60.39579143117972]]]},"properties":{"DAUID":"61040081","DGUID":"2021S051261040081","LANDAREA":118.0091,"PRUID":"61","Province":"NT"}},
{"type":"Feature","geometry":{"type":"Polygon","coordinates":[[[-123.41419752993694,61.04167780928939],[-123.44713800156701,61.02513816727131],[-123.47134429508553,61.00504184442681],[-123.50516298270759,61.00515287053363],[-123.52693875781222,60.99132961626968],[-123.47629635476801,60.96996598974158],[-123.35767985818451,60.960973621730155],[-123.34645053075677,60.973170628212614],[-123.3286265570865,60.97632722138979],[-123.28746131796221,60.974383084539085],[-123.25725679063471,60.98239538135183],[-123.25194792078646,61.001795164011746],[-123.27476360994088,61.01385863159466],[-123.29895227225909,61.017326288945206],[-123.31814049592245,61.02331768126677],[-123.33442883134035,61.03829403777799],[-123.33720624774216,61.04873194702966],[-123.35644146468633,61.04560888245269],[-123.3785002300207,61.03723473229228],[-123.40360985963383,61.04330438599678],[-123.41419752993694,61.04167780928939]]]},"properties":{"DAUID":"61040082","DGUID":"2021S051261040082","LANDAREA":79.423,"PRUID":"61","Province":"NT"}},
{"type":"Feature","geometry":{"type":"Polygon","coordinates":[[[-117.81129905224142,61.4896090814638],[-117.82513765084337,61.48952604192689],[-117.75974351281262,61.39960148342411],[-117.59614614988969,61.31091124620227],[-117.42640775272687,61.41030400481944],[-117.50107561354326,61.491685140422085],[-117.81129905224142,61.4896090814638]]]},"properties":{"DAUID":"61040084","DGUID":"2021S051261040084","LANDAREA":255.494,"PRUID":"61","Province":"NT"}},
{"type":"Feature","geometry":{"type":"Polygon","coordinates":[[[-115.55228221402217,60.82783568132656],[-115.60005688611709,60.82800871002997],[-115.6575414838784,60.83801590515571],[-115.69418148240712,60.850266112204565],[-115.7191824118871,60.86391158373486],[-115.73136217189631,60.86131965650888],[-115.72042048296548,60.851953303126145],[-115.74999019924398,60.83697879770972],[-115.77243789678616,60.835162691175356],[-115.76943769361482,60.81676923087342],[-115.78011946448015,60.80904896420262],[-115.7982843720318,60.79433189966835],[-115.81434754192394,60.79273404553779],[-115.8214108700979,60.78215179581045],[-115.83698437293161,60.77190360059651],[-115.82172911092532,60.75272235344949],[-115.80455227538332,60.75287944845939],[-115.77079551354603,60.74552510103958],[-115.73562009961255,60.742443325045414],[-115.67777213716678,60.74339070906239],[-115.60376078534144,60.73705267273094],[-115.59531061432023,60.73291308918712],[-115.55228221402217,60.82783568132656]]]},"properties":{"DAUID":"61040124","DGUID":"2021S051261040124","LANDAREA":134.0044,"PRUID":"61","Province":"NT"}},
{"type":"Feature","geometry":{"type":"Polygon","coordinates":[[[-121.35830197331109,61.87485950808973],[-121.39501776690962,61.88611692509529],[-121.45552895120987,61.862992541006285],[-121.25657342897561,61.726174699607114],[-121.23829006105842,61.729322278097264],[-121.22467540264121,61.736923095987194],[-121.20878306868842,61.75412505781785],[-121.2000508194667,61.76992826991707],[-121.20247224694363,61.779887636424675],[-121.21183953577186,61.78645772964784],[-121.24347280107575,61.79539069698824],[-121.2756027310226,61.81064195535841],[-121.31096999412138,61.83596077226348],[-121.32655932422594,61.85775330200025],[-121.35830197331109,61.87485950808973]],[[-121.34676588627559,61.85868169943044],[-121.35114310017347,61.858949388994226],[-121.36120811544193,61.86375669072784],[-121.35136791024169,61.86405068495968],[-121.34676588627559,61.85868169943044]]]},"properties":{"DAUID":"61040127","DGUID":"2021S051261040127","LANDAREA":77.4753,"PRUID":"61","Province":"NT"}},
{"type":"Feature","geometry":{"type":"Polygon","coordinates":[[[-121.34676588627559,61.85868169943044],[-121.35136791024169,61.86405068495968],[-121.36120811544193,61.86375669072784],[-121.35114310017347,61.858949388994226],[-121.34676588627559,61.85868169943044]]]},"properties":{"DAUID":"61040128","DGUID":"2021S051261040128","LANDAREA":0.4096,"PRUID":"61","Province":"NT"}},
{"type":"Feature","geometry":{"type":"Polygon","coordinates":[[[-123.47930352062448,60.22258404823828],[-123.47313768158601,60.231206697696635],[-123.45602631159481,60.239083121851685],[-123.44791570068632,60.2536170067604],[-123.45165483641566,60.25768944190322],[-123.49910617635166,60.23278534248976],[-123.47930352062448,60.22258404823828]]]},"properties":{"DAUID":"61040136","DGUID":"2021S051261040136","LANDAREA":2.404,"PRUID":"61","Province":"NT"}},
{"type":"Feature","geometry":{"type":"Polygon","coordinates":[[[-123.47930352062448,60.22258404823828],[-123.4270342455953,60.1956117744703],[-123.26226657888543,60.28305153760613],[-123.34251650014855,60.31475621896093],[-123.45165483641566,60.25768944190322],[-123.44791570068632,60.2536170067604],[-123.45602631159481,60.239083121851685],[-123.47313768158601,60.231206697696635],[-123.47930352062448,60.22258404823828]]]},"properties":{"DAUID":"61040137","DGUID":"2021S051261040137","LANDAREA":65.2091,"PRUID":"61","Province":"NT"}},
{"type":"Feature","geometry":{"type":"Polygon","coordinates":[[[-116.97862267293183,60.00001923363857],[-116.97392409358578,60.010303898053174],[-116.94034937876188,60.02164276021036],[-116.93321708981829,60.02663181604762],[-116.89808601843889,60.0380130011043],[-116.86674362234292,60.03890100765721],[-116.84623381918264,60.052976115748265],[-116.79249798754553,60.08003785719093],[-116.77106697086526,60.086467511180224],[-116.76721250723514,60.09776558786785],[-116.74595364614181,60.117067599589966],[-116.71322502953987,60.1275422753474],[-116.68979158569088,60.144792272650854],[-116.696603447287,60.15987499204514],[-116.69155409687296,60.17387074181533],[-116.67234058627845,60.18481504297495],[-116.66674831150611,60.20292986993509],[-116.62790542005133,60.217686945030714],[-116.61740510250662,60.22361020623973],[-116.56681924150632,60.272121191864834],[-116.54260088202672,60.28858834489419],[-116.49909470985608,60.31042110473493],[-116.48762951954554,60.32254396885077],[-116.46239842503581,60.33970199940143],[-116.43385223413523,60.3447734667002],[-116.4066986812677,60.35249381252531],[-116.38049469175755,60.36871624076109],[-116.38301440566423,60.387925065221395],[-116.37428735755495,60.40310374429383],[-116.36035267569083,60.41581465774364],[-116.34396044669036,60.43726654963294],[-116.34289926086643,60.44393269118123],[-116.329341721792,60.46059977274907],[-116.34666670170964,60.45968827153255],[-116.35012172290864,60.6322305596191],[-116.34932092651512,60.64800619453378],[-116.1002906784094,60.64000745942649],[-116.09530698524884,60.641836969425725],[-115.89822372969745,60.75302402721854],[-115.90085934877327,60.83447388651859],[-115.90136739926949,60.85012641301325],[-115.82476263247185,60.86320508375745],[-115.75136241115719,60.87568425949949],[-115.7285764955398,60.86688422873509],[-115.73136217189631,60.86131965650888],[-115.7191824118871,60.86391158373486],[-115.69418148240712,60.850266112204565],[-115.6575414838784,60.83801590515571],[-115.60005688611709,60.82800871002997],[-115.55228221402217,60.82783568132656],[-115.36050211615894,61.05935909805198],[-114.83027410099884,61.68065521878067],[-114.82883244933738,61.683055559400195],[-115.20817226239032,61.788855501467474],[-115.59553269112523,61.87772568171443],[-116.00000000504559,61.97149446671418],[-116.37362276192947,62.05652838246368],[-116.62430440422187,62.11273846260706],[-116.85344371053297,62.16506372555407],[-117.34550561370786,62.275518642150665],[-117.75068151864112,62.36690392349477],[-117.99999997479053,62.42226518712034],[-118.306483802283,62.48941996794577],[-118.67602274767702,62.56908402653278],[-118.85068323841742,62.60624398261946],[-119.28817355013625,62.69056562334986],[-119.63399585480342,62.75590449120942],[-119.99272189904558,62.822360226522555],[-119.9927622916193,63.000000134762445],[-119.99286685834821,63.23774976589889],[-119.99300989023843,63.46523956297591],[-119.99309144949284,63.59332027245447],[-119.9940274387003,63.72915367548956],[-119.99568365598627,63.96633959877496],[-120.4018345661952,64.08839103761744],[-120.4050555880012,64.08971710926706],[-120.52355458525132,64.10123697476554],[-120.65837622787414,64.09213711603456],[-120.63865280208776,64.07438205195372],[-120.60854902596576,64.02713924658912],[-120.68317531272876,63.9941498104475],[-120.82345300294575,64.02024150107184],[-121.03296650073821,64.08266484645982],[-121.0154682343381,64.04730864219292],[-121.2976478317153,64.00061168393074],[-121.48215713427756,64.09492376380942],[-121.58078086258216,64.08998696132623],[-122.01621194285002,63.949725499099536],[-122.35567389877532,63.9515257862557],[-122.7993919174008,63.9528073947501],[-123.3021029109413,63.95127558307395],[-123.67434968130839,63.949015306273274],[-124.207072206711,63.94721428627342],[-124.84771265040627,63.79176127079971],[-124.84693471001701,63.786987992685134],[-124.88444987641103,63.774053599695684],[-124.91412428913699,63.77409751362741],[-124.91649878679492,63.767854314870874],[-124.94594319921549,63.759272410746526],[-124.96533640395374,63.74805719768392],[-125.00439257330193,63.74707039619093],[-125.01671661068711,63.7405866866497],[-125.03166979381344,63.741474713880606],[-125.04596232152794,63.725843696660945],[-125.0776426221526,63.719245395054024],[-125.07214541701666,63.71157478919448],[-125.09965768283814,63.70221160195042],[-125.13528879367867,63.695525608393744],[-125.15802107559317,63.69649760426372],[-125.154806289021,63.68235216562952],[-125.39777139269206,63.63603086077902],[-125.40088791410699,63.627865094288474],[-125.4140461224489,63.62449889117497],[-125.42926640281631,63.62758648954925],[-125.45872620934071,63.607524993517366],[-125.47782209872474,63.60186940369208],[-125.48749979982453,63.604260508474056],[-125.51300119686759,63.59550929952326],[-125.53774881634949,63.591170705863334],[-125.54308843177436,63.58181540272235],[-125.56616372432903,63.57055189481033],[-125.59778958451967,63.56526500123172],[-125.61738217529961,63.549210696195],[-125.65233081827479,63.543400890302365],[-125.66238560189909,63.535268812105336],[-125.70373598725718,63.53470349808949],[-125.72838227905937,63.53117229387574],[-125.74399190835021,63.53395378572817],[-125.76714479692275,63.52413779252685],[-125.78574377602125,63.51277009151655],[-125.80862667390251,63.50699739363185],[-125.818605497758,63.50857270522216],[-125.84219649571757,63.49081811460402],[-125.84074970486236,63.48375420185851],[-125.85042710571302,63.47179968832982],[-125.86624358700051,63.46817500680412],[-125.90958742831553,63.47653629956101],[-125.92383868157263,63.464712905402486],[-125.92470797903586,63.438636309855575],[-125.94822711586215,63.42278829139784],[-125.95105871209755,63.415847005955655],[-126.01889109851699,63.40494621421307],[-126.04306438182533,63.40817311165874],[-126.05706151058763,63.397203403406145],[-126.07730177314417,63.39963170316058],[-126.1032516852773,63.391126701003536],[-126.13440071805654,63.38712640779335],[-126.13964066039736,63.3794366962658],[-126.17388029355834,63.364479902154514],[-126.19434279354242,63.34410510586626],[-126.23684260428317,63.33480321179357],[-126.26542020681744,63.33174039896429],[-126.2794264070295,63.32285850335278],[-126.30972190608479,63.31926389133202],[-126.32324259448325,63.304977291157584],[-126.3418442017384,63.29237790924444],[-126.35752180581859,63.28975411212308],[-126.36714868604722,63.259547303244766],[-126.35287000106248,63.24610438738777],[-126.35900742687328,63.23064840438761],[-126.35657731904664,63.20909630324297],[-126.36638142480699,63.20417660356149],[-126.35243410595892,63.19513428831889],[-126.35255988584102,63.18434890102644],[-126.36573120923431,63.17302179004734],[-126.37701720362676,63.15544710847709],[-126.37303932419273,63.153136601316405],[-126.37928428229728,63.13379109171988],[-126.40179368632657,63.1265776027629],[-126.41509651207667,63.12884259131277],[-126.4383063650898,63.12216409898021],[-126.42243431795023,63.093036792230464],[-126.43527519700142,63.09082690184453],[-126.45634481042161,63.078320982629016],[-126.45762968336811,63.065970708014746],[-126.44493820383265,63.0548426046516],[-126.44685231606898,63.04257060361163],[-126.45926741280462,63.033802610350584],[-126.47583258525576,63.00556341200479],[-126.48775260772994,62.996572007463016],[-126.47679577153308,62.98512020205396],[-126.47950563557374,62.979923603415436],[-126.45594268510645,62.955348609329334],[-126.4366605824235,62.94360130770205],[-126.43327038737665,62.91901148322064],[-126.44998761754016,62.90348859879254],[-126.44769616587689,62.888895700315366],[-126.46236510542705,62.8728923033827],[-126.50759570079387,62.85723010339331],[-126.55398567697452,62.84721920819008],[-126.58001221921201,62.83388569390642],[-126.60383979559107,62.82960121078593],[-126.61550358369256,62.817877493708636],[-126.58253409807587,62.786762389618616],[-126.5916005978367,62.767237062625256],[-128.32457072761835,62.17938957704945],[-128.49291130121887,62.11983998941578],[-128.4828443761756,62.11145408479797],[-128.46652319982076,62.10677813010612],[-128.44819538191732,62.0926218276496],[-128.4168859107294,62.073534536668745],[-128.4000101250854,62.07038327982134],[-128.37234726260056,62.054165060112446],[-128.35093828508926,62.032916704835586],[-128.3472228137941,62.01988275103639],[-128.3611791942424,62.016560204931686],[-128.3479392179936,62.01483621499491],[-128.35687274095275,61.990803768508755],[-128.3500972308093,61.97350905568446],[-128.30694798465106,61.96755980079179],[-128.30483123224968,61.9491485361002],[-128.24857713447562,61.93703240713728],[-128.2082763154553,61.88702985163963],[-128.2002789796541,61.858854648377644],[-128.1883462175188,61.82841635581799],[-128.14964349045917,61.83785501734559],[-128.10656920523766,61.83094116447824],[-128.0540348971167,61.83268748922759],[-128.0206532679821,61.82353902894714],[-128.01398172065618,61.80489657466279],[-127.98599682645204,61.7915780769392],[-128.0175833895387,61.76698940219184],[-128.01262248920668,61.75319301283858],[-128.04745997548372,61.728720358930104],[-127.98210374130353,61.70198191703071],[-127.96164661043692,61.69004648429887],[-127.91188700302075,61.66944372708413],[-127.88185153380545,61.66755835394446],[-127.86555558711323,61.652607104898124],[-127.83287148326924,61.62970242560257],[-127.76680544683944,61.594138781361245],[-127.71897640208515,61.584049566802555],[-127.66855033097158,61.5825524066967],[-127.62907616385928,61.54699394992798],[-127.62272241776421,61.53222803350027],[-127.56985645582166,61.523892430459895],[-127.46918999648643,61.48515494202613],[-127.42237700918186,61.496799296742296],[-127.38868844750913,61.496676071330505],[-127.36353825605352,61.49124108624789],[-127.31641492555825,61.50010998253422],[-127.2378362793893,61.50017776136338],[-127.20242189087098,61.490019167365666],[-127.19170195705209,61.46113679655917],[-127.16798910051708,61.45620342822812],[-127.12723885934598,61.458992839515695],[-127.10295620217317,61.45815042994039],[-127.09403330504023,61.43765541771573],[-127.08513967768266,61.38759527815857],[-127.09075633593594,61.36808534830192],[-127.0292407802442,61.36125405846293],[-127.0210196836746,61.337954208644454],[-127.03340143508734,61.32240947973315],[-127.02004849493223,61.287925149947014],[-126.99958828629737,61.251109307770434],[-126.99640938771296,61.22213863274753],[-126.95292614636853,61.21496357479301],[-126.9758794037877,61.17771550372031],[-126.96074011346887,61.1679286133271],[-127.01209917481002,61.13766748531936],[-126.98410173868075,61.121403375430894],[-127.04105087447701,61.10281060388156],[-127.0426488629302,61.08208643204611],[-127.07243480005523,61.06659713264596],[-127.04233430705371,61.030943734332176],[-127.04701992977535,61.01727952897698],[-126.99949416383996,61.02617787648042],[-126.96612365212582,61.05006764606926],[-126.89677399373102,61.040988935179264],[-126.90682724964142,61.00714035115835],[-126.87347933120267,60.9647250746175],[-126.85358648073164,60.93163136895283],[-126.8660387265138,60.89592982153086],[-126.85636972912849,60.870329911596954],[-126.87704140837661,60.847895002277916],[-126.84987883855652,60.83259932529412],[-126.82524651244667,60.83149562635301],[-126.84514292652418,60.77497850034962],[-126.81274730026102,60.75856154231976],[-126.76983477462123,60.74863896892532],[-126.76349245071744,60.763189115287375],[-126.69265357796179,60.769031798118235],[-126.68260007917236,60.75381274899541],[-126.65983556912921,60.75118430964453],[-126.63904120405626,60.73078937931672],[-126.60823246535456,60.73976829153423],[-126.56669407449843,60.76476731948722],[-126.53342803247968,60.78223893263944],[-126.48637011184088,60.80014866321009],[-126.43165443191589,60.781829293962325],[-126.38708902620165,60.76554897582837],[-126.28349984400445,60.75882843469615],[-126.234642002326,60.76924992694117],[-126.19792614776924,60.782235473895796],[-126.18468176317555,60.796927227375306],[-126.18974569314449,60.811812642640305],[-126.21065416178054,60.83443328511691],[-126.18123975019238,60.84176011185831],[-126.13715657780268,60.84355412592587],[-126.09741876832045,60.85011700728776],[-126.06335061764364,60.85136803378102],[-126.07048938542124,60.83204005278858],[-126.08330515729882,60.81378356311055],[-126.05656131007292,60.79524544692973],[-125.96680312528872,60.78924267212626],[-125.94049225039373,60.80461513860126],[-125.93853637979343,60.830014470444375],[-125.9208182795529,60.84859762459392],[-125.87666580536384,60.86591619994765],[-125.83222475592589,60.88128756619109],[-125.79249731169331,60.86819486086174],[-125.75535817231938,60.84532637378985],[-125.714101280966,60.83077006061766],[-125.66963923125344,60.80310898503445],[-125.62534975570892,60.80970859729476],[-125.5689141598224,60.80150398604791],[-125.53379371957244,60.812355198996094],[-125.46700949713289,60.78870519989428],[-125.41847878217831,60.777856675335336],[-125.37491230901593,60.766383928115765],[-125.32217385301536,60.76795743807277],[-125.26406726015871,60.76834796253466],[-125.22278008228488,60.79632423510531],[-125.17135218634007,60.809660102089104],[-125.14788162540935,60.83250858757603],[-125.05412481035133,60.832887535494365],[-124.9924546460579,60.84004883008593],[-124.9674974294005,60.84924140925792],[-124.90594699237262,60.839852197812746],[-124.82579771779442,60.83704696965799],[-124.82143991238685,60.85364939974805],[-124.83743028771457,60.89931322317894],[-124.81919573785278,60.91924547411289],[-124.79524820136378,60.932507419931525],[-124.7883769135742,60.95450904771818],[-124.76615411564295,60.95806353198914],[-124.72815934057087,60.938989630477266],[-124.66537960722043,60.93866112275395],[-124.63322717681336,60.92679898925147],[-124.59275459417147,60.94583669460093],[-124.53938216457846,60.93860689441599],[-124.53669077377072,60.91414022649568],[-124.510779925139,60.86498633730147],[-124.51147936653868,60.83944477562194],[-124.49844773089363,60.82611416974792],[-124.49625398140618,60.80250261729618],[-124.47625614652024,60.79141394393616],[-124.45051962082415,60.7865458947399],[-124.4492166138715,60.76468261692744],[-124.49178305967727,60.72839759012611],[-124.54146335680244,60.71794074774104],[-124.56274695024443,60.695655907503706],[-124.59945265103154,60.68786762235749],[-124.57106557480353,60.64141542993002],[-124.49053430026707,60.59199317792467],[-124.44719465174175,60.57280931559309],[-124.43315571254766,60.54214573864735],[-124.39377325978394,60.51890078513443],[-124.38914599215244,60.458458808802376],[-124.31244690669142,60.459254513464266],[-124.23496650448615,60.45394713805591],[-124.19786251652224,60.44591570474457],[-124.20063507677364,60.39733506361682],[-124.2144678108266,60.364572056173046],[-124.20367864598585,60.35032869612141],[-124.18237173379279,60.30675714172925],[-124.15932774366905,60.291057348156386],[-124.15588352026009,60.26694522044825],[-124.12026872683428,60.23862881561058],[-124.12382851505662,60.206001410353764],[-124.09962945404591,60.19156918009885],[-124.06869147420961,60.16869746732222],[-124.0299607782535,60.14815830591647],[-124.00052694335625,60.109197587817185],[-123.7893248355608,60.00003262053759],[-123.49999999187139,59.999999992450874],[-123.2499999832446,60.00000000880257],[-122.99999999299169,60.00000000808986],[-122.75000000165684,60.000000007694304],[-122.50000001140657,59.99999999684144],[-122.2500000020621,60.00000000793554],[-121.99999999799469,60.00000000979401],[-121.7499999774629,59.99999999097586],[-121.49999996629332,59.999999994613496],[-121.24999998903618,60.000000012647355],[-121.00000002378944,59.999999997488146],[-120.75000002467232,60.000000003253895],[-120.49999997008521,59.99999999707509],[-120.25000000258007,60.0000000021441],[-119.99999998322919,60.00000000016975],[-119.75000003143857,60.00000000624098],[-119.49999998618685,59.9999999926785],[-119.2499999886188,60.00000001397498],[-118.99999999930321,60.000000000136744],[-118.75000001927944,59.99999999553549],[-118.50000000523885,60.000000003941],[-118.2499999888293,59.99999999097449],[-117.9999999964396,59.99999998902333],[-117.75000001162252,59.99999998982479],[-117.50000001807386,59.999999992590155],[-117.24999999939591,60.00000000400496],[-116.97862267293183,60.00001923363857]],[[-123.28481597246201,63.14481194968623],[-123.3188443035014,63.13489494967744],[-123.34421129099465,63.161549909694166],[-123.442631069925,63.20368006082619],[-123.51553769383897,63.231514000392565],[-123.34271186012111,63.23565489114122],[-123.22973379087712,63.16083283368953],[-123.28481597246201,63.14481194968623]],[[-117.25121671399235,60.96647230471401],[-117.2508150501315,60.88404998556047],[-117.46293287524611,60.888718456002685],[-117.45992099536019,60.97607251141427],[-117.25122225593744,60.97377287159071],[-117.25121671399235,60.96647230471401]],[[-120.61675220094064,61.48129556382465],[-120.64268625695216,61.46947597254855],[-120.73486909035138,61.516574568138445],[-120.6650189123901,61.54997520981874],[-120.64429494441656,61.54397018162658],[-120.60798588573527,61.524228609762375],[-120.56279742223985,61.50584050855084],[-120.61675220094064,61.48129556382465]],[[-121.02489105317945,60.39579143117972],[-121.02225674337772,60.38458491344608],[-121.36614193662726,60.394054664473984],[-121.22980832434426,60.46783616485239],[-121.04165215339563,60.466909006318375],[-121.02489105317945,60.39579143117972]],[[-123.41419752993694,61.04167780928939],[-123.40360985963383,61.04330438599678],[-123.3785002300207,61.03723473229228],[-123.35644146468633,61.04560888245269],[-123.33720624774216,61.04873194702966],[-123.33442883134035,61.03829403777799],[-123.31814049592245,61.02331768126677],[-123.29895227225909,61.017326288945206],[-123.27476360994088,61.01385863159466],[-123.25194792078646,61.001795164011746],[-123.25725679063471,60.98239538135183],[-123.28746131796221,60.974383084539085],[-123.3286265570865,60.97632722138979],[-123.34645053075677,60.973170628212614],[-123.35767985818451,60.960973621730155],[-123.47629635476801,60.96996598974158],[-123.52693875781222,60.99132961626968],[-123.50516298270759,61.00515287053363],[-123.47134429508553,61.00504184442681],[-123.44713800156701,61.02513816727131],[-123.41419752993694,61.04167780928939]],[[-117.81129905224142,61.4896090814638],[-117.50107561354326,61.491685140422085],[-117.42640775272687,61.41030400481944],[-117.59614614988969,61.31091124620227],[-117.75974351281262,61.39960148342411],[-117.82513765084337,61.48952604192689],[-117.81129905224142,61.4896090814638]],[[-121.35830197331109,61.87485950808973],[-121.32655932422594,61.85775330200025],[-121.31096999412138,61.83596077226348],[-121.2756027310226,61.81064195535841],[-121.24347280107575,61.79539069698824],[-121.21183953577186,61.78645772964784],[-121.20247224694363,61.779887636424675],[-121.2000508194667,61.76992826991707],[-121.20878306868842,61.75412505781785],[-121.22467540264121,61.736923095987194],[-121.23829006105842,61.729322278097264],[-121.25657342897561,61.726174699607114],[-121.45552895120987,61.862992541006285],[-121.39501776690962,61.88611692509529],[-121.35830197331109,61.87485950808973]],[[-123.45165483641566,60.25768944190322],[-123.34251650014855,60.31475621896093],[-123.26226657888543,60.28305153760613],[-123.4270342455953,60.1956117744703],[-123.47930352062448,60.22258404823828],[-123.49910617635166,60.23278534248976],[-123.45165483641566,60.25768944190322]]]},"properties":{"DAUID":"61040139","DGUID":"2021S051261040139","LANDAREA":192346.4652,"PRUID":"61","Province":"NT"}},
{"type":"Feature","geometry":{"type":"Polygon","coordinates":[[[-113.6532821600262,60.90266627869588],[-113.60946343455663,60.91136569543635],[-113.53578255807899,60.933996754348385],[-113.51518038125242,60.9598022838566],[-113.54529912286115,61.00283798248562],[-113.5596832518013,61.05910366424067],[-113.46052990773155,61.11381396880702],[-113.52560015946338,61.19047256467041],[-113.4891298275301,61.21586718330748],[-113.49464892931489,61.23038117720057],[-113.51820339671447,61.23625469621583],[-113.65935585086893,61.21887222931232],[-113.68252768018205,61.20683885208691],[-113.79141453039644,61.183141130822484],[-113.92452643547261,60.94366191375061],[-113.87650816084074,60.89262950492381],[-113.8231843648452,60.87721487179011],[-113.70813477616494,60.89174873959618],[-113.6532821600262,60.90266627869588]]]},"properties":{"DAUID":"61050074","DGUID":"2021S051261050074","LANDAREA":452.8689,"PRUID":"61","Province":"NT"}},
{"type":"Feature","geometry":{"type":"Polygon","coordinates":[[[-109.00849252236907,62.69462699691516],[-109.07742874716419,62.77569098633175],[-109.2179812639444,62.750342503010074],[-109.15072939470416,62.666713042123305],[-109.06218604023053,62.676829008805136],[-109.00849252236907,62.69462699691516]]]},"properties":{"DAUID":"61050078","DGUID":"2021S051261050078","LANDAREA":20.9971,"PRUID":"61","Province":"NT"}},
{"type":"Feature","geometry":{"type":"Polygon","coordinates":[[[-110.67325100269652,62.356187227710315],[-110.57324411361229,62.37047264960281],[-110.61606012739992,62.43499253248933],[-110.78819775979892,62.41153802144089],[-110.7437372743094,62.34606646494056],[-110.67325100269652,62.356187227710315]]]},"properties":{"DAUID":"61050080","DGUID":"2021S051261050080","LANDAREA":42.9646,"PRUID":"61","Province":"NT"}},
{"type":"Feature","geometry":{"type":"Polygon","coordinates":[[[-115.73136217189631,60.86131965650888],[-115.7285764955398,60.86688422873509],[-115.75136241115719,60.87568425949949],[-115.82476263247185,60.86320508375745],[-115.79932635504295,60.83838000913692],[-115.77972047067414,60.82350921544645],[-115.77426759625202,60.81658750311608],[-115.76943769361482,60.81676923087342],[-115.77243789678616,60.835162691175356],[-115.74999019924398,60.83697879770972],[-115.72042048296548,60.851953303126145],[-115.73136217189631,60.86131965650888]]]},"properties":{"DAUID":"61050118","DGUID":"2021S051261050118","LANDAREA":10.9716,"PRUID":"61","Province":"NT"}},
{"type":"Feature","geometry":{"type":"Polygon","coordinates":[[[-115.77972047067414,60.82350921544645],[-115.7845768841325,60.81768681325536],[-115.77426759625202,60.81658750311608],[-115.77972047067414,60.82350921544645]]]},"properties":{"DAUID":"61050119","DGUID":"2021S051261050119","LANDAREA":0.2981,"PRUID":"61","Province":"NT"}},
{"type":"Feature","geometry":{"type":"Polygon","coordinates":[[[-115.80384940733776,60.798005499381404],[-115.79237920144838,60.80384840051843],[-115.79381540107929,60.806707688539774],[-115.80384940733776,60.798005499381404]]]},"properties":{"DAUID":"61050123","DGUID":"2021S051261050123","LANDAREA":0.2509,"PRUID":"61","Province":"NT"}},
{"type":"Feature","geometry":{"type":"Polygon","coordinates":[[[-116.329341721792,60.46059977274907],[-116.06175860265851,60.47437527314008],[-116.04768262384425,60.62789251613201],[-116.01209218004885,60.63617615020217],[-116.1002906784094,60.64000745942649],[-116.34932092651512,60.64800619453378],[-116.35012172290864,60.6322305596191],[-116.34666670170964,60.45968827153255],[-116.329341721792,60.46059977274907]]]},"properties":{"DAUID":"61050126","DGUID":"2021S051261050126","LANDAREA":305.578,"PRUID":"61","Province":"NT"}},
{"type":"Feature","geometry":{"type":"Polygon","coordinates":[[[-111.84326072123635,60.00006256217839],[-111.84962519421063,60.000242982238206],[-111.86831938852761,60.000242592223756],[-111.89512721518636,60.00405028778778],[-111.90896958899198,60.007639491440976],[-111.89901971754216,60.01611677836541],[-111.88245851389813,60.0234151656641],[-111.91233877730316,60.036071150506004],[-111.94961382964865,60.04292462592852],[-112.03932399935384,60.04338409218399],[-112.06768370733366,60.03914538610838],[-112.12259279639065,60.02378391093954],[-112.14689955560675,60.027142048861506],[-112.1563955576238,60.03547239919535],[-112.16626316060153,60.058381185051566],[-112.18050148790955,60.070352897575404],[-112.20452675487081,60.08283432453445],[-112.25326517545352,60.08181520325964],[-112.25285514010662,60.00000276706266],[-112.0000000187738,60.00000000899571],[-111.84326072123635,60.00006256217839]]]},"properties":{"DAUID":"61050129","DGUID":"2021S051261050129","LANDAREA":86.8003,"PRUID":"61","Province":"NT"}},
{"type":"Feature","geometry":{"type":"Polygon","coordinates":[[[-111.89512721518636,60.00405028778778],[-111.89901971754216,60.01611677836541],[-111.90896958899198,60.007639491440976],[-111.89512721518636,60.00405028778778]]]},"properties":{"DAUID":"61050130","DGUID":"2021S051261050130","LANDAREA":0.8432,"PRUID":"61","Province":"NT"}},
{"type":"Feature","geometry":{"type":"Polygon","coordinates":[[[-111.81102182858277,60.00004538906833],[-111.83495440328845,60.012706823697435],[-111.8652441110689,60.014941640264375],[-111.88245851389813,60.0234151656641],[-111.89901971754216,60.01611677836541],[-111.89512721518636,60.00405028778778],[-111.86831938852761,60.000242592223756],[-111.85730940949743,60.006521232436874],[-111.84962519421063,60.000242982238206],[-111.84326072123635,60.00006256217839],[-111.81102182858277,60.00004538906833]]]},"properties":{"DAUID":"61050131","DGUID":"2021S051261050131","LANDAREA":2.9856,"PRUID":"61","Province":"NT"}},
{"type":"Feature","geometry":{"type":"Polygon","coordinates":[[[-111.84962519421063,60.000242982238206],[-111.85730940949743,60.006521232436874],[-111.86831938852761,60.000242592223756],[-111.84962519421063,60.000242982238206]]]},"properties":{"DAUID":"61050132","DGUID":"2021S051261050132","LANDAREA":0.5856,"PRUID":"61","Province":"NT"}},
{"type":"Feature","geometry":{"type":"Polygon","coordinates":[[[-115.81434754192394,60.79273404553779],[-115.81705088569205,60.794599509153095],[-115.8011605630304,60.81487398961739],[-115.8678573273363,60.82879515743697],[-115.90085934877327,60.83447388651859],[-115.89822372969745,60.75302402721854],[-116.09530698524884,60.641836969425725],[-116.1002906784094,60.64000745942649],[-116.01209218004885,60.63617615020217],[-116.00345890767974,60.650251899930105],[-115.98658293078857,60.643001207090805],[-115.96733169762015,60.66441099110834],[-115.97071250792472,60.673511798163716],[-115.95762909428521,60.67444759197453],[-115.93892029042702,60.669792304156275],[-115.93022392787688,60.68171659961301],[-115.91100977375258,60.68048079307922],[-115.91295591689457,60.68988909534164],[-115.8826200921796,60.695974710765576],[-115.88265439525524,60.70522310623828],[-115.86309721469273,60.71265420876973],[-115.86643208138295,60.7284966952443],[-115.85563838583937,60.73852350352697],[-115.82172911092532,60.75272235344949],[-115.83698437293161,60.77190360059651],[-115.8214108700979,60.78215179581045],[-115.81434754192394,60.79273404553779]]]},"properties":{"DAUID":"61050134","DGUID":"2021S051261050134","LANDAREA":93.3998,"PRUID":"61","Province":"NT"}},
{"type":"Feature","geometry":{"type":"Polygon","coordinates":[[[-115.90085934877327,60.83447388651859],[-115.8678573273363,60.82879515743697],[-115.8011605630304,60.81487398961739],[-115.78906081547939,60.812393709124656],[-115.78794437705105,60.813721506725756],[-115.7845768841325,60.81768681325536],[-115.77972047067414,60.82350921544645],[-115.79932635504295,60.83838000913692],[-115.82476263247185,60.86320508375745],[-115.90136739926949,60.85012641301325],[-115.90085934877327,60.83447388651859]]]},"properties":{"DAUID":"61050135","DGUID":"2021S051261050135","LANDAREA":14.9408,"PRUID":"61","Province":"NT"}},
{"type":"Feature","geometry":{"type":"Polygon","coordinates":[[[-115.79381540107929,60.806707688539774],[-115.78906081547939,60.812393709124656],[-115.8011605630304,60.81487398961739],[-115.81705088569205,60.794599509153095],[-115.80384940733776,60.798005499381404],[-115.79381540107929,60.806707688539774]]]},"properties":{"DAUID":"61050136","DGUID":"2021S051261050136","LANDAREA":1.4271,"PRUID":"61","Province":"NT"}},
{"type":"Feature","geometry":{"type":"Polygon","coordinates":[[[-115.78011946448015,60.80904896420262],[-115.78794437705105,60.813721506725756],[-115.78906081547939,60.812393709124656],[-115.79381540107929,60.806707688539774],[-115.79237920144838,60.80384840051843],[-115.80384940733776,60.798005499381404],[-115.81705088569205,60.794599509153095],[-115.81434754192394,60.79273404553779],[-115.7982843720318,60.79433189966835],[-115.78011946448015,60.80904896420262]]]},"properties":{"DAUID":"61050137","DGUID":"2021S051261050137","LANDAREA":0.6856,"PRUID":"61","Province":"NT"}},
{"type":"Feature","geometry":{"type":"Polygon","coordinates":[[[-115.76943769361482,60.81676923087342],[-115.77426759625202,60.81658750311608],[-115.7845768841325,60.81768681325536],[-115.78794437705105,60.813721506725756],[-115.78011946448015,60.80904896420262],[-115.76943769361482,60.81676923087342]]]},"properties":{"DAUID":"61050138","DGUID":"2021S051261050138","LANDAREA":0.4237,"PRUID":"61","Province":"NT"}},
{"type":"Feature","geometry":{"type":"Polygon","coordinates":[[[-112.23830768883401,60.100806911176534],[-112.23301404111422,60.107079296408884],[-112.24145597577157,60.10870026445558],[-112.24661364611407,60.10174959472959],[-112.23830768883401,60.100806911176534]]]},"properties":{"DAUID":"61050144","DGUID":"2021S051261050144","LANDAREA":0.3494,"PRUID":"61","Province":"NT"}},
{"type":"Feature","geometry":{"type":"Polygon","coordinates":[[[-102.00000001273868,59.99999999808858],[-102.00000000830794,60.22500000407792],[-101.9999999757709,60.40625000717248],[-101.99999998288926,60.61875000426995],[-101.99999998613195,60.824999988618686],[-102.00000000151228,60.956250010257904],[-102.00000002730921,61.09375000393578],[-101.99999997388052,61.2062499967214],[-101.9999999927225,61.36875000627491],[-101.99999997451435,61.56874999965489],[-102.00000002301945,61.799999996645354],[-101.99999997432457,61.95625000096533],[-102.00000003125461,62.075000010485226],[-101.99999998111959,62.21875000691502],[-101.99999997701963,62.406250010789805],[-101.9999999953294,62.562499990200855],[-105.04264917111217,62.68559584315947],[-105.08082228980315,62.68748224801903],[-106.72243333967441,62.7639063980208],[-109.00042261411649,62.792333568167926],[-109.0929949239556,62.805448335763884],[-109.51429957861767,62.841484980714775],[-109.54843571067907,62.863627308549745],[-109.6594315605849,62.87697927659726],[-109.67964213788095,62.892909614506685],[-110.04698385988354,62.91816901236077],[-110.24427530479404,62.92460069407367],[-110.64312415448266,62.91613188213769],[-110.84236861694107,62.885791880880895],[-111.06326465948506,62.845229202864196],[-111.22720251638195,62.78860519322047],[-111.24712717916702,62.77297332055578],[-111.34171455178311,62.70407677612817],[-111.40324446443265,62.687463650957234],[-111.42803856248554,62.68512487495343],[-111.46163609870199,62.67542482156411],[-111.49800009276359,62.62665023541154],[-111.51828558936975,62.603860675417444],[-111.51281022952048,62.59795627281372],[-111.51309340430025,62.580342012125996],[-111.53058577712099,62.566583154272145],[-111.5763685650099,62.53873390442767],[-111.64210832894898,62.48199850406889],[-111.64483912895429,62.463049859018156],[-111.66618708472402,62.42917724688455],[-111.72913354422795,62.36700105673669],[-111.78899606147388,62.35704908488124],[-111.82984338872124,62.3425752780828],[-111.94837582911032,62.28684782276361],[-111.98299841846439,62.27741252664402],[-112.04621544151316,62.25590487826139],[-112.05778641278035,62.2547737058469],[-112.09548202506843,62.239060663201265],[-112.13959066163328,62.214011266600586],[-112.137988022856,62.20688723860033],[-112.20945264812826,62.169244791726726],[-112.24116233053043,62.165612626244354],[-112.32431826437326,62.13119005191739],[-112.41503755597792,62.07977559741221],[-112.45585461458336,62.07464410457838],[-112.67990132391074,62.05587365807144],[-112.81562779041843,62.04188821336454],[-112.88241743206046,62.02921900023336],[-113.00171310242668,62.01114253201792],[-113.06966241817246,62.007829920853005],[-113.15278557290797,62.02084862672582],[-113.16082306979924,62.006003005296854],[-113.2012771993219,61.99261259853629],[-113.33507885444746,61.98244724109844],[-113.5211988042611,61.97480249109094],[-113.54255725213407,61.98074609528474],[-113.56236779298841,61.97261528013861],[-114.57089679873094,61.72333724855604],[-114.82883244933738,61.683055559400195],[-114.83027410099884,61.68065521878067],[-115.36050211615894,61.05935909805198],[-115.55228221402217,60.82783568132656],[-115.59531061432023,60.73291308918712],[-115.60376078534144,60.73705267273094],[-115.67777213716678,60.74339070906239],[-115.73562009961255,60.742443325045414],[-115.77079551354603,60.74552510103958],[-115.80455227538332,60.75287944845939],[-115.82172911092532,60.75272235344949],[-115.85563838583937,60.73852350352697],[-115.86643208138295,60.7284966952443],[-115.86309721469273,60.71265420876973],[-115.88265439525524,60.70522310623828],[-115.8826200921796,60.695974710765576],[-115.91295591689457,60.68988909534164],[-115.91100977375258,60.68048079307922],[-115.93022392787688,60.68171659961301],[-115.93892029042702,60.669792304156275],[-115.95762909428521,60.67444759197453],[-115.97071250792472,60.673511798163716],[-115.96733169762015,60.66441099110834],[-115.98658293078857,60.643001207090805],[-116.00345890767974,60.650251899930105],[-116.01209218004885,60.63617615020217],[-116.04768262384425,60.62789251613201],[-116.06175860265851,60.47437527314008],[-116.329341721792,60.46059977274907],[-116.34289926086643,60.44393269118123],[-116.34396044669036,60.43726654963294],[-116.36035267569083,60.41581465774364],[-116.37428735755495,60.40310374429383],[-116.38301440566423,60.387925065221395],[-116.38049469175755,60.36871624076109],[-116.4066986812677,60.35249381252531],[-116.43385223413523,60.3447734667002],[-116.46239842503581,60.33970199940143],[-116.48762951954554,60.32254396885077],[-116.49909470985608,60.31042110473493],[-116.54260088202672,60.28858834489419],[-116.56681924150632,60.272121191864834],[-116.61740510250662,60.22361020623973],[-116.62790542005133,60.217686945030714],[-116.66674831150611,60.20292986993509],[-116.67234058627845,60.18481504297495],[-116.69155409687296,60.17387074181533],[-116.696603447287,60.15987499204514],[-116.68979158569088,60.144792272650854],[-116.71322502953987,60.1275422753474],[-116.74595364614181,60.117067599589966],[-116.76721250723514,60.09776558786785],[-116.77106697086526,60.086467511180224],[-116.79249798754553,60.08003785719093],[-116.84623381918264,60.052976115748265],[-116.86674362234292,60.03890100765721],[-116.89808601843889,60.0380130011043],[-116.93321708981829,60.02663181604762],[-116.94034937876188,60.02164276021036],[-116.97392409358578,60.010303898053174],[-116.97862267293183,60.00001923363857],[-116.7500000024072,59.999999993419124],[-116.49999997074961,59.999999998439854],[-116.24999998133428,60.00000000133093],[-115.99999997738063,59.999999997911125],[-115.75000001945897,59.999999996348706],[-115.56716019719585,60.00004833688941],[-115.24999997499306,59.9999999999939],[-115.00000001959255,60.00000000122465],[-114.7499999905185,60.00000001407279],[-114.49999999009434,59.99999999238388],[-114.24999997863716,60.00000000908899],[-113.99999997280642,59.99999999340438],[-113.75000001284415,59.99999999053297],[-113.49999998541443,59.999999996579604],[-113.24999999348452,60.000000004452616],[-113.00000002334035,60.00000000774537],[-112.74999999450314,59.999999991079456],[-112.49999997709271,60.00000000424834],[-112.37068783191394,60.00006143623928],[-112.25285514010662,60.00000276706266],[-112.25326517545352,60.08181520325964],[-112.20452675487081,60.08283432453445],[-112.18050148790955,60.070352897575404],[-112.16626316060153,60.058381185051566],[-112.1563955576238,60.03547239919535],[-112.14689955560675,60.027142048861506],[-112.12259279639065,60.02378391093954],[-112.06768370733366,60.03914538610838],[-112.03932399935384,60.04338409218399],[-111.94961382964865,60.04292462592852],[-111.91233877730316,60.036071150506004],[-111.88245851389813,60.0234151656641],[-111.8652441110689,60.014941640264375],[-111.83495440328845,60.012706823697435],[-111.81102182858277,60.00004538906833],[-111.49999998640065,60.000000000192315],[-111.24999999716897,59.99999999806558],[-111.00000000185838,60.00000000302216],[-110.74999998803052,59.99999999316708],[-110.50000002467276,59.99999999701077],[-110.24999998323457,59.99999999789858],[-110.000000017965,59.99999999930421],[-109.750000000594,59.999999999425754],[-109.50000001988187,59.99999999954649],[-109.24999999803622,60.000000005209756],[-109.00000000931132,60.00000000788529],[-108.75000001261928,59.99999999561354],[-108.49999998075161,59.99999998920024],[-108.24999998760737,60.0000000033957],[-108.00000001584954,59.99999999113772],[-107.7499999864699,60.00000000256814],[-107.49999998469767,59.99999999235616],[-107.25000002000144,59.99999998731644],[-106.99999998608834,60.00000000873394],[-106.75000000766697,60.00000000274413],[-106.49999997858416,60.000000005528705],[-106.2499999849748,60.00000001065942],[-105.99999999867546,60.00000000588358],[-105.75000000319858,60.00000001208688],[-105.5000000103458,60.0000000004553],[-105.25000000319162,60.00000000698517],[-104.99999998272148,59.99999999226169],[-104.74999998282834,60.00000000201472],[-104.50000000466567,60.00000001224656],[-104.24999999834061,60.00000001167787],[-104.0000000176428,59.99999998623475],[-103.74999998096557,59.9999999964182],[-103.49999998314274,60.00000001266121],[-103.25000000675846,59.9999999971813],[-103.00000001111528,60.000000002197744],[-102.74999997876087,60.000000004720995],[-102.50000000549542,60.00000000646436],[-102.25000002244671,60.00000000432841],[-102.00000001273868,59.99999999808858]],[[-113.6532821600262,60.90266627869588],[-113.70813477616494,60.89174873959618],[-113.8231843648452,60.87721487179011],[-113.87650816084074,60.89262950492381],[-113.92452643547261,60.94366191375061],[-113.79141453039644,61.183141130822484],[-113.68252768018205,61.20683885208691],[-113.65935585086893,61.21887222931232],[-113.51820339671447,61.23625469621583],[-113.49464892931489,61.23038117720057],[-113.4891298275301,61.21586718330748],[-113.52560015946338,61.19047256467041],[-113.46052990773155,61.11381396880702],[-113.5596832518013,61.05910366424067],[-113.54529912286115,61.00283798248562],[-113.51518038125242,60.9598022838566],[-113.53578255807899,60.933996754348385],[-113.60946343455663,60.91136569543635],[-113.6532821600262,60.90266627869588]],[[-109.00849252236907,62.69462699691516],[-109.06218604023053,62.676829008805136],[-109.15072939470416,62.666713042123305],[-109.2179812639444,62.750342503010074],[-109.07742874716419,62.77569098633175],[-109.00849252236907,62.69462699691516]],[[-110.67325100269652,62.356187227710315],[-110.7437372743094,62.34606646494056],[-110.78819775979892,62.41153802144089],[-110.61606012739992,62.43499253248933],[-110.57324411361229,62.37047264960281],[-110.67325100269652,62.356187227710315]],[[-112.23830768883401,60.100806911176534],[-112.24661364611407,60.10174959472959],[-112.24145597577157,60.10870026445558],[-112.23301404111422,60.107079296408884],[-112.23830768883401,60.100806911176534]]]},"properties":{"DAUID":"61050145","DGUID":"2021S051261050145","LANDAREA":151099.552,"PRUID":"61","Province":"NT"}},
{"type":"Feature","geometry":{"type":"Polygon","coordinates":[[[-114.29776590682094,62.404083212839616],[-114.28679678524021,62.412192497889755],[-114.29849763360265,62.420502548352914],[-114.32344072601168,62.41694373892283],[-114.31648069888648,62.40428891307048],[-114.29776590682094,62.404083212839616]]]},"properties":{"DAUID":"61060085","DGUID":"2021S051261060085","LANDAREA":1.1168,"PRUID":"61","Province":"NT"}},
{"type":"Feature","geometry":{"type":"Polygon","coordinates":[[[-114.41773301603598,62.45297576465382],[-114.42501925820868,62.451457960402664],[-114.40982052413352,62.44984722290559],[-114.41773301603598,62.45297576465382]]]},"properties":{"DAUID":"61060088","DGUID":"2021S051261060088","LANDAREA":0.1836,"PRUID":"61","Province":"NT"}},
{"type":"Feature","geometry":{"type":"Polygon","coordinates":[[[-114.40437644685623,62.43951632357681],[-114.41017780712929,62.441465400060444],[-114.41372479055094,62.44259101381714],[-114.41720231127448,62.44025750803833],[-114.41791287487061,62.438761819990184],[-114.407528904969,62.43743880267686],[-114.40437644685623,62.43951632357681]]]},"properties":{"DAUID":"61060092","DGUID":"2021S051261060092","LANDAREA":0.1612,"PRUID":"61","Province":"NT"}},
{"type":"Feature","geometry":{"type":"Polygon","coordinates":[[[-114.41372479055094,62.44259101381714],[-114.41333603491415,62.443499904731794],[-114.41830953370703,62.444586004128844],[-114.4199689909595,62.4407667941525],[-114.41720231127448,62.44025750803833],[-114.41372479055094,62.44259101381714]]]},"properties":{"DAUID":"61060093","DGUID":"2021S051261060093","LANDAREA":0.1281,"PRUID":"61","Province":"NT"}},
{"type":"Feature","geometry":{"type":"Polygon","coordinates":[[[-114.41830953370703,62.444586004128844],[-114.42731381095672,62.44552752239101],[-114.42508885722482,62.442765474937396],[-114.4199689909595,62.4407667941525],[-114.41830953370703,62.444586004128844]]]},"properties":{"DAUID":"61060094","DGUID":"2021S051261060094","LANDAREA":0.1161,"PRUID":"61","Province":"NT"}},
{"type":"Feature","geometry":{"type":"Polygon","coordinates":[[[-114.42731381095672,62.44552752239101],[-114.42684880479558,62.44123522655994],[-114.42508885722482,62.442765474937396],[-114.42731381095672,62.44552752239101]]]},"properties":{"DAUID":"61060095","DGUID":"2021S051261060095","LANDAREA":0.0935,"PRUID":"61","Province":"NT"}},
{"type":"Feature","geometry":{"type":"Polygon","coordinates":[[[-114.41720231127448,62.44025750803833],[-114.4199689909595,62.4407667941525],[-114.42508885722482,62.442765474937396],[-114.42684880479558,62.44123522655994],[-114.42457110328675,62.43774440111939],[-114.41791287487061,62.438761819990184],[-114.41720231127448,62.44025750803833]]]},"properties":{"DAUID":"61060096","DGUID":"2021S051261060096","LANDAREA":0.156,"PRUID":"61","Province":"NT"}},
{"type":"Feature","geometry":{"type":"Polygon","coordinates":[[[-114.38687445346591,62.44130380962814],[-114.38562571564403,62.445587553172984],[-114.39517608723324,62.44322461369788],[-114.39851427417481,62.44206548639492],[-114.38687445346591,62.44130380962814]]]},"properties":{"DAUID":"61060100","DGUID":"2021S051261060100","LANDAREA":0.2572,"PRUID":"61","Province":"NT"}},
{"type":"Feature","geometry":{"type":"Polygon","coordinates":[[[-114.3660909466957,62.451505486830754],[-114.37539612100657,62.45237360932679],[-114.3752058737785,62.451211686801024],[-114.36849261515674,62.4503755910865],[-114.3660909466957,62.451505486830754]]]},"properties":{"DAUID":"61060104","DGUID":"2021S051261060104","LANDAREA":0.0898,"PRUID":"61","Province":"NT"}},
{"type":"Feature","geometry":{"type":"Polygon","coordinates":[[[-114.33896394938678,62.46982427261288],[-114.3301472817809,62.47801073972307],[-114.33647144104336,62.48093870322839],[-114.34407268226201,62.47476842939027],[-114.33896394938678,62.46982427261288]]]},"properties":{"DAUID":"61060133","DGUID":"2021S051261060133","LANDAREA":0.2318,"PRUID":"61","Province":"NT"}},
{"type":"Feature","geometry":{"type":"Polygon","coordinates":[[[-114.33326542120709,62.40856345682694],[-114.19281093749667,62.23064567611409],[-114.03510619049034,62.257141892546045],[-113.13804258357072,62.40591446978239],[-113.28686307076568,62.597361151581694],[-113.41319799302839,62.75782821372455],[-114.46108533637722,62.58223432911589],[-114.43191675901564,62.541251833539604],[-114.29967776427193,62.541227307722934],[-114.29986653507967,62.50935960700356],[-114.30017255795255,62.45754260499751],[-114.33205985184863,62.45615114442367],[-114.33213298111784,62.45326788036087],[-114.33224675818563,62.44878287918385],[-114.33235287499792,62.44459997803258],[-114.33326542120709,62.40856345682694]],[[-114.29776590682094,62.404083212839616],[-114.31648069888648,62.40428891307048],[-114.32344072601168,62.41694373892283],[-114.29849763360265,62.420502548352914],[-114.28679678524021,62.412192497889755],[-114.29776590682094,62.404083212839616]]]},"properties":{"DAUID":"61060135","DGUID":"2021S051261060135","LANDAREA":1764.5094,"PRUID":"61","Province":"NT"}},
{"type":"Feature","geometry":{"type":"Polygon","coordinates":[[[-114.42501925820868,62.451457960402664],[-114.41352286324458,62.45478343520216],[-114.41355048186853,62.46322662305775],[-114.41398778666249,62.46803070691895],[-114.43895310612808,62.474288735172536],[-114.4408092644713,62.499813977950446],[-114.51793081055374,62.499579097266405],[-114.51809070163024,62.461427264614734],[-114.48956873444294,62.47090482560516],[-114.47605666128345,62.465767530651185],[-114.46289740951617,62.447825439237306],[-114.44771028384486,62.44311184661802],[-114.43315172516405,62.44852537749317],[-114.41333603491415,62.443499904731794],[-114.41183776839374,62.44490907947811],[-114.40634543321018,62.449225791985214],[-114.40982052413352,62.44984722290559],[-114.42501925820868,62.451457960402664]]]},"properties":{"DAUID":"61060138","DGUID":"2021S051261060138","LANDAREA":19.1686,"PRUID":"61","Province":"NT"}},
{"type":"Feature","geometry":{"type":"Polygon","coordinates":[[[-114.41773301603598,62.45297576465382],[-114.41352286324458,62.45478343520216],[-114.42501925820868,62.451457960402664],[-114.41773301603598,62.45297576465382]]]},"properties":{"DAUID":"61060139","DGUID":"2021S051261060139","LANDAREA":0.2037,"PRUID":"61","Province":"NT"}},
{"type":"Feature","geometry":{"type":"Polygon","coordinates":[[[-114.41333603491415,62.443499904731794],[-114.43315172516405,62.44852537749317],[-114.42731381095672,62.44552752239101],[-114.41830953370703,62.444586004128844],[-114.41333603491415,62.443499904731794]]]},"properties":{"DAUID":"61060140","DGUID":"2021S051261060140","LANDAREA":0.14,"PRUID":"61","Province":"NT"}},
{"type":"Feature","geometry":{"type":"Polygon","coordinates":[[[-119.99568365598627,63.96633959877496],[-119.9940274387003,63.72915367548956],[-119.99309144949284,63.59332027245447],[-119.99300989023843,63.46523956297591],[-119.99286685834821,63.23774976589889],[-119.9927622916193,63.000000134762445],[-119.99272189904558,62.822360226522555],[-119.63399585480342,62.75590449120942],[-119.28817355013625,62.69056562334986],[-118.85068323841742,62.60624398261946],[-118.67602274767702,62.56908402653278],[-118.306483802283,62.48941996794577],[-117.99999997479053,62.42226518712034],[-117.75068151864112,62.36690392349477],[-117.34550561370786,62.275518642150665],[-116.85344371053297,62.16506372555407],[-116.62430440422187,62.11273846260706],[-116.37362276192947,62.05652838246368],[-116.00000000504559,61.97149446671418],[-115.59553269112523,61.87772568171443],[-115.20817226239032,61.788855501467474],[-114.82883244933738,61.683055559400195],[-114.57089679873094,61.72333724855604],[-113.56236779298841,61.97261528013861],[-113.54255725213407,61.98074609528474],[-113.5211988042611,61.97480249109094],[-113.33507885444746,61.98244724109844],[-113.2012771993219,61.99261259853629],[-113.16082306979924,62.006003005296854],[-113.15278557290797,62.02084862672582],[-113.06966241817246,62.007829920853005],[-113.00171310242668,62.01114253201792],[-112.88241743206046,62.02921900023336],[-112.81562779041843,62.04188821336454],[-112.67990132391074,62.05587365807144],[-112.45585461458336,62.07464410457838],[-112.41503755597792,62.07977559741221],[-112.32431826437326,62.13119005191739],[-112.24116233053043,62.165612626244354],[-112.20945264812826,62.169244791726726],[-112.137988022856,62.20688723860033],[-112.13959066163328,62.214011266600586],[-112.09548202506843,62.239060663201265],[-112.05778641278035,62.2547737058469],[-112.04621544151316,62.25590487826139],[-111.98299841846439,62.27741252664402],[-111.94837582911032,62.28684782276361],[-111.82984338872124,62.3425752780828],[-111.78899606147388,62.35704908488124],[-111.72913354422795,62.36700105673669],[-111.66618708472402,62.42917724688455],[-111.64483912895429,62.463049859018156],[-111.64210832894898,62.48199850406889],[-111.5763685650099,62.53873390442767],[-111.53058577712099,62.566583154272145],[-111.51309340430025,62.580342012125996],[-111.51281022952048,62.59795627281372],[-111.51828558936975,62.603860675417444],[-111.49800009276359,62.62665023541154],[-111.46163609870199,62.67542482156411],[-111.42803856248554,62.68512487495343],[-111.40324446443265,62.687463650957234],[-111.34171455178311,62.70407677612817],[-111.24712717916702,62.77297332055578],[-111.22720251638195,62.78860519322047],[-111.06326465948506,62.845229202864196],[-110.84236861694107,62.885791880880895],[-110.64312415448266,62.91613188213769],[-110.24427530479404,62.92460069407367],[-110.04698385988354,62.91816901236077],[-109.67964213788095,62.892909614506685],[-109.6594315605849,62.87697927659726],[-109.54843571067907,62.863627308549745],[-109.51429957861767,62.841484980714775],[-109.0929949239556,62.805448335763884],[-109.00042261411649,62.792333568167926],[-106.72243333967441,62.7639063980208],[-105.08082228980315,62.68748224801903],[-105.04264917111217,62.68559584315947],[-101.9999999953294,62.562499990200855],[-101.99999999023251,62.74375000548386],[-102.00000002667153,62.90624999988593],[-101.99999999832515,63.068750009786456],[-102.00000000528811,63.31250000349021],[-101.99999998335407,63.52500000417778],[-102.00000003133756,63.7062500059226],[-101.99999999001969,63.88124999689062],[-102.00000000218454,64.0437499964944],[-101.99999999692278,64.18905058877206],[-102.50322157621227,64.24201859597206],[-102.92290421933951,64.28471812914144],[-103.32239704171742,64.32412668408179],[-103.65645287496865,64.35616011270096],[-103.99999997686619,64.38823494703993],[-104.41039750653657,64.42540328061824],[-104.87500126936443,64.46598248022346],[-105.01776293550269,64.47739258074459],[-105.35569634444138,64.50381377720372],[-105.81240259509102,64.5382136825471],[-106.10309927863962,64.55933052627233],[-106.58312064803454,64.59288094165005],[-107.04001191394433,64.62395236536045],[-107.3339306747261,64.64316002223715],[-107.66473264220575,64.66405007229308],[-108.0000000023204,64.68443842271799],[-108.271306907138,64.70036161718089],[-108.64722551283201,64.72157659761915],[-108.837894447249,64.73212966984256],[-108.92741925351676,64.77662956304376],[-109.0248842443632,64.83144885851384],[-109.44276101144759,64.99961684573631],[-109.67875925956038,65.09767506034412],[-110.5384174147399,65.44582075051986],[-111.60046365185566,65.44905859650382],[-112.58339481084265,65.44706504928727],[-114.31375988714368,66.05472263444729],[-115.01271477234779,66.28696867797105],[-116.63108512106378,66.7974265120867],[-117.08701005035842,66.6267389932702],[-117.7406425960704,66.37558991717839],[-118.09730041195893,65.36411837227841],[-119.4384648240717,65.35710474824465],[-119.56741605973127,65.0641254010886],[-119.15316134383794,65.04986375843647],[-119.24121269158334,65.0000001013365],[-119.9996027746632,64.56050465858297],[-119.99862654151603,64.4097960394083],[-119.99708928320858,64.16906863158552],[-119.99568365598627,63.96633959877496]],[[-116.06801838394776,62.75538656076534],[-116.1811036289117,62.69769138628756],[-116.28788690309825,62.82138659282531],[-116.41554482491611,62.9677940262906],[-116.86536510412444,62.96203967158801],[-116.86303238076913,63.081565600715436],[-117.87287567427629,63.05569539947549],[-118.20917354125785,63.11619988616165],[-118.76871826414805,63.23349642569543],[-118.71165339279429,63.61958566405997],[-118.37573656607772,63.6326710112355],[-118.33473099762044,63.64786366097122],[-118.31935587567875,63.668700218183886],[-118.30525551313063,63.723131214213595],[-117.82786183058958,63.735530879740665],[-117.94288538082624,64.4307918487751],[-118.37971616484018,64.65917791437853],[-118.6551110800621,64.65180600501479],[-118.78216135853957,64.8680253752988],[-118.46515334456414,64.90210864943616],[-118.3887052460149,64.93076715757356],[-118.38603107110745,64.95503284089118],[-118.3859002305784,64.99783072382928],[-118.40147656058058,65.02342861821091],[-118.42337620107055,65.03358453842996],[-118.44634482200372,65.03403084830653],[-118.41233524027827,65.07130370797601],[-118.19056088038323,65.13392900283851],[-118.08405521129049,65.00000013469807],[-117.98918593809854,64.87950092946961],[-117.73331031995,64.68761259022568],[-117.41977264365944,64.54428661083121],[-116.03281405012406,64.59726005423029],[-116.04306481693935,64.68441986617658],[-116.02321969976278,64.71588816516086],[-115.70012412506121,64.74489321456831],[-115.53045868877946,64.7266214543975],[-115.53391940931061,64.64673756518738],[-115.72111266483545,64.654961595261],[-115.72355797155396,64.31358308068499],[-115.31319692608693,64.15464943614886],[-114.989939956333,64.20244850175888],[-114.58910816060745,64.26049979335397],[-114.5726044259348,64.29100912241258],[-114.55017435108765,64.32710662055227],[-114.54133511717978,64.33549140484338],[-114.26639658578397,64.32631347603153],[-113.9802641552402,64.41779942147348],[-114.02233470290666,64.42969556724677],[-114.02489752453693,64.44547684478944],[-113.98061129108714,64.45010383735007],[-113.9591579792842,64.43728176862714],[-113.82547079544833,64.49506286696943],[-113.71534648422272,64.55593440001877],[-113.5768616887869,64.60252650402009],[-113.36837869526966,64.67560510142161],[-113.2572452534844,64.71069968271658],[-113.1495959122914,64.71064333702722],[-113.03050833664373,64.70300429039096],[-112.53201604072564,64.62205295536677],[-112.59145441004198,64.47353220860444],[-112.94401707434814,64.37961194884826],[-113.94751696222795,64.10401158144327],[-114.40613370624273,64.07687748999952],[-114.66358999737842,63.68126551625883],[-114.79033028757354,63.48218376055182],[-114.75789834302323,63.48067760173748],[-114.81830190319606,63.25681051803995],[-114.85840608730489,63.26159992441176],[-114.88814396000632,63.235617727676036],[-114.85708493703635,63.22930014447891],[-114.9508737729188,63.18769802147841],[-115.0649534270666,63.17039685765164],[-115.25103670039293,63.18935843942143],[-115.3472415508224,63.08901994784205],[-115.59923986939442,62.822533975053105],[-115.82002541928895,62.79445668005847],[-115.87065111897272,62.79061107112548],[-116.06801838394776,62.75538656076534]],[[-114.33326542120709,62.40856345682694],[-114.36222267371348,62.40857206578592],[-114.45069365275894,62.40856051343036],[-114.51831183257393,62.40851319970363],[-114.51809070163024,62.461427264614734],[-114.51793081055374,62.499579097266405],[-114.4408092644713,62.499813977950446],[-114.43177500809561,62.49983865457331],[-114.43191675901564,62.541251833539604],[-114.46108533637722,62.58223432911589],[-113.41319799302839,62.75782821372455],[-113.28686307076568,62.597361151581694],[-113.13804258357072,62.40591446978239],[-114.03510619049034,62.257141892546045],[-114.19281093749667,62.23064567611409],[-114.33326542120709,62.40856345682694]]]},"properties":{"DAUID":"61060141","DGUID":"2021S051261060141","LANDAREA":180332.5036,"PRUID":"61","Province":"NT"}},
{"type":"Feature","geometry":{"type":"Polygon","coordinates":[[[-114.42457110328675,62.43774440111939],[-114.41885271125801,62.434893189815405],[-114.41791287487061,62.438761819990184],[-114.42457110328675,62.43774440111939]]]},"properties":{"DAUID":"61060142","DGUID":"2021S051261060142","LANDAREA":0.1067,"PRUID":"61","Province":"NT"}},
{"type":"Feature","geometry":{"type":"Polygon","coordinates":[[[-114.41791287487061,62.438761819990184],[-114.41885271125801,62.434893189815405],[-114.41928690320053,62.43422825936769],[-114.407528904969,62.43743880267686],[-114.41791287487061,62.438761819990184]]]},"properties":{"DAUID":"61060143","DGUID":"2021S051261060143","LANDAREA":0.2406,"PRUID":"61","Province":"NT"}},
{"type":"Feature","geometry":{"type":"Polygon","coordinates":[[[-114.41017780712929,62.441465400060444],[-114.40615348418592,62.44025890889322],[-114.41183776839374,62.44490907947811],[-114.41333603491415,62.443499904731794],[-114.41372479055094,62.44259101381714],[-114.41017780712929,62.441465400060444]]]},"properties":{"DAUID":"61060144","DGUID":"2021S051261060144","LANDAREA":0.0818,"PRUID":"61","Province":"NT"}},
{"type":"Feature","geometry":{"type":"Polygon","coordinates":[[[-114.41355048186853,62.46322662305775],[-114.40023334407535,62.46437233964584],[-114.3988565171239,62.45276307514824],[-114.40634543321018,62.449225791985214],[-114.41183776839374,62.44490907947811],[-114.40615348418592,62.44025890889322],[-114.40429849087549,62.44466111185089],[-114.39128611677211,62.449033479393506],[-114.37616679893115,62.45495687514303],[-114.37232047404406,62.45646534378959],[-114.37706115815654,62.46277788327354],[-114.37605331080563,62.47033333848598],[-114.39541932735371,62.4720501319208],[-114.41398778666249,62.46803070691895],[-114.41355048186853,62.46322662305775]]]},"properties":{"DAUID":"61060145","DGUID":"2021S051261060145","LANDAREA":2.0745,"PRUID":"61","Province":"NT"}},
{"type":"Feature","geometry":{"type":"Polygon","coordinates":[[[-114.40437644685623,62.43951632357681],[-114.39851427417481,62.44206548639492],[-114.40256229873702,62.443892301110786],[-114.40429849087549,62.44466111185089],[-114.40615348418592,62.44025890889322],[-114.41017780712929,62.441465400060444],[-114.40437644685623,62.43951632357681]]]},"properties":{"DAUID":"61060146","DGUID":"2021S051261060146","LANDAREA":0.1036,"PRUID":"61","Province":"NT"}},
{"type":"Feature","geometry":{"type":"Polygon","coordinates":[[[-114.407528904969,62.43743880267686],[-114.41928690320053,62.43422825936769],[-114.4365283119531,62.436290556182435],[-114.45069365275894,62.40856051343036],[-114.36222267371348,62.40857206578592],[-114.38335915111224,62.44027391598025],[-114.38687445346591,62.44130380962814],[-114.39851427417481,62.44206548639492],[-114.40437644685623,62.43951632357681],[-114.407528904969,62.43743880267686]]]},"properties":{"DAUID":"61060147","DGUID":"2021S051261060147","LANDAREA":9.1997,"PRUID":"61","Province":"NT"}},
{"type":"Feature","geometry":{"type":"Polygon","coordinates":[[[-114.39517608723324,62.44322461369788],[-114.40256229873702,62.443892301110786],[-114.39851427417481,62.44206548639492],[-114.39517608723324,62.44322461369788]]]},"properties":{"DAUID":"61060148","DGUID":"2021S051261060148","LANDAREA":0.099,"PRUID":"61","Province":"NT"}},
{"type":"Feature","geometry":{"type":"Polygon","coordinates":[[[-114.38562571564403,62.445587553172984],[-114.37863541472836,62.445932291020135],[-114.38195676011703,62.44874301153144],[-114.39128611677211,62.449033479393506],[-114.40429849087549,62.44466111185089],[-114.40256229873702,62.443892301110786],[-114.39517608723324,62.44322461369788],[-114.38562571564403,62.445587553172984]]]},"properties":{"DAUID":"61060149","DGUID":"2021S051261060149","LANDAREA":0.3204,"PRUID":"61","Province":"NT"}},
{"type":"Feature","geometry":{"type":"Polygon","coordinates":[[[-114.40982052413352,62.44984722290559],[-114.40634543321018,62.449225791985214],[-114.3988565171239,62.45276307514824],[-114.40023334407535,62.46437233964584],[-114.41355048186853,62.46322662305775],[-114.41352286324458,62.45478343520216],[-114.41773301603598,62.45297576465382],[-114.40982052413352,62.44984722290559]]]},"properties":{"DAUID":"61060150","DGUID":"2021S051261060150","LANDAREA":0.9725,"PRUID":"61","Province":"NT"}},
{"type":"Feature","geometry":{"type":"Polygon","coordinates":[[[-114.37539612100657,62.45237360932679],[-114.37616679893115,62.45495687514303],[-114.39128611677211,62.449033479393506],[-114.38195676011703,62.44874301153144],[-114.3752058737785,62.451211686801024],[-114.37539612100657,62.45237360932679]]]},"properties":{"DAUID":"61060151","DGUID":"2021S051261060151","LANDAREA":0.4521,"PRUID":"61","Province":"NT"}},
{"type":"Feature","geometry":{"type":"Polygon","coordinates":[[[-114.3752058737785,62.451211686801024],[-114.38195676011703,62.44874301153144],[-114.37863541472836,62.445932291020135],[-114.37544813567136,62.44513584851172],[-114.37088009122253,62.44924410582357],[-114.3696859976846,62.44981429957482],[-114.36849261515674,62.4503755910865],[-114.3752058737785,62.451211686801024]]]},"properties":{"DAUID":"61060152","DGUID":"2021S051261060152","LANDAREA":0.1992,"PRUID":"61","Province":"NT"}},
{"type":"Feature","geometry":{"type":"Polygon","coordinates":[[[-114.37544813567136,62.44513584851172],[-114.36935961834713,62.44316190094358],[-114.37088009122253,62.44924410582357],[-114.37544813567136,62.44513584851172]]]},"properties":{"DAUID":"61060153","DGUID":"2021S051261060153","LANDAREA":0.1212,"PRUID":"61","Province":"NT"}},
{"type":"Feature","geometry":{"type":"Polygon","coordinates":[[[-114.38687445346591,62.44130380962814],[-114.38335915111224,62.44027391598025],[-114.36222267371348,62.40857206578592],[-114.33326542120709,62.40856345682694],[-114.33235287499792,62.44459997803258],[-114.36935961834713,62.44316190094358],[-114.37544813567136,62.44513584851172],[-114.37863541472836,62.445932291020135],[-114.38562571564403,62.445587553172984],[-114.38687445346591,62.44130380962814]]]},"properties":{"DAUID":"61060154","DGUID":"2021S051261060154","LANDAREA":4.1127,"PRUID":"61","Province":"NT"}},
{"type":"Feature","geometry":{"type":"Polygon","coordinates":[[[-114.33224675818563,62.44878287918385],[-114.36127704238416,62.449663897035],[-114.3696859976846,62.44981429957482],[-114.37088009122253,62.44924410582357],[-114.36935961834713,62.44316190094358],[-114.33235287499792,62.44459997803258],[-114.33224675818563,62.44878287918385]]]},"properties":{"DAUID":"61060155","DGUID":"2021S051261060155","LANDAREA":0.6013,"PRUID":"61","Province":"NT"}},
{"type":"Feature","geometry":{"type":"Polygon","coordinates":[[[-114.36849261515674,62.4503755910865],[-114.3696859976846,62.44981429957482],[-114.36127704238416,62.449663897035],[-114.3649733278783,62.45202460653404],[-114.3660909466957,62.451505486830754],[-114.36849261515674,62.4503755910865]]]},"properties":{"DAUID":"61060156","DGUID":"2021S051261060156","LANDAREA":0.0954,"PRUID":"61","Province":"NT"}},
{"type":"Feature","geometry":{"type":"Polygon","coordinates":[[[-114.3660909466957,62.451505486830754],[-114.3649733278783,62.45202460653404],[-114.36288042129078,62.45331690676097],[-114.3683394986274,62.45574240031886],[-114.37232047404406,62.45646534378959],[-114.37616679893115,62.45495687514303],[-114.37539612100657,62.45237360932679],[-114.3660909466957,62.451505486830754]]]},"properties":{"DAUID":"61060157","DGUID":"2021S051261060157","LANDAREA":0.2411,"PRUID":"61","Province":"NT"}},
{"type":"Feature","geometry":{"type":"Polygon","coordinates":[[[-114.37232047404406,62.45646534378959],[-114.3683394986274,62.45574240031886],[-114.3636670337915,62.45804439216786],[-114.37706115815654,62.46277788327354],[-114.37232047404406,62.45646534378959]]]},"properties":{"DAUID":"61060158","DGUID":"2021S051261060158","LANDAREA":0.4504,"PRUID":"61","Province":"NT"}},
{"type":"Feature","geometry":{"type":"Polygon","coordinates":[[[-114.33896394938678,62.46982427261288],[-114.34724202797204,62.467190428478695],[-114.3636670337915,62.45804439216786],[-114.3683394986274,62.45574240031886],[-114.36288042129078,62.45331690676097],[-114.36154044310345,62.45532772027086],[-114.33205985184863,62.45615114442367],[-114.30017255795255,62.45754260499751],[-114.29986653507967,62.50935960700356],[-114.32137899951725,62.51956709461946],[-114.34237363355312,62.51964616007358],[-114.35693468406876,62.51161569506977],[-114.35049590217989,62.50349475892857],[-114.36666433427305,62.49294293662766],[-114.35641591337728,62.48007090061107],[-114.36417599094206,62.470390515233866],[-114.35013682749333,62.46767330175397],[-114.34407268226201,62.47476842939027],[-114.33647144104336,62.48093870322839],[-114.3301472817809,62.47801073972307],[-114.33896394938678,62.46982427261288]]]},"properties":{"DAUID":"61060159","DGUID":"2021S051261060159","LANDAREA":8.4687,"PRUID":"61","Province":"NT"}},
{"type":"Feature","geometry":{"type":"Polygon","coordinates":[[[-114.33213298111784,62.45326788036087],[-114.36154044310345,62.45532772027086],[-114.36288042129078,62.45331690676097],[-114.3649733278783,62.45202460653404],[-114.36127704238416,62.449663897035],[-114.33224675818563,62.44878287918385],[-114.33213298111784,62.45326788036087]]]},"properties":{"DAUID":"61060160","DGUID":"2021S051261060160","LANDAREA":0.3026,"PRUID":"61","Province":"NT"}},
{"type":"Feature","geometry":{"type":"Polygon","coordinates":[[[-114.33205985184863,62.45615114442367],[-114.36154044310345,62.45532772027086],[-114.33213298111784,62.45326788036087],[-114.33205985184863,62.45615114442367]]]},"properties":{"DAUID":"61060161","DGUID":"2021S051261060161","LANDAREA":0.0628,"PRUID":"61","Province":"NT"}},
{"type":"Feature","geometry":{"type":"Polygon","coordinates":[[[-114.34407268226201,62.47476842939027],[-114.35013682749333,62.46767330175397],[-114.34724202797204,62.467190428478695],[-114.33896394938678,62.46982427261288],[-114.34407268226201,62.47476842939027]]]},"properties":{"DAUID":"61060162","DGUID":"2021S051261060162","LANDAREA":0.4067,"PRUID":"61","Province":"NT"}},
{"type":"Feature","geometry":{"type":"Polygon","coordinates":[[[-114.43191675901564,62.541251833539604],[-114.43177500809561,62.49983865457331],[-114.4408092644713,62.499813977950446],[-114.43895310612808,62.474288735172536],[-114.41398778666249,62.46803070691895],[-114.39541932735371,62.4720501319208],[-114.37605331080563,62.47033333848598],[-114.37706115815654,62.46277788327354],[-114.3636670337915,62.45804439216786],[-114.34724202797204,62.467190428478695],[-114.35013682749333,62.46767330175397],[-114.36417599094206,62.470390515233866],[-114.35641591337728,62.48007090061107],[-114.36666433427305,62.49294293662766],[-114.35049590217989,62.50349475892857],[-114.35693468406876,62.51161569506977],[-114.34237363355312,62.51964616007358],[-114.32137899951725,62.51956709461946],[-114.29986653507967,62.50935960700356],[-114.29967776427193,62.541227307722934],[-114.43191675901564,62.541251833539604]]]},"properties":{"DAUID":"61060163","DGUID":"2021S051261060163","LANDAREA":33.1458,"PRUID":"61","Province":"NT"}},
{"type":"Feature","geometry":{"type":"Polygon","coordinates":[[[-114.42731381095672,62.44552752239101],[-114.43315172516405,62.44852537749317],[-114.44771028384486,62.44311184661802],[-114.46289740951617,62.447825439237306],[-114.47605666128345,62.465767530651185],[-114.48956873444294,62.47090482560516],[-114.51809070163024,62.461427264614734],[-114.51831183257393,62.40851319970363],[-114.45069365275894,62.40856051343036],[-114.4365283119531,62.436290556182435],[-114.41928690320053,62.43422825936769],[-114.41885271125801,62.434893189815405],[-114.42457110328675,62.43774440111939],[-114.42684880479558,62.44123522655994],[-114.42731381095672,62.44552752239101]]]},"properties":{"DAUID":"61060164","DGUID":"2021S051261060164","LANDAREA":20.5839,"PRUID":"61","Province":"NT"}}
]}