{"type":"FeatureCollection", "features": [
{"type":"Feature","geometry":{"type":"Polygon","coordinates":[[[-89.35540929349028,48.4001600992645],[-89.35568228240625,48.406099095383844],[-89.36647080567818,48.40591360960306],[-89.36647119149907,48.41669259370013],[-89.36954239250329,48.416467397657584],[-89.37845761319018,48.41577049421367],[-89.38361641323034,48.414233092152216],[-89.38611181777858,48.41383939705325],[-89.38852831165659,48.41378030314519],[-89.40501581743231,48.41375149506818],[-89.42679420709906,48.41357289756565],[-89.42674110333984,48.399115098842934],[-89.41674361288253,48.39913670626395],[-89.40671898823284,48.39915800492911],[-89.40267973563347,48.399314215257164],[-89.38856459727572,48.3989787065024],[-89.38851941256297,48.38099359691076],[-89.38352251681542,48.38129529271599],[-89.3832084116107,48.38093290267947],[-89.36323151512359,48.3809222921241],[-89.36101251312779,48.381129806599986],[-89.35538389602006,48.38179409217998],[-89.35546653380187,48.389290148079574],[-89.35540929349028,48.4001600992645]]]},"properties":{"DAUID":"35580029","DGUID":"2021S051235580029","LANDAREA":13.0616,"PRUID":"35","CMA":"Thunder_Bay"}},
{"type":"Feature","geometry":{"type":"Polygon","coordinates":[[[-89.38851941256297,48.38099359691076],[-89.3885462982092,48.37348910869927],[-89.38015539615749,48.37339320197092],[-89.38018849309174,48.3772883948567],[-89.37725490876869,48.376647311244795],[-89.37629379897204,48.37601938879971],[-89.3765251069432,48.37402621267388],[-89.37322611781933,48.37365339328376],[-89.37222390879892,48.37475380124799],[-89.3693027013744,48.37408519521699],[-89.36929380518211,48.37156610328284],[-89.36096091829211,48.37154861087657],[-89.36101251312779,48.381129806599986],[-89.36323151512359,48.3809222921241],[-89.3832084116107,48.38093290267947],[-89.38352251681542,48.38129529271599],[-89.38851941256297,48.38099359691076]]]},"properties":{"DAUID":"35580030","DGUID":"2021S051235580030","LANDAREA":1.6844,"PRUID":"35","CMA":"Thunder_Bay"}},
{"type":"Feature","geometry":{"type":"Polygon","coordinates":[[[-89.3885462982092,48.37348910869927],[-89.38859901694879,48.36249311046303],[-89.36095930411572,48.36246109142521],[-89.36096091829211,48.37154861087657],[-89.36929380518211,48.37156610328284],[-89.3693027013744,48.37408519521699],[-89.37222390879892,48.37475380124799],[-89.37322611781933,48.37365339328376],[-89.3765251069432,48.37402621267388],[-89.37629379897204,48.37601938879971],[-89.37725490876869,48.376647311244795],[-89.38018849309174,48.3772883948567],[-89.38015539615749,48.37339320197092],[-89.3885462982092,48.37348910869927]]]},"properties":{"DAUID":"35580031","DGUID":"2021S051235580031","LANDAREA":2.5095,"PRUID":"35","CMA":"Thunder_Bay"}},
{"type":"Feature","geometry":{"type":"Polygon","coordinates":[[[-89.38859901694879,48.36249311046303],[-89.38860681529127,48.360351508169806],[-89.37221050835271,48.358774503590006],[-89.35148498673551,48.35697790692881],[-89.34635508511857,48.356983704087945],[-89.33540241170537,48.354534391319156],[-89.33350561015492,48.35438400301372],[-89.32134460547924,48.35383838785715],[-89.3167606845705,48.35307609995698],[-89.31663198908733,48.3555643104118],[-89.31610880294134,48.35768779768612],[-89.31549099917055,48.35873490403961],[-89.31342409790149,48.360989606286886],[-89.3125778783053,48.36250933595714],[-89.34588078293653,48.36252680641368],[-89.36095930411572,48.36246109142521],[-89.38859901694879,48.36249311046303]]]},"properties":{"DAUID":"35580032","DGUID":"2021S051235580032","LANDAREA":3.4442,"PRUID":"35","CMA":"Thunder_Bay"}},
{"type":"Feature","geometry":{"type":"Polygon","coordinates":[[[-89.38860681529127,48.360351508169806],[-89.38852731800762,48.35546560689896],[-89.38887347419049,48.346320489434234],[-89.38883917117833,48.34505083841538],[-89.38659094591051,48.34589901510507],[-89.38587736182795,48.34680461862558],[-89.38283574045599,48.346705727876625],[-89.38022795183998,48.34722762349382],[-89.37518304547959,48.34555942588657],[-89.37205353231356,48.34502121336767],[-89.36922134469063,48.34507052941696],[-89.36461394685644,48.34555233215242],[-89.36473803396356,48.344443033618],[-89.36406263815645,48.342972314693206],[-89.35953566604476,48.340806927592475],[-89.35708976712137,48.34074012710756],[-89.3545332330466,48.341494331617135],[-89.3521239400271,48.34339712200612],[-89.35178466104799,48.348046830598776],[-89.35042636370194,48.34962221605111],[-89.34711954804162,48.35080542289904],[-89.34166046104573,48.35304022354577],[-89.33931593565069,48.353429808777136],[-89.33669683314547,48.353132224231516],[-89.33511265170435,48.35243552234141],[-89.333932062485,48.351415818942236],[-89.33367375094207,48.34960353129124],[-89.33433225069803,48.34835753402438],[-89.33672333187624,48.346923319912236],[-89.34041734825509,48.34535461058135],[-89.34151415410598,48.344252520079735],[-89.34175175950438,48.34266411505549],[-89.3412758549616,48.34199902811262],[-89.33641724049804,48.34082023189349],[-89.33586735211873,48.33971563013449],[-89.33953474032553,48.33816551759925],[-89.3400042493669,48.336923333252116],[-89.33751813648985,48.33567822860923],[-89.33585044403321,48.33580212211454],[-89.3339459602066,48.33665052322008],[-89.33291246679534,48.337661229715884],[-89.3321729419913,48.33979073178292],[-89.33129306408355,48.34091521547483],[-89.32692913468135,48.344665614109275],[-89.32477684639886,48.34541991768003],[-89.3181446576415,48.34649862089514],[-89.31659014352346,48.346539707005384],[-89.31661120298713,48.35243050891712],[-89.3167606845705,48.35307609995698],[-89.32134460547924,48.35383838785715],[-89.33350561015492,48.35438400301372],[-89.33540241170537,48.354534391319156],[-89.34635508511857,48.356983704087945],[-89.35148498673551,48.35697790692881],[-89.37221050835271,48.358774503590006],[-89.38860681529127,48.360351508169806]]]},"properties":{"DAUID":"35580033","DGUID":"2021S051235580033","LANDAREA":5.5428,"PRUID":"35","CMA":"Thunder_Bay"}},
{"type":"Feature","geometry":{"type":"Polygon","coordinates":[[[-89.3167606845705,48.35307609995698],[-89.31661120298713,48.35243050891712],[-89.31659014352346,48.346539707005384],[-89.31418585765081,48.345813622228626],[-89.31340214403282,48.343112127503794],[-89.31178405773045,48.342847725087985],[-89.3082174615741,48.34426452593796],[-89.30636015563233,48.34467971667569],[-89.3034955350575,48.3461047130662],[-89.30253894806917,48.347041631958994],[-89.30172974736931,48.34945121238678],[-89.29911906822399,48.35142892166083],[-89.29474114424643,48.35193481697141],[-89.29279733773832,48.35283732136033],[-89.29003935501494,48.35575351670924],[-89.28696943535203,48.35823970003475],[-89.28935968109562,48.36126379683962],[-89.28946920153034,48.364005803540614],[-89.2948834818765,48.3640059109064],[-89.30172820665727,48.36398600522763],[-89.30445521482575,48.36397640773158],[-89.30596688729138,48.36396410396341],[-89.30599681364791,48.36253290956203],[-89.3125778783053,48.36250933595714],[-89.31342409790149,48.360989606286886],[-89.31549099917055,48.35873490403961],[-89.31610880294134,48.35768779768612],[-89.31663198908733,48.3555643104118],[-89.3167606845705,48.35307609995698]]]},"properties":{"DAUID":"35580038","DGUID":"2021S051235580038","LANDAREA":2.7722,"PRUID":"35","CMA":"Thunder_Bay"}},
{"type":"Feature","geometry":{"type":"Polygon","coordinates":[[[-89.2948834818765,48.3640059109064],[-89.29488061571136,48.367244996224905],[-89.29899928090171,48.36725271126472],[-89.30171418834648,48.367270409894466],[-89.30172820665727,48.36398600522763],[-89.2948834818765,48.3640059109064]]]},"properties":{"DAUID":"35580039","DGUID":"2021S051235580039","LANDAREA":0.1836,"PRUID":"35","CMA":"Thunder_Bay"}},
{"type":"Feature","geometry":{"type":"Polygon","coordinates":[[[-89.30172820665727,48.36398600522763],[-89.30171418834648,48.367270409894466],[-89.29899928090171,48.36725271126472],[-89.29900288626796,48.369430009011026],[-89.30594561798728,48.369470899322],[-89.30594009219038,48.367257699401115],[-89.30448310002366,48.367286890825596],[-89.30445521482575,48.36397640773158],[-89.30172820665727,48.36398600522763]]]},"properties":{"DAUID":"35580040","DGUID":"2021S051235580040","LANDAREA":0.2002,"PRUID":"35","CMA":"Thunder_Bay"}},
{"type":"Feature","geometry":{"type":"Polygon","coordinates":[[[-89.29488061571136,48.367244996224905],[-89.29488430928869,48.36943130578708],[-89.29218358506594,48.36943119082226],[-89.29217101795989,48.37161862294861],[-89.29873919550367,48.37157096560439],[-89.29900288626796,48.369430009011026],[-89.29899928090171,48.36725271126472],[-89.29488061571136,48.367244996224905]]]},"properties":{"DAUID":"35580041","DGUID":"2021S051235580041","LANDAREA":0.1943,"PRUID":"35","CMA":"Thunder_Bay"}},
{"type":"Feature","geometry":{"type":"Polygon","coordinates":[[[-89.29900288626796,48.369430009011026],[-89.29873919550367,48.37157096560439],[-89.30595201214909,48.371572967942306],[-89.30594561798728,48.369470899322],[-89.29900288626796,48.369430009011026]]]},"properties":{"DAUID":"35580042","DGUID":"2021S051235580042","LANDAREA":0.1214,"PRUID":"35","CMA":"Thunder_Bay"}},
{"type":"Feature","geometry":{"type":"Polygon","coordinates":[[[-89.30445521482575,48.36397640773158],[-89.30448310002366,48.367286890825596],[-89.30594009219038,48.367257699401115],[-89.30594561798728,48.369470899322],[-89.30595201214909,48.371572967942306],[-89.30632017850137,48.372570507525786],[-89.31042831344107,48.37083808922643],[-89.31206069577806,48.36904148980583],[-89.31240178939923,48.367500889965214],[-89.3125778783053,48.36250933595714],[-89.30599681364791,48.36253290956203],[-89.30596688729138,48.36396410396341],[-89.30445521482575,48.36397640773158]]]},"properties":{"DAUID":"35580043","DGUID":"2021S051235580043","LANDAREA":0.503,"PRUID":"35","CMA":"Thunder_Bay"}},
{"type":"Feature","geometry":{"type":"Polygon","coordinates":[[[-89.29217101795989,48.37161862294861],[-89.28964355918973,48.37187219319941],[-89.28152283183417,48.371839517140764],[-89.28149189590553,48.37252299494445],[-89.283934895312,48.37249249798005],[-89.28428440178655,48.37426709649057],[-89.28960498813876,48.374260212118116],[-89.2895795967497,48.377004892876315],[-89.28953631303693,48.38085669515874],[-89.29969990169965,48.38087630373294],[-89.30057119591473,48.380871210792094],[-89.30069169063121,48.37711328970841],[-89.30142471446393,48.375218206167375],[-89.30413029088446,48.3732322992266],[-89.30632017850137,48.372570507525786],[-89.30595201214909,48.371572967942306],[-89.29873919550367,48.37157096560439],[-89.29217101795989,48.37161862294861]]]},"properties":{"DAUID":"35580044","DGUID":"2021S051235580044","LANDAREA":1.0641,"PRUID":"35","CMA":"Thunder_Bay"}},
{"type":"Feature","geometry":{"type":"Polygon","coordinates":[[[-89.29218358506594,48.36943119082226],[-89.2921804068885,48.36725389489528],[-89.29083011493344,48.367253795911935],[-89.2908681954608,48.36509361086357],[-89.28963979067433,48.365100093008685],[-89.28580491011789,48.3650953879978],[-89.28583968159013,48.36617439700166],[-89.28584181352339,48.36833381119374],[-89.28583249875462,48.37053831148093],[-89.2896673599385,48.370487517210144],[-89.28964355918973,48.37187219319941],[-89.29217101795989,48.37161862294861],[-89.29218358506594,48.36943119082226]]]},"properties":{"DAUID":"35580045","DGUID":"2021S051235580045","LANDAREA":0.285,"PRUID":"35","CMA":"Thunder_Bay"}},
{"type":"Feature","geometry":{"type":"Polygon","coordinates":[[[-89.28946920153034,48.364005803540614],[-89.28963979067433,48.365100093008685],[-89.2908681954608,48.36509361086357],[-89.29083011493344,48.367253795911935],[-89.2921804068885,48.36725389489528],[-89.29218358506594,48.36943119082226],[-89.29488430928869,48.36943130578708],[-89.29488061571136,48.367244996224905],[-89.2948834818765,48.3640059109064],[-89.28946920153034,48.364005803540614]]]},"properties":{"DAUID":"35580046","DGUID":"2021S051235580046","LANDAREA":0.1673,"PRUID":"35","CMA":"Thunder_Bay"}},
{"type":"Feature","geometry":{"type":"Polygon","coordinates":[[[-89.28696943535203,48.35823970003475],[-89.27948082047048,48.3598792131387],[-89.27844982191503,48.36005824646909],[-89.27849279846319,48.36402589733284],[-89.27853431587609,48.36616649267124],[-89.28583968159013,48.36617439700166],[-89.28580491011789,48.3650953879978],[-89.28963979067433,48.365100093008685],[-89.28946920153034,48.364005803540614],[-89.28935968109562,48.36126379683962],[-89.28696943535203,48.35823970003475]]]},"properties":{"DAUID":"35580047","DGUID":"2021S051235580047","LANDAREA":0.4765,"PRUID":"35","CMA":"Thunder_Bay"}},
{"type":"Feature","geometry":{"type":"Polygon","coordinates":[[[-89.28583968159013,48.36617439700166],[-89.27853431587609,48.36616649267124],[-89.2785150173792,48.36724661210134],[-89.27851161739544,48.368380291751414],[-89.28584181352339,48.36833381119374],[-89.28583968159013,48.36617439700166]]]},"properties":{"DAUID":"35580048","DGUID":"2021S051235580048","LANDAREA":0.1321,"PRUID":"35","CMA":"Thunder_Bay"}},
{"type":"Feature","geometry":{"type":"Polygon","coordinates":[[[-89.28964355918973,48.37187219319941],[-89.2896673599385,48.370487517210144],[-89.28583249875462,48.37053831148093],[-89.28584181352339,48.36833381119374],[-89.27851161739544,48.368380291751414],[-89.27850731385756,48.37161049901553],[-89.28152283183417,48.371839517140764],[-89.28964355918973,48.37187219319941]]]},"properties":{"DAUID":"35580049","DGUID":"2021S051235580049","LANDAREA":0.2482,"PRUID":"35","CMA":"Thunder_Bay"}},
{"type":"Feature","geometry":{"type":"Polygon","coordinates":[[[-89.2785150173792,48.36724661210134],[-89.27277650675009,48.36725218935087],[-89.27276071422695,48.37053648953091],[-89.27174281438703,48.37163629133484],[-89.2762490283236,48.371619167115696],[-89.27850731385756,48.37161049901553],[-89.27851161739544,48.368380291751414],[-89.2785150173792,48.36724661210134]]]},"properties":{"DAUID":"35580050","DGUID":"2021S051235580050","LANDAREA":0.2109,"PRUID":"35","CMA":"Thunder_Bay"}},
{"type":"Feature","geometry":{"type":"Polygon","coordinates":[[[-89.27849279846319,48.36402589733284],[-89.27322721377546,48.36403121136988],[-89.27274450401868,48.36440960282363],[-89.27277650675009,48.36725218935087],[-89.2785150173792,48.36724661210134],[-89.27853431587609,48.36616649267124],[-89.27849279846319,48.36402589733284]]]},"properties":{"DAUID":"35580051","DGUID":"2021S051235580051","LANDAREA":0.1524,"PRUID":"35","CMA":"Thunder_Bay"}},
{"type":"Feature","geometry":{"type":"Polygon","coordinates":[[[-89.27844982191503,48.36005824646909],[-89.27625753697076,48.360337124207305],[-89.27204425029996,48.361230211372565],[-89.26753815716192,48.36252481785922],[-89.26338855837841,48.362426622739704],[-89.25923025840069,48.361824525571485],[-89.25650925965294,48.361967917719284],[-89.2546158328286,48.362814813079524],[-89.25330016845686,48.36420821023069],[-89.25470885106739,48.36461253007936],[-89.25403076378491,48.365462629796745],[-89.252050266844,48.36984731234637],[-89.25018791035387,48.37200953778149],[-89.25287528590611,48.371584693102086],[-89.25421180659492,48.369435089021394],[-89.25498830961295,48.36836718872992],[-89.25707189858063,48.36723759808014],[-89.26139311859839,48.36724270288178],[-89.26709158211811,48.36724738984598],[-89.27277650675009,48.36725218935087],[-89.27274450401868,48.36440960282363],[-89.27322721377546,48.36403121136988],[-89.27849279846319,48.36402589733284],[-89.27844982191503,48.36005824646909]]]},"properties":{"DAUID":"35580052","DGUID":"2021S051235580052","LANDAREA":0.7227,"PRUID":"35","CMA":"Thunder_Bay"}},
{"type":"Feature","geometry":{"type":"Polygon","coordinates":[[[-89.27277650675009,48.36725218935087],[-89.26709158211811,48.36724738984598],[-89.2670831883771,48.371620292908766],[-89.27174281438703,48.37163629133484],[-89.27276071422695,48.37053648953091],[-89.27277650675009,48.36725218935087]]]},"properties":{"DAUID":"35580053","DGUID":"2021S051235580053","LANDAREA":0.2001,"PRUID":"35","CMA":"Thunder_Bay"}},
{"type":"Feature","geometry":{"type":"Polygon","coordinates":[[[-89.26139311859839,48.36724270288178],[-89.26136800436522,48.369420501397016],[-89.26139729944592,48.371606293884305],[-89.26542169760666,48.37160810111911],[-89.2670831883771,48.371620292908766],[-89.26709158211811,48.36724738984598],[-89.26139311859839,48.36724270288178]]]},"properties":{"DAUID":"35580054","DGUID":"2021S051235580054","LANDAREA":0.2054,"PRUID":"35","CMA":"Thunder_Bay"}},
{"type":"Feature","geometry":{"type":"Polygon","coordinates":[[[-89.27174281438703,48.37163629133484],[-89.2670831883771,48.371620292908766],[-89.26542169760666,48.37160810111911],[-89.26548151522421,48.374477089999935],[-89.26739869018262,48.374466306905134],[-89.27022992249246,48.37445632607144],[-89.27151383071312,48.373135276964554],[-89.27386991988591,48.37205116832455],[-89.2762490283236,48.371619167115696],[-89.27174281438703,48.37163629133484]]]},"properties":{"DAUID":"35580055","DGUID":"2021S051235580055","LANDAREA":0.1571,"PRUID":"35","CMA":"Thunder_Bay"}},
{"type":"Feature","geometry":{"type":"Polygon","coordinates":[[[-89.26139729944592,48.371606293884305],[-89.26131801173645,48.374388098418066],[-89.26209060122622,48.375974405122555],[-89.26476390381616,48.37595780996495],[-89.26474228545847,48.375166507257035],[-89.26741549917074,48.37514981124705],[-89.26739869018262,48.374466306905134],[-89.26548151522421,48.374477089999935],[-89.26542169760666,48.37160810111911],[-89.26139729944592,48.371606293884305]]]},"properties":{"DAUID":"35580056","DGUID":"2021S051235580056","LANDAREA":0.1431,"PRUID":"35","CMA":"Thunder_Bay"}},
{"type":"Feature","geometry":{"type":"Polygon","coordinates":[[[-89.26739869018262,48.374466306905134],[-89.26741549917074,48.37514981124705],[-89.26474228545847,48.375166507257035],[-89.26476390381616,48.37595780996495],[-89.26479140225325,48.37840459383783],[-89.2620231137395,48.37841411227693],[-89.26207789867783,48.380869288000156],[-89.26518080256281,48.380872913471656],[-89.26496314092543,48.38057779308661],[-89.27022992249246,48.37445632607144],[-89.26739869018262,48.374466306905134]]]},"properties":{"DAUID":"35580057","DGUID":"2021S051235580057","LANDAREA":0.1855,"PRUID":"35","CMA":"Thunder_Bay"}},
{"type":"Feature","geometry":{"type":"Polygon","coordinates":[[[-89.26209060122622,48.375974405122555],[-89.25659388116893,48.375974508344655],[-89.2566007909768,48.377656801203685],[-89.25918011712442,48.37765120522142],[-89.25917308435403,48.378407105247],[-89.2620231137395,48.37841411227693],[-89.26479140225325,48.37840459383783],[-89.26476390381616,48.37595780996495],[-89.26209060122622,48.375974405122555]]]},"properties":{"DAUID":"35580058","DGUID":"2021S051235580058","LANDAREA":0.1474,"PRUID":"35","CMA":"Thunder_Bay"}},
{"type":"Feature","geometry":{"type":"Polygon","coordinates":[[[-89.2620231137395,48.37841411227693],[-89.25917308435403,48.378407105247],[-89.25918011712442,48.37765120522142],[-89.2566007909768,48.377656801203685],[-89.25525019994282,48.3776563023938],[-89.25523840245017,48.37922209267373],[-89.25390158734886,48.379230290383006],[-89.25392069222943,48.38088549231921],[-89.2593630934928,48.380868700937],[-89.26207789867783,48.380869288000156],[-89.2620231137395,48.37841411227693]]]},"properties":{"DAUID":"35580059","DGUID":"2021S051235580059","LANDAREA":0.1806,"PRUID":"35","CMA":"Thunder_Bay"}},
{"type":"Feature","geometry":{"type":"Polygon","coordinates":[[[-89.25659388116893,48.375974508344655],[-89.25524338219341,48.375974010492655],[-89.25101591527189,48.375966809210134],[-89.2510479942294,48.377612704230565],[-89.25106621199865,48.379249892385666],[-89.25390158734886,48.379230290383006],[-89.25523840245017,48.37922209267373],[-89.25525019994282,48.3776563023938],[-89.2566007909768,48.377656801203685],[-89.25659388116893,48.375974508344655]]]},"properties":{"DAUID":"35580060","DGUID":"2021S051235580060","LANDAREA":0.1323,"PRUID":"35","CMA":"Thunder_Bay"}},
{"type":"Feature","geometry":{"type":"Polygon","coordinates":[[[-89.25390158734886,48.379230290383006],[-89.25106621199865,48.379249892385666],[-89.2510479942294,48.377612704230565],[-89.24792928428754,48.37763770578601],[-89.24775728208895,48.379251592243406],[-89.24658128868487,48.3792295975135],[-89.24661319943299,48.38087548903237],[-89.2510578114479,48.38089659687196],[-89.25392069222943,48.38088549231921],[-89.25390158734886,48.379230290383006]]]},"properties":{"DAUID":"35580061","DGUID":"2021S051235580061","LANDAREA":0.1437,"PRUID":"35","CMA":"Thunder_Bay"}},
{"type":"Feature","geometry":{"type":"Polygon","coordinates":[[[-89.25524338219341,48.375974010492655],[-89.25527979490577,48.3743537091419],[-89.25101400737498,48.37439229631833],[-89.25101721335366,48.37324060930898],[-89.24974296355933,48.372558251377875],[-89.24853724987572,48.37347911523538],[-89.24572184811106,48.37698921069086],[-89.2446902483806,48.37780110954295],[-89.24307187104299,48.381424942718496],[-89.24421811823294,48.381150326524015],[-89.24661319943299,48.38087548903237],[-89.24658128868487,48.3792295975135],[-89.24775728208895,48.379251592243406],[-89.24792928428754,48.37763770578601],[-89.2510479942294,48.377612704230565],[-89.25101591527189,48.375966809210134],[-89.25524338219341,48.375974010492655]]]},"properties":{"DAUID":"35580062","DGUID":"2021S051235580062","LANDAREA":0.3013,"PRUID":"35","CMA":"Thunder_Bay"}},
{"type":"Feature","geometry":{"type":"Polygon","coordinates":[[[-89.25018791035387,48.37200953778149],[-89.24974296355933,48.372558251377875],[-89.25101721335366,48.37324060930898],[-89.25101400737498,48.37439229631833],[-89.25527979490577,48.3743537091419],[-89.25660448349629,48.3743816940059],[-89.257864500357,48.373556204416026],[-89.25788729283495,48.37163031127539],[-89.25287528590611,48.371584693102086],[-89.25018791035387,48.37200953778149]]]},"properties":{"DAUID":"35580063","DGUID":"2021S051235580063","LANDAREA":0.1515,"PRUID":"35","CMA":"Thunder_Bay"}},
{"type":"Feature","geometry":{"type":"Polygon","coordinates":[[[-89.26139729944592,48.371606293884305],[-89.25788729283495,48.37163031127539],[-89.257864500357,48.373556204416026],[-89.25660448349629,48.3743816940059],[-89.25527979490577,48.3743537091419],[-89.25524338219341,48.375974010492655],[-89.25659388116893,48.375974508344655],[-89.26209060122622,48.375974405122555],[-89.26131801173645,48.374388098418066],[-89.26139729944592,48.371606293884305]]]},"properties":{"DAUID":"35580064","DGUID":"2021S051235580064","LANDAREA":0.1783,"PRUID":"35","CMA":"Thunder_Bay"}},
{"type":"Feature","geometry":{"type":"Polygon","coordinates":[[[-89.25287528590611,48.371584693102086],[-89.25788729283495,48.37163031127539],[-89.26139729944592,48.371606293884305],[-89.26136800436522,48.369420501397016],[-89.25421180659492,48.369435089021394],[-89.25287528590611,48.371584693102086]]]},"properties":{"DAUID":"35580065","DGUID":"2021S051235580065","LANDAREA":0.1409,"PRUID":"35","CMA":"Thunder_Bay"}},
{"type":"Feature","geometry":{"type":"Polygon","coordinates":[[[-89.25421180659492,48.369435089021394],[-89.26136800436522,48.369420501397016],[-89.26139311859839,48.36724270288178],[-89.25707189858063,48.36723759808014],[-89.25498830961295,48.36836718872992],[-89.25421180659492,48.369435089021394]]]},"properties":{"DAUID":"35580066","DGUID":"2021S051235580066","LANDAREA":0.112,"PRUID":"35","CMA":"Thunder_Bay"}},
{"type":"Feature","geometry":{"type":"Polygon","coordinates":[[[-89.24307187104299,48.381424942718496],[-89.2418929381516,48.38288522661655],[-89.23879395118719,48.38497314961434],[-89.24055130640322,48.38524060665293],[-89.24325631403234,48.38624049051668],[-89.24549871748533,48.38624179051449],[-89.24548300800882,48.382508103584],[-89.24343090899727,48.38253019179965],[-89.24421811823294,48.381150326524015],[-89.24307187104299,48.381424942718496]]]},"properties":{"DAUID":"35580068","DGUID":"2021S051235580068","LANDAREA":0.1524,"PRUID":"35","CMA":"Thunder_Bay"}},
{"type":"Feature","geometry":{"type":"Polygon","coordinates":[[[-89.23879395118719,48.38497314961434],[-89.23567726293265,48.38710912380386],[-89.23320219319781,48.38839358421632],[-89.2363640065001,48.38987429027593],[-89.23786730601965,48.39025939842174],[-89.23848211498353,48.38949158822979],[-89.24058109911847,48.3902245079196],[-89.24179778078887,48.388707303206914],[-89.24301279835741,48.387154004577404],[-89.24548938515453,48.38725861028247],[-89.24549871748533,48.38624179051449],[-89.24325631403234,48.38624049051668],[-89.24055130640322,48.38524060665293],[-89.23879395118719,48.38497314961434]]]},"properties":{"DAUID":"35580069","DGUID":"2021S051235580069","LANDAREA":0.2738,"PRUID":"35","CMA":"Thunder_Bay"}},
{"type":"Feature","geometry":{"type":"Polygon","coordinates":[[[-89.24179778078887,48.388707303206914],[-89.24330699628302,48.389235688296125],[-89.24548159516154,48.38922919456591],[-89.24549288465651,48.38825728983671],[-89.24780439790565,48.38829308832667],[-89.24780820506751,48.386232590472034],[-89.24549871748533,48.38624179051449],[-89.24548938515453,48.38725861028247],[-89.24301279835741,48.387154004577404],[-89.24179778078887,48.388707303206914]]]},"properties":{"DAUID":"35580070","DGUID":"2021S051235580070","LANDAREA":0.0891,"PRUID":"35","CMA":"Thunder_Bay"}},
{"type":"Feature","geometry":{"type":"Polygon","coordinates":[[[-89.23786730601965,48.39025939842174],[-89.23993899708731,48.39098380863006],[-89.24187809226488,48.391764790160536],[-89.24310668642686,48.39021130439638],[-89.24548269793155,48.39017389055947],[-89.24548159516154,48.38922919456591],[-89.24330699628302,48.389235688296125],[-89.24179778078887,48.388707303206914],[-89.24058109911847,48.3902245079196],[-89.23848211498353,48.38949158822979],[-89.23786730601965,48.39025939842174]]]},"properties":{"DAUID":"35580071","DGUID":"2021S051235580071","LANDAREA":0.0817,"PRUID":"35","CMA":"Thunder_Bay"}},
{"type":"Feature","geometry":{"type":"Polygon","coordinates":[[[-89.24187809226488,48.391764790160536],[-89.24308329677606,48.392137205410634],[-89.24549868709296,48.392072111649185],[-89.24825300932841,48.392036188764564],[-89.24833018853754,48.3901093064759],[-89.24548269793155,48.39017389055947],[-89.24310668642686,48.39021130439638],[-89.24187809226488,48.391764790160536]]]},"properties":{"DAUID":"35580072","DGUID":"2021S051235580072","LANDAREA":0.0905,"PRUID":"35","CMA":"Thunder_Bay"}},
{"type":"Feature","geometry":{"type":"Polygon","coordinates":[[[-89.23993899708731,48.39098380863006],[-89.23873449798064,48.392473891515955],[-89.24071259357788,48.393218107362664],[-89.24299131190949,48.3940374020888],[-89.24549131100336,48.39405159456786],[-89.24549868709296,48.392072111649185],[-89.24308329677606,48.392137205410634],[-89.24187809226488,48.391764790160536],[-89.23993899708731,48.39098380863006]]]},"properties":{"DAUID":"35580073","DGUID":"2021S051235580073","LANDAREA":0.098,"PRUID":"35","CMA":"Thunder_Bay"}},
{"type":"Feature","geometry":{"type":"Polygon","coordinates":[[[-89.24071259357788,48.393218107362664],[-89.23961690577306,48.394724010231215],[-89.23895548158487,48.39473689830583],[-89.23897530777813,48.39765169558749],[-89.2401899185099,48.39761900860865],[-89.24305920135552,48.39588959404749],[-89.24299131190949,48.3940374020888],[-89.24071259357788,48.393218107362664]]]},"properties":{"DAUID":"35580074","DGUID":"2021S051235580074","LANDAREA":0.1127,"PRUID":"35","CMA":"Thunder_Bay"}},
{"type":"Feature","geometry":{"type":"Polygon","coordinates":[[[-89.2363640065001,48.38987429027593],[-89.23471639441051,48.39232049162136],[-89.2342768215514,48.394777207669165],[-89.23895548158487,48.39473689830583],[-89.23961690577306,48.394724010231215],[-89.24071259357788,48.393218107362664],[-89.23873449798064,48.392473891515955],[-89.23993899708731,48.39098380863006],[-89.23786730601965,48.39025939842174],[-89.2363640065001,48.38987429027593]]]},"properties":{"DAUID":"35580075","DGUID":"2021S051235580075","LANDAREA":0.1802,"PRUID":"35","CMA":"Thunder_Bay"}},
{"type":"Feature","geometry":{"type":"Polygon","coordinates":[[[-89.23895548158487,48.39473689830583],[-89.2342768215514,48.394777207669165],[-89.23437845364111,48.40075657087276],[-89.23817096736492,48.401312628295926],[-89.24169879605122,48.401108884470595],[-89.2400207574047,48.398871944565016],[-89.2401899185099,48.39761900860865],[-89.23897530777813,48.39765169558749],[-89.23895548158487,48.39473689830583]]]},"properties":{"DAUID":"35580076","DGUID":"2021S051235580076","LANDAREA":0.2548,"PRUID":"35","CMA":"Thunder_Bay"}},
{"type":"Feature","geometry":{"type":"Polygon","coordinates":[[[-89.24299131190949,48.3940374020888],[-89.24305920135552,48.39588959404749],[-89.2401899185099,48.39761900860865],[-89.2400207574047,48.398871944565016],[-89.24169879605122,48.401108884470595],[-89.24347826200852,48.40093921227565],[-89.24507144384216,48.39999042338002],[-89.24663674787642,48.39963591962966],[-89.24858845482879,48.39975344831894],[-89.25287995477927,48.39476760025591],[-89.25119190650834,48.39465099214153],[-89.24970630862832,48.3946619949514],[-89.24971010666708,48.396893293359625],[-89.2454947977752,48.39689470370251],[-89.24549131100336,48.39405159456786],[-89.24299131190949,48.3940374020888]]]},"properties":{"DAUID":"35580077","DGUID":"2021S051235580077","LANDAREA":0.3307,"PRUID":"35","CMA":"Thunder_Bay"}},
{"type":"Feature","geometry":{"type":"Polygon","coordinates":[[[-89.24549868709296,48.392072111649185],[-89.24549131100336,48.39405159456786],[-89.2454947977752,48.39689470370251],[-89.24971010666708,48.396893293359625],[-89.24970630862832,48.3946619949514],[-89.25119190650834,48.39465099214153],[-89.25105151711885,48.392080489817175],[-89.24825300932841,48.392036188764564],[-89.24549868709296,48.392072111649185]]]},"properties":{"DAUID":"35580078","DGUID":"2021S051235580078","LANDAREA":0.1992,"PRUID":"35","CMA":"Thunder_Bay"}},
{"type":"Feature","geometry":{"type":"Polygon","coordinates":[[[-89.25287995477927,48.39476760025591],[-89.25833950653927,48.388324012801846],[-89.25701496599191,48.388319052407105],[-89.25519714352231,48.38911221834287],[-89.25393523668956,48.390819520345616],[-89.25239805837028,48.39119151541721],[-89.25105151711885,48.392080489817175],[-89.25119190650834,48.39465099214153],[-89.25287995477927,48.39476760025591]]]},"properties":{"DAUID":"35580079","DGUID":"2021S051235580079","LANDAREA":0.1467,"PRUID":"35","CMA":"Thunder_Bay"}},
{"type":"Feature","geometry":{"type":"Polygon","coordinates":[[[-89.24548159516154,48.38922919456591],[-89.24548269793155,48.39017389055947],[-89.24833018853754,48.3901093064759],[-89.24825300932841,48.392036188764564],[-89.25105151711885,48.392080489817175],[-89.25112860638271,48.38923580361243],[-89.2489246160462,48.38918890058309],[-89.24780439790565,48.38829308832667],[-89.24549288465651,48.38825728983671],[-89.24548159516154,48.38922919456591]]]},"properties":{"DAUID":"35580080","DGUID":"2021S051235580080","LANDAREA":0.1138,"PRUID":"35","CMA":"Thunder_Bay"}},
{"type":"Feature","geometry":{"type":"Polygon","coordinates":[[[-89.25701496599191,48.388319052407105],[-89.25667728214022,48.38732760945071],[-89.25397478410062,48.38730859234601],[-89.25261091299924,48.387317295615794],[-89.25259929686734,48.38919800346968],[-89.25112860638271,48.38923580361243],[-89.25105151711885,48.392080489817175],[-89.25239805837028,48.39119151541721],[-89.25393523668956,48.390819520345616],[-89.25519714352231,48.38911221834287],[-89.25701496599191,48.388319052407105]]]},"properties":{"DAUID":"35580081","DGUID":"2021S051235580081","LANDAREA":0.1148,"PRUID":"35","CMA":"Thunder_Bay"}},
{"type":"Feature","geometry":{"type":"Polygon","coordinates":[[[-89.24780439790565,48.38829308832667],[-89.2489246160462,48.38918890058309],[-89.25112860638271,48.38923580361243],[-89.25259929686734,48.38919800346968],[-89.25261091299924,48.387317295615794],[-89.25397478410062,48.38730859234601],[-89.25391440478928,48.38563621190761],[-89.25109058104775,48.38561961217802],[-89.25000808419242,48.386189596269],[-89.24780820506751,48.386232590472034],[-89.24780439790565,48.38829308832667]]]},"properties":{"DAUID":"35580082","DGUID":"2021S051235580082","LANDAREA":0.1417,"PRUID":"35","CMA":"Thunder_Bay"}},
{"type":"Feature","geometry":{"type":"Polygon","coordinates":[[[-89.25833950653927,48.388324012801846],[-89.25859722169632,48.38800194202139],[-89.25825011705729,48.387458600368575],[-89.25941931959737,48.3861039897935],[-89.2593750055695,48.38418851122906],[-89.25667311840945,48.38417850938207],[-89.25529569389519,48.384187595756046],[-89.2552913882133,48.38561820456637],[-89.25391440478928,48.38563621190761],[-89.25397478410062,48.38730859234601],[-89.25667728214022,48.38732760945071],[-89.25701496599191,48.388319052407105],[-89.25833950653927,48.388324012801846]]]},"properties":{"DAUID":"35580083","DGUID":"2021S051235580083","LANDAREA":0.132,"PRUID":"35","CMA":"Thunder_Bay"}},
{"type":"Feature","geometry":{"type":"Polygon","coordinates":[[[-89.25391440478928,48.38563621190761],[-89.2552913882133,48.38561820456637],[-89.25529569389519,48.384187595756046],[-89.25667311840945,48.38417850938207],[-89.25665271217291,48.382496395418286],[-89.25110139237415,48.382497303292034],[-89.25109058104775,48.38561961217802],[-89.25391440478928,48.38563621190761]]]},"properties":{"DAUID":"35580084","DGUID":"2021S051235580084","LANDAREA":0.1264,"PRUID":"35","CMA":"Thunder_Bay"}},
{"type":"Feature","geometry":{"type":"Polygon","coordinates":[[[-89.25392069222943,48.38088549231921],[-89.2510578114479,48.38089659687196],[-89.25110139237415,48.382497303292034],[-89.25665271217291,48.382496395418286],[-89.25667311840945,48.38417850938207],[-89.2593750055695,48.38418851122906],[-89.2593630934928,48.380868700937],[-89.25392069222943,48.38088549231921]]]},"properties":{"DAUID":"35580085","DGUID":"2021S051235580085","LANDAREA":0.1483,"PRUID":"35","CMA":"Thunder_Bay"}},
{"type":"Feature","geometry":{"type":"Polygon","coordinates":[[[-89.24661319943299,48.38087548903237],[-89.24421811823294,48.381150326524015],[-89.24343090899727,48.38253019179965],[-89.24548300800882,48.382508103584],[-89.24549871748533,48.38624179051449],[-89.24780820506751,48.386232590472034],[-89.25000808419242,48.386189596269],[-89.25109058104775,48.38561961217802],[-89.25110139237415,48.382497303292034],[-89.2510578114479,48.38089659687196],[-89.24661319943299,48.38087548903237]]]},"properties":{"DAUID":"35580086","DGUID":"2021S051235580086","LANDAREA":0.2624,"PRUID":"35","CMA":"Thunder_Bay"}},
{"type":"Feature","geometry":{"type":"Polygon","coordinates":[[[-89.26207789867783,48.380869288000156],[-89.2593630934928,48.380868700937],[-89.2593750055695,48.38418851122906],[-89.25941931959737,48.3861039897935],[-89.25825011705729,48.387458600368575],[-89.25859722169632,48.38800194202139],[-89.2645579813498,48.38104101966201],[-89.26518080256281,48.380872913471656],[-89.26207789867783,48.380869288000156]]]},"properties":{"DAUID":"35580087","DGUID":"2021S051235580087","LANDAREA":0.1462,"PRUID":"35","CMA":"Thunder_Bay"}},
{"type":"Feature","geometry":{"type":"Polygon","coordinates":[[[-89.25833950653927,48.388324012801846],[-89.26472265914403,48.38914992455155],[-89.26968556886699,48.38865611048292],[-89.2718677564214,48.38882002566031],[-89.27260034806275,48.388283613814956],[-89.27859448373019,48.3876271708695],[-89.2786004062154,48.38730910025997],[-89.27680679740338,48.387677598461465],[-89.27304608767739,48.38785989822666],[-89.27273698336793,48.385166811600214],[-89.27023858687906,48.38518019577443],[-89.27016810884092,48.38086280059874],[-89.26518080256281,48.380872913471656],[-89.2645579813498,48.38104101966201],[-89.25859722169632,48.38800194202139],[-89.25833950653927,48.388324012801846]]]},"properties":{"DAUID":"35580088","DGUID":"2021S051235580088","LANDAREA":0.6652,"PRUID":"35","CMA":"Thunder_Bay"}},
{"type":"Feature","geometry":{"type":"Polygon","coordinates":[[[-89.27273698336793,48.385166811600214],[-89.27487758491664,48.38500750425017],[-89.2748522122015,48.38413529771493],[-89.27727028176963,48.38414139472077],[-89.277304391262,48.38248520849445],[-89.27853368154418,48.38248779654576],[-89.27853880599393,48.380841302017735],[-89.27274759141501,48.38085681136238],[-89.27016810884092,48.38086280059874],[-89.27023858687906,48.38518019577443],[-89.27273698336793,48.385166811600214]]]},"properties":{"DAUID":"35580089","DGUID":"2021S051235580089","LANDAREA":0.2458,"PRUID":"35","CMA":"Thunder_Bay"}},
{"type":"Feature","geometry":{"type":"Polygon","coordinates":[[[-89.2786004062154,48.38730910025997],[-89.27857650032836,48.3855641003883],[-89.27856709400955,48.384142709014],[-89.27727028176963,48.38414139472077],[-89.2748522122015,48.38413529771493],[-89.27487758491664,48.38500750425017],[-89.27273698336793,48.385166811600214],[-89.27304608767739,48.38785989822666],[-89.27680679740338,48.387677598461465],[-89.2786004062154,48.38730910025997]]]},"properties":{"DAUID":"35580090","DGUID":"2021S051235580090","LANDAREA":0.1537,"PRUID":"35","CMA":"Thunder_Bay"}},
{"type":"Feature","geometry":{"type":"Polygon","coordinates":[[[-89.27727028176963,48.38414139472077],[-89.27856709400955,48.384142709014],[-89.27857650032836,48.3855641003883],[-89.28407500526873,48.385581011187334],[-89.28407808612923,48.38414128775455],[-89.28408501234517,48.3824857046407],[-89.28284858727315,48.38323000847634],[-89.27978520349298,48.38329080605076],[-89.27853368154418,48.38248779654576],[-89.277304391262,48.38248520849445],[-89.27727028176963,48.38414139472077]]]},"properties":{"DAUID":"35580091","DGUID":"2021S051235580091","LANDAREA":0.1372,"PRUID":"35","CMA":"Thunder_Bay"}},
{"type":"Feature","geometry":{"type":"Polygon","coordinates":[[[-89.27853368154418,48.38248779654576],[-89.27978520349298,48.38329080605076],[-89.28284858727315,48.38323000847634],[-89.28408501234517,48.3824857046407],[-89.28417370136358,48.380846402411],[-89.27853880599393,48.380841302017735],[-89.27853368154418,48.38248779654576]]]},"properties":{"DAUID":"35580092","DGUID":"2021S051235580092","LANDAREA":0.0952,"PRUID":"35","CMA":"Thunder_Bay"}},
{"type":"Feature","geometry":{"type":"Polygon","coordinates":[[[-89.28407808612923,48.38414128775455],[-89.2895212114553,48.38413209782748],[-89.28952989729606,48.382521306117816],[-89.28693610861114,48.38250999775416],[-89.28698341392258,48.3808534928038],[-89.28417370136358,48.380846402411],[-89.28408501234517,48.3824857046407],[-89.28407808612923,48.38414128775455]]]},"properties":{"DAUID":"35580093","DGUID":"2021S051235580093","LANDAREA":0.1114,"PRUID":"35","CMA":"Thunder_Bay"}},
{"type":"Feature","geometry":{"type":"Polygon","coordinates":[[[-89.27859448373019,48.3876271708695],[-89.28441183886079,48.38718580944528],[-89.28709025013166,48.38726752423828],[-89.28952456530595,48.38681129420751],[-89.2895212114553,48.38413209782748],[-89.28407808612923,48.38414128775455],[-89.28407500526873,48.385581011187334],[-89.27857650032836,48.3855641003883],[-89.2786004062154,48.38730910025997],[-89.27859448373019,48.3876271708695]]]},"properties":{"DAUID":"35580094","DGUID":"2021S051235580094","LANDAREA":0.2217,"PRUID":"35","CMA":"Thunder_Bay"}},
{"type":"Feature","geometry":{"type":"Polygon","coordinates":[[[-89.27859448373019,48.3876271708695],[-89.27859090150625,48.38800210220556],[-89.27861768324112,48.39011599399037],[-89.28955999549048,48.390114610651324],[-89.291843015219,48.39011409205571],[-89.29180229739971,48.387703601754524],[-89.2929770192815,48.38739219951484],[-89.29287801499892,48.386692404395994],[-89.28951991424542,48.387416097882],[-89.28952456530595,48.38681129420751],[-89.28709025013166,48.38726752423828],[-89.28441183886079,48.38718580944528],[-89.27859448373019,48.3876271708695]]]},"properties":{"DAUID":"35580095","DGUID":"2021S051235580095","LANDAREA":0.316,"PRUID":"35","CMA":"Thunder_Bay"}},
{"type":"Feature","geometry":{"type":"Polygon","coordinates":[[[-89.27861768324112,48.39011599399037],[-89.27865129001265,48.392076703086076],[-89.27782030178723,48.394133709835636],[-89.28079411362032,48.39467950217664],[-89.28254029371261,48.39415000855891],[-89.28485509249049,48.39395110281644],[-89.28955758678575,48.39397450901186],[-89.28955999549048,48.390114610651324],[-89.27861768324112,48.39011599399037]]]},"properties":{"DAUID":"35580096","DGUID":"2021S051235580096","LANDAREA":0.3713,"PRUID":"35","CMA":"Thunder_Bay"}},
{"type":"Feature","geometry":{"type":"Polygon","coordinates":[[[-89.28955999549048,48.390114610651324],[-89.28955758678575,48.39397450901186],[-89.291839982019,48.393956010287205],[-89.29253208249968,48.39312350799641],[-89.29427780169715,48.39228790154297],[-89.29425528093553,48.39088470904358],[-89.29193251947517,48.3909040959389],[-89.291843015219,48.39011409205571],[-89.28955999549048,48.390114610651324]]]},"properties":{"DAUID":"35580097","DGUID":"2021S051235580097","LANDAREA":0.1113,"PRUID":"35","CMA":"Thunder_Bay"}},
{"type":"Feature","geometry":{"type":"Polygon","coordinates":[[[-89.291843015219,48.39011409205571],[-89.29193251947517,48.3909040959389],[-89.29425528093553,48.39088470904358],[-89.29427780169715,48.39228790154297],[-89.29253208249968,48.39312350799641],[-89.291839982019,48.393956010287205],[-89.2928797876912,48.393944288891205],[-89.29606988412802,48.3927829902991],[-89.29769549039563,48.392282589272675],[-89.29831979892285,48.39024569745406],[-89.29643361761735,48.3900585003113],[-89.29695631209403,48.38816760935705],[-89.2957316076119,48.38796711251786],[-89.2953452034879,48.38688609339976],[-89.2941418925027,48.38716209530016],[-89.29415809410337,48.38902418976656],[-89.2930209931688,48.38927179773454],[-89.2929770192815,48.38739219951484],[-89.29180229739971,48.387703601754524],[-89.291843015219,48.39011409205571]]]},"properties":{"DAUID":"35580098","DGUID":"2021S051235580098","LANDAREA":0.2051,"PRUID":"35","CMA":"Thunder_Bay"}},
{"type":"Feature","geometry":{"type":"Polygon","coordinates":[[[-89.2928797876912,48.393944288891205],[-89.29235650788061,48.394926499571184],[-89.29242310591246,48.396409688323395],[-89.29500449798233,48.39672710898496],[-89.29730178172757,48.39463880699013],[-89.29606988412802,48.3927829902991],[-89.2928797876912,48.393944288891205]]]},"properties":{"DAUID":"35580100","DGUID":"2021S051235580100","LANDAREA":0.1059,"PRUID":"35","CMA":"Thunder_Bay"}},
{"type":"Feature","geometry":{"type":"Polygon","coordinates":[[[-89.28485509249049,48.39395110281644],[-89.28489168923093,48.39476909680377],[-89.28710750619857,48.39476999679663],[-89.2870997055584,48.3985130967885],[-89.28959160496346,48.39864350840978],[-89.28955758678575,48.39397450901186],[-89.28485509249049,48.39395110281644]]]},"properties":{"DAUID":"35580101","DGUID":"2021S051235580101","LANDAREA":0.1091,"PRUID":"35","CMA":"Thunder_Bay"}},
{"type":"Feature","geometry":{"type":"Polygon","coordinates":[[[-89.28489168923093,48.39476909680377],[-89.28488459681398,48.396721700739896],[-89.2860196869516,48.396726097471074],[-89.28602460034563,48.39864250737383],[-89.28305269408625,48.398656505676996],[-89.28184010082045,48.397825801076586],[-89.2818770890827,48.39865290215995],[-89.27589081445612,48.39863650150815],[-89.27462938454526,48.39761779076075],[-89.27458050105359,48.39924730120965],[-89.2766324897936,48.399512593821804],[-89.2787777856238,48.400351804115395],[-89.28406829746903,48.40051679983614],[-89.28426541184082,48.399487199610405],[-89.28644078381825,48.3994888871281],[-89.28645859886333,48.40048730559853],[-89.28810681466439,48.40048150336426],[-89.2895719126745,48.39940870995771],[-89.28959160496346,48.39864350840978],[-89.2870997055584,48.3985130967885],[-89.28710750619857,48.39476999679663],[-89.28489168923093,48.39476909680377]]]},"properties":{"DAUID":"35580102","DGUID":"2021S051235580102","LANDAREA":0.2544,"PRUID":"35","CMA":"Thunder_Bay"}},
{"type":"Feature","geometry":{"type":"Polygon","coordinates":[[[-89.28079411362032,48.39467950217664],[-89.28184010082045,48.397825801076586],[-89.28305269408625,48.398656505676996],[-89.28602460034563,48.39864250737383],[-89.2860196869516,48.396726097471074],[-89.28488459681398,48.396721700739896],[-89.28489168923093,48.39476909680377],[-89.28485509249049,48.39395110281644],[-89.28254029371261,48.39415000855891],[-89.28079411362032,48.39467950217664]]]},"properties":{"DAUID":"35580103","DGUID":"2021S051235580103","LANDAREA":0.143,"PRUID":"35","CMA":"Thunder_Bay"}},
{"type":"Feature","geometry":{"type":"Polygon","coordinates":[[[-89.27782030178723,48.394133709835636],[-89.27516971212829,48.39670741149329],[-89.27462938454526,48.39761779076075],[-89.27589081445612,48.39863650150815],[-89.2818770890827,48.39865290215995],[-89.28184010082045,48.397825801076586],[-89.28079411362032,48.39467950217664],[-89.27782030178723,48.394133709835636]]]},"properties":{"DAUID":"35580104","DGUID":"2021S051235580104","LANDAREA":0.177,"PRUID":"35","CMA":"Thunder_Bay"}},
{"type":"Feature","geometry":{"type":"Polygon","coordinates":[[[-89.23437845364111,48.40075657087276],[-89.23455057402728,48.41063204675823],[-89.23735291512271,48.41025249326793],[-89.23931398772689,48.41028641114576],[-89.23895990632,48.411148010420035],[-89.24540721128069,48.41116630207047],[-89.2448320004757,48.411915301116665],[-89.24993621520706,48.41181550253691],[-89.2506471745483,48.41203351160366],[-89.25161488695167,48.411881604366734],[-89.2582727182631,48.411769094312945],[-89.26305208249765,48.41176203867008],[-89.26336081011841,48.411003288329375],[-89.27454788346303,48.41093549243214],[-89.27461389807003,48.405689102152536],[-89.2746266927843,48.403313187514314],[-89.27458050105359,48.39924730120965],[-89.27462938454526,48.39761779076075],[-89.27516971212829,48.39670741149329],[-89.27782030178723,48.394133709835636],[-89.27426360802096,48.39274839644659],[-89.27287681670569,48.3925508976011],[-89.27284539580644,48.388511690269816],[-89.27859090150625,48.38800210220556],[-89.27859448373019,48.3876271708695],[-89.27260034806275,48.388283613814956],[-89.2718677564214,48.38882002566031],[-89.26968556886699,48.38865611048292],[-89.26472265914403,48.38914992455155],[-89.25833950653927,48.388324012801846],[-89.25287995477927,48.39476760025591],[-89.24858845482879,48.39975344831894],[-89.24663674787642,48.39963591962966],[-89.24507144384216,48.39999042338002],[-89.24347826200852,48.40093921227565],[-89.24169879605122,48.401108884470595],[-89.23817096736492,48.401312628295926],[-89.23437845364111,48.40075657087276]]]},"properties":{"DAUID":"35580105","DGUID":"2021S051235580105","LANDAREA":5.5879,"PRUID":"35","CMA":"Thunder_Bay"}},
{"type":"Feature","geometry":{"type":"Polygon","coordinates":[[[-89.27859090150625,48.38800210220556],[-89.27284539580644,48.388511690269816],[-89.27287681670569,48.3925508976011],[-89.27426360802096,48.39274839644659],[-89.27782030178723,48.394133709835636],[-89.27865129001265,48.392076703086076],[-89.27861768324112,48.39011599399037],[-89.27859090150625,48.38800210220556]]]},"properties":{"DAUID":"35580106","DGUID":"2021S051235580106","LANDAREA":0.2346,"PRUID":"35","CMA":"Thunder_Bay"}},
{"type":"Feature","geometry":{"type":"Polygon","coordinates":[[[-89.27458050105359,48.39924730120965],[-89.2746266927843,48.403313187514314],[-89.27671660418913,48.4035148045694],[-89.279738807537,48.40340989602336],[-89.278595000795,48.40079629468817],[-89.2787777856238,48.400351804115395],[-89.2766324897936,48.399512593821804],[-89.27458050105359,48.39924730120965]]]},"properties":{"DAUID":"35580107","DGUID":"2021S051235580107","LANDAREA":0.1417,"PRUID":"35","CMA":"Thunder_Bay"}},
{"type":"Feature","geometry":{"type":"Polygon","coordinates":[[[-89.28406829746903,48.40051679983614],[-89.28438340161493,48.402121099141304],[-89.285895014892,48.403287707681095],[-89.28865889594009,48.40194610637553],[-89.29120178908308,48.39989800449372],[-89.2895719126745,48.39940870995771],[-89.28810681466439,48.40048150336426],[-89.28645859886333,48.40048730559853],[-89.28644078381825,48.3994888871281],[-89.28426541184082,48.399487199610405],[-89.28406829746903,48.40051679983614]]]},"properties":{"DAUID":"35580108","DGUID":"2021S051235580108","LANDAREA":0.1244,"PRUID":"35","CMA":"Thunder_Bay"}},
{"type":"Feature","geometry":{"type":"Polygon","coordinates":[[[-89.2787777856238,48.400351804115395],[-89.278595000795,48.40079629468817],[-89.279738807537,48.40340989602336],[-89.2826431825003,48.40309140971905],[-89.28438340161493,48.402121099141304],[-89.28406829746903,48.40051679983614],[-89.2787777856238,48.400351804115395]]]},"properties":{"DAUID":"35580109","DGUID":"2021S051235580109","LANDAREA":0.1197,"PRUID":"35","CMA":"Thunder_Bay"}},
{"type":"Feature","geometry":{"type":"Polygon","coordinates":[[[-89.27443217914009,48.429458680540876],[-89.27786910418116,48.431581746975304],[-89.26438521498137,48.44287870889065],[-89.26361752713252,48.443415679289636],[-89.26508120778513,48.44484440228188],[-89.26816350141318,48.444819710459456],[-89.26826078727531,48.44245150151128],[-89.2690950064439,48.44144531101379],[-89.27061219741402,48.44059659492474],[-89.27329208074342,48.44156040229816],[-89.27363880123083,48.44266018837269],[-89.27648169636485,48.442729908900034],[-89.27673470025714,48.44475828795241],[-89.27864141789567,48.44475650297149],[-89.28462978453175,48.444700691928034],[-89.28469091430462,48.440938607694626],[-89.2955610063213,48.44089309981314],[-89.29568878596449,48.42932899638557],[-89.29560890020836,48.41735509045877],[-89.290701298186,48.41853259313171],[-89.28073110771884,48.41954948758561],[-89.27465591878351,48.420623606350226],[-89.27449408243606,48.422147311289],[-89.27448549392479,48.42804990918979],[-89.27443217914009,48.429458680540876]]]},"properties":{"DAUID":"35580114","DGUID":"2021S051235580114","LANDAREA":4.3201,"PRUID":"35","CMA":"Thunder_Bay"}},
{"type":"Feature","geometry":{"type":"Polygon","coordinates":[[[-89.26816350141318,48.444819710459456],[-89.27673470025714,48.44475828795241],[-89.27648169636485,48.442729908900034],[-89.27363880123083,48.44266018837269],[-89.27329208074342,48.44156040229816],[-89.27061219741402,48.44059659492474],[-89.2690950064439,48.44144531101379],[-89.26826078727531,48.44245150151128],[-89.26816350141318,48.444819710459456]]]},"properties":{"DAUID":"35580115","DGUID":"2021S051235580115","LANDAREA":0.226,"PRUID":"35","CMA":"Thunder_Bay"}},
{"type":"Feature","geometry":{"type":"Polygon","coordinates":[[[-89.27673470025714,48.44475828795241],[-89.26816350141318,48.444819710459456],[-89.26508120778513,48.44484440228188],[-89.26532250237354,48.44510061143517],[-89.26762658537977,48.44734048760941],[-89.26886578786136,48.44844069904959],[-89.27869668747832,48.44840839065292],[-89.27864141789567,48.44475650297149],[-89.27673470025714,48.44475828795241]]]},"properties":{"DAUID":"35580116","DGUID":"2021S051235580116","LANDAREA":0.3511,"PRUID":"35","CMA":"Thunder_Bay"}},
{"type":"Feature","geometry":{"type":"Polygon","coordinates":[[[-89.26532250237354,48.44510061143517],[-89.2593341041591,48.44789960992508],[-89.26009730941922,48.44864039269195],[-89.26083268862469,48.44936370738659],[-89.26295239571706,48.44836830769545],[-89.26382208086426,48.4490710083427],[-89.26762658537977,48.44734048760941],[-89.26532250237354,48.44510061143517]]]},"properties":{"DAUID":"35580117","DGUID":"2021S051235580117","LANDAREA":0.1434,"PRUID":"35","CMA":"Thunder_Bay"}},
{"type":"Feature","geometry":{"type":"Polygon","coordinates":[[[-89.26762658537977,48.44734048760941],[-89.26382208086426,48.4490710083427],[-89.26295239571706,48.44836830769545],[-89.26083268862469,48.44936370738659],[-89.263571702334,48.45195500758664],[-89.26958861450774,48.44918230651932],[-89.26886578786136,48.44844069904959],[-89.26762658537977,48.44734048760941]]]},"properties":{"DAUID":"35580118","DGUID":"2021S051235580118","LANDAREA":0.1548,"PRUID":"35","CMA":"Thunder_Bay"}},
{"type":"Feature","geometry":{"type":"Polygon","coordinates":[[[-89.263571702334,48.45195500758664],[-89.25976870888657,48.45373030872432],[-89.26299538903255,48.455115400282914],[-89.2640716170532,48.45589499864835],[-89.27263141779075,48.451902290617845],[-89.26958861450774,48.44918230651932],[-89.263571702334,48.45195500758664]]]},"properties":{"DAUID":"35580119","DGUID":"2021S051235580119","LANDAREA":0.3104,"PRUID":"35","CMA":"Thunder_Bay"}},
{"type":"Feature","geometry":{"type":"Polygon","coordinates":[[[-89.26009730941922,48.44864039269195],[-89.25477979233355,48.45102999151199],[-89.25404731824096,48.45159319819599],[-89.25703078867456,48.45268639545697],[-89.25976870888657,48.45373030872432],[-89.263571702334,48.45195500758664],[-89.26083268862469,48.44936370738659],[-89.26009730941922,48.44864039269195]]]},"properties":{"DAUID":"35580120","DGUID":"2021S051235580120","LANDAREA":0.2036,"PRUID":"35","CMA":"Thunder_Bay"}},
{"type":"Feature","geometry":{"type":"Polygon","coordinates":[[[-89.26361752713252,48.443415679289636],[-89.26120178364542,48.444884801772815],[-89.25183461724636,48.44927030581443],[-89.25108178367223,48.44977398800199],[-89.25239660698217,48.450968802183944],[-89.25404731824096,48.45159319819599],[-89.25477979233355,48.45102999151199],[-89.26009730941922,48.44864039269195],[-89.2593341041591,48.44789960992508],[-89.26532250237354,48.44510061143517],[-89.26508120778513,48.44484440228188],[-89.26361752713252,48.443415679289636]]]},"properties":{"DAUID":"35580121","DGUID":"2021S051235580121","LANDAREA":0.2859,"PRUID":"35","CMA":"Thunder_Bay"}},
{"type":"Feature","geometry":{"type":"Polygon","coordinates":[[[-89.26361752713252,48.443415679289636],[-89.26151930210756,48.44137860844667],[-89.25788361073131,48.44355540396417],[-89.25626911568595,48.44435180784342],[-89.25769509056245,48.44570939467217],[-89.25287180580946,48.44795430801182],[-89.25222238671012,48.447337308307425],[-89.24998450771203,48.448415709714645],[-89.25108178367223,48.44977398800199],[-89.25183461724636,48.44927030581443],[-89.26120178364542,48.444884801772815],[-89.26361752713252,48.443415679289636]]]},"properties":{"DAUID":"35580122","DGUID":"2021S051235580122","LANDAREA":0.2043,"PRUID":"35","CMA":"Thunder_Bay"}},
{"type":"Feature","geometry":{"type":"Polygon","coordinates":[[[-89.25626911568595,48.44435180784342],[-89.25157058520442,48.4466662005353],[-89.24836751448103,48.443651799624334],[-89.24733709140465,48.44420279553426],[-89.24941140330723,48.447689209514465],[-89.24998450771203,48.448415709714645],[-89.25222238671012,48.447337308307425],[-89.25287180580946,48.44795430801182],[-89.25769509056245,48.44570939467217],[-89.25626911568595,48.44435180784342]]]},"properties":{"DAUID":"35580123","DGUID":"2021S051235580123","LANDAREA":0.1576,"PRUID":"35","CMA":"Thunder_Bay"}},
{"type":"Feature","geometry":{"type":"Polygon","coordinates":[[[-89.25788361073131,48.44355540396417],[-89.25490249793482,48.44067169360204],[-89.2502750855292,48.442750703955284],[-89.24935949844568,48.441922900798026],[-89.24997511578052,48.440858200239354],[-89.2515864124158,48.43998990376909],[-89.24956381813632,48.43920169840969],[-89.24695800587642,48.44327451046799],[-89.24733709140465,48.44420279553426],[-89.24836751448103,48.443651799624334],[-89.25157058520442,48.4466662005353],[-89.25626911568595,48.44435180784342],[-89.25788361073131,48.44355540396417]]]},"properties":{"DAUID":"35580124","DGUID":"2021S051235580124","LANDAREA":0.3101,"PRUID":"35","CMA":"Thunder_Bay"}},
{"type":"Feature","geometry":{"type":"Polygon","coordinates":[[[-89.24733709140465,48.44420279553426],[-89.24695800587642,48.44327451046799],[-89.24648680053419,48.442096010582176],[-89.245655307144,48.44347980387091],[-89.24394698788326,48.44583449086483],[-89.24539011577247,48.44850551207247],[-89.24670679526601,48.448920696938686],[-89.24941140330723,48.447689209514465],[-89.24733709140465,48.44420279553426]]]},"properties":{"DAUID":"35580125","DGUID":"2021S051235580125","LANDAREA":0.1431,"PRUID":"35","CMA":"Thunder_Bay"}},
{"type":"Feature","geometry":{"type":"Polygon","coordinates":[[[-89.245655307144,48.44347980387091],[-89.24107000554922,48.44222869030422],[-89.23896658226053,48.44575159476757],[-89.24122579168473,48.44638239625449],[-89.24084051203879,48.44715469343194],[-89.24394698788326,48.44583449086483],[-89.245655307144,48.44347980387091]]]},"properties":{"DAUID":"35580126","DGUID":"2021S051235580126","LANDAREA":0.1492,"PRUID":"35","CMA":"Thunder_Bay"}},
{"type":"Feature","geometry":{"type":"Polygon","coordinates":[[[-89.24648680053419,48.442096010582176],[-89.24578149806038,48.44112909275295],[-89.24223741613473,48.44048739394599],[-89.24088318775684,48.44013591018682],[-89.23982539445223,48.44191099410225],[-89.24107000554922,48.44222869030422],[-89.245655307144,48.44347980387091],[-89.24648680053419,48.442096010582176]]]},"properties":{"DAUID":"35580127","DGUID":"2021S051235580127","LANDAREA":0.1027,"PRUID":"35","CMA":"Thunder_Bay"}},
{"type":"Feature","geometry":{"type":"Polygon","coordinates":[[[-89.24956381813632,48.43920169840969],[-89.24732119832001,48.4386337051326],[-89.24518458573364,48.4380187122488],[-89.24447200848255,48.439031291991846],[-89.24335310961193,48.43880120450035],[-89.24223741613473,48.44048739394599],[-89.24578149806038,48.44112909275295],[-89.24648680053419,48.442096010582176],[-89.24695800587642,48.44327451046799],[-89.24956381813632,48.43920169840969]]]},"properties":{"DAUID":"35580128","DGUID":"2021S051235580128","LANDAREA":0.1427,"PRUID":"35","CMA":"Thunder_Bay"}},
{"type":"Feature","geometry":{"type":"Polygon","coordinates":[[[-89.24223741613473,48.44048739394599],[-89.24335310961193,48.43880120450035],[-89.24228580027663,48.43851609660573],[-89.23889301540594,48.43761950314873],[-89.23423488180201,48.43623450977384],[-89.23316739589988,48.438099705735226],[-89.24088318775684,48.44013591018682],[-89.24223741613473,48.44048739394599]]]},"properties":{"DAUID":"35580129","DGUID":"2021S051235580129","LANDAREA":0.1508,"PRUID":"35","CMA":"Thunder_Bay"}},
{"type":"Feature","geometry":{"type":"Polygon","coordinates":[[[-89.24088318775684,48.44013591018682],[-89.23316739589988,48.438099705735226],[-89.23113149241419,48.44163010605285],[-89.23459010007468,48.4424807116275],[-89.23620498544443,48.4429172121666],[-89.23732050596092,48.44122200653999],[-89.23982539445223,48.44191099410225],[-89.24088318775684,48.44013591018682]]]},"properties":{"DAUID":"35580130","DGUID":"2021S051235580130","LANDAREA":0.2147,"PRUID":"35","CMA":"Thunder_Bay"}},
{"type":"Feature","geometry":{"type":"Polygon","coordinates":[[[-89.24107000554922,48.44222869030422],[-89.23982539445223,48.44191099410225],[-89.23732050596092,48.44122200653999],[-89.23620498544443,48.4429172121666],[-89.23459010007468,48.4424807116275],[-89.23351968179215,48.44428298706768],[-89.23896658226053,48.44575159476757],[-89.24107000554922,48.44222869030422]]]},"properties":{"DAUID":"35580131","DGUID":"2021S051235580131","LANDAREA":0.1569,"PRUID":"35","CMA":"Thunder_Bay"}},
{"type":"Feature","geometry":{"type":"Polygon","coordinates":[[[-89.23113149241419,48.44163010605285],[-89.23003201685692,48.44338789126737],[-89.22809808933131,48.44647548710359],[-89.23115001150072,48.44729810847707],[-89.2316285067978,48.447414689523946],[-89.23351968179215,48.44428298706768],[-89.23459010007468,48.4424807116275],[-89.23113149241419,48.44163010605285]]]},"properties":{"DAUID":"35580132","DGUID":"2021S051235580132","LANDAREA":0.1629,"PRUID":"35","CMA":"Thunder_Bay"}},
{"type":"Feature","geometry":{"type":"Polygon","coordinates":[[[-89.23896658226053,48.44575159476757],[-89.23351968179215,48.44428298706768],[-89.2316285067978,48.447414689523946],[-89.23523128635848,48.448460395553624],[-89.23822930494174,48.44928389672238],[-89.23977628385498,48.44878590440969],[-89.24084051203879,48.44715469343194],[-89.24122579168473,48.44638239625449],[-89.23896658226053,48.44575159476757]]]},"properties":{"DAUID":"35580133","DGUID":"2021S051235580133","LANDAREA":0.227,"PRUID":"35","CMA":"Thunder_Bay"}},
{"type":"Feature","geometry":{"type":"Polygon","coordinates":[[[-89.23115001150072,48.44729810847707],[-89.23109910834032,48.44953040278048],[-89.22815080019532,48.44953348898392],[-89.22799060411499,48.45236180970309],[-89.23036519339512,48.451919907940805],[-89.23154908494067,48.45146508717196],[-89.23151250839003,48.4503231111077],[-89.23428401755416,48.45029629188125],[-89.23523128635848,48.448460395553624],[-89.2316285067978,48.447414689523946],[-89.23115001150072,48.44729810847707]]]},"properties":{"DAUID":"35580134","DGUID":"2021S051235580134","LANDAREA":0.1426,"PRUID":"35","CMA":"Thunder_Bay"}},
{"type":"Feature","geometry":{"type":"Polygon","coordinates":[[[-89.22809808933131,48.44647548710359],[-89.22551118156747,48.44576980229294],[-89.22553381763184,48.44999808774476],[-89.22559430747206,48.4523091881036],[-89.22799060411499,48.45236180970309],[-89.22815080019532,48.44953348898392],[-89.23109910834032,48.44953040278048],[-89.23115001150072,48.44729810847707],[-89.22809808933131,48.44647548710359]]]},"properties":{"DAUID":"35580135","DGUID":"2021S051235580135","LANDAREA":0.1917,"PRUID":"35","CMA":"Thunder_Bay"}},
{"type":"Feature","geometry":{"type":"Polygon","coordinates":[[[-89.22551118156747,48.44576980229294],[-89.22328011215966,48.44515610677229],[-89.2190034904144,48.443844094727226],[-89.2183924097276,48.4444047923374],[-89.21872549290055,48.44553200907608],[-89.21717270429346,48.44745141180899],[-89.21716371353153,48.449107006420434],[-89.21935361046464,48.449082789882745],[-89.22011508789218,48.44979689669593],[-89.22295268767868,48.45004801078404],[-89.22553381763184,48.44999808774476],[-89.22551118156747,48.44576980229294]]]},"properties":{"DAUID":"35580136","DGUID":"2021S051235580136","LANDAREA":0.3121,"PRUID":"35","CMA":"Thunder_Bay"}},
{"type":"Feature","geometry":{"type":"Polygon","coordinates":[[[-89.22553381763184,48.44999808774476],[-89.22295268767868,48.45004801078404],[-89.22011508789218,48.44979689669593],[-89.21935361046464,48.449082789882745],[-89.21716371353153,48.449107006420434],[-89.21732131794604,48.45117338835274],[-89.21738829957489,48.45271060900642],[-89.21997221533844,48.452723802881735],[-89.22133071182374,48.45348030671474],[-89.22187250362451,48.4556651966731],[-89.22552391495185,48.45564859716662],[-89.22559430747206,48.4523091881036],[-89.22553381763184,48.44999808774476]]]},"properties":{"DAUID":"35580137","DGUID":"2021S051235580137","LANDAREA":0.3169,"PRUID":"35","CMA":"Thunder_Bay"}},
{"type":"Feature","geometry":{"type":"Polygon","coordinates":[[[-89.2183924097276,48.4444047923374],[-89.21709458876474,48.44472669355631],[-89.21504888137405,48.44619670118185],[-89.21193978867973,48.448406801403124],[-89.21258478143443,48.44893431188665],[-89.21263588305702,48.45135358695646],[-89.21732131794604,48.45117338835274],[-89.21716371353153,48.449107006420434],[-89.21717270429346,48.44745141180899],[-89.21872549290055,48.44553200907608],[-89.2183924097276,48.4444047923374]]]},"properties":{"DAUID":"35580138","DGUID":"2021S051235580138","LANDAREA":0.2153,"PRUID":"35","CMA":"Thunder_Bay"}},
{"type":"Feature","geometry":{"type":"Polygon","coordinates":[[[-89.21732131794604,48.45117338835274],[-89.21263588305702,48.45135358695646],[-89.20856550613948,48.45136880853404],[-89.20868209087327,48.45405670929877],[-89.21433791445727,48.45410099014975],[-89.21434141832366,48.45356110184583],[-89.21742271858011,48.45350168890122],[-89.21738829957489,48.45271060900642],[-89.21732131794604,48.45117338835274]]]},"properties":{"DAUID":"35580139","DGUID":"2021S051235580139","LANDAREA":0.1861,"PRUID":"35","CMA":"Thunder_Bay"}},
{"type":"Feature","geometry":{"type":"Polygon","coordinates":[[[-89.21193978867973,48.448406801403124],[-89.2090899953043,48.44662619052491],[-89.20493939423105,48.44821729340255],[-89.20667980392346,48.449677506979334],[-89.20451139494261,48.45082579943774],[-89.20601858969393,48.452209408290756],[-89.20696958821117,48.45137238934761],[-89.20856550613948,48.45136880853404],[-89.21263588305702,48.45135358695646],[-89.21258478143443,48.44893431188665],[-89.21193978867973,48.448406801403124]]]},"properties":{"DAUID":"35580140","DGUID":"2021S051235580140","LANDAREA":0.2264,"PRUID":"35","CMA":"Thunder_Bay"}},
{"type":"Feature","geometry":{"type":"Polygon","coordinates":[[[-89.21504888137405,48.44619670118185],[-89.21222770628582,48.44445150550997],[-89.20992508529376,48.44249841078697],[-89.2064351886111,48.44434680724927],[-89.2090899953043,48.44662619052491],[-89.21193978867973,48.448406801403124],[-89.21504888137405,48.44619670118185]]]},"properties":{"DAUID":"35580141","DGUID":"2021S051235580141","LANDAREA":0.1953,"PRUID":"35","CMA":"Thunder_Bay"}},
{"type":"Feature","geometry":{"type":"Polygon","coordinates":[[[-89.2190034904144,48.443844094727226],[-89.21552481878992,48.441904788613755],[-89.21332259958659,48.440705590585495],[-89.20992508529376,48.44249841078697],[-89.21222770628582,48.44445150550997],[-89.21504888137405,48.44619670118185],[-89.21709458876474,48.44472669355631],[-89.2183924097276,48.4444047923374],[-89.2190034904144,48.443844094727226]]]},"properties":{"DAUID":"35580142","DGUID":"2021S051235580142","LANDAREA":0.1956,"PRUID":"35","CMA":"Thunder_Bay"}},
{"type":"Feature","geometry":{"type":"Polygon","coordinates":[[[-89.22328011215966,48.44515610677229],[-89.22513490423502,48.44334780054418],[-89.22176789593891,48.44180241150574],[-89.22280158194914,48.44073560943744],[-89.22102350800452,48.439927300731405],[-89.21853550835246,48.441171993069176],[-89.21708548090093,48.44048011153284],[-89.21552481878992,48.441904788613755],[-89.2190034904144,48.443844094727226],[-89.22328011215966,48.44515610677229]]]},"properties":{"DAUID":"35580143","DGUID":"2021S051235580143","LANDAREA":0.1952,"PRUID":"35","CMA":"Thunder_Bay"}},
{"type":"Feature","geometry":{"type":"Polygon","coordinates":[[[-89.22513490423502,48.44334780054418],[-89.22838101247798,48.44027090970029],[-89.22713948981098,48.439710111000174],[-89.22603470998916,48.43918261006126],[-89.22437479274308,48.44080730538148],[-89.22280158194914,48.44073560943744],[-89.22176789593891,48.44180241150574],[-89.22513490423502,48.44334780054418]]]},"properties":{"DAUID":"35580144","DGUID":"2021S051235580144","LANDAREA":0.109,"PRUID":"35","CMA":"Thunder_Bay"}},
{"type":"Feature","geometry":{"type":"Polygon","coordinates":[[[-89.22280158194914,48.44073560943744],[-89.22437479274308,48.44080730538148],[-89.22603470998916,48.43918261006126],[-89.22713948981098,48.439710111000174],[-89.22802000525456,48.438199490254185],[-89.22526970866173,48.43776690210422],[-89.22400528349006,48.43699058678726],[-89.22102350800452,48.439927300731405],[-89.22280158194914,48.44073560943744]]]},"properties":{"DAUID":"35580145","DGUID":"2021S051235580145","LANDAREA":0.1102,"PRUID":"35","CMA":"Thunder_Bay"}},
{"type":"Feature","geometry":{"type":"Polygon","coordinates":[[[-89.23316739589988,48.438099705735226],[-89.23014620383879,48.43734849430193],[-89.22802000525456,48.438199490254185],[-89.22713948981098,48.439710111000174],[-89.22838101247798,48.44027090970029],[-89.22932061457486,48.44072949626257],[-89.22779320723936,48.44228860952533],[-89.23003201685692,48.44338789126737],[-89.23113149241419,48.44163010605285],[-89.23316739589988,48.438099705735226]]]},"properties":{"DAUID":"35580146","DGUID":"2021S051235580146","LANDAREA":0.1592,"PRUID":"35","CMA":"Thunder_Bay"}},
{"type":"Feature","geometry":{"type":"Polygon","coordinates":[[[-89.23003201685692,48.44338789126737],[-89.22779320723936,48.44228860952533],[-89.22932061457486,48.44072949626257],[-89.22838101247798,48.44027090970029],[-89.22513490423502,48.44334780054418],[-89.22328011215966,48.44515610677229],[-89.22551118156747,48.44576980229294],[-89.22809808933131,48.44647548710359],[-89.23003201685692,48.44338789126737]]]},"properties":{"DAUID":"35580147","DGUID":"2021S051235580147","LANDAREA":0.1569,"PRUID":"35","CMA":"Thunder_Bay"}},
{"type":"Feature","geometry":{"type":"Polygon","coordinates":[[[-89.22802000525456,48.438199490254185],[-89.23014620383879,48.43734849430193],[-89.22899848872878,48.436767887041725],[-89.23035610896898,48.43596790010022],[-89.23158248340626,48.43463950165915],[-89.22933520326754,48.43364830205617],[-89.22870118990483,48.43429938913812],[-89.22718629687498,48.433977888149464],[-89.22400528349006,48.43699058678726],[-89.22526970866173,48.43776690210422],[-89.22802000525456,48.438199490254185]]]},"properties":{"DAUID":"35580148","DGUID":"2021S051235580148","LANDAREA":0.1604,"PRUID":"35","CMA":"Thunder_Bay"}},
{"type":"Feature","geometry":{"type":"Polygon","coordinates":[[[-89.23423488180201,48.43623450977384],[-89.23642230690264,48.432643822605186],[-89.23546471824532,48.43221579168445],[-89.23405846036198,48.43359394393499],[-89.2322578070046,48.43400549470318],[-89.23158248340626,48.43463950165915],[-89.23035610896898,48.43596790010022],[-89.22899848872878,48.436767887041725],[-89.23014620383879,48.43734849430193],[-89.23316739589988,48.438099705735226],[-89.23423488180201,48.43623450977384]]]},"properties":{"DAUID":"35580149","DGUID":"2021S051235580149","LANDAREA":0.1468,"PRUID":"35","CMA":"Thunder_Bay"}},
{"type":"Feature","geometry":{"type":"Polygon","coordinates":[[[-89.23546471824532,48.43221579168445],[-89.23097069915642,48.43024261173062],[-89.22940311300015,48.43180259443633],[-89.22998428458784,48.433032909606865],[-89.2322578070046,48.43400549470318],[-89.23405846036198,48.43359394393499],[-89.23546471824532,48.43221579168445]]]},"properties":{"DAUID":"35580150","DGUID":"2021S051235580150","LANDAREA":0.1005,"PRUID":"35","CMA":"Thunder_Bay"}},
{"type":"Feature","geometry":{"type":"Polygon","coordinates":[[[-89.23158248340626,48.43463950165915],[-89.2322578070046,48.43400549470318],[-89.22998428458784,48.433032909606865],[-89.22940311300015,48.43180259443633],[-89.23097069915642,48.43024261173062],[-89.228168386551,48.42892040260148],[-89.22656098767793,48.43049898967288],[-89.22718188361398,48.43078389551102],[-89.22503490095934,48.43301178956181],[-89.22718629687498,48.433977888149464],[-89.22870118990483,48.43429938913812],[-89.22933520326754,48.43364830205617],[-89.23158248340626,48.43463950165915]]]},"properties":{"DAUID":"35580151","DGUID":"2021S051235580151","LANDAREA":0.1581,"PRUID":"35","CMA":"Thunder_Bay"}},
{"type":"Feature","geometry":{"type":"Polygon","coordinates":[[[-89.22718629687498,48.433977888149464],[-89.22503490095934,48.43301178956181],[-89.22718188361398,48.43078389551102],[-89.22656098767793,48.43049898967288],[-89.22545681309452,48.42998059365329],[-89.22322440606932,48.43211109080616],[-89.22250780417582,48.43180110838304],[-89.21941891718704,48.43475780943575],[-89.22204309333027,48.43571491039348],[-89.22400528349006,48.43699058678726],[-89.22718629687498,48.433977888149464]]]},"properties":{"DAUID":"35580152","DGUID":"2021S051235580152","LANDAREA":0.2078,"PRUID":"35","CMA":"Thunder_Bay"}},
{"type":"Feature","geometry":{"type":"Polygon","coordinates":[[[-89.23097069915642,48.43024261173062],[-89.23304409851546,48.42819599656201],[-89.22853313261282,48.426781392213044],[-89.22666010603793,48.42641768862883],[-89.22574527219658,48.42570681296447],[-89.22356254268261,48.4250841640556],[-89.22311725664996,48.42577192228351],[-89.21815086320215,48.42596681543397],[-89.21872223171785,48.42760231351573],[-89.22175976057915,48.42781361007504],[-89.22129434984193,48.4289203273375],[-89.21821846641673,48.43186771721843],[-89.21743355238453,48.43340342270441],[-89.21605904996493,48.43388237501029],[-89.21730719234186,48.43396251810269],[-89.21941891718704,48.43475780943575],[-89.22250780417582,48.43180110838304],[-89.22322440606932,48.43211109080616],[-89.22545681309452,48.42998059365329],[-89.22656098767793,48.43049898967288],[-89.228168386551,48.42892040260148],[-89.23097069915642,48.43024261173062]]]},"properties":{"DAUID":"35580153","DGUID":"2021S051235580153","LANDAREA":0.5442,"PRUID":"35","CMA":"Thunder_Bay"}},
{"type":"Feature","geometry":{"type":"Polygon","coordinates":[[[-89.21552481878992,48.441904788613755],[-89.21708548090093,48.44048011153284],[-89.21853550835246,48.441171993069176],[-89.22102350800452,48.439927300731405],[-89.22400528349006,48.43699058678726],[-89.22204309333027,48.43571491039348],[-89.21941891718704,48.43475780943575],[-89.21730719234186,48.43396251810269],[-89.21605904996493,48.43388237501029],[-89.21613883739386,48.43440900933596],[-89.21347216170916,48.4352701325307],[-89.21380604688184,48.436109534131035],[-89.21333436122836,48.43738712771091],[-89.21057484677657,48.43829492595114],[-89.21110084819024,48.438887633797876],[-89.20919368439138,48.439500266900346],[-89.21191669508988,48.440093809484395],[-89.21332259958659,48.440705590585495],[-89.21552481878992,48.441904788613755]]]},"properties":{"DAUID":"35580154","DGUID":"2021S051235580154","LANDAREA":0.5309,"PRUID":"35","CMA":"Thunder_Bay"}},
{"type":"Feature","geometry":{"type":"Polygon","coordinates":[[[-89.2090899953043,48.44662619052491],[-89.2064351886111,48.44434680724927],[-89.20992508529376,48.44249841078697],[-89.21332259958659,48.440705590585495],[-89.21191669508988,48.440093809484395],[-89.20919368439138,48.439500266900346],[-89.20702216499613,48.43993771653421],[-89.20422935543158,48.43946043060609],[-89.20254293176998,48.43986161948994],[-89.20042095028481,48.44144982100105],[-89.20016185349003,48.442651413493195],[-89.1947040494161,48.445913725875414],[-89.18923765294996,48.44679172914409],[-89.18628834060563,48.44519231099554],[-89.18396173972734,48.44644223279824],[-89.18441494118039,48.44754921328936],[-89.18201884170503,48.44749572793415],[-89.18576626533032,48.45067262444826],[-89.18289843715178,48.4519237164177],[-89.18081089960083,48.45159436398902],[-89.18250500309328,48.45211569934624],[-89.18403523349835,48.45416211353953],[-89.1860442811206,48.455052773533154],[-89.19355628810979,48.45114320729709],[-89.20265360206703,48.44633569412814],[-89.20493939423105,48.44821729340255],[-89.2090899953043,48.44662619052491]]]},"properties":{"DAUID":"35580155","DGUID":"2021S051235580155","LANDAREA":1.3598,"PRUID":"35","CMA":"Thunder_Bay"}},
{"type":"Feature","geometry":{"type":"Polygon","coordinates":[[[-89.19355628810979,48.45114320729709],[-89.1951689003242,48.45247100337175],[-89.19987900175944,48.45004169025257],[-89.20493939423105,48.44821729340255],[-89.20265360206703,48.44633569412814],[-89.19355628810979,48.45114320729709]]]},"properties":{"DAUID":"35580156","DGUID":"2021S051235580156","LANDAREA":0.1815,"PRUID":"35","CMA":"Thunder_Bay"}},
{"type":"Feature","geometry":{"type":"Polygon","coordinates":[[[-89.20493939423105,48.44821729340255],[-89.19987900175944,48.45004169025257],[-89.1951689003242,48.45247100337175],[-89.19355628810979,48.45114320729709],[-89.1860442811206,48.455052773533154],[-89.18558141310871,48.45535270754222],[-89.1874569159931,48.45744939295732],[-89.19003587562523,48.457650324017926],[-89.19050436447912,48.45831112337913],[-89.19244645080332,48.45817512466423],[-89.19507716000025,48.45644242063293],[-89.1967476556791,48.458165017467735],[-89.19806625764099,48.45893151206641],[-89.19641663209819,48.45957492109479],[-89.1949381489911,48.46073671446917],[-89.19521724087741,48.461874110393914],[-89.19471265832306,48.46272043445351],[-89.19652643233019,48.4655739132385],[-89.19804694518969,48.465068019862876],[-89.19944054803103,48.468199409668166],[-89.20048148847259,48.46889449897502],[-89.20065929645752,48.468840356687004],[-89.20147889593794,48.46858140852416],[-89.19993541599476,48.46699149459939],[-89.20035419905352,48.4660387017015],[-89.2026355930853,48.46467250561142],[-89.2026973882876,48.46360059585484],[-89.20359259368225,48.462404793723096],[-89.20313869537979,48.46098299373972],[-89.20191771922835,48.460277593154395],[-89.20140219929009,48.45899180289552],[-89.19955990367734,48.45799238730414],[-89.19954720841928,48.45675999149601],[-89.19763599956792,48.454475187832614],[-89.20451139494261,48.45082579943774],[-89.20667980392346,48.449677506979334],[-89.20493939423105,48.44821729340255]]]},"properties":{"DAUID":"35580157","DGUID":"2021S051235580157","LANDAREA":0.6795,"PRUID":"35","CMA":"Thunder_Bay"}},
{"type":"Feature","geometry":{"type":"Polygon","coordinates":[[[-89.20856550613948,48.45136880853404],[-89.20696958821117,48.45137238934761],[-89.20601858969393,48.452209408290756],[-89.20451139494261,48.45082579943774],[-89.19763599956792,48.454475187832614],[-89.19954720841928,48.45675999149601],[-89.19955990367734,48.45799238730414],[-89.20140219929009,48.45899180289552],[-89.20191771922835,48.460277593154395],[-89.20313869537979,48.46098299373972],[-89.20359259368225,48.462404793723096],[-89.2026973882876,48.46360059585484],[-89.2026355930853,48.46467250561142],[-89.20035419905352,48.4660387017015],[-89.19993541599476,48.46699149459939],[-89.20147889593794,48.46858140852416],[-89.20378320408742,48.46743070608503],[-89.20647379873131,48.46458090394502],[-89.20936001419405,48.46375179514479],[-89.20918628601828,48.458194795028106],[-89.20868209087327,48.45405670929877],[-89.20856550613948,48.45136880853404]]]},"properties":{"DAUID":"35580158","DGUID":"2021S051235580158","LANDAREA":0.971,"PRUID":"35","CMA":"Thunder_Bay"}},
{"type":"Feature","geometry":{"type":"Polygon","coordinates":[[[-89.20868209087327,48.45405670929877],[-89.20918628601828,48.458194795028106],[-89.21295920113916,48.458167291977276],[-89.21291861235825,48.45661149311524],[-89.2145002914199,48.45659009093099],[-89.21433791445727,48.45410099014975],[-89.20868209087327,48.45405670929877]]]},"properties":{"DAUID":"35580159","DGUID":"2021S051235580159","LANDAREA":0.1684,"PRUID":"35","CMA":"Thunder_Bay"}},
{"type":"Feature","geometry":{"type":"Polygon","coordinates":[[[-89.21295920113916,48.458167291977276],[-89.21454130511721,48.45815480370309],[-89.21466768393456,48.46043770079307],[-89.21972239296693,48.46033128821114],[-89.21955710671278,48.456852511911464],[-89.21454288961503,48.45694919740351],[-89.2145002914199,48.45659009093099],[-89.21291861235825,48.45661149311524],[-89.21295920113916,48.458167291977276]]]},"properties":{"DAUID":"35580160","DGUID":"2021S051235580160","LANDAREA":0.1649,"PRUID":"35","CMA":"Thunder_Bay"}},
{"type":"Feature","geometry":{"type":"Polygon","coordinates":[[[-89.21738829957489,48.45271060900642],[-89.21742271858011,48.45350168890122],[-89.21434141832366,48.45356110184583],[-89.21433791445727,48.45410099014975],[-89.2145002914199,48.45659009093099],[-89.21454288961503,48.45694919740351],[-89.21955710671278,48.456852511911464],[-89.21950499318126,48.455656898666746],[-89.22187250362451,48.4556651966731],[-89.22133071182374,48.45348030671474],[-89.21997221533844,48.452723802881735],[-89.21738829957489,48.45271060900642]]]},"properties":{"DAUID":"35580161","DGUID":"2021S051235580161","LANDAREA":0.1976,"PRUID":"35","CMA":"Thunder_Bay"}},
{"type":"Feature","geometry":{"type":"Polygon","coordinates":[[[-89.22187250362451,48.4556651966731],[-89.21950499318126,48.455656898666746],[-89.21955710671278,48.456852511911464],[-89.21972239296693,48.46033128821114],[-89.22417039343794,48.46027229890042],[-89.22549459056468,48.460237689732715],[-89.22552678927524,48.457879811243906],[-89.22552391495185,48.45564859716662],[-89.22187250362451,48.4556651966731]]]},"properties":{"DAUID":"35580162","DGUID":"2021S051235580162","LANDAREA":0.2232,"PRUID":"35","CMA":"Thunder_Bay"}},
{"type":"Feature","geometry":{"type":"Polygon","coordinates":[[[-89.22799060411499,48.45236180970309],[-89.22559430747206,48.4523091881036],[-89.22552391495185,48.45564859716662],[-89.22552678927524,48.457879811243906],[-89.22827120008874,48.45784470454115],[-89.22823129713503,48.45631589272726],[-89.2303225990251,48.456194387935106],[-89.23036519339512,48.451919907940805],[-89.22799060411499,48.45236180970309]]]},"properties":{"DAUID":"35580163","DGUID":"2021S051235580163","LANDAREA":0.1965,"PRUID":"35","CMA":"Thunder_Bay"}},
{"type":"Feature","geometry":{"type":"Polygon","coordinates":[[[-89.24998450771203,48.448415709714645],[-89.24941140330723,48.447689209514465],[-89.24670679526601,48.448920696938686],[-89.2447982136449,48.4498037112316],[-89.24608340603362,48.45103819345731],[-89.24517838523491,48.45167668941176],[-89.23969391524356,48.45490570636785],[-89.23864568240612,48.45506100294889],[-89.23653378876156,48.45532710397862],[-89.23412610820762,48.455328890903125],[-89.23356819414556,48.45617639509575],[-89.2303225990251,48.456194387935106],[-89.22823129713503,48.45631589272726],[-89.22827120008874,48.45784470454115],[-89.22552678927524,48.457879811243906],[-89.22549459056468,48.460237689732715],[-89.2255203840602,48.46175554009663],[-89.23531271575051,48.45801399142197],[-89.24137890211583,48.45507340887472],[-89.24879659619354,48.45074479663459],[-89.25108178367223,48.44977398800199],[-89.24998450771203,48.448415709714645]]]},"properties":{"DAUID":"35580164","DGUID":"2021S051235580164","LANDAREA":0.5162,"PRUID":"35","CMA":"Thunder_Bay"}},
{"type":"Feature","geometry":{"type":"Polygon","coordinates":[[[-89.23036519339512,48.451919907940805],[-89.2303225990251,48.456194387935106],[-89.23356819414556,48.45617639509575],[-89.23412610820762,48.455328890903125],[-89.23653378876156,48.45532710397862],[-89.23528031605882,48.45450571069358],[-89.23494481612994,48.453333503046004],[-89.23345538520941,48.452372797724905],[-89.23428401755416,48.45029629188125],[-89.23151250839003,48.4503231111077],[-89.23154908494067,48.45146508717196],[-89.23036519339512,48.451919907940805]]]},"properties":{"DAUID":"35580165","DGUID":"2021S051235580165","LANDAREA":0.1904,"PRUID":"35","CMA":"Thunder_Bay"}},
{"type":"Feature","geometry":{"type":"Polygon","coordinates":[[[-89.23523128635848,48.448460395553624],[-89.23428401755416,48.45029629188125],[-89.23345538520941,48.452372797724905],[-89.23494481612994,48.453333503046004],[-89.23528031605882,48.45450571069358],[-89.23653378876156,48.45532710397862],[-89.23864568240612,48.45506100294889],[-89.23818201027761,48.452514801218484],[-89.24091149094097,48.4521468083603],[-89.24152979565548,48.451135994191],[-89.24517838523491,48.45167668941176],[-89.24608340603362,48.45103819345731],[-89.2447982136449,48.4498037112316],[-89.24314149745638,48.45057379988566],[-89.23822930494174,48.44928389672238],[-89.23523128635848,48.448460395553624]]]},"properties":{"DAUID":"35580166","DGUID":"2021S051235580166","LANDAREA":0.2953,"PRUID":"35","CMA":"Thunder_Bay"}},
{"type":"Feature","geometry":{"type":"Polygon","coordinates":[[[-89.24517838523491,48.45167668941176],[-89.24152979565548,48.451135994191],[-89.24091149094097,48.4521468083603],[-89.23818201027761,48.452514801218484],[-89.23864568240612,48.45506100294889],[-89.23969391524356,48.45490570636785],[-89.24517838523491,48.45167668941176]]]},"properties":{"DAUID":"35580167","DGUID":"2021S051235580167","LANDAREA":0.0957,"PRUID":"35","CMA":"Thunder_Bay"}},
{"type":"Feature","geometry":{"type":"Polygon","coordinates":[[[-89.24394698788326,48.44583449086483],[-89.24084051203879,48.44715469343194],[-89.23977628385498,48.44878590440969],[-89.23822930494174,48.44928389672238],[-89.24314149745638,48.45057379988566],[-89.2447982136449,48.4498037112316],[-89.24670679526601,48.448920696938686],[-89.24539011577247,48.44850551207247],[-89.24394698788326,48.44583449086483]]]},"properties":{"DAUID":"35580168","DGUID":"2021S051235580168","LANDAREA":0.1652,"PRUID":"35","CMA":"Thunder_Bay"}},
{"type":"Feature","geometry":{"type":"Polygon","coordinates":[[[-89.25404731824096,48.45159319819599],[-89.25239660698217,48.450968802183944],[-89.25108178367223,48.44977398800199],[-89.24879659619354,48.45074479663459],[-89.24137890211583,48.45507340887472],[-89.23531271575051,48.45801399142197],[-89.2255203840602,48.46175554009663],[-89.22541271591543,48.46362230465831],[-89.2312523889639,48.463518200236],[-89.23134550721684,48.46224779548387],[-89.23405391744672,48.4619970428704],[-89.23494719813527,48.461089207291295],[-89.23371598857052,48.45985349972661],[-89.23580090011717,48.45896719354484],[-89.23672251939789,48.45992998831915],[-89.23665880341552,48.46342730197038],[-89.24206829886677,48.46335632765062],[-89.24193390100028,48.461232105659306],[-89.24241549020866,48.459576194670845],[-89.24246269276937,48.45818968824998],[-89.24610559291528,48.4561392878141],[-89.24461119550078,48.45476479000556],[-89.24801538848051,48.453132792363995],[-89.24917120694845,48.4535781026654],[-89.24689639845626,48.454747193866645],[-89.24761740278555,48.45545288970797],[-89.24898470992616,48.454868388463694],[-89.25174890710164,48.455282087537704],[-89.25273979198353,48.45505579640389],[-89.25659038564294,48.453126886819625],[-89.25703078867456,48.45268639545697],[-89.25404731824096,48.45159319819599]]]},"properties":{"DAUID":"35580169","DGUID":"2021S051235580169","LANDAREA":0.9652,"PRUID":"35","CMA":"Thunder_Bay"}},
{"type":"Feature","geometry":{"type":"Polygon","coordinates":[[[-89.24610559291528,48.4561392878141],[-89.24769200535357,48.45683699499175],[-89.24860591365858,48.456396291688975],[-89.24761740278555,48.45545288970797],[-89.24689639845626,48.454747193866645],[-89.24917120694845,48.4535781026654],[-89.24801538848051,48.453132792363995],[-89.24461119550078,48.45476479000556],[-89.24610559291528,48.4561392878141]]]},"properties":{"DAUID":"35580170","DGUID":"2021S051235580170","LANDAREA":0.0554,"PRUID":"35","CMA":"Thunder_Bay"}},
{"type":"Feature","geometry":{"type":"Polygon","coordinates":[[[-89.24761740278555,48.45545288970797],[-89.24860591365858,48.456396291688975],[-89.24769200535357,48.45683699499175],[-89.24610559291528,48.4561392878141],[-89.24246269276937,48.45818968824998],[-89.24241549020866,48.459576194670845],[-89.24578291386145,48.46047330131024],[-89.24862441267454,48.46079559808298],[-89.24951808463403,48.46142600994869],[-89.25073528401121,48.46142009475351],[-89.25069751685281,48.459648393668346],[-89.2497693186882,48.45945960069945],[-89.2507075078766,48.45803769914186],[-89.25184000004708,48.45795259990265],[-89.25174890710164,48.455282087537704],[-89.24898470992616,48.454868388463694],[-89.24761740278555,48.45545288970797]]]},"properties":{"DAUID":"35580171","DGUID":"2021S051235580171","LANDAREA":0.3065,"PRUID":"35","CMA":"Thunder_Bay"}},
{"type":"Feature","geometry":{"type":"Polygon","coordinates":[[[-89.25174890710164,48.455282087537704],[-89.25184000004708,48.45795259990265],[-89.2507075078766,48.45803769914186],[-89.2497693186882,48.45945960069945],[-89.25069751685281,48.459648393668346],[-89.25073528401121,48.46142009475351],[-89.24951808463403,48.46142600994869],[-89.24956930935588,48.46258560813267],[-89.24705526760003,48.46267422391499],[-89.24707409506205,48.46328265854818],[-89.25554475057352,48.463205338003995],[-89.2533996986397,48.46262758909127],[-89.25327749755509,48.461091505138505],[-89.25548898441822,48.46096585214189],[-89.25536858535412,48.457298598629365],[-89.25313230531289,48.458116199959356],[-89.25273979198353,48.45505579640389],[-89.25174890710164,48.455282087537704]]]},"properties":{"DAUID":"35580172","DGUID":"2021S051235580172","LANDAREA":0.2437,"PRUID":"35","CMA":"Thunder_Bay"}},
{"type":"Feature","geometry":{"type":"Polygon","coordinates":[[[-89.24206829886677,48.46335632765062],[-89.24707409506205,48.46328265854818],[-89.24705526760003,48.46267422391499],[-89.24956930935588,48.46258560813267],[-89.24951808463403,48.46142600994869],[-89.24862441267454,48.46079559808298],[-89.24578291386145,48.46047330131024],[-89.24241549020866,48.459576194670845],[-89.24193390100028,48.461232105659306],[-89.24206829886677,48.46335632765062]]]},"properties":{"DAUID":"35580173","DGUID":"2021S051235580173","LANDAREA":0.1686,"PRUID":"35","CMA":"Thunder_Bay"}},
{"type":"Feature","geometry":{"type":"Polygon","coordinates":[[[-89.23665880341552,48.46342730197038],[-89.2312523889639,48.463518200236],[-89.22541271591543,48.46362230465831],[-89.2255203840602,48.46175554009663],[-89.22139521393846,48.46340940525997],[-89.21928760295299,48.464565788944846],[-89.19177058187157,48.481260191888886],[-89.18795172416483,48.48273966677597],[-89.18375881666182,48.4834856955586],[-89.18189980345153,48.48348559080317],[-89.18204916867853,48.487414379066216],[-89.18235387575662,48.489591932775],[-89.18229378403932,48.500016875048125],[-89.18202615841022,48.508406633429495],[-89.18260944470279,48.514593661217354],[-89.1906681299219,48.51473170782467],[-89.22978343441814,48.51519864194626],[-89.24160310927749,48.51481190905828],[-89.24296401084777,48.51496160409579],[-89.24711429257556,48.51479971130906],[-89.26341960201515,48.514813011235795],[-89.26903412618874,48.51488547023846],[-89.28018580106898,48.51483281095099],[-89.28364515902346,48.51489748832739],[-89.28267969267068,48.513073889887806],[-89.28360410894811,48.51134609382283],[-89.28406479262537,48.50773799568962],[-89.28497781462816,48.506361298215715],[-89.28526238988206,48.50486211116458],[-89.28523529500583,48.50034599204814],[-89.2714203095466,48.50021470610331],[-89.26723309101587,48.498308901652265],[-89.2632676012884,48.49802709899533],[-89.26226468879875,48.490399187089594],[-89.26113140420124,48.4883520969649],[-89.25907659855444,48.48627811226065],[-89.25822631497182,48.463170057505764],[-89.25554475057352,48.463205338003995],[-89.24707409506205,48.46328265854818],[-89.24206829886677,48.46335632765062],[-89.23665880341552,48.46342730197038]]]},"properties":{"DAUID":"35580174","DGUID":"2021S051235580174","LANDAREA":31.9533,"PRUID":"35","CMA":"Thunder_Bay"}},
{"type":"Feature","geometry":{"type":"Polygon","coordinates":[[[-89.2312523889639,48.463518200236],[-89.23665880341552,48.46342730197038],[-89.23672251939789,48.45992998831915],[-89.23580090011717,48.45896719354484],[-89.23371598857052,48.45985349972661],[-89.23494719813527,48.461089207291295],[-89.23405391744672,48.4619970428704],[-89.23134550721684,48.46224779548387],[-89.2312523889639,48.463518200236]]]},"properties":{"DAUID":"35580175","DGUID":"2021S051235580175","LANDAREA":0.1176,"PRUID":"35","CMA":"Thunder_Bay"}},
{"type":"Feature","geometry":{"type":"Polygon","coordinates":[[[-89.25554475057352,48.463205338003995],[-89.25822631497182,48.463170057505764],[-89.25819614237169,48.46002313400622],[-89.25674671369504,48.46000678950979],[-89.25654440022944,48.4572754955238],[-89.25536858535412,48.457298598629365],[-89.25548898441822,48.46096585214189],[-89.25327749755509,48.461091505138505],[-89.2533996986397,48.46262758909127],[-89.25554475057352,48.463205338003995]]]},"properties":{"DAUID":"35580176","DGUID":"2021S051235580176","LANDAREA":0.1281,"PRUID":"35","CMA":"Thunder_Bay"}},
{"type":"Feature","geometry":{"type":"Polygon","coordinates":[[[-89.25976870888657,48.45373030872432],[-89.25703078867456,48.45268639545697],[-89.25659038564294,48.453126886819625],[-89.25273979198353,48.45505579640389],[-89.25313230531289,48.458116199959356],[-89.25536858535412,48.457298598629365],[-89.25654440022944,48.4572754955238],[-89.25674671369504,48.46000678950979],[-89.25819614237169,48.46002313400622],[-89.25822631497182,48.463170057505764],[-89.2591120420369,48.4626417129085],[-89.26793192504734,48.45876996760077],[-89.2640716170532,48.45589499864835],[-89.26299538903255,48.455115400282914],[-89.25976870888657,48.45373030872432]]]},"properties":{"DAUID":"35580177","DGUID":"2021S051235580177","LANDAREA":0.6294,"PRUID":"35","CMA":"Thunder_Bay"}},
{"type":"Feature","geometry":{"type":"Polygon","coordinates":[[[-89.2640716170532,48.45589499864835],[-89.26793192504734,48.45876996760077],[-89.27530844168527,48.45543181225945],[-89.27530506429105,48.45198445000132],[-89.27263141779075,48.451902290617845],[-89.2640716170532,48.45589499864835]]]},"properties":{"DAUID":"35580178","DGUID":"2021S051235580178","LANDAREA":0.3458,"PRUID":"35","CMA":"Thunder_Bay"}},
{"type":"Feature","geometry":{"type":"Polygon","coordinates":[[[-89.27864141789567,48.44475650297149],[-89.27869668747832,48.44840839065292],[-89.26886578786136,48.44844069904959],[-89.26958861450774,48.44918230651932],[-89.27263141779075,48.451902290617845],[-89.27530506429105,48.45198445000132],[-89.27890179270175,48.45208419587554],[-89.28203330892867,48.45254401051226],[-89.2845607850938,48.45252663032379],[-89.28462978453175,48.444700691928034],[-89.27864141789567,48.44475650297149]]]},"properties":{"DAUID":"35580179","DGUID":"2021S051235580179","LANDAREA":0.6048,"PRUID":"35","CMA":"Thunder_Bay"}},
{"type":"Feature","geometry":{"type":"Polygon","coordinates":[[[-89.26793192504734,48.45876996760077],[-89.27039101209812,48.46019709639315],[-89.2793721873456,48.462889693448304],[-89.28733570743907,48.46549378919014],[-89.28917390901326,48.46635690246252],[-89.29367219053516,48.46890349502341],[-89.3017532150165,48.47197220701455],[-89.30293639517208,48.47150760103842],[-89.31154229790374,48.4715148943729],[-89.31277611379686,48.47127421128613],[-89.3247405912095,48.47105098717517],[-89.3318163162951,48.47103380137249],[-89.33443311633029,48.4699729989006],[-89.33564680741277,48.469885406259266],[-89.33532908529968,48.46178519125827],[-89.33164781053766,48.461454998730105],[-89.33140670656316,48.455602606011645],[-89.31477088626858,48.455641695859654],[-89.314760781572,48.44857900622472],[-89.31757218558698,48.44794650113222],[-89.31737449641383,48.44449550757446],[-89.29947631518601,48.444647797928084],[-89.29554939156677,48.44483420961213],[-89.29320341542117,48.44469210280718],[-89.28462978453175,48.444700691928034],[-89.2845607850938,48.45252663032379],[-89.28203330892867,48.45254401051226],[-89.27890179270175,48.45208419587554],[-89.27530506429105,48.45198445000132],[-89.27530844168527,48.45543181225945],[-89.26793192504734,48.45876996760077]]]},"properties":{"DAUID":"35580180","DGUID":"2021S051235580180","LANDAREA":9.7384,"PRUID":"35","CMA":"Thunder_Bay"}},
{"type":"Feature","geometry":{"type":"Polygon","coordinates":[[[-89.36647119149907,48.41669259370013],[-89.35015859301846,48.41760290504742],[-89.3337688905366,48.41713588751426],[-89.32308610343205,48.41702828903087],[-89.30808698084853,48.417114310427245],[-89.29804379709822,48.41709950035965],[-89.29560890020836,48.41735509045877],[-89.29568878596449,48.42932899638557],[-89.2955610063213,48.44089309981314],[-89.28469091430462,48.440938607694626],[-89.28462978453175,48.444700691928034],[-89.29320341542117,48.44469210280718],[-89.29554939156677,48.44483420961213],[-89.29947631518601,48.444647797928084],[-89.31737449641383,48.44449550757446],[-89.31757218558698,48.44794650113222],[-89.314760781572,48.44857900622472],[-89.31477088626858,48.455641695859654],[-89.33140670656316,48.455602606011645],[-89.33123719738033,48.452196092815356],[-89.3339612934963,48.451429997672506],[-89.33376259906917,48.44267059082976],[-89.35085959258437,48.44275429565176],[-89.37019708860451,48.44274430718002],[-89.36780991129599,48.43939248881148],[-89.36740628526879,48.43507300547067],[-89.36817130540722,48.42855220391377],[-89.37005921001489,48.42060449637331],[-89.36954239250329,48.416467397657584],[-89.36647119149907,48.41669259370013]]]},"properties":{"DAUID":"35580181","DGUID":"2021S051235580181","LANDAREA":17.8165,"PRUID":"35","CMA":"Thunder_Bay"}},
{"type":"Feature","geometry":{"type":"Polygon","coordinates":[[[-89.28523529500583,48.50034599204814],[-89.2852922181658,48.48987210621184],[-89.28497688880324,48.48887960981695],[-89.28348331441569,48.48756869003744],[-89.28293909235526,48.486301908382636],[-89.28120810364545,48.48422179244517],[-89.28106188545392,48.481867510725806],[-89.28055788492074,48.4796821072619],[-89.2807210008187,48.47456839151179],[-89.28046768943487,48.468617187576264],[-89.2806446821048,48.46683220163019],[-89.2795665146179,48.46541409184008],[-89.2793721873456,48.462889693448304],[-89.27039101209812,48.46019709639315],[-89.26793192504734,48.45876996760077],[-89.2591120420369,48.4626417129085],[-89.25822631497182,48.463170057505764],[-89.25907659855444,48.48627811226065],[-89.26113140420124,48.4883520969649],[-89.26226468879875,48.490399187089594],[-89.2632676012884,48.49802709899533],[-89.26723309101587,48.498308901652265],[-89.2714203095466,48.50021470610331],[-89.28523529500583,48.50034599204814]]]},"properties":{"DAUID":"35580184","DGUID":"2021S051235580184","LANDAREA":7.0457,"PRUID":"35","CMA":"Thunder_Bay"}},
{"type":"Feature","geometry":{"type":"Polygon","coordinates":[[[-89.36954239250329,48.416467397657584],[-89.37005921001489,48.42060449637331],[-89.36817130540722,48.42855220391377],[-89.36740628526879,48.43507300547067],[-89.36780991129599,48.43939248881148],[-89.37019708860451,48.44274430718002],[-89.37096591702847,48.443907097862095],[-89.37240928887786,48.448762898346295],[-89.37244449398496,48.46107970407767],[-89.3734386890242,48.46238180339391],[-89.37368489997549,48.463600398383136],[-89.37398311194443,48.470279295311954],[-89.38207061636551,48.47020199201663],[-89.41723930217107,48.46970130464586],[-89.41910098268299,48.47072380814523],[-89.42243510552265,48.47197630059972],[-89.42418251966116,48.472299388077936],[-89.42714201878901,48.47193209144105],[-89.42698111738561,48.451259391513126],[-89.42696109986746,48.44261331211033],[-89.42679420709906,48.41357289756565],[-89.40501581743231,48.41375149506818],[-89.38852831165659,48.41378030314519],[-89.38611181777858,48.41383939705325],[-89.38361641323034,48.414233092152216],[-89.37845761319018,48.41577049421367],[-89.36954239250329,48.416467397657584]]]},"properties":{"DAUID":"35580186","DGUID":"2021S051235580186","LANDAREA":25.9619,"PRUID":"35","CMA":"Thunder_Bay"}},
{"type":"Feature","geometry":{"type":"Polygon","coordinates":[[[-89.1513561109275,48.47853954480054],[-89.15146121324223,48.4897607948146],[-89.15183519719264,48.49942027966271],[-89.16241650582512,48.49919206556729],[-89.16267785850233,48.48801554325994],[-89.17321571697443,48.48760257147672],[-89.1735185993008,48.4832428173258],[-89.18186718176732,48.483485598790544],[-89.18204751802448,48.47861470754175],[-89.18516171019336,48.47865449179546],[-89.18501921603142,48.47250309391573],[-89.18500611644015,48.471567708507244],[-89.182109788692,48.47155070505266],[-89.1821833856938,48.46885010280682],[-89.17783771786735,48.46878850589628],[-89.17680599810522,48.46902399031313],[-89.17310290289801,48.47228798768447],[-89.16929670625403,48.474096311602686],[-89.16689461495368,48.474564394648766],[-89.16525451103554,48.474181405915225],[-89.15364850003053,48.47874490318413],[-89.1513561109275,48.47853954480054]]]},"properties":{"DAUID":"35580194","DGUID":"2021S051235580194","LANDAREA":4.3896,"PRUID":"35","CMA":"Thunder_Bay"}},
{"type":"Feature","geometry":{"type":"Polygon","coordinates":[[[-89.20048148847259,48.46889449897502],[-89.19774138582683,48.46975960581816],[-89.19617911177033,48.469924410115425],[-89.1942943951509,48.46951949170024],[-89.19315169657627,48.470944789229954],[-89.19097447861606,48.47251446374113],[-89.18779349027957,48.47251340515385],[-89.18501921603142,48.47250309391573],[-89.18516171019336,48.47865449179546],[-89.18204751802448,48.47861470754175],[-89.18186718176732,48.483485598790544],[-89.18189980345153,48.48348559080317],[-89.18375881666182,48.4834856955586],[-89.18795172416483,48.48273966677597],[-89.1876299566543,48.478915419336644],[-89.18872816766208,48.477392031913666],[-89.19026186176048,48.47686791097794],[-89.19042276071251,48.4755783252184],[-89.1930448724398,48.47497314508478],[-89.19488264505245,48.473567816036585],[-89.19513473465881,48.47251042570944],[-89.1986011317142,48.470689711894636],[-89.20052345740471,48.470086116521685],[-89.20065929645752,48.468840356687004],[-89.20048148847259,48.46889449897502]]]},"properties":{"DAUID":"35580195","DGUID":"2021S051235580195","LANDAREA":0.6539,"PRUID":"35","CMA":"Thunder_Bay"}},
{"type":"Feature","geometry":{"type":"Polygon","coordinates":[[[-89.18501921603142,48.47250309391573],[-89.18779349027957,48.47251340515385],[-89.18775929688695,48.46888819323551],[-89.18768050826068,48.46799889446329],[-89.1848795153877,48.46798920804146],[-89.18491771911977,48.46887919426108],[-89.1821833856938,48.46885010280682],[-89.182109788692,48.47155070505266],[-89.18500611644015,48.471567708507244],[-89.18501921603142,48.47250309391573]]]},"properties":{"DAUID":"35580196","DGUID":"2021S051235580196","LANDAREA":0.167,"PRUID":"35","CMA":"Thunder_Bay"}},
{"type":"Feature","geometry":{"type":"Polygon","coordinates":[[[-89.1942943951509,48.46951949170024],[-89.19187290866493,48.46889980913476],[-89.18775929688695,48.46888819323551],[-89.18779349027957,48.47251340515385],[-89.19097447861606,48.47251446374113],[-89.19315169657627,48.470944789229954],[-89.1942943951509,48.46951949170024]]]},"properties":{"DAUID":"35580197","DGUID":"2021S051235580197","LANDAREA":0.1537,"PRUID":"35","CMA":"Thunder_Bay"}},
{"type":"Feature","geometry":{"type":"Polygon","coordinates":[[[-89.1874569159931,48.45744939295732],[-89.187559683925,48.459840711228765],[-89.19072640989563,48.459870403026024],[-89.1907256073956,48.45890769636328],[-89.19343650188102,48.45903601187706],[-89.19353298138968,48.46346979092571],[-89.19071829592495,48.46345149275887],[-89.18973930484252,48.46427989692356],[-89.18763051745451,48.46432000079094],[-89.18488378324044,48.464309210963165],[-89.18484238875173,48.465236703006184],[-89.1848795153877,48.46798920804146],[-89.18768050826068,48.46799889446329],[-89.18775929688695,48.46888819323551],[-89.19187290866493,48.46889980913476],[-89.1942943951509,48.46951949170024],[-89.19617911177033,48.469924410115425],[-89.19774138582683,48.46975960581816],[-89.20048148847259,48.46889449897502],[-89.19944054803103,48.468199409668166],[-89.19804694518969,48.465068019862876],[-89.19652643233019,48.4655739132385],[-89.19471265832306,48.46272043445351],[-89.19521724087741,48.461874110393914],[-89.1949381489911,48.46073671446917],[-89.19641663209819,48.45957492109479],[-89.19806625764099,48.45893151206641],[-89.1967476556791,48.458165017467735],[-89.19507716000025,48.45644242063293],[-89.19244645080332,48.45817512466423],[-89.19050436447912,48.45831112337913],[-89.19003587562523,48.457650324017926],[-89.1874569159931,48.45744939295732]]]},"properties":{"DAUID":"35580198","DGUID":"2021S051235580198","LANDAREA":0.7676,"PRUID":"35","CMA":"Thunder_Bay"}},
{"type":"Feature","geometry":{"type":"Polygon","coordinates":[[[-89.18763051745451,48.46432000079094],[-89.18758411482128,48.46166669596842],[-89.19068301389785,48.46168871037796],[-89.19072538611454,48.46078820468227],[-89.18488040517587,48.460764393691555],[-89.18488378324044,48.464309210963165],[-89.18763051745451,48.46432000079094]]]},"properties":{"DAUID":"35580199","DGUID":"2021S051235580199","LANDAREA":0.103,"PRUID":"35","CMA":"Thunder_Bay"}},
{"type":"Feature","geometry":{"type":"Polygon","coordinates":[[[-89.19072640989563,48.459870403026024],[-89.19072538611454,48.46078820468227],[-89.19068301389785,48.46168871037796],[-89.18758411482128,48.46166669596842],[-89.18763051745451,48.46432000079094],[-89.18973930484252,48.46427989692356],[-89.19071829592495,48.46345149275887],[-89.19353298138968,48.46346979092571],[-89.19343650188102,48.45903601187706],[-89.1907256073956,48.45890769636328],[-89.19072640989563,48.459870403026024]]]},"properties":{"DAUID":"35580200","DGUID":"2021S051235580200","LANDAREA":0.1684,"PRUID":"35","CMA":"Thunder_Bay"}},
{"type":"Feature","geometry":{"type":"Polygon","coordinates":[[[-89.18558141310871,48.45535270754222],[-89.18277548999316,48.45710650957155],[-89.1822559877617,48.45887080918214],[-89.18484801709869,48.45906449665051],[-89.18488040517587,48.460764393691555],[-89.19072538611454,48.46078820468227],[-89.19072640989563,48.459870403026024],[-89.187559683925,48.459840711228765],[-89.1874569159931,48.45744939295732],[-89.18558141310871,48.45535270754222]]]},"properties":{"DAUID":"35580201","DGUID":"2021S051235580201","LANDAREA":0.1773,"PRUID":"35","CMA":"Thunder_Bay"}},
{"type":"Feature","geometry":{"type":"Polygon","coordinates":[[[-89.18013843982182,48.45113054396112],[-89.17827056161411,48.452506329660736],[-89.17753803756061,48.45435573386584],[-89.17628445392937,48.45509022729131],[-89.17379184928305,48.45500241896767],[-89.17262394013376,48.45404331564983],[-89.16815383674626,48.45500672190471],[-89.16678254089854,48.45652921826988],[-89.16864503994984,48.4583386245182],[-89.16913894313363,48.46103741741972],[-89.16873804362459,48.46242153143896],[-89.16734383082557,48.46462712304182],[-89.16743083384988,48.46464787764726],[-89.16654485855713,48.466511626499674],[-89.1646629676642,48.467752618514794],[-89.1611684575008,48.470526517877275],[-89.15867054380365,48.471608115273675],[-89.15692713241295,48.47197372248166],[-89.15621454697961,48.47112332380121],[-89.15447844861738,48.47262240913093],[-89.15473486183096,48.47356231157795],[-89.15368684868355,48.47469762283755],[-89.15124864573515,48.475598020848],[-89.1513561109275,48.47853954480054],[-89.15364850003053,48.47874490318413],[-89.16525451103554,48.474181405915225],[-89.16689461495368,48.474564394648766],[-89.16929670625403,48.474096311602686],[-89.17310290289801,48.47228798768447],[-89.17680599810522,48.46902399031313],[-89.17783771786735,48.46878850589628],[-89.17952468666303,48.4667951934953],[-89.1808778905011,48.46427728953437],[-89.18098451647138,48.46076629769025],[-89.18488040517587,48.460764393691555],[-89.18484801709869,48.45906449665051],[-89.1822559877617,48.45887080918214],[-89.18277548999316,48.45710650957155],[-89.18558141310871,48.45535270754222],[-89.1860442811206,48.455052773533154],[-89.18403523349835,48.45416211353953],[-89.18250500309328,48.45211569934624],[-89.18081089960083,48.45159436398902],[-89.18050811401562,48.45138551474762],[-89.18013843982182,48.45113054396112]]]},"properties":{"DAUID":"35580202","DGUID":"2021S051235580202","LANDAREA":2.6955,"PRUID":"35","CMA":"Thunder_Bay"}},
{"type":"Feature","geometry":{"type":"Polygon","coordinates":[[[-89.18488378324044,48.464309210963165],[-89.18488040517587,48.460764393691555],[-89.18098451647138,48.46076629769025],[-89.1808778905011,48.46427728953437],[-89.18221650457106,48.46520559340742],[-89.18484238875173,48.465236703006184],[-89.18488378324044,48.464309210963165]]]},"properties":{"DAUID":"35580203","DGUID":"2021S051235580203","LANDAREA":0.1331,"PRUID":"35","CMA":"Thunder_Bay"}},
{"type":"Feature","geometry":{"type":"Polygon","coordinates":[[[-89.1821833856938,48.46885010280682],[-89.18491771911977,48.46887919426108],[-89.1848795153877,48.46798920804146],[-89.18484238875173,48.465236703006184],[-89.18221650457106,48.46520559340742],[-89.1808778905011,48.46427728953437],[-89.17952468666303,48.4667951934953],[-89.17783771786735,48.46878850589628],[-89.1821833856938,48.46885010280682]]]},"properties":{"DAUID":"35580204","DGUID":"2021S051235580204","LANDAREA":0.1801,"PRUID":"35","CMA":"Thunder_Bay"}},
{"type":"Feature","geometry":{"type":"Polygon","coordinates":[[[-89.1995542168296,48.30692527366734],[-89.20263999230434,48.30874652858739],[-89.20323254436097,48.310043750539265],[-89.20532022874457,48.3116795042058],[-89.20937168202448,48.31186552817016],[-89.21068836667621,48.313128374884236],[-89.21252069912391,48.31288027448512],[-89.21378038831082,48.31037616201341],[-89.21202066926794,48.311133011864676],[-89.21031395131138,48.31065301822558],[-89.2092952572566,48.309862824031974],[-89.2090020333473,48.309634518936456],[-89.20646924417635,48.309386216688324],[-89.20427896262358,48.30738583459201],[-89.20247276641717,48.307096528988176],[-89.2013240354411,48.30641672049705],[-89.1995542168296,48.30692527366734]]]},"properties":{"DAUID":"35580286","DGUID":"2021S051235580286","LANDAREA":0.2439,"PRUID":"35","CMA":"Thunder_Bay"}},
{"type":"Feature","geometry":{"type":"Polygon","coordinates":[[[-89.23455057402728,48.41063204675823],[-89.23463412290297,48.4167196993881],[-89.23377591165813,48.41948287750491],[-89.22999769848772,48.42525507413134],[-89.22853313261282,48.426781392213044],[-89.23304409851546,48.42819599656201],[-89.23384660598896,48.42707368921887],[-89.23941621493881,48.419380712336306],[-89.2408775134347,48.41941520559254],[-89.245695086804,48.41922243978179],[-89.24861075891336,48.4179958297081],[-89.25043695924032,48.416169078270784],[-89.25087002405263,48.41494621368342],[-89.2506471745483,48.41203351160366],[-89.24993621520706,48.41181550253691],[-89.2448320004757,48.411915301116665],[-89.24540721128069,48.41116630207047],[-89.23895990632,48.411148010420035],[-89.23931398772689,48.41028641114576],[-89.23735291512271,48.41025249326793],[-89.23455057402728,48.41063204675823]]]},"properties":{"DAUID":"35580316","DGUID":"2021S051235580316","LANDAREA":1.3902,"PRUID":"35","CMA":"Thunder_Bay"}},
{"type":"Feature","geometry":{"type":"Polygon","coordinates":[[[-89.23384660598896,48.42707368921887],[-89.24199980224547,48.42710399993069],[-89.24199109477273,48.426906297024125],[-89.2420229196436,48.42486329315689],[-89.24084740048366,48.42487719259466],[-89.24086559523464,48.42160180669452],[-89.2408775134347,48.41941520559254],[-89.23941621493881,48.419380712336306],[-89.23384660598896,48.42707368921887]]]},"properties":{"DAUID":"35580317","DGUID":"2021S051235580317","LANDAREA":0.2877,"PRUID":"35","CMA":"Thunder_Bay"}},
{"type":"Feature","geometry":{"type":"Polygon","coordinates":[[[-89.24199109477273,48.426906297024125],[-89.24454669105054,48.42691939899805],[-89.24460450252461,48.428843693881355],[-89.24834099570725,48.42773600483053],[-89.2487009057038,48.42762099292572],[-89.2486668962721,48.42593021088806],[-89.24734319485873,48.42595608844674],[-89.24740931442861,48.423165607799014],[-89.24737620107005,48.42088091084372],[-89.24467430431885,48.4209157118458],[-89.2446629182906,48.42004320597911],[-89.2424718034131,48.42001389012267],[-89.24244378526721,48.42152600509493],[-89.24086559523464,48.42160180669452],[-89.24084740048366,48.42487719259466],[-89.2420229196436,48.42486329315689],[-89.24199109477273,48.426906297024125]]]},"properties":{"DAUID":"35580318","DGUID":"2021S051235580318","LANDAREA":0.3672,"PRUID":"35","CMA":"Thunder_Bay"}},
{"type":"Feature","geometry":{"type":"Polygon","coordinates":[[[-89.24740931442861,48.423165607799014],[-89.24943368929782,48.42308999353328],[-89.25147189451059,48.42386069270104],[-89.25275260144605,48.42416769511233],[-89.25300480915325,48.42100470973327],[-89.25149528627334,48.42080038693101],[-89.24737620107005,48.42088091084372],[-89.24740931442861,48.423165607799014]]]},"properties":{"DAUID":"35580319","DGUID":"2021S051235580319","LANDAREA":0.1226,"PRUID":"35","CMA":"Thunder_Bay"}},
{"type":"Feature","geometry":{"type":"Polygon","coordinates":[[[-89.2487009057038,48.42762099292572],[-89.25004610579484,48.42716291281447],[-89.2500572960318,48.424967302511334],[-89.25143540971779,48.424949292629094],[-89.25147189451059,48.42386069270104],[-89.24943368929782,48.42308999353328],[-89.24740931442861,48.423165607799014],[-89.24734319485873,48.42595608844674],[-89.2486668962721,48.42593021088806],[-89.2487009057038,48.42762099292572]]]},"properties":{"DAUID":"35580322","DGUID":"2021S051235580322","LANDAREA":0.0909,"PRUID":"35","CMA":"Thunder_Bay"}},
{"type":"Feature","geometry":{"type":"Polygon","coordinates":[[[-89.24834099570725,48.42773600483053],[-89.24833849039061,48.4298234987747],[-89.25274638675488,48.42983620049827],[-89.25275260144605,48.42416769511233],[-89.25147189451059,48.42386069270104],[-89.25143540971779,48.424949292629094],[-89.2500572960318,48.424967302511334],[-89.25004610579484,48.42716291281447],[-89.2487009057038,48.42762099292572],[-89.24834099570725,48.42773600483053]]]},"properties":{"DAUID":"35580323","DGUID":"2021S051235580323","LANDAREA":0.151,"PRUID":"35","CMA":"Thunder_Bay"}},
{"type":"Feature","geometry":{"type":"Polygon","coordinates":[[[-89.24199980224547,48.42710399993069],[-89.24192531868641,48.43063248771157],[-89.2445532805471,48.431364003174096],[-89.244585196413,48.430553589394734],[-89.24831660862854,48.430552694141326],[-89.24833849039061,48.4298234987747],[-89.24834099570725,48.42773600483053],[-89.24460450252461,48.428843693881355],[-89.24454669105054,48.42691939899805],[-89.24199109477273,48.426906297024125],[-89.24199980224547,48.42710399993069]]]},"properties":{"DAUID":"35580324","DGUID":"2021S051235580324","LANDAREA":0.1554,"PRUID":"35","CMA":"Thunder_Bay"}},
{"type":"Feature","geometry":{"type":"Polygon","coordinates":[[[-89.24833849039061,48.4298234987747],[-89.24831660862854,48.430552694141326],[-89.244585196413,48.430553589394734],[-89.2445532805471,48.431364003174096],[-89.24630539750876,48.431851609453936],[-89.24971260708371,48.432774700395306],[-89.2529042986862,48.433710990716556],[-89.25274638675488,48.42983620049827],[-89.24833849039061,48.4298234987747]]]},"properties":{"DAUID":"35580325","DGUID":"2021S051235580325","LANDAREA":0.1597,"PRUID":"35","CMA":"Thunder_Bay"}},
{"type":"Feature","geometry":{"type":"Polygon","coordinates":[[[-89.24192531868641,48.43063248771157],[-89.23832760987717,48.42967680630084],[-89.23642230690264,48.432643822605186],[-89.24116658306835,48.43397620859883],[-89.24203540331845,48.43251971184422],[-89.2453890110335,48.433453008313265],[-89.24630539750876,48.431851609453936],[-89.2445532805471,48.431364003174096],[-89.24192531868641,48.43063248771157]]]},"properties":{"DAUID":"35580326","DGUID":"2021S051235580326","LANDAREA":0.1869,"PRUID":"35","CMA":"Thunder_Bay"}},
{"type":"Feature","geometry":{"type":"Polygon","coordinates":[[[-89.24732119832001,48.4386337051326],[-89.24849779839128,48.43680229897828],[-89.24742939696733,48.43649030425277],[-89.24971260708371,48.432774700395306],[-89.24630539750876,48.431851609453936],[-89.2453890110335,48.433453008313265],[-89.24228580027663,48.43851609660573],[-89.24335310961193,48.43880120450035],[-89.24447200848255,48.439031291991846],[-89.24518458573364,48.4380187122488],[-89.24732119832001,48.4386337051326]]]},"properties":{"DAUID":"35580327","DGUID":"2021S051235580327","LANDAREA":0.2225,"PRUID":"35","CMA":"Thunder_Bay"}},
{"type":"Feature","geometry":{"type":"Polygon","coordinates":[[[-89.24228580027663,48.43851609660573],[-89.2453890110335,48.433453008313265],[-89.24203540331845,48.43251971184422],[-89.24116658306835,48.43397620859883],[-89.23889301540594,48.43761950314873],[-89.24228580027663,48.43851609660573]]]},"properties":{"DAUID":"35580328","DGUID":"2021S051235580328","LANDAREA":0.1627,"PRUID":"35","CMA":"Thunder_Bay"}},
{"type":"Feature","geometry":{"type":"Polygon","coordinates":[[[-89.23889301540594,48.43761950314873],[-89.24116658306835,48.43397620859883],[-89.23642230690264,48.432643822605186],[-89.23423488180201,48.43623450977384],[-89.23889301540594,48.43761950314873]]]},"properties":{"DAUID":"35580329","DGUID":"2021S051235580329","LANDAREA":0.1653,"PRUID":"35","CMA":"Thunder_Bay"}},
{"type":"Feature","geometry":{"type":"Polygon","coordinates":[[[-89.24956381813632,48.43920169840969],[-89.25067370872942,48.43738950216429],[-89.2529042986862,48.433710990716556],[-89.24971260708371,48.432774700395306],[-89.24742939696733,48.43649030425277],[-89.24849779839128,48.43680229897828],[-89.24732119832001,48.4386337051326],[-89.24956381813632,48.43920169840969]]]},"properties":{"DAUID":"35580330","DGUID":"2021S051235580330","LANDAREA":0.1538,"PRUID":"35","CMA":"Thunder_Bay"}},
{"type":"Feature","geometry":{"type":"Polygon","coordinates":[[[-89.25067370872942,48.43738950216429],[-89.25343531834972,48.438379203054616],[-89.25519670691263,48.436932099908915],[-89.25777420581147,48.43925679969312],[-89.25883661336265,48.43882199520436],[-89.25693191830929,48.43703298901764],[-89.2536171038123,48.43393090905307],[-89.2529042986862,48.433710990716556],[-89.25067370872942,48.43738950216429]]]},"properties":{"DAUID":"35580331","DGUID":"2021S051235580331","LANDAREA":0.1407,"PRUID":"35","CMA":"Thunder_Bay"}},
{"type":"Feature","geometry":{"type":"Polygon","coordinates":[[[-89.26151930210756,48.44137860844667],[-89.25883661336265,48.43882199520436],[-89.25777420581147,48.43925679969312],[-89.25490249793482,48.44067169360204],[-89.25788361073131,48.44355540396417],[-89.26151930210756,48.44137860844667]]]},"properties":{"DAUID":"35580335","DGUID":"2021S051235580335","LANDAREA":0.1318,"PRUID":"35","CMA":"Thunder_Bay"}},
{"type":"Feature","geometry":{"type":"Polygon","coordinates":[[[-89.25490249793482,48.44067169360204],[-89.25777420581147,48.43925679969312],[-89.25519670691263,48.436932099908915],[-89.25343531834972,48.438379203054616],[-89.25067370872942,48.43738950216429],[-89.24956381813632,48.43920169840969],[-89.2515864124158,48.43998990376909],[-89.24997511578052,48.440858200239354],[-89.24935949844568,48.441922900798026],[-89.2502750855292,48.442750703955284],[-89.25490249793482,48.44067169360204]]]},"properties":{"DAUID":"35580336","DGUID":"2021S051235580336","LANDAREA":0.2017,"PRUID":"35","CMA":"Thunder_Bay"}},
{"type":"Feature","geometry":{"type":"Polygon","coordinates":[[[-89.23304409851546,48.42819599656201],[-89.23832760987717,48.42967680630084],[-89.24192531868641,48.43063248771157],[-89.24199980224547,48.42710399993069],[-89.23384660598896,48.42707368921887],[-89.23304409851546,48.42819599656201]]]},"properties":{"DAUID":"35580337","DGUID":"2021S051235580337","LANDAREA":0.173,"PRUID":"35","CMA":"Thunder_Bay"}},
{"type":"Feature","geometry":{"type":"Polygon","coordinates":[[[-89.23642230690264,48.432643822605186],[-89.23832760987717,48.42967680630084],[-89.23304409851546,48.42819599656201],[-89.23097069915642,48.43024261173062],[-89.23546471824532,48.43221579168445],[-89.23642230690264,48.432643822605186]]]},"properties":{"DAUID":"35580338","DGUID":"2021S051235580338","LANDAREA":0.1417,"PRUID":"35","CMA":"Thunder_Bay"}},
{"type":"Feature","geometry":{"type":"Polygon","coordinates":[[[-89.22840780250074,48.393277295839006],[-89.22964698160582,48.39473779791695],[-89.22979401069266,48.39624650333542],[-89.23232069397447,48.396251512281104],[-89.23243079175249,48.394755810046654],[-89.23396538301002,48.39462700339392],[-89.23280859147297,48.39320090387323],[-89.23165160786328,48.39361918802445],[-89.23066711631114,48.39242371151026],[-89.22840780250074,48.393277295839006]]]},"properties":{"DAUID":"35580339","DGUID":"2021S051235580339","LANDAREA":0.0958,"PRUID":"35","CMA":"Thunder_Bay"}},
{"type":"Feature","geometry":{"type":"Polygon","coordinates":[[[-89.23066711631114,48.39242371151026],[-89.23397659930723,48.39118080407481],[-89.23275399516464,48.38979189957962],[-89.22606441617778,48.392207005957694],[-89.2272490846342,48.39365958886298],[-89.22840780250074,48.393277295839006],[-89.23066711631114,48.39242371151026]]]},"properties":{"DAUID":"35580340","DGUID":"2021S051235580340","LANDAREA":0.1046,"PRUID":"35","CMA":"Thunder_Bay"}},
{"type":"Feature","geometry":{"type":"Polygon","coordinates":[[[-89.20065929645752,48.468840356687004],[-89.20052345740471,48.470086116521685],[-89.1986011317142,48.470689711894636],[-89.19513473465881,48.47251042570944],[-89.19488264505245,48.473567816036585],[-89.1930448724398,48.47497314508478],[-89.19042276071251,48.4755783252184],[-89.19026186176048,48.47686791097794],[-89.18872816766208,48.477392031913666],[-89.1876299566543,48.478915419336644],[-89.18795172416483,48.48273966677597],[-89.19177058187157,48.481260191888886],[-89.21928760295299,48.464565788944846],[-89.22139521393846,48.46340940525997],[-89.2255203840602,48.46175554009663],[-89.22549459056468,48.460237689732715],[-89.22417039343794,48.46027229890042],[-89.22417941760256,48.461405789237766],[-89.22297200418492,48.46225690772711],[-89.21847129668971,48.463594401801544],[-89.21484951883224,48.463682195570684],[-89.21466768393456,48.46043770079307],[-89.21199381546501,48.460543103912016],[-89.21210471340547,48.46371699471033],[-89.20936001419405,48.46375179514479],[-89.20647379873131,48.46458090394502],[-89.20378320408742,48.46743070608503],[-89.20147889593794,48.46858140852416],[-89.20065929645752,48.468840356687004]]]},"properties":{"DAUID":"35580341","DGUID":"2021S051235580341","LANDAREA":1.5348,"PRUID":"35","CMA":"Thunder_Bay"}},
{"type":"Feature","geometry":{"type":"Polygon","coordinates":[[[-89.20936001419405,48.46375179514479],[-89.21210471340547,48.46371699471033],[-89.21199381546501,48.460543103912016],[-89.21466768393456,48.46043770079307],[-89.21454130511721,48.45815480370309],[-89.21295920113916,48.458167291977276],[-89.20918628601828,48.458194795028106],[-89.20936001419405,48.46375179514479]]]},"properties":{"DAUID":"35580342","DGUID":"2021S051235580342","LANDAREA":0.175,"PRUID":"35","CMA":"Thunder_Bay"}},
{"type":"Feature","geometry":{"type":"Polygon","coordinates":[[[-89.21466768393456,48.46043770079307],[-89.21484951883224,48.463682195570684],[-89.21847129668971,48.463594401801544],[-89.22297200418492,48.46225690772711],[-89.22417941760256,48.461405789237766],[-89.22417039343794,48.46027229890042],[-89.21972239296693,48.46033128821114],[-89.21466768393456,48.46043770079307]]]},"properties":{"DAUID":"35580343","DGUID":"2021S051235580343","LANDAREA":0.2141,"PRUID":"35","CMA":"Thunder_Bay"}},
{"type":"Feature","geometry":{"type":"Polygon","coordinates":[[[-89.2929770192815,48.38739219951484],[-89.2930209931688,48.38927179773454],[-89.29415809410337,48.38902418976656],[-89.2941418925027,48.38716209530016],[-89.2953452034879,48.38688609339976],[-89.2957316076119,48.38796711251786],[-89.29695631209403,48.38816760935705],[-89.29643361761735,48.3900585003113],[-89.29831979892285,48.39024569745406],[-89.30076302598414,48.39034080741659],[-89.30073394805271,48.3837372875881],[-89.2975320356554,48.383964213129495],[-89.2961915503205,48.38479182470023],[-89.2960218646544,48.3855239301185],[-89.29383636159533,48.38558563404608],[-89.29292493792745,48.38604462016793],[-89.28952456530595,48.38681129420751],[-89.28951991424542,48.387416097882],[-89.29287801499892,48.386692404395994],[-89.2929770192815,48.38739219951484]]]},"properties":{"DAUID":"35580345","DGUID":"2021S051235580345","LANDAREA":0.2995,"PRUID":"35","CMA":"Thunder_Bay"}},
{"type":"Feature","geometry":{"type":"Polygon","coordinates":[[[-89.29969990169965,48.38087630373294],[-89.29964450324275,48.382472505573176],[-89.29378370636071,48.382499610054374],[-89.2938327130628,48.38329029242567],[-89.2907391034793,48.383280003954226],[-89.28952989729606,48.382521306117816],[-89.2895212114553,48.38413209782748],[-89.28952456530595,48.38681129420751],[-89.29292493792745,48.38604462016793],[-89.29383636159533,48.38558563404608],[-89.2960218646544,48.3855239301185],[-89.2961915503205,48.38479182470023],[-89.2975320356554,48.383964213129495],[-89.30073394805271,48.3837372875881],[-89.30057119591473,48.380871210792094],[-89.29969990169965,48.38087630373294]]]},"properties":{"DAUID":"35580346","DGUID":"2021S051235580346","LANDAREA":0.2497,"PRUID":"35","CMA":"Thunder_Bay"}},
{"type":"Feature","geometry":{"type":"Polygon","coordinates":[[[-89.28953631303693,48.38085669515874],[-89.28698341392258,48.3808534928038],[-89.28693610861114,48.38250999775416],[-89.28952989729606,48.382521306117816],[-89.2907391034793,48.383280003954226],[-89.2938327130628,48.38329029242567],[-89.29378370636071,48.382499610054374],[-89.29964450324275,48.382472505573176],[-89.29969990169965,48.38087630373294],[-89.28953631303693,48.38085669515874]]]},"properties":{"DAUID":"35580347","DGUID":"2021S051235580347","LANDAREA":0.1905,"PRUID":"35","CMA":"Thunder_Bay"}},
{"type":"Feature","geometry":{"type":"Polygon","coordinates":[[[-89.2895795967497,48.377004892876315],[-89.28410940742826,48.37699680855919],[-89.28417370136358,48.380846402411],[-89.28698341392258,48.3808534928038],[-89.28953631303693,48.38085669515874],[-89.2895795967497,48.377004892876315]]]},"properties":{"DAUID":"35580348","DGUID":"2021S051235580348","LANDAREA":0.1704,"PRUID":"35","CMA":"Thunder_Bay"}},
{"type":"Feature","geometry":{"type":"Polygon","coordinates":[[[-89.28417370136358,48.380846402411],[-89.28410940742826,48.37699680855919],[-89.28411091795229,48.37612400434549],[-89.2814113811883,48.376159592823925],[-89.28140869029579,48.377005405981414],[-89.27849970110734,48.377188999755326],[-89.27853880599393,48.380841302017735],[-89.28417370136358,48.380846402411]]]},"properties":{"DAUID":"35580349","DGUID":"2021S051235580349","LANDAREA":0.1967,"PRUID":"35","CMA":"Thunder_Bay"}},
{"type":"Feature","geometry":{"type":"Polygon","coordinates":[[[-89.28428440178655,48.37426709649057],[-89.2814084175655,48.37427920551807],[-89.2814113811883,48.376159592823925],[-89.28411091795229,48.37612400434549],[-89.28410940742826,48.37699680855919],[-89.2895795967497,48.377004892876315],[-89.28960498813876,48.374260212118116],[-89.28428440178655,48.37426709649057]]]},"properties":{"DAUID":"35580350","DGUID":"2021S051235580350","LANDAREA":0.1656,"PRUID":"35","CMA":"Thunder_Bay"}},
{"type":"Feature","geometry":{"type":"Polygon","coordinates":[[[-89.28152283183417,48.371839517140764],[-89.27850731385756,48.37161049901553],[-89.2785098968865,48.37620809750999],[-89.27849970110734,48.377188999755326],[-89.28140869029579,48.377005405981414],[-89.2814113811883,48.376159592823925],[-89.2814084175655,48.37427920551807],[-89.28428440178655,48.37426709649057],[-89.283934895312,48.37249249798005],[-89.28149189590553,48.37252299494445],[-89.28152283183417,48.371839517140764]]]},"properties":{"DAUID":"35580351","DGUID":"2021S051235580351","LANDAREA":0.173,"PRUID":"35","CMA":"Thunder_Bay"}},
{"type":"Feature","geometry":{"type":"Polygon","coordinates":[[[-89.2762490283236,48.371619167115696],[-89.27386991988591,48.37205116832455],[-89.27151383071312,48.373135276964554],[-89.27022992249246,48.37445632607144],[-89.27560839287902,48.37443909823671],[-89.27563340195391,48.37621109538917],[-89.2785098968865,48.37620809750999],[-89.27850731385756,48.37161049901553],[-89.2762490283236,48.371619167115696]]]},"properties":{"DAUID":"35580352","DGUID":"2021S051235580352","LANDAREA":0.1893,"PRUID":"35","CMA":"Thunder_Bay"}},
{"type":"Feature","geometry":{"type":"Polygon","coordinates":[[[-89.27853880599393,48.380841302017735],[-89.27849970110734,48.377188999755326],[-89.2785098968865,48.37620809750999],[-89.27563340195391,48.37621109538917],[-89.2727156050553,48.376196799778455],[-89.27274759141501,48.38085681136238],[-89.27853880599393,48.380841302017735]]]},"properties":{"DAUID":"35580353","DGUID":"2021S051235580353","LANDAREA":0.2217,"PRUID":"35","CMA":"Thunder_Bay"}},
{"type":"Feature","geometry":{"type":"Polygon","coordinates":[[[-89.26518080256281,48.380872913471656],[-89.27016810884092,48.38086280059874],[-89.27274759141501,48.38085681136238],[-89.2727156050553,48.376196799778455],[-89.27563340195391,48.37621109538917],[-89.27560839287902,48.37443909823671],[-89.27022992249246,48.37445632607144],[-89.26496314092543,48.38057779308661],[-89.26518080256281,48.380872913471656]]]},"properties":{"DAUID":"35580354","DGUID":"2021S051235580354","LANDAREA":0.3165,"PRUID":"35","CMA":"Thunder_Bay"}},
{"type":"Feature","geometry":{"type":"Polygon","coordinates":[[[-89.31148660746405,48.38090339009703],[-89.31150688514242,48.377771911146034],[-89.30707491317348,48.3777259106945],[-89.30709201736116,48.379300101117984],[-89.30599741880454,48.37928610131672],[-89.30592211554168,48.380907203676],[-89.31148660746405,48.38090339009703]]]},"properties":{"DAUID":"35580355","DGUID":"2021S051235580355","LANDAREA":0.13,"PRUID":"35","CMA":"Thunder_Bay"}},
{"type":"Feature","geometry":{"type":"Polygon","coordinates":[[[-89.36101251312779,48.381129806599986],[-89.36096091829211,48.37154861087657],[-89.36095930411572,48.36246109142521],[-89.34588078293653,48.36252680641368],[-89.3125778783053,48.36250933595714],[-89.31240178939923,48.367500889965214],[-89.31206069577806,48.36904148980583],[-89.31042831344107,48.37083808922643],[-89.30632017850137,48.372570507525786],[-89.30413029088446,48.3732322992266],[-89.30142471446393,48.375218206167375],[-89.30069169063121,48.37711328970841],[-89.30057119591473,48.380871210792094],[-89.30592211554168,48.380907203676],[-89.30599741880454,48.37928610131672],[-89.30709201736116,48.379300101117984],[-89.30707491317348,48.3777259106945],[-89.31150688514242,48.377771911146034],[-89.31148660746405,48.38090339009703],[-89.34826571787116,48.38091399885698],[-89.35281421524974,48.38172079557466],[-89.35538389602006,48.38179409217998],[-89.36101251312779,48.381129806599986]]]},"properties":{"DAUID":"35580356","DGUID":"2021S051235580356","LANDAREA":8.102,"PRUID":"35","CMA":"Thunder_Bay"}},
{"type":"Feature","geometry":{"type":"Polygon","coordinates":[[[-89.28955758678575,48.39397450901186],[-89.28959160496346,48.39864350840978],[-89.2895719126745,48.39940870995771],[-89.29120178908308,48.39989800449372],[-89.28865889594009,48.40194610637553],[-89.285895014892,48.403287707681095],[-89.28438340161493,48.402121099141304],[-89.2826431825003,48.40309140971905],[-89.279738807537,48.40340989602336],[-89.27671660418913,48.4035148045694],[-89.2746266927843,48.403313187514314],[-89.27461389807003,48.405689102152536],[-89.28270070388496,48.4049048011978],[-89.2845383890946,48.40486818931398],[-89.28765340507385,48.40539490742063],[-89.28958129692971,48.402931395488146],[-89.29774681437912,48.39606849756557],[-89.29984480542092,48.3934681964706],[-89.30076302598414,48.39034080741659],[-89.29831979892285,48.39024569745406],[-89.29769549039563,48.392282589272675],[-89.29606988412802,48.3927829902991],[-89.29730178172757,48.39463880699013],[-89.29500449798233,48.39672710898496],[-89.29242310591246,48.396409688323395],[-89.29235650788061,48.394926499571184],[-89.2928797876912,48.393944288891205],[-89.291839982019,48.393956010287205],[-89.28955758678575,48.39397450901186]]]},"properties":{"DAUID":"35580357","DGUID":"2021S051235580357","LANDAREA":0.6236,"PRUID":"35","CMA":"Thunder_Bay"}},
{"type":"Feature","geometry":{"type":"MultiPolygon","coordinates":[[[[-89.27948082047048,48.3598792131387],[-89.27913862823858,48.356528765335256],[-89.26346721103704,48.35707068963551],[-89.25441641563366,48.3548013039261],[-89.24444519311966,48.35245909328801],[-89.22542054376397,48.347849936085574],[-89.22070231276753,48.339301861069536],[-89.217379867058,48.337166433002146],[-89.2164673982784,48.33485399278765],[-89.21278338920641,48.33260228919174],[-89.2123663314166,48.33152790820537],[-89.21223843406668,48.32820602262826],[-89.21190596934194,48.32562823683582],[-89.21487849525002,48.32006468833202],[-89.2129981485738,48.31737838050581],[-89.20998597039872,48.31563170512875],[-89.20938259665473,48.314536997470995],[-89.20839500104717,48.31878112208737],[-89.2093095548065,48.319885632117284],[-89.20706353312698,48.322232214235335],[-89.20550813704156,48.3243315159548],[-89.20585444593036,48.325791427755604],[-89.20320683224456,48.32884740789194],[-89.20157224165885,48.32974242709531],[-89.20203414734783,48.33138010872763],[-89.2044773621521,48.33202611460746],[-89.20815076513107,48.332099612218975],[-89.20924214210189,48.33237563074259],[-89.21004845369659,48.33354772675414],[-89.20956876822076,48.33462761117129],[-89.21150115194135,48.33500432073899],[-89.2128156330513,48.33638251337748],[-89.21506845189691,48.33730181014105],[-89.21596923787267,48.338472009810225],[-89.21785175503423,48.339560316890356],[-89.21937346548795,48.34290502666628],[-89.21784945990802,48.342619516666126],[-89.21710415623403,48.34068142423604],[-89.21511735170762,48.33811962285101],[-89.21137025438463,48.337597921613],[-89.21001583375815,48.33529382223536],[-89.20859605201218,48.33585190933337],[-89.20704084325594,48.335773809291425],[-89.20797945826378,48.3381400318201],[-89.21154106165623,48.339052221639626],[-89.21271993250406,48.342286514030796],[-89.20908654142919,48.341591621312],[-89.21002714834856,48.34399381021165],[-89.21314344971563,48.34489661715752],[-89.21271524527339,48.346542309350625],[-89.21109185823896,48.347392322309695],[-89.21170153776507,48.34837932939126],[-89.21445243109294,48.349253123528285],[-89.21378194682653,48.35278392461728],[-89.21520165794715,48.35283751189002],[-89.21601433735648,48.3535236188887],[-89.21755653659805,48.353601813700394],[-89.22201465726872,48.35150962466789],[-89.23538506704331,48.3547412256494],[-89.23494676236173,48.355523518669976],[-89.22832986704971,48.353942323983986],[-89.22709414757792,48.3550187219556],[-89.23229523345691,48.35633061662261],[-89.2327832647017,48.357301910221516],[-89.23061023528949,48.35701101919786],[-89.22839104338794,48.35628011379748],[-89.22749054276542,48.35730510875018],[-89.23000924112714,48.358093233551195],[-89.229777457727,48.35958233149901],[-89.23207766229346,48.36122951526599],[-89.23341195633115,48.36517182162002],[-89.23445194047434,48.366717226713746],[-89.23663305203974,48.36779961924758],[-89.23911626054866,48.36868711777845],[-89.244675157954,48.36857880995349],[-89.24889124209027,48.36741672863925],[-89.25090606027257,48.366252629080336],[-89.25330016845686,48.36420821023069],[-89.2546158328286,48.362814813079524],[-89.25650925965294,48.361967917719284],[-89.25923025840069,48.361824525571485],[-89.26338855837841,48.362426622739704],[-89.26753815716192,48.36252481785922],[-89.27204425029996,48.361230211372565],[-89.27625753697076,48.360337124207305],[-89.27844982191503,48.36005824646909],[-89.27948082047048,48.3598792131387]]],[[[-89.23320219319781,48.38839358421632],[-89.22503745538461,48.391283417760384],[-89.21673733899752,48.39346811408093],[-89.21564646921404,48.394478909005905],[-89.21718496104765,48.397238419779406],[-89.21759035616793,48.40003791880015],[-89.21645733094411,48.40194923293301],[-89.21704874242857,48.40405222689297],[-89.21458243403433,48.40451362472812],[-89.2164128403217,48.409319022554826],[-89.21915186353925,48.40952711533193],[-89.22115124066137,48.409200609055816],[-89.22653454019283,48.41054502753692],[-89.22179214120217,48.41057382889529],[-89.2195889300307,48.41087733176546],[-89.21953026651587,48.41139132960106],[-89.22542283903383,48.41139433157249],[-89.22548345226981,48.41185203073712],[-89.21963125483673,48.411848229268834],[-89.21962444458441,48.41324303231532],[-89.221411056572,48.41361333109358],[-89.22674315679144,48.4134652213138],[-89.22628606218281,48.41413993223595],[-89.21824446534373,48.41414243040453],[-89.2181978684596,48.41493502093915],[-89.22049804530371,48.41530451896861],[-89.22555225636468,48.415287829168314],[-89.22550165233399,48.41567562211401],[-89.22139353936358,48.41569212183199],[-89.22084886661126,48.41653041772719],[-89.22541893546247,48.41656802526637],[-89.22443704601162,48.41729782891727],[-89.22269003699434,48.41752952610557],[-89.22171893218074,48.41881701341457],[-89.21813725491877,48.41882312397312],[-89.2181170335994,48.42053302948243],[-89.22164406357825,48.420509930584316],[-89.22140844476718,48.42130631111395],[-89.22310464019468,48.422695127555784],[-89.22305256418535,48.424909430450555],[-89.22356254268261,48.4250841640556],[-89.22574527219658,48.42570681296447],[-89.22666010603793,48.42641768862883],[-89.22853313261282,48.426781392213044],[-89.22999769848772,48.42525507413134],[-89.23377591165813,48.41948287750491],[-89.23463412290297,48.4167196993881],[-89.23455057402728,48.41063204675823],[-89.23437845364111,48.40075657087276],[-89.2342768215514,48.394777207669165],[-89.23471639441051,48.39232049162136],[-89.2363640065001,48.38987429027593],[-89.23320219319781,48.38839358421632]],[[-89.22840780250074,48.393277295839006],[-89.2272490846342,48.39365958886298],[-89.22606441617778,48.392207005957694],[-89.23275399516464,48.38979189957962],[-89.23397659930723,48.39118080407481],[-89.23066711631114,48.39242371151026],[-89.23165160786328,48.39361918802445],[-89.23280859147297,48.39320090387323],[-89.23396538301002,48.39462700339392],[-89.23243079175249,48.394755810046654],[-89.23232069397447,48.396251512281104],[-89.22979401069266,48.39624650333542],[-89.22964698160582,48.39473779791695],[-89.22840780250074,48.393277295839006]]],[[[-89.21097895078583,48.37282182266357],[-89.21289623063153,48.37281193352075],[-89.21435946282658,48.37105611467104],[-89.21421745062611,48.36903431618178],[-89.21548254569915,48.367075426125844],[-89.21571436225737,48.363714614386865],[-89.21550206582876,48.36317881828371],[-89.21516834539806,48.36326632855575],[-89.2147397524894,48.36272572479391],[-89.21365514149026,48.36262061117229],[-89.21304155177306,48.362794421847745],[-89.21300336365235,48.36471170927286],[-89.21188323781071,48.36534511986358],[-89.21106006583821,48.36722352061576],[-89.21117386530894,48.36891291544141],[-89.21085253903227,48.37146551454276],[-89.21097895078583,48.37282182266357]]],[[[-89.13944545881952,48.36154272000226],[-89.13816596543246,48.36290711003169],[-89.13673066967701,48.36313171191397],[-89.13654384575342,48.36415191556725],[-89.13859293218742,48.36536441061726],[-89.14054655394231,48.36494122979017],[-89.14244515593933,48.363529217954806],[-89.14106155055849,48.362088431764526],[-89.14108157011528,48.361278310094605],[-89.14250334371997,48.36009111526816],[-89.14394906894664,48.35979431228367],[-89.1462553402161,48.35813172679865],[-89.14621913394316,48.35759262719981],[-89.14432983722995,48.35632321951764],[-89.14230395890473,48.35565922786265],[-89.14002026589212,48.35625052382352],[-89.14035436940443,48.357135013213345],[-89.13944545881952,48.36154272000226]]],[[[-89.11844473903162,48.3652965249069],[-89.11656415764439,48.36715761318462],[-89.11780873415383,48.36753960989777],[-89.1188353443461,48.36950013357037],[-89.12188135713905,48.36968692058025],[-89.1276049570689,48.368024533098065],[-89.13006233451509,48.36672841636105],[-89.13107726183979,48.36580992292787],[-89.13119445532189,48.36441312751637],[-89.13041834919233,48.36393261743728],[-89.12739393146225,48.36458241194157],[-89.12652255033684,48.36538130940287],[-89.12369684375119,48.364641822996376],[-89.12124136456872,48.365011021666],[-89.12128505127416,48.36346263336135],[-89.11967844923042,48.363141424224374],[-89.11868705724584,48.36397842924896],[-89.11844473903162,48.3652965249069]]],[[[-89.21461043751007,48.390755933441106],[-89.21634283910139,48.39144232103638],[-89.21826645318056,48.39063142988405],[-89.22180404443029,48.39026622524488],[-89.22620293122112,48.38920041853907],[-89.23522294212773,48.38537241485547],[-89.23636843796626,48.38439640925034],[-89.24022954674768,48.381954926248596],[-89.2411287423566,48.38064181511107],[-89.24184276023408,48.37848641719964],[-89.23999595907897,48.37733482264656],[-89.23655956122855,48.37779753408109],[-89.23357714590206,48.37751362403007],[-89.2286304612193,48.3774477224258],[-89.22279333207274,48.37710182490782],[-89.21913033327023,48.37734353071065],[-89.21826536568614,48.377630114301745],[-89.21041743537943,48.378240125117586],[-89.20903904612261,48.3791394157301],[-89.20936536591994,48.380446716938614],[-89.21163433818414,48.38264351569023],[-89.2121368502394,48.385180125615875],[-89.2129500323349,48.38739581039605],[-89.21505225942006,48.38973062634854],[-89.21461043751007,48.390755933441106]]],[[[-89.21148764200417,48.376375111029134],[-89.21225566635236,48.37672022639617],[-89.21480224785618,48.37636531466752],[-89.21852764197126,48.37616752932584],[-89.22354236508897,48.3756927128379],[-89.23770454010999,48.376506615922025],[-89.23959514850628,48.37682073177711],[-89.24264564077644,48.3767793263499],[-89.24402413930356,48.37587063072239],[-89.246960151224,48.372934011927626],[-89.2481316571297,48.372551214646265],[-89.24823744746034,48.37004782988543],[-89.24728904193003,48.36967051498829],[-89.24369943379925,48.370343415510455],[-89.238131744682,48.37025393329119],[-89.2350783528795,48.36929652803141],[-89.2319932666692,48.36699892075567],[-89.23001406224488,48.36220521186655],[-89.22898103192259,48.361127420301074],[-89.2240203569954,48.35822672406297],[-89.22189243467578,48.3574044096766],[-89.21942443477073,48.35683150995449],[-89.2179004574367,48.357175922946766],[-89.21544146490545,48.35868102339173],[-89.21308314720409,48.36126392092873],[-89.21252415219888,48.36238152209507],[-89.21447645950037,48.36256882763278],[-89.21490554749376,48.362812420405646],[-89.2151937661832,48.36322981388304],[-89.21552743983321,48.363142430504325],[-89.21561233784608,48.3632307244891],[-89.2157687554322,48.36372261590513],[-89.21553694955456,48.36708332544768],[-89.21427185034591,48.36904231871665],[-89.21441386516847,48.37106411718714],[-89.21289783268506,48.372847815479105],[-89.21207975041182,48.37298051613824],[-89.21172803704562,48.374795932229354],[-89.21080694389832,48.375686432212696],[-89.21148764200417,48.376375111029134]]]]},"properties":{"DAUID":"35580358","DGUID":"2021S051235580358","LANDAREA":17.4379,"PRUID":"35","CMA":"Thunder_Bay"}},
{"type":"Feature","geometry":{"type":"Polygon","coordinates":[[[-89.2506471745483,48.41203351160366],[-89.25087002405263,48.41494621368342],[-89.25043695924032,48.416169078270784],[-89.24861075891336,48.4179958297081],[-89.245695086804,48.41922243978179],[-89.2408775134347,48.41941520559254],[-89.24086559523464,48.42160180669452],[-89.24244378526721,48.42152600509493],[-89.2424718034131,48.42001389012267],[-89.2446629182906,48.42004320597911],[-89.24467430431885,48.4209157118458],[-89.24737620107005,48.42088091084372],[-89.25149528627334,48.42080038693101],[-89.25300480915325,48.42100470973327],[-89.25382898433736,48.420079897402296],[-89.25661020936458,48.41908959137593],[-89.2575813107864,48.418431703405524],[-89.25822381623233,48.41706950997928],[-89.2582727182631,48.411769094312945],[-89.25161488695167,48.411881604366734],[-89.2506471745483,48.41203351160366]]]},"properties":{"DAUID":"35580359","DGUID":"2021S051235580359","LANDAREA":0.67,"PRUID":"35","CMA":"Thunder_Bay"}},
{"type":"Feature","geometry":{"type":"Polygon","coordinates":[[[-89.18189980345153,48.48348559080317],[-89.18186718176732,48.483485598790544],[-89.1735185993008,48.4832428173258],[-89.17321571697443,48.48760257147672],[-89.16267785850233,48.48801554325994],[-89.16241650582512,48.49919206556729],[-89.15183519719264,48.49942027966271],[-89.15146121324223,48.4897607948146],[-89.1513561109275,48.47853954480054],[-89.15124864573515,48.475598020848],[-89.1501065368135,48.47706781225093],[-89.14828763637645,48.477893530745455],[-89.14258656635073,48.47940342318171],[-89.14168234066605,48.48106671349875],[-89.14036514579517,48.48160400953347],[-89.13795663234593,48.481612813028455],[-89.13517746853488,48.48214131282226],[-89.13286806676548,48.48225612298658],[-89.13071346425541,48.48283592257168],[-89.13103104089924,48.48395462596609],[-89.12781365714697,48.485336829533125],[-89.12419373404973,48.486159429687014],[-89.12179436396134,48.48639272347852],[-89.11582816435596,48.48742932315859],[-89.11148706106917,48.487841921276285],[-89.1071625299432,48.48800222213501],[-89.10321713825246,48.48784041949287],[-89.10158725510595,48.48737543100493],[-89.10149435965326,48.4867653272764],[-89.09925536709642,48.48531263049658],[-89.09924436063554,48.48471901461039],[-89.09424625320108,48.48593471623509],[-89.09736378199307,48.49113019237038],[-89.11033028732005,48.49013728705029],[-89.1206441075747,48.48786041046501],[-89.12119241228008,48.49029749446252],[-89.12382379693084,48.48978108995087],[-89.13051349547499,48.487596988609276],[-89.13170951041089,48.49416979557537],[-89.1326445021672,48.495484112838426],[-89.13606221135582,48.49724710043873],[-89.12190201291604,48.50418899657468],[-89.11852729640631,48.50518659884759],[-89.11469801284015,48.505442894556715],[-89.11199449408599,48.50512470082017],[-89.0959200166928,48.50179229052535],[-89.09126580932298,48.50146749301157],[-89.08189749688766,48.50273040831429],[-89.07828381223811,48.503114112782875],[-89.07399780318256,48.50332199326564],[-89.05696691605078,48.50368170562794],[-89.0528343159403,48.50397749726192],[-89.0496771962564,48.504882398282476],[-89.02178169390882,48.5166225104227],[-89.0184868898733,48.517597800546476],[-88.97996001639952,48.52563570641997],[-88.97561609405278,48.52694319218903],[-88.9644438047638,48.531697598857946],[-88.96296909844183,48.532245890022566],[-88.9626662098445,48.53482099925465],[-88.96407011881212,48.536109904737735],[-88.9634812994419,48.53760404151455],[-88.96680499483062,48.53919489943937],[-88.9685398138113,48.54130651030442],[-88.97341650508946,48.54337319104371],[-88.97403418812262,48.54746441012762],[-88.97281556348005,48.547641628897026],[-88.97066723673171,48.549198913946974],[-88.97131253189526,48.549763711000836],[-88.96967203159942,48.55079052527385],[-88.96789456527182,48.551081820119215],[-88.96239565061231,48.55326302779316],[-88.95829124370246,48.55331492883316],[-88.95643306068357,48.55292371025339],[-88.95423904027075,48.552960928326584],[-88.95100723829606,48.55385253230371],[-88.94827226533889,48.55532933319027],[-88.94645903590208,48.55540501991631],[-88.94357165770846,48.55680331375352],[-88.94369596553648,48.55827682798155],[-88.94289356381385,48.55962192118342],[-88.9398389400902,48.56055511537184],[-88.9390488185347,48.56122078392825],[-88.938515331355,48.56315950936369],[-88.9387734849525,48.564142038093856],[-88.93775359749601,48.564639483516736],[-88.93143968753253,48.5659694771643],[-88.92943363964758,48.56708192916756],[-88.92517533383447,48.56810681254547],[-88.92437353636609,48.56876802632107],[-88.92508174038116,48.570996432120054],[-88.92229365717759,48.57183482476634],[-88.92087525647696,48.57375682741228],[-88.9194710477924,48.57462602268313],[-88.91896113630659,48.57584003361189],[-88.91721324692453,48.576229126440936],[-88.91630252912056,48.577242927457775],[-88.91314984178975,48.578491914432625],[-88.90984415705506,48.578924715526654],[-88.90466576421642,48.578956524373346],[-88.90055105917789,48.57951041109628],[-88.89836435063084,48.58086003025647],[-88.8968685568672,48.58074751947314],[-88.89589003702571,48.58177582859873],[-88.89624848117423,48.58276296242306],[-88.89347297378063,48.58394157287085],[-88.8913219413063,48.5851459553866],[-88.8910794338809,48.58626517250956],[-88.88633080927222,48.58870800681582],[-88.88674416532518,48.58996041996594],[-88.88600311138866,48.59080895691482],[-88.88553101111964,48.59267844082863],[-88.88330921176231,48.59418063269942],[-88.88364075073046,48.5965046666657],[-88.88425130999626,48.59795171387791],[-88.88253300685027,48.59986845208974],[-88.88297186754411,48.60071568087697],[-88.8842691309243,48.600937116028376],[-88.88556437962805,48.603272283848476],[-88.88381087377047,48.6058911866001],[-88.94905826864768,48.605429392714385],[-88.97789323231648,48.605108886784],[-88.99161269772318,48.60512589651377],[-88.99999459585989,48.6050417935436],[-89.07175617093984,48.604422139435215],[-89.09992427997727,48.60434382041859],[-89.10678054427926,48.604453337971336],[-89.13695414259855,48.603959143509606],[-89.15089018963873,48.60380656473246],[-89.16339315155109,48.60356880489681],[-89.17575985773166,48.60341240568988],[-89.18743565707608,48.60349617905036],[-89.18524991910502,48.58978092937152],[-89.1836577264004,48.5771956220068],[-89.18074551951474,48.573447198822926],[-89.18137515687798,48.568449001663026],[-89.18230335585386,48.56821115464682],[-89.18265970590471,48.54675669874492],[-89.18247558886628,48.543107300278294],[-89.18268895934611,48.53936685327336],[-89.18316913722612,48.53498999386902],[-89.18278159940658,48.52225132767155],[-89.18260944470279,48.514593661217354],[-89.18202615841022,48.508406633429495],[-89.18229378403932,48.500016875048125],[-89.18235387575662,48.489591932775],[-89.18204916867853,48.487414379066216],[-89.18189980345153,48.48348559080317]]]},"properties":{"DAUID":"35580378","DGUID":"2021S051235580378","LANDAREA":197.6931,"PRUID":"35","CMA":"Thunder_Bay"}},
{"type":"Feature","geometry":{"type":"Polygon","coordinates":[[[-89.09736378199307,48.49113019237038],[-89.09139710807464,48.491193793211764],[-89.08511850324697,48.49091189300649],[-89.08298669194353,48.49107650161731],[-89.07019758749344,48.4924589071284],[-89.06702698272932,48.493046788758456],[-89.06262720447953,48.49436730809694],[-89.05954590464187,48.495493207258285],[-89.05374249114247,48.49826910133507],[-89.04882178399262,48.501127893946716],[-89.04558548889936,48.50212120679961],[-89.03887931676269,48.503355812369115],[-89.03275051760362,48.50346430868214],[-89.0270522988874,48.50418560024631],[-89.02264518997023,48.5057117030112],[-89.01979200723841,48.50716531167979],[-89.01663980684656,48.50825531198022],[-89.01263261106062,48.51100659806679],[-89.00960821628583,48.51191409964549],[-89.00550448751453,48.51223770931258],[-88.99346479415904,48.51668450985461],[-88.99097800091836,48.51750130532408],[-88.98537460926426,48.51862371032199],[-88.98187081062044,48.51976379147151],[-88.96057374509998,48.527598695389045],[-88.95962430424657,48.527963190400456],[-88.96258368301659,48.53023400646525],[-88.96296909844183,48.532245890022566],[-88.9644438047638,48.531697598857946],[-88.97561609405278,48.52694319218903],[-88.97996001639952,48.52563570641997],[-89.0184868898733,48.517597800546476],[-89.02178169390882,48.5166225104227],[-89.0496771962564,48.504882398282476],[-89.0528343159403,48.50397749726192],[-89.05696691605078,48.50368170562794],[-89.07399780318256,48.50332199326564],[-89.07828381223811,48.503114112782875],[-89.08189749688766,48.50273040831429],[-89.09126580932298,48.50146749301157],[-89.0959200166928,48.50179229052535],[-89.11199449408599,48.50512470082017],[-89.11469801284015,48.505442894556715],[-89.11852729640631,48.50518659884759],[-89.12190201291604,48.50418899657468],[-89.13606221135582,48.49724710043873],[-89.1326445021672,48.495484112838426],[-89.13170951041089,48.49416979557537],[-89.13051349547499,48.487596988609276],[-89.12382379693084,48.48978108995087],[-89.12119241228008,48.49029749446252],[-89.1206441075747,48.48786041046501],[-89.11033028732005,48.49013728705029],[-89.09736378199307,48.49113019237038]]]},"properties":{"DAUID":"35580379","DGUID":"2021S051235580379","LANDAREA":12.7673,"PRUID":"35","CMA":"Thunder_Bay"}},
{"type":"Feature","geometry":{"type":"MultiPolygon","coordinates":[[[[-89.09424625320108,48.48593471623509],[-89.09268903557874,48.48657492182908],[-89.09076113801792,48.486430014978865],[-89.08676143353674,48.48790622182042],[-89.08021496723711,48.48933831243783],[-89.07736973522368,48.4889399177393],[-89.07200144706904,48.49039532601255],[-89.0698782516484,48.4904425189285],[-89.06730984305146,48.48985882460744],[-89.06715965559869,48.490824210978495],[-89.06231263632517,48.490794308353316],[-89.06149056786391,48.489882314923854],[-89.0597414514126,48.48947282882277],[-89.05724136569566,48.48990441494037],[-89.05735623015363,48.491071932929096],[-89.05883494107592,48.49115352903418],[-89.0595034375186,48.4922841190231],[-89.0593263648293,48.493259011044614],[-89.0576962580507,48.49479071003873],[-89.05553863520356,48.495666012771856],[-89.05299043790636,48.49591842208615],[-89.04547294255183,48.498499521379195],[-89.04101166197997,48.49932551304647],[-89.03851954826885,48.49929772485635],[-89.03544743382557,48.500000021682496],[-89.03163814878985,48.500211228701524],[-89.03162976020992,48.50067923036493],[-89.028320255068,48.500863614159265],[-89.02453634531877,48.502396713004266],[-89.0227014395893,48.50255502162247],[-89.02176033306208,48.504083028540734],[-89.01834545817171,48.504008021091146],[-89.01566736754648,48.50475671789131],[-89.01360015869658,48.50589061747305],[-89.01103433471191,48.50674522363192],[-89.00910863051173,48.50769651679828],[-89.0064150557885,48.509435020677074],[-89.00286866395305,48.510495426744136],[-88.99773704177393,48.51291493164926],[-88.99414474596263,48.513508024959656],[-88.98940733640848,48.51183560974707],[-88.98375006183365,48.5084424245772],[-88.9817894579532,48.510248618028506],[-88.97924724736784,48.51033741823002],[-88.9782167646064,48.50960832274635],[-88.97674646708803,48.509750516682956],[-88.97489035517636,48.50937752054029],[-88.96871205072695,48.509978314056525],[-88.9630190323545,48.51122711156149],[-88.96146636232127,48.51204542345811],[-88.95976264064312,48.511759521484564],[-88.95676115709885,48.51293522677928],[-88.9541307569263,48.515310228582194],[-88.95445816006779,48.516078332004604],[-88.95695004458929,48.5164319189081],[-88.95883813048711,48.51833412330378],[-88.95808226119202,48.52015542297873],[-88.9580689597489,48.52232105734208],[-88.95769319811428,48.523258997264016],[-88.95761379389336,48.52552718708352],[-88.95933022434035,48.52717431747839],[-88.96057374509998,48.527598695389045],[-88.98187081062044,48.51976379147151],[-88.98537460926426,48.51862371032199],[-88.99097800091836,48.51750130532408],[-88.99346479415904,48.51668450985461],[-89.00550448751453,48.51223770931258],[-89.00960821628583,48.51191409964549],[-89.01263261106062,48.51100659806679],[-89.01663980684656,48.50825531198022],[-89.01979200723841,48.50716531167979],[-89.02264518997023,48.5057117030112],[-89.0270522988874,48.50418560024631],[-89.03275051760362,48.50346430868214],[-89.03887931676269,48.503355812369115],[-89.04558548889936,48.50212120679961],[-89.04882178399262,48.501127893946716],[-89.05374249114247,48.49826910133507],[-89.05954590464187,48.495493207258285],[-89.06262720447953,48.49436730809694],[-89.06702698272932,48.493046788758456],[-89.07019758749344,48.4924589071284],[-89.08298669194353,48.49107650161731],[-89.08511850324697,48.49091189300649],[-89.09139710807464,48.491193793211764],[-89.09736378199307,48.49113019237038],[-89.09424625320108,48.48593471623509]]],[[[-88.98061525542953,48.505833330428125],[-88.98364385303437,48.504683431716145],[-88.98636555417498,48.50399771400036],[-88.9897426519164,48.50172612286432],[-88.99218936274639,48.500595114008085],[-88.99189523214552,48.49999741530964],[-88.98569506731765,48.50277673380567],[-88.98420936107149,48.50390891346937],[-88.98071793851031,48.504994830526414],[-88.98061525542953,48.505833330428125]]]]},"properties":{"DAUID":"35580380","DGUID":"2021S051235580380","LANDAREA":6.2832,"PRUID":"35","CMA":"Thunder_Bay"}},
{"type":"Feature","geometry":{"type":"Polygon","coordinates":[[[-88.96296909844183,48.532245890022566],[-88.96258368301659,48.53023400646525],[-88.95962430424657,48.527963190400456],[-88.96057374509998,48.527598695389045],[-88.95933022434035,48.52717431747839],[-88.95761379389336,48.52552718708352],[-88.95769319811428,48.523258997264016],[-88.9580689597489,48.52232105734208],[-88.95808226119202,48.52015542297873],[-88.95676543537924,48.52148242618053],[-88.95432355378465,48.52173083299022],[-88.95180735102194,48.52251120840851],[-88.95030265854017,48.52353541393418],[-88.94790014137,48.524107029247304],[-88.94597666717682,48.523041919400164],[-88.94418596182248,48.52261332191579],[-88.9431876306636,48.52307101503641],[-88.94395555114113,48.524731519793846],[-88.94268054185477,48.5264534192585],[-88.93748665373418,48.525938229627656],[-88.93508656430191,48.5258706092852],[-88.93134426220676,48.5254117123277],[-88.9292466660816,48.524034321597185],[-88.9308608626288,48.522315821708396],[-88.92971973411478,48.5193749131873],[-88.92812704569333,48.519518631374595],[-88.9262035555583,48.52093633055757],[-88.92424663930775,48.52076213173047],[-88.92253135173,48.5216005217454],[-88.92164184349343,48.52386471923695],[-88.92316124768831,48.525359822856615],[-88.92526703339385,48.52624232032555],[-88.92683745150647,48.52800643184248],[-88.92671433876636,48.52940301011837],[-88.9244696338351,48.53343523153268],[-88.92245723152848,48.53538521936145],[-88.918061765656,48.537374920645746],[-88.9178543634361,48.537981227954596],[-88.91400953452238,48.53913382257332],[-88.91177076708145,48.54084451525681],[-88.91063976210435,48.5410342236962],[-88.90959204738115,48.54199630808845],[-88.90735444338362,48.54266321134574],[-88.90808482471607,48.54398963061953],[-88.90720179063439,48.54593811069101],[-88.87452830850633,48.55462609263673],[-88.87344280670021,48.5549585992516],[-88.85507939209462,48.56200370031664],[-88.80608558281801,48.58065250050662],[-88.80349128290648,48.581942991519696],[-88.80046521663196,48.584269711532336],[-88.7966408122623,48.58812650666865],[-88.79104919252917,48.59335391170091],[-88.77542140561323,48.60917420983992],[-88.771881697914,48.61315680578221],[-88.76475891832685,48.620277909707184],[-88.76321159046043,48.62167159162249],[-88.75351201605255,48.627947597827635],[-88.75151809368353,48.6294422923101],[-88.74545141688151,48.6345475907294],[-88.74072690040813,48.63929688791556],[-88.73748870338771,48.64170718889777],[-88.73150469678008,48.64459820967234],[-88.72752520054254,48.64574109187684],[-88.71994698304889,48.64623200169761],[-88.71476140909638,48.6469915928383],[-88.71323668233649,48.647369891678295],[-88.7050920094703,48.649937309186264],[-88.70151958505083,48.65041649046409],[-88.69736470912541,48.65015289941894],[-88.69394471925182,48.64972079097592],[-88.68977640068472,48.6501201990219],[-88.68082690673705,48.65284920120111],[-88.67462321806481,48.65566789527169],[-88.67058560373583,48.65735560688724],[-88.6446529190667,48.67186889289367],[-88.64266659888445,48.67391409469085],[-88.64196080502602,48.67647980359186],[-88.6410847910808,48.6776959074532],[-88.63530899939336,48.68363179665948],[-88.63435199974614,48.68522029554631],[-88.62743531004112,48.70624369629907],[-88.6213434050892,48.71609359775147],[-88.61898758538574,48.718289198112004],[-88.61607989782999,48.7197697983971],[-88.61208570669235,48.72065719741709],[-88.606685706979,48.7211870930625],[-88.60378311316191,48.72170660743918],[-88.59997341405627,48.722938296465244],[-88.59692589817325,48.72453890407256],[-88.59420628536174,48.72673960592847],[-88.58513190743258,48.735613506975575],[-88.58318148713313,48.73849320177843],[-88.59840666973308,48.73855753985975],[-88.6330936518762,48.738459571213916],[-88.6347713741487,48.738349151816436],[-88.64761028223568,48.738405739324634],[-88.68294135103054,48.73825761381669],[-88.68331158164595,48.738443320479725],[-88.70586472106052,48.73830703851634],[-88.73488589513987,48.73758584381487],[-88.74203478048112,48.73753375687811],[-88.77901545976637,48.737648373880035],[-88.77920815042243,48.73764893800455],[-88.77918937992322,48.723672979776985],[-88.77988805609718,48.69382126541265],[-88.77987684557036,48.67536664418898],[-88.77902440448233,48.66043311248493],[-88.77932660061849,48.650390174357575],[-88.77962005177518,48.64314836197109],[-88.7804971370353,48.64275200234605],[-88.79052294549888,48.64279035861547],[-88.80283992728145,48.642699142544394],[-88.80208911992816,48.63010152704396],[-88.80188954867009,48.627815470430065],[-88.80864404391983,48.62748725350362],[-88.80846201964829,48.619940279162755],[-88.80151000780143,48.62025015099836],[-88.80045472922143,48.6057227546932],[-88.81522088473697,48.60567185857268],[-88.87324969412859,48.6059663702954],[-88.88381087377047,48.6058911866001],[-88.88556437962805,48.603272283848476],[-88.8842691309243,48.600937116028376],[-88.88297186754411,48.60071568087697],[-88.88253300685027,48.59986845208974],[-88.88425130999626,48.59795171387791],[-88.88364075073046,48.5965046666657],[-88.88330921176231,48.59418063269942],[-88.88553101111964,48.59267844082863],[-88.88600311138866,48.59080895691482],[-88.88674416532518,48.58996041996594],[-88.88633080927222,48.58870800681582],[-88.8910794338809,48.58626517250956],[-88.8913219413063,48.5851459553866],[-88.89347297378063,48.58394157287085],[-88.89624848117423,48.58276296242306],[-88.89589003702571,48.58177582859873],[-88.8968685568672,48.58074751947314],[-88.89836435063084,48.58086003025647],[-88.90055105917789,48.57951041109628],[-88.90466576421642,48.578956524373346],[-88.90984415705506,48.578924715526654],[-88.91314984178975,48.578491914432625],[-88.91630252912056,48.577242927457775],[-88.91721324692453,48.576229126440936],[-88.91896113630659,48.57584003361189],[-88.9194710477924,48.57462602268313],[-88.92087525647696,48.57375682741228],[-88.92229365717759,48.57183482476634],[-88.92508174038116,48.570996432120054],[-88.92437353636609,48.56876802632107],[-88.92517533383447,48.56810681254547],[-88.92943363964758,48.56708192916756],[-88.93143968753253,48.5659694771643],[-88.93775359749601,48.564639483516736],[-88.9387734849525,48.564142038093856],[-88.938515331355,48.56315950936369],[-88.9390488185347,48.56122078392825],[-88.9398389400902,48.56055511537184],[-88.94289356381385,48.55962192118342],[-88.94369596553648,48.55827682798155],[-88.94357165770846,48.55680331375352],[-88.94645903590208,48.55540501991631],[-88.94827226533889,48.55532933319027],[-88.95100723829606,48.55385253230371],[-88.95423904027075,48.552960928326584],[-88.95643306068357,48.55292371025339],[-88.95829124370246,48.55331492883316],[-88.96239565061231,48.55326302779316],[-88.96789456527182,48.551081820119215],[-88.96967203159942,48.55079052527385],[-88.97131253189526,48.549763711000836],[-88.97066723673171,48.549198913946974],[-88.97281556348005,48.547641628897026],[-88.97403418812262,48.54746441012762],[-88.97341650508946,48.54337319104371],[-88.9685398138113,48.54130651030442],[-88.96680499483062,48.53919489943937],[-88.9634812994419,48.53760404151455],[-88.96407011881212,48.536109904737735],[-88.9626662098445,48.53482099925465],[-88.96296909844183,48.532245890022566]]]},"properties":{"DAUID":"35580381","DGUID":"2021S051235580381","LANDAREA":166.6882,"PRUID":"35","CMA":"Thunder_Bay"}},
{"type":"Feature","geometry":{"type":"MultiPolygon","coordinates":[[[[-88.90735444338362,48.54266321134574],[-88.90512415651332,48.5431680245983],[-88.9013421518072,48.54276273177448],[-88.89784974714395,48.5421276181822],[-88.89514104001582,48.5428830248362],[-88.89239955603259,48.54239731608828],[-88.88940174217251,48.543400208891924],[-88.88715825180437,48.54355401155348],[-88.88473633846044,48.544376424432784],[-88.8813781383078,48.54370262107483],[-88.87991245395796,48.54510312002757],[-88.8785887620627,48.54448592313104],[-88.87715604750004,48.54458132825065],[-88.87571746380067,48.543786034882025],[-88.87491954684009,48.54235953085527],[-88.87550386187215,48.54130631798084],[-88.87705906145979,48.54122701517299],[-88.87842416402066,48.54040401633004],[-88.87582434969121,48.538979933192046],[-88.87182576581533,48.53966581154444],[-88.87079474308048,48.53962861585375],[-88.86874826207816,48.54071452693743],[-88.86954093836114,48.54126842617762],[-88.870084362351,48.542780109501486],[-88.87188303859662,48.54305672691793],[-88.87189785350833,48.54455903096163],[-88.87102273078335,48.54544592360361],[-88.86848204248525,48.545262314478244],[-88.86941104090421,48.54730750956535],[-88.86736103714924,48.54904122194999],[-88.86571763282902,48.54894190910809],[-88.86321513585479,48.54980121866058],[-88.8604162438383,48.55181681800991],[-88.85796406010142,48.552945015848444],[-88.855646443584,48.554421930503],[-88.85447373143114,48.55570943216897],[-88.85123593278608,48.556859218355484],[-88.84736424798463,48.55921562960559],[-88.8438547556888,48.56036053170825],[-88.84152486007837,48.56039782830866],[-88.83725692933523,48.55894552409303],[-88.83333423463316,48.560663518547585],[-88.82801564047962,48.558633917895875],[-88.8275712908411,48.557970077838434],[-88.82506425929091,48.55834782474532],[-88.82246676402609,48.559990429006056],[-88.82138884924815,48.55979163002722],[-88.82026484458997,48.560574122875806],[-88.8186096336605,48.56052832820396],[-88.81753593481835,48.561202027613724],[-88.81779584679681,48.562403520458595],[-88.81943695355403,48.56356521628094],[-88.81909693838615,48.564668221800616],[-88.81690224925644,48.56659220920615],[-88.81304985978855,48.56841643214553],[-88.81000293062012,48.568887209181064],[-88.80904445735875,48.56785862535749],[-88.8062081345996,48.568532916682315],[-88.80476076001426,48.56938341282594],[-88.80184725462652,48.56903310972461],[-88.80059233752655,48.56996153360378],[-88.7987541616577,48.570116219815105],[-88.7970960430766,48.57076292004185],[-88.79164936422423,48.57199941971291],[-88.79106783176313,48.57280921974464],[-88.79151994546373,48.573710816511614],[-88.78885295907928,48.57420211153812],[-88.78635706571622,48.573782117010836],[-88.78556734298736,48.57214793336506],[-88.7809180588908,48.57371342644995],[-88.77881273109874,48.57360201687346],[-88.77679324715932,48.57554962032729],[-88.77492664311904,48.57529051004207],[-88.7739267676151,48.5746131230625],[-88.77198303178913,48.574859021727676],[-88.76849604470341,48.57323021243784],[-88.76559722950032,48.57213211747801],[-88.76429515573689,48.570946509917505],[-88.76232913581791,48.570157910986055],[-88.7596929336604,48.56845281783937],[-88.75832114066266,48.5672052187687],[-88.75942071705997,48.5650559423404],[-88.74687028997023,48.564614502197465],[-88.74269419700119,48.56457881126362],[-88.74141782184627,48.564931666240945],[-88.7341522859246,48.56460540215475],[-88.72482499928319,48.56486599853155],[-88.72169358698888,48.56446299023125],[-88.7210401029332,48.56477869005838],[-88.70663539730602,48.56490320056448],[-88.69585818693609,48.564873490199474],[-88.67652370003123,48.56512970676166],[-88.67534923540671,48.5648912528602],[-88.65733111980971,48.5652384201754],[-88.64964939486771,48.565293092604115],[-88.63814839365602,48.56509750801733],[-88.63621629445348,48.56528318501426],[-88.63526436650628,48.566095720243034],[-88.63591685833104,48.567426924215965],[-88.6341394530397,48.568639816425794],[-88.63465844870932,48.57129551799989],[-88.63355974901074,48.57252562596188],[-88.63052706253951,48.573918209826566],[-88.62959696751419,48.574084309219764],[-88.62801786149586,48.57557313246833],[-88.62823904585593,48.576550618526554],[-88.62635035234938,48.57712393173234],[-88.62616715077304,48.57859632052411],[-88.62446915949333,48.57976630993994],[-88.62343124389399,48.58165232018192],[-88.62340606662475,48.582557930620716],[-88.62216205289909,48.58478641591168],[-88.62278205925955,48.58551542099957],[-88.62241114914052,48.5879082201645],[-88.62353306058317,48.58779461563976],[-88.62323553866264,48.589512623626746],[-88.62478465238931,48.59130142201951],[-88.625618843301,48.59151571355347],[-88.62953664195886,48.5939951203483],[-88.62967824506906,48.59671022122713],[-88.63088104233258,48.59868141241486],[-88.63042602866875,48.60266453179571],[-88.63103764800356,48.60312362979854],[-88.6296833486056,48.60445631173596],[-88.62984356199443,48.60564172207153],[-88.62904603801478,48.60741633229854],[-88.6277428595826,48.60865831995199],[-88.62633985142705,48.61059561860646],[-88.62419865448867,48.61236332250332],[-88.62380714262355,48.61411541050949],[-88.62222953200222,48.61484832336003],[-88.62169344450868,48.6159006165174],[-88.62021825824628,48.616443232853165],[-88.61796043544474,48.61839920778309],[-88.61670544806663,48.618191924613996],[-88.61696174648222,48.619842616097664],[-88.61565753664317,48.621073210792744],[-88.61582485068728,48.6216376130486],[-88.61388273724482,48.62243972627819],[-88.61169525287839,48.621929431118716],[-88.6044782461093,48.62200333064963],[-88.60269562965702,48.62099351984267],[-88.6009867464214,48.619307928175026],[-88.59829784160041,48.62138753020598],[-88.59674356142885,48.62072533259235],[-88.59499905143132,48.62263883066421],[-88.59232085318159,48.62205512824638],[-88.59163603537355,48.62099401987259],[-88.5922631363489,48.620220624491864],[-88.59131024521056,48.618830329453125],[-88.58985356010544,48.61911131188962],[-88.58832402956659,48.61836772051119],[-88.58717135298446,48.61839261352449],[-88.58586944394969,48.61971502440312],[-88.58433383124954,48.62007812739113],[-88.58222945632961,48.62221221495687],[-88.58064055497104,48.62130741436421],[-88.5792188621411,48.621407921520884],[-88.5785270643645,48.62272192121889],[-88.57746075117832,48.622907527140775],[-88.57737874615951,48.62419512996073],[-88.575832961506,48.62597961812685],[-88.57290583899817,48.62699131348719],[-88.56996494549806,48.6262487165019],[-88.56980835427333,48.62557610963614],[-88.56809405412957,48.62543752315034],[-88.5652476602899,48.62598911152923],[-88.56333683514643,48.62915492343015],[-88.56395504268983,48.630711927019966],[-88.56273603396536,48.63167312119547],[-88.56120655550046,48.63181082102179],[-88.56026236356914,48.63112191523053],[-88.55907455164679,48.63221763332667],[-88.55428194535776,48.63173362945768],[-88.55154596116282,48.63103283349124],[-88.55000375448897,48.628984316405536],[-88.54818876096827,48.629548517079236],[-88.54850583978103,48.630596916013154],[-88.54633193845932,48.631408813038966],[-88.54629395726393,48.634162313548515],[-88.54444395650599,48.63847861581405],[-88.54181074814757,48.64204951018388],[-88.54021243106811,48.64306061621745],[-88.537351752908,48.64407942282784],[-88.5343958379405,48.644649718904915],[-88.53565294734136,48.64581151118722],[-88.5384866366557,48.64568372408005],[-88.54129986164662,48.64622181537267],[-88.54403125656007,48.64719291451264],[-88.5480986377531,48.64966630905477],[-88.55113795131113,48.653584026815885],[-88.55141565256025,48.6551097293818],[-88.55094933478327,48.6558447287105],[-88.5527917348208,48.65923863227929],[-88.5520628423858,48.66203742677031],[-88.55120914245744,48.6629845284304],[-88.5490769371988,48.663427112108934],[-88.54707543816694,48.66503742978062],[-88.54430712963944,48.66556042437927],[-88.54154385509061,48.66758572649694],[-88.54273045567354,48.66908121737062],[-88.54256524512208,48.6703430211757],[-88.54392014645472,48.670675731579074],[-88.54416966531439,48.67217481061205],[-88.54735626368678,48.671547218577516],[-88.54913155794233,48.67185621393155],[-88.55324305304977,48.674805719176156],[-88.5542931519723,48.676707831493914],[-88.5548407656788,48.67860771139783],[-88.55431516472913,48.68183562296329],[-88.55446134885183,48.683057212578426],[-88.55251944945132,48.6848557306558],[-88.55198463179009,48.686464319418704],[-88.55015444500214,48.687928411244684],[-88.54631933775148,48.69181262607225],[-88.5454734290145,48.6921478211163],[-88.54311193911516,48.69402381895571],[-88.54105155357506,48.69508601856362],[-88.53494616089432,48.6976505218567],[-88.53031106539048,48.69897172054168],[-88.52643643692704,48.69983281115544],[-88.52505914540592,48.699680212087344],[-88.52141544649449,48.70008822199876],[-88.51855753088932,48.6999640259598],[-88.51601163080946,48.69936771199982],[-88.51398904721577,48.699448332177425],[-88.51241946362512,48.70013472330011],[-88.51258695374516,48.7030024212467],[-88.51494944374791,48.70382602692781],[-88.5158890420412,48.70297702476792],[-88.51717264749769,48.703176033099965],[-88.51900556484898,48.704465428664726],[-88.519820566753,48.706703812716974],[-88.51764356153227,48.708891631756366],[-88.51624624011872,48.70989072072792],[-88.51650893142322,48.711848518002434],[-88.51621765474212,48.71346272312962],[-88.5170858401478,48.71430591733822],[-88.52073755793995,48.71593113147677],[-88.52246096365633,48.71762672647222],[-88.52383304710054,48.71849021223766],[-88.52472944163299,48.71801062293609],[-88.52781003275685,48.71961613111475],[-88.53062056512118,48.7190390214843],[-88.5349905616036,48.72011442383753],[-88.53857585829806,48.72175803258415],[-88.53942603024866,48.724220721771424],[-88.53895273702096,48.726089314411446],[-88.53942802810016,48.728296130039745],[-88.54095813334403,48.72852753115887],[-88.54095296001812,48.73236010910902],[-88.54250036287254,48.732708328079426],[-88.54421945854445,48.73244232203656],[-88.54593935101222,48.73309401531029],[-88.54790456177503,48.73464201918022],[-88.55067408409876,48.73752550521587],[-88.56389056003928,48.738199235834564],[-88.58318148713313,48.73849320177843],[-88.58513190743258,48.735613506975575],[-88.59420628536174,48.72673960592847],[-88.59692589817325,48.72453890407256],[-88.59997341405627,48.722938296465244],[-88.60378311316191,48.72170660743918],[-88.606685706979,48.7211870930625],[-88.61208570669235,48.72065719741709],[-88.61607989782999,48.7197697983971],[-88.61898758538574,48.718289198112004],[-88.6213434050892,48.71609359775147],[-88.62743531004112,48.70624369629907],[-88.63435199974614,48.68522029554631],[-88.63530899939336,48.68363179665948],[-88.6410847910808,48.6776959074532],[-88.64196080502602,48.67647980359186],[-88.64266659888445,48.67391409469085],[-88.6446529190667,48.67186889289367],[-88.67058560373583,48.65735560688724],[-88.67462321806481,48.65566789527169],[-88.68082690673705,48.65284920120111],[-88.68977640068472,48.6501201990219],[-88.69394471925182,48.64972079097592],[-88.69736470912541,48.65015289941894],[-88.70151958505083,48.65041649046409],[-88.7050920094703,48.649937309186264],[-88.71323668233649,48.647369891678295],[-88.71476140909638,48.6469915928383],[-88.71994698304889,48.64623200169761],[-88.72752520054254,48.64574109187684],[-88.73150469678008,48.64459820967234],[-88.73748870338771,48.64170718889777],[-88.74072690040813,48.63929688791556],[-88.74545141688151,48.6345475907294],[-88.75151809368353,48.6294422923101],[-88.75351201605255,48.627947597827635],[-88.76321159046043,48.62167159162249],[-88.76475891832685,48.620277909707184],[-88.771881697914,48.61315680578221],[-88.77542140561323,48.60917420983992],[-88.79104919252917,48.59335391170091],[-88.7966408122623,48.58812650666865],[-88.80046521663196,48.584269711532336],[-88.80349128290648,48.581942991519696],[-88.80608558281801,48.58065250050662],[-88.85507939209462,48.56200370031664],[-88.87344280670021,48.5549585992516],[-88.87452830850633,48.55462609263673],[-88.90720179063439,48.54593811069101],[-88.90808482471607,48.54398963061953],[-88.90735444338362,48.54266321134574]]],[[[-88.87902003333622,48.53966552428207],[-88.8813961479486,48.53943772098177],[-88.884884735005,48.53815712509818],[-88.88621714885865,48.537919331366474],[-88.88793443642226,48.53855692801892],[-88.89029165417591,48.53782552504289],[-88.89186333971537,48.536738012940894],[-88.89368215153874,48.53428792468712],[-88.89302624245343,48.53413670897947],[-88.88979725982664,48.53509851601597],[-88.88747774139712,48.53647712720523],[-88.88394986436064,48.53742562529787],[-88.88358054660002,48.538061514849],[-88.88131043063511,48.537855733081805],[-88.8790738362168,48.53855802623767],[-88.87902003333622,48.53966552428207]]]]},"properties":{"DAUID":"35580382","DGUID":"2021S051235580382","LANDAREA":187.9125,"PRUID":"35","CMA":"Thunder_Bay"}},
{"type":"Feature","geometry":{"type":"Polygon","coordinates":[[[-89.3335484133425,48.318770512484974],[-89.34025729113736,48.318788926989455],[-89.34024881534201,48.32123500475689],[-89.34146230134566,48.32121930447978],[-89.34283181074245,48.31901400584359],[-89.34285459789062,48.316863100400745],[-89.34537691069774,48.31685668972349],[-89.34592589428807,48.31529789496771],[-89.34601191254167,48.31099529122269],[-89.34730098243283,48.30998830284264],[-89.34904519458618,48.31125729240054],[-89.34874910878916,48.31685079243099],[-89.35232418422738,48.316858693544624],[-89.35231058807162,48.31509540570069],[-89.351774851605,48.31388910819848],[-89.35171649507579,48.31019204462749],[-89.3553489113538,48.31026270200081],[-89.35544811511386,48.30765319568036],[-89.36103358280288,48.307691589904195],[-89.36100209897644,48.29853269187272],[-89.38121998565502,48.29861950901081],[-89.38878238139914,48.2985615115011],[-89.38877310546982,48.29027489376949],[-89.38697330657287,48.28930864041843],[-89.38269828509834,48.28922188142501],[-89.36175360150675,48.289576411374],[-89.33668426979033,48.28985258914141],[-89.33639181070824,48.28985397599479],[-89.33755769275348,48.307986513149665],[-89.33388302847979,48.308007781255085],[-89.33353370649756,48.316872801439374],[-89.3335484133425,48.318770512484974]]]},"properties":{"DAUID":"35580435","DGUID":"2021S051235580435","LANDAREA":7.0909,"PRUID":"35","CMA":"Thunder_Bay"}},
{"type":"Feature","geometry":{"type":"Polygon","coordinates":[[[-89.3335484133425,48.318770512484974],[-89.33362208671396,48.32827079436935],[-89.32904860067006,48.32828260570992],[-89.32798899022625,48.32871798707295],[-89.32797179740498,48.33574540426214],[-89.32817189581083,48.33599279357788],[-89.33977861330072,48.33050161185643],[-89.3426733054453,48.32902071256268],[-89.34772968869744,48.32555330401953],[-89.34660118610248,48.32323225219341],[-89.34725896840988,48.32129718993217],[-89.34905397146501,48.318861550539296],[-89.34874910878916,48.31685079243099],[-89.34904519458618,48.31125729240054],[-89.34730098243283,48.30998830284264],[-89.34601191254167,48.31099529122269],[-89.34592589428807,48.31529789496771],[-89.34537691069774,48.31685668972349],[-89.34285459789062,48.316863100400745],[-89.34283181074245,48.31901400584359],[-89.34146230134566,48.32121930447978],[-89.34024881534201,48.32123500475689],[-89.34025729113736,48.318788926989455],[-89.3335484133425,48.318770512484974]]]},"properties":{"DAUID":"35580436","DGUID":"2021S051235580436","LANDAREA":1.7898,"PRUID":"35","CMA":"Thunder_Bay"}},
{"type":"Feature","geometry":{"type":"Polygon","coordinates":[[[-89.34874910878916,48.31685079243099],[-89.34905397146501,48.318861550539296],[-89.34725896840988,48.32129718993217],[-89.34660118610248,48.32323225219341],[-89.34772968869744,48.32555330401953],[-89.34964978813692,48.326765693954485],[-89.35068460111287,48.32696950827077],[-89.35534980241889,48.32631610313684],[-89.35784630220358,48.32544618905812],[-89.36101390528324,48.32538118854992],[-89.36099596217844,48.316486218130336],[-89.3668155978886,48.31316361256949],[-89.37368490027606,48.30875009452764],[-89.37588241719425,48.307958402714235],[-89.37863368369334,48.30764579245207],[-89.38876240074696,48.30765448915091],[-89.38878238139914,48.2985615115011],[-89.38121998565502,48.29861950901081],[-89.36100209897644,48.29853269187272],[-89.36103358280288,48.307691589904195],[-89.35544811511386,48.30765319568036],[-89.3553489113538,48.31026270200081],[-89.35171649507579,48.31019204462749],[-89.351774851605,48.31388910819848],[-89.35231058807162,48.31509540570069],[-89.35232418422738,48.316858693544624],[-89.34874910878916,48.31685079243099]]]},"properties":{"DAUID":"35580437","DGUID":"2021S051235580437","LANDAREA":4.2078,"PRUID":"35","CMA":"Thunder_Bay"}},
{"type":"Feature","geometry":{"type":"Polygon","coordinates":[[[-89.33977861330072,48.33050161185643],[-89.34087490798174,48.33166840981135],[-89.3418070914772,48.33375489218002],[-89.34187088307092,48.33514819903722],[-89.34285519256694,48.33748549777462],[-89.34501491731695,48.33925889508211],[-89.3473682894918,48.33937290895973],[-89.34902740965063,48.339060099338646],[-89.35323401070815,48.337507402308134],[-89.35744889110377,48.33526169417224],[-89.36041371375636,48.33517381261982],[-89.36161578162913,48.335491109270706],[-89.36668879609283,48.33546770663925],[-89.36976038663326,48.335647394391586],[-89.37131628123839,48.33544430134154],[-89.38729839901207,48.33524850101324],[-89.38837650870374,48.33492919809448],[-89.38868880874182,48.329962092595345],[-89.38852958663917,48.32278421876029],[-89.38876240074696,48.30765448915091],[-89.37863368369334,48.30764579245207],[-89.37588241719425,48.307958402714235],[-89.37368490027606,48.30875009452764],[-89.3668155978886,48.31316361256949],[-89.36099596217844,48.316486218130336],[-89.36101390528324,48.32538118854992],[-89.35784630220358,48.32544618905812],[-89.35534980241889,48.32631610313684],[-89.35068460111287,48.32696950827077],[-89.34964978813692,48.326765693954485],[-89.34772968869744,48.32555330401953],[-89.3426733054453,48.32902071256268],[-89.33977861330072,48.33050161185643]]]},"properties":{"DAUID":"35580438","DGUID":"2021S051235580438","LANDAREA":7.5191,"PRUID":"35","CMA":"Thunder_Bay"}},
{"type":"Feature","geometry":{"type":"Polygon","coordinates":[[[-89.38883917117833,48.34505083841538],[-89.3890522212929,48.344982047162674],[-89.38837650870374,48.33492919809448],[-89.38729839901207,48.33524850101324],[-89.37131628123839,48.33544430134154],[-89.36976038663326,48.335647394391586],[-89.36668879609283,48.33546770663925],[-89.36161578162913,48.335491109270706],[-89.36041371375636,48.33517381261982],[-89.35744889110377,48.33526169417224],[-89.35323401070815,48.337507402308134],[-89.34902740965063,48.339060099338646],[-89.3473682894918,48.33937290895973],[-89.34501491731695,48.33925889508211],[-89.34285519256694,48.33748549777462],[-89.34187088307092,48.33514819903722],[-89.3418070914772,48.33375489218002],[-89.34087490798174,48.33166840981135],[-89.33977861330072,48.33050161185643],[-89.32817189581083,48.33599279357788],[-89.32154921246396,48.3399241100699],[-89.31961540639433,48.34058910989884],[-89.31802248536049,48.34161479770162],[-89.31708749238946,48.342722409780265],[-89.31658570698879,48.34462999022873],[-89.31659014352346,48.346539707005384],[-89.3181446576415,48.34649862089514],[-89.32477684639886,48.34541991768003],[-89.32692913468135,48.344665614109275],[-89.33129306408355,48.34091521547483],[-89.3321729419913,48.33979073178292],[-89.33291246679534,48.337661229715884],[-89.3339459602066,48.33665052322008],[-89.33585044403321,48.33580212211454],[-89.33751813648985,48.33567822860923],[-89.3400042493669,48.336923333252116],[-89.33953474032553,48.33816551759925],[-89.33586735211873,48.33971563013449],[-89.33641724049804,48.34082023189349],[-89.3412758549616,48.34199902811262],[-89.34175175950438,48.34266411505549],[-89.34151415410598,48.344252520079735],[-89.34041734825509,48.34535461058135],[-89.33672333187624,48.346923319912236],[-89.33433225069803,48.34835753402438],[-89.33367375094207,48.34960353129124],[-89.333932062485,48.351415818942236],[-89.33511265170435,48.35243552234141],[-89.33669683314547,48.353132224231516],[-89.33931593565069,48.353429808777136],[-89.34166046104573,48.35304022354577],[-89.34711954804162,48.35080542289904],[-89.35042636370194,48.34962221605111],[-89.35178466104799,48.348046830598776],[-89.3521239400271,48.34339712200612],[-89.3545332330466,48.341494331617135],[-89.35708976712137,48.34074012710756],[-89.35953566604476,48.340806927592475],[-89.36406263815645,48.342972314693206],[-89.36473803396356,48.344443033618],[-89.36461394685644,48.34555233215242],[-89.36922134469063,48.34507052941696],[-89.37205353231356,48.34502121336767],[-89.37518304547959,48.34555942588657],[-89.38022795183998,48.34722762349382],[-89.38283574045599,48.346705727876625],[-89.38587736182795,48.34680461862558],[-89.38659094591051,48.34589901510507],[-89.38883917117833,48.34505083841538]]]},"properties":{"DAUID":"35580439","DGUID":"2021S051235580439","LANDAREA":5.4839,"PRUID":"35","CMA":"Thunder_Bay"}},
{"type":"Feature","geometry":{"type":"Polygon","coordinates":[[[-89.31659014352346,48.346539707005384],[-89.31658570698879,48.34462999022873],[-89.31708749238946,48.342722409780265],[-89.31802248536049,48.34161479770162],[-89.31961540639433,48.34058910989884],[-89.32154921246396,48.3399241100699],[-89.32817189581083,48.33599279357788],[-89.32797179740498,48.33574540426214],[-89.32798899022625,48.32871798707295],[-89.32904860067006,48.32828260570992],[-89.33362208671396,48.32827079436935],[-89.3335484133425,48.318770512484974],[-89.33353370649756,48.316872801439374],[-89.306299986396,48.317526246640064],[-89.30596301087515,48.32799220211726],[-89.30601578280152,48.34112749803672],[-89.30565797843386,48.34189170403565],[-89.30622169920954,48.34392990262719],[-89.29998979388219,48.347573403346786],[-89.29702300638561,48.34744703485562],[-89.29117322990898,48.347733148784314],[-89.29150099842418,48.35000617916977],[-89.28815931464436,48.350211349494735],[-89.28775964979808,48.34807555630608],[-89.27924956441244,48.34834152459623],[-89.279294016489,48.34605312958062],[-89.27541602570805,48.34614441286945],[-89.27557018361608,48.35128677369777],[-89.2846139827761,48.35119903055247],[-89.28564201499603,48.35188975024731],[-89.28631764212265,48.354633135049625],[-89.27913862823858,48.356528765335256],[-89.27948082047048,48.3598792131387],[-89.28696943535203,48.35823970003475],[-89.29003935501494,48.35575351670924],[-89.29279733773832,48.35283732136033],[-89.29474114424643,48.35193481697141],[-89.29911906822399,48.35142892166083],[-89.30172974736931,48.34945121238678],[-89.30253894806917,48.347041631958994],[-89.3034955350575,48.3461047130662],[-89.30636015563233,48.34467971667569],[-89.3082174615741,48.34426452593796],[-89.31178405773045,48.342847725087985],[-89.31340214403282,48.343112127503794],[-89.31418585765081,48.345813622228626],[-89.31659014352346,48.346539707005384]]]},"properties":{"DAUID":"35580440","DGUID":"2021S051235580440","LANDAREA":6.2059,"PRUID":"35","CMA":"Thunder_Bay"}},
{"type":"Feature","geometry":{"type":"Polygon","coordinates":[[[-89.38859901694879,48.36249311046303],[-89.40659749244894,48.3625046078765],[-89.4159669912999,48.36334291144706],[-89.41599980970587,48.359527894482824],[-89.41650071385135,48.35808700780442],[-89.4176945176999,48.35750510435153],[-89.42439890613825,48.35549979852656],[-89.42592960556482,48.355318404914186],[-89.42790820979889,48.355831905806625],[-89.43314429401964,48.35896809241095],[-89.4354134003308,48.35932210952208],[-89.4412244149593,48.35843690127221],[-89.44284390034349,48.35781919298698],[-89.44330861814909,48.356862689782545],[-89.44361149672474,48.353270300368536],[-89.44329300126621,48.351205289833665],[-89.44327628894418,48.34464481195123],[-89.44388799161686,48.3442263108391],[-89.47081539334086,48.34422839150383],[-89.47082828456183,48.30748000607979],[-89.46022371490838,48.3074919108377],[-89.4587810988573,48.3070727033545],[-89.45627878445377,48.30742190838241],[-89.4488938102491,48.30746549206881],[-89.44887351364034,48.29747699122745],[-89.4484189127893,48.29671289181823],[-89.44889240906117,48.29533510068501],[-89.44879449143275,48.28934479166502],[-89.44108301481039,48.28935581032273],[-89.40549851144402,48.28926928957516],[-89.40516642709481,48.28970431194074],[-89.38697330657287,48.28930864041843],[-89.38877310546982,48.29027489376949],[-89.38878238139914,48.2985615115011],[-89.38876240074696,48.30765448915091],[-89.38852958663917,48.32278421876029],[-89.38868880874182,48.329962092595345],[-89.38837650870374,48.33492919809448],[-89.3890522212929,48.344982047162674],[-89.38883917117833,48.34505083841538],[-89.38887347419049,48.346320489434234],[-89.38852731800762,48.35546560689896],[-89.38860681529127,48.360351508169806],[-89.38859901694879,48.36249311046303]]]},"properties":{"DAUID":"35580441","DGUID":"2021S051235580441","LANDAREA":40.2751,"PRUID":"35","CMA":"Thunder_Bay"}},
{"type":"Feature","geometry":{"type":"Polygon","coordinates":[[[-89.41674361288253,48.39913670626395],[-89.41507381130783,48.39868589164518],[-89.41566709953406,48.3977841054685],[-89.41586141737857,48.380803294692505],[-89.41590111299914,48.37319999333673],[-89.4211190094319,48.37318578848224],[-89.42323618866871,48.37226838936581],[-89.42325920820674,48.367634204004744],[-89.42277688543489,48.3660068022892],[-89.42279008985226,48.36400908741074],[-89.42688551191148,48.364381604203146],[-89.42543430537134,48.362540707453746],[-89.42592960556482,48.355318404914186],[-89.42439890613825,48.35549979852656],[-89.4176945176999,48.35750510435153],[-89.41650071385135,48.35808700780442],[-89.41599980970587,48.359527894482824],[-89.4159669912999,48.36334291144706],[-89.40659749244894,48.3625046078765],[-89.38859901694879,48.36249311046303],[-89.3885462982092,48.37348910869927],[-89.38851941256297,48.38099359691076],[-89.38856459727572,48.3989787065024],[-89.40267973563347,48.399314215257164],[-89.40671898823284,48.39915800492911],[-89.41674361288253,48.39913670626395]]]},"properties":{"DAUID":"35580442","DGUID":"2021S051235580442","LANDAREA":9.3189,"PRUID":"35","CMA":"Thunder_Bay"}},
{"type":"Feature","geometry":{"type":"Polygon","coordinates":[[[-89.41586141737857,48.380803294692505],[-89.4296134913511,48.38079360665159],[-89.4394661937717,48.38068979786924],[-89.44046051060484,48.380840997752316],[-89.44225601539351,48.38213830846928],[-89.44466699372022,48.38137099399868],[-89.44939071794653,48.38066759059514],[-89.47077190085946,48.38064109021811],[-89.47079139739473,48.37155321021862],[-89.45463998145306,48.37154829859967],[-89.45423620336635,48.37129598920149],[-89.4546656039113,48.36899241019275],[-89.45410670055225,48.36579219839302],[-89.45404401465852,48.36336419531767],[-89.44312548648996,48.36487439048393],[-89.4431301848923,48.36581899639062],[-89.43795209832052,48.365964997392524],[-89.43787736890788,48.36505289733698],[-89.43171318727164,48.36481939308279],[-89.42688551191148,48.364381604203146],[-89.42279008985226,48.36400908741074],[-89.42277688543489,48.3660068022892],[-89.42325920820674,48.367634204004744],[-89.42323618866871,48.37226838936581],[-89.4211190094319,48.37318578848224],[-89.41590111299914,48.37319999333673],[-89.41586141737857,48.380803294692505]]]},"properties":{"DAUID":"35580443","DGUID":"2021S051235580443","LANDAREA":5.8401,"PRUID":"35","CMA":"Thunder_Bay"}},
{"type":"Feature","geometry":{"type":"Polygon","coordinates":[[[-89.42679420709906,48.41357289756565],[-89.42696109986746,48.44261331211033],[-89.44883739228601,48.44252738922883],[-89.44866508236149,48.41335230473527],[-89.4487442973981,48.398963509511304],[-89.45066180867678,48.39894068994908],[-89.49103339611483,48.3989190091918],[-89.49842428182903,48.39892060814379],[-89.4983379857582,48.381161201950064],[-89.49795961714266,48.380881493194906],[-89.49307709942076,48.38102350568115],[-89.49269880507185,48.38066890650227],[-89.47077190085946,48.38064109021811],[-89.44939071794653,48.38066759059514],[-89.44466699372022,48.38137099399868],[-89.44225601539351,48.38213830846928],[-89.44046051060484,48.380840997752316],[-89.4394661937717,48.38068979786924],[-89.4296134913511,48.38079360665159],[-89.41586141737857,48.380803294692505],[-89.41566709953406,48.3977841054685],[-89.41507381130783,48.39868589164518],[-89.41674361288253,48.39913670626395],[-89.42674110333984,48.399115098842934],[-89.42679420709906,48.41357289756565]]]},"properties":{"DAUID":"35580444","DGUID":"2021S051235580444","LANDAREA":20.2207,"PRUID":"35","CMA":"Thunder_Bay"}},
{"type":"Feature","geometry":{"type":"Polygon","coordinates":[[[-89.44883739228601,48.44252738922883],[-89.47062508731847,48.442565291147325],[-89.4923336836274,48.44264580204364],[-89.49134230431066,48.41381220183776],[-89.49378530931193,48.41319239467446],[-89.49853369676973,48.41135279777071],[-89.49563119118157,48.40921150932841],[-89.49485628725319,48.40801360111272],[-89.49236169444453,48.40259719373952],[-89.49129100182458,48.40059590998017],[-89.49103339611483,48.3989190091918],[-89.45066180867678,48.39894068994908],[-89.4487442973981,48.398963509511304],[-89.44866508236149,48.41335230473527],[-89.44883739228601,48.44252738922883]]]},"properties":{"DAUID":"35580445","DGUID":"2021S051235580445","LANDAREA":15.7157,"PRUID":"35","CMA":"Thunder_Bay"}},
{"type":"Feature","geometry":{"type":"Polygon","coordinates":[[[-89.49103339611483,48.3989190091918],[-89.49129100182458,48.40059590998017],[-89.49236169444453,48.40259719373952],[-89.49485628725319,48.40801360111272],[-89.49563119118157,48.40921150932841],[-89.49853369676973,48.41135279777071],[-89.49378530931193,48.41319239467446],[-89.49134230431066,48.41381220183776],[-89.4923336836274,48.44264580204364],[-89.51370640246195,48.442765499397495],[-89.54771331313701,48.44295290487026],[-89.5570364151245,48.4430608912409],[-89.55507759309461,48.431515607329516],[-89.5546523818722,48.42788999498119],[-89.55605498563385,48.41758358937594],[-89.55656721638846,48.41324439271991],[-89.53844038657353,48.41346599435669],[-89.52814210934565,48.41347690187608],[-89.5264016961057,48.413812099636885],[-89.52389269491813,48.41500090145711],[-89.52069518685563,48.415664894626005],[-89.51688730058756,48.4157393065901],[-89.51326049349136,48.41509880918075],[-89.5131895005959,48.40598580861893],[-89.51346351436003,48.398934695339804],[-89.49842428182903,48.39892060814379],[-89.49103339611483,48.3989190091918]]]},"properties":{"DAUID":"35580446","DGUID":"2021S051235580446","LANDAREA":17.5242,"PRUID":"35","CMA":"Thunder_Bay"}},
{"type":"Feature","geometry":{"type":"Polygon","coordinates":[[[-89.49842428182903,48.39892060814379],[-89.51346351436003,48.398934695339804],[-89.5131895005959,48.40598580861893],[-89.51326049349136,48.41509880918075],[-89.51688730058756,48.4157393065901],[-89.52069518685563,48.415664894626005],[-89.52389269491813,48.41500090145711],[-89.5264016961057,48.413812099636885],[-89.52814210934565,48.41347690187608],[-89.53844038657353,48.41346599435669],[-89.55656721638846,48.41324439271991],[-89.56988091357678,48.413262511653535],[-89.58825661004578,48.41315629368764],[-89.59745469581236,48.413038899269736],[-89.59984480917784,48.41220210735166],[-89.60055300247524,48.4107193902771],[-89.59985530758675,48.402340394231295],[-89.60113880116099,48.40074580784598],[-89.60273978154854,48.40061059470067],[-89.60566250075225,48.40201099802211],[-89.60686761739493,48.401042596413504],[-89.60409140446578,48.39982399724222],[-89.60132810389919,48.39691929875834],[-89.59980998612784,48.39441728838548],[-89.59475331649843,48.38350379202119],[-89.59334679699177,48.38185400832975],[-89.59166669383556,48.38102399111845],[-89.58930358110442,48.38063621036572],[-89.56821301547309,48.38062589649065],[-89.56366729848308,48.380519009212556],[-89.54183389718625,48.38066009398463],[-89.5068473940896,48.38067160410193],[-89.5008472188285,48.379981188770735],[-89.49565108906616,48.380599301570044],[-89.49269880507185,48.38066890650227],[-89.49307709942076,48.38102350568115],[-89.49795961714266,48.380881493194906],[-89.4983379857582,48.381161201950064],[-89.49842428182903,48.39892060814379]]]},"properties":{"DAUID":"35580447","DGUID":"2021S051235580447","LANDAREA":25.5193,"PRUID":"35","CMA":"Thunder_Bay"}},
{"type":"Feature","geometry":{"type":"Polygon","coordinates":[[[-89.42592960556482,48.355318404914186],[-89.42543430537134,48.362540707453746],[-89.42688551191148,48.364381604203146],[-89.43171318727164,48.36481939308279],[-89.43787736890788,48.36505289733698],[-89.43795209832052,48.365964997392524],[-89.4431301848923,48.36581899639062],[-89.44312548648996,48.36487439048393],[-89.45404401465852,48.36336419531767],[-89.45410670055225,48.36579219839302],[-89.4546656039113,48.36899241019275],[-89.45423620336635,48.37129598920149],[-89.45463998145306,48.37154829859967],[-89.47079139739473,48.37155321021862],[-89.47077190085946,48.38064109021811],[-89.49269880507185,48.38066890650227],[-89.49565108906616,48.380599301570044],[-89.5008472188285,48.379981188770735],[-89.5068473940896,48.38067160410193],[-89.54183389718625,48.38066009398463],[-89.56366729848308,48.380519009212556],[-89.56821301547309,48.38062589649065],[-89.56858748557173,48.377669808239375],[-89.57067419934302,48.37378120040563],[-89.57054851344324,48.37182250350088],[-89.56951340282892,48.370307095846485],[-89.56762341902999,48.364950694554416],[-89.56009510726852,48.365073602139496],[-89.55672131612042,48.364842690302474],[-89.54714439926248,48.36314780341489],[-89.54298588727806,48.362609998737625],[-89.53310361164478,48.36100171165775],[-89.52702098521964,48.358679190756675],[-89.52111630841947,48.357216208635386],[-89.51653560996603,48.35549008921359],[-89.51317409957096,48.353296197071835],[-89.51031480129296,48.35225199229773],[-89.50932300148415,48.35102290463991],[-89.50932321784798,48.34415770408598],[-89.47081539334086,48.34422839150383],[-89.44388799161686,48.3442263108391],[-89.44327628894418,48.34464481195123],[-89.44329300126621,48.351205289833665],[-89.44361149672474,48.353270300368536],[-89.44330861814909,48.356862689782545],[-89.44284390034349,48.35781919298698],[-89.4412244149593,48.35843690127221],[-89.4354134003308,48.35932210952208],[-89.43314429401964,48.35896809241095],[-89.42790820979889,48.355831905806625],[-89.42592960556482,48.355318404914186]]]},"properties":{"DAUID":"35580448","DGUID":"2021S051235580448","LANDAREA":26.3132,"PRUID":"35","CMA":"Thunder_Bay"}},
{"type":"Feature","geometry":{"type":"Polygon","coordinates":[[[-89.47081539334086,48.34422839150383],[-89.50932321784798,48.34415770408598],[-89.50932300148415,48.35102290463991],[-89.51031480129296,48.35225199229773],[-89.51317409957096,48.353296197071835],[-89.51653560996603,48.35549008921359],[-89.52111630841947,48.357216208635386],[-89.52702098521964,48.358679190756675],[-89.53310361164478,48.36100171165775],[-89.54298588727806,48.362609998737625],[-89.54714439926248,48.36314780341489],[-89.55672131612042,48.364842690302474],[-89.56009510726852,48.365073602139496],[-89.56762341902999,48.364950694554416],[-89.57286041270841,48.36410481030076],[-89.57436579125732,48.36370220292931],[-89.57578939761983,48.36221268880855],[-89.5758846175126,48.36088790687255],[-89.57672291726482,48.359573405295336],[-89.58087999189024,48.35660989981764],[-89.5804788161487,48.3561509988324],[-89.58045149963694,48.34412170701892],[-89.57609051293738,48.344093591773394],[-89.55286351915898,48.34412589892685],[-89.55296319900634,48.34342180045352],[-89.553070385121,48.325847011888904],[-89.54123410126397,48.32577628902639],[-89.52523115831302,48.32583559577089],[-89.52539918384153,48.30395320263582],[-89.52554952379252,48.28925968415154],[-89.50576918103015,48.28928649975188],[-89.48426750564373,48.28934830623131],[-89.47079631766198,48.289305797038416],[-89.44879449143275,48.28934479166502],[-89.44889240906117,48.29533510068501],[-89.4484189127893,48.29671289181823],[-89.44887351364034,48.29747699122745],[-89.4488938102491,48.30746549206881],[-89.45627878445377,48.30742190838241],[-89.4587810988573,48.3070727033545],[-89.46022371490838,48.3074919108377],[-89.47082828456183,48.30748000607979],[-89.47081539334086,48.34422839150383]]]},"properties":{"DAUID":"35580450","DGUID":"2021S051235580450","LANDAREA":41.9861,"PRUID":"35","CMA":"Thunder_Bay"}},
{"type":"Feature","geometry":{"type":"Polygon","coordinates":[[[-89.553070385121,48.325847011888904],[-89.56181130741166,48.325805403131476],[-89.57270419436747,48.325895110612],[-89.63251540905377,48.325390810595216],[-89.63225860858273,48.31324603197288],[-89.63057223575203,48.313207203062845],[-89.63019011389824,48.30522541824843],[-89.630106117185,48.30009237575234],[-89.63611633058116,48.30016294632486],[-89.63611548173633,48.293658706496814],[-89.63549559747331,48.29288110772997],[-89.63565617529773,48.282559714322666],[-89.63646278263576,48.27632160662316],[-89.63668197077251,48.267746171194936],[-89.63643423578591,48.25799962885783],[-89.63626339914823,48.256719407106445],[-89.63640731581019,48.24668350747135],[-89.63643070410953,48.238755811598764],[-89.6336875898838,48.23884570410173],[-89.61470729917924,48.23881130886041],[-89.61483779799792,48.232653790971824],[-89.61342599610458,48.23164209171843],[-89.59310289096523,48.23216561072836],[-89.56973198422341,48.2315389077874],[-89.56540028283946,48.23136581167117],[-89.55897398970235,48.23374949606432],[-89.55538431720196,48.23414429961693],[-89.54950968861924,48.23409490280985],[-89.5459223818596,48.23481329863401],[-89.54014120344306,48.23665080836778],[-89.53755388579388,48.236896906405214],[-89.5331038070209,48.23678809963135],[-89.53012078409891,48.237204787239506],[-89.52859841263484,48.23774220649215],[-89.52041058569002,48.24188110606859],[-89.5180738839444,48.242301189737006],[-89.5123435151925,48.24246260295336],[-89.51115360948215,48.242920493419895],[-89.51069569498158,48.24429819950667],[-89.51097320656807,48.24638858995367],[-89.51014188135466,48.248395306511995],[-89.50871061224242,48.249704198682124],[-89.5066733962494,48.25074741106223],[-89.50564291408364,48.25391909466381],[-89.50557831882678,48.263620090558796],[-89.50555951940635,48.28086919571956],[-89.50576918103015,48.28928649975188],[-89.52554952379252,48.28925968415154],[-89.52539918384153,48.30395320263582],[-89.52523115831302,48.32583559577089],[-89.54123410126397,48.32577628902639],[-89.553070385121,48.325847011888904]]]},"properties":{"DAUID":"35580451","DGUID":"2021S051235580451","LANDAREA":86.8822,"PRUID":"35","CMA":"Thunder_Bay"}},
{"type":"Feature","geometry":{"type":"Polygon","coordinates":[[[-89.44879449143275,48.28934479166502],[-89.47079631766198,48.289305797038416],[-89.48426750564373,48.28934830623131],[-89.50576918103015,48.28928649975188],[-89.50555951940635,48.28086919571956],[-89.50557831882678,48.263620090558796],[-89.50564291408364,48.25391909466381],[-89.5066733962494,48.25074741106223],[-89.50871061224242,48.249704198682124],[-89.51014188135466,48.248395306511995],[-89.51097320656807,48.24638858995367],[-89.51069569498158,48.24429819950667],[-89.51115360948215,48.242920493419895],[-89.5123435151925,48.24246260295336],[-89.5180738839444,48.242301189737006],[-89.52041058569002,48.24188110606859],[-89.52859841263484,48.23774220649215],[-89.53012078409891,48.237204787239506],[-89.5331038070209,48.23678809963135],[-89.53755388579388,48.236896906405214],[-89.54014120344306,48.23665080836778],[-89.5459223818596,48.23481329863401],[-89.54950968861924,48.23409490280985],[-89.55538431720196,48.23414429961693],[-89.55897398970235,48.23374949606432],[-89.56540028283946,48.23136581167117],[-89.56973198422341,48.2315389077874],[-89.57279451146901,48.22922990047612],[-89.57486600915094,48.22730301172036],[-89.57744881524503,48.22644419190995],[-89.57969000446363,48.22495429771037],[-89.5790458050553,48.22392498735772],[-89.57414208063241,48.220390810192434],[-89.57126271192037,48.21747699846199],[-89.57085188814193,48.21653241158976],[-89.57118349908393,48.201921499347236],[-89.60379990912224,48.201987688585454],[-89.60390888540776,48.17493750891337],[-89.60615259270143,48.173554891211396],[-89.60677251878504,48.17251509879564],[-89.60708868336503,48.17052839658147],[-89.60758579936731,48.169986210899914],[-89.61143238403096,48.16785631157996],[-89.61105941503448,48.16607420831697],[-89.60920499736385,48.16478460831729],[-89.6085349988456,48.16324321127006],[-89.60684499662278,48.161742888624005],[-89.6052273845722,48.15954811142639],[-89.60420398359527,48.15872550661916],[-89.60263280033767,48.158239301152804],[-89.60082498670003,48.15679550980553],[-89.59723078514956,48.15086619675386],[-89.59567820080855,48.14541259286256],[-89.59435930226687,48.14245510095128],[-89.59310939394672,48.142195293404555],[-89.59055649298948,48.14302681047373],[-89.5854194906966,48.14326850792174],[-89.57898379139021,48.142009504643944],[-89.57850830528648,48.1416423079867],[-89.57731071774144,48.13786300551825],[-89.57637339562248,48.13392469040543],[-89.57432249406669,48.1299938086634],[-89.57428140095787,48.1176134954735],[-89.57576701732104,48.116419493387546],[-89.58998991528199,48.11681040964123],[-89.59401790463644,48.115144904774986],[-89.59427401180787,48.114626202605386],[-89.59509728253846,48.10456579775135],[-89.59656930201966,48.10231910622214],[-89.59532850108258,48.09928779357658],[-89.59396169513373,48.09855380604952],[-89.59022190604009,48.09790940903949],[-89.58760811218775,48.09668159165654],[-89.58377928344146,48.095598111539395],[-89.58119661738839,48.09445039318795],[-89.57912269583655,48.094074109193215],[-89.57792788528843,48.0927422102342],[-89.57807081102587,48.09210919045075],[-89.5796508157777,48.090670012320444],[-89.57958680827343,48.08885380598108],[-89.57908089561448,48.08840629088276],[-89.57521219934716,48.08704439457233],[-89.57067828214527,48.08634520343929],[-89.56517881641362,48.08566729031311],[-89.56208640486796,48.08478259576303],[-89.55912770344639,48.08469560038966],[-89.55595188444859,48.08564810231203],[-89.5524008865243,48.08634799752694],[-89.55081721340093,48.08609520821039],[-89.54620371469974,48.08431698977431],[-89.54491238665999,48.08400369235858],[-89.53318048444083,48.083282290164156],[-89.53144849659478,48.083014588064124],[-89.52803948303614,48.0811370989662],[-89.52435959380563,48.08084920994914],[-89.5177852902424,48.07985969089565],[-89.51693408142323,48.07920359138494],[-89.51243561483068,48.079856704543964],[-89.50195830699012,48.08325269840661],[-89.49414230728739,48.08508388936662],[-89.48462748560925,48.088122189891756],[-89.48227190573733,48.089405906811756],[-89.48123710346556,48.09106589967687],[-89.48112569017898,48.09311321094407],[-89.48052789442293,48.09489489111253],[-89.47973991730015,48.09585429643262],[-89.4777443855701,48.09719689387411],[-89.47400630063937,48.098827706034164],[-89.47164408830784,48.10023469437576],[-89.46581341325313,48.10458029011659],[-89.46428290569811,48.106141206735145],[-89.46115539996377,48.110411587332344],[-89.45885770106185,48.112084210101585],[-89.45365339545992,48.114619706995796],[-89.45186480103489,48.11591909097591],[-89.45104891835437,48.11769111063718],[-89.45097711780224,48.12126480102189],[-89.45037189497201,48.12831400034925],[-89.44986908449236,48.129673097300035],[-89.44655530913313,48.1362415129907],[-89.44606950800072,48.13789279763944],[-89.4452738868297,48.14407169415982],[-89.44592491808433,48.146725311879365],[-89.45344401333902,48.16164168785743],[-89.45879680330506,48.16907319610115],[-89.46097071055088,48.174011096114405],[-89.4617445839658,48.178368804361135],[-89.46179629187554,48.18590788754575],[-89.46194720474551,48.18737129515155],[-89.46328979080256,48.19292119080278],[-89.4657777054919,48.20185660765112],[-89.46829408214663,48.2124828974766],[-89.46944540685101,48.21484259771508],[-89.47375118131029,48.22003170882698],[-89.4745887913427,48.22125379686575],[-89.47807230120976,48.229450598189956],[-89.47856349591717,48.231704408018246],[-89.47874700208814,48.236300009048136],[-89.47961921720147,48.24096900605224],[-89.48031219571025,48.242762592042816],[-89.48256930013571,48.2454220896867],[-89.48363310136493,48.24736070914054],[-89.4838859000069,48.24868690445811],[-89.48388579834081,48.254535810086885],[-89.48355078853919,48.25711329755432],[-89.48274230716098,48.260120693303406],[-89.4827370998064,48.263072090074786],[-89.4839046977629,48.27019999499241],[-89.48395998421218,48.27356401080048],[-89.46267571006385,48.273806093480225],[-89.44081009471225,48.273732688702644],[-89.44108301481039,48.28935581032273],[-89.44879449143275,48.28934479166502]]]},"properties":{"DAUID":"35580452","DGUID":"2021S051235580452","LANDAREA":170.3883,"PRUID":"35","CMA":"Thunder_Bay"}},
{"type":"Feature","geometry":{"type":"MultiPolygon","coordinates":[[[[-89.63643070410953,48.238755811598764],[-89.63664749611382,48.22437219660418],[-89.65467822243106,48.22500719550589],[-89.6790294846053,48.22498741094323],[-89.7049245590067,48.22525622753037],[-89.76435211407387,48.225032104991435],[-89.7669609067498,48.225323632799295],[-89.76657979949937,48.22314289488914],[-89.76614736513896,48.210101200422805],[-89.76589048691598,48.187903794914135],[-89.76601908319222,48.17222292257529],[-89.76626698779856,48.167837765041305],[-89.76579385919536,48.15868009953601],[-89.74147263059956,48.15866444715701],[-89.72829908912611,48.15844193339274],[-89.70197972695894,48.158507025157995],[-89.70198132573252,48.10596139867437],[-89.70519269698218,48.09168470409711],[-89.70608697284214,48.075482905041255],[-89.70700471706174,48.05555462408081],[-89.70751812582145,48.0394318482206],[-89.70823771773193,48.01484639012059],[-89.7093847301279,48.01047867625705],[-89.70823699733093,48.01051530780579],[-89.70563251408619,48.008099493341824],[-89.7024789889453,48.00651810630336],[-89.70153069223733,48.00646261112684],[-89.69893520792066,48.00772618902007],[-89.69499998184224,48.008805607735034],[-89.69168379521581,48.01010109297072],[-89.68969900139963,48.01035460909796],[-89.68842148571702,48.01105940576685],[-89.68651118296474,48.01094209999056],[-89.68606081310514,48.01000809324228],[-89.68452779064134,48.00978180290422],[-89.680472716032,48.010606390468205],[-89.67834961302852,48.01078190415556],[-89.67355670025536,48.011712499565675],[-89.67216918261907,48.0113307975936],[-89.67070039332182,48.0096373937411],[-89.66880689425938,48.008286695055034],[-89.66614520078741,48.00763770771924],[-89.66390628473495,48.008860312457955],[-89.66307120605366,48.01069639481697],[-89.66183360025818,48.0108503079244],[-89.65745409276674,48.010466689667574],[-89.65608189338835,48.00907670777767],[-89.65606978772408,48.00832110816259],[-89.65466321512625,48.006325792014316],[-89.6529059025084,48.00467799103766],[-89.65052368284537,48.00375279812936],[-89.64925639034304,48.00378760497088],[-89.64761941827024,48.00565490002544],[-89.64534019446835,48.006445311266525],[-89.64237849784053,48.00647760137865],[-89.64110960902693,48.005786912117124],[-89.63911469864149,48.003745198997336],[-89.63752689689781,48.00391618876033],[-89.63710401650034,48.00538080519543],[-89.63793441170093,48.006363792016145],[-89.63875070836002,48.00852231038498],[-89.63658331360786,48.009580198845214],[-89.633524391464,48.00981240594593],[-89.6299989973799,48.01036490584598],[-89.62744281698444,48.01150480125651],[-89.62397551207785,48.01190269362011],[-89.62233140674711,48.01174229377435],[-89.62037849716597,48.011049011109016],[-89.61861571772828,48.010927299114584],[-89.61618418256126,48.01296229932645],[-89.61594228780842,48.014011603097025],[-89.61412709981674,48.01577160610343],[-89.61289549018724,48.01634859494107],[-89.61179129802754,48.01784938821013],[-89.61064071135732,48.01797680036591],[-89.60903639549363,48.017210199641866],[-89.60950330978473,48.01477010234288],[-89.60822258437506,48.011982695436615],[-89.6097392996809,48.010470497599194],[-89.60977779438709,48.00941670934658],[-89.60813888621153,48.006999987555936],[-89.60597078224578,48.00623830394083],[-89.60255128206535,48.006415597099654],[-89.59997001042842,48.004986196873595],[-89.59446608234208,48.00454910234043],[-89.59116821668434,48.00402760536327],[-89.58973749255804,48.00437490436341],[-89.58745240883431,48.00265368759738],[-89.58534100436417,48.00199049618666],[-89.58475641557045,48.00129279963792],[-89.58505308999393,47.99945050310726],[-89.58339101543451,47.99758031083567],[-89.5816567009242,47.996944391544574],[-89.57607249162825,47.9978796889644],[-89.5731108914928,47.99790109537869],[-89.57044869668212,47.99882459150368],[-89.57118256557789,48.002533433289884],[-89.57225234013734,48.003553221955244],[-89.58007306541442,48.00578022928204],[-89.57999626306166,48.00746462446207],[-89.57931267019497,48.00881170885917],[-89.5739403495526,48.010255033696815],[-89.57261294708584,48.01106762066495],[-89.56786584530053,48.01187581417541],[-89.56623114733847,48.01136342675286],[-89.5664713553518,48.01026032983458],[-89.56420855628623,48.00951903332187],[-89.56169574714991,48.00941311649254],[-89.55381184549539,48.010245713589775],[-89.55165584968015,48.01003273130438],[-89.55052434304636,48.011560532318704],[-89.54861754617515,48.012052725705196],[-89.54151666425042,48.01300200938179],[-89.53676464337255,48.013997927688976],[-89.53624584291794,48.01463031881271],[-89.54305044031604,48.013921819062524],[-89.5451238695469,48.013543023258826],[-89.55198395554159,48.01341772041489],[-89.55441696578781,48.01353451943578],[-89.55643443365759,48.0131117264038],[-89.55850223339843,48.01316462930636],[-89.5589423496507,48.014468522386466],[-89.55811413982057,48.01643062470494],[-89.55320795742647,48.018105530211734],[-89.55047845459589,48.01850812827364],[-89.54979585847092,48.01908112064302],[-89.54816145714608,48.019117422257985],[-89.54670415622297,48.02057152182076],[-89.54480694633915,48.02072153433127],[-89.54293475437454,48.0200161155692],[-89.5390137557689,48.02074183283511],[-89.53672845706309,48.02090932715694],[-89.53494173640082,48.02003091195378],[-89.53186744892393,48.0213405259975],[-89.52693656100662,48.021989130894184],[-89.51991683380862,48.02353811699679],[-89.51014496296501,48.02504782450191],[-89.50432885805499,48.02626361857866],[-89.50285634644885,48.02688062646923],[-89.50381155322957,48.027768614363325],[-89.50783025317475,48.02682612014348],[-89.5106590569053,48.027070220800404],[-89.51221963612075,48.0279898157969],[-89.51425624024496,48.02987082245493],[-89.51576134363565,48.032496109517034],[-89.5151061647423,48.032722631921885],[-89.5151535542337,48.03452120877021],[-89.51353145859234,48.03812902693383],[-89.51221324851626,48.039714508910265],[-89.50932526879009,48.042405209508274],[-89.50777913506734,48.042897815441535],[-89.5022077621603,48.04394611694584],[-89.49850426429124,48.04394582304079],[-89.49410873470407,48.04323152169733],[-89.49117226085926,48.04216153449583],[-89.48867455459347,48.04017312678549],[-89.48772824577578,48.03780013310371],[-89.489596247071,48.035915111918975],[-89.49098794526101,48.035839931654984],[-89.49236983847541,48.034730122526064],[-89.4924894552381,48.03387271086545],[-89.49067144623037,48.03317431048986],[-89.48779104430518,48.03353372958922],[-89.48217484042813,48.03531091001522],[-89.47725093477764,48.03586711204269],[-89.472935969833,48.037372922592134],[-89.47089174922193,48.03755182195902],[-89.46878176973132,48.03635553011979],[-89.46885254685944,48.035310209809914],[-89.4664853441776,48.035748010046],[-89.46523074565938,48.035604013304166],[-89.46499826335213,48.0366347096008],[-89.46737853308078,48.037312526948625],[-89.467527938235,48.037912129563125],[-89.46575165004388,48.038364232553555],[-89.46556286929595,48.039466030905444],[-89.46338134297362,48.039863821426735],[-89.46225235468235,48.038979210669815],[-89.45976605122627,48.039455410290486],[-89.45791343517888,48.03830732957818],[-89.45369166881618,48.038118734251746],[-89.45088963710928,48.03929430818915],[-89.45082925751873,48.04113111750871],[-89.45370365494698,48.04204151422242],[-89.4544144434082,48.04372702749529],[-89.45335825232576,48.0449373271259],[-89.45136955761004,48.045726632141154],[-89.45293365938771,48.04644902358891],[-89.454732043076,48.046455621697376],[-89.45835086289344,48.044956509714126],[-89.4620928681328,48.04435441233412],[-89.46527355799441,48.04464613366861],[-89.46697896933905,48.04607621651226],[-89.47030633974462,48.04802923346614],[-89.47480825767474,48.04956092062625],[-89.47845726581689,48.04981512937977],[-89.4793030339273,48.05010281661322],[-89.4814086534538,48.052027912803574],[-89.4808878366645,48.05431563237976],[-89.4785856459908,48.05528311667456],[-89.47683926922743,48.05552782928795],[-89.47183086644999,48.05576171161258],[-89.46703295044739,48.056188818644976],[-89.46462625736635,48.0569423244362],[-89.4634653351837,48.056805317558414],[-89.4623685709122,48.055758011589255],[-89.45999275954873,48.05575502696835],[-89.4587952443319,48.05653642690952],[-89.45485027052608,48.058249513069754],[-89.4544931326992,48.06033573213703],[-89.45346906029977,48.06081643367704],[-89.44935376602282,48.06149821506287],[-89.44820334828381,48.06129783192961],[-89.44459496805096,48.06248141984744],[-89.4429157326062,48.063587925862535],[-89.44145683647041,48.06396081359528],[-89.43948584414979,48.063723812532],[-89.43806676704853,48.062952023247085],[-89.43783305334763,48.06198521085618],[-89.43455886590723,48.06314342635311],[-89.42794134067387,48.064859308325346],[-89.4257596573757,48.06499532949604],[-89.42285987103854,48.06556052152703],[-89.41965876898406,48.065142120228174],[-89.41447395768428,48.06364063229294],[-89.41260405670067,48.0635539149798],[-89.41288583970638,48.06469972309589],[-89.4154737441046,48.06721872002834],[-89.41471295086392,48.06845841012103],[-89.41343095638493,48.06917822322433],[-89.41213455650636,48.06872862095674],[-89.40731305411306,48.06839792653817],[-89.40293076052257,48.06971342732951],[-89.40240773348582,48.07030021871685],[-89.40368513841221,48.07120921629858],[-89.40850945791622,48.071306125451436],[-89.41240234519063,48.07100840951241],[-89.4155232639091,48.07114083365058],[-89.41750794375872,48.07166591168524],[-89.42116876719415,48.0721444280378],[-89.42309146030833,48.07277641871844],[-89.42500254581779,48.07230311159814],[-89.42558136222883,48.0711931212813],[-89.42873186193594,48.07024251958935],[-89.4320684486722,48.06954203108991],[-89.43566975265695,48.06989643156454],[-89.43806103655659,48.06964771754644],[-89.43946886094517,48.06904201395477],[-89.43868015435841,48.065990417993795],[-89.44155154229433,48.065110624421216],[-89.4460599632181,48.06506862088738],[-89.45016366802582,48.064135322949085],[-89.45552705939518,48.063444932951555],[-89.45794425772445,48.063465132475955],[-89.46174853745975,48.062735813223654],[-89.46729475623495,48.06306673158143],[-89.46860966506954,48.06361432522962],[-89.46912045294741,48.06559181020376],[-89.46818246522226,48.06618791007242],[-89.46547903698736,48.066641924021546],[-89.46284404852804,48.06796712454918],[-89.45926014606232,48.06825992484604],[-89.45396846552234,48.06990281974144],[-89.45189436640796,48.07089192410451],[-89.44906916137224,48.07303071261531],[-89.44775733642827,48.07311261017293],[-89.44242766556935,48.07567362662025],[-89.44004523872452,48.07639912036285],[-89.43608215238496,48.078057923253525],[-89.43453925448674,48.07836953300052],[-89.43091314582686,48.079778013912424],[-89.43145455536272,48.08015352013926],[-89.43357345913273,48.079811714788526],[-89.43627496420048,48.07872863122743],[-89.44010415157304,48.07792753322513],[-89.44136696850312,48.078791430484536],[-89.44139343498485,48.081337310244066],[-89.44334933254396,48.08322130905847],[-89.44566228063378,48.08406240023434],[-89.44015878910517,48.08636730096188],[-89.43805249824764,48.086978895136134],[-89.43258379265619,48.089479298098254],[-89.43079061915081,48.0896162980865],[-89.4302043029273,48.09114030702127],[-89.43065970657392,48.09196751088856],[-89.4305845883583,48.095217306255805],[-89.42944851155954,48.11613451011734],[-89.44000311572104,48.11627059902897],[-89.44158091608277,48.116956895160925],[-89.44546451699358,48.11781010253009],[-89.44768178603654,48.11752889508092],[-89.45104891835437,48.11769111063718],[-89.45186480103489,48.11591909097591],[-89.45365339545992,48.114619706995796],[-89.45885770106185,48.112084210101585],[-89.46115539996377,48.110411587332344],[-89.46428290569811,48.106141206735145],[-89.46581341325313,48.10458029011659],[-89.47164408830784,48.10023469437576],[-89.47400630063937,48.098827706034164],[-89.4777443855701,48.09719689387411],[-89.47973991730015,48.09585429643262],[-89.48052789442293,48.09489489111253],[-89.48112569017898,48.09311321094407],[-89.48123710346556,48.09106589967687],[-89.48227190573733,48.089405906811756],[-89.48462748560925,48.088122189891756],[-89.49414230728739,48.08508388936662],[-89.50195830699012,48.08325269840661],[-89.51243561483068,48.079856704543964],[-89.51693408142323,48.07920359138494],[-89.5177852902424,48.07985969089565],[-89.52435959380563,48.08084920994914],[-89.52803948303614,48.0811370989662],[-89.53144849659478,48.083014588064124],[-89.53318048444083,48.083282290164156],[-89.54491238665999,48.08400369235858],[-89.54620371469974,48.08431698977431],[-89.55081721340093,48.08609520821039],[-89.5524008865243,48.08634799752694],[-89.55595188444859,48.08564810231203],[-89.55912770344639,48.08469560038966],[-89.56208640486796,48.08478259576303],[-89.56517881641362,48.08566729031311],[-89.57067828214527,48.08634520343929],[-89.57521219934716,48.08704439457233],[-89.57908089561448,48.08840629088276],[-89.57958680827343,48.08885380598108],[-89.5796508157777,48.090670012320444],[-89.57807081102587,48.09210919045075],[-89.57792788528843,48.0927422102342],[-89.57912269583655,48.094074109193215],[-89.58119661738839,48.09445039318795],[-89.58377928344146,48.095598111539395],[-89.58760811218775,48.09668159165654],[-89.59022190604009,48.09790940903949],[-89.59396169513373,48.09855380604952],[-89.59532850108258,48.09928779357658],[-89.59656930201966,48.10231910622214],[-89.59509728253846,48.10456579775135],[-89.59427401180787,48.114626202605386],[-89.59401790463644,48.115144904774986],[-89.58998991528199,48.11681040964123],[-89.57576701732104,48.116419493387546],[-89.57428140095787,48.1176134954735],[-89.57432249406669,48.1299938086634],[-89.57637339562248,48.13392469040543],[-89.57731071774144,48.13786300551825],[-89.57850830528648,48.1416423079867],[-89.57898379139021,48.142009504643944],[-89.5854194906966,48.14326850792174],[-89.59055649298948,48.14302681047373],[-89.59310939394672,48.142195293404555],[-89.59435930226687,48.14245510095128],[-89.59567820080855,48.14541259286256],[-89.59723078514956,48.15086619675386],[-89.60082498670003,48.15679550980553],[-89.60263280033767,48.158239301152804],[-89.60420398359527,48.15872550661916],[-89.6052273845722,48.15954811142639],[-89.60684499662278,48.161742888624005],[-89.6085349988456,48.16324321127006],[-89.60920499736385,48.16478460831729],[-89.61105941503448,48.16607420831697],[-89.61143238403096,48.16785631157996],[-89.60758579936731,48.169986210899914],[-89.60708868336503,48.17052839658147],[-89.60677251878504,48.17251509879564],[-89.60615259270143,48.173554891211396],[-89.60390888540776,48.17493750891337],[-89.60379990912224,48.201987688585454],[-89.57118349908393,48.201921499347236],[-89.57085188814193,48.21653241158976],[-89.57126271192037,48.21747699846199],[-89.57414208063241,48.220390810192434],[-89.5790458050553,48.22392498735772],[-89.57969000446363,48.22495429771037],[-89.57744881524503,48.22644419190995],[-89.57486600915094,48.22730301172036],[-89.57279451146901,48.22922990047612],[-89.56973198422341,48.2315389077874],[-89.59310289096523,48.23216561072836],[-89.61342599610458,48.23164209171843],[-89.61483779799792,48.232653790971824],[-89.61470729917924,48.23881130886041],[-89.6336875898838,48.23884570410173],[-89.63643070410953,48.238755811598764]]],[[[-89.4139545703607,48.05770381897304],[-89.41029865323259,48.05903130973775],[-89.41096954139925,48.059314222749705],[-89.41542204710197,48.058086920778656],[-89.4139545703607,48.05770381897304]]],[[[-89.49678834469249,48.02872242091041],[-89.49678766825515,48.029262329878094],[-89.50046664466774,48.0287773333736],[-89.50239904655047,48.028240320920446],[-89.50022276604925,48.02734291714392],[-89.49678834469249,48.02872242091041]]]]},"properties":{"DAUID":"35580453","DGUID":"2021S051235580453","LANDAREA":316.5501,"PRUID":"35","CMA":"Thunder_Bay"}},
{"type":"Feature","geometry":{"type":"Polygon","coordinates":[[[-89.63225860858273,48.31324603197288],[-89.63432373869679,48.31321308797011],[-89.65097396994128,48.31332835944873],[-89.65097440112618,48.31410958468733],[-89.66196760557324,48.314173389322264],[-89.6617959993353,48.31055732700922],[-89.67213656326442,48.31065795426062],[-89.67207254831762,48.311059437587005],[-89.68276323932899,48.311121331299304],[-89.69177004051708,48.31109323549008],[-89.71335678293192,48.31125286285675],[-89.71419511113918,48.31132179497504],[-89.72548429957278,48.31130659514331],[-89.72604699529477,48.31118408947754],[-89.7545434141508,48.31113570323882],[-89.75496631469514,48.311224502468605],[-89.76544610079071,48.31120671218768],[-89.76549319797321,48.302099710943274],[-89.76520069555843,48.30011231288492],[-89.76542765729609,48.28970173737472],[-89.76513243684653,48.2784612396444],[-89.76535668097111,48.27811459652594],[-89.76542171613632,48.26384220879611],[-89.76562508856605,48.25038539683519],[-89.76577680406052,48.25009914712996],[-89.76573189235702,48.24262660387336],[-89.76598158758944,48.24126188801434],[-89.76627774614903,48.228932611731004],[-89.7669609067498,48.225323632799295],[-89.76435211407387,48.225032104991435],[-89.7049245590067,48.22525622753037],[-89.6790294846053,48.22498741094323],[-89.65467822243106,48.22500719550589],[-89.63664749611382,48.22437219660418],[-89.63643070410953,48.238755811598764],[-89.63640731581019,48.24668350747135],[-89.63626339914823,48.256719407106445],[-89.63643423578591,48.25799962885783],[-89.63668197077251,48.267746171194936],[-89.63646278263576,48.27632160662316],[-89.63565617529773,48.282559714322666],[-89.63549559747331,48.29288110772997],[-89.63611548173633,48.293658706496814],[-89.63611633058116,48.30016294632486],[-89.630106117185,48.30009237575234],[-89.63019011389824,48.30522541824843],[-89.63057223575203,48.313207203062845],[-89.63225860858273,48.31324603197288]]]},"properties":{"DAUID":"35580454","DGUID":"2021S051235580454","LANDAREA":92.6764,"PRUID":"35","CMA":"Thunder_Bay"}},
{"type":"Feature","geometry":{"type":"Polygon","coordinates":[[[-89.63251540905377,48.325390810595216],[-89.635543128132,48.3254461739933],[-89.63554416245171,48.35818941833524],[-89.63520923808112,48.36982514327249],[-89.63533078955275,48.37427488216352],[-89.63519610916161,48.391197600086024],[-89.6352859136481,48.39555039295608],[-89.63505095583504,48.406284996842096],[-89.63779950031095,48.40636445146381],[-89.63818575717363,48.41319274214446],[-89.6576753942577,48.4132713793815],[-89.70105469026082,48.41309929909603],[-89.71067111370814,48.412972008030636],[-89.73127611337902,48.41260140048349],[-89.74294731292181,48.41248549323701],[-89.75478960659592,48.41253530252101],[-89.7659377155373,48.41243292647115],[-89.76563586897667,48.406646191064745],[-89.76583129680293,48.398289009006334],[-89.76563152255913,48.383224296135886],[-89.76536576940602,48.3495363476744],[-89.76525118597817,48.326855956227334],[-89.76543821774422,48.325027704388226],[-89.76544610079071,48.31120671218768],[-89.75496631469514,48.311224502468605],[-89.7545434141508,48.31113570323882],[-89.72604699529477,48.31118408947754],[-89.72548429957278,48.31130659514331],[-89.71419511113918,48.31132179497504],[-89.71335678293192,48.31125286285675],[-89.69177004051708,48.31109323549008],[-89.68276323932899,48.311121331299304],[-89.67207254831762,48.311059437587005],[-89.67213656326442,48.31065795426062],[-89.6617959993353,48.31055732700922],[-89.66196760557324,48.314173389322264],[-89.65097440112618,48.31410958468733],[-89.65097396994128,48.31332835944873],[-89.63432373869679,48.31321308797011],[-89.63225860858273,48.31324603197288],[-89.63251540905377,48.325390810595216]]]},"properties":{"DAUID":"35580455","DGUID":"2021S051235580455","LANDAREA":108.5557,"PRUID":"35","CMA":"Thunder_Bay"}},
{"type":"Feature","geometry":{"type":"Polygon","coordinates":[[[-89.64924308937442,48.525993746297075],[-89.67424978145624,48.53165891050414],[-89.69682415793467,48.53695227132547],[-89.72198242249783,48.54294588268748],[-89.72633262788159,48.54391390630823],[-89.76362364101179,48.55257537199327],[-89.76453603608574,48.53425462619119],[-89.7651668547156,48.528698563188954],[-89.7657380290949,48.51009645850552],[-89.76600843825258,48.504658156516676],[-89.76603695619437,48.49792679823223],[-89.76584151607818,48.46820959911342],[-89.76625563580185,48.462506582538666],[-89.7679062017911,48.42981129089069],[-89.7659377155373,48.41243292647115],[-89.75478960659592,48.41253530252101],[-89.74294731292181,48.41248549323701],[-89.73127611337902,48.41260140048349],[-89.71067111370814,48.412972008030636],[-89.70105469026082,48.41309929909603],[-89.6576753942577,48.4132713793815],[-89.63818575717363,48.41319274214446],[-89.63828153165764,48.41459300975727],[-89.63697260971273,48.41457780011499],[-89.63050188692571,48.41464500991852],[-89.62927791765121,48.41527936652581],[-89.63058655246856,48.416472536858954],[-89.62795396993191,48.41703462232229],[-89.62566707669735,48.41787629236435],[-89.62224329716379,48.418702593744015],[-89.6160159146058,48.41938936929033],[-89.60233857193359,48.42280033899058],[-89.59655987820155,48.42434147028041],[-89.59510112249001,48.425985093416934],[-89.59175663888622,48.42694956116378],[-89.58897146318223,48.42856151853197],[-89.58457126035893,48.43182029885644],[-89.58444867880347,48.4331002083746],[-89.58371107880792,48.43428534083817],[-89.58221678092097,48.43516352649335],[-89.57936298729058,48.43852329789546],[-89.57972209818517,48.44000363216309],[-89.57894093594895,48.44246514589315],[-89.58112053794996,48.44514720398908],[-89.58098975245242,48.44639865889686],[-89.57980602716756,48.447896433717574],[-89.57875158098565,48.45040194749707],[-89.57886224681073,48.45129559645902],[-89.58159465809933,48.45471120232451],[-89.58282051913957,48.45658284555557],[-89.58448101187811,48.45980170737485],[-89.58469608247246,48.461818498446945],[-89.58735315586469,48.46715466196101],[-89.58788381221777,48.469041911929565],[-89.59071004561687,48.47109788744725],[-89.5950370292995,48.472389188641074],[-89.5963044151388,48.4735117898878],[-89.59739918391064,48.47508451503067],[-89.60236830912991,48.478815729060784],[-89.60383256800156,48.48106763652749],[-89.60436728776462,48.482479915626605],[-89.6053353259933,48.483411532948864],[-89.60568351311801,48.48506407952982],[-89.60512001442548,48.4863125439787],[-89.60589970088282,48.48949082121073],[-89.60474110074873,48.49354210387987],[-89.60525723216887,48.49552173263432],[-89.604555005788,48.496407046584814],[-89.60201733507668,48.49833924138918],[-89.6004765203468,48.500469826026766],[-89.59681896032876,48.5066563578027],[-89.59677383809921,48.50849451824626],[-89.59484125344177,48.51171365815863],[-89.59464898379636,48.51557004255746],[-89.59559909824725,48.51747969691768],[-89.59449413711096,48.52483510951384],[-89.5996681095939,48.524870671371865],[-89.59990238654059,48.529498036498396],[-89.61244433710613,48.5286084082228],[-89.61245902313114,48.523051796988064],[-89.62409001859746,48.5226445303018],[-89.62390965604567,48.52112479583397],[-89.6282574131334,48.521142306658575],[-89.64924308937442,48.525993746297075]]]},"properties":{"DAUID":"35580456","DGUID":"2021S051235580456","LANDAREA":167.6493,"PRUID":"35","CMA":"Thunder_Bay"}},
{"type":"Feature","geometry":{"type":"Polygon","coordinates":[[[-89.42714201878901,48.47193209144105],[-89.427519606776,48.49683659171201],[-89.42749410426602,48.504278694436714],[-89.42766800390507,48.510438798995985],[-89.42826819021238,48.511946694692654],[-89.42931288767302,48.51312130963468],[-89.4289524832693,48.51432980816251],[-89.45020585343708,48.51441892728164],[-89.45565654556316,48.51499251193263],[-89.45992958337298,48.5150440046538],[-89.46663033934807,48.51546775000127],[-89.4709934289157,48.51546991097761],[-89.47350362756465,48.51505513391455],[-89.47759310258576,48.5149166282662],[-89.48161443957738,48.51565789566793],[-89.48530123550208,48.515839456467695],[-89.49260479087334,48.515926976499294],[-89.49575261397624,48.51582255680916],[-89.50228209922817,48.5145996931332],[-89.50974079140454,48.51473708992475],[-89.51169461827693,48.51406038796182],[-89.51389801788729,48.5117899881301],[-89.51512660779781,48.50843408978584],[-89.5138921935973,48.50428621170244],[-89.51195590627403,48.5023671060292],[-89.5107217946192,48.49958679163145],[-89.5097717018082,48.49816800735317],[-89.50968468234656,48.496406289166856],[-89.50905771669922,48.49302799551788],[-89.50934931756059,48.492355803680915],[-89.51201219253072,48.48926560435045],[-89.51242390078434,48.488284811249564],[-89.51278450941317,48.48133990043263],[-89.51468189704985,48.47893210921598],[-89.51422319373211,48.463907294630054],[-89.51423711074895,48.46145070752591],[-89.51370640246195,48.442765499397495],[-89.4923336836274,48.44264580204364],[-89.47062508731847,48.442565291147325],[-89.44883739228601,48.44252738922883],[-89.42696109986746,48.44261331211033],[-89.42698111738561,48.451259391513126],[-89.42714201878901,48.47193209144105]]]},"properties":{"DAUID":"35580458","DGUID":"2021S051235580458","LANDAREA":50.83,"PRUID":"35","CMA":"Thunder_Bay"}},
{"type":"Feature","geometry":{"type":"Polygon","coordinates":[[[-89.4289524832693,48.51432980816251],[-89.42931288767302,48.51312130963468],[-89.42826819021238,48.511946694692654],[-89.42766800390507,48.510438798995985],[-89.42749410426602,48.504278694436714],[-89.427519606776,48.49683659171201],[-89.42255328508628,48.49749669680778],[-89.41966191349483,48.49706330290007],[-89.41654968060466,48.496184805656576],[-89.41383769071139,48.49609110203698],[-89.40870849062291,48.496693500664975],[-89.40573348359437,48.496188886939784],[-89.40150219785279,48.494882693176066],[-89.3970870029652,48.49397609958841],[-89.39461799141661,48.49300180624846],[-89.3923545098998,48.49121340953215],[-89.39058299829773,48.49038649550781],[-89.38694281574297,48.49012019971923],[-89.38258001533194,48.49118240267594],[-89.37882519624087,48.49135900592371],[-89.37151890204204,48.490556199928804],[-89.35543958636416,48.48889251189653],[-89.34995729149878,48.48841451076855],[-89.34544449375555,48.48831468981992],[-89.33978180272373,48.48867720309484],[-89.33730458352912,48.488243796506126],[-89.33547201861367,48.48748330840808],[-89.32534890977554,48.48198849266665],[-89.32233230195352,48.48468558783102],[-89.32224838565762,48.48610889962929],[-89.32563688768944,48.48946840496634],[-89.32906661241016,48.493717803126756],[-89.32929638859942,48.49489180232886],[-89.32889531662917,48.49913759029832],[-89.32728159149467,48.50292211174676],[-89.32694920877418,48.50482729101867],[-89.32732021418703,48.510857000825894],[-89.32859039164204,48.51513399529124],[-89.3457746642028,48.514689474646424],[-89.35007630423323,48.51539689799517],[-89.35283199972602,48.514953701540925],[-89.37282190635166,48.5149840129187],[-89.3873458258039,48.51479607647202],[-89.40555089935185,48.51433338872595],[-89.41504589352058,48.51444380640516],[-89.4289524832693,48.51432980816251]]]},"properties":{"DAUID":"35580461","DGUID":"2021S051235580461","LANDAREA":19.1807,"PRUID":"35","CMA":"Thunder_Bay"}},
{"type":"Feature","geometry":{"type":"Polygon","coordinates":[[[-89.37398311194443,48.470279295311954],[-89.37418091578695,48.4791555925858],[-89.37400598321169,48.48033780187901],[-89.37151890204204,48.490556199928804],[-89.37882519624087,48.49135900592371],[-89.38258001533194,48.49118240267594],[-89.38694281574297,48.49012019971923],[-89.39058299829773,48.49038649550781],[-89.3923545098998,48.49121340953215],[-89.39461799141661,48.49300180624846],[-89.3970870029652,48.49397609958841],[-89.40150219785279,48.494882693176066],[-89.40573348359437,48.496188886939784],[-89.40870849062291,48.496693500664975],[-89.41383769071139,48.49609110203698],[-89.41654968060466,48.496184805656576],[-89.41966191349483,48.49706330290007],[-89.42255328508628,48.49749669680778],[-89.427519606776,48.49683659171201],[-89.42714201878901,48.47193209144105],[-89.42418251966116,48.472299388077936],[-89.42243510552265,48.47197630059972],[-89.41910098268299,48.47072380814523],[-89.41723930217107,48.46970130464586],[-89.38207061636551,48.47020199201663],[-89.37398311194443,48.470279295311954]]]},"properties":{"DAUID":"35580462","DGUID":"2021S051235580462","LANDAREA":10.3899,"PRUID":"35","CMA":"Thunder_Bay"}},
{"type":"Feature","geometry":{"type":"Polygon","coordinates":[[[-89.28364515902346,48.51489748832739],[-89.29120199949686,48.514892396866955],[-89.29680140699251,48.514735806241184],[-89.30669091794871,48.51481690720694],[-89.30859370591158,48.51467071065787],[-89.31404750131605,48.51488509036425],[-89.32445889613054,48.51491305967483],[-89.32859039164204,48.51513399529124],[-89.32732021418703,48.510857000825894],[-89.32694920877418,48.50482729101867],[-89.32728159149467,48.50292211174676],[-89.32889531662917,48.49913759029832],[-89.32929638859942,48.49489180232886],[-89.32906661241016,48.493717803126756],[-89.32563688768944,48.48946840496634],[-89.32224838565762,48.48610889962929],[-89.32233230195352,48.48468558783102],[-89.32534890977554,48.48198849266665],[-89.32081720667975,48.480253503606114],[-89.31896031031881,48.47930128748175],[-89.31662260569699,48.47670320766908],[-89.31471188620617,48.475454988061884],[-89.31241981542699,48.474745290498724],[-89.3030586038924,48.47241390153426],[-89.3017532150165,48.47197220701455],[-89.29367219053516,48.46890349502341],[-89.28917390901326,48.46635690246252],[-89.28733570743907,48.46549378919014],[-89.2793721873456,48.462889693448304],[-89.2795665146179,48.46541409184008],[-89.2806446821048,48.46683220163019],[-89.28046768943487,48.468617187576264],[-89.2807210008187,48.47456839151179],[-89.28055788492074,48.4796821072619],[-89.28106188545392,48.481867510725806],[-89.28120810364545,48.48422179244517],[-89.28293909235526,48.486301908382636],[-89.28348331441569,48.48756869003744],[-89.28497688880324,48.48887960981695],[-89.2852922181658,48.48987210621184],[-89.28523529500583,48.50034599204814],[-89.28526238988206,48.50486211116458],[-89.28497781462816,48.506361298215715],[-89.28406479262537,48.50773799568962],[-89.28360410894811,48.51134609382283],[-89.28267969267068,48.513073889887806],[-89.28364515902346,48.51489748832739]]]},"properties":{"DAUID":"35580463","DGUID":"2021S051235580463","LANDAREA":15.094,"PRUID":"35","CMA":"Thunder_Bay"}},
{"type":"Feature","geometry":{"type":"Polygon","coordinates":[[[-89.3017532150165,48.47197220701455],[-89.3030586038924,48.47241390153426],[-89.31241981542699,48.474745290498724],[-89.31471188620617,48.475454988061884],[-89.31662260569699,48.47670320766908],[-89.31896031031881,48.47930128748175],[-89.32081720667975,48.480253503606114],[-89.32534890977554,48.48198849266665],[-89.33547201861367,48.48748330840808],[-89.33730458352912,48.488243796506126],[-89.33978180272373,48.48867720309484],[-89.34544449375555,48.48831468981992],[-89.34995729149878,48.48841451076855],[-89.35543958636416,48.48889251189653],[-89.37151890204204,48.490556199928804],[-89.37400598321169,48.48033780187901],[-89.37418091578695,48.4791555925858],[-89.37398311194443,48.470279295311954],[-89.37368489997549,48.463600398383136],[-89.3734386890242,48.46238180339391],[-89.37244449398496,48.46107970407767],[-89.37240928887786,48.448762898346295],[-89.37096591702847,48.443907097862095],[-89.37019708860451,48.44274430718002],[-89.35085959258437,48.44275429565176],[-89.33376259906917,48.44267059082976],[-89.3339612934963,48.451429997672506],[-89.33123719738033,48.452196092815356],[-89.33140670656316,48.455602606011645],[-89.33164781053766,48.461454998730105],[-89.33532908529968,48.46178519125827],[-89.33564680741277,48.469885406259266],[-89.33443311633029,48.4699729989006],[-89.3318163162951,48.47103380137249],[-89.3247405912095,48.47105098717517],[-89.31277611379686,48.47127421128613],[-89.31154229790374,48.4715148943729],[-89.30293639517208,48.47150760103842],[-89.3017532150165,48.47197220701455]]]},"properties":{"DAUID":"35580465","DGUID":"2021S051235580465","LANDAREA":16.8146,"PRUID":"35","CMA":"Thunder_Bay"}},
{"type":"Feature","geometry":{"type":"Polygon","coordinates":[[[-89.35540929349028,48.4001600992645],[-89.33599470701324,48.400195194922084],[-89.33166930810133,48.400401293009686],[-89.32607071816781,48.4010730120956],[-89.32126450493695,48.40203118774884],[-89.3171292154213,48.40316089891349],[-89.3055314093957,48.40692107101107],[-89.30197135859325,48.407640160818985],[-89.29974029349131,48.40774840195185],[-89.29634537946403,48.407454653898654],[-89.28765340507385,48.40539490742063],[-89.2845383890946,48.40486818931398],[-89.28270070388496,48.4049048011978],[-89.27461389807003,48.405689102152536],[-89.27454788346303,48.41093549243214],[-89.27455578723381,48.419896701167644],[-89.27465591878351,48.420623606350226],[-89.28073110771884,48.41954948758561],[-89.290701298186,48.41853259313171],[-89.29560890020836,48.41735509045877],[-89.29804379709822,48.41709950035965],[-89.30808698084853,48.417114310427245],[-89.32308610343205,48.41702828903087],[-89.3337688905366,48.41713588751426],[-89.35015859301846,48.41760290504742],[-89.36647119149907,48.41669259370013],[-89.36647080567818,48.40591360960306],[-89.35568228240625,48.406099095383844],[-89.35540929349028,48.4001600992645]]]},"properties":{"DAUID":"35580466","DGUID":"2021S051235580466","LANDAREA":10.4604,"PRUID":"35","CMA":"Thunder_Bay"}},
{"type":"Feature","geometry":{"type":"Polygon","coordinates":[[[-89.35538389602006,48.38179409217998],[-89.35281421524974,48.38172079557466],[-89.34826571787116,48.38091399885698],[-89.31148660746405,48.38090339009703],[-89.30592211554168,48.380907203676],[-89.30057119591473,48.380871210792094],[-89.30073394805271,48.3837372875881],[-89.30076302598414,48.39034080741659],[-89.29984480542092,48.3934681964706],[-89.29774681437912,48.39606849756557],[-89.28958129692971,48.402931395488146],[-89.28765340507385,48.40539490742063],[-89.29634537946403,48.407454653898654],[-89.29974029349131,48.40774840195185],[-89.30197135859325,48.407640160818985],[-89.3055314093957,48.40692107101107],[-89.3171292154213,48.40316089891349],[-89.32126450493695,48.40203118774884],[-89.32607071816781,48.4010730120956],[-89.33166930810133,48.400401293009686],[-89.33599470701324,48.400195194922084],[-89.35540929349028,48.4001600992645],[-89.35546653380187,48.389290148079574],[-89.35538389602006,48.38179409217998]],[[-89.3121289843162,48.3855421929753],[-89.31405702654118,48.387714470599306],[-89.31367559105865,48.38900782467381],[-89.30651697056133,48.38894703842584],[-89.3042244617562,48.38975172618624],[-89.30222424552186,48.38902637847666],[-89.30198561202482,48.38456747557986],[-89.30515833135138,48.384079754137936],[-89.30414180577249,48.38514286188599],[-89.30480112581505,48.38612398078196],[-89.30846969072411,48.385570698512616],[-89.3121289843162,48.3855421929753]]]},"properties":{"DAUID":"35580467","DGUID":"2021S051235580467","LANDAREA":10.021,"PRUID":"35","CMA":"Thunder_Bay"}},
{"type":"Feature","geometry":{"type":"Polygon","coordinates":[[[-89.3121289843162,48.3855421929753],[-89.30846969072411,48.385570698512616],[-89.30480112581505,48.38612398078196],[-89.30414180577249,48.38514286188599],[-89.30515833135138,48.384079754137936],[-89.30198561202482,48.38456747557986],[-89.30222424552186,48.38902637847666],[-89.3042244617562,48.38975172618624],[-89.30651697056133,48.38894703842584],[-89.31367559105865,48.38900782467381],[-89.31405702654118,48.387714470599306],[-89.3121289843162,48.3855421929753]]]},"properties":{"DAUID":"35580468","DGUID":"2021S051235580468","LANDAREA":0.3841,"PRUID":"35","CMA":"Thunder_Bay"}},
{"type":"Feature","geometry":{"type":"Polygon","coordinates":[[[-89.27443217914009,48.429458680540876],[-89.27364508051507,48.43189920822135],[-89.2726225829265,48.4332241113468],[-89.26783591559136,48.437160394443566],[-89.26324129992923,48.44026499074117],[-89.26151930210756,48.44137860844667],[-89.26361752713252,48.443415679289636],[-89.26438521498137,48.44287870889065],[-89.27786910418116,48.431581746975304],[-89.27443217914009,48.429458680540876]]]},"properties":{"DAUID":"35580470","DGUID":"2021S051235580470","LANDAREA":0.3648,"PRUID":"35","CMA":"Thunder_Bay"}},
{"type":"Feature","geometry":{"type":"Polygon","coordinates":[[[-89.2726225829265,48.4332241113468],[-89.26730991173407,48.43309350440452],[-89.26446329591604,48.43307909823413],[-89.26525190116777,48.43408918780089],[-89.26525490033644,48.436284497382886],[-89.26662870837806,48.43707620495479],[-89.26783591559136,48.437160394443566],[-89.2726225829265,48.4332241113468]]]},"properties":{"DAUID":"35580471","DGUID":"2021S051235580471","LANDAREA":0.1708,"PRUID":"35","CMA":"Thunder_Bay"}},
{"type":"Feature","geometry":{"type":"Polygon","coordinates":[[[-89.27448549392479,48.42804990918979],[-89.27136988703269,48.428899911794346],[-89.2707798957641,48.42837991257224],[-89.26475784929968,48.4283583879226],[-89.26484699622667,48.429623255608654],[-89.26424991876559,48.430679901165384],[-89.26447989756454,48.43218990588211],[-89.26732988123004,48.432179901343524],[-89.26730991173407,48.43309350440452],[-89.2726225829265,48.4332241113468],[-89.27364508051507,48.43189920822135],[-89.27443217914009,48.429458680540876],[-89.27448549392479,48.42804990918979]]]},"properties":{"DAUID":"35580472","DGUID":"2021S051235580472","LANDAREA":0.3385,"PRUID":"35","CMA":"Thunder_Bay"}},
{"type":"Feature","geometry":{"type":"Polygon","coordinates":[[[-89.25883661336265,48.43882199520436],[-89.26151930210756,48.44137860844667],[-89.26324129992923,48.44026499074117],[-89.26307020917571,48.4376322023345],[-89.2613597088504,48.43595630259856],[-89.25825769098769,48.4358282938516],[-89.25693191830929,48.43703298901764],[-89.25883661336265,48.43882199520436]]]},"properties":{"DAUID":"35580473","DGUID":"2021S051235580473","LANDAREA":0.1652,"PRUID":"35","CMA":"Thunder_Bay"}},
{"type":"Feature","geometry":{"type":"Polygon","coordinates":[[[-89.2582727182631,48.411769094312945],[-89.25822381623233,48.41706950997928],[-89.2575813107864,48.418431703405524],[-89.25661020936458,48.41908959137593],[-89.25382898433736,48.420079897402296],[-89.25300480915325,48.42100470973327],[-89.25275260144605,48.42416769511233],[-89.25274638675488,48.42983620049827],[-89.2529042986862,48.433710990716556],[-89.2536171038123,48.43393090905307],[-89.25693191830929,48.43703298901764],[-89.25825769098769,48.4358282938516],[-89.2613597088504,48.43595630259856],[-89.26307020917571,48.4376322023345],[-89.26324129992923,48.44026499074117],[-89.26783591559136,48.437160394443566],[-89.26662870837806,48.43707620495479],[-89.26525490033644,48.436284497382886],[-89.26525190116777,48.43408918780089],[-89.26446329591604,48.43307909823413],[-89.26730991173407,48.43309350440452],[-89.26732988123004,48.432179901343524],[-89.26447989756454,48.43218990588211],[-89.26424991876559,48.430679901165384],[-89.26484699622667,48.429623255608654],[-89.26475784929968,48.4283583879226],[-89.2707798957641,48.42837991257224],[-89.27136988703269,48.428899911794346],[-89.27448549392479,48.42804990918979],[-89.27449408243606,48.422147311289],[-89.27465591878351,48.420623606350226],[-89.27455578723381,48.419896701167644],[-89.27454788346303,48.41093549243214],[-89.26336081011841,48.411003288329375],[-89.26305208249765,48.41176203867008],[-89.2582727182631,48.411769094312945]]]},"properties":{"DAUID":"35580474","DGUID":"2021S051235580474","LANDAREA":3.5445,"PRUID":"35","CMA":"Thunder_Bay"}},
{"type":"Feature","geometry":{"type":"Polygon","coordinates":[[[-89.59464898379636,48.51557004255746],[-89.59484125344177,48.51171365815863],[-89.59677383809921,48.50849451824626],[-89.59681896032876,48.5066563578027],[-89.6004765203468,48.500469826026766],[-89.60201733507668,48.49833924138918],[-89.604555005788,48.496407046584814],[-89.60525723216887,48.49552173263432],[-89.60474110074873,48.49354210387987],[-89.60589970088282,48.48949082121073],[-89.60512001442548,48.4863125439787],[-89.60568351311801,48.48506407952982],[-89.6053353259933,48.483411532948864],[-89.60436728776462,48.482479915626605],[-89.60383256800156,48.48106763652749],[-89.60236830912991,48.478815729060784],[-89.59739918391064,48.47508451503067],[-89.5963044151388,48.4735117898878],[-89.5950370292995,48.472389188641074],[-89.59071004561687,48.47109788744725],[-89.58788381221777,48.469041911929565],[-89.58735315586469,48.46715466196101],[-89.58469608247246,48.461818498446945],[-89.58448101187811,48.45980170737485],[-89.58282051913957,48.45658284555557],[-89.58159465809933,48.45471120232451],[-89.57886224681073,48.45129559645902],[-89.57875158098565,48.45040194749707],[-89.57980602716756,48.447896433717574],[-89.58098975245242,48.44639865889686],[-89.58112053794996,48.44514720398908],[-89.57894093594895,48.44246514589315],[-89.57972209818517,48.44000363216309],[-89.57936298729058,48.43852329789546],[-89.58221678092097,48.43516352649335],[-89.58371107880792,48.43428534083817],[-89.58444867880347,48.4331002083746],[-89.58457126035893,48.43182029885644],[-89.58897146318223,48.42856151853197],[-89.59175663888622,48.42694956116378],[-89.59510112249001,48.425985093416934],[-89.59655987820155,48.42434147028041],[-89.60233857193359,48.42280033899058],[-89.6160159146058,48.41938936929033],[-89.62224329716379,48.418702593744015],[-89.62566707669735,48.41787629236435],[-89.62795396993191,48.41703462232229],[-89.63058655246856,48.416472536858954],[-89.62927791765121,48.41527936652581],[-89.63050188692571,48.41464500991852],[-89.63697260971273,48.41457780011499],[-89.63648140671235,48.41182611147404],[-89.63505368811907,48.40820701218342],[-89.63361000262286,48.40661148723527],[-89.63067259771444,48.40553719868992],[-89.62633098372477,48.405017908125664],[-89.62412650337355,48.404170708671984],[-89.62109999960315,48.4025766017462],[-89.61809648977426,48.4019448060276],[-89.60686761739493,48.401042596413504],[-89.60566250075225,48.40201099802211],[-89.60273978154854,48.40061059470067],[-89.60113880116099,48.40074580784598],[-89.59985530758675,48.402340394231295],[-89.60055300247524,48.4107193902771],[-89.59984480917784,48.41220210735166],[-89.59745469581236,48.413038899269736],[-89.58825661004578,48.41315629368764],[-89.56988091357678,48.413262511653535],[-89.55656721638846,48.41324439271991],[-89.55605498563385,48.41758358937594],[-89.5546523818722,48.42788999498119],[-89.55507759309461,48.431515607329516],[-89.5570364151245,48.4430608912409],[-89.54771331313701,48.44295290487026],[-89.51370640246195,48.442765499397495],[-89.51423711074895,48.46145070752591],[-89.51422319373211,48.463907294630054],[-89.51468189704985,48.47893210921598],[-89.51278450941317,48.48133990043263],[-89.51242390078434,48.488284811249564],[-89.51201219253072,48.48926560435045],[-89.50934931756059,48.492355803680915],[-89.50905771669922,48.49302799551788],[-89.50968468234656,48.496406289166856],[-89.5097717018082,48.49816800735317],[-89.5107217946192,48.49958679163145],[-89.51195590627403,48.5023671060292],[-89.5138921935973,48.50428621170244],[-89.51512660779781,48.50843408978584],[-89.51389801788729,48.5117899881301],[-89.51169461827693,48.51406038796182],[-89.50974079140454,48.51473708992475],[-89.51509851381009,48.514702866215536],[-89.55481543560308,48.51479408791562],[-89.5757009331729,48.51640281453681],[-89.59464898379636,48.51557004255746]]]},"properties":{"DAUID":"35580476","DGUID":"2021S051235580476","LANDAREA":60.1391,"PRUID":"35","CMA":"Thunder_Bay"}},
{"type":"Feature","geometry":{"type":"Polygon","coordinates":[[[-89.60686761739493,48.401042596413504],[-89.61809648977426,48.4019448060276],[-89.62109999960315,48.4025766017462],[-89.62412650337355,48.404170708671984],[-89.62633098372477,48.405017908125664],[-89.63067259771444,48.40553719868992],[-89.63361000262286,48.40661148723527],[-89.63505368811907,48.40820701218342],[-89.63648140671235,48.41182611147404],[-89.63697260971273,48.41457780011499],[-89.63828153165764,48.41459300975727],[-89.63818575717363,48.41319274214446],[-89.63779950031095,48.40636445146381],[-89.63505095583504,48.406284996842096],[-89.6352859136481,48.39555039295608],[-89.63519610916161,48.391197600086024],[-89.63533078955275,48.37427488216352],[-89.63520923808112,48.36982514327249],[-89.63554416245171,48.35818941833524],[-89.635543128132,48.3254461739933],[-89.63251540905377,48.325390810595216],[-89.57270419436747,48.325895110612],[-89.56181130741166,48.325805403131476],[-89.553070385121,48.325847011888904],[-89.55296319900634,48.34342180045352],[-89.55286351915898,48.34412589892685],[-89.57609051293738,48.344093591773394],[-89.58045149963694,48.34412170701892],[-89.5804788161487,48.3561509988324],[-89.58087999189024,48.35660989981764],[-89.57672291726482,48.359573405295336],[-89.5758846175126,48.36088790687255],[-89.57578939761983,48.36221268880855],[-89.57436579125732,48.36370220292931],[-89.57286041270841,48.36410481030076],[-89.56762341902999,48.364950694554416],[-89.56951340282892,48.370307095846485],[-89.57054851344324,48.37182250350088],[-89.57067419934302,48.37378120040563],[-89.56858748557173,48.377669808239375],[-89.56821301547309,48.38062589649065],[-89.58930358110442,48.38063621036572],[-89.59166669383556,48.38102399111845],[-89.59334679699177,48.38185400832975],[-89.59475331649843,48.38350379202119],[-89.59980998612784,48.39441728838548],[-89.60132810389919,48.39691929875834],[-89.60409140446578,48.39982399724222],[-89.60686761739493,48.401042596413504]]]},"properties":{"DAUID":"35580477","DGUID":"2021S051235580477","LANDAREA":36.8275,"PRUID":"35","CMA":"Thunder_Bay"}},
{"type":"Feature","geometry":{"type":"MultiPolygon","coordinates":[[[[-89.2092952572566,48.309862824031974],[-89.21200076763891,48.30817321646055],[-89.21180263856435,48.30796111218672],[-89.2090020333473,48.309634518936456],[-89.2092952572566,48.309862824031974]]],[[[-89.38697330657287,48.28930864041843],[-89.40516642709481,48.28970431194074],[-89.40549851144402,48.28926928957516],[-89.44108301481039,48.28935581032273],[-89.44081009471225,48.273732688702644],[-89.46267571006385,48.273806093480225],[-89.48395998421218,48.27356401080048],[-89.4839046977629,48.27019999499241],[-89.4827370998064,48.263072090074786],[-89.48274230716098,48.260120693303406],[-89.48355078853919,48.25711329755432],[-89.48388579834081,48.254535810086885],[-89.4838859000069,48.24868690445811],[-89.48363310136493,48.24736070914054],[-89.48256930013571,48.2454220896867],[-89.48031219571025,48.242762592042816],[-89.47961921720147,48.24096900605224],[-89.47874700208814,48.236300009048136],[-89.47856349591717,48.231704408018246],[-89.47807230120976,48.229450598189956],[-89.4745887913427,48.22125379686575],[-89.47375118131029,48.22003170882698],[-89.46944540685101,48.21484259771508],[-89.46829408214663,48.2124828974766],[-89.4657777054919,48.20185660765112],[-89.46328979080256,48.19292119080278],[-89.46194720474551,48.18737129515155],[-89.46179629187554,48.18590788754575],[-89.4617445839658,48.178368804361135],[-89.46097071055088,48.174011096114405],[-89.45879680330506,48.16907319610115],[-89.45344401333902,48.16164168785743],[-89.44592491808433,48.146725311879365],[-89.4452738868297,48.14407169415982],[-89.44606950800072,48.13789279763944],[-89.44655530913313,48.1362415129907],[-89.44986908449236,48.129673097300035],[-89.45037189497201,48.12831400034925],[-89.45097711780224,48.12126480102189],[-89.45104891835437,48.11769111063718],[-89.44768178603654,48.11752889508092],[-89.44546451699358,48.11781010253009],[-89.44158091608277,48.116956895160925],[-89.44000311572104,48.11627059902897],[-89.42944851155954,48.11613451011734],[-89.4305845883583,48.095217306255805],[-89.43065970657392,48.09196751088856],[-89.4302043029273,48.09114030702127],[-89.43079061915081,48.0896162980865],[-89.43258379265619,48.089479298098254],[-89.43805249824764,48.086978895136134],[-89.44015878910517,48.08636730096188],[-89.44566228063378,48.08406240023434],[-89.44334933254396,48.08322130905847],[-89.44214645030054,48.084758516680665],[-89.43968385877787,48.08607063322154],[-89.4381601565257,48.0865078143961],[-89.43341246474357,48.08863311348036],[-89.42488996434547,48.08989311331955],[-89.42247476456988,48.08965611776643],[-89.420345340129,48.08863933319995],[-89.4185680470585,48.08711111399471],[-89.41817883378985,48.085112728784765],[-89.4209204507053,48.084299123982426],[-89.4230213598704,48.083283117004676],[-89.42191595480881,48.08233461853672],[-89.41976406858676,48.08255093235493],[-89.41615303813855,48.083436817294974],[-89.41480995066603,48.084004932985756],[-89.41155803272083,48.084820122852385],[-89.40702694756594,48.08642681173882],[-89.405433334428,48.0876749212406],[-89.40301915701669,48.0880314159549],[-89.40059454718961,48.087875118130725],[-89.39736275714647,48.08797862199763],[-89.39697545655375,48.087446830940785],[-89.3948108706714,48.08710511652754],[-89.3894720474247,48.08781911942225],[-89.38777006809069,48.088475432345774],[-89.38461726382198,48.09028651821563],[-89.37901235212314,48.090483725557405],[-89.3774502606796,48.09010221409179],[-89.3753449343495,48.09104552014066],[-89.3702915578418,48.09535190930724],[-89.36759873936326,48.096964115383955],[-89.36602465129285,48.098373212158535],[-89.36343993383187,48.09971321041379],[-89.35949905674484,48.100775011089965],[-89.35721123569971,48.100390022979404],[-89.35449794232564,48.09892503225749],[-89.35403146346654,48.09782791013272],[-89.3524992446371,48.098102218966446],[-89.3514070474902,48.097422722655956],[-89.35003915405164,48.095408228150156],[-89.34676125016526,48.09421552201563],[-89.34507653215435,48.09408803318844],[-89.34312673319202,48.096107316816145],[-89.34446805468022,48.096952729761774],[-89.34149093467575,48.10119752899283],[-89.343664738794,48.102916729838675],[-89.34344293359732,48.103947026111854],[-89.33971686865848,48.10531871392788],[-89.33788656486018,48.10524803404922],[-89.33535236042759,48.10594742725996],[-89.33381496941224,48.107004432871676],[-89.33172923220472,48.11019602225507],[-89.33378624770513,48.10992931123718],[-89.33778395505277,48.11009091385467],[-89.34305935372343,48.108804720275145],[-89.34582883918657,48.10855020936451],[-89.34756383239204,48.10800193074692],[-89.34872845993803,48.108203029791426],[-89.35009834027528,48.10937171133248],[-89.35350825259135,48.10842912199415],[-89.35508566242444,48.10943151227834],[-89.35423566590114,48.1105287162602],[-89.35507384493353,48.11123131159412],[-89.35565763608348,48.11312693213198],[-89.35649994398,48.113622527571174],[-89.35610293859422,48.115223311704646],[-89.35470855641854,48.116466615572755],[-89.35429374117128,48.11738391945998],[-89.34911564108138,48.11610421445637],[-89.34743895482438,48.11675941496453],[-89.34660535232095,48.11792811160281],[-89.34564125356262,48.12095311317054],[-89.34492585631125,48.12176852328846],[-89.34329574703753,48.12226971798314],[-89.34225885406904,48.12310962727402],[-89.34359974653447,48.1242250297051],[-89.34324035182432,48.12518612882182],[-89.3413981689606,48.126051532895985],[-89.33645416270619,48.126980019487185],[-89.33517696809939,48.127563814157455],[-89.33190384807241,48.127702323256656],[-89.32834665635961,48.128098417109214],[-89.32697946291462,48.1284770182404],[-89.3251458563666,48.12835213052532],[-89.32420805520611,48.127525311647446],[-89.32402264802663,48.12639542916933],[-89.32547285884725,48.12547522000959],[-89.32514834531463,48.12394320976368],[-89.32284503412359,48.12382781663741],[-89.32002554664292,48.12478460915642],[-89.31875375611611,48.12608792933904],[-89.31456716485282,48.127729028426835],[-89.31299906942414,48.1287233117533],[-89.31299563303945,48.131638719680694],[-89.31242473999613,48.132694010495925],[-89.30962235953746,48.13404601098731],[-89.30755373583324,48.13587822542027],[-89.30316684525833,48.13847661210388],[-89.30418926099277,48.139391919137104],[-89.30563876518833,48.13903892565342],[-89.30730766628545,48.139383225648146],[-89.31006423608311,48.139399827335154],[-89.31127485825753,48.14121101970933],[-89.31425933995148,48.141807809004185],[-89.31583856297394,48.14314363003063],[-89.31583215727667,48.14449342456618],[-89.31651124655926,48.145244513998136],[-89.31904146041668,48.145598425064755],[-89.3196106482973,48.1486822207582],[-89.32037626713463,48.149557529298406],[-89.32070775419487,48.15094542227813],[-89.31899095162741,48.15134001815551],[-89.31520824579485,48.15273903373218],[-89.3128392454497,48.154181409394226],[-89.31112076074523,48.15573663281372],[-89.30955295947103,48.1576576120894],[-89.311815567973,48.16102233040086],[-89.31174793241651,48.16221140962899],[-89.30876456272249,48.16316211602874],[-89.30663166527064,48.1632860152142],[-89.30371424947315,48.16391142659527],[-89.29690384581372,48.165910317772436],[-89.29675746571715,48.166849025955386],[-89.2951097523551,48.16820461906319],[-89.29198953264266,48.169418631179774],[-89.28804473207425,48.17175572205907],[-89.28676215870478,48.173463816606066],[-89.28416195422687,48.17458622511808],[-89.28859036923254,48.17766532278519],[-89.29057524829165,48.17873252152561],[-89.2942150354406,48.17980262373912],[-89.29617855069309,48.18069011086408],[-89.30015835526322,48.181834209593575],[-89.30122526606725,48.18162393311581],[-89.30510165097465,48.18225701678894],[-89.30790475741881,48.182056729180054],[-89.30947906307563,48.18325781824555],[-89.31217124495383,48.1844813170963],[-89.31297045855497,48.18729052658981],[-89.31202993738904,48.18941501245505],[-89.3107475462893,48.191420325764554],[-89.3106462344055,48.19335570971188],[-89.31124895629078,48.19538611366142],[-89.3099054676134,48.19693371808732],[-89.30844354036704,48.200040312075274],[-89.30732993656521,48.201016423730955],[-89.30566356805593,48.20137381881894],[-89.30450144866083,48.20217092431942],[-89.30097775362307,48.2037363141667],[-89.29622643944451,48.20403831787026],[-89.2933055500454,48.203133927673804],[-89.29240493239443,48.20255691385678],[-89.29254144092567,48.201393427367286],[-89.2919014399701,48.19760921834627],[-89.2937704638007,48.195160515786824],[-89.29534174843509,48.194184321594115],[-89.30026474530203,48.18992111155908],[-89.30352475399735,48.18579781255572],[-89.3026137474748,48.185285115049325],[-89.29996084908223,48.1846365245258],[-89.29676543739359,48.184790427916035],[-89.29472573427566,48.18430932021528],[-89.29259545310263,48.18511662618108],[-89.29011635273307,48.18564292776969],[-89.28897505493664,48.185395720028886],[-89.2834459522831,48.18814211949681],[-89.27898985831568,48.18991311872983],[-89.27775055295203,48.189883711336286],[-89.27441026869528,48.19072372022316],[-89.27117824210202,48.19219133090731],[-89.2681056668944,48.19387161245526],[-89.26702926162291,48.19497251726193],[-89.26748673575719,48.19613322574958],[-89.26635243412706,48.197820128700144],[-89.26796135665963,48.19799531331279],[-89.26899685500254,48.20038633333231],[-89.27109896448644,48.20196430944134],[-89.2736507505102,48.20123010931257],[-89.2768633371796,48.20204823118048],[-89.27592064455939,48.202642719720686],[-89.27355775484638,48.205523823895476],[-89.27348063648347,48.20712692129901],[-89.27440876987713,48.20894411372676],[-89.27241865971541,48.210513120340416],[-89.27117423706775,48.21282311168735],[-89.27155264064665,48.21376931737579],[-89.269941863289,48.21448501543812],[-89.26910454836154,48.215644229253265],[-89.27005284869864,48.21729912754095],[-89.26917065201776,48.21957492779487],[-89.2694240667135,48.222260210481885],[-89.26851083577489,48.22658811141901],[-89.26632003387593,48.22851190979418],[-89.26623154419045,48.22955741886297],[-89.26823104175699,48.230615622962596],[-89.27036464219975,48.23105041341909],[-89.2712666405855,48.23165341838147],[-89.27194276107107,48.23319661608602],[-89.27149525103474,48.23373632868371],[-89.27226825609701,48.23537662996616],[-89.27259053675733,48.2371788116671],[-89.27123095802177,48.239931914376456],[-89.26924603951355,48.2407360269828],[-89.26756134657744,48.242541721721324],[-89.2653765684948,48.244312429664696],[-89.26287384397091,48.247124023339026],[-89.26134594907316,48.24943952742926],[-89.26002146522096,48.25362250974775],[-89.25875294535217,48.255410917631174],[-89.25836693877369,48.258270813692384],[-89.25902876784666,48.262891625650205],[-89.25903405606071,48.26484401740764],[-89.25820005687878,48.26610213143744],[-89.25634341896642,48.26667039757581],[-89.2891768153417,48.272439645158734],[-89.28944777084196,48.27525857970297],[-89.29459367636406,48.27525300260967],[-89.29474411801606,48.272766305014166],[-89.29991314623372,48.27338163094598],[-89.31227984315177,48.27580280227846],[-89.31992027659139,48.277868925420336],[-89.32943183341912,48.28850133245789],[-89.33668426979033,48.28985258914141],[-89.36175360150675,48.289576411374],[-89.38269828509834,48.28922188142501],[-89.38697330657287,48.28930864041843]]],[[[-89.29470536662063,48.101251020820094],[-89.29599316532885,48.10091032871452],[-89.29555873846863,48.09990222115083],[-89.29423423991186,48.100324627112585],[-89.29470536662063,48.101251020820094]]],[[[-89.34481936628401,48.072489325890565],[-89.34515786653101,48.07373311129913],[-89.34693266242881,48.072905027203646],[-89.34481936628401,48.072489325890565]]],[[[-89.35776856180051,48.0920195133547],[-89.3572924358635,48.09041872089269],[-89.3561961601015,48.091116026220874],[-89.35631696821793,48.09199542083439],[-89.35776856180051,48.0920195133547]]],[[[-89.31266533884008,48.09406143167225],[-89.30984894927978,48.09505382361279],[-89.30973674439684,48.095847911010274],[-89.31289733345027,48.09474053114336],[-89.31266533884008,48.09406143167225]]],[[[-89.12669986824967,48.183637013201974],[-89.125219652277,48.184933016881835],[-89.12808416729187,48.18457411023127],[-89.12669986824967,48.183637013201974]]],[[[-89.20474775062509,48.14342191608486],[-89.20429924109764,48.14456423311997],[-89.20680426584467,48.143724325117745],[-89.20561276240537,48.14258650916033],[-89.20474775062509,48.14342191608486]]],[[[-89.22388384164493,48.13886911235051],[-89.22474186451609,48.139437334031804],[-89.22736923999612,48.1389545256819],[-89.22564813155441,48.13770121699983],[-89.22524536111699,48.13864482224121],[-89.22388384164493,48.13886911235051]]],[[[-89.36075384867722,48.07538412343419],[-89.36406625499535,48.075297932790434],[-89.36490785695455,48.07432683008916],[-89.36083935093622,48.07490542231838],[-89.36075384867722,48.07538412343419]]],[[[-89.29394856926592,48.14187331908919],[-89.28989635826323,48.14325882378634],[-89.29095654193748,48.143516625500524],[-89.29316563950006,48.14270773098897],[-89.29394856926592,48.14187331908919]]],[[[-89.33679356637636,48.075811134220096],[-89.33834186730299,48.075905629029435],[-89.34190906915582,48.07462722496184],[-89.34119996342334,48.07379581944873],[-89.33935673831466,48.074895130110164],[-89.33679356637636,48.075811134220096]]],[[[-89.25717133295656,48.22254650898737],[-89.25936434307893,48.22311531193396],[-89.26059603179952,48.22203831792636],[-89.25865484019901,48.22198653033204],[-89.25717133295656,48.22254650898737]]],[[[-89.33330296955249,48.12387683032726],[-89.3358373325482,48.123753318847164],[-89.33614135698589,48.12127272810577],[-89.33359496208567,48.1214234184421],[-89.3324187583263,48.12275201752525],[-89.33330296955249,48.12387683032726]]],[[[-89.29655906049194,48.100647011725485],[-89.29805824174545,48.099924214249974],[-89.29964604956821,48.09968550947912],[-89.3064189659419,48.0973452338556],[-89.30562595239292,48.09583151141177],[-89.30331804263979,48.09588681383039],[-89.30000595231276,48.09841863127364],[-89.29634215264186,48.099697611761385],[-89.29655906049194,48.100647011725485]]],[[[-89.26439886804967,48.15164631044445],[-89.26368844105826,48.15261402762451],[-89.26669026074941,48.15207792055253],[-89.2702793356974,48.151746130123755],[-89.27170944348512,48.150638126420986],[-89.27385386407235,48.15047872043896],[-89.27873886787712,48.14814151034741],[-89.28413455551566,48.14672071732774],[-89.28518174203532,48.14607902199789],[-89.28481366290711,48.144754615991815],[-89.28199623934329,48.14549452098852],[-89.27819116865128,48.147009620075316],[-89.27243393625324,48.149688021359935],[-89.27041205205501,48.149269120771905],[-89.26744825222235,48.149750627639186],[-89.26608565601752,48.15086623182592],[-89.26439886804967,48.15164631044445]]],[[[-89.14400294730119,48.17558640902355],[-89.14124196045276,48.17712252613934],[-89.14193135944893,48.177847510803204],[-89.14858026099104,48.17502401033795],[-89.15348944959996,48.17179203140974],[-89.15504645561242,48.17107000987652],[-89.15755076867828,48.170483126588515],[-89.16493985795454,48.16739291061729],[-89.16799536145884,48.16648951298683],[-89.17297085682694,48.16423613146683],[-89.17384633809364,48.16331083126488],[-89.17781315508365,48.16170602204589],[-89.18044215610225,48.160270517149186],[-89.18243263174004,48.159638922374874],[-89.18445735577237,48.1585477190583],[-89.18880044249534,48.15695340891087],[-89.19480793271775,48.15497633260646],[-89.19813894155662,48.152996121475745],[-89.1964394486136,48.15224583250442],[-89.19618266874484,48.15127002659528],[-89.19970916563815,48.149151016526524],[-89.20247776058962,48.148180215119794],[-89.20748345843191,48.146707525663935],[-89.20937964149515,48.14546531705645],[-89.20941295062642,48.144987828015836],[-89.20380855281589,48.14566231171077],[-89.20262244429568,48.144650318567415],[-89.20089916438924,48.14522323286986],[-89.20016223901244,48.14622711422788],[-89.19757536042489,48.14830113317605],[-89.19686515082819,48.14930442251872],[-89.19548216185069,48.149348819158135],[-89.1885217318709,48.151983015846],[-89.18889485188787,48.15253372108607],[-89.18653605010378,48.15366741099263],[-89.1828127508702,48.154970927218066],[-89.18373365058335,48.15543921910003],[-89.18558945209375,48.15543990934455],[-89.18568985922235,48.156220829779166],[-89.18444314057707,48.156946428315436],[-89.1799673638524,48.158588031036366],[-89.17883974705822,48.158636315729474],[-89.1756980700511,48.15971261625413],[-89.17510863914649,48.160722509109505],[-89.16919436077903,48.16462241071604],[-89.16280733418986,48.165939431994865],[-89.16257964191456,48.16660062850185],[-89.15914703253851,48.167816814324084],[-89.15766205416983,48.16800673382157],[-89.15628366456139,48.168815318560235],[-89.15352784197813,48.1682102083937],[-89.152046260584,48.16880482114411],[-89.15234356964426,48.17044581569633],[-89.15101625830772,48.17151441929274],[-89.14770366134925,48.172719130597294],[-89.14585816125455,48.17458902960505],[-89.1457571607882,48.17539173277374],[-89.14400294730119,48.17558640902355]]],[[[-89.31539814121048,48.093601431090164],[-89.31810515683614,48.09346582551128],[-89.32465176047448,48.09210080882858],[-89.32773885394519,48.09205621155776],[-89.33141716551998,48.090533017361906],[-89.33440813918945,48.08985141685686],[-89.3398112411773,48.08786991135397],[-89.34077593179641,48.08722933020304],[-89.3457683517811,48.08597571834112],[-89.35175276150906,48.08409881383741],[-89.35628633596001,48.08251221859387],[-89.36074543538689,48.0813589253165],[-89.35930125370977,48.080902621823064],[-89.35727424931954,48.08091731086529],[-89.35434476495533,48.08175122603326],[-89.35130954425203,48.081741416865874],[-89.3501883527724,48.080711610452575],[-89.35010243198862,48.07912073027055],[-89.3519675354475,48.07703101733389],[-89.35310075522146,48.076854823242506],[-89.35692205508441,48.07556171099558],[-89.355817543889,48.07460361207993],[-89.35301593378419,48.07529092942161],[-89.3531787561653,48.07385692148304],[-89.35226675426846,48.072993814906106],[-89.34999543546276,48.07441702048818],[-89.34922824009284,48.076142320876464],[-89.34453866266648,48.07812771732828],[-89.34149794486545,48.078585627788904],[-89.33670074812316,48.078503422144074],[-89.33314216394443,48.079088612835406],[-89.33194736488275,48.07879791547666],[-89.3320693575721,48.08030710933222],[-89.33421864440756,48.08092032635997],[-89.33402766678488,48.08233692734241],[-89.33688844803939,48.08175681102119],[-89.33964683611617,48.08217752845253],[-89.33970314327006,48.08608151858345],[-89.33897796510541,48.086969012032405],[-89.33735814043122,48.08708301551465],[-89.33564443467445,48.087792727632895],[-89.33208195652844,48.0883060216558],[-89.3276879388131,48.08825121997002],[-89.32406073818282,48.087928712124075],[-89.32231163492233,48.08726231286737],[-89.32271046093351,48.085679623194416],[-89.32181165200194,48.08510391269932],[-89.31992396217103,48.084935115428],[-89.31875904599698,48.085309525111235],[-89.3179625456971,48.088204923281126],[-89.31830964074022,48.09054642108042],[-89.31763034299853,48.091567819381176],[-89.31539814121048,48.093601431090164]]],[[[-89.24304806477046,48.12208453030272],[-89.24426046833509,48.12215082862236],[-89.24739794003692,48.121063818156635],[-89.24972625070819,48.11991141009432],[-89.25096464986757,48.1199592222144],[-89.2525534464045,48.12125972512164],[-89.25386014405916,48.121639025466074],[-89.25625194389583,48.12316661160112],[-89.25828666138527,48.12267681766616],[-89.26358555024949,48.11971121431996],[-89.26205215583575,48.11876062637617],[-89.26176116023417,48.11672383084412],[-89.26315146989474,48.11594962425365],[-89.2659061465797,48.11778492472911],[-89.2704714572224,48.11587711323073],[-89.2742913409558,48.11383112925039],[-89.27740955176056,48.11142082582259],[-89.27904974374943,48.11053353175618],[-89.27854994193692,48.10956272575934],[-89.27721886350025,48.10893221083532],[-89.2801293637186,48.10760581295058],[-89.28121514929211,48.10663953192633],[-89.28508634981578,48.10547382725492],[-89.28544287017657,48.10382010901433],[-89.28366477063925,48.103711515983946],[-89.28206065638297,48.10419321622657],[-89.28007146067836,48.10326102767438],[-89.27708396444213,48.103752108972465],[-89.275961243378,48.10540301104318],[-89.27268856664742,48.105521834316804],[-89.27209436646665,48.105146630154934],[-89.26822953959054,48.10646471656732],[-89.26579974739239,48.10925702170369],[-89.2658401535013,48.1101740319417],[-89.26307675738224,48.111497214785366],[-89.26314425667064,48.11211671293722],[-89.26031406030815,48.11253233165846],[-89.25811587011776,48.1138803126228],[-89.25641245860702,48.11425561280967],[-89.25209754104074,48.11605891124392],[-89.24964054743086,48.1182575205541],[-89.24854825844518,48.11817092201138],[-89.24778143225166,48.11938272796855],[-89.2445704359663,48.12093912883836],[-89.24304806477046,48.12208453030272]]],[[[-89.23143985457267,48.22533451131989],[-89.23287333216679,48.22640442846148],[-89.23459563933196,48.22699172763325],[-89.23561073246192,48.22680100787423],[-89.23830393870723,48.22494912703423],[-89.24137303830865,48.221533124177775],[-89.24256855048922,48.2186935290533],[-89.24612193174262,48.21713052648678],[-89.24883595309123,48.21331641867139],[-89.24885905410105,48.21046372834362],[-89.24657545321413,48.20842092371886],[-89.24410266870115,48.20851422547956],[-89.24243496914275,48.207008211843664],[-89.24263026917579,48.205933626651934],[-89.24476103933873,48.20479432226712],[-89.24380204379878,48.2041022150705],[-89.24222166875315,48.20489790940104],[-89.23962244694594,48.204867621999895],[-89.23646503935133,48.20685462290943],[-89.23659283987386,48.20762591403336],[-89.23456124765244,48.208268327186026],[-89.23395043859549,48.20753331837763],[-89.2320125534961,48.20754402574846],[-89.22919775838064,48.20875031893681],[-89.2263642594743,48.20921922008438],[-89.22212426763808,48.21047090948167],[-89.22078975985508,48.21167541735544],[-89.22184804715702,48.21217682982784],[-89.22322734795486,48.213562815158866],[-89.22298043842741,48.214701321892534],[-89.22132654398615,48.21661372955489],[-89.22017635106914,48.2171038181458],[-89.21785896583806,48.219245030277825],[-89.21758503211385,48.2203840311357],[-89.22083396276288,48.219853425372946],[-89.22163334219536,48.22183541927219],[-89.22206376627986,48.224310519318685],[-89.22435254737312,48.22430222719934],[-89.22732206871781,48.22601722579737],[-89.23026816114665,48.22533032779102],[-89.23143985457267,48.22533451131989]]],[[[-89.0698792651721,48.27303921275366],[-89.07139646816216,48.27289490933154],[-89.07505623806213,48.27307192973638],[-89.07675604067607,48.27211441687556],[-89.08050663092456,48.27154270955224],[-89.08186913406531,48.271905033464314],[-89.08875976000566,48.27000750921691],[-89.09135495864261,48.26887161767019],[-89.09611153647084,48.26753431486872],[-89.09994516116053,48.26669961039941],[-89.10214393863836,48.265768628532534],[-89.10356883683991,48.26567961654551],[-89.10572123093155,48.26624302249146],[-89.10654154418164,48.2668578090629],[-89.11004445896475,48.26748641615754],[-89.11362206267214,48.26731271516825],[-89.11466894746091,48.2675364161536],[-89.11740104244265,48.269078617128024],[-89.12004256835283,48.268427116345165],[-89.12391685513043,48.265656419164074],[-89.12790856248371,48.26345012272352],[-89.13208834345076,48.26091641985764],[-89.13394415272157,48.260180124777854],[-89.13897445010885,48.25866502058347],[-89.14323375336889,48.25805491393119],[-89.14735793358217,48.255188716356315],[-89.15153125761313,48.25286122608805],[-89.15284705990709,48.25243172775849],[-89.15665266024659,48.250022130325654],[-89.15961773795007,48.247814928194174],[-89.16239236752163,48.246206131112466],[-89.16705936687521,48.24188821799212],[-89.16880126562788,48.2394440229102],[-89.17388275535603,48.23444431893804],[-89.17324336508148,48.230479420920254],[-89.1732052568018,48.22767291216851],[-89.17209095749648,48.226479330551],[-89.1718355341843,48.22490051217311],[-89.1736733611894,48.22314723141123],[-89.17190184369596,48.22264992207016],[-89.16906105994518,48.221380914608304],[-89.16807705129581,48.22040072715017],[-89.16823726193115,48.21845421886143],[-89.16619896794452,48.21833071330207],[-89.16534646788571,48.21759101080747],[-89.16476004025431,48.21613541993043],[-89.16447834546862,48.21392731656397],[-89.16379676720504,48.21308532355044],[-89.1612286349876,48.21188302505159],[-89.15993085450836,48.21239331947476],[-89.15770543539921,48.214215525529696],[-89.15503754836016,48.2176880083489],[-89.15203014449652,48.2201366329706],[-89.15018185868234,48.221331929995635],[-89.14611105842808,48.22347742104986],[-89.14090313360592,48.22451932482845],[-89.13855823518686,48.224149123994145],[-89.13601144267865,48.22313471940313],[-89.1354321603967,48.222479714809865],[-89.13544105466687,48.22010421953102],[-89.13510984425011,48.21958851225277],[-89.13165303704966,48.219994508012974],[-89.12823785310434,48.221731425265084],[-89.12618196284564,48.2221563213747],[-89.12403975160188,48.22180011026169],[-89.12219076511994,48.220718529615866],[-89.11947506779828,48.221794309583174],[-89.11775385323536,48.222177026797304],[-89.11574095047682,48.22103542696161],[-89.11618004445263,48.219929618212404],[-89.11821106021884,48.21792172867226],[-89.11906226212656,48.21538672697371],[-89.12026515283756,48.21387092130352],[-89.12032706629705,48.21308702979712],[-89.1220793679233,48.21053533243954],[-89.12234985898876,48.20861381498441],[-89.12134514612156,48.207102817515974],[-89.11741063847533,48.20798512710436],[-89.11454324443486,48.20928861910008],[-89.10848585547461,48.211586329882905],[-89.10316335631475,48.2131054140426],[-89.09086384257493,48.217522716063804],[-89.0862295417772,48.219109520086306],[-89.08389186211866,48.21923292048817],[-89.07679843336007,48.22161073203051],[-89.07174846501154,48.22359132972005],[-89.07081606824293,48.22350911026542],[-89.06709274621507,48.22467383031072],[-89.0658259405514,48.2253174122884],[-89.06194095229513,48.22648493143718],[-89.06070423987148,48.227208829019844],[-89.05578625514363,48.22881752300999],[-89.04905216350552,48.232167818781186],[-89.04680475952092,48.23355752974702],[-89.04364793487501,48.23477431580323],[-89.03775865971028,48.238747819343146],[-89.037053765139,48.23965110917148],[-89.03709195815301,48.24264662090102],[-89.03522944931242,48.24391221494078],[-89.03373954616067,48.244046531400414],[-89.03002494828802,48.24548883049242],[-89.02712814411127,48.24717753193773],[-89.02759026588997,48.247961125039495],[-89.03007825181042,48.249896712056234],[-89.0338264579013,48.24997442361782],[-89.03717416344215,48.24912330902145],[-89.03846806630392,48.24947831679362],[-89.0418912422654,48.249174626356236],[-89.04317625840257,48.2493047163372],[-89.04742276187127,48.251064628834364],[-89.04903224752164,48.25290742209974],[-89.04941756725167,48.25445711924013],[-89.051421242494,48.25570801585062],[-89.05183256141277,48.25790511203517],[-89.05074646506313,48.259049128344216],[-89.05068445795948,48.26187553305154],[-89.04955604167255,48.26230052590343],[-89.04966144735899,48.265609719695995],[-89.05038223291724,48.2667845229666],[-89.05237116761647,48.2673158282428],[-89.0538553368568,48.26635361920127],[-89.05598536166643,48.26603661658171],[-89.0575644603095,48.26643122852682],[-89.06009945280084,48.26780741384209],[-89.0624397454456,48.267693521068004],[-89.06448004946867,48.26882651782305],[-89.06711614299851,48.26969691848948],[-89.0698792651721,48.27303921275366]]]]},"properties":{"DAUID":"35580485","DGUID":"2021S051235580485","LANDAREA":299.9616,"PRUID":"35","CMA":"Thunder_Bay"}},
{"type":"Feature","geometry":{"type":"Polygon","coordinates":[[[-89.1995542168296,48.30692527366734],[-89.19751313617975,48.31063741720343],[-89.19766424945541,48.31195722777874],[-89.19990353348211,48.31321900963586],[-89.20188896232304,48.3154753101151],[-89.20531193441465,48.3166513130881],[-89.20839500104717,48.31878112208737],[-89.20938259665473,48.314536997470995],[-89.20998597039872,48.31563170512875],[-89.2129981485738,48.31737838050581],[-89.21487849525002,48.32006468833202],[-89.21190596934194,48.32562823683582],[-89.21223843406668,48.32820602262826],[-89.2123663314166,48.33152790820537],[-89.21278338920641,48.33260228919174],[-89.2164673982784,48.33485399278765],[-89.217379867058,48.337166433002146],[-89.22070231276753,48.339301861069536],[-89.22542054376397,48.347849936085574],[-89.24444519311966,48.35245909328801],[-89.25441641563366,48.3548013039261],[-89.26346721103704,48.35707068963551],[-89.27913862823858,48.356528765335256],[-89.28631764212265,48.354633135049625],[-89.28564201499603,48.35188975024731],[-89.2846139827761,48.35119903055247],[-89.27557018361608,48.35128677369777],[-89.27541602570805,48.34614441286945],[-89.279294016489,48.34605312958062],[-89.27924956441244,48.34834152459623],[-89.28775964979808,48.34807555630608],[-89.28815931464436,48.350211349494735],[-89.29150099842418,48.35000617916977],[-89.29117322990898,48.347733148784314],[-89.29702300638561,48.34744703485562],[-89.29998979388219,48.347573403346786],[-89.30622169920954,48.34392990262719],[-89.30565797843386,48.34189170403565],[-89.30601578280152,48.34112749803672],[-89.30596301087515,48.32799220211726],[-89.306299986396,48.317526246640064],[-89.33353370649756,48.316872801439374],[-89.33388302847979,48.308007781255085],[-89.33755769275348,48.307986513149665],[-89.33639181070824,48.28985397599479],[-89.33668426979033,48.28985258914141],[-89.32943183341912,48.28850133245789],[-89.31992027659139,48.277868925420336],[-89.31227984315177,48.27580280227846],[-89.29991314623372,48.27338163094598],[-89.29474411801606,48.272766305014166],[-89.29459367636406,48.27525300260967],[-89.28944777084196,48.27525857970297],[-89.2891768153417,48.272439645158734],[-89.25634341896642,48.26667039757581],[-89.2555019648505,48.26726183437717],[-89.2518828561188,48.26862852607122],[-89.24680236131502,48.271094318800955],[-89.24469173880127,48.27275512671075],[-89.243551038172,48.274406032499094],[-89.24130383844783,48.27664531060149],[-89.23957434112917,48.28025102304001],[-89.23706335626044,48.28417781854861],[-89.23647133152379,48.28451333292491],[-89.23644423373167,48.28605243417669],[-89.23585325333673,48.286720710422365],[-89.23622135604866,48.28959271020701],[-89.2372285317548,48.2925873193221],[-89.2383960597173,48.294310021006616],[-89.23850856069558,48.297501911936436],[-89.23880984040485,48.299151625784454],[-89.23876396649689,48.3042719266948],[-89.23762536147281,48.305373813740694],[-89.23538255255698,48.30620921254063],[-89.23101174154976,48.30494462333395],[-89.22977504723583,48.303798932583035],[-89.22829344328146,48.303530720704586],[-89.22701256713394,48.304158426295785],[-89.22748913127896,48.305813726071776],[-89.2262449444343,48.306044722217955],[-89.22386706022189,48.304705233205596],[-89.221101459998,48.303750925260786],[-89.21903586206027,48.30058771381989],[-89.21684704467826,48.30018013157458],[-89.21448654021185,48.29892102233652],[-89.21139454560591,48.29914241795716],[-89.20876363848313,48.30129841484149],[-89.20794905042433,48.30367143180719],[-89.20888766285074,48.305731817807576],[-89.21041293464559,48.30638632771545],[-89.21180263856435,48.30796111218672],[-89.21200076763891,48.30817321646055],[-89.21232024559625,48.30901281540032],[-89.21376285881877,48.30962391217447],[-89.21378038831082,48.31037616201341],[-89.21252069912391,48.31288027448512],[-89.21068836667621,48.313128374884236],[-89.20937168202448,48.31186552817016],[-89.20532022874457,48.3116795042058],[-89.20323254436097,48.310043750539265],[-89.20263999230434,48.30874652858739],[-89.1995542168296,48.30692527366734]]]},"properties":{"DAUID":"35580486","DGUID":"2021S051235580486","LANDAREA":58.4978,"PRUID":"35","CMA":"Thunder_Bay"}}
]}