{"type":"FeatureCollection", "features": [
{"type":"Feature","geometry":{"type":"Polygon","coordinates":[[[-72.5036973048418,46.37335090950421],[-72.49897891532706,46.37645867030374],[-72.51433212614211,46.387468904227845],[-72.51620421132863,46.38536672985035],[-72.51570497589569,46.38449129150659],[-72.51653318630868,46.38339207678198],[-72.51513955228674,46.38139899566669],[-72.50953463005136,46.377441774979545],[-72.51021597969788,46.376994271748096],[-72.50650248018587,46.37436811364896],[-72.50437739311619,46.372876455521414],[-72.5036973048418,46.37335090950421]]]},"properties":{"DAUID":"24370016","DGUID":"2021S051224370016","LANDAREA":0.841,"PRUID":"24","CMA":"Trois-Rivieres"}},
{"type":"Feature","geometry":{"type":"Polygon","coordinates":[[[-72.5036973048418,46.37335090950421],[-72.50259307164998,46.372547490245665],[-72.50155972058894,46.373254920599344],[-72.49869409227453,46.371221626952284],[-72.49803554447668,46.37076827589964],[-72.4972982016971,46.37196417822079],[-72.49504257525285,46.373687539027294],[-72.4965762620075,46.37470160439049],[-72.49897891532706,46.37645867030374],[-72.5036973048418,46.37335090950421]]]},"properties":{"DAUID":"24370017","DGUID":"2021S051224370017","LANDAREA":0.1905,"PRUID":"24","CMA":"Trois-Rivieres"}},
{"type":"Feature","geometry":{"type":"Polygon","coordinates":[[[-72.50437739311619,46.372876455521414],[-72.50498243179818,46.37246671819855],[-72.50166315665228,46.370191655717996],[-72.50042788433373,46.37102966118947],[-72.49869409227453,46.371221626952284],[-72.50155972058894,46.373254920599344],[-72.50259307164998,46.372547490245665],[-72.5036973048418,46.37335090950421],[-72.50437739311619,46.372876455521414]]]},"properties":{"DAUID":"24370018","DGUID":"2021S051224370018","LANDAREA":0.0835,"PRUID":"24","CMA":"Trois-Rivieres"}},
{"type":"Feature","geometry":{"type":"Polygon","coordinates":[[[-72.50650248018587,46.37436811364896],[-72.50808687572935,46.37348616870697],[-72.50884062089426,46.37292002132132],[-72.50664588845044,46.37133094234039],[-72.50807046856978,46.37037159274942],[-72.5055137031011,46.36854759332388],[-72.50350855533273,46.36794450997634],[-72.5009765477718,46.369693933483646],[-72.50166315665228,46.370191655717996],[-72.50498243179818,46.37246671819855],[-72.50437739311619,46.372876455521414],[-72.50650248018587,46.37436811364896]]]},"properties":{"DAUID":"24370019","DGUID":"2021S051224370019","LANDAREA":0.1909,"PRUID":"24","CMA":"Trois-Rivieres"}},
{"type":"Feature","geometry":{"type":"Polygon","coordinates":[[[-72.5055137031011,46.36854759332388],[-72.50866513977718,46.36642399367157],[-72.50730655550944,46.36546430988857],[-72.50502150869039,46.36692917148345],[-72.50381008971978,46.36605616070249],[-72.50230970610184,46.36706219077072],[-72.50350855533273,46.36794450997634],[-72.5055137031011,46.36854759332388]]]},"properties":{"DAUID":"24370020","DGUID":"2021S051224370020","LANDAREA":0.0836,"PRUID":"24","CMA":"Trois-Rivieres"}},
{"type":"Feature","geometry":{"type":"Polygon","coordinates":[[[-72.50807046856978,46.37037159274942],[-72.50962193715033,46.36934632029369],[-72.51175044983188,46.37090980586768],[-72.51336471745893,46.36983804504699],[-72.5112106428301,46.368284183608914],[-72.50866513977718,46.36642399367157],[-72.5055137031011,46.36854759332388],[-72.50807046856978,46.37037159274942]]]},"properties":{"DAUID":"24370021","DGUID":"2021S051224370021","LANDAREA":0.1364,"PRUID":"24","CMA":"Trois-Rivieres"}},
{"type":"Feature","geometry":{"type":"Polygon","coordinates":[[[-72.50866513977718,46.36642399367157],[-72.5112106428301,46.368284183608914],[-72.51382020637038,46.36653274770407],[-72.5112617160965,46.364672913391395],[-72.51194330991744,46.364234421638194],[-72.51131909065256,46.362853064884085],[-72.50988342288034,46.36274142332547],[-72.50840120579605,46.36164047445804],[-72.5077196058508,46.36207895931034],[-72.50644524096538,46.36290892034013],[-72.50869410385911,46.364550766431],[-72.50730655550944,46.36546430988857],[-72.50866513977718,46.36642399367157]]]},"properties":{"DAUID":"24370022","DGUID":"2021S051224370022","LANDAREA":0.1892,"PRUID":"24","CMA":"Trois-Rivieres"}},
{"type":"Feature","geometry":{"type":"Polygon","coordinates":[[[-72.51382020637038,46.36653274770407],[-72.51514442957182,46.365656573262264],[-72.51657109404451,46.36667766433349],[-72.51783159570279,46.36582989906737],[-72.51388536126954,46.36294819312942],[-72.51456776283236,46.362527645089266],[-72.51328795997632,46.36158426114038],[-72.51131909065256,46.362853064884085],[-72.51194330991744,46.364234421638194],[-72.5112617160965,46.364672913391395],[-72.51382020637038,46.36653274770407]]]},"properties":{"DAUID":"24370023","DGUID":"2021S051224370023","LANDAREA":0.1408,"PRUID":"24","CMA":"Trois-Rivieres"}},
{"type":"Feature","geometry":{"type":"Polygon","coordinates":[[[-72.51783159570279,46.36582989906737],[-72.52044336548877,46.364132285818776],[-72.51735990308639,46.36189737767955],[-72.51818811825005,46.36124493241956],[-72.51661942733672,46.36096232308335],[-72.51456776283236,46.362527645089266],[-72.51388536126954,46.36294819312942],[-72.51783159570279,46.36582989906737]]]},"properties":{"DAUID":"24370024","DGUID":"2021S051224370024","LANDAREA":0.1274,"PRUID":"24","CMA":"Trois-Rivieres"}},
{"type":"Feature","geometry":{"type":"Polygon","coordinates":[[[-72.52044336548877,46.364132285818776],[-72.5225457766298,46.362765218157485],[-72.5230322167594,46.362228079854724],[-72.52057910662668,46.3615587320516],[-72.51818811825005,46.36124493241956],[-72.51735990308639,46.36189737767955],[-72.52044336548877,46.364132285818776]]]},"properties":{"DAUID":"24370025","DGUID":"2021S051224370025","LANDAREA":0.0722,"PRUID":"24","CMA":"Trois-Rivieres"}},
{"type":"Feature","geometry":{"type":"Polygon","coordinates":[[[-72.51818811825005,46.36124493241956],[-72.52057910662668,46.3615587320516],[-72.5230322167594,46.362228079854724],[-72.52782163479932,46.363239710461414],[-72.52867760299556,46.36445869263165],[-72.52935433711056,46.36399686035177],[-72.53212661067413,46.3619468852927],[-72.5304023443185,46.36103771092387],[-72.52145109010463,46.360796865593414],[-72.51718097403894,46.35968267478294],[-72.51661942733672,46.36096232308335],[-72.51818811825005,46.36124493241956]]]},"properties":{"DAUID":"24370026","DGUID":"2021S051224370026","LANDAREA":0.1743,"PRUID":"24","CMA":"Trois-Rivieres"}},
{"type":"Feature","geometry":{"type":"Polygon","coordinates":[[[-72.5225457766298,46.362765218157485],[-72.52666131563335,46.36581888286479],[-72.52867760299556,46.36445869263165],[-72.52782163479932,46.363239710461414],[-72.5230322167594,46.362228079854724],[-72.5225457766298,46.362765218157485]]]},"properties":{"DAUID":"24370027","DGUID":"2021S051224370027","LANDAREA":0.0837,"PRUID":"24","CMA":"Trois-Rivieres"}},
{"type":"Feature","geometry":{"type":"Polygon","coordinates":[[[-72.51783159570279,46.36582989906737],[-72.52128052586747,46.36836264229987],[-72.52340966764399,46.3680083085744],[-72.52666131563335,46.36581888286479],[-72.5225457766298,46.362765218157485],[-72.52044336548877,46.364132285818776],[-72.51783159570279,46.36582989906737]]]},"properties":{"DAUID":"24370028","DGUID":"2021S051224370028","LANDAREA":0.2229,"PRUID":"24","CMA":"Trois-Rivieres"}},
{"type":"Feature","geometry":{"type":"Polygon","coordinates":[[[-72.52340966764399,46.3680083085744],[-72.52684644474398,46.37055016326635],[-72.52745216738144,46.37015828199505],[-72.52886888574977,46.369315850040756],[-72.53276778620508,46.36843496921056],[-72.53061061698669,46.36682750524849],[-72.5292485279687,46.36772274804704],[-72.52666131563335,46.36581888286479],[-72.52340966764399,46.3680083085744]]]},"properties":{"DAUID":"24370029","DGUID":"2021S051224370029","LANDAREA":0.173,"PRUID":"24","CMA":"Trois-Rivieres"}},
{"type":"Feature","geometry":{"type":"Polygon","coordinates":[[[-72.52867760299556,46.36445869263165],[-72.52666131563335,46.36581888286479],[-72.5292485279687,46.36772274804704],[-72.53061061698669,46.36682750524849],[-72.53199780783686,46.36591367592368],[-72.52935433711056,46.36399686035177],[-72.52867760299556,46.36445869263165]]]},"properties":{"DAUID":"24370030","DGUID":"2021S051224370030","LANDAREA":0.0852,"PRUID":"24","CMA":"Trois-Rivieres"}},
{"type":"Feature","geometry":{"type":"Polygon","coordinates":[[[-72.52935433711056,46.36399686035177],[-72.53199780783686,46.36591367592368],[-72.53061061698669,46.36682750524849],[-72.53276778620508,46.36843496921056],[-72.53432983398255,46.36764318102027],[-72.53542069826804,46.368977757651955],[-72.53666447212953,46.36872585568183],[-72.53834454592915,46.36768224914856],[-72.53619286002399,46.3675973120719],[-72.53531731493477,46.36680395437127],[-72.53314043587,46.362368641502826],[-72.53212661067413,46.3619468852927],[-72.52935433711056,46.36399686035177]]]},"properties":{"DAUID":"24370031","DGUID":"2021S051224370031","LANDAREA":0.1564,"PRUID":"24","CMA":"Trois-Rivieres"}},
{"type":"Feature","geometry":{"type":"Polygon","coordinates":[[[-72.52745216738144,46.37015828199505],[-72.53091481932648,46.372690432723374],[-72.53452256848684,46.37033062637896],[-72.53451322065523,46.36931353352519],[-72.53542069826804,46.368977757651955],[-72.53432983398255,46.36764318102027],[-72.53276778620508,46.36843496921056],[-72.52886888574977,46.369315850040756],[-72.52745216738144,46.37015828199505]]]},"properties":{"DAUID":"24370032","DGUID":"2021S051224370032","LANDAREA":0.165,"PRUID":"24","CMA":"Trois-Rivieres"}},
{"type":"Feature","geometry":{"type":"Polygon","coordinates":[[[-72.52684644474398,46.37055016326635],[-72.52550887597684,46.371417771858795],[-72.52895939002308,46.373968266292245],[-72.53091481932648,46.372690432723374],[-72.52745216738144,46.37015828199505],[-72.52684644474398,46.37055016326635]]]},"properties":{"DAUID":"24370033","DGUID":"2021S051224370033","LANDAREA":0.0799,"PRUID":"24","CMA":"Trois-Rivieres"}},
{"type":"Feature","geometry":{"type":"Polygon","coordinates":[[[-72.53091481932648,46.372690432723374],[-72.52895939002308,46.373968266292245],[-72.53185614823148,46.37608110367079],[-72.53315084853016,46.374584206733054],[-72.5353960488618,46.3731106238196],[-72.53564425667561,46.37231274028346],[-72.5366469737795,46.37206480870316],[-72.53667936456537,46.37001143029162],[-72.53542069826804,46.368977757651955],[-72.53451322065523,46.36931353352519],[-72.53452256848684,46.37033062637896],[-72.53091481932648,46.372690432723374]]]},"properties":{"DAUID":"24370034","DGUID":"2021S051224370034","LANDAREA":0.1868,"PRUID":"24","CMA":"Trois-Rivieres"}},
{"type":"Feature","geometry":{"type":"Polygon","coordinates":[[[-72.52895939002308,46.373968266292245],[-72.52561378769813,46.37610586702922],[-72.52332138542192,46.37713913956253],[-72.52201596500511,46.37814102853363],[-72.52476378790276,46.38013140269547],[-72.52871143751571,46.38300374509971],[-72.53049621167649,46.382783136479475],[-72.53315824280499,46.381039083423964],[-72.53478016741744,46.38204648462998],[-72.53728996165198,46.38038682259141],[-72.53579370399707,46.379286526958715],[-72.53709316687433,46.37843766498977],[-72.53441167401769,46.376482102043],[-72.53505515753629,46.37524305780878],[-72.53315084853016,46.374584206733054],[-72.53185614823148,46.37608110367079],[-72.52895939002308,46.373968266292245]]]},"properties":{"DAUID":"24370035","DGUID":"2021S051224370035","LANDAREA":0.6862,"PRUID":"24","CMA":"Trois-Rivieres"}},
{"type":"Feature","geometry":{"type":"Polygon","coordinates":[[[-72.53728996165198,46.38038682259141],[-72.54042450017751,46.378213345091424],[-72.54068770379016,46.37722022549205],[-72.53986874773861,46.37662783287184],[-72.53835446062931,46.377607665256726],[-72.53505515753629,46.37524305780878],[-72.53441167401769,46.376482102043],[-72.53709316687433,46.37843766498977],[-72.53579370399707,46.379286526958715],[-72.53728996165198,46.38038682259141]]]},"properties":{"DAUID":"24370036","DGUID":"2021S051224370036","LANDAREA":0.1116,"PRUID":"24","CMA":"Trois-Rivieres"}},
{"type":"Feature","geometry":{"type":"Polygon","coordinates":[[[-72.53315084853016,46.374584206733054],[-72.53505515753629,46.37524305780878],[-72.53835446062931,46.377607665256726],[-72.53986874773861,46.37662783287184],[-72.54068770379016,46.37722022549205],[-72.5444035896145,46.37516484114638],[-72.54294889116599,46.37411774608613],[-72.54219514201797,46.373585779361754],[-72.53966919843332,46.37516942577802],[-72.53564425667561,46.37231274028346],[-72.5353960488618,46.3731106238196],[-72.53315084853016,46.374584206733054]]]},"properties":{"DAUID":"24370037","DGUID":"2021S051224370037","LANDAREA":0.2127,"PRUID":"24","CMA":"Trois-Rivieres"}},
{"type":"Feature","geometry":{"type":"Polygon","coordinates":[[[-72.53564425667561,46.37231274028346],[-72.53966919843332,46.37516942577802],[-72.54219514201797,46.373585779361754],[-72.53971613667338,46.37287712035799],[-72.53963336400331,46.369773018037165],[-72.53667936456537,46.37001143029162],[-72.5366469737795,46.37206480870316],[-72.53564425667561,46.37231274028346]]]},"properties":{"DAUID":"24370038","DGUID":"2021S051224370038","LANDAREA":0.1404,"PRUID":"24","CMA":"Trois-Rivieres"}},
{"type":"Feature","geometry":{"type":"Polygon","coordinates":[[[-72.54294889116599,46.37411774608613],[-72.54543208098463,46.37245846434538],[-72.54540589541836,46.36891192168397],[-72.53963336400331,46.369773018037165],[-72.53971613667338,46.37287712035799],[-72.54219514201797,46.373585779361754],[-72.54294889116599,46.37411774608613]]]},"properties":{"DAUID":"24370039","DGUID":"2021S051224370039","LANDAREA":0.1967,"PRUID":"24","CMA":"Trois-Rivieres"}},
{"type":"Feature","geometry":{"type":"Polygon","coordinates":[[[-72.5444035896145,46.37516484114638],[-72.54528260707384,46.37559489963638],[-72.54863865693618,46.37342043770633],[-72.5499361259244,46.37226535212536],[-72.54998864679312,46.36819484107466],[-72.54540589541836,46.36891192168397],[-72.54543208098463,46.37245846434538],[-72.54294889116599,46.37411774608613],[-72.5444035896145,46.37516484114638]]]},"properties":{"DAUID":"24370040","DGUID":"2021S051224370040","LANDAREA":0.2477,"PRUID":"24","CMA":"Trois-Rivieres"}},
{"type":"Feature","geometry":{"type":"Polygon","coordinates":[[[-72.53542069826804,46.368977757651955],[-72.53667936456537,46.37001143029162],[-72.53963336400331,46.369773018037165],[-72.54540589541836,46.36891192168397],[-72.54998864679312,46.36819484107466],[-72.5499361259244,46.37226535212536],[-72.54863865693618,46.37342043770633],[-72.55126342838209,46.37516352774377],[-72.55572712336125,46.372237276715914],[-72.55692561530223,46.37055923892571],[-72.55728360560013,46.36875829054421],[-72.55749263420589,46.36688829410558],[-72.55486864206149,46.366565341031254],[-72.55313598709947,46.36604540492141],[-72.53834454592915,46.36768224914856],[-72.53666447212953,46.36872585568183],[-72.53542069826804,46.368977757651955]]]},"properties":{"DAUID":"24370041","DGUID":"2021S051224370041","LANDAREA":0.4542,"PRUID":"24","CMA":"Trois-Rivieres"}},
{"type":"Feature","geometry":{"type":"Polygon","coordinates":[[[-72.55126342838209,46.37516352774377],[-72.5520008288027,46.37572920115772],[-72.55337611641056,46.37647191458886],[-72.55760475134953,46.377581245427045],[-72.55896122575379,46.37548838767731],[-72.55978169711537,46.3744251964346],[-72.56204497802639,46.37144715377611],[-72.55995570619386,46.37064228641442],[-72.558330815454,46.370451345084376],[-72.55866751161174,46.36882396171029],[-72.55728360560013,46.36875829054421],[-72.55692561530223,46.37055923892571],[-72.55572712336125,46.372237276715914],[-72.55126342838209,46.37516352774377]]]},"properties":{"DAUID":"24370042","DGUID":"2021S051224370042","LANDAREA":0.3556,"PRUID":"24","CMA":"Trois-Rivieres"}},
{"type":"Feature","geometry":{"type":"Polygon","coordinates":[[[-72.56204497802639,46.37144715377611],[-72.56529120312864,46.37187656683176],[-72.56572997002642,46.370182905783146],[-72.56277354424314,46.369827869775335],[-72.5628840837003,46.36888001692345],[-72.55866751161174,46.36882396171029],[-72.558330815454,46.370451345084376],[-72.55995570619386,46.37064228641442],[-72.56204497802639,46.37144715377611]]]},"properties":{"DAUID":"24370043","DGUID":"2021S051224370043","LANDAREA":0.1209,"PRUID":"24","CMA":"Trois-Rivieres"}},
{"type":"Feature","geometry":{"type":"Polygon","coordinates":[[[-72.55978169711537,46.3744251964346],[-72.56301905097321,46.37439570311134],[-72.56414245020684,46.37503606816712],[-72.56578137875151,46.37314368728631],[-72.56665010102353,46.37335774728437],[-72.56679305347248,46.3728142822712],[-72.56529120312864,46.37187656683176],[-72.56204497802639,46.37144715377611],[-72.55978169711537,46.3744251964346]]]},"properties":{"DAUID":"24370044","DGUID":"2021S051224370044","LANDAREA":0.123,"PRUID":"24","CMA":"Trois-Rivieres"}},
{"type":"Feature","geometry":{"type":"Polygon","coordinates":[[[-72.55896122575379,46.37548838767731],[-72.56274515934159,46.376004546228394],[-72.56495565620389,46.37707001566784],[-72.56616976043452,46.374998361688334],[-72.56665010102353,46.37335774728437],[-72.56578137875151,46.37314368728631],[-72.56414245020684,46.37503606816712],[-72.56301905097321,46.37439570311134],[-72.55978169711537,46.3744251964346],[-72.55896122575379,46.37548838767731]]]},"properties":{"DAUID":"24370045","DGUID":"2021S051224370045","LANDAREA":0.1072,"PRUID":"24","CMA":"Trois-Rivieres"}},
{"type":"Feature","geometry":{"type":"Polygon","coordinates":[[[-72.56529120312864,46.37187656683176],[-72.56679305347248,46.3728142822712],[-72.56665010102353,46.37335774728437],[-72.56616976043452,46.374998361688334],[-72.56495565620389,46.37707001566784],[-72.56362377867836,46.378775641407834],[-72.56230389474123,46.379178733199275],[-72.56193477047931,46.37998450899963],[-72.56527472613806,46.37910634279534],[-72.56791424815137,46.37746097122419],[-72.56916637154362,46.37564047322151],[-72.56990692132096,46.37373275323793],[-72.56900044522375,46.37057562935682],[-72.56914894899614,46.369878974982555],[-72.56604181924575,46.36936543364639],[-72.56572997002642,46.370182905783146],[-72.56529120312864,46.37187656683176]]]},"properties":{"DAUID":"24370046","DGUID":"2021S051224370046","LANDAREA":0.2705,"PRUID":"24","CMA":"Trois-Rivieres"}},
{"type":"Feature","geometry":{"type":"Polygon","coordinates":[[[-72.55728360560013,46.36875829054421],[-72.55866751161174,46.36882396171029],[-72.5628840837003,46.36888001692345],[-72.56277354424314,46.369827869775335],[-72.56572997002642,46.370182905783146],[-72.56604181924575,46.36936543364639],[-72.56914894899614,46.369878974982555],[-72.56900044522375,46.37057562935682],[-72.56990692132096,46.37373275323793],[-72.56916637154362,46.37564047322151],[-72.57340342038785,46.37687467606888],[-72.57388088305629,46.37560200079997],[-72.57377248749711,46.374323394479624],[-72.57198588565736,46.37159190087158],[-72.57308763935215,46.36853927841499],[-72.56909935226088,46.3682180669141],[-72.56037581996715,46.3672007876901],[-72.55749263420589,46.36688829410558],[-72.55728360560013,46.36875829054421]]]},"properties":{"DAUID":"24370047","DGUID":"2021S051224370047","LANDAREA":0.2791,"PRUID":"24","CMA":"Trois-Rivieres"}},
{"type":"Feature","geometry":{"type":"Polygon","coordinates":[[[-72.56193477047931,46.37998450899963],[-72.56279173729764,46.38184641484707],[-72.56401489075542,46.38293462249755],[-72.56524556297407,46.381744896707744],[-72.56625958194563,46.381460440757095],[-72.5717146500498,46.38132910768682],[-72.57340342038785,46.37687467606888],[-72.56916637154362,46.37564047322151],[-72.56791424815137,46.37746097122419],[-72.56527472613806,46.37910634279534],[-72.56193477047931,46.37998450899963]]]},"properties":{"DAUID":"24370048","DGUID":"2021S051224370048","LANDAREA":0.3446,"PRUID":"24","CMA":"Trois-Rivieres"}},
{"type":"Feature","geometry":{"type":"Polygon","coordinates":[[[-72.5520008288027,46.37572920115772],[-72.55103517901355,46.37648055182445],[-72.55099712350719,46.380307663371966],[-72.55379187841714,46.38135096764076],[-72.55477859714678,46.38293985603014],[-72.55759126157703,46.38218205655765],[-72.55935489894341,46.38314986971836],[-72.5614171226014,46.38356158693576],[-72.56135028997188,46.384607491206225],[-72.56401489075542,46.38293462249755],[-72.56279173729764,46.38184641484707],[-72.56193477047931,46.37998450899963],[-72.56079279236207,46.37868734633562],[-72.55760475134953,46.377581245427045],[-72.55337611641056,46.37647191458886],[-72.5520008288027,46.37572920115772]]]},"properties":{"DAUID":"24370049","DGUID":"2021S051224370049","LANDAREA":0.4997,"PRUID":"24","CMA":"Trois-Rivieres"}},
{"type":"Feature","geometry":{"type":"Polygon","coordinates":[[[-72.55760475134953,46.377581245427045],[-72.56079279236207,46.37868734633562],[-72.56193477047931,46.37998450899963],[-72.56230389474123,46.379178733199275],[-72.56362377867836,46.378775641407834],[-72.56495565620389,46.37707001566784],[-72.56274515934159,46.376004546228394],[-72.55896122575379,46.37548838767731],[-72.55760475134953,46.377581245427045]]]},"properties":{"DAUID":"24370050","DGUID":"2021S051224370050","LANDAREA":0.1501,"PRUID":"24","CMA":"Trois-Rivieres"}},
{"type":"Feature","geometry":{"type":"Polygon","coordinates":[[[-72.56401489075542,46.38293462249755],[-72.56135028997188,46.384607491206225],[-72.55778715701399,46.38599482076245],[-72.55433234124196,46.38828886970792],[-72.55600665893168,46.39010504667999],[-72.55764359522766,46.38896910174511],[-72.56303669563273,46.392626357763454],[-72.56016658179537,46.39463704214297],[-72.56140470734927,46.39549086483776],[-72.56536254409679,46.39808420269277],[-72.57065916167556,46.3849729031123],[-72.57106752384908,46.383086251574944],[-72.5717146500498,46.38132910768682],[-72.56625958194563,46.381460440757095],[-72.56524556297407,46.381744896707744],[-72.56401489075542,46.38293462249755]]]},"properties":{"DAUID":"24370051","DGUID":"2021S051224370051","LANDAREA":1.1455,"PRUID":"24","CMA":"Trois-Rivieres"}},
{"type":"Feature","geometry":{"type":"Polygon","coordinates":[[[-72.55477859714678,46.38293985603014],[-72.55267541598751,46.383573285281734],[-72.55104588087754,46.383502602240725],[-72.54830720067412,46.38443679873548],[-72.54791242254463,46.384155126363815],[-72.55267151640794,46.38947031613758],[-72.55433234124196,46.38828886970792],[-72.55778715701399,46.38599482076245],[-72.56135028997188,46.384607491206225],[-72.5614171226014,46.38356158693576],[-72.55935489894341,46.38314986971836],[-72.55759126157703,46.38218205655765],[-72.55477859714678,46.38293985603014]]]},"properties":{"DAUID":"24370052","DGUID":"2021S051224370052","LANDAREA":0.3955,"PRUID":"24","CMA":"Trois-Rivieres"}},
{"type":"Feature","geometry":{"type":"Polygon","coordinates":[[[-72.55099712350719,46.380307663371966],[-72.54981286978449,46.379723424310704],[-72.54507941956685,46.381484732310035],[-72.54688738969764,46.3829454411858],[-72.54791242254463,46.384155126363815],[-72.54830720067412,46.38443679873548],[-72.55104588087754,46.383502602240725],[-72.55267541598751,46.383573285281734],[-72.55477859714678,46.38293985603014],[-72.55379187841714,46.38135096764076],[-72.55099712350719,46.380307663371966]]]},"properties":{"DAUID":"24370053","DGUID":"2021S051224370053","LANDAREA":0.2178,"PRUID":"24","CMA":"Trois-Rivieres"}},
{"type":"Feature","geometry":{"type":"Polygon","coordinates":[[[-72.54791242254463,46.384155126363815],[-72.54515302022862,46.38569012453003],[-72.5473676644338,46.38738605008836],[-72.55054138144618,46.38954613973949],[-72.55137505418696,46.3903823090504],[-72.55207454870975,46.39086146315915],[-72.55367544262525,46.39195912070788],[-72.55497363687851,46.39108306121298],[-72.55267151640794,46.38947031613758],[-72.54791242254463,46.384155126363815]]]},"properties":{"DAUID":"24370054","DGUID":"2021S051224370054","LANDAREA":0.1774,"PRUID":"24","CMA":"Trois-Rivieres"}},
{"type":"Feature","geometry":{"type":"Polygon","coordinates":[[[-72.5473676644338,46.38738605008836],[-72.54495365999384,46.388872710618976],[-72.5450939861024,46.38990484236147],[-72.54693511196638,46.39113216834397],[-72.54829014075237,46.39253262710735],[-72.55137505418696,46.3903823090504],[-72.55054138144618,46.38954613973949],[-72.5473676644338,46.38738605008836]]]},"properties":{"DAUID":"24370055","DGUID":"2021S051224370055","LANDAREA":0.1463,"PRUID":"24","CMA":"Trois-Rivieres"}},
{"type":"Feature","geometry":{"type":"Polygon","coordinates":[[[-72.54495365999384,46.388872710618976],[-72.54416012920345,46.388602764148295],[-72.54201123012105,46.38992123904832],[-72.54147036280003,46.39113098364796],[-72.54249088987868,46.39152181681544],[-72.54257077559366,46.39292445553204],[-72.54394304099789,46.39250599831689],[-72.54526002474583,46.393655288950235],[-72.5431884797144,46.39496301164228],[-72.54400840066334,46.39551147451567],[-72.54560718066385,46.394385582865326],[-72.54829014075237,46.39253262710735],[-72.54693511196638,46.39113216834397],[-72.5450939861024,46.38990484236147],[-72.54495365999384,46.388872710618976]]]},"properties":{"DAUID":"24370056","DGUID":"2021S051224370056","LANDAREA":0.1757,"PRUID":"24","CMA":"Trois-Rivieres"}},
{"type":"Feature","geometry":{"type":"Polygon","coordinates":[[[-72.55137505418696,46.3903823090504],[-72.54829014075237,46.39253262710735],[-72.54560718066385,46.394385582865326],[-72.54687256409508,46.39472577579978],[-72.55051797994525,46.39721720940118],[-72.55265676698812,46.39541262481676],[-72.55089894625611,46.3943005139494],[-72.55166470139831,46.39371577500684],[-72.54992176329802,46.39236924245214],[-72.55207454870975,46.39086146315915],[-72.55137505418696,46.3903823090504]]]},"properties":{"DAUID":"24370057","DGUID":"2021S051224370057","LANDAREA":0.1688,"PRUID":"24","CMA":"Trois-Rivieres"}},
{"type":"Feature","geometry":{"type":"Polygon","coordinates":[[[-72.55207454870975,46.39086146315915],[-72.54992176329802,46.39236924245214],[-72.55166470139831,46.39371577500684],[-72.55089894625611,46.3943005139494],[-72.55265676698812,46.39541262481676],[-72.55552404711366,46.395508920850695],[-72.55568202094987,46.39446095289677],[-72.55656381492048,46.393855511324446],[-72.55367544262525,46.39195912070788],[-72.55207454870975,46.39086146315915]]]},"properties":{"DAUID":"24370058","DGUID":"2021S051224370058","LANDAREA":0.138,"PRUID":"24","CMA":"Trois-Rivieres"}},
{"type":"Feature","geometry":{"type":"Polygon","coordinates":[[[-72.56016658179537,46.39463704214297],[-72.55497363687851,46.39108306121298],[-72.55367544262525,46.39195912070788],[-72.55656381492048,46.393855511324446],[-72.55568202094987,46.39446095289677],[-72.55552404711366,46.395508920850695],[-72.55867180019607,46.39738128130767],[-72.56140470734927,46.39549086483776],[-72.56016658179537,46.39463704214297]]]},"properties":{"DAUID":"24370059","DGUID":"2021S051224370059","LANDAREA":0.164,"PRUID":"24","CMA":"Trois-Rivieres"}},
{"type":"Feature","geometry":{"type":"Polygon","coordinates":[[[-72.55433234124196,46.38828886970792],[-72.55267151640794,46.38947031613758],[-72.55497363687851,46.39108306121298],[-72.56016658179537,46.39463704214297],[-72.56303669563273,46.392626357763454],[-72.55764359522766,46.38896910174511],[-72.55600665893168,46.39010504667999],[-72.55433234124196,46.38828886970792]]]},"properties":{"DAUID":"24370060","DGUID":"2021S051224370060","LANDAREA":0.2177,"PRUID":"24","CMA":"Trois-Rivieres"}},
{"type":"Feature","geometry":{"type":"Polygon","coordinates":[[[-72.5431884797144,46.39496301164228],[-72.54198000958107,46.39608897429113],[-72.54056161089946,46.39663449820127],[-72.53924886251922,46.39420663628579],[-72.53974047172096,46.39360122728064],[-72.53904633704396,46.39295985544702],[-72.53821252940052,46.388837504455864],[-72.53945876894669,46.38823290506086],[-72.54209342168893,46.38755159395554],[-72.5412971840049,46.38585921349146],[-72.53885231366432,46.38424043610797],[-72.53710373386652,46.385495694408554],[-72.53634831051863,46.38693257376003],[-72.53835604740654,46.3979074937517],[-72.5423935248168,46.39657468890319],[-72.54400840066334,46.39551147451567],[-72.5431884797144,46.39496301164228]]]},"properties":{"DAUID":"24370062","DGUID":"2021S051224370062","LANDAREA":0.2983,"PRUID":"24","CMA":"Trois-Rivieres"}},
{"type":"Feature","geometry":{"type":"Polygon","coordinates":[[[-72.54147036280003,46.39113098364796],[-72.54099351867067,46.39259132316652],[-72.53974047172096,46.39360122728064],[-72.53924886251922,46.39420663628579],[-72.54056161089946,46.39663449820127],[-72.54198000958107,46.39608897429113],[-72.5431884797144,46.39496301164228],[-72.54526002474583,46.393655288950235],[-72.54394304099789,46.39250599831689],[-72.54257077559366,46.39292445553204],[-72.54249088987868,46.39152181681544],[-72.54147036280003,46.39113098364796]]]},"properties":{"DAUID":"24370063","DGUID":"2021S051224370063","LANDAREA":0.1403,"PRUID":"24","CMA":"Trois-Rivieres"}},
{"type":"Feature","geometry":{"type":"Polygon","coordinates":[[[-72.54416012920345,46.388602764148295],[-72.54342575050256,46.387935306660864],[-72.54117229812745,46.38951724775586],[-72.53945876894669,46.38823290506086],[-72.53821252940052,46.388837504455864],[-72.53904633704396,46.39295985544702],[-72.53974047172096,46.39360122728064],[-72.54099351867067,46.39259132316652],[-72.54147036280003,46.39113098364796],[-72.54201123012105,46.38992123904832],[-72.54416012920345,46.388602764148295]]]},"properties":{"DAUID":"24370064","DGUID":"2021S051224370064","LANDAREA":0.1218,"PRUID":"24","CMA":"Trois-Rivieres"}},
{"type":"Feature","geometry":{"type":"Polygon","coordinates":[[[-72.54688738969764,46.3829454411858],[-72.54621664353468,46.384261351420534],[-72.54383143771993,46.385531270598506],[-72.54112192072603,46.38381955886521],[-72.54090328646294,46.3827802103488],[-72.53885231366432,46.38424043610797],[-72.5412971840049,46.38585921349146],[-72.54209342168893,46.38755159395554],[-72.53945876894669,46.38823290506086],[-72.54117229812745,46.38951724775586],[-72.54342575050256,46.387935306660864],[-72.54416012920345,46.388602764148295],[-72.54495365999384,46.388872710618976],[-72.5473676644338,46.38738605008836],[-72.54515302022862,46.38569012453003],[-72.54791242254463,46.384155126363815],[-72.54688738969764,46.3829454411858]]]},"properties":{"DAUID":"24370065","DGUID":"2021S051224370065","LANDAREA":0.2236,"PRUID":"24","CMA":"Trois-Rivieres"}},
{"type":"Feature","geometry":{"type":"Polygon","coordinates":[[[-72.54507941956685,46.381484732310035],[-72.54453082687392,46.38109242801857],[-72.54224802953577,46.38185265386306],[-72.54090328646294,46.3827802103488],[-72.54112192072603,46.38381955886521],[-72.54383143771993,46.385531270598506],[-72.54621664353468,46.384261351420534],[-72.54688738969764,46.3829454411858],[-72.54507941956685,46.381484732310035]]]},"properties":{"DAUID":"24370066","DGUID":"2021S051224370066","LANDAREA":0.1302,"PRUID":"24","CMA":"Trois-Rivieres"}},
{"type":"Feature","geometry":{"type":"Polygon","coordinates":[[[-72.55126342838209,46.37516352774377],[-72.5432444707014,46.380199404583394],[-72.54453082687392,46.38109242801857],[-72.54507941956685,46.381484732310035],[-72.54981286978449,46.379723424310704],[-72.55099712350719,46.380307663371966],[-72.55103517901355,46.37648055182445],[-72.5520008288027,46.37572920115772],[-72.55126342838209,46.37516352774377]]]},"properties":{"DAUID":"24370067","DGUID":"2021S051224370067","LANDAREA":0.1946,"PRUID":"24","CMA":"Trois-Rivieres"}},
{"type":"Feature","geometry":{"type":"Polygon","coordinates":[[[-72.51620421132863,46.38536672985035],[-72.51760609929974,46.3858256017182],[-72.52475115463864,46.3905003476688],[-72.52714726680017,46.3920338214147],[-72.52821699986148,46.39145403889698],[-72.53847669987717,46.39856378942011],[-72.53835604740654,46.3979074937517],[-72.53634831051863,46.38693257376003],[-72.53710373386652,46.385495694408554],[-72.53885231366432,46.38424043610797],[-72.54090328646294,46.3827802103488],[-72.54224802953577,46.38185265386306],[-72.54453082687392,46.38109242801857],[-72.5432444707014,46.380199404583394],[-72.55126342838209,46.37516352774377],[-72.54863865693618,46.37342043770633],[-72.54528260707384,46.37559489963638],[-72.5444035896145,46.37516484114638],[-72.54068770379016,46.37722022549205],[-72.54042450017751,46.378213345091424],[-72.53728996165198,46.38038682259141],[-72.53478016741744,46.38204648462998],[-72.53315824280499,46.381039083423964],[-72.53049621167649,46.382783136479475],[-72.52871143751571,46.38300374509971],[-72.52476378790276,46.38013140269547],[-72.51927566088952,46.383739812037696],[-72.51768820088616,46.38318153628614],[-72.51513955228674,46.38139899566669],[-72.51653318630868,46.38339207678198],[-72.51570497589569,46.38449129150659],[-72.51620421132863,46.38536672985035]]]},"properties":{"DAUID":"24370068","DGUID":"2021S051224370068","LANDAREA":2.1638,"PRUID":"24","CMA":"Trois-Rivieres"}},
{"type":"Feature","geometry":{"type":"Polygon","coordinates":[[[-72.52201596500511,46.37814102853363],[-72.52063695850802,46.37951368589754],[-72.51708598881595,46.377043571611885],[-72.5153287830921,46.380580638161206],[-72.51513955228674,46.38139899566669],[-72.51768820088616,46.38318153628614],[-72.51927566088952,46.383739812037696],[-72.52476378790276,46.38013140269547],[-72.52201596500511,46.37814102853363]]]},"properties":{"DAUID":"24370069","DGUID":"2021S051224370069","LANDAREA":0.2923,"PRUID":"24","CMA":"Trois-Rivieres"}},
{"type":"Feature","geometry":{"type":"Polygon","coordinates":[[[-72.52128052586747,46.36836264229987],[-72.51785332652462,46.37553777345966],[-72.51708598881595,46.377043571611885],[-72.52063695850802,46.37951368589754],[-72.52201596500511,46.37814102853363],[-72.52332138542192,46.37713913956253],[-72.52561378769813,46.37610586702922],[-72.52895939002308,46.373968266292245],[-72.52550887597684,46.371417771858795],[-72.52684644474398,46.37055016326635],[-72.52340966764399,46.3680083085744],[-72.52128052586747,46.36836264229987]]]},"properties":{"DAUID":"24370070","DGUID":"2021S051224370070","LANDAREA":0.5957,"PRUID":"24","CMA":"Trois-Rivieres"}},
{"type":"Feature","geometry":{"type":"Polygon","coordinates":[[[-72.51513955228674,46.38139899566669],[-72.5153287830921,46.380580638161206],[-72.51708598881595,46.377043571611885],[-72.51785332652462,46.37553777345966],[-72.51545310621992,46.37358105014881],[-72.5146574493346,46.3740851803066],[-72.51241163444024,46.37555831731566],[-72.5106066036022,46.374239627048304],[-72.50983728767726,46.37475212240221],[-72.50808687572935,46.37348616870697],[-72.50650248018587,46.37436811364896],[-72.51021597969788,46.376994271748096],[-72.50953463005136,46.377441774979545],[-72.51513955228674,46.38139899566669]]]},"properties":{"DAUID":"24370071","DGUID":"2021S051224370071","LANDAREA":0.3551,"PRUID":"24","CMA":"Trois-Rivieres"}},
{"type":"Feature","geometry":{"type":"Polygon","coordinates":[[[-72.50808687572935,46.37348616870697],[-72.50983728767726,46.37475212240221],[-72.5106066036022,46.374239627048304],[-72.51241163444024,46.37555831731566],[-72.5146574493346,46.3740851803066],[-72.51283812239828,46.372739826965834],[-72.51203204026443,46.373298189135646],[-72.50807046856978,46.37037159274942],[-72.50664588845044,46.37133094234039],[-72.50884062089426,46.37292002132132],[-72.50808687572935,46.37348616870697]]]},"properties":{"DAUID":"24370072","DGUID":"2021S051224370072","LANDAREA":0.1315,"PRUID":"24","CMA":"Trois-Rivieres"}},
{"type":"Feature","geometry":{"type":"Polygon","coordinates":[[[-72.50807046856978,46.37037159274942],[-72.51203204026443,46.373298189135646],[-72.51283812239828,46.372739826965834],[-72.5146574493346,46.3740851803066],[-72.51545310621992,46.37358105014881],[-72.51709250286885,46.37249066243847],[-72.51336471745893,46.36983804504699],[-72.51175044983188,46.37090980586768],[-72.50962193715033,46.36934632029369],[-72.50807046856978,46.37037159274942]]]},"properties":{"DAUID":"24370073","DGUID":"2021S051224370073","LANDAREA":0.1615,"PRUID":"24","CMA":"Trois-Rivieres"}},
{"type":"Feature","geometry":{"type":"Polygon","coordinates":[[[-72.51336471745893,46.36983804504699],[-72.51709250286885,46.37249066243847],[-72.51545310621992,46.37358105014881],[-72.51785332652462,46.37553777345966],[-72.52128052586747,46.36836264229987],[-72.51783159570279,46.36582989906737],[-72.51657109404451,46.36667766433349],[-72.51514442957182,46.365656573262264],[-72.51382020637038,46.36653274770407],[-72.5112106428301,46.368284183608914],[-72.51336471745893,46.36983804504699]]]},"properties":{"DAUID":"24370074","DGUID":"2021S051224370074","LANDAREA":0.4032,"PRUID":"24","CMA":"Trois-Rivieres"}},
{"type":"Feature","geometry":{"type":"Polygon","coordinates":[[[-72.58914078287073,46.374153772908976],[-72.59407764914461,46.375248469909266],[-72.59746838619992,46.375513420238335],[-72.60417784699588,46.375373706055264],[-72.60590975201569,46.375563246911305],[-72.6068589418422,46.376362090227964],[-72.61030705624816,46.383118104717155],[-72.61411752152772,46.37876250913921],[-72.61692194334877,46.37679695137773],[-72.61664291252221,46.37667744361661],[-72.61557790728044,46.37618029916046],[-72.6114858219082,46.37336833735931],[-72.61000740032586,46.37239467608162],[-72.60108662741548,46.36763375462945],[-72.59902321333682,46.366124414266004],[-72.59788678951637,46.368808178092266],[-72.58914078287073,46.374153772908976]]]},"properties":{"DAUID":"24370081","DGUID":"2021S051224370081","LANDAREA":1.041,"PRUID":"24","CMA":"Trois-Rivieres"}},
{"type":"Feature","geometry":{"type":"Polygon","coordinates":[[[-72.61664291252221,46.37667744361661],[-72.62142247477792,46.37324690936215],[-72.61591296350896,46.370771687786366],[-72.61403815273778,46.37103964260282],[-72.6121457934921,46.37223647470544],[-72.6114858219082,46.37336833735931],[-72.61557790728044,46.37618029916046],[-72.61664291252221,46.37667744361661]]]},"properties":{"DAUID":"24370082","DGUID":"2021S051224370082","LANDAREA":0.2689,"PRUID":"24","CMA":"Trois-Rivieres"}},
{"type":"Feature","geometry":{"type":"Polygon","coordinates":[[[-72.6114858219082,46.37336833735931],[-72.6121457934921,46.37223647470544],[-72.61403815273778,46.37103964260282],[-72.61591296350896,46.370771687786366],[-72.61069976973549,46.36831796088469],[-72.60972533030457,46.36787014658717],[-72.6115803927776,46.36643147870257],[-72.60768134104353,46.365128590288414],[-72.60680187198288,46.36588848653305],[-72.60855663096625,46.36666667639434],[-72.6087717565131,46.36743572628552],[-72.60372775903001,46.36516872821517],[-72.60211983877856,46.363983725410485],[-72.59902321333682,46.366124414266004],[-72.60108662741548,46.36763375462945],[-72.61000740032586,46.37239467608162],[-72.6114858219082,46.37336833735931]]]},"properties":{"DAUID":"24370083","DGUID":"2021S051224370083","LANDAREA":0.5092,"PRUID":"24","CMA":"Trois-Rivieres"}},
{"type":"Feature","geometry":{"type":"Polygon","coordinates":[[[-72.62142247477792,46.37324690936215],[-72.62311405437448,46.37207392936354],[-72.62419211678532,46.37186095068442],[-72.62592282901488,46.370294393293975],[-72.62177310003989,46.36885409316764],[-72.62164370254038,46.36800731393066],[-72.62000741102129,46.3663122906913],[-72.61880273422122,46.368739888723674],[-72.61630070222213,46.36837557315326],[-72.61420694556891,46.368910937759615],[-72.61281336836323,46.36780925642846],[-72.61175692474384,46.368545297332915],[-72.61069976973549,46.36831796088469],[-72.61591296350896,46.370771687786366],[-72.62142247477792,46.37324690936215]]]},"properties":{"DAUID":"24370084","DGUID":"2021S051224370084","LANDAREA":0.3367,"PRUID":"24","CMA":"Trois-Rivieres"}},
{"type":"Feature","geometry":{"type":"Polygon","coordinates":[[[-72.61069976973549,46.36831796088469],[-72.61175692474384,46.368545297332915],[-72.61281336836323,46.36780925642846],[-72.61420694556891,46.368910937759615],[-72.61630070222213,46.36837557315326],[-72.61880273422122,46.368739888723674],[-72.62000741102129,46.3663122906913],[-72.6218883595208,46.36721774082385],[-72.6256666219968,46.36453288332704],[-72.62333562486236,46.363060190230776],[-72.62132515796493,46.3647551366774],[-72.6204371563247,46.364415905879106],[-72.61934260216458,46.365432012788226],[-72.61786025769472,46.36421312892535],[-72.61391161751177,46.363916992080654],[-72.61192977630287,46.36331041507156],[-72.6108717384476,46.362557657765755],[-72.60974397763711,46.363289670192835],[-72.6077384935111,46.36232140714117],[-72.60642239771619,46.360142890336874],[-72.60637239592522,46.359224801594465],[-72.6028455887365,46.36156957005445],[-72.60034354921704,46.36332962800903],[-72.5977422592634,46.36519098771611],[-72.59902321333682,46.366124414266004],[-72.60211983877856,46.363983725410485],[-72.60372775903001,46.36516872821517],[-72.6087717565131,46.36743572628552],[-72.60855663096625,46.36666667639434],[-72.60680187198288,46.36588848653305],[-72.60768134104353,46.365128590288414],[-72.6115803927776,46.36643147870257],[-72.60972533030457,46.36787014658717],[-72.61069976973549,46.36831796088469]]]},"properties":{"DAUID":"24370085","DGUID":"2021S051224370085","LANDAREA":0.8147,"PRUID":"24","CMA":"Trois-Rivieres"}},
{"type":"Feature","geometry":{"type":"Polygon","coordinates":[[[-72.6028455887365,46.36156957005445],[-72.60214468813483,46.36106378302076],[-72.60315558706779,46.36019383275999],[-72.60135722938021,46.35771502450364],[-72.59855436639306,46.35943707708296],[-72.59760633571516,46.359729302213],[-72.60006322349199,46.36158057491551],[-72.59908159777204,46.36225173532127],[-72.60034354921704,46.36332962800903],[-72.6028455887365,46.36156957005445]]]},"properties":{"DAUID":"24370086","DGUID":"2021S051224370086","LANDAREA":0.1387,"PRUID":"24","CMA":"Trois-Rivieres"}},
{"type":"Feature","geometry":{"type":"Polygon","coordinates":[[[-72.60637239592522,46.359224801594465],[-72.61109918790389,46.355906206209404],[-72.61192620564293,46.35554576914712],[-72.60912227816178,46.354795879739804],[-72.60719688276829,46.354876607201895],[-72.60617671266277,46.354490806142074],[-72.60351588377789,46.355108797777056],[-72.60181990739022,46.353398485548055],[-72.5988355158701,46.35315548545677],[-72.5970558420126,46.35376411763805],[-72.5973380605949,46.35448679064359],[-72.59646308368048,46.35601070115849],[-72.59806263986876,46.357350845121225],[-72.60035733934713,46.356676029647105],[-72.60135722938021,46.35771502450364],[-72.60315558706779,46.36019383275999],[-72.60214468813483,46.36106378302076],[-72.6028455887365,46.36156957005445],[-72.60637239592522,46.359224801594465]]]},"properties":{"DAUID":"24370087","DGUID":"2021S051224370087","LANDAREA":0.4744,"PRUID":"24","CMA":"Trois-Rivieres"}},
{"type":"Feature","geometry":{"type":"Polygon","coordinates":[[[-72.60135722938021,46.35771502450364],[-72.60035733934713,46.356676029647105],[-72.59806263986876,46.357350845121225],[-72.59646308368048,46.35601070115849],[-72.59452149239047,46.35726240277226],[-72.59566838947042,46.3581179649925],[-72.59760633571516,46.359729302213],[-72.59855436639306,46.35943707708296],[-72.60135722938021,46.35771502450364]]]},"properties":{"DAUID":"24370088","DGUID":"2021S051224370088","LANDAREA":0.103,"PRUID":"24","CMA":"Trois-Rivieres"}},
{"type":"Feature","geometry":{"type":"Polygon","coordinates":[[[-72.59760633571516,46.359729302213],[-72.59566838947042,46.3581179649925],[-72.59471201995427,46.359040560583885],[-72.59343777759531,46.35904325190555],[-72.59751145863898,46.362054292898875],[-72.59908159777204,46.36225173532127],[-72.60006322349199,46.36158057491551],[-72.59760633571516,46.359729302213]]]},"properties":{"DAUID":"24370089","DGUID":"2021S051224370089","LANDAREA":0.0877,"PRUID":"24","CMA":"Trois-Rivieres"}},
{"type":"Feature","geometry":{"type":"Polygon","coordinates":[[[-72.59343777759531,46.35904325190555],[-72.59276917095629,46.35973405014923],[-72.59570928304773,46.36189828315959],[-72.59582383680167,46.36238178683085],[-72.59751145863898,46.362054292898875],[-72.59343777759531,46.35904325190555]]]},"properties":{"DAUID":"24370090","DGUID":"2021S051224370090","LANDAREA":0.0416,"PRUID":"24","CMA":"Trois-Rivieres"}},
{"type":"Feature","geometry":{"type":"Polygon","coordinates":[[[-72.59452149239047,46.35726240277226],[-72.59057837177654,46.359875110074945],[-72.59411312608125,46.362502680734806],[-72.59582383680167,46.36238178683085],[-72.59570928304773,46.36189828315959],[-72.59276917095629,46.35973405014923],[-72.59343777759531,46.35904325190555],[-72.59471201995427,46.359040560583885],[-72.59566838947042,46.3581179649925],[-72.59452149239047,46.35726240277226]]]},"properties":{"DAUID":"24370091","DGUID":"2021S051224370091","LANDAREA":0.094,"PRUID":"24","CMA":"Trois-Rivieres"}},
{"type":"Feature","geometry":{"type":"Polygon","coordinates":[[[-72.59057837177654,46.359875110074945],[-72.58654440387902,46.356903753491956],[-72.58614370094097,46.35798856606445],[-72.58451695900152,46.35903469119323],[-72.58612820302318,46.359546461112735],[-72.58857946839903,46.36129006460346],[-72.59077305579373,46.36468719384289],[-72.59411312608125,46.362502680734806],[-72.59057837177654,46.359875110074945]]]},"properties":{"DAUID":"24370092","DGUID":"2021S051224370092","LANDAREA":0.209,"PRUID":"24","CMA":"Trois-Rivieres"}},
{"type":"Feature","geometry":{"type":"Polygon","coordinates":[[[-72.5970558420126,46.35376411763805],[-72.59536409840523,46.35400164585062],[-72.59090968116357,46.35384436471576],[-72.58620327565191,46.35358471892443],[-72.58509376516432,46.35376354506113],[-72.58356448316907,46.35467236191416],[-72.58654440387902,46.356903753491956],[-72.59057837177654,46.359875110074945],[-72.59452149239047,46.35726240277226],[-72.59646308368048,46.35601070115849],[-72.5973380605949,46.35448679064359],[-72.5970558420126,46.35376411763805]]]},"properties":{"DAUID":"24370093","DGUID":"2021S051224370093","LANDAREA":0.4217,"PRUID":"24","CMA":"Trois-Rivieres"}},
{"type":"Feature","geometry":{"type":"Polygon","coordinates":[[[-72.58654440387902,46.356903753491956],[-72.58356448316907,46.35467236191416],[-72.58105777840828,46.35634205460901],[-72.58245471307674,46.35726395987542],[-72.58252528388918,46.3589909094035],[-72.58451695900152,46.35903469119323],[-72.58614370094097,46.35798856606445],[-72.58654440387902,46.356903753491956]]]},"properties":{"DAUID":"24370094","DGUID":"2021S051224370094","LANDAREA":0.1156,"PRUID":"24","CMA":"Trois-Rivieres"}},
{"type":"Feature","geometry":{"type":"Polygon","coordinates":[[[-72.58451695900152,46.35903469119323],[-72.58252528388918,46.3589909094035],[-72.57992062898848,46.359177366360505],[-72.57837618897658,46.3589700740364],[-72.57914200089749,46.36055485460023],[-72.5795047791309,46.36241006838318],[-72.58052792627133,46.36232332955403],[-72.58390371402449,46.363019276509306],[-72.58463892841135,46.361552711361746],[-72.58564630554383,46.360872083087926],[-72.58742594896387,46.362442264307965],[-72.58838370126855,46.362347968112736],[-72.58969704967669,46.36475725855626],[-72.59088825397612,46.36679122798623],[-72.59223472904132,46.36796020067347],[-72.59341003853363,46.36729969361553],[-72.59188177307448,46.366092861446425],[-72.59077305579373,46.36468719384289],[-72.58857946839903,46.36129006460346],[-72.58612820302318,46.359546461112735],[-72.58451695900152,46.35903469119323]]]},"properties":{"DAUID":"24370095","DGUID":"2021S051224370095","LANDAREA":0.2877,"PRUID":"24","CMA":"Trois-Rivieres"}},
{"type":"Feature","geometry":{"type":"Polygon","coordinates":[[[-72.58105777840828,46.35634205460901],[-72.58019980526511,46.35688412846773],[-72.57815429288405,46.355455036613776],[-72.57714734978815,46.35587448334414],[-72.57933101414629,46.35747145677301],[-72.57837618897658,46.3589700740364],[-72.57992062898848,46.359177366360505],[-72.58252528388918,46.3589909094035],[-72.58245471307674,46.35726395987542],[-72.58105777840828,46.35634205460901]]]},"properties":{"DAUID":"24370096","DGUID":"2021S051224370096","LANDAREA":0.0897,"PRUID":"24","CMA":"Trois-Rivieres"}},
{"type":"Feature","geometry":{"type":"Polygon","coordinates":[[[-72.57714734978815,46.35587448334414],[-72.57600017667761,46.35690376556119],[-72.57837618897658,46.3589700740364],[-72.57933101414629,46.35747145677301],[-72.57714734978815,46.35587448334414]]]},"properties":{"DAUID":"24370097","DGUID":"2021S051224370097","LANDAREA":0.052,"PRUID":"24","CMA":"Trois-Rivieres"}},
{"type":"Feature","geometry":{"type":"Polygon","coordinates":[[[-72.57837618897658,46.3589700740364],[-72.57600017667761,46.35690376556119],[-72.57489587974405,46.356143328570234],[-72.57188992676495,46.35875102918005],[-72.5712668971949,46.359314592637915],[-72.57471622220804,46.36180970674331],[-72.57570553751701,46.3612916450695],[-72.5777472892747,46.362639844877435],[-72.5795047791309,46.36241006838318],[-72.57914200089749,46.36055485460023],[-72.57837618897658,46.3589700740364]]]},"properties":{"DAUID":"24370098","DGUID":"2021S051224370098","LANDAREA":0.238,"PRUID":"24","CMA":"Trois-Rivieres"}},
{"type":"Feature","geometry":{"type":"Polygon","coordinates":[[[-72.57489587974405,46.356143328570234],[-72.57475020176213,46.35604703311836],[-72.5726463511263,46.353943968345035],[-72.57187101127596,46.354312995112586],[-72.56896695286203,46.35610866076766],[-72.57021562186361,46.35773635855808],[-72.57188992676495,46.35875102918005],[-72.57489587974405,46.356143328570234]]]},"properties":{"DAUID":"24370099","DGUID":"2021S051224370099","LANDAREA":0.1289,"PRUID":"24","CMA":"Trois-Rivieres"}},
{"type":"Feature","geometry":{"type":"Polygon","coordinates":[[[-72.57188992676495,46.35875102918005],[-72.57021562186361,46.35773635855808],[-72.56896695286203,46.35610866076766],[-72.56537671399364,46.35337356245405],[-72.56359538143424,46.35201915511152],[-72.56285290088316,46.3525314128506],[-72.56516062948525,46.35428782320574],[-72.56619701916328,46.355830449560955],[-72.56359919928309,46.35778093884151],[-72.56856952831609,46.359737018781885],[-72.57039492617037,46.36010899538234],[-72.5712668971949,46.359314592637915],[-72.57188992676495,46.35875102918005]]]},"properties":{"DAUID":"24370100","DGUID":"2021S051224370100","LANDAREA":0.2117,"PRUID":"24","CMA":"Trois-Rivieres"}},
{"type":"Feature","geometry":{"type":"Polygon","coordinates":[[[-72.57187101127596,46.354312995112586],[-72.570941906947,46.353380156405265],[-72.56944528436468,46.35308162052801],[-72.56849504629847,46.35116792105619],[-72.56537671399364,46.35337356245405],[-72.56896695286203,46.35610866076766],[-72.57187101127596,46.354312995112586]]]},"properties":{"DAUID":"24370101","DGUID":"2021S051224370101","LANDAREA":0.1277,"PRUID":"24","CMA":"Trois-Rivieres"}},
{"type":"Feature","geometry":{"type":"Polygon","coordinates":[[[-72.56537671399364,46.35337356245405],[-72.56849504629847,46.35116792105619],[-72.57048157181585,46.3497626218205],[-72.56865522809007,46.34855339448761],[-72.56927032554391,46.348098032453464],[-72.56453607861742,46.34643367540504],[-72.56363594437039,46.34880417643547],[-72.56412152905958,46.34998138637218],[-72.56519506023062,46.350946947958036],[-72.56359538143424,46.35201915511152],[-72.56537671399364,46.35337356245405]]]},"properties":{"DAUID":"24370102","DGUID":"2021S051224370102","LANDAREA":0.2274,"PRUID":"24","CMA":"Trois-Rivieres"}},
{"type":"Feature","geometry":{"type":"Polygon","coordinates":[[[-72.57475020176213,46.35604703311836],[-72.57951342000344,46.351831367140264],[-72.58329132519154,46.348493647645704],[-72.5811963713965,46.34738087905852],[-72.57835065798662,46.34694287774047],[-72.57562363562289,46.347033150132766],[-72.57409697721934,46.34777682432701],[-72.5728220315773,46.34734075467672],[-72.57022216396939,46.34680665701211],[-72.56927032554391,46.348098032453464],[-72.56865522809007,46.34855339448761],[-72.57048157181585,46.3497626218205],[-72.56849504629847,46.35116792105619],[-72.56944528436468,46.35308162052801],[-72.570941906947,46.353380156405265],[-72.57187101127596,46.354312995112586],[-72.5726463511263,46.353943968345035],[-72.57475020176213,46.35604703311836]]]},"properties":{"DAUID":"24370103","DGUID":"2021S051224370103","LANDAREA":0.6787,"PRUID":"24","CMA":"Trois-Rivieres"}},
{"type":"Feature","geometry":{"type":"Polygon","coordinates":[[[-72.56927032554391,46.348098032453464],[-72.57022216396939,46.34680665701211],[-72.5728220315773,46.34734075467672],[-72.57405814954882,46.345745671018385],[-72.56912873055472,46.34488728182601],[-72.56875044683571,46.34540017613305],[-72.56576593215051,46.344703785828315],[-72.56453607861742,46.34643367540504],[-72.56927032554391,46.348098032453464]]]},"properties":{"DAUID":"24370104","DGUID":"2021S051224370104","LANDAREA":0.1599,"PRUID":"24","CMA":"Trois-Rivieres"}},
{"type":"Feature","geometry":{"type":"Polygon","coordinates":[[[-72.56236275141094,46.34205433369182],[-72.5615535711076,46.34361247420322],[-72.55714344597656,46.343272772279754],[-72.55500770063843,46.34344426453189],[-72.56053378343317,46.34386492478442],[-72.56787831157271,46.344556885432596],[-72.57420907228287,46.345545421430174],[-72.57444939253443,46.34523245916265],[-72.57131417988694,46.34410754679177],[-72.56801371213845,46.34413876971212],[-72.56621222518966,46.34398226766603],[-72.56646247420984,46.342157908311876],[-72.56571884211938,46.3426432109449],[-72.56345573233087,46.34099383725816],[-72.56236275141094,46.34205433369182]]]},"properties":{"DAUID":"24370105","DGUID":"2021S051224370105","LANDAREA":0.1531,"PRUID":"24","CMA":"Trois-Rivieres"}},
{"type":"Feature","geometry":{"type":"Polygon","coordinates":[[[-72.56801371213845,46.34413876971212],[-72.56813491449304,46.34341572883413],[-72.57149882091767,46.34119534694817],[-72.56980085259956,46.33994717009874],[-72.56894343896943,46.34049813259845],[-72.56646247420984,46.342157908311876],[-72.56621222518966,46.34398226766603],[-72.56801371213845,46.34413876971212]]]},"properties":{"DAUID":"24370106","DGUID":"2021S051224370106","LANDAREA":0.087,"PRUID":"24","CMA":"Trois-Rivieres"}},
{"type":"Feature","geometry":{"type":"Polygon","coordinates":[[[-72.56646247420984,46.342157908311876],[-72.56894343896943,46.34049813259845],[-72.56669244047517,46.338830546013924],[-72.56501739598627,46.33994951127343],[-72.56345573233087,46.34099383725816],[-72.56571884211938,46.3426432109449],[-72.56646247420984,46.342157908311876]]]},"properties":{"DAUID":"24370107","DGUID":"2021S051224370107","LANDAREA":0.0879,"PRUID":"24","CMA":"Trois-Rivieres"}},
{"type":"Feature","geometry":{"type":"Polygon","coordinates":[[[-72.56345573233087,46.34099383725816],[-72.56501739598627,46.33994951127343],[-72.56333302906646,46.33870992794311],[-72.56071470938767,46.34075986677373],[-72.56031815264733,46.34143519843318],[-72.56236275141094,46.34205433369182],[-72.56345573233087,46.34099383725816]]]},"properties":{"DAUID":"24370108","DGUID":"2021S051224370108","LANDAREA":0.0649,"PRUID":"24","CMA":"Trois-Rivieres"}},
{"type":"Feature","geometry":{"type":"Polygon","coordinates":[[[-72.56669244047517,46.338830546013924],[-72.56564074696517,46.33804454622803],[-72.5646608816215,46.33848127683779],[-72.56282790236845,46.33708017741887],[-72.55618543242299,46.340130310371414],[-72.55795864335808,46.339882840003206],[-72.56071470938767,46.34075986677373],[-72.56333302906646,46.33870992794311],[-72.56501739598627,46.33994951127343],[-72.56669244047517,46.338830546013924]]]},"properties":{"DAUID":"24370109","DGUID":"2021S051224370109","LANDAREA":0.124,"PRUID":"24","CMA":"Trois-Rivieres"}},
{"type":"Feature","geometry":{"type":"Polygon","coordinates":[[[-72.56282790236845,46.33708017741887],[-72.56512296794615,46.336184877942195],[-72.57176259656816,46.33528560362495],[-72.57649023810328,46.33329791102972],[-72.57452701238081,46.33177616285919],[-72.5723935512441,46.33280818611032],[-72.56432340565446,46.32685314087588],[-72.5634756525975,46.32735448357944],[-72.56184848352588,46.32621614466159],[-72.55167010293403,46.33290034977003],[-72.55049954382228,46.33508867062797],[-72.5518033715837,46.3354458862598],[-72.54948563108168,46.33971233832476],[-72.55141275142077,46.340325363991596],[-72.55053708959656,46.34185790971183],[-72.55169941588261,46.3422242346341],[-72.55618543242299,46.340130310371414],[-72.56282790236845,46.33708017741887]]]},"properties":{"DAUID":"24370110","DGUID":"2021S051224370110","LANDAREA":1.6333,"PRUID":"24","CMA":"Trois-Rivieres"}},
{"type":"Feature","geometry":{"type":"Polygon","coordinates":[[[-72.55714344597656,46.343272772279754],[-72.55824678062146,46.34079863765685],[-72.56031815264733,46.34143519843318],[-72.56071470938767,46.34075986677373],[-72.55795864335808,46.339882840003206],[-72.55618543242299,46.340130310371414],[-72.55169941588261,46.3422242346341],[-72.55003526234137,46.3437364796207],[-72.55132055935684,46.343272035141744],[-72.55500770063843,46.34344426453189],[-72.55714344597656,46.343272772279754]]]},"properties":{"DAUID":"24370111","DGUID":"2021S051224370111","LANDAREA":0.1503,"PRUID":"24","CMA":"Trois-Rivieres"}},
{"type":"Feature","geometry":{"type":"Polygon","coordinates":[[[-72.56236275141094,46.34205433369182],[-72.56031815264733,46.34143519843318],[-72.55824678062146,46.34079863765685],[-72.55714344597656,46.343272772279754],[-72.5615535711076,46.34361247420322],[-72.56236275141094,46.34205433369182]]]},"properties":{"DAUID":"24370112","DGUID":"2021S051224370112","LANDAREA":0.0821,"PRUID":"24","CMA":"Trois-Rivieres"}},
{"type":"Feature","geometry":{"type":"Polygon","coordinates":[[[-72.56359538143424,46.35201915511152],[-72.56519506023062,46.350946947958036],[-72.56412152905958,46.34998138637218],[-72.56363594437039,46.34880417643547],[-72.56453607861742,46.34643367540504],[-72.56576593215051,46.344703785828315],[-72.56875044683571,46.34540017613305],[-72.56912873055472,46.34488728182601],[-72.57405814954882,46.345745671018385],[-72.57420907228287,46.345545421430174],[-72.56787831157271,46.344556885432596],[-72.56053378343317,46.34386492478442],[-72.55500770063843,46.34344426453189],[-72.55132055935684,46.343272035141744],[-72.55003526234137,46.3437364796207],[-72.54950021476145,46.34565658486823],[-72.55043728319838,46.34790551880182],[-72.55198999754809,46.34852630544854],[-72.55321041406546,46.34896989280336],[-72.5551039026426,46.3484602498795],[-72.55599090391014,46.34897232489891],[-72.56005175160172,46.353766263591496],[-72.56285290088316,46.3525314128506],[-72.56359538143424,46.35201915511152]]]},"properties":{"DAUID":"24370113","DGUID":"2021S051224370113","LANDAREA":0.8815,"PRUID":"24","CMA":"Trois-Rivieres"}},
{"type":"Feature","geometry":{"type":"Polygon","coordinates":[[[-72.55198999754809,46.34852630544854],[-72.5531123363454,46.349496291378465],[-72.55278702975777,46.35030499744585],[-72.55539385266052,46.3525253272279],[-72.55607667513354,46.35336005703438],[-72.55536713278212,46.351785268333224],[-72.55703479639261,46.351314823521854],[-72.55599090391014,46.34897232489891],[-72.5551039026426,46.3484602498795],[-72.55321041406546,46.34896989280336],[-72.55198999754809,46.34852630544854]]]},"properties":{"DAUID":"24370114","DGUID":"2021S051224370114","LANDAREA":0.0923,"PRUID":"24","CMA":"Trois-Rivieres"}},
{"type":"Feature","geometry":{"type":"Polygon","coordinates":[[[-72.55043728319838,46.34790551880182],[-72.54984911020432,46.34819848926681],[-72.5527641460473,46.35471680536497],[-72.5544567282097,46.3561457406101],[-72.5559467969735,46.35529540782359],[-72.55539385266052,46.3525253272279],[-72.55278702975777,46.35030499744585],[-72.5531123363454,46.349496291378465],[-72.55198999754809,46.34852630544854],[-72.55043728319838,46.34790551880182]]]},"properties":{"DAUID":"24370115","DGUID":"2021S051224370115","LANDAREA":0.184,"PRUID":"24","CMA":"Trois-Rivieres"}},
{"type":"Feature","geometry":{"type":"Polygon","coordinates":[[[-72.54984911020432,46.34819848926681],[-72.54759662401462,46.34915455304795],[-72.54672458027802,46.34967867704846],[-72.54810807310523,46.350880402431685],[-72.55048921866259,46.35282446423845],[-72.55182631528531,46.35395194268013],[-72.5527641460473,46.35471680536497],[-72.54984911020432,46.34819848926681]]]},"properties":{"DAUID":"24370116","DGUID":"2021S051224370116","LANDAREA":0.1115,"PRUID":"24","CMA":"Trois-Rivieres"}},
{"type":"Feature","geometry":{"type":"Polygon","coordinates":[[[-72.54810807310523,46.350880402431685],[-72.54685712548192,46.351638260027585],[-72.54926336464688,46.35356377946652],[-72.55048921866259,46.35282446423845],[-72.54810807310523,46.350880402431685]]]},"properties":{"DAUID":"24370117","DGUID":"2021S051224370117","LANDAREA":0.0361,"PRUID":"24","CMA":"Trois-Rivieres"}},
{"type":"Feature","geometry":{"type":"Polygon","coordinates":[[[-72.54759662401462,46.34915455304795],[-72.544767470321,46.34680654643132],[-72.54304343084861,46.34663888718025],[-72.54161155579314,46.34741883197812],[-72.54088929922176,46.347813449903704],[-72.54463748782723,46.350896783136754],[-72.54533334980287,46.35049376011811],[-72.54678133582638,46.35168500179852],[-72.54685712548192,46.351638260027585],[-72.54810807310523,46.350880402431685],[-72.54672458027802,46.34967867704846],[-72.54759662401462,46.34915455304795]]]},"properties":{"DAUID":"24370118","DGUID":"2021S051224370118","LANDAREA":0.1478,"PRUID":"24","CMA":"Trois-Rivieres"}},
{"type":"Feature","geometry":{"type":"Polygon","coordinates":[[[-72.54463748782723,46.350896783136754],[-72.54391695902495,46.351327404448526],[-72.54329686442959,46.35168367933602],[-72.5426897801276,46.35203966014581],[-72.5441658704181,46.35327531289144],[-72.54678133582638,46.35168500179852],[-72.54533334980287,46.35049376011811],[-72.54463748782723,46.350896783136754]]]},"properties":{"DAUID":"24370119","DGUID":"2021S051224370119","LANDAREA":0.0469,"PRUID":"24","CMA":"Trois-Rivieres"}},
{"type":"Feature","geometry":{"type":"Polygon","coordinates":[[[-72.54391695902495,46.351327404448526],[-72.54014153721937,46.3482176329476],[-72.53953399943434,46.348564612820184],[-72.54329686442959,46.35168367933602],[-72.54391695902495,46.351327404448526]]]},"properties":{"DAUID":"24370120","DGUID":"2021S051224370120","LANDAREA":0.028,"PRUID":"24","CMA":"Trois-Rivieres"}},
{"type":"Feature","geometry":{"type":"Polygon","coordinates":[[[-72.54329686442959,46.35168367933602],[-72.53953399943434,46.348564612820184],[-72.54014153721937,46.3482176329476],[-72.53941030676728,46.34760414503771],[-72.53820739832138,46.34827979285893],[-72.53750065744981,46.34872803689452],[-72.53998253442055,46.35088609150457],[-72.54075419785407,46.35043635966957],[-72.5426897801276,46.35203966014581],[-72.54329686442959,46.35168367933602]]]},"properties":{"DAUID":"24370121","DGUID":"2021S051224370121","LANDAREA":0.0615,"PRUID":"24","CMA":"Trois-Rivieres"}},
{"type":"Feature","geometry":{"type":"Polygon","coordinates":[[[-72.54088929922176,46.347813449903704],[-72.53941030676728,46.34760414503771],[-72.54014153721937,46.3482176329476],[-72.54391695902495,46.351327404448526],[-72.54463748782723,46.350896783136754],[-72.54088929922176,46.347813449903704]]]},"properties":{"DAUID":"24370122","DGUID":"2021S051224370122","LANDAREA":0.0391,"PRUID":"24","CMA":"Trois-Rivieres"}},
{"type":"Feature","geometry":{"type":"Polygon","coordinates":[[[-72.54161155579314,46.34741883197812],[-72.53938892720694,46.345515972549805],[-72.53732695119375,46.346715369004365],[-72.53673200169452,46.34705304704329],[-72.53820739832138,46.34827979285893],[-72.53941030676728,46.34760414503771],[-72.54088929922176,46.347813449903704],[-72.54161155579314,46.34741883197812]]]},"properties":{"DAUID":"24370123","DGUID":"2021S051224370123","LANDAREA":0.0537,"PRUID":"24","CMA":"Trois-Rivieres"}},
{"type":"Feature","geometry":{"type":"Polygon","coordinates":[[[-72.54304343084861,46.34663888718025],[-72.54227152548698,46.34599033089687],[-72.54326191282138,46.34413112199178],[-72.54127711436985,46.34367230402875],[-72.53888838650683,46.342646504992146],[-72.53581605473511,46.344193030124615],[-72.53494271778487,46.34469006478711],[-72.53732695119375,46.346715369004365],[-72.53938892720694,46.345515972549805],[-72.54161155579314,46.34741883197812],[-72.54304343084861,46.34663888718025]]]},"properties":{"DAUID":"24370124","DGUID":"2021S051224370124","LANDAREA":0.1793,"PRUID":"24","CMA":"Trois-Rivieres"}},
{"type":"Feature","geometry":{"type":"Polygon","coordinates":[[[-72.544767470321,46.34680654643132],[-72.5468032702688,46.3456076039698],[-72.54538045052377,46.34466785952988],[-72.54326191282138,46.34413112199178],[-72.54227152548698,46.34599033089687],[-72.54304343084861,46.34663888718025],[-72.544767470321,46.34680654643132]]]},"properties":{"DAUID":"24370125","DGUID":"2021S051224370125","LANDAREA":0.0648,"PRUID":"24","CMA":"Trois-Rivieres"}},
{"type":"Feature","geometry":{"type":"Polygon","coordinates":[[[-72.54950021476145,46.34565658486823],[-72.54706365552585,46.34507045764253],[-72.5468032702688,46.3456076039698],[-72.544767470321,46.34680654643132],[-72.54759662401462,46.34915455304795],[-72.54984911020432,46.34819848926681],[-72.55043728319838,46.34790551880182],[-72.54950021476145,46.34565658486823]]]},"properties":{"DAUID":"24370126","DGUID":"2021S051224370126","LANDAREA":0.1081,"PRUID":"24","CMA":"Trois-Rivieres"}},
{"type":"Feature","geometry":{"type":"Polygon","coordinates":[[[-72.55003526234137,46.3437364796207],[-72.54937317931699,46.342539096339834],[-72.54682951457693,46.34179880620924],[-72.54486559014696,46.34123155541304],[-72.54358208027013,46.34348460362645],[-72.54579549554103,46.34383009542028],[-72.54538045052377,46.34466785952988],[-72.5468032702688,46.3456076039698],[-72.54706365552585,46.34507045764253],[-72.54950021476145,46.34565658486823],[-72.55003526234137,46.3437364796207]]]},"properties":{"DAUID":"24370127","DGUID":"2021S051224370127","LANDAREA":0.1452,"PRUID":"24","CMA":"Trois-Rivieres"}},
{"type":"Feature","geometry":{"type":"Polygon","coordinates":[[[-72.54948563108168,46.33971233832476],[-72.54811291658382,46.33927563359234],[-72.54768242387767,46.34005975168761],[-72.54682951457693,46.34179880620924],[-72.54937317931699,46.342539096339834],[-72.55003526234137,46.3437364796207],[-72.55169941588261,46.3422242346341],[-72.55053708959656,46.34185790971183],[-72.55141275142077,46.340325363991596],[-72.54948563108168,46.33971233832476]]]},"properties":{"DAUID":"24370128","DGUID":"2021S051224370128","LANDAREA":0.097,"PRUID":"24","CMA":"Trois-Rivieres"}},
{"type":"Feature","geometry":{"type":"Polygon","coordinates":[[[-72.54682951457693,46.34179880620924],[-72.54768242387767,46.34005975168761],[-72.5441057576267,46.33892620927093],[-72.54235746694309,46.339335285664646],[-72.54075267370489,46.34002916425669],[-72.54486559014696,46.34123155541304],[-72.54682951457693,46.34179880620924]]]},"properties":{"DAUID":"24370129","DGUID":"2021S051224370129","LANDAREA":0.0861,"PRUID":"24","CMA":"Trois-Rivieres"}},
{"type":"Feature","geometry":{"type":"Polygon","coordinates":[[[-72.54811291658382,46.33927563359234],[-72.54851874992457,46.338519118704326],[-72.5468171940106,46.33799989382685],[-72.54536494996125,46.33752897891791],[-72.54374322785092,46.33759307375227],[-72.54235746694309,46.339335285664646],[-72.5441057576267,46.33892620927093],[-72.54768242387767,46.34005975168761],[-72.54811291658382,46.33927563359234]]]},"properties":{"DAUID":"24370130","DGUID":"2021S051224370130","LANDAREA":0.0734,"PRUID":"24","CMA":"Trois-Rivieres"}},
{"type":"Feature","geometry":{"type":"Polygon","coordinates":[[[-72.55049954382228,46.33508867062797],[-72.5495923810719,46.336504889109804],[-72.54797135054103,46.33603786579013],[-72.5468171940106,46.33799989382685],[-72.54851874992457,46.338519118704326],[-72.54811291658382,46.33927563359234],[-72.54948563108168,46.33971233832476],[-72.5518033715837,46.3354458862598],[-72.55049954382228,46.33508867062797]]]},"properties":{"DAUID":"24370131","DGUID":"2021S051224370131","LANDAREA":0.0923,"PRUID":"24","CMA":"Trois-Rivieres"}},
{"type":"Feature","geometry":{"type":"Polygon","coordinates":[[[-72.56184848352588,46.32621614466159],[-72.5580234242556,46.323569772011226],[-72.55612775911338,46.322066359240836],[-72.55383458655227,46.324513905286544],[-72.55132900710895,46.325968791951766],[-72.55076040115532,46.32730461169242],[-72.54903031925184,46.32746119545831],[-72.54468031932883,46.33264319621173],[-72.54705549909691,46.332735097224834],[-72.5460791921727,46.33360858526715],[-72.54406648986337,46.33357380246462],[-72.54006388656761,46.338884687749875],[-72.5398711340404,46.339938556633044],[-72.54075267370489,46.34002916425669],[-72.54235746694309,46.339335285664646],[-72.54374322785092,46.33759307375227],[-72.54536494996125,46.33752897891791],[-72.5468171940106,46.33799989382685],[-72.54797135054103,46.33603786579013],[-72.5495923810719,46.336504889109804],[-72.55049954382228,46.33508867062797],[-72.55167010293403,46.33290034977003],[-72.56184848352588,46.32621614466159]]]},"properties":{"DAUID":"24370132","DGUID":"2021S051224370132","LANDAREA":1.0141,"PRUID":"24","CMA":"Trois-Rivieres"}},
{"type":"Feature","geometry":{"type":"Polygon","coordinates":[[[-72.54326191282138,46.34413112199178],[-72.54538045052377,46.34466785952988],[-72.54579549554103,46.34383009542028],[-72.54358208027013,46.34348460362645],[-72.54486559014696,46.34123155541304],[-72.54075267370489,46.34002916425669],[-72.5398711340404,46.339938556633044],[-72.53459871748176,46.3431611865172],[-72.53581605473511,46.344193030124615],[-72.53888838650683,46.342646504992146],[-72.54127711436985,46.34367230402875],[-72.54326191282138,46.34413112199178]]]},"properties":{"DAUID":"24370133","DGUID":"2021S051224370133","LANDAREA":0.2157,"PRUID":"24","CMA":"Trois-Rivieres"}},
{"type":"Feature","geometry":{"type":"Polygon","coordinates":[[[-72.53820739832138,46.34827979285893],[-72.53673200169452,46.34705304704329],[-72.53732695119375,46.346715369004365],[-72.53494271778487,46.34469006478711],[-72.53581605473511,46.344193030124615],[-72.53459871748176,46.3431611865172],[-72.53000981265888,46.34621340448197],[-72.53069099490277,46.347361886994975],[-72.53544440429937,46.35189158923465],[-72.53700639032344,46.354246450283796],[-72.53868077423625,46.35338780119107],[-72.53826867671279,46.35252509712422],[-72.5426897801276,46.35203966014581],[-72.54075419785407,46.35043635966957],[-72.53998253442055,46.35088609150457],[-72.53750065744981,46.34872803689452],[-72.53820739832138,46.34827979285893]]]},"properties":{"DAUID":"24370134","DGUID":"2021S051224370134","LANDAREA":0.4464,"PRUID":"24","CMA":"Trois-Rivieres"}},
{"type":"Feature","geometry":{"type":"Polygon","coordinates":[[[-72.53212661067413,46.3619468852927],[-72.53314043587,46.362368641502826],[-72.53531731493477,46.36680395437127],[-72.53619286002399,46.3675973120719],[-72.53834454592915,46.36768224914856],[-72.55313598709947,46.36604540492141],[-72.55271029195065,46.36480290958931],[-72.54837460727748,46.363012512411274],[-72.5458390996054,46.362343501447334],[-72.54277251191498,46.36008670955019],[-72.54340035328192,46.359036622119405],[-72.54546136868117,46.35781014002495],[-72.54702605000774,46.35681102142401],[-72.55095047026748,46.35485753738735],[-72.55182631528531,46.35395194268013],[-72.55048921866259,46.35282446423845],[-72.54926336464688,46.35356377946652],[-72.54685712548192,46.351638260027585],[-72.54678133582638,46.35168500179852],[-72.5441658704181,46.35327531289144],[-72.5426897801276,46.35203966014581],[-72.53826867671279,46.35252509712422],[-72.53868077423625,46.35338780119107],[-72.53700639032344,46.354246450283796],[-72.53544440429937,46.35189158923465],[-72.53069099490277,46.347361886994975],[-72.53000981265888,46.34621340448197],[-72.52111789060953,46.35145778538563],[-72.51832461680056,46.3523128011716],[-72.51590011875453,46.35347049665057],[-72.51278040793719,46.35426239882],[-72.5086464971463,46.356193797911764],[-72.50940047583882,46.35773358314582],[-72.51718097403894,46.35968267478294],[-72.52145109010463,46.360796865593414],[-72.5304023443185,46.36103771092387],[-72.53212661067413,46.3619468852927]]]},"properties":{"DAUID":"24370135","DGUID":"2021S051224370135","LANDAREA":1.9435,"PRUID":"24","CMA":"Trois-Rivieres"}},
{"type":"Feature","geometry":{"type":"Polygon","coordinates":[[[-72.54546136868117,46.35781014002495],[-72.54848682623866,46.36017165799639],[-72.55031912061521,46.35905835858891],[-72.55085004538661,46.358740079007354],[-72.54905290039817,46.357322788402335],[-72.55075254635099,46.356428575321374],[-72.55146553295775,46.35529587656291],[-72.55095047026748,46.35485753738735],[-72.54702605000774,46.35681102142401],[-72.54546136868117,46.35781014002495]]]},"properties":{"DAUID":"24370136","DGUID":"2021S051224370136","LANDAREA":0.1162,"PRUID":"24","CMA":"Trois-Rivieres"}},
{"type":"Feature","geometry":{"type":"Polygon","coordinates":[[[-72.55085004538661,46.358740079007354],[-72.55363272771176,46.35710976689408],[-72.55146553295775,46.35529587656291],[-72.55075254635099,46.356428575321374],[-72.54905290039817,46.357322788402335],[-72.55085004538661,46.358740079007354]]]},"properties":{"DAUID":"24370137","DGUID":"2021S051224370137","LANDAREA":0.0664,"PRUID":"24","CMA":"Trois-Rivieres"}},
{"type":"Feature","geometry":{"type":"Polygon","coordinates":[[[-72.55031912061521,46.35905835858891],[-72.5522714708,46.3601839708313],[-72.55446092576832,46.35892735079011],[-72.55363272771176,46.35710976689408],[-72.55085004538661,46.358740079007354],[-72.55031912061521,46.35905835858891]]]},"properties":{"DAUID":"24370138","DGUID":"2021S051224370138","LANDAREA":0.0548,"PRUID":"24","CMA":"Trois-Rivieres"}},
{"type":"Feature","geometry":{"type":"Polygon","coordinates":[[[-72.55182631528531,46.35395194268013],[-72.55095047026748,46.35485753738735],[-72.55146553295775,46.35529587656291],[-72.55363272771176,46.35710976689408],[-72.55446092576832,46.35892735079011],[-72.5522714708,46.3601839708313],[-72.55031912061521,46.35905835858891],[-72.54848682623866,46.36017165799639],[-72.55136364948532,46.36241049797503],[-72.55016231620037,46.36312224788122],[-72.55556316794045,46.364564874469096],[-72.55599932817826,46.36278079703607],[-72.55445820653462,46.35851663362422],[-72.5527641460473,46.35471680536497],[-72.55182631528531,46.35395194268013]]]},"properties":{"DAUID":"24370139","DGUID":"2021S051224370139","LANDAREA":0.2408,"PRUID":"24","CMA":"Trois-Rivieres"}},
{"type":"Feature","geometry":{"type":"Polygon","coordinates":[[[-72.55486864206149,46.366565341031254],[-72.55556316794045,46.364564874469096],[-72.55016231620037,46.36312224788122],[-72.55136364948532,46.36241049797503],[-72.54848682623866,46.36017165799639],[-72.54546136868117,46.35781014002495],[-72.54340035328192,46.359036622119405],[-72.54277251191498,46.36008670955019],[-72.5458390996054,46.362343501447334],[-72.54837460727748,46.363012512411274],[-72.55271029195065,46.36480290958931],[-72.55313598709947,46.36604540492141],[-72.55486864206149,46.366565341031254]]]},"properties":{"DAUID":"24370140","DGUID":"2021S051224370140","LANDAREA":0.2394,"PRUID":"24","CMA":"Trois-Rivieres"}},
{"type":"Feature","geometry":{"type":"Polygon","coordinates":[[[-72.55749263420589,46.36688829410558],[-72.56037581996715,46.3672007876901],[-72.55995298078354,46.36498616031193],[-72.56083122415588,46.36431776061475],[-72.5603990932153,46.36127571105207],[-72.56101792381219,46.35764229477071],[-72.56098610759938,46.35710354223787],[-72.56000359981536,46.35709845281239],[-72.55748249150393,46.358208672147256],[-72.55663665372136,46.3579728685228],[-72.5544567282097,46.3561457406101],[-72.5527641460473,46.35471680536497],[-72.55445820653462,46.35851663362422],[-72.55599932817826,46.36278079703607],[-72.55556316794045,46.364564874469096],[-72.55486864206149,46.366565341031254],[-72.55749263420589,46.36688829410558]]]},"properties":{"DAUID":"24370141","DGUID":"2021S051224370141","LANDAREA":0.3802,"PRUID":"24","CMA":"Trois-Rivieres"}},
{"type":"Feature","geometry":{"type":"Polygon","coordinates":[[[-72.55539385266052,46.3525253272279],[-72.5559467969735,46.35529540782359],[-72.5544567282097,46.3561457406101],[-72.55663665372136,46.3579728685228],[-72.55748249150393,46.358208672147256],[-72.56000359981536,46.35709845281239],[-72.55960342107086,46.35526205091453],[-72.55854011531518,46.35532252865312],[-72.5573577858912,46.35317098930944],[-72.55607667513354,46.35336005703438],[-72.55539385266052,46.3525253272279]]]},"properties":{"DAUID":"24370142","DGUID":"2021S051224370142","LANDAREA":0.1367,"PRUID":"24","CMA":"Trois-Rivieres"}},
{"type":"Feature","geometry":{"type":"Polygon","coordinates":[[[-72.55599090391014,46.34897232489891],[-72.55703479639261,46.351314823521854],[-72.55536713278212,46.351785268333224],[-72.55607667513354,46.35336005703438],[-72.5573577858912,46.35317098930944],[-72.55854011531518,46.35532252865312],[-72.55960342107086,46.35526205091453],[-72.56000359981536,46.35709845281239],[-72.56098610759938,46.35710354223787],[-72.56005175160172,46.353766263591496],[-72.55599090391014,46.34897232489891]]]},"properties":{"DAUID":"24370143","DGUID":"2021S051224370143","LANDAREA":0.1098,"PRUID":"24","CMA":"Trois-Rivieres"}},
{"type":"Feature","geometry":{"type":"Polygon","coordinates":[[[-72.56285290088316,46.3525314128506],[-72.56005175160172,46.353766263591496],[-72.56098610759938,46.35710354223787],[-72.56101792381219,46.35764229477071],[-72.56201982369835,46.35738515732874],[-72.56359919928309,46.35778093884151],[-72.56619701916328,46.355830449560955],[-72.56516062948525,46.35428782320574],[-72.56285290088316,46.3525314128506]]]},"properties":{"DAUID":"24370144","DGUID":"2021S051224370144","LANDAREA":0.1795,"PRUID":"24","CMA":"Trois-Rivieres"}},
{"type":"Feature","geometry":{"type":"Polygon","coordinates":[[[-72.56359919928309,46.35778093884151],[-72.56201982369835,46.35738515732874],[-72.56101792381219,46.35764229477071],[-72.5603990932153,46.36127571105207],[-72.56313252257011,46.36132983706812],[-72.56699775886271,46.36274424950362],[-72.56780744692466,46.36200531382361],[-72.56758016399023,46.360255000156606],[-72.56856952831609,46.359737018781885],[-72.56359919928309,46.35778093884151]]]},"properties":{"DAUID":"24370145","DGUID":"2021S051224370145","LANDAREA":0.2171,"PRUID":"24","CMA":"Trois-Rivieres"}},
{"type":"Feature","geometry":{"type":"Polygon","coordinates":[[[-72.57308763935215,46.36853927841499],[-72.57424918260645,46.36722230610264],[-72.57472792905442,46.365554670780746],[-72.57350632654382,46.3650337359376],[-72.56986726533812,46.36454164506601],[-72.57017118930436,46.36329221690134],[-72.56780744692466,46.36200531382361],[-72.56699775886271,46.36274424950362],[-72.56313252257011,46.36132983706812],[-72.5603990932153,46.36127571105207],[-72.56083122415588,46.36431776061475],[-72.55995298078354,46.36498616031193],[-72.56037581996715,46.3672007876901],[-72.56909935226088,46.3682180669141],[-72.57308763935215,46.36853927841499]]]},"properties":{"DAUID":"24370146","DGUID":"2021S051224370146","LANDAREA":0.4529,"PRUID":"24","CMA":"Trois-Rivieres"}},
{"type":"Feature","geometry":{"type":"Polygon","coordinates":[[[-72.5712668971949,46.359314592637915],[-72.57039492617037,46.36010899538234],[-72.56856952831609,46.359737018781885],[-72.56758016399023,46.360255000156606],[-72.56780744692466,46.36200531382361],[-72.57017118930436,46.36329221690134],[-72.56986726533812,46.36454164506601],[-72.57350632654382,46.3650337359376],[-72.57472792905442,46.365554670780746],[-72.57550761211014,46.36419519083291],[-72.5777472892747,46.362639844877435],[-72.57570553751701,46.3612916450695],[-72.57471622220804,46.36180970674331],[-72.5712668971949,46.359314592637915]]]},"properties":{"DAUID":"24370147","DGUID":"2021S051224370147","LANDAREA":0.2875,"PRUID":"24","CMA":"Trois-Rivieres"}},
{"type":"Feature","geometry":{"type":"Polygon","coordinates":[[[-72.5795047791309,46.36241006838318],[-72.5777472892747,46.362639844877435],[-72.57550761211014,46.36419519083291],[-72.57988982617479,46.36582506017371],[-72.58097348507125,46.36427565814758],[-72.58348660431471,46.36407330282859],[-72.58446755463993,46.36472574155867],[-72.58488874166144,46.364292834791875],[-72.58390371402449,46.363019276509306],[-72.58052792627133,46.36232332955403],[-72.5795047791309,46.36241006838318]]]},"properties":{"DAUID":"24370148","DGUID":"2021S051224370148","LANDAREA":0.1492,"PRUID":"24","CMA":"Trois-Rivieres"}},
{"type":"Feature","geometry":{"type":"Polygon","coordinates":[[[-72.57308763935215,46.36853927841499],[-72.57547804385254,46.368853413264404],[-72.57739705212536,46.36941713430526],[-72.5815106689853,46.37159078768723],[-72.5846032771959,46.37274168821957],[-72.58800002914487,46.37052264715703],[-72.58482399083293,46.369128972831675],[-72.58637307899679,46.36808463152806],[-72.58416097283127,46.36618236054065],[-72.58446755463993,46.36472574155867],[-72.58348660431471,46.36407330282859],[-72.58097348507125,46.36427565814758],[-72.57988982617479,46.36582506017371],[-72.57550761211014,46.36419519083291],[-72.57472792905442,46.365554670780746],[-72.57424918260645,46.36722230610264],[-72.57308763935215,46.36853927841499]]]},"properties":{"DAUID":"24370149","DGUID":"2021S051224370149","LANDAREA":0.4798,"PRUID":"24","CMA":"Trois-Rivieres"}},
{"type":"Feature","geometry":{"type":"Polygon","coordinates":[[[-72.58390371402449,46.363019276509306],[-72.58488874166144,46.364292834791875],[-72.58446755463993,46.36472574155867],[-72.58416097283127,46.36618236054065],[-72.58637307899679,46.36808463152806],[-72.58778532104601,46.367169521326474],[-72.5878496887072,46.365547477945796],[-72.58969704967669,46.36475725855626],[-72.58838370126855,46.362347968112736],[-72.58742594896387,46.362442264307965],[-72.58564630554383,46.360872083087926],[-72.58463892841135,46.361552711361746],[-72.58390371402449,46.363019276509306]]]},"properties":{"DAUID":"24370150","DGUID":"2021S051224370150","LANDAREA":0.2084,"PRUID":"24","CMA":"Trois-Rivieres"}},
{"type":"Feature","geometry":{"type":"Polygon","coordinates":[[[-72.58969704967669,46.36475725855626],[-72.5878496887072,46.365547477945796],[-72.58778532104601,46.367169521326474],[-72.58637307899679,46.36808463152806],[-72.58482399083293,46.369128972831675],[-72.58800002914487,46.37052264715703],[-72.59223472904132,46.36796020067347],[-72.59088825397612,46.36679122798623],[-72.58969704967669,46.36475725855626]]]},"properties":{"DAUID":"24370151","DGUID":"2021S051224370151","LANDAREA":0.1625,"PRUID":"24","CMA":"Trois-Rivieres"}},
{"type":"Feature","geometry":{"type":"Polygon","coordinates":[[[-72.59902321333682,46.366124414266004],[-72.5977422592634,46.36519098771611],[-72.59723019974489,46.36482480718061],[-72.59341003853363,46.36729969361553],[-72.59223472904132,46.36796020067347],[-72.58800002914487,46.37052264715703],[-72.5846032771959,46.37274168821957],[-72.58914078287073,46.374153772908976],[-72.59788678951637,46.368808178092266],[-72.59902321333682,46.366124414266004]]]},"properties":{"DAUID":"24370152","DGUID":"2021S051224370152","LANDAREA":0.3728,"PRUID":"24","CMA":"Trois-Rivieres"}},
{"type":"Feature","geometry":{"type":"Polygon","coordinates":[[[-72.60034354921704,46.36332962800903],[-72.59908159777204,46.36225173532127],[-72.59751145863898,46.362054292898875],[-72.59582383680167,46.36238178683085],[-72.59411312608125,46.362502680734806],[-72.59077305579373,46.36468719384289],[-72.59188177307448,46.366092861446425],[-72.59341003853363,46.36729969361553],[-72.59723019974489,46.36482480718061],[-72.5977422592634,46.36519098771611],[-72.60034354921704,46.36332962800903]]]},"properties":{"DAUID":"24370153","DGUID":"2021S051224370153","LANDAREA":0.2227,"PRUID":"24","CMA":"Trois-Rivieres"}},
{"type":"Feature","geometry":{"type":"Polygon","coordinates":[[[-72.51456776283236,46.362527645089266],[-72.51661942733672,46.36096232308335],[-72.51718097403894,46.35968267478294],[-72.50940047583882,46.35773358314582],[-72.50851369975497,46.35883198758487],[-72.50687110496477,46.35911459156849],[-72.50200410709762,46.361733358318155],[-72.50295690450075,46.36228519900679],[-72.5056796610325,46.36072950118335],[-72.50793485362452,46.35974241114647],[-72.51078703879972,46.35956106404144],[-72.51328795997632,46.36158426114038],[-72.51456776283236,46.362527645089266]]]},"properties":{"DAUID":"24370154","DGUID":"2021S051224370154","LANDAREA":0.1603,"PRUID":"24","CMA":"Trois-Rivieres"}},
{"type":"Feature","geometry":{"type":"Polygon","coordinates":[[[-72.51131909065256,46.362853064884085],[-72.51328795997632,46.36158426114038],[-72.51078703879972,46.35956106404144],[-72.50793485362452,46.35974241114647],[-72.5056796610325,46.36072950118335],[-72.5077196058508,46.36207895931034],[-72.50840120579605,46.36164047445804],[-72.50988342288034,46.36274142332547],[-72.51131909065256,46.362853064884085]]]},"properties":{"DAUID":"24370155","DGUID":"2021S051224370155","LANDAREA":0.1236,"PRUID":"24","CMA":"Trois-Rivieres"}},
{"type":"Feature","geometry":{"type":"Polygon","coordinates":[[[-72.5077196058508,46.36207895931034],[-72.5056796610325,46.36072950118335],[-72.50295690450075,46.36228519900679],[-72.50391296274286,46.36298392290415],[-72.50730655550944,46.36546430988857],[-72.50869410385911,46.364550766431],[-72.50644524096538,46.36290892034013],[-72.5077196058508,46.36207895931034]]]},"properties":{"DAUID":"24370156","DGUID":"2021S051224370156","LANDAREA":0.1009,"PRUID":"24","CMA":"Trois-Rivieres"}},
{"type":"Feature","geometry":{"type":"Polygon","coordinates":[[[-72.50730655550944,46.36546430988857],[-72.50391296274286,46.36298392290415],[-72.50225941043632,46.36294009738519],[-72.50140457114995,46.36439972344094],[-72.50283886484604,46.36531275767467],[-72.50381008971978,46.36605616070249],[-72.50502150869039,46.36692917148345],[-72.50730655550944,46.36546430988857]]]},"properties":{"DAUID":"24370157","DGUID":"2021S051224370157","LANDAREA":0.0993,"PRUID":"24","CMA":"Trois-Rivieres"}},
{"type":"Feature","geometry":{"type":"Polygon","coordinates":[[[-72.49803554447668,46.37076827589964],[-72.49924444392857,46.36825640063955],[-72.50283886484604,46.36531275767467],[-72.50140457114995,46.36439972344094],[-72.50225941043632,46.36294009738519],[-72.50391296274286,46.36298392290415],[-72.50295690450075,46.36228519900679],[-72.50200410709762,46.361733358318155],[-72.50000000242774,46.36340579876529],[-72.49890340676762,46.36490231347633],[-72.49808730288628,46.364760199165964],[-72.49643970660453,46.36672521226684],[-72.49564601158887,46.36819369298216],[-72.49364700164782,46.37017349652695],[-72.4924151895207,46.37213299583655],[-72.49227909033482,46.37317548439563],[-72.49112086936225,46.374988175402656],[-72.49298765845546,46.37598661509357],[-72.49504257525285,46.373687539027294],[-72.4972982016971,46.37196417822079],[-72.49803554447668,46.37076827589964]]]},"properties":{"DAUID":"24370158","DGUID":"2021S051224370158","LANDAREA":0.4277,"PRUID":"24","CMA":"Trois-Rivieres"}},
{"type":"Feature","geometry":{"type":"Polygon","coordinates":[[[-72.49869409227453,46.371221626952284],[-72.50042788433373,46.37102966118947],[-72.50166315665228,46.370191655717996],[-72.5009765477718,46.369693933483646],[-72.50350855533273,46.36794450997634],[-72.50230970610184,46.36706219077072],[-72.50381008971978,46.36605616070249],[-72.50283886484604,46.36531275767467],[-72.49924444392857,46.36825640063955],[-72.49803554447668,46.37076827589964],[-72.49869409227453,46.371221626952284]]]},"properties":{"DAUID":"24370159","DGUID":"2021S051224370159","LANDAREA":0.1218,"PRUID":"24","CMA":"Trois-Rivieres"}},
{"type":"Feature","geometry":{"type":"Polygon","coordinates":[[[-72.57452701238081,46.33177616285919],[-72.57616747409368,46.33102560243334],[-72.57625977026841,46.329658927169376],[-72.57108402798812,46.329078044229334],[-72.57138386088997,46.328287874664554],[-72.57312763408669,46.32725723329714],[-72.57030198033664,46.32552200244732],[-72.57103235282383,46.325036959485814],[-72.56647491985267,46.321874193373574],[-72.56451046566467,46.324260245815886],[-72.56093902638597,46.321596670242826],[-72.5580234242556,46.323569772011226],[-72.56184848352588,46.32621614466159],[-72.5634756525975,46.32735448357944],[-72.56432340565446,46.32685314087588],[-72.5723935512441,46.33280818611032],[-72.57452701238081,46.33177616285919]]]},"properties":{"DAUID":"24370160","DGUID":"2021S051224370160","LANDAREA":0.6358,"PRUID":"24","CMA":"Trois-Rivieres"}},
{"type":"Feature","geometry":{"type":"Polygon","coordinates":[[[-72.56647491985267,46.321874193373574],[-72.56737662286463,46.320628979651005],[-72.56481587594564,46.3189865638033],[-72.56093902638597,46.321596670242826],[-72.56451046566467,46.324260245815886],[-72.56647491985267,46.321874193373574]]]},"properties":{"DAUID":"24370161","DGUID":"2021S051224370161","LANDAREA":0.1464,"PRUID":"24","CMA":"Trois-Rivieres"}},
{"type":"Feature","geometry":{"type":"Polygon","coordinates":[[[-72.57103235282383,46.325036959485814],[-72.57259427090462,46.324010531188726],[-72.57393611172908,46.32488876488364],[-72.57462531958012,46.324359650203775],[-72.5732700680785,46.32347274059568],[-72.56782660883722,46.31998842341235],[-72.56737662286463,46.320628979651005],[-72.56647491985267,46.321874193373574],[-72.57103235282383,46.325036959485814]]]},"properties":{"DAUID":"24370162","DGUID":"2021S051224370162","LANDAREA":0.1361,"PRUID":"24","CMA":"Trois-Rivieres"}},
{"type":"Feature","geometry":{"type":"Polygon","coordinates":[[[-72.5732700680785,46.32347274059568],[-72.57434220153372,46.32306981292357],[-72.57613509267912,46.322254044735125],[-72.56931270139071,46.317928452115076],[-72.56782660883722,46.31998842341235],[-72.5732700680785,46.32347274059568]]]},"properties":{"DAUID":"24370163","DGUID":"2021S051224370163","LANDAREA":0.1609,"PRUID":"24","CMA":"Trois-Rivieres"}},
{"type":"Feature","geometry":{"type":"Polygon","coordinates":[[[-72.57613509267912,46.322254044735125],[-72.57746407602623,46.321250943284014],[-72.5781124465833,46.32014657876953],[-72.57508160818445,46.31927149106092],[-72.5716886808405,46.3170812731168],[-72.57030946470381,46.31650096530393],[-72.56931270139071,46.317928452115076],[-72.57613509267912,46.322254044735125]]]},"properties":{"DAUID":"24370164","DGUID":"2021S051224370164","LANDAREA":0.1493,"PRUID":"24","CMA":"Trois-Rivieres"}},
{"type":"Feature","geometry":{"type":"Polygon","coordinates":[[[-72.57434220153372,46.32306981292357],[-72.57516000656946,46.323591049044694],[-72.57698364320105,46.322873598830974],[-72.58057837739153,46.3251940062019],[-72.58286594932652,46.32332233133591],[-72.58265008394072,46.32181486411032],[-72.5809784609242,46.32083632916277],[-72.5781124465833,46.32014657876953],[-72.57746407602623,46.321250943284014],[-72.57613509267912,46.322254044735125],[-72.57434220153372,46.32306981292357]]]},"properties":{"DAUID":"24370165","DGUID":"2021S051224370165","LANDAREA":0.1838,"PRUID":"24","CMA":"Trois-Rivieres"}},
{"type":"Feature","geometry":{"type":"Polygon","coordinates":[[[-72.5781124465833,46.32014657876953],[-72.5809784609242,46.32083632916277],[-72.58265008394072,46.32181486411032],[-72.58286594932652,46.32332233133591],[-72.58057837739153,46.3251940062019],[-72.57942603192376,46.326895281498224],[-72.58229998784398,46.328278054819314],[-72.584063899768,46.32717172711538],[-72.59040308908801,46.324301632241216],[-72.57332802839879,46.31430660703047],[-72.5714706525734,46.31532213779964],[-72.57030946470381,46.31650096530393],[-72.5716886808405,46.3170812731168],[-72.57508160818445,46.31927149106092],[-72.5781124465833,46.32014657876953]]]},"properties":{"DAUID":"24370166","DGUID":"2021S051224370166","LANDAREA":0.6293,"PRUID":"24","CMA":"Trois-Rivieres"}},
{"type":"Feature","geometry":{"type":"Polygon","coordinates":[[[-72.57103235282383,46.325036959485814],[-72.572430443776,46.32600396367908],[-72.57620029947853,46.32636819750644],[-72.57634432602856,46.326858666804405],[-72.57942603192376,46.326895281498224],[-72.58057837739153,46.3251940062019],[-72.57698364320105,46.322873598830974],[-72.57516000656946,46.323591049044694],[-72.57434220153372,46.32306981292357],[-72.5732700680785,46.32347274059568],[-72.57462531958012,46.324359650203775],[-72.57393611172908,46.32488876488364],[-72.57259427090462,46.324010531188726],[-72.57103235282383,46.325036959485814]]]},"properties":{"DAUID":"24370167","DGUID":"2021S051224370167","LANDAREA":0.1955,"PRUID":"24","CMA":"Trois-Rivieres"}},
{"type":"Feature","geometry":{"type":"Polygon","coordinates":[[[-72.57312763408669,46.32725723329714],[-72.57428304082886,46.32804074727985],[-72.576238931223,46.3281755286674],[-72.57634432602856,46.326858666804405],[-72.57620029947853,46.32636819750644],[-72.572430443776,46.32600396367908],[-72.57103235282383,46.325036959485814],[-72.57030198033664,46.32552200244732],[-72.57312763408669,46.32725723329714]]]},"properties":{"DAUID":"24370168","DGUID":"2021S051224370168","LANDAREA":0.0629,"PRUID":"24","CMA":"Trois-Rivieres"}},
{"type":"Feature","geometry":{"type":"Polygon","coordinates":[[[-72.57616747409368,46.33102560243334],[-72.58229998784398,46.328278054819314],[-72.57942603192376,46.326895281498224],[-72.57634432602856,46.326858666804405],[-72.576238931223,46.3281755286674],[-72.57428304082886,46.32804074727985],[-72.57312763408669,46.32725723329714],[-72.57138386088997,46.328287874664554],[-72.57108402798812,46.329078044229334],[-72.57625977026841,46.329658927169376],[-72.57616747409368,46.33102560243334]]]},"properties":{"DAUID":"24370169","DGUID":"2021S051224370169","LANDAREA":0.1919,"PRUID":"24","CMA":"Trois-Rivieres"}},
{"type":"Feature","geometry":{"type":"Polygon","coordinates":[[[-72.57649023810328,46.33329791102972],[-72.58531613644067,46.33991910482987],[-72.58651570611865,46.339109684073826],[-72.58798194123561,46.338787487473496],[-72.59146026603548,46.336536791500166],[-72.58849410080686,46.334607205968375],[-72.5908896002731,46.33281386378141],[-72.5864618586325,46.329997596058625],[-72.58803980033953,46.32899093332343],[-72.5893482135939,46.328636371555774],[-72.59113515973405,46.32716328322472],[-72.59252633477708,46.32717589744684],[-72.59507669408299,46.32884498223544],[-72.59557338090107,46.33017871154753],[-72.59719456647343,46.32835847239023],[-72.59126203883247,46.324800089410225],[-72.59056063494025,46.324230566196285],[-72.59040308908801,46.324301632241216],[-72.584063899768,46.32717172711538],[-72.58229998784398,46.328278054819314],[-72.57616747409368,46.33102560243334],[-72.57452701238081,46.33177616285919],[-72.57649023810328,46.33329791102972]]]},"properties":{"DAUID":"24370170","DGUID":"2021S051224370170","LANDAREA":1.202,"PRUID":"24","CMA":"Trois-Rivieres"}},
{"type":"Feature","geometry":{"type":"Polygon","coordinates":[[[-72.5908896002731,46.33281386378141],[-72.59228261765205,46.331791085015745],[-72.59223532096178,46.330549768604854],[-72.5893482135939,46.328636371555774],[-72.58803980033953,46.32899093332343],[-72.5864618586325,46.329997596058625],[-72.5908896002731,46.33281386378141]]]},"properties":{"DAUID":"24370171","DGUID":"2021S051224370171","LANDAREA":0.1036,"PRUID":"24","CMA":"Trois-Rivieres"}},
{"type":"Feature","geometry":{"type":"Polygon","coordinates":[[[-72.5893482135939,46.328636371555774],[-72.59223532096178,46.330549768604854],[-72.59396416362365,46.331625832320405],[-72.59517577732389,46.33061627127762],[-72.59557338090107,46.33017871154753],[-72.59507669408299,46.32884498223544],[-72.59252633477708,46.32717589744684],[-72.59113515973405,46.32716328322472],[-72.5893482135939,46.328636371555774]]]},"properties":{"DAUID":"24370172","DGUID":"2021S051224370172","LANDAREA":0.1322,"PRUID":"24","CMA":"Trois-Rivieres"}},
{"type":"Feature","geometry":{"type":"Polygon","coordinates":[[[-72.59146026603548,46.336536791500166],[-72.59339252487896,46.335375412647636],[-72.5945587940489,46.336104466020295],[-72.59762998423118,46.33404312972733],[-72.59996929641241,46.332971144023894],[-72.59870717390956,46.33187526305571],[-72.59517577732389,46.33061627127762],[-72.59396416362365,46.331625832320405],[-72.59223532096178,46.330549768604854],[-72.59228261765205,46.331791085015745],[-72.5908896002731,46.33281386378141],[-72.58849410080686,46.334607205968375],[-72.59146026603548,46.336536791500166]]]},"properties":{"DAUID":"24370173","DGUID":"2021S051224370173","LANDAREA":0.3099,"PRUID":"24","CMA":"Trois-Rivieres"}},
{"type":"Feature","geometry":{"type":"Polygon","coordinates":[[[-72.5945587940489,46.336104466020295],[-72.59533219999918,46.33704072754485],[-72.59560115328043,46.33909613511971],[-72.59751534752014,46.3405009599229],[-72.59865168994432,46.34087954956403],[-72.59971815369909,46.34089065039474],[-72.59970672098768,46.33985556291374],[-72.59859081554652,46.33882827838815],[-72.60095550346281,46.337206496245564],[-72.59991941442836,46.33648346549405],[-72.59762998423118,46.33404312972733],[-72.5945587940489,46.336104466020295]]]},"properties":{"DAUID":"24370174","DGUID":"2021S051224370174","LANDAREA":0.2177,"PRUID":"24","CMA":"Trois-Rivieres"}},
{"type":"Feature","geometry":{"type":"Polygon","coordinates":[[[-72.59110370481852,46.34070447496711],[-72.59047935906351,46.34123220232635],[-72.59415790821879,46.34390138481085],[-72.5950788201609,46.3435918273415],[-72.59665538744079,46.34473441651974],[-72.597410896704,46.34423064261087],[-72.5991613437541,46.3428032775709],[-72.59663049298636,46.34101676653603],[-72.59389287716837,46.342728172251974],[-72.59324511857258,46.34223910384],[-72.59110370481852,46.34070447496711]]]},"properties":{"DAUID":"24370177","DGUID":"2021S051224370177","LANDAREA":0.1212,"PRUID":"24","CMA":"Trois-Rivieres"}},
{"type":"Feature","geometry":{"type":"Polygon","coordinates":[[[-72.59560115328043,46.33909613511971],[-72.5945046121722,46.339535856694816],[-72.59572220301044,46.34051579403397],[-72.59324511857258,46.34223910384],[-72.59389287716837,46.342728172251974],[-72.59663049298636,46.34101676653603],[-72.5991613437541,46.3428032775709],[-72.597410896704,46.34423064261087],[-72.5980578124983,46.344701696211736],[-72.59998585928676,46.3434502601032],[-72.60289018988922,46.345426038494836],[-72.60533635815855,46.34493663566525],[-72.60414156176519,46.34291075240405],[-72.60166924259097,46.34358195663666],[-72.60077717070936,46.34288258208318],[-72.60081899080664,46.341873265428944],[-72.59866452995482,46.34141042463241],[-72.59865168994432,46.34087954956403],[-72.59751534752014,46.3405009599229],[-72.59560115328043,46.33909613511971]]]},"properties":{"DAUID":"24370178","DGUID":"2021S051224370178","LANDAREA":0.1597,"PRUID":"24","CMA":"Trois-Rivieres"}},
{"type":"Feature","geometry":{"type":"Polygon","coordinates":[[[-72.59865168994432,46.34087954956403],[-72.59866452995482,46.34141042463241],[-72.60081899080664,46.341873265428944],[-72.60077717070936,46.34288258208318],[-72.60166924259097,46.34358195663666],[-72.60414156176519,46.34291075240405],[-72.60533635815855,46.34493663566525],[-72.60289018988922,46.345426038494836],[-72.60400327118249,46.34772276012311],[-72.60343997117698,46.34816809692028],[-72.60539518112432,46.34800530376122],[-72.60452199150897,46.34663027807612],[-72.60446027346154,46.34563238110024],[-72.6062518499644,46.3455814120159],[-72.60727335482555,46.34493626536085],[-72.60718144262928,46.344119158738636],[-72.60643725474971,46.342723104173984],[-72.60364407833876,46.3406277794047],[-72.59971815369909,46.34089065039474],[-72.59865168994432,46.34087954956403]]]},"properties":{"DAUID":"24370179","DGUID":"2021S051224370179","LANDAREA":0.1916,"PRUID":"24","CMA":"Trois-Rivieres"}},
{"type":"Feature","geometry":{"type":"Polygon","coordinates":[[[-72.59665538744079,46.34473441651974],[-72.60115292464735,46.34792447801311],[-72.60230501486915,46.347555429399826],[-72.60343997117698,46.34816809692028],[-72.60400327118249,46.34772276012311],[-72.60289018988922,46.345426038494836],[-72.59998585928676,46.3434502601032],[-72.5980578124983,46.344701696211736],[-72.597410896704,46.34423064261087],[-72.59665538744079,46.34473441651974]]]},"properties":{"DAUID":"24370180","DGUID":"2021S051224370180","LANDAREA":0.1433,"PRUID":"24","CMA":"Trois-Rivieres"}},
{"type":"Feature","geometry":{"type":"Polygon","coordinates":[[[-72.60343997117698,46.34816809692028],[-72.60230501486915,46.347555429399826],[-72.60115292464735,46.34792447801311],[-72.6049923053872,46.3501394539766],[-72.60794525720306,46.34804458359659],[-72.60807873716168,46.34705113621308],[-72.60734675107133,46.34643806972588],[-72.60727335482555,46.34493626536085],[-72.6062518499644,46.3455814120159],[-72.60446027346154,46.34563238110024],[-72.60452199150897,46.34663027807612],[-72.60539518112432,46.34800530376122],[-72.60343997117698,46.34816809692028]]]},"properties":{"DAUID":"24370181","DGUID":"2021S051224370181","LANDAREA":0.1284,"PRUID":"24","CMA":"Trois-Rivieres"}},
{"type":"Feature","geometry":{"type":"Polygon","coordinates":[[[-72.61192620564293,46.35554576914712],[-72.61268028892579,46.35471057689635],[-72.61063940097547,46.353950461774325],[-72.60802199110859,46.352274226113124],[-72.6049923053872,46.3501394539766],[-72.60115292464735,46.34792447801311],[-72.59665538744079,46.34473441651974],[-72.5950788201609,46.3435918273415],[-72.59415790821879,46.34390138481085],[-72.59047935906351,46.34123220232635],[-72.59110370481852,46.34070447496711],[-72.58651570611865,46.339109684073826],[-72.58531613644067,46.33991910482987],[-72.58639730128385,46.34073366282716],[-72.58965369967272,46.34241213928696],[-72.59133008479414,46.343661778009704],[-72.59077972300975,46.34401977182541],[-72.59313168469713,46.34579579522529],[-72.59524191931389,46.34624429249213],[-72.59676059095112,46.34763321557047],[-72.59837396964275,46.34767806585044],[-72.59984300060684,46.3492946979374],[-72.60135310079295,46.349909398323966],[-72.60184279199665,46.3509478969523],[-72.60181990739022,46.353398485548055],[-72.60351588377789,46.355108797777056],[-72.60617671266277,46.354490806142074],[-72.60719688276829,46.354876607201895],[-72.60912227816178,46.354795879739804],[-72.61192620564293,46.35554576914712]]]},"properties":{"DAUID":"24370182","DGUID":"2021S051224370182","LANDAREA":0.594,"PRUID":"24","CMA":"Trois-Rivieres"}},
{"type":"Feature","geometry":{"type":"Polygon","coordinates":[[[-72.6049923053872,46.3501394539766],[-72.60802199110859,46.352274226113124],[-72.60966921945314,46.351128242394665],[-72.61029923320876,46.34965497320923],[-72.60794525720306,46.34804458359659],[-72.6049923053872,46.3501394539766]]]},"properties":{"DAUID":"24370183","DGUID":"2021S051224370183","LANDAREA":0.1032,"PRUID":"24","CMA":"Trois-Rivieres"}},
{"type":"Feature","geometry":{"type":"Polygon","coordinates":[[[-72.60794525720306,46.34804458359659],[-72.61029923320876,46.34965497320923],[-72.61213625181426,46.34840543282654],[-72.61308023627208,46.347239880666436],[-72.61308286433517,46.346231471093006],[-72.61047586362967,46.34635568780436],[-72.61022847911428,46.34555122207428],[-72.60807873716168,46.34705113621308],[-72.60794525720306,46.34804458359659]]]},"properties":{"DAUID":"24370184","DGUID":"2021S051224370184","LANDAREA":0.1148,"PRUID":"24","CMA":"Trois-Rivieres"}},
{"type":"Feature","geometry":{"type":"Polygon","coordinates":[[[-72.60966921945314,46.351128242394665],[-72.61056526544952,46.35163840772239],[-72.61425205885864,46.35284830354053],[-72.6165081723559,46.35112969773626],[-72.61719462006891,46.35001518258622],[-72.61502517442905,46.34925590296373],[-72.61547787866515,46.34867805250803],[-72.61499141170212,46.34777118333872],[-72.61517575211032,46.34622732612363],[-72.61414900538247,46.346233437864875],[-72.61308286433517,46.346231471093006],[-72.61308023627208,46.347239880666436],[-72.61213625181426,46.34840543282654],[-72.61029923320876,46.34965497320923],[-72.60966921945314,46.351128242394665]]]},"properties":{"DAUID":"24370185","DGUID":"2021S051224370185","LANDAREA":0.2303,"PRUID":"24","CMA":"Trois-Rivieres"}},
{"type":"Feature","geometry":{"type":"Polygon","coordinates":[[[-72.61268028892579,46.35471057689635],[-72.62355255469693,46.346935178180495],[-72.62527088483809,46.345530848005254],[-72.61059321234522,46.33612293787296],[-72.60798277986473,46.337906266048975],[-72.60968777393336,46.33927976759743],[-72.61171764357046,46.33879099222398],[-72.61327309894149,46.339762795343574],[-72.61343928312611,46.340767236393575],[-72.61406647447663,46.340302345491395],[-72.61564466232615,46.34147167870316],[-72.61658455308043,46.343142155449634],[-72.61515664815457,46.34318473400997],[-72.61616450740112,46.34438545774624],[-72.61616400563622,46.346231094893575],[-72.61981688669516,46.34622618317159],[-72.62008975324214,46.34728210694151],[-72.61772171208875,46.34936355407732],[-72.61547787866515,46.34867805250803],[-72.61502517442905,46.34925590296373],[-72.61719462006891,46.35001518258622],[-72.6165081723559,46.35112969773626],[-72.61425205885864,46.35284830354053],[-72.61056526544952,46.35163840772239],[-72.60966921945314,46.351128242394665],[-72.60802199110859,46.352274226113124],[-72.61063940097547,46.353950461774325],[-72.61268028892579,46.35471057689635]]]},"properties":{"DAUID":"24370186","DGUID":"2021S051224370186","LANDAREA":0.6537,"PRUID":"24","CMA":"Trois-Rivieres"}},
{"type":"Feature","geometry":{"type":"Polygon","coordinates":[[[-72.61547787866515,46.34867805250803],[-72.61772171208875,46.34936355407732],[-72.62008975324214,46.34728210694151],[-72.61981688669516,46.34622618317159],[-72.61616400563622,46.346231094893575],[-72.61616450740112,46.34438545774624],[-72.61515664815457,46.34318473400997],[-72.6141469128402,46.343271471918605],[-72.61414900538247,46.346233437864875],[-72.61517575211032,46.34622732612363],[-72.61499141170212,46.34777118333872],[-72.61547787866515,46.34867805250803]]]},"properties":{"DAUID":"24370187","DGUID":"2021S051224370187","LANDAREA":0.148,"PRUID":"24","CMA":"Trois-Rivieres"}},
{"type":"Feature","geometry":{"type":"Polygon","coordinates":[[[-72.61308286433517,46.346231471093006],[-72.61414900538247,46.346233437864875],[-72.6141469128402,46.343271471918605],[-72.61515664815457,46.34318473400997],[-72.61658455308043,46.343142155449634],[-72.61564466232615,46.34147167870316],[-72.61406647447663,46.340302345491395],[-72.61343928312611,46.340767236393575],[-72.61375029195085,46.342074395222745],[-72.61259067808236,46.342551778435386],[-72.61311801130996,46.34323261766153],[-72.61317968475737,46.34555398228052],[-72.61022847911428,46.34555122207428],[-72.61047586362967,46.34635568780436],[-72.61308286433517,46.346231471093006]]]},"properties":{"DAUID":"24370188","DGUID":"2021S051224370188","LANDAREA":0.1131,"PRUID":"24","CMA":"Trois-Rivieres"}},
{"type":"Feature","geometry":{"type":"Polygon","coordinates":[[[-72.60727335482555,46.34493626536085],[-72.60734675107133,46.34643806972588],[-72.60807873716168,46.34705113621308],[-72.61022847911428,46.34555122207428],[-72.61317968475737,46.34555398228052],[-72.61311801130996,46.34323261766153],[-72.61259067808236,46.342551778435386],[-72.6096098699458,46.343801120177396],[-72.60818857069893,46.34397850294583],[-72.60718144262928,46.344119158738636],[-72.60727335482555,46.34493626536085]]]},"properties":{"DAUID":"24370189","DGUID":"2021S051224370189","LANDAREA":0.1172,"PRUID":"24","CMA":"Trois-Rivieres"}},
{"type":"Feature","geometry":{"type":"Polygon","coordinates":[[[-72.60798277986473,46.337906266048975],[-72.60645086902862,46.33874345333773],[-72.60566737931616,46.339202949773096],[-72.60735750550539,46.339208360468014],[-72.6085717421447,46.34011620881719],[-72.60721604355805,46.341102313685845],[-72.60912049688174,46.34230009417916],[-72.60806843658132,46.34311702878421],[-72.60818857069893,46.34397850294583],[-72.6096098699458,46.343801120177396],[-72.61259067808236,46.342551778435386],[-72.61375029195085,46.342074395222745],[-72.61343928312611,46.340767236393575],[-72.61327309894149,46.339762795343574],[-72.61171764357046,46.33879099222398],[-72.60968777393336,46.33927976759743],[-72.60798277986473,46.337906266048975]]]},"properties":{"DAUID":"24370190","DGUID":"2021S051224370190","LANDAREA":0.2063,"PRUID":"24","CMA":"Trois-Rivieres"}},
{"type":"Feature","geometry":{"type":"Polygon","coordinates":[[[-72.60718144262928,46.344119158738636],[-72.60818857069893,46.34397850294583],[-72.60806843658132,46.34311702878421],[-72.60912049688174,46.34230009417916],[-72.60721604355805,46.341102313685845],[-72.6085717421447,46.34011620881719],[-72.60735750550539,46.339208360468014],[-72.60566737931616,46.339202949773096],[-72.60364407833876,46.3406277794047],[-72.60643725474971,46.342723104173984],[-72.60718144262928,46.344119158738636]]]},"properties":{"DAUID":"24370191","DGUID":"2021S051224370191","LANDAREA":0.1073,"PRUID":"24","CMA":"Trois-Rivieres"}},
{"type":"Feature","geometry":{"type":"Polygon","coordinates":[[[-72.59971815369909,46.34089065039474],[-72.60364407833876,46.3406277794047],[-72.60566737931616,46.339202949773096],[-72.60645086902862,46.33874345333773],[-72.60569961324033,46.33826587199781],[-72.60379382031397,46.33730215608798],[-72.60095550346281,46.337206496245564],[-72.59859081554652,46.33882827838815],[-72.59970672098768,46.33985556291374],[-72.59971815369909,46.34089065039474]]]},"properties":{"DAUID":"24370192","DGUID":"2021S051224370192","LANDAREA":0.1653,"PRUID":"24","CMA":"Trois-Rivieres"}},
{"type":"Feature","geometry":{"type":"Polygon","coordinates":[[[-72.59762998423118,46.33404312972733],[-72.59991941442836,46.33648346549405],[-72.60095550346281,46.337206496245564],[-72.60379382031397,46.33730215608798],[-72.60569961324033,46.33826587199781],[-72.60722889607527,46.33737476241798],[-72.60422951292432,46.335842486490705],[-72.6041379046957,46.33476426075098],[-72.60143601823516,46.33319794058207],[-72.59996929641241,46.332971144023894],[-72.59762998423118,46.33404312972733]]]},"properties":{"DAUID":"24370193","DGUID":"2021S051224370193","LANDAREA":0.1849,"PRUID":"24","CMA":"Trois-Rivieres"}},
{"type":"Feature","geometry":{"type":"Polygon","coordinates":[[[-72.59557338090107,46.33017871154753],[-72.59517577732389,46.33061627127762],[-72.59870717390956,46.33187526305571],[-72.59996929641241,46.332971144023894],[-72.60143601823516,46.33319794058207],[-72.6041379046957,46.33476426075098],[-72.60422951292432,46.335842486490705],[-72.60722889607527,46.33737476241798],[-72.60569961324033,46.33826587199781],[-72.60645086902862,46.33874345333773],[-72.60798277986473,46.337906266048975],[-72.61059321234522,46.33612293787296],[-72.61153743877352,46.33537405859918],[-72.60211779553282,46.329386856626215],[-72.6002684978033,46.328174571583205],[-72.59898400353038,46.32634996698215],[-72.59719456647343,46.32835847239023],[-72.59557338090107,46.33017871154753]]]},"properties":{"DAUID":"24370194","DGUID":"2021S051224370194","LANDAREA":0.5362,"PRUID":"24","CMA":"Trois-Rivieres"}},
{"type":"Feature","geometry":{"type":"Polygon","coordinates":[[[-72.59040308908801,46.324301632241216],[-72.59056063494025,46.324230566196285],[-72.60330218176884,46.31847780672402],[-72.59653199029812,46.314145236171186],[-72.5957850889512,46.31454979230226],[-72.59368070489377,46.31322146801063],[-72.59192806800608,46.31459241237332],[-72.59099682918578,46.31223330624701],[-72.58999596907545,46.31141952607769],[-72.58843511764125,46.31355804278838],[-72.58530988899525,46.311534776809395],[-72.5857921426364,46.30995706450821],[-72.58460063639541,46.30922853494982],[-72.58301051847785,46.30912144753182],[-72.5788384797036,46.311504988456065],[-72.57332802839879,46.31430660703047],[-72.59040308908801,46.324301632241216]]]},"properties":{"DAUID":"24370196","DGUID":"2021S051224370196","LANDAREA":1.8217,"PRUID":"24","CMA":"Trois-Rivieres"}},
{"type":"Feature","geometry":{"type":"Polygon","coordinates":[[[-72.59368070489377,46.31322146801063],[-72.59434579537934,46.31273777456745],[-72.58867400726936,46.30910676949346],[-72.5877226104548,46.30850771062042],[-72.5857921426364,46.30995706450821],[-72.58530988899525,46.311534776809395],[-72.58843511764125,46.31355804278838],[-72.58999596907545,46.31141952607769],[-72.59099682918578,46.31223330624701],[-72.59192806800608,46.31459241237332],[-72.59368070489377,46.31322146801063]]]},"properties":{"DAUID":"24370197","DGUID":"2021S051224370197","LANDAREA":0.1943,"PRUID":"24","CMA":"Trois-Rivieres"}},
{"type":"Feature","geometry":{"type":"Polygon","coordinates":[[[-72.5857921426364,46.30995706450821],[-72.5877226104548,46.30850771062042],[-72.58867400726936,46.30910676949346],[-72.58931011564317,46.308560785750004],[-72.58693057878669,46.30717572286716],[-72.58414230330989,46.30539497528835],[-72.58277525231479,46.306137950211834],[-72.58093260661029,46.30779225613779],[-72.58301051847785,46.30912144753182],[-72.58460063639541,46.30922853494982],[-72.5857921426364,46.30995706450821]]]},"properties":{"DAUID":"24370198","DGUID":"2021S051224370198","LANDAREA":0.1533,"PRUID":"24","CMA":"Trois-Rivieres"}},
{"type":"Feature","geometry":{"type":"Polygon","coordinates":[[[-72.58693057878669,46.30717572286716],[-72.58894888581338,46.30620144111767],[-72.5888857799683,46.30516758060409],[-72.58594782866251,46.3032463092017],[-72.58667001496651,46.30273266179542],[-72.58391099302476,46.30092088428935],[-72.58096401833468,46.303335115811116],[-72.57956240678206,46.30416891449839],[-72.58277525231479,46.306137950211834],[-72.58414230330989,46.30539497528835],[-72.58693057878669,46.30717572286716]]]},"properties":{"DAUID":"24370199","DGUID":"2021S051224370199","LANDAREA":0.2417,"PRUID":"24","CMA":"Trois-Rivieres"}},
{"type":"Feature","geometry":{"type":"Polygon","coordinates":[[[-72.58301051847785,46.30912144753182],[-72.58093260661029,46.30779225613779],[-72.58277525231479,46.306137950211834],[-72.57956240678206,46.30416891449839],[-72.58096401833468,46.303335115811116],[-72.57986075187281,46.302701386237274],[-72.57766259203296,46.30381720320253],[-72.57683549230725,46.30514209144735],[-72.57577721273331,46.305538414877866],[-72.57227268776225,46.308569104539636],[-72.57031567919421,46.30990270747987],[-72.56916601194193,46.311090013545346],[-72.56743704837858,46.310793541172515],[-72.57332802839879,46.31430660703047],[-72.5788384797036,46.311504988456065],[-72.58301051847785,46.30912144753182]]]},"properties":{"DAUID":"24370200","DGUID":"2021S051224370200","LANDAREA":0.6716,"PRUID":"24","CMA":"Trois-Rivieres"}},
{"type":"Feature","geometry":{"type":"Polygon","coordinates":[[[-72.5580234242556,46.323569772011226],[-72.56093902638597,46.321596670242826],[-72.56481587594564,46.3189865638033],[-72.56737662286463,46.320628979651005],[-72.56782660883722,46.31998842341235],[-72.56931270139071,46.317928452115076],[-72.57030946470381,46.31650096530393],[-72.5714706525734,46.31532213779964],[-72.57332802839879,46.31430660703047],[-72.56743704837858,46.310793541172515],[-72.5683862889396,46.31189339239488],[-72.5678919062511,46.312717209064765],[-72.56510500507153,46.314727800514966],[-72.56036549497509,46.31853069021662],[-72.55876649601575,46.32091080251415],[-72.55612775911338,46.322066359240836],[-72.5580234242556,46.323569772011226]]]},"properties":{"DAUID":"24370201","DGUID":"2021S051224370201","LANDAREA":0.5581,"PRUID":"24","CMA":"Trois-Rivieres"}},
{"type":"Feature","geometry":{"type":"Polygon","coordinates":[[[-72.58894888581338,46.30620144111767],[-72.59561340571815,46.302733005681276],[-72.60068658473584,46.30101191571155],[-72.60677403491684,46.29932085069578],[-72.6154632976854,46.29719013472876],[-72.61738621369155,46.29640663316571],[-72.61901906592904,46.29534651692303],[-72.61586702611454,46.29366143944308],[-72.61193470074392,46.29420060166028],[-72.60829630736436,46.29445118948914],[-72.6070053158473,46.29481899460039],[-72.60428071181343,46.29474370789714],[-72.60188470934214,46.29521970469152],[-72.59979858438685,46.294996399316055],[-72.59550301151314,46.295736305654245],[-72.59277809313491,46.29647040421125],[-72.59252529254094,46.296846303470026],[-72.5872389086311,46.29861269072133],[-72.58364329502126,46.30016740949254],[-72.57986075187281,46.302701386237274],[-72.58096401833468,46.303335115811116],[-72.58391099302476,46.30092088428935],[-72.58667001496651,46.30273266179542],[-72.58594782866251,46.3032463092017],[-72.5888857799683,46.30516758060409],[-72.58894888581338,46.30620144111767]]]},"properties":{"DAUID":"24370202","DGUID":"2021S051224370202","LANDAREA":1.5716,"PRUID":"24","CMA":"Trois-Rivieres"}},
{"type":"Feature","geometry":{"type":"Polygon","coordinates":[[[-72.60330218176884,46.31847780672402],[-72.63138111043051,46.30576741581304],[-72.62504518193494,46.30127244573268],[-72.62593008632213,46.30039355355339],[-72.61901906592904,46.29534651692303],[-72.61738621369155,46.29640663316571],[-72.6154632976854,46.29719013472876],[-72.60677403491684,46.29932085069578],[-72.60068658473584,46.30101191571155],[-72.59561340571815,46.302733005681276],[-72.58894888581338,46.30620144111767],[-72.58693057878669,46.30717572286716],[-72.58931011564317,46.308560785750004],[-72.58867400726936,46.30910676949346],[-72.59434579537934,46.31273777456745],[-72.59368070489377,46.31322146801063],[-72.5957850889512,46.31454979230226],[-72.59653199029812,46.314145236171186],[-72.60330218176884,46.31847780672402]]]},"properties":{"DAUID":"24370203","DGUID":"2021S051224370203","LANDAREA":4.4928,"PRUID":"24","CMA":"Trois-Rivieres"}},
{"type":"Feature","geometry":{"type":"Polygon","coordinates":[[[-72.71694543381786,46.41106352750205],[-72.71727374563106,46.412397080034545],[-72.71906955901805,46.4134066927761],[-72.72028247228293,46.4135225697633],[-72.7242730451473,46.411014589987964],[-72.73094194762928,46.406664006545206],[-72.73976082429179,46.400746453666436],[-72.73047641190594,46.394458736009256],[-72.71008740900739,46.379693771992834],[-72.6906710426488,46.36594220812793],[-72.70245264880435,46.355557497668904],[-72.67268805480933,46.333929222170426],[-72.65650402987794,46.32381429044642],[-72.62930631646077,46.34272711620308],[-72.63042415786478,46.3437638464671],[-72.63213786736213,46.34694375318431],[-72.63368595721799,46.348440982038646],[-72.632946100587,46.34950664622021],[-72.63390212878997,46.35037361191885],[-72.63829616511087,46.35309472923759],[-72.63998745656599,46.35483599033872],[-72.64449180639507,46.35761213715751],[-72.66010048896415,46.36858872083459],[-72.6597211622649,46.36876005190702],[-72.66801051583008,46.3745669044141],[-72.6707363469258,46.378607102764114],[-72.67179442010001,46.37947305078218],[-72.67307151165791,46.38003662605474],[-72.67504645487182,46.37972809748751],[-72.67588533186785,46.380113092827656],[-72.68125297214453,46.38389143468701],[-72.70112078884391,46.3975288010653],[-72.71594381664846,46.407756601996596],[-72.71789970453231,46.4093565710211],[-72.71694543381786,46.41106352750205]]]},"properties":{"DAUID":"24370211","DGUID":"2021S051224370211","LANDAREA":27.3766,"PRUID":"24","CMA":"Trois-Rivieres"}},
{"type":"Feature","geometry":{"type":"Polygon","coordinates":[[[-72.6597211622649,46.36876005190702],[-72.65528581892427,46.37189104113245],[-72.65506803417651,46.3735258360977],[-72.64454879114284,46.37438845552366],[-72.64294671985378,46.37434547492059],[-72.64097480852345,46.37366300113388],[-72.63950747842962,46.37266244378868],[-72.63185597598388,46.377960103162124],[-72.628765619474,46.38009220323109],[-72.62839292923924,46.38071320918843],[-72.63230817688846,46.38149402667169],[-72.63777162061056,46.38358853173026],[-72.63958845537772,46.38402265820663],[-72.64187876996805,46.3850847535201],[-72.64408706840523,46.386589887099056],[-72.6464089496133,46.38494348700926],[-72.6478797034297,46.38514758667493],[-72.65157402190815,46.38263110405503],[-72.65271593755378,46.38345907898239],[-72.64948891860462,46.38587539411027],[-72.64881822908421,46.388314042078434],[-72.6491479667218,46.38998991170395],[-72.65000834091964,46.389375108832965],[-72.65315065450478,46.39146119977374],[-72.65503829942234,46.39017376379532],[-72.65567283600828,46.39063580446728],[-72.65803572875035,46.388711483740224],[-72.6606313327334,46.38726720415807],[-72.67179442010001,46.37947305078218],[-72.6707363469258,46.378607102764114],[-72.66801051583008,46.3745669044141],[-72.6597211622649,46.36876005190702]]]},"properties":{"DAUID":"24370213","DGUID":"2021S051224370213","LANDAREA":4.0837,"PRUID":"24","CMA":"Trois-Rivieres"}},
{"type":"Feature","geometry":{"type":"Polygon","coordinates":[[[-72.61692194334877,46.37679695137773],[-72.61892849416792,46.377659088349844],[-72.62155906605403,46.3787765817255],[-72.62435909435615,46.37989904525044],[-72.62839292923924,46.38071320918843],[-72.628765619474,46.38009220323109],[-72.63185597598388,46.377960103162124],[-72.62142247477792,46.37324690936215],[-72.61664291252221,46.37667744361661],[-72.61692194334877,46.37679695137773]]]},"properties":{"DAUID":"24370214","DGUID":"2021S051224370214","LANDAREA":0.4744,"PRUID":"24","CMA":"Trois-Rivieres"}},
{"type":"Feature","geometry":{"type":"Polygon","coordinates":[[[-72.61892849416792,46.377659088349844],[-72.61602059610651,46.379636118375814],[-72.61996809663407,46.38002045541848],[-72.62155906605403,46.3787765817255],[-72.61892849416792,46.377659088349844]]]},"properties":{"DAUID":"24370215","DGUID":"2021S051224370215","LANDAREA":0.06,"PRUID":"24","CMA":"Trois-Rivieres"}},
{"type":"Feature","geometry":{"type":"Polygon","coordinates":[[[-72.61030705624816,46.383118104717155],[-72.61127706854231,46.38555657623025],[-72.61624264059766,46.38939562352232],[-72.619476078167,46.391409940305806],[-72.62473629974042,46.3973164952218],[-72.62854899438192,46.396584985089724],[-72.63086071051833,46.39587445986509],[-72.63606195973998,46.393718998489305],[-72.64090810731277,46.392525728611986],[-72.64521262943258,46.39290253291769],[-72.64709679524859,46.39380692164388],[-72.6491479667218,46.38998991170395],[-72.64881822908421,46.388314042078434],[-72.64948891860462,46.38587539411027],[-72.65271593755378,46.38345907898239],[-72.65157402190815,46.38263110405503],[-72.6478797034297,46.38514758667493],[-72.6464089496133,46.38494348700926],[-72.64408706840523,46.386589887099056],[-72.64187876996805,46.3850847535201],[-72.63958845537772,46.38402265820663],[-72.63777162061056,46.38358853173026],[-72.63230817688846,46.38149402667169],[-72.62839292923924,46.38071320918843],[-72.62435909435615,46.37989904525044],[-72.62155906605403,46.3787765817255],[-72.61996809663407,46.38002045541848],[-72.61602059610651,46.379636118375814],[-72.61892849416792,46.377659088349844],[-72.61692194334877,46.37679695137773],[-72.61411752152772,46.37876250913921],[-72.61030705624816,46.383118104717155]]]},"properties":{"DAUID":"24370216","DGUID":"2021S051224370216","LANDAREA":3.3268,"PRUID":"24","CMA":"Trois-Rivieres"}},
{"type":"Feature","geometry":{"type":"Polygon","coordinates":[[[-72.71694543381786,46.41106352750205],[-72.71573330735056,46.4107779715084],[-72.71054914483655,46.41045404529742],[-72.70481512928274,46.410323327164164],[-72.70062749280225,46.410911097695966],[-72.69912238830793,46.410749506947326],[-72.69483509070429,46.40936770756887],[-72.69014692377827,46.406743957094484],[-72.68876496407964,46.40540878695121],[-72.68453984298206,46.40240448601955],[-72.68170004721094,46.40105933792357],[-72.67877586983568,46.39906789662588],[-72.67448303091653,46.39547064568148],[-72.67096935744073,46.39416842833342],[-72.6667039379811,46.393181256762574],[-72.66490827718891,46.39305217499409],[-72.66095762025589,46.394065976640036],[-72.65969650020797,46.39460929273592],[-72.65816421702336,46.39623949757965],[-72.65655072737208,46.3959808811817],[-72.6555728083608,46.39445021126921],[-72.6564388899596,46.39431629796146],[-72.65581172773909,46.39290135029501],[-72.65411810947671,46.39286067765964],[-72.65566207473478,46.39146436364107],[-72.65567283600828,46.39063580446728],[-72.65503829942234,46.39017376379532],[-72.65315065450478,46.39146119977374],[-72.65000834091964,46.389375108832965],[-72.6491479667218,46.38998991170395],[-72.64709679524859,46.39380692164388],[-72.65156477669709,46.39702963138277],[-72.65776943037082,46.402164898929634],[-72.66016497730473,46.40378616017084],[-72.66431382555592,46.40523093506598],[-72.67205880732787,46.40725921217028],[-72.6790997650454,46.411224341487696],[-72.68447813486152,46.41890582339763],[-72.68650534188777,46.42014642780381],[-72.68871575516415,46.42149901806637],[-72.70436044745203,46.4241145237495],[-72.71829839988902,46.41492119522575],[-72.72028247228293,46.4135225697633],[-72.71906955901805,46.4134066927761],[-72.71727374563106,46.412397080034545],[-72.71694543381786,46.41106352750205]]]},"properties":{"DAUID":"24370218","DGUID":"2021S051224370218","LANDAREA":5.9738,"PRUID":"24","CMA":"Trois-Rivieres"}},
{"type":"Feature","geometry":{"type":"Polygon","coordinates":[[[-72.67179442010001,46.37947305078218],[-72.6606313327334,46.38726720415807],[-72.65803572875035,46.388711483740224],[-72.65567283600828,46.39063580446728],[-72.65566207473478,46.39146436364107],[-72.65411810947671,46.39286067765964],[-72.65581172773909,46.39290135029501],[-72.6564388899596,46.39431629796146],[-72.6555728083608,46.39445021126921],[-72.65655072737208,46.3959808811817],[-72.65816421702336,46.39623949757965],[-72.65969650020797,46.39460929273592],[-72.66095762025589,46.394065976640036],[-72.66490827718891,46.39305217499409],[-72.6667039379811,46.393181256762574],[-72.67096935744073,46.39416842833342],[-72.67448303091653,46.39547064568148],[-72.67877586983568,46.39906789662588],[-72.68170004721094,46.40105933792357],[-72.68453984298206,46.40240448601955],[-72.68876496407964,46.40540878695121],[-72.69014692377827,46.406743957094484],[-72.69483509070429,46.40936770756887],[-72.69912238830793,46.410749506947326],[-72.70062749280225,46.410911097695966],[-72.70481512928274,46.410323327164164],[-72.71054914483655,46.41045404529742],[-72.71573330735056,46.4107779715084],[-72.71694543381786,46.41106352750205],[-72.71789970453231,46.4093565710211],[-72.71594381664846,46.407756601996596],[-72.70112078884391,46.3975288010653],[-72.68125297214453,46.38389143468701],[-72.67588533186785,46.380113092827656],[-72.67504645487182,46.37972809748751],[-72.67307151165791,46.38003662605474],[-72.67179442010001,46.37947305078218]]]},"properties":{"DAUID":"24370219","DGUID":"2021S051224370219","LANDAREA":6.2899,"PRUID":"24","CMA":"Trois-Rivieres"}},
{"type":"Feature","geometry":{"type":"Polygon","coordinates":[[[-72.60181990739022,46.353398485548055],[-72.60184279199665,46.3509478969523],[-72.60135310079295,46.349909398323966],[-72.59984300060684,46.3492946979374],[-72.59837396964275,46.34767806585044],[-72.59676059095112,46.34763321557047],[-72.59549438325556,46.34840782275594],[-72.59363093445475,46.347142223504285],[-72.59119401174796,46.34678129568016],[-72.58754251400377,46.3471908645865],[-72.58480691008302,46.34716715072045],[-72.58329132519154,46.348493647645704],[-72.58553445977891,46.34971097252156],[-72.58685919281986,46.34995028315706],[-72.5871907052027,46.348475068468545],[-72.58793629756549,46.34776451859518],[-72.58961643500592,46.34809453388256],[-72.59075896400452,46.34752777565518],[-72.59244978917458,46.34754241263586],[-72.59416551600094,46.348069597507205],[-72.59551806090585,46.34941552409074],[-72.59273203469411,46.350407779741545],[-72.59510356156528,46.352387196740956],[-72.59536409840523,46.35400164585062],[-72.5970558420126,46.35376411763805],[-72.5988355158701,46.35315548545677],[-72.60181990739022,46.353398485548055]]]},"properties":{"DAUID":"24370231","DGUID":"2021S051224370231","LANDAREA":0.4248,"PRUID":"24","CMA":"Trois-Rivieres"}},
{"type":"Feature","geometry":{"type":"Polygon","coordinates":[[[-72.59536409840523,46.35400164585062],[-72.59510356156528,46.352387196740956],[-72.59273203469411,46.350407779741545],[-72.5912139721786,46.34966888459068],[-72.5888601177144,46.35019182564836],[-72.58873380236997,46.351608244291626],[-72.59112179047862,46.351786749460985],[-72.59090968116357,46.35384436471576],[-72.59536409840523,46.35400164585062]]]},"properties":{"DAUID":"24370232","DGUID":"2021S051224370232","LANDAREA":0.148,"PRUID":"24","CMA":"Trois-Rivieres"}},
{"type":"Feature","geometry":{"type":"Polygon","coordinates":[[[-72.5871907052027,46.348475068468545],[-72.5888045065205,46.348509573384256],[-72.5912139721786,46.34966888459068],[-72.59273203469411,46.350407779741545],[-72.59551806090585,46.34941552409074],[-72.59416551600094,46.348069597507205],[-72.59244978917458,46.34754241263586],[-72.59075896400452,46.34752777565518],[-72.58961643500592,46.34809453388256],[-72.58793629756549,46.34776451859518],[-72.5871907052027,46.348475068468545]]]},"properties":{"DAUID":"24370233","DGUID":"2021S051224370233","LANDAREA":0.1068,"PRUID":"24","CMA":"Trois-Rivieres"}},
{"type":"Feature","geometry":{"type":"Polygon","coordinates":[[[-72.58509376516432,46.35376354506113],[-72.58536555566,46.35212769198052],[-72.58724885360888,46.35128265707242],[-72.58782849832225,46.35009877875904],[-72.5888601177144,46.35019182564836],[-72.5912139721786,46.34966888459068],[-72.5888045065205,46.348509573384256],[-72.5871907052027,46.348475068468545],[-72.58685919281986,46.34995028315706],[-72.58553445977891,46.34971097252156],[-72.58329132519154,46.348493647645704],[-72.57951342000344,46.351831367140264],[-72.58356448316907,46.35467236191416],[-72.58509376516432,46.35376354506113]]]},"properties":{"DAUID":"24370234","DGUID":"2021S051224370234","LANDAREA":0.257,"PRUID":"24","CMA":"Trois-Rivieres"}},
{"type":"Feature","geometry":{"type":"Polygon","coordinates":[[[-72.58356448316907,46.35467236191416],[-72.57951342000344,46.351831367140264],[-72.57475020176213,46.35604703311836],[-72.57489587974405,46.356143328570234],[-72.57600017667761,46.35690376556119],[-72.57714734978815,46.35587448334414],[-72.57815429288405,46.355455036613776],[-72.58019980526511,46.35688412846773],[-72.58105777840828,46.35634205460901],[-72.58356448316907,46.35467236191416]]]},"properties":{"DAUID":"24370235","DGUID":"2021S051224370235","LANDAREA":0.1752,"PRUID":"24","CMA":"Trois-Rivieres"}},
{"type":"Feature","geometry":{"type":"Polygon","coordinates":[[[-72.59090968116357,46.35384436471576],[-72.59112179047862,46.351786749460985],[-72.58873380236997,46.351608244291626],[-72.5888601177144,46.35019182564836],[-72.58782849832225,46.35009877875904],[-72.58724885360888,46.35128265707242],[-72.58536555566,46.35212769198052],[-72.58509376516432,46.35376354506113],[-72.58620327565191,46.35358471892443],[-72.59090968116357,46.35384436471576]]]},"properties":{"DAUID":"24370236","DGUID":"2021S051224370236","LANDAREA":0.1197,"PRUID":"24","CMA":"Trois-Rivieres"}},
{"type":"Feature","geometry":{"type":"Polygon","coordinates":[[[-72.58531613644067,46.33991910482987],[-72.5832762377187,46.34093152423119],[-72.58683720636206,46.34386476681683],[-72.5867810094713,46.34538756452993],[-72.58480691008302,46.34716715072045],[-72.58754251400377,46.3471908645865],[-72.59119401174796,46.34678129568016],[-72.59363093445475,46.347142223504285],[-72.59549438325556,46.34840782275594],[-72.59676059095112,46.34763321557047],[-72.59524191931389,46.34624429249213],[-72.59313168469713,46.34579579522529],[-72.59077972300975,46.34401977182541],[-72.59133008479414,46.343661778009704],[-72.58965369967272,46.34241213928696],[-72.58639730128385,46.34073366282716],[-72.58531613644067,46.33991910482987]]]},"properties":{"DAUID":"24370237","DGUID":"2021S051224370237","LANDAREA":0.3258,"PRUID":"24","CMA":"Trois-Rivieres"}},
{"type":"Feature","geometry":{"type":"Polygon","coordinates":[[[-72.58329132519154,46.348493647645704],[-72.58480691008302,46.34716715072045],[-72.5867810094713,46.34538756452993],[-72.58683720636206,46.34386476681683],[-72.5832762377187,46.34093152423119],[-72.58531613644067,46.33991910482987],[-72.57649023810328,46.33329791102972],[-72.57176259656816,46.33528560362495],[-72.56512296794615,46.336184877942195],[-72.56282790236845,46.33708017741887],[-72.5646608816215,46.33848127683779],[-72.56564074696517,46.33804454622803],[-72.56669244047517,46.338830546013924],[-72.56894343896943,46.34049813259845],[-72.56980085259956,46.33994717009874],[-72.57149882091767,46.34119534694817],[-72.57454613815457,46.34346564458325],[-72.57471458595462,46.34399292108331],[-72.57131417988694,46.34410754679177],[-72.57444939253443,46.34523245916265],[-72.57420907228287,46.345545421430174],[-72.57405814954882,46.345745671018385],[-72.5728220315773,46.34734075467672],[-72.57409697721934,46.34777682432701],[-72.57562363562289,46.347033150132766],[-72.57835065798662,46.34694287774047],[-72.5811963713965,46.34738087905852],[-72.58329132519154,46.348493647645704]]]},"properties":{"DAUID":"24370238","DGUID":"2021S051224370238","LANDAREA":1.5215,"PRUID":"24","CMA":"Trois-Rivieres"}},
{"type":"Feature","geometry":{"type":"Polygon","coordinates":[[[-72.57131417988694,46.34410754679177],[-72.57471458595462,46.34399292108331],[-72.57454613815457,46.34346564458325],[-72.57149882091767,46.34119534694817],[-72.56813491449304,46.34341572883413],[-72.56801371213845,46.34413876971212],[-72.57131417988694,46.34410754679177]]]},"properties":{"DAUID":"24370239","DGUID":"2021S051224370239","LANDAREA":0.099,"PRUID":"24","CMA":"Trois-Rivieres"}},
{"type":"Feature","geometry":{"type":"Polygon","coordinates":[[[-72.58651570611865,46.339109684073826],[-72.59110370481852,46.34070447496711],[-72.59324511857258,46.34223910384],[-72.59572220301044,46.34051579403397],[-72.5945046121722,46.339535856694816],[-72.59560115328043,46.33909613511971],[-72.59533219999918,46.33704072754485],[-72.5945587940489,46.336104466020295],[-72.59339252487896,46.335375412647636],[-72.59146026603548,46.336536791500166],[-72.58798194123561,46.338787487473496],[-72.58651570611865,46.339109684073826]]]},"properties":{"DAUID":"24370249","DGUID":"2021S051224370249","LANDAREA":0.2653,"PRUID":"24","CMA":"Trois-Rivieres"}},
{"type":"Feature","geometry":{"type":"Polygon","coordinates":[[[-72.55387666505264,46.53499530025084],[-72.56371178653141,46.52799596240021],[-72.58494358494856,46.51237883697895],[-72.59420717726836,46.50680862864571],[-72.59939435108174,46.50507997288557],[-72.60371549004897,46.5056503093659],[-72.60809190718108,46.5024671467942],[-72.61924542600717,46.49594628091273],[-72.60233941739976,46.48409736896759],[-72.5915817582637,46.491352709206325],[-72.57889986175712,46.50000169733794],[-72.57730595819875,46.50101088827057],[-72.56591545270332,46.49299935255422],[-72.56438648027691,46.49075666601858],[-72.54431045472232,46.47655012824931],[-72.54173603131353,46.475582474277985],[-72.53964666556494,46.47412653965764],[-72.5315317814777,46.46859062897552],[-72.52385922674316,46.47430449834296],[-72.52214525627333,46.47542253753435],[-72.5191543103213,46.476899573698745],[-72.51799725222573,46.47775739106614],[-72.51660220300354,46.479491907244324],[-72.50236557646086,46.489645682539795],[-72.48651616667813,46.50070803141773],[-72.47803826760942,46.50673026432539],[-72.49919853131111,46.52167169371209],[-72.511071576659,46.530477060642234],[-72.51991943053311,46.524190271897794],[-72.52935525586462,46.51760517706271],[-72.55387666505264,46.53499530025084]]]},"properties":{"DAUID":"24370257","DGUID":"2021S051224370257","LANDAREA":36.7525,"PRUID":"24","CMA":"Trois-Rivieres"}},
{"type":"Feature","geometry":{"type":"Polygon","coordinates":[[[-72.60233941739976,46.48409736896759],[-72.58915534054505,46.47472297151473],[-72.5969995917978,46.46905878227747],[-72.58552792215824,46.46100727417003],[-72.58457418091675,46.46104919108066],[-72.57386581090898,46.45350357378057],[-72.57456510004334,46.45291131657728],[-72.56416052415572,46.44540886315123],[-72.55714969870738,46.450291338970025],[-72.55429549311833,46.45188730090711],[-72.5511028627227,46.454580311900855],[-72.54362834536123,46.45981984713682],[-72.53262343530047,46.46784002476002],[-72.53580281066588,46.4697574600832],[-72.54087028590372,46.47327936983384],[-72.53964666556494,46.47412653965764],[-72.54173603131353,46.475582474277985],[-72.54431045472232,46.47655012824931],[-72.56438648027691,46.49075666601858],[-72.56591545270332,46.49299935255422],[-72.57730595819875,46.50101088827057],[-72.57889986175712,46.50000169733794],[-72.5915817582637,46.491352709206325],[-72.60233941739976,46.48409736896759]]]},"properties":{"DAUID":"24370258","DGUID":"2021S051224370258","LANDAREA":16.4592,"PRUID":"24","CMA":"Trois-Rivieres"}},
{"type":"Feature","geometry":{"type":"Polygon","coordinates":[[[-72.53964666556494,46.47412653965764],[-72.54087028590372,46.47327936983384],[-72.53580281066588,46.4697574600832],[-72.53262343530047,46.46784002476002],[-72.54362834536123,46.45981984713682],[-72.5511028627227,46.454580311900855],[-72.55429549311833,46.45188730090711],[-72.55714969870738,46.450291338970025],[-72.56416052415572,46.44540886315123],[-72.55346513980497,46.437970907972954],[-72.55521999815367,46.43669575910021],[-72.54432856926081,46.42894129429175],[-72.53545937628635,46.435184461836656],[-72.53298531154164,46.43655517519599],[-72.53070010839856,46.4386147475992],[-72.52091627627402,46.44528539219164],[-72.51624610802084,46.44828707992987],[-72.51383302415391,46.450421193069396],[-72.51035633056806,46.45284581900262],[-72.51854967636038,46.458577361361996],[-72.52290708535759,46.462462590542],[-72.52486340330711,46.46394561273814],[-72.5315317814777,46.46859062897552],[-72.53964666556494,46.47412653965764]]]},"properties":{"DAUID":"24370259","DGUID":"2021S051224370259","LANDAREA":8.8021,"PRUID":"24","CMA":"Trois-Rivieres"}},
{"type":"Feature","geometry":{"type":"Polygon","coordinates":[[[-72.5315317814777,46.46859062897552],[-72.52486340330711,46.46394561273814],[-72.52290708535759,46.462462590542],[-72.51854967636038,46.458577361361996],[-72.51035633056806,46.45284581900262],[-72.51383302415391,46.450421193069396],[-72.51624610802084,46.44828707992987],[-72.52091627627402,46.44528539219164],[-72.53070010839856,46.4386147475992],[-72.53298531154164,46.43655517519599],[-72.53545937628635,46.435184461836656],[-72.54432856926081,46.42894129429175],[-72.53762121103111,46.42398053414619],[-72.53841689190803,46.423429353555065],[-72.5355341164116,46.421306187679406],[-72.53368714651079,46.42110058861522],[-72.53133990068305,46.41938189015691],[-72.52956308862753,46.421303148339746],[-72.51387297124518,46.431011818168315],[-72.51009606681937,46.433513908717345],[-72.50479080090906,46.43756755425255],[-72.4964939927059,46.44288620531585],[-72.48588585158625,46.44990779912486],[-72.47491451336899,46.442811569610434],[-72.46964245369038,46.43919841207476],[-72.46308355006465,46.443860924692316],[-72.45805977146759,46.447313718030856],[-72.46326887453021,46.45050865686937],[-72.45978232265394,46.45138378386329],[-72.44867588147403,46.449146806783745],[-72.44428323872906,46.45256304604028],[-72.46086982304631,46.46387910063478],[-72.46856056220135,46.46932358696293],[-72.4821052016003,46.4786309420286],[-72.47124517374147,46.48123552048803],[-72.45732872549863,46.49228520898824],[-72.45960082844844,46.49368311165997],[-72.47803826760942,46.50673026432539],[-72.48651616667813,46.50070803141773],[-72.50236557646086,46.489645682539795],[-72.51660220300354,46.479491907244324],[-72.51799725222573,46.47775739106614],[-72.5191543103213,46.476899573698745],[-72.52214525627333,46.47542253753435],[-72.52385922674316,46.47430449834296],[-72.5315317814777,46.46859062897552]]]},"properties":{"DAUID":"24370260","DGUID":"2021S051224370260","LANDAREA":29.3418,"PRUID":"24","CMA":"Trois-Rivieres"}},
{"type":"Feature","geometry":{"type":"Polygon","coordinates":[[[-72.53144956706446,46.40110450731181],[-72.52921398049527,46.40347391240272],[-72.52904659112195,46.40598052401504],[-72.52487712527008,46.408902009734604],[-72.52940753235973,46.411941271798476],[-72.52963071883646,46.41554636513815],[-72.5271567090086,46.41388295609438],[-72.52638465915003,46.41516989208937],[-72.52354055290775,46.41723299263826],[-72.52748191952826,46.419916552945175],[-72.53008877828937,46.41806580328556],[-72.53133990068305,46.41938189015691],[-72.53303553377896,46.41771928802943],[-72.53398372336382,46.41249327096795],[-72.53971353483693,46.408061339097074],[-72.53933359729584,46.40411882649314],[-72.53879356773197,46.40110876441021],[-72.53759299474733,46.398149132771984],[-72.53502120282675,46.39902326304923],[-72.53144956706446,46.40110450731181]]]},"properties":{"DAUID":"24370262","DGUID":"2021S051224370262","LANDAREA":1.4663,"PRUID":"24","CMA":"Trois-Rivieres"}},
{"type":"Feature","geometry":{"type":"Polygon","coordinates":[[[-72.54432856926081,46.42894129429175],[-72.55548051635299,46.421204550374824],[-72.56986197478813,46.411132440651336],[-72.57156424642372,46.40972468486996],[-72.57564028121932,46.4099430079892],[-72.57549645812047,46.409264708661475],[-72.57669600209314,46.40495147961696],[-72.57486269952489,46.40464609245403],[-72.56536254409679,46.39808420269277],[-72.56307134422252,46.40335324369769],[-72.55649863997523,46.39899690196502],[-72.55540393111139,46.39828341031323],[-72.54598680543553,46.40460495885191],[-72.54503101268513,46.403947290061645],[-72.54049714085603,46.4074551311484],[-72.53971353483693,46.408061339097074],[-72.53398372336382,46.41249327096795],[-72.53303553377896,46.41771928802943],[-72.53133990068305,46.41938189015691],[-72.53368714651079,46.42110058861522],[-72.5355341164116,46.421306187679406],[-72.53841689190803,46.423429353555065],[-72.53762121103111,46.42398053414619],[-72.54432856926081,46.42894129429175]]]},"properties":{"DAUID":"24370263","DGUID":"2021S051224370263","LANDAREA":5.9885,"PRUID":"24","CMA":"Trois-Rivieres"}},
{"type":"Feature","geometry":{"type":"Polygon","coordinates":[[[-72.56416052415572,46.44540886315123],[-72.57723412508234,46.43626999214821],[-72.58361357821362,46.43167471662219],[-72.59272627619558,46.42547592418472],[-72.59216145652005,46.42457074765496],[-72.58911444772569,46.42241778136343],[-72.58562326422964,46.41995995106549],[-72.5848028644132,46.420492161924656],[-72.5819740127728,46.41853205636324],[-72.5820159385157,46.41805389789873],[-72.57878635643075,46.415877913276866],[-72.57782816422728,46.41652131447371],[-72.56986197478813,46.411132440651336],[-72.55548051635299,46.421204550374824],[-72.54432856926081,46.42894129429175],[-72.55521999815367,46.43669575910021],[-72.55346513980497,46.437970907972954],[-72.56416052415572,46.44540886315123]]]},"properties":{"DAUID":"24370264","DGUID":"2021S051224370264","LANDAREA":7.0464,"PRUID":"24","CMA":"Trois-Rivieres"}},
{"type":"Feature","geometry":{"type":"Polygon","coordinates":[[[-72.56986197478813,46.411132440651336],[-72.57782816422728,46.41652131447371],[-72.57878635643075,46.415877913276866],[-72.5820159385157,46.41805389789873],[-72.5819740127728,46.41853205636324],[-72.5848028644132,46.420492161924656],[-72.58562326422964,46.41995995106549],[-72.58911444772569,46.42241778136343],[-72.59122778172733,46.42104636036379],[-72.57675684951151,46.41110794011586],[-72.57564028121932,46.4099430079892],[-72.57156424642372,46.40972468486996],[-72.56986197478813,46.411132440651336]]]},"properties":{"DAUID":"24370265","DGUID":"2021S051224370265","LANDAREA":0.5909,"PRUID":"24","CMA":"Trois-Rivieres"}},
{"type":"Feature","geometry":{"type":"Polygon","coordinates":[[[-72.57564028121932,46.4099430079892],[-72.57675684951151,46.41110794011586],[-72.59122778172733,46.42104636036379],[-72.59206643270706,46.42163493113258],[-72.59474627342463,46.41990093443194],[-72.59390241859182,46.41914630052849],[-72.59498742332994,46.41843680042315],[-72.59423763275602,46.417743001602354],[-72.59633000282165,46.416334778463536],[-72.59726825485991,46.416889093461826],[-72.59594498841567,46.4177842532167],[-72.59682089686483,46.41839406764225],[-72.60000846817545,46.41622196795104],[-72.60049270296402,46.41494120706043],[-72.60271995320075,46.415503070072496],[-72.60409397404064,46.416495002389084],[-72.6038202160876,46.41777154398841],[-72.6064772053818,46.41593577034261],[-72.611815774019,46.41224546347232],[-72.61260094678015,46.41100260984058],[-72.61279834271328,46.403362585837556],[-72.61434583652361,46.40252562305158],[-72.61443896064537,46.399136147043144],[-72.60816765992058,46.3991411987875],[-72.60261849861868,46.39849673755865],[-72.60081062669725,46.39744958036833],[-72.60078657971161,46.39562249159071],[-72.60013499694948,46.394269234747625],[-72.59799041120601,46.392716729686526],[-72.59077239439371,46.38796916906459],[-72.58903772588266,46.387613371110234],[-72.58451115768338,46.38870887157756],[-72.58104452890252,46.39020277787969],[-72.57951971303608,46.39283999835109],[-72.57888128477977,46.39599937425332],[-72.58053914001319,46.39669670021557],[-72.5807896940961,46.397303100087726],[-72.58344609521819,46.398682012822995],[-72.58765570749478,46.401762386390175],[-72.58509806256905,46.403573588490204],[-72.58396733866643,46.402690268847],[-72.58229830168608,46.403732380662674],[-72.57818199455306,46.4006946455613],[-72.57725641566299,46.40039194742431],[-72.57634334484082,46.40277189425583],[-72.57702308617215,46.404448748282746],[-72.57669600209314,46.40495147961696],[-72.57549645812047,46.409264708661475],[-72.57564028121932,46.4099430079892]]]},"properties":{"DAUID":"24370266","DGUID":"2021S051224370266","LANDAREA":6.7373,"PRUID":"24","CMA":"Trois-Rivieres"}},
{"type":"Feature","geometry":{"type":"Polygon","coordinates":[[[-72.58344609521819,46.398682012822995],[-72.58107995749083,46.398997974310035],[-72.57967718671249,46.39797709966223],[-72.57725641566299,46.40039194742431],[-72.57818199455306,46.4006946455613],[-72.58229830168608,46.403732380662674],[-72.58396733866643,46.402690268847],[-72.58509806256905,46.403573588490204],[-72.58765570749478,46.401762386390175],[-72.58344609521819,46.398682012822995]]]},"properties":{"DAUID":"24370267","DGUID":"2021S051224370267","LANDAREA":0.2622,"PRUID":"24","CMA":"Trois-Rivieres"}},
{"type":"Feature","geometry":{"type":"Polygon","coordinates":[[[-72.56536254409679,46.39808420269277],[-72.57486269952489,46.40464609245403],[-72.57669600209314,46.40495147961696],[-72.57702308617215,46.404448748282746],[-72.57634334484082,46.40277189425583],[-72.57725641566299,46.40039194742431],[-72.57967718671249,46.39797709966223],[-72.58107995749083,46.398997974310035],[-72.58344609521819,46.398682012822995],[-72.5807896940961,46.397303100087726],[-72.58053914001319,46.39669670021557],[-72.57888128477977,46.39599937425332],[-72.57951971303608,46.39283999835109],[-72.58104452890252,46.39020277787969],[-72.57721789924169,46.38748243973475],[-72.57573044925513,46.3884711761559],[-72.57576873740231,46.38980275106543],[-72.57390755664362,46.38898148977804],[-72.57255903276568,46.38988594958996],[-72.57030973711532,46.38829934189749],[-72.57125483213707,46.38550459077251],[-72.57205790809302,46.38489183475943],[-72.57291904589479,46.38440378544671],[-72.57106752384908,46.383086251574944],[-72.57065916167556,46.3849729031123],[-72.56536254409679,46.39808420269277]]]},"properties":{"DAUID":"24370268","DGUID":"2021S051224370268","LANDAREA":1.4669,"PRUID":"24","CMA":"Trois-Rivieres"}},
{"type":"Feature","geometry":{"type":"Polygon","coordinates":[[[-72.57721789924169,46.38748243973475],[-72.57584322040792,46.38649689909648],[-72.57418539646288,46.386382194548574],[-72.57205790809302,46.38489183475943],[-72.57125483213707,46.38550459077251],[-72.57030973711532,46.38829934189749],[-72.57255903276568,46.38988594958996],[-72.57390755664362,46.38898148977804],[-72.57576873740231,46.38980275106543],[-72.57573044925513,46.3884711761559],[-72.57721789924169,46.38748243973475]]]},"properties":{"DAUID":"24370269","DGUID":"2021S051224370269","LANDAREA":0.1751,"PRUID":"24","CMA":"Trois-Rivieres"}},
{"type":"Feature","geometry":{"type":"Polygon","coordinates":[[[-72.57340342038785,46.37687467606888],[-72.5717146500498,46.38132910768682],[-72.57106752384908,46.383086251574944],[-72.57291904589479,46.38440378544671],[-72.57205790809302,46.38489183475943],[-72.57418539646288,46.386382194548574],[-72.57584322040792,46.38649689909648],[-72.57721789924169,46.38748243973475],[-72.58104452890252,46.39020277787969],[-72.58451115768338,46.38870887157756],[-72.58903772588266,46.387613371110234],[-72.59077239439371,46.38796916906459],[-72.59799041120601,46.392716729686526],[-72.60013499694948,46.394269234747625],[-72.60078657971161,46.39562249159071],[-72.60081062669725,46.39744958036833],[-72.60261849861868,46.39849673755865],[-72.60816765992058,46.3991411987875],[-72.61443896064537,46.399136147043144],[-72.61624264059766,46.38939562352232],[-72.61127706854231,46.38555657623025],[-72.61030705624816,46.383118104717155],[-72.6068589418422,46.376362090227964],[-72.60590975201569,46.375563246911305],[-72.60417784699588,46.375373706055264],[-72.59746838619992,46.375513420238335],[-72.59407764914461,46.375248469909266],[-72.58914078287073,46.374153772908976],[-72.5846032771959,46.37274168821957],[-72.5815106689853,46.37159078768723],[-72.57739705212536,46.36941713430526],[-72.57547804385254,46.368853413264404],[-72.57308763935215,46.36853927841499],[-72.57198588565736,46.37159190087158],[-72.57377248749711,46.374323394479624],[-72.57388088305629,46.37560200079997],[-72.57340342038785,46.37687467606888]]]},"properties":{"DAUID":"24370270","DGUID":"2021S051224370270","LANDAREA":5.8148,"PRUID":"24","CMA":"Trois-Rivieres"}},
{"type":"Feature","geometry":{"type":"Polygon","coordinates":[[[-72.61624264059766,46.38939562352232],[-72.61443896064537,46.399136147043144],[-72.61434583652361,46.40252562305158],[-72.61279834271328,46.403362585837556],[-72.61260094678015,46.41100260984058],[-72.611815774019,46.41224546347232],[-72.6064772053818,46.41593577034261],[-72.6070762441752,46.417209844594375],[-72.6028178187303,46.42035005218128],[-72.60546159909633,46.42226742829373],[-72.6015572747392,46.42485998415124],[-72.59736221328588,46.42228885333091],[-72.5966571958884,46.422782446282696],[-72.59519408251099,46.423816448617146],[-72.60455084818713,46.430421696832866],[-72.60645918876114,46.432928978818815],[-72.60755724927333,46.43398368935643],[-72.62357545511914,46.44506328937572],[-72.62491893813683,46.44608632311109],[-72.62713813698635,46.44837321362395],[-72.62823898714764,46.447380861924664],[-72.64265102730704,46.43721189635254],[-72.66088098504385,46.424283582167384],[-72.67620470098737,46.41377563257903],[-72.6790997650454,46.411224341487696],[-72.67205880732787,46.40725921217028],[-72.66431382555592,46.40523093506598],[-72.66016497730473,46.40378616017084],[-72.65776943037082,46.402164898929634],[-72.65156477669709,46.39702963138277],[-72.64709679524859,46.39380692164388],[-72.64521262943258,46.39290253291769],[-72.64090810731277,46.392525728611986],[-72.63606195973998,46.393718998489305],[-72.63086071051833,46.39587445986509],[-72.62854899438192,46.396584985089724],[-72.62473629974042,46.3973164952218],[-72.619476078167,46.391409940305806],[-72.61624264059766,46.38939562352232]]]},"properties":{"DAUID":"24370271","DGUID":"2021S051224370271","LANDAREA":20.1008,"PRUID":"24","CMA":"Trois-Rivieres"}},
{"type":"Feature","geometry":{"type":"Polygon","coordinates":[[[-72.59682089686483,46.41839406764225],[-72.59764344881742,46.418978109707666],[-72.59446990236938,46.42117680522306],[-72.5966571958884,46.422782446282696],[-72.59736221328588,46.42228885333091],[-72.6015572747392,46.42485998415124],[-72.60546159909633,46.42226742829373],[-72.6028178187303,46.42035005218128],[-72.6070762441752,46.417209844594375],[-72.6064772053818,46.41593577034261],[-72.6038202160876,46.41777154398841],[-72.60409397404064,46.416495002389084],[-72.60271995320075,46.415503070072496],[-72.60049270296402,46.41494120706043],[-72.60000846817545,46.41622196795104],[-72.59682089686483,46.41839406764225]]]},"properties":{"DAUID":"24370272","DGUID":"2021S051224370272","LANDAREA":0.5257,"PRUID":"24","CMA":"Trois-Rivieres"}},
{"type":"Feature","geometry":{"type":"Polygon","coordinates":[[[-72.5969995917978,46.46905878227747],[-72.60706297461817,46.461944517112215],[-72.6254125273516,46.44932551060719],[-72.62713813698635,46.44837321362395],[-72.62491893813683,46.44608632311109],[-72.62357545511914,46.44506328937572],[-72.60755724927333,46.43398368935643],[-72.60645918876114,46.432928978818815],[-72.60455084818713,46.430421696832866],[-72.59519408251099,46.423816448617146],[-72.5966571958884,46.422782446282696],[-72.59446990236938,46.42117680522306],[-72.59764344881742,46.418978109707666],[-72.59682089686483,46.41839406764225],[-72.59594498841567,46.4177842532167],[-72.59726825485991,46.416889093461826],[-72.59633000282165,46.416334778463536],[-72.59423763275602,46.417743001602354],[-72.59498742332994,46.41843680042315],[-72.59390241859182,46.41914630052849],[-72.59474627342463,46.41990093443194],[-72.59206643270706,46.42163493113258],[-72.59122778172733,46.42104636036379],[-72.58911444772569,46.42241778136343],[-72.59216145652005,46.42457074765496],[-72.59272627619558,46.42547592418472],[-72.58361357821362,46.43167471662219],[-72.57723412508234,46.43626999214821],[-72.56416052415572,46.44540886315123],[-72.57456510004334,46.45291131657728],[-72.57386581090898,46.45350357378057],[-72.58457418091675,46.46104919108066],[-72.58552792215824,46.46100727417003],[-72.5969995917978,46.46905878227747]]]},"properties":{"DAUID":"24370273","DGUID":"2021S051224370273","LANDAREA":12.3459,"PRUID":"24","CMA":"Trois-Rivieres"}},
{"type":"Feature","geometry":{"type":"Polygon","coordinates":[[[-72.48552560797543,46.386712944039765],[-72.49008886817845,46.39005564017387],[-72.49326089152723,46.392180593218896],[-72.48972058276746,46.39650799473157],[-72.48782700185038,46.39839001716635],[-72.48721782322838,46.40031973762927],[-72.4864687332632,46.40080413538009],[-72.48851891954746,46.40229674984289],[-72.49092181033852,46.40224815851636],[-72.492434132403,46.40342069402008],[-72.49609946220396,46.40165509761847],[-72.50183426062783,46.39824041659862],[-72.50654003835197,46.39647807898391],[-72.50999753017825,46.39252899765356],[-72.50177448064468,46.38683973484807],[-72.49510674324794,46.38211435613967],[-72.49537779050358,46.38345868723586],[-72.49331165617386,46.38434222832679],[-72.49182933165649,46.38435740830627],[-72.48986521566445,46.38296990463827],[-72.48842865478076,46.38396531679657],[-72.4874049949422,46.38544663135842],[-72.48552560797543,46.386712944039765]]]},"properties":{"DAUID":"24370283","DGUID":"2021S051224370283","LANDAREA":2.336,"PRUID":"24","CMA":"Trois-Rivieres"}},
{"type":"Feature","geometry":{"type":"Polygon","coordinates":[[[-72.48552560797543,46.386712944039765],[-72.48157923325553,46.383978711468906],[-72.47267844221844,46.38926594924129],[-72.46646676300108,46.39326088984608],[-72.46444073146418,46.39423381609834],[-72.45969915275202,46.39516812602858],[-72.45663733282372,46.39514461664635],[-72.44895470281995,46.39630111936059],[-72.44956027653382,46.39704365663689],[-72.4602768830626,46.40454071880765],[-72.46890892265439,46.41080466006311],[-72.47696047446911,46.40873535572393],[-72.48415327652815,46.407242788804815],[-72.48678539365616,46.40619376209782],[-72.492434132403,46.40342069402008],[-72.49092181033852,46.40224815851636],[-72.48851891954746,46.40229674984289],[-72.4864687332632,46.40080413538009],[-72.48721782322838,46.40031973762927],[-72.48782700185038,46.39839001716635],[-72.48972058276746,46.39650799473157],[-72.49326089152723,46.392180593218896],[-72.49008886817845,46.39005564017387],[-72.48552560797543,46.386712944039765]]]},"properties":{"DAUID":"24370284","DGUID":"2021S051224370284","LANDAREA":5.2456,"PRUID":"24","CMA":"Trois-Rivieres"}},
{"type":"Feature","geometry":{"type":"Polygon","coordinates":[[[-72.48986521566445,46.38296990463827],[-72.49168019765114,46.38172293952169],[-72.48967806165304,46.3803543058749],[-72.48856894246813,46.3811173300627],[-72.4873626737558,46.380484115617264],[-72.48157923325553,46.383978711468906],[-72.48552560797543,46.386712944039765],[-72.4874049949422,46.38544663135842],[-72.48842865478076,46.38396531679657],[-72.48986521566445,46.38296990463827]]]},"properties":{"DAUID":"24370285","DGUID":"2021S051224370285","LANDAREA":0.2519,"PRUID":"24","CMA":"Trois-Rivieres"}},
{"type":"Feature","geometry":{"type":"Polygon","coordinates":[[[-72.49510674324794,46.38211435613967],[-72.48970448134628,46.37841268089311],[-72.4873626737558,46.380484115617264],[-72.48856894246813,46.3811173300627],[-72.48967806165304,46.3803543058749],[-72.49168019765114,46.38172293952169],[-72.48986521566445,46.38296990463827],[-72.49182933165649,46.38435740830627],[-72.49331165617386,46.38434222832679],[-72.49537779050358,46.38345868723586],[-72.49510674324794,46.38211435613967]]]},"properties":{"DAUID":"24370286","DGUID":"2021S051224370286","LANDAREA":0.17,"PRUID":"24","CMA":"Trois-Rivieres"}},
{"type":"Feature","geometry":{"type":"Polygon","coordinates":[[[-72.49504257525285,46.373687539027294],[-72.49298765845546,46.37598661509357],[-72.48970448134628,46.37841268089311],[-72.49510674324794,46.38211435613967],[-72.49847106360377,46.379788221406045],[-72.49516373952909,46.37721560434211],[-72.49457914472988,46.37563819697301],[-72.4965762620075,46.37470160439049],[-72.49504257525285,46.373687539027294]]]},"properties":{"DAUID":"24370287","DGUID":"2021S051224370287","LANDAREA":0.2633,"PRUID":"24","CMA":"Trois-Rivieres"}},
{"type":"Feature","geometry":{"type":"Polygon","coordinates":[[[-72.49897891532706,46.37645867030374],[-72.4965762620075,46.37470160439049],[-72.49457914472988,46.37563819697301],[-72.49516373952909,46.37721560434211],[-72.49847106360377,46.379788221406045],[-72.49510674324794,46.38211435613967],[-72.50177448064468,46.38683973484807],[-72.50999753017825,46.39252899765356],[-72.51433212614211,46.387468904227845],[-72.49897891532706,46.37645867030374]]]},"properties":{"DAUID":"24370288","DGUID":"2021S051224370288","LANDAREA":1.1283,"PRUID":"24","CMA":"Trois-Rivieres"}},
{"type":"Feature","geometry":{"type":"Polygon","coordinates":[[[-72.49112086936225,46.374988175402656],[-72.48825810446078,46.378340304372585],[-72.48648750960591,46.37989011003788],[-72.48308598588888,46.38174929471045],[-72.47907948741121,46.38466459139639],[-72.47659598954192,46.38607288826717],[-72.4720522832729,46.38779560449998],[-72.46836498735213,46.390272602222474],[-72.46535669222024,46.39190090912539],[-72.46209759255328,46.39303200817133],[-72.45853650562823,46.393620490658954],[-72.44881580329186,46.396032694500136],[-72.44499068795896,46.39680719337422],[-72.44071060335743,46.39824319468399],[-72.43663728540412,46.400400607147226],[-72.4346248082699,46.400903700330076],[-72.43088439633206,46.40330698836425],[-72.42972579679393,46.40336809269276],[-72.4263848107935,46.40528020881813],[-72.42302630850935,46.40676182222806],[-72.42548768770365,46.408502346286525],[-72.42770758313712,46.407552680306665],[-72.42578591601162,46.40616141390787],[-72.42845676791708,46.40479785550228],[-72.43066426609028,46.406346581311844],[-72.436028357562,46.40331471631067],[-72.44020170441102,46.39982490972402],[-72.4434955351547,46.397974786927314],[-72.44645059905847,46.39681780354021],[-72.44895470281995,46.39630111936059],[-72.45663733282372,46.39514461664635],[-72.45969915275202,46.39516812602858],[-72.46444073146418,46.39423381609834],[-72.46646676300108,46.39326088984608],[-72.47267844221844,46.38926594924129],[-72.48157923325553,46.383978711468906],[-72.4873626737558,46.380484115617264],[-72.48970448134628,46.37841268089311],[-72.49298765845546,46.37598661509357],[-72.49112086936225,46.374988175402656]]]},"properties":{"DAUID":"24370289","DGUID":"2021S051224370289","LANDAREA":0.8498,"PRUID":"24","CMA":"Trois-Rivieres"}},
{"type":"Feature","geometry":{"type":"Polygon","coordinates":[[[-72.44895470281995,46.39630111936059],[-72.44645059905847,46.39681780354021],[-72.4434955351547,46.397974786927314],[-72.44020170441102,46.39982490972402],[-72.436028357562,46.40331471631067],[-72.43066426609028,46.406346581311844],[-72.42845676791708,46.40479785550228],[-72.42578591601162,46.40616141390787],[-72.42770758313712,46.407552680306665],[-72.42548768770365,46.408502346286525],[-72.44196441774261,46.41961500328802],[-72.44457992209844,46.42181106445462],[-72.44857274995536,46.42002206715962],[-72.45034719281277,46.4206762619479],[-72.45726079314524,46.417030978658616],[-72.45879899303978,46.4153855548604],[-72.46432110369008,46.41235568450021],[-72.46890892265439,46.41080466006311],[-72.4602768830626,46.40454071880765],[-72.44956027653382,46.39704365663689],[-72.44895470281995,46.39630111936059]]]},"properties":{"DAUID":"24370290","DGUID":"2021S051224370290","LANDAREA":4.9129,"PRUID":"24","CMA":"Trois-Rivieres"}},
{"type":"Feature","geometry":{"type":"Polygon","coordinates":[[[-72.46964245369038,46.43919841207476],[-72.4567082476545,46.42998389667528],[-72.44805940521891,46.423902241265054],[-72.44457992209844,46.42181106445462],[-72.44196441774261,46.41961500328802],[-72.42548768770365,46.408502346286525],[-72.4214583990869,46.41041094933883],[-72.41782079476559,46.41243719960102],[-72.41619157436276,46.412725516974625],[-72.40567367023014,46.41337534279824],[-72.40372535719385,46.41360068215676],[-72.39793499382078,46.41504685386653],[-72.39406734194037,46.41659931594604],[-72.38921423432677,46.41884588840826],[-72.3827120156596,46.42151318848383],[-72.37158295281463,46.427453075338015],[-72.36583610002506,46.431153677331054],[-72.36222894800234,46.43289238679567],[-72.35557149590863,46.436357588847144],[-72.35220532374039,46.43763543643253],[-72.3505036613946,46.43859956961834],[-72.34531833076608,46.441164896069154],[-72.36129013307276,46.452557493513],[-72.36422147554204,46.455299091589815],[-72.35840480438175,46.45693606700343],[-72.35633789752225,46.45793230647646],[-72.35280017999024,46.45918246479165],[-72.35086115223312,46.46022646008707],[-72.34634152565229,46.463181675245075],[-72.33855714671301,46.46593636383589],[-72.33284724523305,46.46251121450822],[-72.33277687092674,46.46625766171672],[-72.33168585804995,46.467926098617184],[-72.31332644314244,46.475222625635546],[-72.31989665429603,46.480068211969325],[-72.32447667682975,46.47868758088995],[-72.33602750643858,46.47543415169762],[-72.3407675166143,46.47840209462805],[-72.35125454038487,46.48634867112397],[-72.36189977169713,46.4932925149364],[-72.36280119733186,46.492619517250326],[-72.35758607945172,46.489276687684495],[-72.36032109052731,46.48671430011338],[-72.36509890021095,46.48194569055036],[-72.36417506736582,46.481163242417956],[-72.37455596249333,46.48089753450117],[-72.36311694832779,46.47252713407695],[-72.37903779714482,46.47077112950576],[-72.38549570136813,46.46995581049755],[-72.39399157598078,46.46632572885387],[-72.39602403828144,46.46781051577553],[-72.40104059045754,46.46555187005566],[-72.4003598957354,46.464917516301405],[-72.40866405018544,46.46021503225093],[-72.41127875760694,46.461904321383116],[-72.41502996834919,46.45858334484617],[-72.41736240813725,46.45600438140953],[-72.41837596730238,46.45538056582054],[-72.40823714412518,46.44839912005719],[-72.41111939902811,46.44605746086187],[-72.41389257378881,46.44780810173001],[-72.41753521989224,46.44527438594857],[-72.42228418480437,46.44870851474612],[-72.43528416792795,46.44635297689166],[-72.44428323872906,46.45256304604028],[-72.44867588147403,46.449146806783745],[-72.45978232265394,46.45138378386329],[-72.46326887453021,46.45050865686937],[-72.45805977146759,46.447313718030856],[-72.46308355006465,46.443860924692316],[-72.46964245369038,46.43919841207476]]]},"properties":{"DAUID":"24370291","DGUID":"2021S051224370291","LANDAREA":42.0257,"PRUID":"24","CMA":"Trois-Rivieres"}},
{"type":"Feature","geometry":{"type":"MultiPolygon","coordinates":[[[[-72.42302630850935,46.40676182222806],[-72.4151636081246,46.40971779143766],[-72.4077346085333,46.41177939086282],[-72.40273660506371,46.41257730211476],[-72.39844191387003,46.412679895146184],[-72.39279940766241,46.41318319518937],[-72.38821700334098,46.414002502664246],[-72.38345539675257,46.41530570123762],[-72.3811746046609,46.41679491336181],[-72.38213930883147,46.41732619609292],[-72.3790167139295,46.4186181086775],[-72.37828198551067,46.419555703401876],[-72.37508589654988,46.421881489984926],[-72.37511880737188,46.42280860829701],[-72.37367341783192,46.4235051010416],[-72.37254169590149,46.4247534912218],[-72.36877418287672,46.42763129954159],[-72.36576469939614,46.43032760363605],[-72.36273311698285,46.43219589600647],[-72.3617551135201,46.432294193809035],[-72.35732930384428,46.43485911053323],[-72.3525404109751,46.43671859088442],[-72.3498354985169,46.438013826229366],[-72.3505036613946,46.43859956961834],[-72.35220532374039,46.43763543643253],[-72.35557149590863,46.436357588847144],[-72.36222894800234,46.43289238679567],[-72.36583610002506,46.431153677331054],[-72.37158295281463,46.427453075338015],[-72.3827120156596,46.42151318848383],[-72.38921423432677,46.41884588840826],[-72.39406734194037,46.41659931594604],[-72.39793499382078,46.41504685386653],[-72.40372535719385,46.41360068215676],[-72.40567367023014,46.41337534279824],[-72.41619157436276,46.412725516974625],[-72.41782079476559,46.41243719960102],[-72.4214583990869,46.41041094933883],[-72.42548768770365,46.408502346286525],[-72.42302630850935,46.40676182222806]]],[[[-72.39873131620328,46.41123420245464],[-72.4034796095159,46.411198908735685],[-72.40757731718378,46.410536301646125],[-72.41261771343127,46.408892910886316],[-72.41451181219558,46.40783119346817],[-72.40815171827042,46.40847240085787],[-72.40133958839353,46.410242588632926],[-72.39873131620328,46.41123420245464]]]]},"properties":{"DAUID":"24370292","DGUID":"2021S051224370292","LANDAREA":1.7517,"PRUID":"24","CMA":"Trois-Rivieres"}},
{"type":"Feature","geometry":{"type":"Polygon","coordinates":[[[-72.3505036613946,46.43859956961834],[-72.3498354985169,46.438013826229366],[-72.34684069214573,46.439180396328624],[-72.34124269959482,46.440500298363084],[-72.33979699363063,46.440548691208264],[-72.33681312148722,46.44132809411408],[-72.33523981360432,46.44125809231006],[-72.3292241128106,46.44200630261268],[-72.31641918074878,46.44253130055879],[-72.31283969891567,46.442548196647074],[-72.30417440072901,46.443024794916276],[-72.29393760572235,46.443924907260836],[-72.29024099549036,46.444524703550854],[-72.28641429055195,46.44570779163434],[-72.28593530936443,46.446179494109096],[-72.28285868502809,46.44698350823462],[-72.27565361396033,46.44804023192543],[-72.28659773353607,46.45613605260999],[-72.28730602692148,46.45649591832334],[-72.29930939296632,46.46509823256273],[-72.31184759445193,46.474141284977414],[-72.31332644314244,46.475222625635546],[-72.33168585804995,46.467926098617184],[-72.33277687092674,46.46625766171672],[-72.33284724523305,46.46251121450822],[-72.33855714671301,46.46593636383589],[-72.34634152565229,46.463181675245075],[-72.35086115223312,46.46022646008707],[-72.35280017999024,46.45918246479165],[-72.35633789752225,46.45793230647646],[-72.35840480438175,46.45693606700343],[-72.36422147554204,46.455299091589815],[-72.36129013307276,46.452557493513],[-72.34531833076608,46.441164896069154],[-72.3505036613946,46.43859956961834]]]},"properties":{"DAUID":"24370293","DGUID":"2021S051224370293","LANDAREA":14.3958,"PRUID":"24","CMA":"Trois-Rivieres"}},
{"type":"Feature","geometry":{"type":"Polygon","coordinates":[[[-72.4831743080794,46.53562545290851],[-72.49237937828022,46.52861681397683],[-72.49363941617226,46.52739125135092],[-72.49421399162362,46.52613681382056],[-72.49892269034932,46.52262087766913],[-72.49919853131111,46.52167169371209],[-72.47803826760942,46.50673026432539],[-72.45960082844844,46.49368311165997],[-72.45732872549863,46.49228520898824],[-72.47124517374147,46.48123552048803],[-72.4821052016003,46.4786309420286],[-72.46856056220135,46.46932358696293],[-72.46086982304631,46.46387910063478],[-72.44428323872906,46.45256304604028],[-72.43528416792795,46.44635297689166],[-72.42228418480437,46.44870851474612],[-72.41753521989224,46.44527438594857],[-72.41389257378881,46.44780810173001],[-72.41111939902811,46.44605746086187],[-72.40823714412518,46.44839912005719],[-72.41837596730238,46.45538056582054],[-72.41736240813725,46.45600438140953],[-72.41502996834919,46.45858334484617],[-72.41127875760694,46.461904321383116],[-72.40866405018544,46.46021503225093],[-72.4003598957354,46.464917516301405],[-72.40104059045754,46.46555187005566],[-72.39602403828144,46.46781051577553],[-72.39399157598078,46.46632572885387],[-72.38549570136813,46.46995581049755],[-72.37903779714482,46.47077112950576],[-72.36311694832779,46.47252713407695],[-72.37455596249333,46.48089753450117],[-72.36417506736582,46.481163242417956],[-72.36509890021095,46.48194569055036],[-72.36032109052731,46.48671430011338],[-72.35758607945172,46.489276687684495],[-72.36280119733186,46.492619517250326],[-72.36189977169713,46.4932925149364],[-72.37197722760963,46.50022626183693],[-72.38426228042009,46.508987232103],[-72.38904779087633,46.51235517511991],[-72.39216755327776,46.51025220922931],[-72.40938864323181,46.52138714522363],[-72.42107691902696,46.513282646716625],[-72.44106029607237,46.526136437737975],[-72.4534995346573,46.51663267294319],[-72.46714184672255,46.52529716134152],[-72.4831743080794,46.53562545290851]]]},"properties":{"DAUID":"24370298","DGUID":"2021S051224370298","LANDAREA":53.7842,"PRUID":"24","CMA":"Trois-Rivieres"}},
{"type":"Feature","geometry":{"type":"Polygon","coordinates":[[[-72.63652845229596,46.309242760244636],[-72.65622959808502,46.32352285080351],[-72.66871210819795,46.31483844304233],[-72.66671426486582,46.31345273062303],[-72.66746693041003,46.314545984691144],[-72.66186766667244,46.31847049002267],[-72.65054813678105,46.310584013978264],[-72.64905090578273,46.31052067145495],[-72.64544018434515,46.31290242432781],[-72.64469390501608,46.31226295293056],[-72.64575059957879,46.311562584292766],[-72.6421687615504,46.30901884765617],[-72.63945038919293,46.30790400275024],[-72.63652845229596,46.309242760244636]]]},"properties":{"DAUID":"24370302","DGUID":"2021S051224370302","LANDAREA":1.2518,"PRUID":"24","CMA":"Trois-Rivieres"}},
{"type":"Feature","geometry":{"type":"Polygon","coordinates":[[[-72.65054813678105,46.310584013978264],[-72.646414972776,46.30766643013392],[-72.64515452721565,46.30766041027659],[-72.64389131842943,46.30602489546448],[-72.63945038919293,46.30790400275024],[-72.6421687615504,46.30901884765617],[-72.64575059957879,46.311562584292766],[-72.64469390501608,46.31226295293056],[-72.64544018434515,46.31290242432781],[-72.64905090578273,46.31052067145495],[-72.65054813678105,46.310584013978264]]]},"properties":{"DAUID":"24370303","DGUID":"2021S051224370303","LANDAREA":0.2496,"PRUID":"24","CMA":"Trois-Rivieres"}},
{"type":"Feature","geometry":{"type":"Polygon","coordinates":[[[-72.66671426486582,46.31345273062303],[-72.66668980908527,46.31341071783463],[-72.6646598217932,46.311930344453025],[-72.6638125643481,46.31057314392537],[-72.66341403141632,46.3083139005909],[-72.664970558271,46.307223220441415],[-72.66057329881605,46.30397037060335],[-72.6603182346191,46.30328321391816],[-72.65867881057834,46.303924111510106],[-72.652494238425,46.30451453577654],[-72.64974642820528,46.302806439788284],[-72.64690347744957,46.30071639191493],[-72.64487615149673,46.30202750409299],[-72.6489255774176,46.30485168865046],[-72.6464588456458,46.305144529108155],[-72.64389131842943,46.30602489546448],[-72.64515452721565,46.30766041027659],[-72.646414972776,46.30766643013392],[-72.65054813678105,46.310584013978264],[-72.66186766667244,46.31847049002267],[-72.66746693041003,46.314545984691144],[-72.66671426486582,46.31345273062303]]]},"properties":{"DAUID":"24370304","DGUID":"2021S051224370304","LANDAREA":1.6156,"PRUID":"24","CMA":"Trois-Rivieres"}},
{"type":"Feature","geometry":{"type":"Polygon","coordinates":[[[-72.63138111043051,46.30576741581304],[-72.63652845229596,46.309242760244636],[-72.63945038919293,46.30790400275024],[-72.64389131842943,46.30602489546448],[-72.6464588456458,46.305144529108155],[-72.6489255774176,46.30485168865046],[-72.64487615149673,46.30202750409299],[-72.64690347744957,46.30071639191493],[-72.64974642820528,46.302806439788284],[-72.652494238425,46.30451453577654],[-72.65867881057834,46.303924111510106],[-72.6603182346191,46.30328321391816],[-72.66173622010749,46.299936123748886],[-72.66231373018441,46.299274079890665],[-72.66610887917962,46.29697735134037],[-72.667247661565,46.29585164150436],[-72.66907003583103,46.293332044737674],[-72.66225675379975,46.29318031368289],[-72.66043655496408,46.29235961089266],[-72.65963719192656,46.292738846834496],[-72.65729905475149,46.291165211978644],[-72.65814129716765,46.29086598729835],[-72.65273454244164,46.28738491981679],[-72.6524315371938,46.28703096094969],[-72.65015623181475,46.28731731056343],[-72.64630420620342,46.28692150861132],[-72.64420504906316,46.28714611854821],[-72.63987861281767,46.28866152911312],[-72.63605774776133,46.28961821242354],[-72.63321237892985,46.29004361459803],[-72.62865032940205,46.29140022893839],[-72.62469808838703,46.292366022594116],[-72.61901906592904,46.29534651692303],[-72.62593008632213,46.30039355355339],[-72.62504518193494,46.30127244573268],[-72.63138111043051,46.30576741581304]]]},"properties":{"DAUID":"24370305","DGUID":"2021S051224370305","LANDAREA":5.301,"PRUID":"24","CMA":"Trois-Rivieres"}},
{"type":"Feature","geometry":{"type":"Polygon","coordinates":[[[-72.66907003583103,46.293332044737674],[-72.66976812218697,46.29248698212528],[-72.67281225227109,46.29440353455114],[-72.67396447438789,46.294069719414196],[-72.67134216933097,46.2922780974445],[-72.67033919348131,46.291960087658715],[-72.67293486029206,46.290106077743424],[-72.67107484062919,46.28952956284391],[-72.66892887227282,46.288167640719124],[-72.6635683201897,46.288073931776715],[-72.65832052883142,46.28465478061042],[-72.65416542698428,46.286486474898425],[-72.6524315371938,46.28703096094969],[-72.65273454244164,46.28738491981679],[-72.65814129716765,46.29086598729835],[-72.65729905475149,46.291165211978644],[-72.65963719192656,46.292738846834496],[-72.66043655496408,46.29235961089266],[-72.66225675379975,46.29318031368289],[-72.66907003583103,46.293332044737674]]]},"properties":{"DAUID":"24370306","DGUID":"2021S051224370306","LANDAREA":0.8049,"PRUID":"24","CMA":"Trois-Rivieres"}},
{"type":"Feature","geometry":{"type":"Polygon","coordinates":[[[-72.67293486029206,46.290106077743424],[-72.67469867465522,46.28901927305798],[-72.67757124234015,46.288031790482286],[-72.68209912974616,46.28716635157032],[-72.68322313463487,46.2880845595174],[-72.68685922910753,46.28988739173925],[-72.69075859578543,46.286480512806804],[-72.68224973232584,46.28553079868211],[-72.67877120444636,46.28504299071906],[-72.67696348764022,46.284383402181554],[-72.67445438543888,46.282745011868464],[-72.67069129693574,46.27973601360827],[-72.66908651007013,46.279143250170854],[-72.66587858501882,46.27900913865693],[-72.66439758302903,46.2795322673051],[-72.66198177070439,46.28121288539571],[-72.65832052883142,46.28465478061042],[-72.6635683201897,46.288073931776715],[-72.66892887227282,46.288167640719124],[-72.67107484062919,46.28952956284391],[-72.67293486029206,46.290106077743424]]]},"properties":{"DAUID":"24370307","DGUID":"2021S051224370307","LANDAREA":1.4138,"PRUID":"24","CMA":"Trois-Rivieres"}},
{"type":"Feature","geometry":{"type":"MultiPolygon","coordinates":[[[[-72.61901906592904,46.29534651692303],[-72.62469808838703,46.292366022594116],[-72.62865032940205,46.29140022893839],[-72.63321237892985,46.29004361459803],[-72.63605774776133,46.28961821242354],[-72.63987861281767,46.28866152911312],[-72.64420504906316,46.28714611854821],[-72.64630420620342,46.28692150861132],[-72.65015623181475,46.28731731056343],[-72.6524315371938,46.28703096094969],[-72.65416542698428,46.286486474898425],[-72.65832052883142,46.28465478061042],[-72.66198177070439,46.28121288539571],[-72.66439758302903,46.2795322673051],[-72.66587858501882,46.27900913865693],[-72.66908651007013,46.279143250170854],[-72.67069129693574,46.27973601360827],[-72.67445438543888,46.282745011868464],[-72.67696348764022,46.284383402181554],[-72.67877120444636,46.28504299071906],[-72.68224973232584,46.28553079868211],[-72.69075859578543,46.286480512806804],[-72.69402276943181,46.2866560354989],[-72.70017351576766,46.2886589105753],[-72.70632356282916,46.291127773268485],[-72.71631202140209,46.294087769883596],[-72.71744032218285,46.293835113526754],[-72.72046718246153,46.293004341158074],[-72.72299841018024,46.29361229784687],[-72.72628266176928,46.293032647081034],[-72.74261716320841,46.289074182117545],[-72.73968484633384,46.28698584109767],[-72.738747963126,46.2863185595038],[-72.73834039614135,46.2860282556799],[-72.73767599349004,46.28711860448361],[-72.73810729879813,46.28783218978661],[-72.73635260685599,46.288954205079804],[-72.73264419298489,46.29057580234631],[-72.72946628000555,46.29135520591712],[-72.72487001497174,46.29148610561591],[-72.71891740468618,46.29205740003379],[-72.71716618648541,46.2919914089641],[-72.7130340200257,46.291423194658115],[-72.70915390685035,46.291378413023835],[-72.70469819584103,46.289853987414],[-72.70404419759063,46.28930960983938],[-72.70230781318995,46.28912661135749],[-72.69727100594369,46.28742680462154],[-72.69360589307243,46.28602450969754],[-72.69168560493557,46.28599290992652],[-72.68821110444948,46.28487958834052],[-72.68654049571953,46.2846427980353],[-72.68543339311732,46.284032091158664],[-72.68266618712134,46.283373592455334],[-72.68030621386956,46.28237598981952],[-72.67309309154273,46.27878810851527],[-72.67037010689825,46.277796699520636],[-72.66858090163478,46.27770270965036],[-72.66603299294911,46.2771532920051],[-72.6638504002433,46.27818109126807],[-72.6622335956714,46.27954579552428],[-72.66040469416627,46.28035111112528],[-72.65759501375253,46.2807893051009],[-72.65171489302902,46.28089878596405],[-72.64611609155516,46.28211670834027],[-72.64473548957572,46.283276110300434],[-72.64441921137643,46.28442529169975],[-72.64254639276321,46.28551799988275],[-72.64113938049388,46.28586730280583],[-72.63890807782374,46.28747000556723],[-72.63690261587494,46.28790479601539],[-72.63446078826233,46.28884899982861],[-72.63184031140958,46.288775203817565],[-72.63079039743326,46.28951390471491],[-72.62853641869025,46.29006359077347],[-72.6255266007321,46.29161520309937],[-72.62299598554587,46.292405502694095],[-72.62045201853239,46.29241299217331],[-72.61586702611454,46.29366143944308],[-72.61901906592904,46.29534651692303]]],[[[-72.62729081822073,46.29004509304761],[-72.63038910590305,46.289447902606746],[-72.63234661702529,46.28794220292169],[-72.63200239900836,46.28673400754396],[-72.63069879001416,46.285455509787425],[-72.62841478698527,46.28463729094841],[-72.62480208279709,46.28413290926328],[-72.62339419425255,46.284527001274064],[-72.62237299020701,46.28590480281103],[-72.62479101188445,46.288091609936224],[-72.62779680001995,46.28923020424172],[-72.62729081822073,46.29004509304761]]]]},"properties":{"DAUID":"24370308","DGUID":"2021S051224370308","LANDAREA":2.3083,"PRUID":"24","CMA":"Trois-Rivieres"}},
{"type":"Feature","geometry":{"type":"Polygon","coordinates":[[[-72.66668980908527,46.31341071783463],[-72.66831946916174,46.31237620424624],[-72.67154571199497,46.312278383971346],[-72.6730026412142,46.31172146488418],[-72.67507589309471,46.31040790050554],[-72.68337854958129,46.30462700294021],[-72.68678429408874,46.30278703437359],[-72.69143005064939,46.30147696241468],[-72.69111478816262,46.29942076786302],[-72.69313941815861,46.299615110793134],[-72.69444084271271,46.30027700628277],[-72.69842740482585,46.29978235636997],[-72.71584536119933,46.29556176276872],[-72.71772845030556,46.29460406446198],[-72.71744032218285,46.293835113526754],[-72.71631202140209,46.294087769883596],[-72.70632356282916,46.291127773268485],[-72.70017351576766,46.2886589105753],[-72.69402276943181,46.2866560354989],[-72.69075859578543,46.286480512806804],[-72.68685922910753,46.28988739173925],[-72.68322313463487,46.2880845595174],[-72.68209912974616,46.28716635157032],[-72.67757124234015,46.288031790482286],[-72.67469867465522,46.28901927305798],[-72.67293486029206,46.290106077743424],[-72.67033919348131,46.291960087658715],[-72.67134216933097,46.2922780974445],[-72.67396447438789,46.294069719414196],[-72.67281225227109,46.29440353455114],[-72.66976812218697,46.29248698212528],[-72.66907003583103,46.293332044737674],[-72.667247661565,46.29585164150436],[-72.66610887917962,46.29697735134037],[-72.66231373018441,46.299274079890665],[-72.66173622010749,46.299936123748886],[-72.6603182346191,46.30328321391816],[-72.66057329881605,46.30397037060335],[-72.664970558271,46.307223220441415],[-72.66341403141632,46.3083139005909],[-72.6638125643481,46.31057314392537],[-72.6646598217932,46.311930344453025],[-72.66668980908527,46.31341071783463]]]},"properties":{"DAUID":"24370309","DGUID":"2021S051224370309","LANDAREA":6.0416,"PRUID":"24","CMA":"Trois-Rivieres"}},
{"type":"Feature","geometry":{"type":"Polygon","coordinates":[[[-72.70245264880435,46.355557497668904],[-72.70554784863667,46.35547600295665],[-72.74552628158358,46.35333456683691],[-72.74848371516327,46.351027441936814],[-72.76561185737953,46.33810508128601],[-72.76975088325747,46.334589978670664],[-72.77172558926657,46.33136965779852],[-72.77466573746857,46.3291523391947],[-72.77371022479089,46.32835479030051],[-72.77486522334846,46.3278122071873],[-72.77276223379714,46.32613641895207],[-72.77448227282939,46.32547797435695],[-72.76112896315868,46.31605449239496],[-72.7631213444097,46.31529673441544],[-72.76519994911523,46.316770058153075],[-72.76797279448141,46.316179662122536],[-72.76534292570751,46.314153521271514],[-72.7662448952343,46.31379388852214],[-72.76802135478329,46.314412114780595],[-72.77483407516613,46.319073733983416],[-72.7777183094476,46.317084590036266],[-72.77788429386581,46.31632999758882],[-72.76472342098135,46.30733335201352],[-72.76559385150226,46.30644936071478],[-72.75286512259184,46.296580837755144],[-72.74261716320841,46.289074182117545],[-72.72628266176928,46.293032647081034],[-72.72299841018024,46.29361229784687],[-72.72046718246153,46.293004341158074],[-72.71744032218285,46.293835113526754],[-72.71772845030556,46.29460406446198],[-72.71584536119933,46.29556176276872],[-72.69842740482585,46.29978235636997],[-72.69444084271271,46.30027700628277],[-72.69313941815861,46.299615110793134],[-72.69111478816262,46.29942076786302],[-72.69143005064939,46.30147696241468],[-72.68678429408874,46.30278703437359],[-72.68337854958129,46.30462700294021],[-72.67507589309471,46.31040790050554],[-72.6730026412142,46.31172146488418],[-72.67154571199497,46.312278383971346],[-72.66831946916174,46.31237620424624],[-72.66668980908527,46.31341071783463],[-72.66671426486582,46.31345273062303],[-72.66871210819795,46.31483844304233],[-72.65622959808502,46.32352285080351],[-72.65650402987794,46.32381429044642],[-72.67268805480933,46.333929222170426],[-72.70245264880435,46.355557497668904]]]},"properties":{"DAUID":"24370310","DGUID":"2021S051224370310","LANDAREA":43.7802,"PRUID":"24","CMA":"Trois-Rivieres"}},
{"type":"Feature","geometry":{"type":"Polygon","coordinates":[[[-72.56140470734927,46.39549086483776],[-72.55867180019607,46.39738128130767],[-72.55684220923884,46.39874089253751],[-72.55649863997523,46.39899690196502],[-72.56307134422252,46.40335324369769],[-72.56536254409679,46.39808420269277],[-72.56140470734927,46.39549086483776]]]},"properties":{"DAUID":"24370311","DGUID":"2021S051224370311","LANDAREA":0.3059,"PRUID":"24","CMA":"Trois-Rivieres"}},
{"type":"Feature","geometry":{"type":"Polygon","coordinates":[[[-72.55051797994525,46.39721720940118],[-72.55227977898798,46.398410249262554],[-72.55413375511807,46.39853879876491],[-72.55543597856274,46.39774368836861],[-72.55684220923884,46.39874089253751],[-72.55867180019607,46.39738128130767],[-72.55552404711366,46.395508920850695],[-72.55265676698812,46.39541262481676],[-72.55051797994525,46.39721720940118]]]},"properties":{"DAUID":"24370312","DGUID":"2021S051224370312","LANDAREA":0.1424,"PRUID":"24","CMA":"Trois-Rivieres"}},
{"type":"Feature","geometry":{"type":"Polygon","coordinates":[[[-72.54400840066334,46.39551147451567],[-72.5423935248168,46.39657468890319],[-72.53835604740654,46.3979074937517],[-72.53847669987717,46.39856378942011],[-72.53912852596163,46.40000903745013],[-72.54049714085603,46.4074551311484],[-72.54503101268513,46.403947290061645],[-72.54598680543553,46.40460495885191],[-72.55540393111139,46.39828341031323],[-72.55649863997523,46.39899690196502],[-72.55684220923884,46.39874089253751],[-72.55543597856274,46.39774368836861],[-72.55413375511807,46.39853879876491],[-72.55227977898798,46.398410249262554],[-72.55051797994525,46.39721720940118],[-72.54687256409508,46.39472577579978],[-72.54560718066385,46.394385582865326],[-72.54400840066334,46.39551147451567]]]},"properties":{"DAUID":"24370313","DGUID":"2021S051224370313","LANDAREA":0.8988,"PRUID":"24","CMA":"Trois-Rivieres"}},
{"type":"Feature","geometry":{"type":"Polygon","coordinates":[[[-72.61153743877352,46.33537405859918],[-72.6141308126853,46.33347706883542],[-72.61646362311286,46.33137919717224],[-72.61231205289056,46.32650851330007],[-72.6089143037905,46.32417730715825],[-72.60697578640958,46.32355062164169],[-72.6053450440072,46.32422329641218],[-72.60244994876456,46.32686348033719],[-72.60417678434376,46.32794529545692],[-72.60211779553282,46.329386856626215],[-72.61153743877352,46.33537405859918]]]},"properties":{"DAUID":"24370314","DGUID":"2021S051224370314","LANDAREA":0.7941,"PRUID":"24","CMA":"Trois-Rivieres"}},
{"type":"Feature","geometry":{"type":"Polygon","coordinates":[[[-72.62333562486236,46.363060190230776],[-72.62415977408257,46.3623655238538],[-72.61872571409046,46.35869418386711],[-72.6155892210504,46.36102771898165],[-72.61468108718579,46.36133717276805],[-72.61192977630287,46.36331041507156],[-72.61391161751177,46.363916992080654],[-72.61786025769472,46.36421312892535],[-72.61934260216458,46.365432012788226],[-72.6204371563247,46.364415905879106],[-72.62132515796493,46.3647551366774],[-72.62333562486236,46.363060190230776]]]},"properties":{"DAUID":"24370316","DGUID":"2021S051224370316","LANDAREA":0.3408,"PRUID":"24","CMA":"Trois-Rivieres"}},
{"type":"Feature","geometry":{"type":"Polygon","coordinates":[[[-72.61192977630287,46.36331041507156],[-72.61468108718579,46.36133717276805],[-72.6155892210504,46.36102771898165],[-72.61872571409046,46.35869418386711],[-72.61699589840813,46.35752079239507],[-72.61386813660349,46.355436341654425],[-72.61192620564293,46.35554576914712],[-72.61109918790389,46.355906206209404],[-72.60637239592522,46.359224801594465],[-72.60642239771619,46.360142890336874],[-72.6077384935111,46.36232140714117],[-72.60974397763711,46.363289670192835],[-72.6108717384476,46.362557657765755],[-72.61192977630287,46.36331041507156]]]},"properties":{"DAUID":"24370317","DGUID":"2021S051224370317","LANDAREA":0.5006,"PRUID":"24","CMA":"Trois-Rivieres"}},
{"type":"Feature","geometry":{"type":"Polygon","coordinates":[[[-72.62142247477792,46.37324690936215],[-72.63185597598388,46.377960103162124],[-72.63950747842962,46.37266244378868],[-72.63439244104667,46.369173296046284],[-72.62415977408257,46.3623655238538],[-72.62333562486236,46.363060190230776],[-72.6256666219968,46.36453288332704],[-72.6218883595208,46.36721774082385],[-72.62000741102129,46.3663122906913],[-72.62164370254038,46.36800731393066],[-72.62177310003989,46.36885409316764],[-72.62592282901488,46.370294393293975],[-72.62419211678532,46.37186095068442],[-72.62311405437448,46.37207392936354],[-72.62142247477792,46.37324690936215]]]},"properties":{"DAUID":"24370319","DGUID":"2021S051224370319","LANDAREA":1.1708,"PRUID":"24","CMA":"Trois-Rivieres"}},
{"type":"Feature","geometry":{"type":"Polygon","coordinates":[[[-72.51433212614211,46.387468904227845],[-72.50999753017825,46.39252899765356],[-72.50654003835197,46.39647807898391],[-72.50183426062783,46.39824041659862],[-72.49609946220396,46.40165509761847],[-72.492434132403,46.40342069402008],[-72.48678539365616,46.40619376209782],[-72.48415327652815,46.407242788804815],[-72.47696047446911,46.40873535572393],[-72.46890892265439,46.41080466006311],[-72.46432110369008,46.41235568450021],[-72.45879899303978,46.4153855548604],[-72.45726079314524,46.417030978658616],[-72.45034719281277,46.4206762619479],[-72.44857274995536,46.42002206715962],[-72.44457992209844,46.42181106445462],[-72.44805940521891,46.423902241265054],[-72.4567082476545,46.42998389667528],[-72.46964245369038,46.43919841207476],[-72.47491451336899,46.442811569610434],[-72.48588585158625,46.44990779912486],[-72.4964939927059,46.44288620531585],[-72.50479080090906,46.43756755425255],[-72.51009606681937,46.433513908717345],[-72.51387297124518,46.431011818168315],[-72.52956308862753,46.421303148339746],[-72.53133990068305,46.41938189015691],[-72.53008877828937,46.41806580328556],[-72.52748191952826,46.419916552945175],[-72.52354055290775,46.41723299263826],[-72.52638465915003,46.41516989208937],[-72.5271567090086,46.41388295609438],[-72.52963071883646,46.41554636513815],[-72.52940753235973,46.411941271798476],[-72.52487712527008,46.408902009734604],[-72.52904659112195,46.40598052401504],[-72.52921398049527,46.40347391240272],[-72.53144956706446,46.40110450731181],[-72.52586442859966,46.39728858672319],[-72.52680141907084,46.39663468096645],[-72.52421132095694,46.39500737378533],[-72.52510492524831,46.39458063238153],[-72.52679245205937,46.3955283532106],[-72.5276001673116,46.39464311832851],[-72.52531470430866,46.39281760014736],[-72.52475115463864,46.3905003476688],[-72.51760609929974,46.3858256017182],[-72.51620421132863,46.38536672985035],[-72.51433212614211,46.387468904227845]]]},"properties":{"DAUID":"24370320","DGUID":"2021S051224370320","LANDAREA":22.3187,"PRUID":"24","CMA":"Trois-Rivieres"}},
{"type":"Feature","geometry":{"type":"Polygon","coordinates":[[[-72.52475115463864,46.3905003476688],[-72.52531470430866,46.39281760014736],[-72.5276001673116,46.39464311832851],[-72.52679245205937,46.3955283532106],[-72.52510492524831,46.39458063238153],[-72.52421132095694,46.39500737378533],[-72.52680141907084,46.39663468096645],[-72.52586442859966,46.39728858672319],[-72.53144956706446,46.40110450731181],[-72.53502120282675,46.39902326304923],[-72.53759299474733,46.398149132771984],[-72.53879356773197,46.40110876441021],[-72.53933359729584,46.40411882649314],[-72.53971353483693,46.408061339097074],[-72.54049714085603,46.4074551311484],[-72.53912852596163,46.40000903745013],[-72.53847669987717,46.39856378942011],[-72.52821699986148,46.39145403889698],[-72.52714726680017,46.3920338214147],[-72.52475115463864,46.3905003476688]]]},"properties":{"DAUID":"24370321","DGUID":"2021S051224370321","LANDAREA":0.5778,"PRUID":"24","CMA":"Trois-Rivieres"}},
{"type":"Feature","geometry":{"type":"Polygon","coordinates":[[[-72.59719456647343,46.32835847239023],[-72.59898400353038,46.32634996698215],[-72.6002684978033,46.328174571583205],[-72.60211779553282,46.329386856626215],[-72.60417678434376,46.32794529545692],[-72.60244994876456,46.32686348033719],[-72.6053450440072,46.32422329641218],[-72.60697578640958,46.32355062164169],[-72.6089143037905,46.32417730715825],[-72.61231205289056,46.32650851330007],[-72.61646362311286,46.33137919717224],[-72.6141308126853,46.33347706883542],[-72.61488708600942,46.334001111199996],[-72.61620706208099,46.33302158121252],[-72.61784390920941,46.33395900863766],[-72.61858479411487,46.33343651545319],[-72.6224527183037,46.33579441718973],[-72.62155357587658,46.33738897772048],[-72.61910570184617,46.33582320652594],[-72.61835589906904,46.3363858891812],[-72.6206849611471,46.33787246978688],[-72.61953955686046,46.339014014439215],[-72.62059572037874,46.33936377686311],[-72.62353405648327,46.33720742159377],[-72.62569857676421,46.338430934543084],[-72.62581677177604,46.3396654255002],[-72.62813865759428,46.341487446988715],[-72.62930631646077,46.34272711620308],[-72.65650402987794,46.32381429044642],[-72.65622959808502,46.32352285080351],[-72.63652845229596,46.309242760244636],[-72.63138111043051,46.30576741581304],[-72.60330218176884,46.31847780672402],[-72.59056063494025,46.324230566196285],[-72.59126203883247,46.324800089410225],[-72.59719456647343,46.32835847239023]]]},"properties":{"DAUID":"24370322","DGUID":"2021S051224370322","LANDAREA":9.3758,"PRUID":"24","CMA":"Trois-Rivieres"}},
{"type":"Feature","geometry":{"type":"Polygon","coordinates":[[[-72.62527088483809,46.345530848005254],[-72.62930631646077,46.34272711620308],[-72.62813865759428,46.341487446988715],[-72.62581677177604,46.3396654255002],[-72.62569857676421,46.338430934543084],[-72.62353405648327,46.33720742159377],[-72.62059572037874,46.33936377686311],[-72.61953955686046,46.339014014439215],[-72.6206849611471,46.33787246978688],[-72.61835589906904,46.3363858891812],[-72.61910570184617,46.33582320652594],[-72.62155357587658,46.33738897772048],[-72.6224527183037,46.33579441718973],[-72.61858479411487,46.33343651545319],[-72.61784390920941,46.33395900863766],[-72.61620706208099,46.33302158121252],[-72.61488708600942,46.334001111199996],[-72.6141308126853,46.33347706883542],[-72.61153743877352,46.33537405859918],[-72.61059321234522,46.33612293787296],[-72.62527088483809,46.345530848005254]]]},"properties":{"DAUID":"24370323","DGUID":"2021S051224370323","LANDAREA":0.8117,"PRUID":"24","CMA":"Trois-Rivieres"}},
{"type":"Feature","geometry":{"type":"Polygon","coordinates":[[[-72.61192620564293,46.35554576914712],[-72.61386813660349,46.355436341654425],[-72.61699589840813,46.35752079239507],[-72.61985401347007,46.35520629062382],[-72.6226440425295,46.353426544239305],[-72.62579892525514,46.3555587157428],[-72.62901647156339,46.35324710014348],[-72.63259189583822,46.35391929043192],[-72.62966923623335,46.35600439174489],[-72.62809213935728,46.35608195237465],[-72.63167535426798,46.358547759801276],[-72.6292283531312,46.360141598040364],[-72.62658972437045,46.361534925114285],[-72.62415977408257,46.3623655238538],[-72.63439244104667,46.369173296046284],[-72.63950747842962,46.37266244378868],[-72.64097480852345,46.37366300113388],[-72.64294671985378,46.37434547492059],[-72.64454879114284,46.37438845552366],[-72.65506803417651,46.3735258360977],[-72.65528581892427,46.37189104113245],[-72.6597211622649,46.36876005190702],[-72.66010048896415,46.36858872083459],[-72.64449180639507,46.35761213715751],[-72.63998745656599,46.35483599033872],[-72.63829616511087,46.35309472923759],[-72.63390212878997,46.35037361191885],[-72.632946100587,46.34950664622021],[-72.63368595721799,46.348440982038646],[-72.63213786736213,46.34694375318431],[-72.63042415786478,46.3437638464671],[-72.62930631646077,46.34272711620308],[-72.62527088483809,46.345530848005254],[-72.62355255469693,46.346935178180495],[-72.61268028892579,46.35471057689635],[-72.61192620564293,46.35554576914712]]]},"properties":{"DAUID":"24370324","DGUID":"2021S051224370324","LANDAREA":4.756,"PRUID":"24","CMA":"Trois-Rivieres"}},
{"type":"Feature","geometry":{"type":"Polygon","coordinates":[[[-72.62415977408257,46.3623655238538],[-72.62658972437045,46.361534925114285],[-72.6292283531312,46.360141598040364],[-72.63167535426798,46.358547759801276],[-72.62809213935728,46.35608195237465],[-72.62966923623335,46.35600439174489],[-72.63259189583822,46.35391929043192],[-72.62901647156339,46.35324710014348],[-72.62579892525514,46.3555587157428],[-72.6226440425295,46.353426544239305],[-72.61985401347007,46.35520629062382],[-72.61699589840813,46.35752079239507],[-72.61872571409046,46.35869418386711],[-72.62415977408257,46.3623655238538]]]},"properties":{"DAUID":"24370325","DGUID":"2021S051224370325","LANDAREA":0.6656,"PRUID":"24","CMA":"Trois-Rivieres"}},
{"type":"Feature","geometry":{"type":"Polygon","coordinates":[[[-72.18721475077369,46.41018036776496],[-72.1964864827671,46.41666935877776],[-72.20272469236795,46.42156943979792],[-72.2050929398567,46.42298452614793],[-72.21084127203638,46.427201103008656],[-72.22618787386263,46.438897840363566],[-72.22776281932772,46.43548004664375],[-72.22865702251869,46.43417830620741],[-72.23086600463473,46.431890120835426],[-72.23178753964844,46.43039499602206],[-72.23363967156209,46.4253307708507],[-72.23528374349868,46.423147076681374],[-72.24212264142814,46.41744469889698],[-72.24447894033767,46.415337520249174],[-72.24612281407924,46.41430672588742],[-72.2493954102768,46.41280577459176],[-72.25123958759434,46.41168082124806],[-72.25357236146178,46.40961580980519],[-72.25529800261559,46.409024645212],[-72.263270067126,46.40730159999113],[-72.2688261333828,46.40571295527161],[-72.2722662357628,46.404191091908004],[-72.27176013437851,46.403521591159105],[-72.26976142214981,46.40425549829437],[-72.26836598426624,46.403266689681985],[-72.26587776481097,46.404424580315336],[-72.265385229726,46.40508272644527],[-72.26352030943903,46.403761335291335],[-72.26408013440108,46.40315582936628],[-72.26092958742912,46.400769871767736],[-72.26012809245407,46.399519376405884],[-72.26347085935036,46.3982755748584],[-72.26531215500863,46.397771034655925],[-72.26671075472012,46.3969123217069],[-72.26341919442243,46.394650018988074],[-72.25978029395537,46.392914970194155],[-72.24196692701965,46.38048085635778],[-72.23852652324707,46.37783028242969],[-72.23105968189424,46.372592057090756],[-72.2298941388519,46.37130268183472],[-72.22988220743757,46.37012738994386],[-72.23051458177369,46.36921885151859],[-72.23441608354217,46.367156985484534],[-72.23510411888356,46.36625164363428],[-72.23506633407533,46.364868922632304],[-72.23422392344331,46.36390105168795],[-72.22221074307492,46.35541977702346],[-72.21126356444557,46.357530582733204],[-72.20250096570105,46.36072659911282],[-72.190023013324,46.365841042924714],[-72.18485367906689,46.366147380745524],[-72.18393254275848,46.366871694871904],[-72.1827008326705,46.366454066597356],[-72.18198345486798,46.36728146993567],[-72.17510041814549,46.368484303766294],[-72.16379206675578,46.37949196484748],[-72.16197300530048,46.38031444464793],[-72.16358714388954,46.38113156432909],[-72.1613542313239,46.383087877031386],[-72.16027600424209,46.38995169409018],[-72.16641853827863,46.39466731408812],[-72.1755603612676,46.4013042263895],[-72.18721475077369,46.41018036776496]]]},"properties":{"DAUID":"24380040","DGUID":"2021S051224380040","LANDAREA":39.7723,"PRUID":"24","CMA":"Trois-Rivieres"}},
{"type":"Feature","geometry":{"type":"Polygon","coordinates":[[[-72.27176013437851,46.403521591159105],[-72.27158110531967,46.40267905684241],[-72.26905990442124,46.40061497220925],[-72.26705170650052,46.4011239791065],[-72.26347085935036,46.3982755748584],[-72.26012809245407,46.399519376405884],[-72.26092958742912,46.400769871767736],[-72.26408013440108,46.40315582936628],[-72.26352030943903,46.403761335291335],[-72.265385229726,46.40508272644527],[-72.26587776481097,46.404424580315336],[-72.26836598426624,46.403266689681985],[-72.26976142214981,46.40425549829437],[-72.27176013437851,46.403521591159105]]]},"properties":{"DAUID":"24380041","DGUID":"2021S051224380041","LANDAREA":0.3095,"PRUID":"24","CMA":"Trois-Rivieres"}},
{"type":"Feature","geometry":{"type":"Polygon","coordinates":[[[-72.26347085935036,46.3982755748584],[-72.26705170650052,46.4011239791065],[-72.26905990442124,46.40061497220925],[-72.27158110531967,46.40267905684241],[-72.27176013437851,46.403521591159105],[-72.2722662357628,46.404191091908004],[-72.27488543685831,46.40271091762678],[-72.26833547039698,46.398059490105965],[-72.26671075472012,46.3969123217069],[-72.26531215500863,46.397771034655925],[-72.26347085935036,46.3982755748584]]]},"properties":{"DAUID":"24380042","DGUID":"2021S051224380042","LANDAREA":0.2173,"PRUID":"24","CMA":"Trois-Rivieres"}},
{"type":"Feature","geometry":{"type":"Polygon","coordinates":[[[-72.27488543685831,46.40271091762678],[-72.27583835613537,46.40333933699677],[-72.27711689580563,46.40250301707377],[-72.27633059477179,46.40191226923775],[-72.27444587366544,46.400661512545966],[-72.27712437652613,46.39886390694346],[-72.2721668229499,46.395456435745054],[-72.26833547039698,46.398059490105965],[-72.27488543685831,46.40271091762678]]]},"properties":{"DAUID":"24380043","DGUID":"2021S051224380043","LANDAREA":0.2618,"PRUID":"24","CMA":"Trois-Rivieres"}},
{"type":"Feature","geometry":{"type":"Polygon","coordinates":[[[-72.26671075472012,46.3969123217069],[-72.26833547039698,46.398059490105965],[-72.2721668229499,46.395456435745054],[-72.27712437652613,46.39886390694346],[-72.27444587366544,46.400661512545966],[-72.27633059477179,46.40191226923775],[-72.28194800940632,46.39917359674109],[-72.28680290979726,46.39636703482893],[-72.29163388195902,46.395246474347076],[-72.29853722282684,46.393419741008714],[-72.29391605115507,46.390104596514036],[-72.29275145042143,46.3890393475149],[-72.27569272631096,46.3770655952097],[-72.2753750358741,46.37663099166368],[-72.27516553301773,46.37629320319133],[-72.26623968980506,46.37008390697052],[-72.25945438691642,46.36524380736806],[-72.27060506900936,46.360515999379196],[-72.28024231431539,46.35571001640636],[-72.28026739534681,46.35507936587986],[-72.2779675286262,46.35358714138915],[-72.2723228538891,46.349561701702704],[-72.26468938596585,46.34428920780309],[-72.26433644314399,46.34424239987496],[-72.25747494934507,46.34765844341309],[-72.25705984107749,46.34769757272046],[-72.25683403773449,46.34791741582006],[-72.24332835280131,46.35420176189127],[-72.24000969405867,46.35486118975385],[-72.23408280461368,46.35572765303654],[-72.22601296495444,46.35538109049684],[-72.22221074307492,46.35541977702346],[-72.23422392344331,46.36390105168795],[-72.23506633407533,46.364868922632304],[-72.23510411888356,46.36625164363428],[-72.23441608354217,46.367156985484534],[-72.23051458177369,46.36921885151859],[-72.22988220743757,46.37012738994386],[-72.2298941388519,46.37130268183472],[-72.23105968189424,46.372592057090756],[-72.23852652324707,46.37783028242969],[-72.24196692701965,46.38048085635778],[-72.25978029395537,46.392914970194155],[-72.26341919442243,46.394650018988074],[-72.26671075472012,46.3969123217069]]]},"properties":{"DAUID":"24380044","DGUID":"2021S051224380044","LANDAREA":15.3429,"PRUID":"24","CMA":"Trois-Rivieres"}},
{"type":"Feature","geometry":{"type":"Polygon","coordinates":[[[-72.22618787386263,46.438897840363566],[-72.23122488627908,46.44214392277247],[-72.23209782185616,46.44131259428056],[-72.234001911555,46.4405780152524],[-72.23482451437444,46.439336493277764],[-72.23439598011855,46.43704650290648],[-72.23500860953762,46.43588359090002],[-72.23398060276519,46.435314499359244],[-72.23240079866383,46.43553990531268],[-72.23237938949555,46.4336591904673],[-72.23528610805387,46.42950779042974],[-72.23883770435035,46.42615510695929],[-72.24122418590744,46.42422010913504],[-72.24403578937098,46.422460601638015],[-72.24622239955275,46.42015430040756],[-72.24683028690221,46.418604402242],[-72.25017349170543,46.41690459145541],[-72.25097450663638,46.41829000422705],[-72.25299198497444,46.41823999644846],[-72.25327729647928,46.41656958715084],[-72.25653481934718,46.41633519543042],[-72.25983111055592,46.41668588896941],[-72.26645627904163,46.41478720709911],[-72.27214850398838,46.41329200999503],[-72.27569631588716,46.41111669576367],[-72.27943189298011,46.40984310891096],[-72.28066278020187,46.41005410666297],[-72.28593271492147,46.408202800845196],[-72.28692698388797,46.40677390069983],[-72.28947508694154,46.40564920755421],[-72.2937018967422,46.40506410758677],[-72.29446169981168,46.405413988164426],[-72.30052780498677,46.405171911609976],[-72.30261480282104,46.40430308743186],[-72.30386361241709,46.40428910837078],[-72.30453787980365,46.40557380240532],[-72.3069814982789,46.40444768906769],[-72.30790528110697,46.404430302329416],[-72.30946359559942,46.40574218680969],[-72.30956670244132,46.40697580828993],[-72.31192060210792,46.406388492963984],[-72.31333868627691,46.40517059109663],[-72.31530591311946,46.40562290818149],[-72.31752480271682,46.40405328812019],[-72.31927739433779,46.401786185635615],[-72.31933591135939,46.400887106601346],[-72.32040040031609,46.39977339245025],[-72.33170610025363,46.39650659040627],[-72.33451279683193,46.39660719593157],[-72.33719969396864,46.397453306953466],[-72.33807999930443,46.398254002222714],[-72.33698361435856,46.399052596927014],[-72.33676868482092,46.39998610829156],[-72.34041409880963,46.400410012010845],[-72.3434507670294,46.399103744243625],[-72.34231506250156,46.39699213422166],[-72.34111781746915,46.39579668308474],[-72.33756967291492,46.3936739273672],[-72.33649483495435,46.389788855255176],[-72.3367721733823,46.388868741011315],[-72.33848737170915,46.387536396029105],[-72.33874384687782,46.386495883369584],[-72.33667488729158,46.385653652410454],[-72.33611893115275,46.385030119790905],[-72.33617731218251,46.38257131669197],[-72.34114433719878,46.38199223620728],[-72.3494572122322,46.38122668572585],[-72.35306504574649,46.380697148581135],[-72.35705567353101,46.37957963843115],[-72.35867152097113,46.37893462535803],[-72.37618086736141,46.37108377592386],[-72.37153070885867,46.36763607588775],[-72.35960176965597,46.3590451002868],[-72.35420735131643,46.3562722653132],[-72.33749535211447,46.34473774670659],[-72.32478306554181,46.33591476195185],[-72.32349915955807,46.33724344005832],[-72.31020058216471,46.344082775370474],[-72.3099878412595,46.34457330562699],[-72.31216420267828,46.34980325721385],[-72.31406656817978,46.35230226434621],[-72.31452515431015,46.35418314627708],[-72.3126718948611,46.355517957695554],[-72.31075410215006,46.35566582568783],[-72.31018746816467,46.3569918752877],[-72.30921019861667,46.35754326305157],[-72.3050754577539,46.35904229597946],[-72.3038098304548,46.36044578757651],[-72.30373223304639,46.362562863571654],[-72.30243278159101,46.36378700911029],[-72.29111534172574,46.36943070635325],[-72.28568334102718,46.37225193341447],[-72.2753750358741,46.37663099166368],[-72.27569272631096,46.3770655952097],[-72.29275145042143,46.3890393475149],[-72.29391605115507,46.390104596514036],[-72.29853722282684,46.393419741008714],[-72.29163388195902,46.395246474347076],[-72.28680290979726,46.39636703482893],[-72.28194800940632,46.39917359674109],[-72.27633059477179,46.40191226923775],[-72.27711689580563,46.40250301707377],[-72.27583835613537,46.40333933699677],[-72.27488543685831,46.40271091762678],[-72.2722662357628,46.404191091908004],[-72.2688261333828,46.40571295527161],[-72.263270067126,46.40730159999113],[-72.25529800261559,46.409024645212],[-72.25357236146178,46.40961580980519],[-72.25123958759434,46.41168082124806],[-72.2493954102768,46.41280577459176],[-72.24612281407924,46.41430672588742],[-72.24447894033767,46.415337520249174],[-72.24212264142814,46.41744469889698],[-72.23528374349868,46.423147076681374],[-72.23363967156209,46.4253307708507],[-72.23178753964844,46.43039499602206],[-72.23086600463473,46.431890120835426],[-72.22865702251869,46.43417830620741],[-72.22776281932772,46.43548004664375],[-72.22618787386263,46.438897840363566]]]},"properties":{"DAUID":"24380045","DGUID":"2021S051224380045","LANDAREA":32.895,"PRUID":"24","CMA":"Trois-Rivieres"}},
{"type":"Feature","geometry":{"type":"Polygon","coordinates":[[[-72.2753750358741,46.37663099166368],[-72.28568334102718,46.37225193341447],[-72.29111534172574,46.36943070635325],[-72.30243278159101,46.36378700911029],[-72.30373223304639,46.362562863571654],[-72.3038098304548,46.36044578757651],[-72.3050754577539,46.35904229597946],[-72.30921019861667,46.35754326305157],[-72.31018746816467,46.3569918752877],[-72.31075410215006,46.35566582568783],[-72.3126718948611,46.355517957695554],[-72.31452515431015,46.35418314627708],[-72.31406656817978,46.35230226434621],[-72.31216420267828,46.34980325721385],[-72.3099878412595,46.34457330562699],[-72.31020058216471,46.344082775370474],[-72.32349915955807,46.33724344005832],[-72.32478306554181,46.33591476195185],[-72.3146511929935,46.32883003362275],[-72.29644524172232,46.316093695278184],[-72.27386673983032,46.30045562705816],[-72.2752813640844,46.29973949307824],[-72.27378328976214,46.299022985646936],[-72.27320551748474,46.299985310135845],[-72.26614525850124,46.2950226973449],[-72.25896647327414,46.289808692615615],[-72.24978366015955,46.28285273410302],[-72.24773185084915,46.28158576979824],[-72.24545649244278,46.28087851769096],[-72.24235917020538,46.28084031476976],[-72.24030044447305,46.28179585716412],[-72.22622940244078,46.2913529058847],[-72.2172566004957,46.297608236079775],[-72.20844225430916,46.30366162108281],[-72.19857260502181,46.31041576684451],[-72.21141246767044,46.31898256263305],[-72.21793602119637,46.3235934642274],[-72.22299397065677,46.32036275452946],[-72.2259900773713,46.318786601868794],[-72.23069309022688,46.31597688732418],[-72.23154069762465,46.31659700748968],[-72.23295678546437,46.31600089076361],[-72.23442849214373,46.316368086424475],[-72.23548291147368,46.31569590696799],[-72.23854858657954,46.31563990348454],[-72.23904908606269,46.31646409316597],[-72.23814198662713,46.317432367491385],[-72.23966392192273,46.31789931093144],[-72.23981831514956,46.31908659196446],[-72.24069910216124,46.319820311303026],[-72.23904788941736,46.32103469768671],[-72.24056348525363,46.322328998545515],[-72.241595900556,46.32487759253961],[-72.2391943047446,46.32539999270004],[-72.24048839921608,46.32673690469357],[-72.23821069632753,46.326945686622146],[-72.2408049019915,46.32822479435674],[-72.24215628955136,46.32706110218906],[-72.24361740917362,46.32791391105347],[-72.24231418023429,46.32867330562285],[-72.24366649291353,46.32974090771987],[-72.24337570122448,46.33166309696723],[-72.24484158946565,46.33287579374898],[-72.24331601989894,46.3336957910432],[-72.24220589123476,46.33282889649299],[-72.2411554972447,46.33332119628787],[-72.24124598731004,46.334473695225185],[-72.24344429707665,46.33603648917656],[-72.24419830810653,46.33714249992529],[-72.24586040487094,46.337169699416904],[-72.24746213488203,46.33835574858774],[-72.24685108165737,46.339858522680856],[-72.24864949232273,46.34150893088256],[-72.25705984107749,46.34769757272046],[-72.25747494934507,46.34765844341309],[-72.26433644314399,46.34424239987496],[-72.26468938596585,46.34428920780309],[-72.2723228538891,46.349561701702704],[-72.2779675286262,46.35358714138915],[-72.28026739534681,46.35507936587986],[-72.28024231431539,46.35571001640636],[-72.27060506900936,46.360515999379196],[-72.25945438691642,46.36524380736806],[-72.26623968980506,46.37008390697052],[-72.27516553301773,46.37629320319133],[-72.2753750358741,46.37663099166368]]]},"properties":{"DAUID":"24380046","DGUID":"2021S051224380046","LANDAREA":42.6682,"PRUID":"24","CMA":"Trois-Rivieres"}},
{"type":"Feature","geometry":{"type":"Polygon","coordinates":[[[-72.29644524172232,46.316093695278184],[-72.3054046210861,46.31152720862801],[-72.30950169824321,46.309535981464],[-72.31064609331008,46.31007004259085],[-72.32197986959626,46.30232073841428],[-72.31176824649317,46.29505301102798],[-72.30384860022748,46.28968132364651],[-72.2964749714783,46.2842888445323],[-72.2857100947505,46.27667027869916],[-72.28148698996128,46.27384052409818],[-72.26721081995495,46.26351085738202],[-72.25210207778257,46.273491187767384],[-72.22777173516036,46.25612080401231],[-72.21333605714426,46.265750239833004],[-72.21263773616984,46.266093447453336],[-72.19600437145938,46.277303468723176],[-72.18299733885956,46.28593037969249],[-72.18881258655034,46.28991759279772],[-72.20844225430916,46.30366162108281],[-72.2172566004957,46.297608236079775],[-72.22622940244078,46.2913529058847],[-72.24030044447305,46.28179585716412],[-72.24235917020538,46.28084031476976],[-72.24545649244278,46.28087851769096],[-72.24773185084915,46.28158576979824],[-72.24978366015955,46.28285273410302],[-72.25896647327414,46.289808692615615],[-72.26614525850124,46.2950226973449],[-72.27320551748474,46.299985310135845],[-72.27378328976214,46.299022985646936],[-72.2752813640844,46.29973949307824],[-72.27386673983032,46.30045562705816],[-72.29644524172232,46.316093695278184]]]},"properties":{"DAUID":"24380048","DGUID":"2021S051224380048","LANDAREA":27.8679,"PRUID":"24","CMA":"Trois-Rivieres"}},
{"type":"Feature","geometry":{"type":"Polygon","coordinates":[[[-72.3146511929935,46.32883003362275],[-72.32169212798931,46.32522730062261],[-72.33055805717177,46.320910243510916],[-72.33268275922586,46.318093128946416],[-72.33371648261503,46.317369273076984],[-72.33714473308567,46.31644210661166],[-72.34008643333725,46.315975162283415],[-72.34278835422174,46.31448696074115],[-72.3443566110898,46.31292357540957],[-72.36470328907716,46.31914528173263],[-72.36790178922199,46.32007646546768],[-72.36961383321334,46.32030107025868],[-72.39013000600116,46.32088831399632],[-72.39613933338681,46.32392777159793],[-72.40035791088343,46.3264294491908],[-72.40488520817634,46.328852281434685],[-72.40713968983125,46.330432941074655],[-72.40977520950221,46.33095201804901],[-72.41291304648493,46.33079397165974],[-72.41634675620719,46.331718707790145],[-72.4193062594132,46.334220030749286],[-72.42399283669675,46.33639561116037],[-72.42807674453746,46.336171524304575],[-72.42991359030596,46.337564834121984],[-72.43536859745488,46.3384607659506],[-72.43650533249593,46.34029936706544],[-72.43690316543369,46.34360353614966],[-72.43238213497989,46.3439455428768],[-72.42961093708954,46.34484592128357],[-72.43127683809189,46.346756567083105],[-72.44234071559384,46.34214017207698],[-72.4414874735694,46.34104863059328],[-72.43740526015662,46.3384918345698],[-72.43305994731863,46.337472851322694],[-72.43153163384531,46.33730973481715],[-72.4295193310928,46.3358645356164],[-72.42332858078,46.33553558803208],[-72.42095255891445,46.333102519606],[-72.41882453272545,46.33186572523466],[-72.41811784970498,46.33070929210923],[-72.41616259042677,46.329028340178134],[-72.41487053366598,46.328792276130805],[-72.41176763828729,46.329937171001845],[-72.40968507428413,46.32998872562649],[-72.4083733675863,46.329353090603426],[-72.40613576259301,46.32563039004382],[-72.40393538328043,46.32413455557761],[-72.4006468169759,46.32331963515646],[-72.39933561919817,46.322081676439886],[-72.39524476561728,46.32068786745115],[-72.39281381530017,46.31907668718005],[-72.39136900663263,46.317465661031534],[-72.38619774237529,46.313671671631795],[-72.3857122051319,46.311551484755],[-72.38829482767919,46.30668748526385],[-72.38880780431393,46.30374337423744],[-72.38835380588826,46.30303259181999],[-72.38520970015767,46.300257928596544],[-72.3846526093881,46.29772658738101],[-72.38539183944661,46.29440068003925],[-72.385045201617,46.29288638161537],[-72.3841024909933,46.2919965224721],[-72.38235779378341,46.29161401542751],[-72.37848298643485,46.291807164217815],[-72.37761690335468,46.29154531253234],[-72.37710166416724,46.2901737558727],[-72.37698681163418,46.28781128651152],[-72.37597272256923,46.286510105673386],[-72.37384689707453,46.28514481574671],[-72.37198854362538,46.28455731562844],[-72.369238187471,46.28251546605923],[-72.36952469962658,46.28131978091284],[-72.37117885998944,46.27974101349673],[-72.37425900580206,46.279014490766194],[-72.37708229374869,46.27657753253391],[-72.37598168323964,46.272057260657405],[-72.37757664364646,46.26924311850979],[-72.37748393669901,46.267173329201135],[-72.37435080844573,46.26404086835447],[-72.37250466535374,46.2618379303755],[-72.37237168956185,46.26076604568515],[-72.37298188932976,46.25763314105477],[-72.37281601573034,46.2561032009383],[-72.37201093902799,46.25429550328859],[-72.36959422635046,46.25221703476626],[-72.36792604649344,46.25215349424357],[-72.36512652585739,46.25451582104872],[-72.3630212391255,46.25519721671659],[-72.35917112238687,46.25566351989472],[-72.35665024740095,46.256404908516984],[-72.35555968916086,46.25635034145726],[-72.34937365602778,46.25529371302445],[-72.34773622086156,46.25394132974725],[-72.34772905306804,46.253266915100475],[-72.34979895209443,46.25229208355133],[-72.35322469625278,46.25148067852358],[-72.35435905146765,46.249846057139926],[-72.35385678460881,46.24892829643794],[-72.35190290244958,46.24747281838736],[-72.3469068025868,46.244613759800735],[-72.34508892829464,46.24410900362685],[-72.34142421301149,46.242398702100004],[-72.33881425639883,46.238380562132754],[-72.33775294360368,46.235545477222686],[-72.33627793080865,46.23400686618132],[-72.33423032287125,46.22981494253559],[-72.33132647850931,46.22645500678164],[-72.33075700490778,46.225189498703955],[-72.33108530208574,46.22315951221128],[-72.33070767504404,46.22156732550501],[-72.3056389615143,46.2383688952696],[-72.28984867327354,46.248578004843125],[-72.26721081995495,46.26351085738202],[-72.28148698996128,46.27384052409818],[-72.2857100947505,46.27667027869916],[-72.2964749714783,46.2842888445323],[-72.30384860022748,46.28968132364651],[-72.31176824649317,46.29505301102798],[-72.32197986959626,46.30232073841428],[-72.31064609331008,46.31007004259085],[-72.30950169824321,46.309535981464],[-72.3054046210861,46.31152720862801],[-72.29644524172232,46.316093695278184],[-72.3146511929935,46.32883003362275]]]},"properties":{"DAUID":"24380051","DGUID":"2021S051224380051","LANDAREA":57.5304,"PRUID":"24","CMA":"Trois-Rivieres"}},
{"type":"Feature","geometry":{"type":"Polygon","coordinates":[[[-72.41487053366598,46.328792276130805],[-72.41538041683779,46.32774069481266],[-72.4121727054904,46.326777021322435],[-72.40905131639684,46.326142501599506],[-72.40801560749756,46.3256517838755],[-72.40545223310784,46.32326764297526],[-72.40348120731133,46.32249106927973],[-72.40189321686232,46.32127406642132],[-72.39937471832141,46.320167134303574],[-72.39600792334745,46.31839427207458],[-72.39309815528144,46.31492806701684],[-72.38981380213691,46.31208200593817],[-72.38913275259921,46.3110883951964],[-72.3890487589401,46.30892070369103],[-72.38950994479082,46.3076144839523],[-72.39127733173916,46.30618115516632],[-72.39180854423216,46.30499044715692],[-72.39149406078478,46.30173846229376],[-72.39031116950999,46.299396331958135],[-72.39976275177888,46.29266620120893],[-72.40106226267967,46.29181893669766],[-72.40196544121166,46.292555590384374],[-72.42240555233302,46.306290546484654],[-72.42625510623724,46.304676226213395],[-72.4287680881973,46.302523843888835],[-72.43593112985029,46.297532906002175],[-72.44009606485108,46.293462565451904],[-72.44428810386502,46.29084984340787],[-72.44687654578695,46.29009071951229],[-72.44841079945651,46.28928273163271],[-72.45085335277057,46.288742801634605],[-72.45428511401501,46.28882009923228],[-72.4602412443523,46.28675294166951],[-72.46927185119971,46.28378896085563],[-72.47026404650474,46.28334379211277],[-72.47575350782873,46.27991778849907],[-72.47949257833979,46.277394803757076],[-72.48249113627506,46.275986496928326],[-72.48332662272307,46.27608486021294],[-72.49184311554629,46.2822049119308],[-72.4923757541926,46.28221096438328],[-72.5019420278713,46.275766340672405],[-72.50497029917588,46.27362592944784],[-72.49712472287916,46.26792311972257],[-72.46797582797178,46.24691155326693],[-72.46410256412594,46.244415915472125],[-72.44242580198879,46.232045565229576],[-72.43872246349612,46.22969838772078],[-72.43572605372773,46.23213838166729],[-72.42889101306683,46.23702580345075],[-72.43509333363829,46.24190057358161],[-72.42277251924655,46.25003783776776],[-72.40891373605935,46.25936155397454],[-72.40177231817844,46.254454960897704],[-72.3918976050673,46.24720666587511],[-72.39010175806912,46.24566754442819],[-72.37298188932976,46.25763314105477],[-72.37237168956185,46.26076604568515],[-72.37250466535374,46.2618379303755],[-72.37435080844573,46.26404086835447],[-72.37748393669901,46.267173329201135],[-72.37757664364646,46.26924311850979],[-72.37598168323964,46.272057260657405],[-72.37708229374869,46.27657753253391],[-72.37425900580206,46.279014490766194],[-72.37117885998944,46.27974101349673],[-72.36952469962658,46.28131978091284],[-72.369238187471,46.28251546605923],[-72.37198854362538,46.28455731562844],[-72.37384689707453,46.28514481574671],[-72.37597272256923,46.286510105673386],[-72.37698681163418,46.28781128651152],[-72.37710166416724,46.2901737558727],[-72.37761690335468,46.29154531253234],[-72.37848298643485,46.291807164217815],[-72.38235779378341,46.29161401542751],[-72.3841024909933,46.2919965224721],[-72.385045201617,46.29288638161537],[-72.38539183944661,46.29440068003925],[-72.3846526093881,46.29772658738101],[-72.38520970015767,46.300257928596544],[-72.38835380588826,46.30303259181999],[-72.38880780431393,46.30374337423744],[-72.38829482767919,46.30668748526385],[-72.3857122051319,46.311551484755],[-72.38619774237529,46.313671671631795],[-72.39136900663263,46.317465661031534],[-72.39281381530017,46.31907668718005],[-72.39524476561728,46.32068786745115],[-72.39933561919817,46.322081676439886],[-72.4006468169759,46.32331963515646],[-72.40393538328043,46.32413455557761],[-72.40613576259301,46.32563039004382],[-72.4083733675863,46.329353090603426],[-72.40968507428413,46.32998872562649],[-72.41176763828729,46.329937171001845],[-72.41487053366598,46.328792276130805]]]},"properties":{"DAUID":"24380052","DGUID":"2021S051224380052","LANDAREA":45.2497,"PRUID":"24","CMA":"Trois-Rivieres"}},
{"type":"Feature","geometry":{"type":"Polygon","coordinates":[[[-72.41811784970498,46.33070929210923],[-72.41906596550561,46.330776107987],[-72.4272654387938,46.32547646309054],[-72.4320315119579,46.32227555262151],[-72.42831243475432,46.319056003404036],[-72.41983405509572,46.32469445038011],[-72.41538041683779,46.32774069481266],[-72.41487053366598,46.328792276130805],[-72.41616259042677,46.329028340178134],[-72.41811784970498,46.33070929210923]]]},"properties":{"DAUID":"24380053","DGUID":"2021S051224380053","LANDAREA":0.6073,"PRUID":"24","CMA":"Trois-Rivieres"}},
{"type":"Feature","geometry":{"type":"Polygon","coordinates":[[[-72.43873727955115,46.352592917973695],[-72.43989241055584,46.35382781722494],[-72.44164741525358,46.35495963819651],[-72.44574912703867,46.35622894242274],[-72.44992710258713,46.3571723418518],[-72.46688798851032,46.36011060366587],[-72.46993441860472,46.359628935468876],[-72.47507711535434,46.35724605041937],[-72.47685087994445,46.35624329221912],[-72.48136116877255,46.35313595201054],[-72.48483446446174,46.34982652777862],[-72.48812935733872,46.34771830679978],[-72.49935517221142,46.3423082373159],[-72.50117389307408,46.340619881416266],[-72.50134758125434,46.3387794147672],[-72.5024413957675,46.33798961053086],[-72.50371923192802,46.33779879951983],[-72.50575848059144,46.33638450143346],[-72.50981065376774,46.334384596073896],[-72.51110395930262,46.33399952121788],[-72.50999772216346,46.33311100668152],[-72.494513336177,46.32215207348185],[-72.48662445201344,46.316629063255654],[-72.46254920154435,46.33299303001525],[-72.46042771757466,46.33424586012745],[-72.46041673374651,46.33510987954567],[-72.45675152976192,46.3390619363503],[-72.45602851228341,46.339167931246855],[-72.45206208856231,46.338084651431664],[-72.44234071559384,46.34214017207698],[-72.44307472279517,46.34356604870142],[-72.44196486456855,46.3445269308556],[-72.44234760427194,46.34627964220478],[-72.43969852697481,46.34697791673112],[-72.43880010989527,46.34822411750697],[-72.4386535897344,46.349314408721746],[-72.439924083726,46.350588997568444],[-72.44051329475201,46.352016399292424],[-72.43873727955115,46.352592917973695]]]},"properties":{"DAUID":"24380055","DGUID":"2021S051224380055","LANDAREA":13.1705,"PRUID":"24","CMA":"Trois-Rivieres"}},
{"type":"Feature","geometry":{"type":"Polygon","coordinates":[[[-72.43873727955115,46.352592917973695],[-72.4362348571959,46.35355744575482],[-72.43456792634434,46.356872084057144],[-72.43485479561592,46.35858901908376],[-72.43964298010715,46.360570368023296],[-72.44104043746923,46.36192021963136],[-72.44282875327625,46.36455252269533],[-72.44433899418881,46.3694532084341],[-72.44324456374939,46.37130406475608],[-72.44250574801276,46.37375501125311],[-72.44263941309703,46.37539499572194],[-72.44330176138149,46.376105597467244],[-72.4454876119182,46.37641539403424],[-72.44745448918947,46.37619949881954],[-72.44955060116193,46.37332169036363],[-72.44942210785638,46.371890000861406],[-72.44848661653016,46.37118859938344],[-72.44972009635525,46.37057920127953],[-72.45140891169048,46.37063060097188],[-72.45456291944991,46.368815192474514],[-72.45761948630383,46.36597290074756],[-72.46004920843386,46.36532031408125],[-72.4627090052346,46.36418378951361],[-72.4661007081598,46.3635128033083],[-72.46907330361825,46.362315902603825],[-72.4721850843597,46.36062549583228],[-72.47505499714532,46.358654008915515],[-72.47778531369931,46.357184911418926],[-72.48167089302164,46.35367470710432],[-72.48469159441032,46.35123629797296],[-72.48600870969558,46.34957450123568],[-72.48736619424767,46.34923560081797],[-72.48819998465363,46.34840630327648],[-72.49088219908722,46.34668449640371],[-72.49379039537341,46.3453786054234],[-72.49770791287996,46.34428839024281],[-72.50018438972373,46.342420602843006],[-72.50344229045506,46.339003195876806],[-72.5051561097748,46.33762360941794],[-72.5072548855255,46.33720990965378],[-72.5078559880126,46.33628838915851],[-72.51019719797371,46.33540000853587],[-72.51298938874496,46.33471340920206],[-72.51486290025281,46.333811810541484],[-72.51795799468937,46.33651059296643],[-72.5184376896771,46.33583989733982],[-72.51701879978839,46.3352788908958],[-72.51773190498493,46.33390839302612],[-72.51930529245885,46.332356492548904],[-72.5245216862217,46.32825340665617],[-72.52507500761327,46.327088501302896],[-72.52530909590492,46.324877197107014],[-72.52793291072823,46.3211837097519],[-72.53155071066027,46.31854220114848],[-72.53403320124069,46.31619690069576],[-72.53746019000687,46.314030491426166],[-72.53847219065274,46.312599395132885],[-72.54036618833695,46.31194958674124],[-72.54297270676413,46.30990210626645],[-72.5435496946345,46.308827208375035],[-72.54572529411683,46.30615531024968],[-72.54925168981498,46.30344048835244],[-72.55157380065022,46.30202920856548],[-72.55455304104714,46.3033628391151],[-72.5481130784916,46.29960613150678],[-72.54645792134914,46.30058300329288],[-72.54401197467072,46.30113704100349],[-72.53832759441688,46.302220718447806],[-72.53637660290775,46.30264505477546],[-72.53069469248916,46.30507768753338],[-72.52922807994582,46.30607560113591],[-72.52869649418254,46.30709832367079],[-72.52659478634617,46.31703270204439],[-72.52582506124946,46.31871038635753],[-72.5234229267381,46.32214828425858],[-72.51998573941175,46.324769472473434],[-72.51761917600653,46.32585935882817],[-72.51567459968246,46.32818939926203],[-72.51306663317604,46.330861174988826],[-72.51223369533443,46.33314992837708],[-72.51110395930262,46.33399952121788],[-72.50981065376774,46.334384596073896],[-72.50575848059144,46.33638450143346],[-72.50371923192802,46.33779879951983],[-72.5024413957675,46.33798961053086],[-72.50134758125434,46.3387794147672],[-72.50117389307408,46.340619881416266],[-72.49935517221142,46.3423082373159],[-72.48812935733872,46.34771830679978],[-72.48483446446174,46.34982652777862],[-72.48136116877255,46.35313595201054],[-72.47685087994445,46.35624329221912],[-72.47507711535434,46.35724605041937],[-72.46993441860472,46.359628935468876],[-72.46688798851032,46.36011060366587],[-72.44992710258713,46.3571723418518],[-72.44574912703867,46.35622894242274],[-72.44164741525358,46.35495963819651],[-72.43989241055584,46.35382781722494],[-72.43873727955115,46.352592917973695]]]},"properties":{"DAUID":"24380056","DGUID":"2021S051224380056","LANDAREA":5.5239,"PRUID":"24","CMA":"Trois-Rivieres"}},
{"type":"Feature","geometry":{"type":"Polygon","coordinates":[[[-72.54401197467072,46.30113704100349],[-72.54324998844608,46.29962222239172],[-72.54128373825536,46.29784747638199],[-72.53908122000016,46.29655947702501],[-72.53719892978832,46.297815555756586],[-72.53248966742922,46.29445530204643],[-72.53138588084987,46.2958065221325],[-72.52976013924378,46.29691862953058],[-72.53238559142677,46.299023615879705],[-72.53500550321812,46.299765139748736],[-72.5347567608846,46.300545043936765],[-72.53572170553335,46.301171236398034],[-72.53691872658956,46.30066679081622],[-72.53832759441688,46.302220718447806],[-72.54401197467072,46.30113704100349]]]},"properties":{"DAUID":"24380057","DGUID":"2021S051224380057","LANDAREA":0.4314,"PRUID":"24","CMA":"Trois-Rivieres"}},
{"type":"Feature","geometry":{"type":"Polygon","coordinates":[[[-72.50748269150844,46.272371571636874],[-72.50873644139885,46.273371547457316],[-72.5094587592207,46.27299513145974],[-72.511111771583,46.27419112344949],[-72.51308950343248,46.27373229422565],[-72.51103090804908,46.27219438992984],[-72.50721682122455,46.26975983323705],[-72.50336302800632,46.27128056323336],[-72.50493830494446,46.27244831705043],[-72.50661755783973,46.27131358997416],[-72.50748269150844,46.272371571636874]]]},"properties":{"DAUID":"24380060","DGUID":"2021S051224380060","LANDAREA":0.1329,"PRUID":"24","CMA":"Trois-Rivieres"}},
{"type":"Feature","geometry":{"type":"Polygon","coordinates":[[[-72.51308950343248,46.27373229422565],[-72.51496341486427,46.27327578452839],[-72.51394270117395,46.272551687438074],[-72.51697444905417,46.27049350474658],[-72.5152379476817,46.26890337361206],[-72.51340039047759,46.269025970228626],[-72.51202775241939,46.268004361991906],[-72.5098663810387,46.270564979319246],[-72.50818378114627,46.26934191176272],[-72.50721682122455,46.26975983323705],[-72.51103090804908,46.27219438992984],[-72.51308950343248,46.27373229422565]]]},"properties":{"DAUID":"24380061","DGUID":"2021S051224380061","LANDAREA":0.2055,"PRUID":"24","CMA":"Trois-Rivieres"}},
{"type":"Feature","geometry":{"type":"Polygon","coordinates":[[[-72.5152379476817,46.26890337361206],[-72.51579072704708,46.268512745426264],[-72.51482145100115,46.26646615752685],[-72.5148168355178,46.26525638236472],[-72.53100220940455,46.2540754062086],[-72.54930590824833,46.2422366857908],[-72.55174083755668,46.2413437958599],[-72.55174599623463,46.240646886490396],[-72.53833785635612,46.230927448700996],[-72.5337248698123,46.227429369995235],[-72.52950444479096,46.23023802294694],[-72.52511610363383,46.23290359914835],[-72.52034101738296,46.23618091695392],[-72.51440333295767,46.24068168480325],[-72.50752033177456,46.244690308586364],[-72.50203003196577,46.24881117844022],[-72.49999834905965,46.250873445362906],[-72.49479102376876,46.25385326817239],[-72.49102330453418,46.2557112832156],[-72.49012130956731,46.2564066851174],[-72.50353565186172,46.26599880516872],[-72.50448510098364,46.26536038559533],[-72.50709729377714,46.26721710213638],[-72.50612766145348,46.267848893077115],[-72.50818378114627,46.26934191176272],[-72.5098663810387,46.270564979319246],[-72.51202775241939,46.268004361991906],[-72.51340039047759,46.269025970228626],[-72.5152379476817,46.26890337361206]]]},"properties":{"DAUID":"24380062","DGUID":"2021S051224380062","LANDAREA":9.3653,"PRUID":"24","CMA":"Trois-Rivieres"}},
{"type":"Feature","geometry":{"type":"Polygon","coordinates":[[[-72.51496341486427,46.27327578452839],[-72.5181722081684,46.27552576842919],[-72.51808931062091,46.27679699290956],[-72.51991402215481,46.27777291899002],[-72.51836709532138,46.27883426229208],[-72.51983171370948,46.27988138442738],[-72.52224725319397,46.28071782194011],[-72.5282894249643,46.28081459681965],[-72.52973933246702,46.280997657193055],[-72.53146380807276,46.2817686277744],[-72.53454323177009,46.283948703171426],[-72.53652044119801,46.2854213679033],[-72.53711478204735,46.28647416168594],[-72.53709315049021,46.28793307138027],[-72.53821729959303,46.28808746938922],[-72.54192889909179,46.29076646266651],[-72.54608024498981,46.293399256253124],[-72.54746301069382,46.292710385718685],[-72.54918363834811,46.29393131131234],[-72.54942697276088,46.2954921965389],[-72.55160869837522,46.2968357496947],[-72.55469665198677,46.294831771164674],[-72.56490728502035,46.28787683082585],[-72.56635394597045,46.28729047675544],[-72.5776303301418,46.28467280620676],[-72.58129186578219,46.28322237067074],[-72.58898623061144,46.27992249488531],[-72.59140400143251,46.27868505688047],[-72.59741700175435,46.275162321331024],[-72.59942122628051,46.274569986548855],[-72.5934896933991,46.27062761607917],[-72.56522688665771,46.25006573699225],[-72.56193571542825,46.24772243656959],[-72.55398312201062,46.24201450709363],[-72.55174599623463,46.240646886490396],[-72.55174083755668,46.2413437958599],[-72.54930590824833,46.2422366857908],[-72.53100220940455,46.2540754062086],[-72.5148168355178,46.26525638236472],[-72.51482145100115,46.26646615752685],[-72.51579072704708,46.268512745426264],[-72.5152379476817,46.26890337361206],[-72.51697444905417,46.27049350474658],[-72.51394270117395,46.272551687438074],[-72.51496341486427,46.27327578452839]]]},"properties":{"DAUID":"24380063","DGUID":"2021S051224380063","LANDAREA":21.3103,"PRUID":"24","CMA":"Trois-Rivieres"}},
{"type":"Feature","geometry":{"type":"Polygon","coordinates":[[[-72.50497029917588,46.27362592944784],[-72.50748269150844,46.272371571636874],[-72.50661755783973,46.27131358997416],[-72.50493830494446,46.27244831705043],[-72.50336302800632,46.27128056323336],[-72.50721682122455,46.26975983323705],[-72.50818378114627,46.26934191176272],[-72.50612766145348,46.267848893077115],[-72.50709729377714,46.26721710213638],[-72.50448510098364,46.26536038559533],[-72.50353565186172,46.26599880516872],[-72.49012130956731,46.2564066851174],[-72.49102330453418,46.2557112832156],[-72.49479102376876,46.25385326817239],[-72.49999834905965,46.250873445362906],[-72.50203003196577,46.24881117844022],[-72.50752033177456,46.244690308586364],[-72.51440333295767,46.24068168480325],[-72.52034101738296,46.23618091695392],[-72.52511610363383,46.23290359914835],[-72.52950444479096,46.23023802294694],[-72.5337248698123,46.227429369995235],[-72.53189903664672,46.22631731010103],[-72.52320503622339,46.21974686654112],[-72.51256967151764,46.211533206938526],[-72.50184602475146,46.2041188005282],[-72.4874309378699,46.19361122823142],[-72.47926520849886,46.1989731211142],[-72.47201592237955,46.20393618287765],[-72.46016696220288,46.211894922213595],[-72.4486532675865,46.22082715772262],[-72.44681317948422,46.224017516831275],[-72.44591178686403,46.22487982535068],[-72.43988575570536,46.229163255598415],[-72.43872246349612,46.22969838772078],[-72.44242580198879,46.232045565229576],[-72.46410256412594,46.244415915472125],[-72.46797582797178,46.24691155326693],[-72.49712472287916,46.26792311972257],[-72.50497029917588,46.27362592944784]]]},"properties":{"DAUID":"24380064","DGUID":"2021S051224380064","LANDAREA":28.0586,"PRUID":"24","CMA":"Trois-Rivieres"}},
{"type":"Feature","geometry":{"type":"Polygon","coordinates":[[[-72.3434507670294,46.399103744243625],[-72.34454760890372,46.398661489893456],[-72.34433730805482,46.39753471204298],[-72.3462565120751,46.39717619364497],[-72.34696789788596,46.39797509891301],[-72.34955000117917,46.394537193359355],[-72.350397787867,46.395031502222295],[-72.35010300689679,46.396063291953055],[-72.3529758953319,46.396730894755265],[-72.35354131944274,46.39643069702624],[-72.35868980416217,46.39648219479673],[-72.3614168924212,46.39541179092405],[-72.36164039751782,46.39466719406791],[-72.36317698975523,46.39393570236057],[-72.36469840643406,46.39394190788466],[-72.36868250798796,46.3930636068173],[-72.36918119551866,46.39347340344547],[-72.3665196908623,46.39452680260504],[-72.36675900437956,46.39552778862599],[-72.37020280717242,46.39437429775731],[-72.37243420421085,46.39463019312482],[-72.37038431013801,46.396292404729365],[-72.37101930022858,46.399555612156824],[-72.37181719506594,46.39995939575696],[-72.37521049238123,46.39937199161021],[-72.37589098420852,46.40106119467325],[-72.37951019234688,46.400241988601515],[-72.37993929005228,46.402153490126345],[-72.37958691106094,46.40412051194671],[-72.38084101119394,46.40384479514832],[-72.38163260762211,46.40011879118713],[-72.38292421164267,46.39226791121646],[-72.38557131579108,46.39253670339022],[-72.39090618893067,46.391068102322464],[-72.39447280017849,46.389591092670706],[-72.39695311330567,46.387815605171454],[-72.39801091263199,46.38758291533433],[-72.40045888552311,46.38545610428155],[-72.40257158736046,46.3844867957896],[-72.40376180728498,46.38283369820798],[-72.40668610447395,46.381575111108845],[-72.40830710571475,46.38242741108495],[-72.41123891659205,46.38078189681306],[-72.41297470170085,46.38175199245492],[-72.41651348627823,46.379644301083516],[-72.4220539139593,46.37753741061975],[-72.43257191445998,46.37746509698251],[-72.43313399188281,46.37663358889238],[-72.4330966979252,46.37388010971102],[-72.43568161164136,46.372635691402614],[-72.43826030760178,46.37304648957681],[-72.43915729565792,46.373711608025964],[-72.43747610502834,46.37527951284434],[-72.43828540234769,46.37577291242724],[-72.43626000190764,46.3769866035425],[-72.4400553094456,46.37768769858849],[-72.44121591218186,46.37750048940051],[-72.44263361458702,46.37611000311339],[-72.44330176138149,46.376105597467244],[-72.44263941309703,46.37539499572194],[-72.44250574801276,46.37375501125311],[-72.44324456374939,46.37130406475608],[-72.44433899418881,46.3694532084341],[-72.44282875327625,46.36455252269533],[-72.44104043746923,46.36192021963136],[-72.43964298010715,46.360570368023296],[-72.43485479561592,46.35858901908376],[-72.43456792634434,46.356872084057144],[-72.4362348571959,46.35355744575482],[-72.43873727955115,46.352592917973695],[-72.43686102830796,46.351220501882665],[-72.43043598176256,46.34916442669032],[-72.42749763798246,46.348370757726215],[-72.42360289641088,46.3467631204831],[-72.41949512042306,46.345439001149096],[-72.41491975558014,46.350159412991424],[-72.41078138437584,46.3546692830402],[-72.41143599721833,46.35525750964094],[-72.37618086736141,46.37108377592386],[-72.35867152097113,46.37893462535803],[-72.35705567353101,46.37957963843115],[-72.35306504574649,46.380697148581135],[-72.3494572122322,46.38122668572585],[-72.34114433719878,46.38199223620728],[-72.33617731218251,46.38257131669197],[-72.33611893115275,46.385030119790905],[-72.33667488729158,46.385653652410454],[-72.33874384687782,46.386495883369584],[-72.33848737170915,46.387536396029105],[-72.3367721733823,46.388868741011315],[-72.33649483495435,46.389788855255176],[-72.33756967291492,46.3936739273672],[-72.34111781746915,46.39579668308474],[-72.34231506250156,46.39699213422166],[-72.3434507670294,46.399103744243625]]]},"properties":{"DAUID":"24380065","DGUID":"2021S051224380065","LANDAREA":20.6736,"PRUID":"24","CMA":"Trois-Rivieres"}},
{"type":"Feature","geometry":{"type":"Polygon","coordinates":[[[-72.37618086736141,46.37108377592386],[-72.41143599721833,46.35525750964094],[-72.41078138437584,46.3546692830402],[-72.41491975558014,46.350159412991424],[-72.41949512042306,46.345439001149096],[-72.42360289641088,46.3467631204831],[-72.42749763798246,46.348370757726215],[-72.43043598176256,46.34916442669032],[-72.43686102830796,46.351220501882665],[-72.43873727955115,46.352592917973695],[-72.44051329475201,46.352016399292424],[-72.439924083726,46.350588997568444],[-72.4386535897344,46.349314408721746],[-72.43880010989527,46.34822411750697],[-72.43969852697481,46.34697791673112],[-72.44234760427194,46.34627964220478],[-72.44196486456855,46.3445269308556],[-72.44307472279517,46.34356604870142],[-72.44234071559384,46.34214017207698],[-72.43127683809189,46.346756567083105],[-72.42961093708954,46.34484592128357],[-72.43238213497989,46.3439455428768],[-72.43690316543369,46.34360353614966],[-72.43650533249593,46.34029936706544],[-72.43536859745488,46.3384607659506],[-72.42991359030596,46.337564834121984],[-72.42807674453746,46.336171524304575],[-72.42399283669675,46.33639561116037],[-72.4193062594132,46.334220030749286],[-72.41634675620719,46.331718707790145],[-72.41291304648493,46.33079397165974],[-72.40977520950221,46.33095201804901],[-72.40713968983125,46.330432941074655],[-72.40488520817634,46.328852281434685],[-72.40035791088343,46.3264294491908],[-72.39613933338681,46.32392777159793],[-72.39013000600116,46.32088831399632],[-72.36961383321334,46.32030107025868],[-72.36790178922199,46.32007646546768],[-72.36470328907716,46.31914528173263],[-72.3443566110898,46.31292357540957],[-72.34278835422174,46.31448696074115],[-72.34008643333725,46.315975162283415],[-72.33714473308567,46.31644210661166],[-72.33371648261503,46.317369273076984],[-72.33268275922586,46.318093128946416],[-72.33055805717177,46.320910243510916],[-72.32169212798931,46.32522730062261],[-72.3146511929935,46.32883003362275],[-72.32478306554181,46.33591476195185],[-72.33749535211447,46.34473774670659],[-72.35420735131643,46.3562722653132],[-72.35960176965597,46.3590451002868],[-72.37153070885867,46.36763607588775],[-72.37618086736141,46.37108377592386]]]},"properties":{"DAUID":"24380066","DGUID":"2021S051224380066","LANDAREA":30.9617,"PRUID":"24","CMA":"Trois-Rivieres"}},
{"type":"Feature","geometry":{"type":"Polygon","coordinates":[[[-72.42095255891445,46.333102519606],[-72.42359829433079,46.3326740914619],[-72.42720120390439,46.33335103895847],[-72.43242728615228,46.33618479102464],[-72.43305994731863,46.337472851322694],[-72.43740526015662,46.3384918345698],[-72.4414874735694,46.34104863059328],[-72.44234071559384,46.34214017207698],[-72.45206208856231,46.338084651431664],[-72.45602851228341,46.339167931246855],[-72.45675152976192,46.3390619363503],[-72.46041673374651,46.33510987954567],[-72.46042771757466,46.33424586012745],[-72.46254920154435,46.33299303001525],[-72.48662445201344,46.316629063255654],[-72.50911342756149,46.301300311006365],[-72.51214781082135,46.29917406462957],[-72.51452249830501,46.29716565349489],[-72.52777578494377,46.28810528112465],[-72.52069119586007,46.283951008727314],[-72.51175246140413,46.27840581640318],[-72.50497029917588,46.27362592944784],[-72.5019420278713,46.275766340672405],[-72.4923757541926,46.28221096438328],[-72.49184311554629,46.2822049119308],[-72.48332662272307,46.27608486021294],[-72.48249113627506,46.275986496928326],[-72.47949257833979,46.277394803757076],[-72.47575350782873,46.27991778849907],[-72.47026404650474,46.28334379211277],[-72.46927185119971,46.28378896085563],[-72.4602412443523,46.28675294166951],[-72.45428511401501,46.28882009923228],[-72.45085335277057,46.288742801634605],[-72.44841079945651,46.28928273163271],[-72.44687654578695,46.29009071951229],[-72.44428810386502,46.29084984340787],[-72.44009606485108,46.293462565451904],[-72.43593112985029,46.297532906002175],[-72.4287680881973,46.302523843888835],[-72.42625510623724,46.304676226213395],[-72.42240555233302,46.306290546484654],[-72.40196544121166,46.292555590384374],[-72.40106226267967,46.29181893669766],[-72.39976275177888,46.29266620120893],[-72.39031116950999,46.299396331958135],[-72.39149406078478,46.30173846229376],[-72.39180854423216,46.30499044715692],[-72.39127733173916,46.30618115516632],[-72.38950994479082,46.3076144839523],[-72.3890487589401,46.30892070369103],[-72.38913275259921,46.3110883951964],[-72.38981380213691,46.31208200593817],[-72.39309815528144,46.31492806701684],[-72.39600792334745,46.31839427207458],[-72.39937471832141,46.320167134303574],[-72.40189321686232,46.32127406642132],[-72.40348120731133,46.32249106927973],[-72.40545223310784,46.32326764297526],[-72.40801560749756,46.3256517838755],[-72.40905131639684,46.326142501599506],[-72.4121727054904,46.326777021322435],[-72.41538041683779,46.32774069481266],[-72.41983405509572,46.32469445038011],[-72.42831243475432,46.319056003404036],[-72.4320315119579,46.32227555262151],[-72.4272654387938,46.32547646309054],[-72.41906596550561,46.330776107987],[-72.41811784970498,46.33070929210923],[-72.41882453272545,46.33186572523466],[-72.42095255891445,46.333102519606]]]},"properties":{"DAUID":"24380075","DGUID":"2021S051224380075","LANDAREA":35.0774,"PRUID":"24","CMA":"Trois-Rivieres"}},
{"type":"Feature","geometry":{"type":"Polygon","coordinates":[[[-72.43305994731863,46.337472851322694],[-72.43242728615228,46.33618479102464],[-72.42720120390439,46.33335103895847],[-72.42359829433079,46.3326740914619],[-72.42095255891445,46.333102519606],[-72.42332858078,46.33553558803208],[-72.4295193310928,46.3358645356164],[-72.43153163384531,46.33730973481715],[-72.43305994731863,46.337472851322694]]]},"properties":{"DAUID":"24380076","DGUID":"2021S051224380076","LANDAREA":0.1308,"PRUID":"24","CMA":"Trois-Rivieres"}},
{"type":"Feature","geometry":{"type":"Polygon","coordinates":[[[-72.50748269150844,46.272371571636874],[-72.50497029917588,46.27362592944784],[-72.51175246140413,46.27840581640318],[-72.52069119586007,46.283951008727314],[-72.52777578494377,46.28810528112465],[-72.52814243631373,46.288320397874855],[-72.53454323177009,46.283948703171426],[-72.53146380807276,46.2817686277744],[-72.52973933246702,46.280997657193055],[-72.5282894249643,46.28081459681965],[-72.52224725319397,46.28071782194011],[-72.51983171370948,46.27988138442738],[-72.51836709532138,46.27883426229208],[-72.51991402215481,46.27777291899002],[-72.51808931062091,46.27679699290956],[-72.5181722081684,46.27552576842919],[-72.51496341486427,46.27327578452839],[-72.51308950343248,46.27373229422565],[-72.511111771583,46.27419112344949],[-72.5094587592207,46.27299513145974],[-72.50873644139885,46.273371547457316],[-72.50748269150844,46.272371571636874]]]},"properties":{"DAUID":"24380077","DGUID":"2021S051224380077","LANDAREA":1.167,"PRUID":"24","CMA":"Trois-Rivieres"}},
{"type":"Feature","geometry":{"type":"Polygon","coordinates":[[[-72.51110395930262,46.33399952121788],[-72.51223369533443,46.33314992837708],[-72.51306663317604,46.330861174988826],[-72.51567459968246,46.32818939926203],[-72.51761917600653,46.32585935882817],[-72.51998573941175,46.324769472473434],[-72.5234229267381,46.32214828425858],[-72.52582506124946,46.31871038635753],[-72.52659478634617,46.31703270204439],[-72.52869649418254,46.30709832367079],[-72.52922807994582,46.30607560113591],[-72.53069469248916,46.30507768753338],[-72.53637660290775,46.30264505477546],[-72.53832759441688,46.302220718447806],[-72.53691872658956,46.30066679081622],[-72.53572170553335,46.301171236398034],[-72.5347567608846,46.300545043936765],[-72.53500550321812,46.299765139748736],[-72.53238559142677,46.299023615879705],[-72.52976013924378,46.29691862953058],[-72.53138588084987,46.2958065221325],[-72.53248966742922,46.29445530204643],[-72.53719892978832,46.297815555756586],[-72.53908122000016,46.29655947702501],[-72.54128373825536,46.29784747638199],[-72.54324998844608,46.29962222239172],[-72.54401197467072,46.30113704100349],[-72.54645792134914,46.30058300329288],[-72.5481130784916,46.29960613150678],[-72.55455304104714,46.3033628391151],[-72.55246188602324,46.301721599414115],[-72.55460751166868,46.29999391223673],[-72.55563428911165,46.29992150987439],[-72.55816298859125,46.29704518676847],[-72.56038640661016,46.295309114022736],[-72.57026108960622,46.29011740146602],[-72.57566819499766,46.288100895193494],[-72.57881160241682,46.286398808885124],[-72.58103019965982,46.28565189907874],[-72.58315090401203,46.284562296729476],[-72.58725421184343,46.282066894112056],[-72.58950370818475,46.28101410585676],[-72.59177250817656,46.28035738946108],[-72.59454880260934,46.27881378905491],[-72.59693629890151,46.27803199367945],[-72.59888518342038,46.277876407066735],[-72.60144031949555,46.27642958536325],[-72.59942122628051,46.274569986548855],[-72.59741700175435,46.275162321331024],[-72.59140400143251,46.27868505688047],[-72.58898623061144,46.27992249488531],[-72.58129186578219,46.28322237067074],[-72.5776303301418,46.28467280620676],[-72.56635394597045,46.28729047675544],[-72.56490728502035,46.28787683082585],[-72.55469665198677,46.294831771164674],[-72.55160869837522,46.2968357496947],[-72.54942697276088,46.2954921965389],[-72.54918363834811,46.29393131131234],[-72.54746301069382,46.292710385718685],[-72.54608024498981,46.293399256253124],[-72.54192889909179,46.29076646266651],[-72.53821729959303,46.28808746938922],[-72.53709315049021,46.28793307138027],[-72.53711478204735,46.28647416168594],[-72.53652044119801,46.2854213679033],[-72.53454323177009,46.283948703171426],[-72.52814243631373,46.288320397874855],[-72.52777578494377,46.28810528112465],[-72.51452249830501,46.29716565349489],[-72.51214781082135,46.29917406462957],[-72.50911342756149,46.301300311006365],[-72.48662445201344,46.316629063255654],[-72.494513336177,46.32215207348185],[-72.50999772216346,46.33311100668152],[-72.51110395930262,46.33399952121788]]]},"properties":{"DAUID":"24380079","DGUID":"2021S051224380079","LANDAREA":11.3484,"PRUID":"24","CMA":"Trois-Rivieres"}},
{"type":"Feature","geometry":{"type":"Polygon","coordinates":[[[-72.74261716320841,46.289074182117545],[-72.75286512259184,46.296580837755144],[-72.76559385150226,46.30644936071478],[-72.76472342098135,46.30733335201352],[-72.77788429386581,46.31632999758882],[-72.7777183094476,46.317084590036266],[-72.77483407516613,46.319073733983416],[-72.76802135478329,46.314412114780595],[-72.7662448952343,46.31379388852214],[-72.76534292570751,46.314153521271514],[-72.76797279448141,46.316179662122536],[-72.76519994911523,46.316770058153075],[-72.7631213444097,46.31529673441544],[-72.76112896315868,46.31605449239496],[-72.77448227282939,46.32547797435695],[-72.77276223379714,46.32613641895207],[-72.77486522334846,46.3278122071873],[-72.77371022479089,46.32835479030051],[-72.77466573746857,46.3291523391947],[-72.77172558926657,46.33136965779852],[-72.76975088325747,46.334589978670664],[-72.76561185737953,46.33810508128601],[-72.74848371516327,46.351027441936814],[-72.74552628158358,46.35333456683691],[-72.75968692900256,46.35283167835784],[-72.77210965830561,46.352321223078036],[-72.78015997438057,46.358974025964535],[-72.78790360547659,46.36569752016813],[-72.80910049171068,46.35937545777096],[-72.81683334578405,46.36425895596217],[-72.81993343329901,46.362511300815505],[-72.81892637810317,46.359943667426954],[-72.81881043152902,46.357011315676786],[-72.81840402452895,46.356211244030135],[-72.81700876631342,46.35540020650941],[-72.81419773669693,46.35437284930788],[-72.80809736662631,46.347918095744866],[-72.80447703975038,46.34583047136671],[-72.80376827603943,46.34421865070931],[-72.80275647117266,46.3432717214936],[-72.80145810889958,46.34132357860378],[-72.80246505050584,46.33673327511433],[-72.80324135515546,46.33493093863069],[-72.80336042198641,46.33101128476583],[-72.80261673030517,46.32947236707506],[-72.79941304552389,46.32712202196652],[-72.79902204270697,46.32635753583201],[-72.79890323626643,46.32359637192163],[-72.8005608260798,46.320511353833254],[-72.80138861468791,46.31944608054488],[-72.80385790494557,46.317718138423864],[-72.80441754264295,46.31649751302518],[-72.80422907700913,46.312414561706326],[-72.80487407670961,46.3081214942019],[-72.80487233189379,46.30635680963663],[-72.80419943248418,46.30393377781097],[-72.80240185682979,46.30087281416138],[-72.80235985529113,46.29809172997553],[-72.8027291536099,46.29374262740279],[-72.80235679489864,46.29029738282919],[-72.81702088638501,46.28834890550933],[-72.81827420801854,46.287753499948316],[-72.81725098658063,46.28655080172802],[-72.81933140541857,46.286221312011634],[-72.82030198984585,46.285390294498654],[-72.8217333818717,46.285083907025374],[-72.82187901520015,46.28380719488729],[-72.82120662927954,46.282803166986554],[-72.82161382337843,46.28100450484306],[-72.81811926453179,46.27886389703185],[-72.81809941950067,46.27849628271038],[-72.81895048525946,46.27844921908668],[-72.83190790368131,46.27661234593951],[-72.83242220125878,46.27470830457608],[-72.83430141404452,46.27329025409226],[-72.8361418467581,46.27454956564029],[-72.83842826225921,46.27300232335814],[-72.84010857385611,46.272946469453764],[-72.84043360515165,46.27464277326948],[-72.84499958754806,46.273141152902355],[-72.85097920465788,46.275561278500085],[-72.85582966675348,46.27846193432535],[-72.84924131972944,46.279514088641],[-72.84965424570184,46.280438363284034],[-72.85742037297645,46.278340016997596],[-72.86024774850416,46.27803317205058],[-72.86557167780022,46.27803105563057],[-72.86870243704526,46.27732900174564],[-72.87429541072959,46.276536190913774],[-72.87640664550821,46.27643652191222],[-72.8780566259647,46.27597060816763],[-72.88362242403774,46.275160021172034],[-72.88576014818443,46.27459129675431],[-72.88987444736487,46.273836070499264],[-72.89279649840661,46.27275696585544],[-72.88250386081629,46.26569634100183],[-72.87847693577237,46.262796855059115],[-72.87777230132149,46.262546971693816],[-72.87507427080767,46.26057473619418],[-72.86784458558537,46.255685313199486],[-72.86249638886987,46.25176772000164],[-72.86050639873237,46.251936592064034],[-72.85919840606509,46.252882888400315],[-72.85654761038217,46.25330901264449],[-72.85526191102518,46.25455229233635],[-72.8559955986095,46.25613990239246],[-72.85379719326839,46.25668539549709],[-72.85168300820808,46.256682406056676],[-72.85003770323918,46.25980410709234],[-72.84949171005621,46.262104293117396],[-72.84992658143028,46.26261960089976],[-72.85398108370397,46.26200379614854],[-72.8546605985261,46.263789086630396],[-72.84971469063296,46.26518259326266],[-72.84701249770474,46.26659779347484],[-72.8443266044033,46.26663639291977],[-72.84302048619554,46.266287006550876],[-72.84088321420197,46.267102499147384],[-72.8383595904896,46.26766380142106],[-72.8370722078234,46.266837610187345],[-72.83652739184086,46.265754597243216],[-72.83748911357411,46.264536598567055],[-72.83451768792433,46.2624500052039],[-72.83309728862156,46.2619198883219],[-72.8323043124183,46.26311190741685],[-72.83081719738449,46.26379601180088],[-72.82921659834373,46.26527120959472],[-72.82988399300682,46.26692158821807],[-72.82452410621306,46.26708789776416],[-72.82152229934209,46.266440412646425],[-72.81855259205457,46.265297992947026],[-72.81374989215762,46.26240819823344],[-72.81402319361014,46.26128521220363],[-72.8177413991548,46.25853629222234],[-72.81675739846462,46.25734278970798],[-72.81547898554909,46.25792900420278],[-72.8120730187767,46.25853830110741],[-72.8097950878296,46.26019810805091],[-72.80697001534001,46.26101769620856],[-72.8037252894615,46.26321140891218],[-72.80266159374447,46.26320479574565],[-72.79942391695417,46.264813595800824],[-72.79808778816411,46.265822106103634],[-72.7936525867304,46.267720192418494],[-72.78757800222493,46.2689600916734],[-72.78331859897274,46.26927540230134],[-72.78020738183866,46.270074508374506],[-72.77626951322819,46.27157019169979],[-72.77336548340307,46.273369302578274],[-72.76953409857347,46.27463139684764],[-72.76709059825933,46.27592040810989],[-72.76440679883436,46.27673091073612],[-72.76025969776316,46.27732489976345],[-72.75556521028783,46.280002713339165],[-72.75442010708414,46.28022910356983],[-72.75180841399802,46.281435710925855],[-72.74991991063096,46.28194509720239],[-72.74848169761351,46.282736405912274],[-72.74470131415165,46.28398019952823],[-72.7457884896132,46.285130002231796],[-72.74117650565685,46.28736678969],[-72.73968484633384,46.28698584109767],[-72.74261716320841,46.289074182117545]]]},"properties":{"DAUID":"24510066","DGUID":"2021S051224510066","LANDAREA":45.6579,"PRUID":"24","CMA":"Trois-Rivieres"}},
{"type":"Feature","geometry":{"type":"Polygon","coordinates":[[[-72.84227198891466,46.34833710291028],[-72.84390267777678,46.343472058954696],[-72.84466417930562,46.33888528765888],[-72.84622029097328,46.333705812652425],[-72.84606954631117,46.332183310839376],[-72.84347355591694,46.32917340428402],[-72.84320145410659,46.32772576688774],[-72.84248541884114,46.318871113412314],[-72.84297602819538,46.31684124213581],[-72.84402655928109,46.31591507861438],[-72.84789684722915,46.31393912861744],[-72.85195108167574,46.31081042730369],[-72.85359427567838,46.3087060027679],[-72.85368088916486,46.306969430693805],[-72.85212075006501,46.304689955655036],[-72.84961284585798,46.302733698451796],[-72.84887525480804,46.300988726711005],[-72.85008016009552,46.30042598259345],[-72.84732285084309,46.29871072983888],[-72.83305440876022,46.28808115738362],[-72.82655990668923,46.283147856330864],[-72.81946812702333,46.279341603876404],[-72.81809941950067,46.27849628271038],[-72.81811926453179,46.27886389703185],[-72.82161382337843,46.28100450484306],[-72.82120662927954,46.282803166986554],[-72.82187901520015,46.28380719488729],[-72.8217333818717,46.285083907025374],[-72.82030198984585,46.285390294498654],[-72.81933140541857,46.286221312011634],[-72.81725098658063,46.28655080172802],[-72.81827420801854,46.287753499948316],[-72.81702088638501,46.28834890550933],[-72.80235679489864,46.29029738282919],[-72.8027291536099,46.29374262740279],[-72.80235985529113,46.29809172997553],[-72.80240185682979,46.30087281416138],[-72.80419943248418,46.30393377781097],[-72.80487233189379,46.30635680963663],[-72.80487407670961,46.3081214942019],[-72.80422907700913,46.312414561706326],[-72.80441754264295,46.31649751302518],[-72.80385790494557,46.317718138423864],[-72.80138861468791,46.31944608054488],[-72.8005608260798,46.320511353833254],[-72.79890323626643,46.32359637192163],[-72.79902204270697,46.32635753583201],[-72.79941304552389,46.32712202196652],[-72.80261673030517,46.32947236707506],[-72.80336042198641,46.33101128476583],[-72.80324135515546,46.33493093863069],[-72.80246505050584,46.33673327511433],[-72.80145810889958,46.34132357860378],[-72.80275647117266,46.3432717214936],[-72.80376827603943,46.34421865070931],[-72.80447703975038,46.34583047136671],[-72.80809736662631,46.347918095744866],[-72.81419773669693,46.35437284930788],[-72.81700876631342,46.35540020650941],[-72.81840402452895,46.356211244030135],[-72.81881043152902,46.357011315676786],[-72.81892637810317,46.359943667426954],[-72.81993343329901,46.362511300815505],[-72.81683334578405,46.36425895596217],[-72.82588238780755,46.37057518918375],[-72.83476382107693,46.36523022091943],[-72.83267128537047,46.363964651369244],[-72.83696233835752,46.36177594978722],[-72.8356257881036,46.360714603448145],[-72.83463849381273,46.358540596325206],[-72.8346908517684,46.35713781724987],[-72.83566785827438,46.35354593123806],[-72.8372119774813,46.348728634900766],[-72.83922407717206,46.34896730801181],[-72.84227198891466,46.34833710291028]]]},"properties":{"DAUID":"24510067","DGUID":"2021S051224510067","LANDAREA":25.3977,"PRUID":"24","CMA":"Trois-Rivieres"}},
{"type":"Feature","geometry":{"type":"Polygon","coordinates":[[[-72.85097920465788,46.275561278500085],[-72.84107029515228,46.27844304126424],[-72.83386179756424,46.28103247148021],[-72.83506762689565,46.28191982864516],[-72.83207499726852,46.28376988547966],[-72.82931821856965,46.28198531207434],[-72.82655990668923,46.283147856330864],[-72.83305440876022,46.28808115738362],[-72.84732285084309,46.29871072983888],[-72.85008016009552,46.30042598259345],[-72.85288473098792,46.29942664962368],[-72.8575451252401,46.296452675764066],[-72.86323374588065,46.294496503150036],[-72.87138796668785,46.29129681367696],[-72.86941784476366,46.28968197273778],[-72.86052653561168,46.283482353772946],[-72.85725329140801,46.28540679094039],[-72.85658935622438,46.285277180707375],[-72.84965424570184,46.280438363284034],[-72.84924131972944,46.279514088641],[-72.85582966675348,46.27846193432535],[-72.85097920465788,46.275561278500085]]]},"properties":{"DAUID":"24510068","DGUID":"2021S051224510068","LANDAREA":4.4241,"PRUID":"24","CMA":"Trois-Rivieres"}},
{"type":"Feature","geometry":{"type":"Polygon","coordinates":[[[-72.81809941950067,46.27849628271038],[-72.81946812702333,46.279341603876404],[-72.82655990668923,46.283147856330864],[-72.82931821856965,46.28198531207434],[-72.83207499726852,46.28376988547966],[-72.83506762689565,46.28191982864516],[-72.83386179756424,46.28103247148021],[-72.84107029515228,46.27844304126424],[-72.85097920465788,46.275561278500085],[-72.84499958754806,46.273141152902355],[-72.84043360515165,46.27464277326948],[-72.84010857385611,46.272946469453764],[-72.83842826225921,46.27300232335814],[-72.8361418467581,46.27454956564029],[-72.83430141404452,46.27329025409226],[-72.83242220125878,46.27470830457608],[-72.83190790368131,46.27661234593951],[-72.81895048525946,46.27844921908668],[-72.81809941950067,46.27849628271038]]]},"properties":{"DAUID":"24510069","DGUID":"2021S051224510069","LANDAREA":1.246,"PRUID":"24","CMA":"Trois-Rivieres"}},
{"type":"Feature","geometry":{"type":"Polygon","coordinates":[[[-72.92130007047491,46.33626248525249],[-72.92160916792315,46.33558429902832],[-72.92075556532845,46.33332808258708],[-72.91881593474486,46.3314059236028],[-72.91713779749665,46.33126950946602],[-72.91617268342264,46.330533429779855],[-72.91481387537534,46.328391921487594],[-72.91258780741842,46.32717198051756],[-72.91133658535566,46.326956613269516],[-72.9090945622606,46.32472387122462],[-72.90643877842382,46.32370061790069],[-72.90558462087903,46.322534945374166],[-72.90604866141166,46.32159901117193],[-72.90805763984221,46.32038127070552],[-72.90850965871623,46.31963785300996],[-72.90641081082045,46.31713860633842],[-72.90914339603292,46.31522686105226],[-72.90958132016607,46.314073390152636],[-72.90901425719706,46.3124260994299],[-72.90675229952733,46.30990913776971],[-72.9068872212982,46.3083349801904],[-72.90794223144604,46.30650725507568],[-72.90614750348053,46.30531095398253],[-72.90296722392453,46.305363059968464],[-72.90176802429563,46.30470057691703],[-72.901665991635,46.303550887882295],[-72.90236893525534,46.30246239582419],[-72.90476074895825,46.301428311878],[-72.90783071688374,46.29869833319903],[-72.91081205460438,46.2976031229276],[-72.91302397572842,46.29575893981712],[-72.91058463226025,46.29452725231767],[-72.90887245407026,46.29270409147346],[-72.90778363342834,46.29212451607266],[-72.9071089199239,46.29099710958112],[-72.90743990595962,46.28964295608286],[-72.90668357745312,46.28709894712959],[-72.90356467435407,46.2837039645421],[-72.90248800730859,46.282821610374],[-72.89999649959113,46.28176493829889],[-72.89782609855511,46.27948763864021],[-72.89542906983921,46.277390916471255],[-72.89474620737494,46.276007230386284],[-72.89583025508666,46.274389665088826],[-72.89279649840661,46.27275696585544],[-72.88987444736487,46.273836070499264],[-72.88576014818443,46.27459129675431],[-72.88362242403774,46.275160021172034],[-72.8780566259647,46.27597060816763],[-72.87640664550821,46.27643652191222],[-72.87429541072959,46.276536190913774],[-72.86870243704526,46.27732900174564],[-72.86557167780022,46.27803105563057],[-72.86024774850416,46.27803317205058],[-72.85742037297645,46.278340016997596],[-72.84965424570184,46.280438363284034],[-72.85658935622438,46.285277180707375],[-72.85725329140801,46.28540679094039],[-72.86052653561168,46.283482353772946],[-72.86941784476366,46.28968197273778],[-72.87138796668785,46.29129681367696],[-72.86323374588065,46.294496503150036],[-72.8575451252401,46.296452675764066],[-72.85288473098792,46.29942664962368],[-72.85008016009552,46.30042598259345],[-72.84887525480804,46.300988726711005],[-72.84961284585798,46.302733698451796],[-72.85212075006501,46.304689955655036],[-72.85368088916486,46.306969430693805],[-72.85359427567838,46.3087060027679],[-72.85195108167574,46.31081042730369],[-72.84789684722915,46.31393912861744],[-72.84402655928109,46.31591507861438],[-72.84297602819538,46.31684124213581],[-72.84248541884114,46.318871113412314],[-72.84320145410659,46.32772576688774],[-72.84347355591694,46.32917340428402],[-72.84606954631117,46.332183310839376],[-72.84622029097328,46.333705812652425],[-72.84466417930562,46.33888528765888],[-72.84390267777678,46.343472058954696],[-72.84227198891466,46.34833710291028],[-72.84377780098765,46.34952428756466],[-72.84482689155062,46.35089790549789],[-72.84671880661523,46.350233895217436],[-72.84820621540206,46.35189789385564],[-72.85049449919366,46.351775995596185],[-72.85091931163394,46.35101359150215],[-72.8530098832299,46.35111540080879],[-72.85266608584864,46.35272400200958],[-72.85608961110567,46.35440771476415],[-72.85842658927373,46.354564884913074],[-72.85903361166184,46.35599879210622],[-72.86042190062922,46.356177510739975],[-72.86945614017989,46.354252532154796],[-72.85525863182171,46.34357756058722],[-72.87076208409776,46.3387750754634],[-72.88532236268489,46.33360960436999],[-72.90642952574119,46.32646110842132],[-72.92130007047491,46.33626248525249]]]},"properties":{"DAUID":"24510070","DGUID":"2021S051224510070","LANDAREA":29.6666,"PRUID":"24","CMA":"Trois-Rivieres"}}
]}