{"type":"FeatureCollection", "features": [
{"type":"Feature","geometry":{"type":"Polygon","coordinates":[[[-123.41412175255047,48.66920326170913],[-123.41540904477239,48.670552446069046],[-123.41579504773671,48.672890966738485],[-123.41842842352642,48.672503654341305],[-123.41734722316902,48.67165196608263],[-123.41894413843058,48.67082734870137],[-123.4215335287783,48.67187126191201],[-123.42085753615955,48.67234977401666],[-123.42089055056933,48.67450885779458],[-123.4195551371497,48.67565687404967],[-123.41602025011095,48.67535486748336],[-123.41432892884265,48.67615245369035],[-123.41562463359611,48.67674207012214],[-123.4150251349436,48.67816486602313],[-123.41614283855077,48.67880857452777],[-123.41831564187564,48.67708246573109],[-123.42167323859329,48.67716937375267],[-123.42279683245103,48.676841759440464],[-123.42252312760417,48.674907672053],[-123.42461163721214,48.676151057246955],[-123.42264073912453,48.67767776433383],[-123.41809393658022,48.67963747035435],[-123.41391293276314,48.681847855458315],[-123.41267224521536,48.681349373103444],[-123.4132378436512,48.679035062282175],[-123.41262744270149,48.6773103642739],[-123.41142223759579,48.676180957296864],[-123.41197365226694,48.67548596654104],[-123.40989682363609,48.67408165959409],[-123.408673320534,48.67558706150132],[-123.40698911709877,48.67572806199127],[-123.40428913855732,48.67448756263146],[-123.40276634180096,48.674268155674206],[-123.40069622965349,48.67513835307199],[-123.3979876316682,48.674545952627795],[-123.39638623970899,48.674685465987096],[-123.39623194934022,48.67585615116325],[-123.39715072907904,48.67686885541134],[-123.39848582800103,48.677341657370306],[-123.40027953474325,48.67919735961256],[-123.40302243246443,48.680610274950375],[-123.40543194933541,48.683165255682866],[-123.4044920318709,48.684445671464275],[-123.40303321991698,48.68366795650358],[-123.40090092986888,48.68550237221181],[-123.4017873301783,48.6877754647091],[-123.40247435176612,48.68864557073901],[-123.40491101785234,48.68746635967573],[-123.4078138547796,48.687043360932314],[-123.40807105300894,48.68843625749235],[-123.41013434373565,48.68835644672588],[-123.41078155883132,48.68938906571712],[-123.41284423010718,48.68909425154847],[-123.41378674476023,48.689720859432754],[-123.4195434302717,48.69058115322601],[-123.42060463369795,48.6925208632517],[-123.42154473051558,48.69283135863407],[-123.4234149414081,48.692123547253445],[-123.42432152952378,48.69325295363666],[-123.42635930703277,48.69491125033165],[-123.42706169725274,48.692855604227496],[-123.42808999066439,48.692090892253276],[-123.42709499492203,48.69130510047188],[-123.42477150111442,48.690326010476795],[-123.42219131459197,48.688809609833534],[-123.41883141324426,48.687608705036155],[-123.41756309228533,48.68676391799496],[-123.41505468190445,48.684145800752255],[-123.4125128417136,48.68361980369624],[-123.41598623928839,48.68136498215099],[-123.42743050089922,48.67577751699263],[-123.42609894345645,48.67591925316701],[-123.42434518132916,48.675026797261026],[-123.42394310961255,48.673081711416295],[-123.42262714167177,48.67177613293862],[-123.42021750940178,48.67082810364953],[-123.41827301941477,48.670427597830695],[-123.41758255992147,48.66902233678996],[-123.41412175255047,48.66920326170913]]]},"properties":{"DAUID":"59170033","DGUID":"2021S051259170033","LANDAREA":2.1547,"PRUID":"59","CMA":"Victoria"}},
{"type":"Feature","geometry":{"type":"Polygon","coordinates":[[[-123.42477150111442,48.690326010476795],[-123.42461701078851,48.68851489960664],[-123.43177379450538,48.68918528076552],[-123.43334749931098,48.68948639034682],[-123.43546820006857,48.68903820797283],[-123.43729779406385,48.68785629236361],[-123.43727840327742,48.68589709971289],[-123.4378840153129,48.68424410392676],[-123.43762094650283,48.68204716388029],[-123.43610942193321,48.68096349678509],[-123.43592641064299,48.679890883355824],[-123.436286835097,48.67703669137828],[-123.43042102985352,48.67707378341805],[-123.42739179906314,48.67665810714144],[-123.42743050089922,48.67577751699263],[-123.41598623928839,48.68136498215099],[-123.4125128417136,48.68361980369624],[-123.41505468190445,48.684145800752255],[-123.41756309228533,48.68676391799496],[-123.41883141324426,48.687608705036155],[-123.42219131459197,48.688809609833534],[-123.42477150111442,48.690326010476795]]]},"properties":{"DAUID":"59170034","DGUID":"2021S051259170034","LANDAREA":1.8813,"PRUID":"59","CMA":"Victoria"}},
{"type":"Feature","geometry":{"type":"Polygon","coordinates":[[[-123.41758255992147,48.66902233678996],[-123.41678799707374,48.66615387407801],[-123.41210612328791,48.666164564358596],[-123.41009851789035,48.66543519560704],[-123.40941836157985,48.666291206572026],[-123.41179292402245,48.66668005906311],[-123.41156951967638,48.6675345575851],[-123.41297254439219,48.668105664565175],[-123.41412175255047,48.66920326170913],[-123.41758255992147,48.66902233678996]]]},"properties":{"DAUID":"59170035","DGUID":"2021S051259170035","LANDAREA":0.1521,"PRUID":"59","CMA":"Victoria"}},
{"type":"Feature","geometry":{"type":"Polygon","coordinates":[[[-123.41678799707374,48.66615387407801],[-123.41680018260605,48.663832971876715],[-123.41436288874556,48.66384140651361],[-123.41390858649547,48.6647542950897],[-123.41243327533216,48.665147604565306],[-123.41137669118767,48.66468200350068],[-123.41141239642812,48.66341810705022],[-123.41020109645932,48.662587310960355],[-123.40412590480148,48.662592504709224],[-123.40693031535257,48.664408792833285],[-123.41009851789035,48.66543519560704],[-123.41210612328791,48.666164564358596],[-123.41678799707374,48.66615387407801]]]},"properties":{"DAUID":"59170036","DGUID":"2021S051259170036","LANDAREA":0.1837,"PRUID":"59","CMA":"Victoria"}},
{"type":"Feature","geometry":{"type":"Polygon","coordinates":[[[-123.41680018260605,48.663832971876715],[-123.41680306089766,48.66348416994694],[-123.4162592933052,48.66257128211],[-123.41236429679302,48.66258130101859],[-123.41327798059329,48.661179210158245],[-123.41258759117497,48.660369198899616],[-123.4101176991468,48.66035780324898],[-123.41020109645932,48.662587310960355],[-123.41141239642812,48.66341810705022],[-123.41137669118767,48.66468200350068],[-123.41243327533216,48.665147604565306],[-123.41390858649547,48.6647542950897],[-123.41436288874556,48.66384140651361],[-123.41680018260605,48.663832971876715]]]},"properties":{"DAUID":"59170037","DGUID":"2021S051259170037","LANDAREA":0.1411,"PRUID":"59","CMA":"Victoria"}},
{"type":"Feature","geometry":{"type":"Polygon","coordinates":[[[-123.41020109645932,48.662587310960355],[-123.4101176991468,48.66035780324898],[-123.41015599496639,48.658727092489485],[-123.4029585269044,48.658732901687536],[-123.40301850604344,48.66083920849062],[-123.40412590480148,48.662592504709224],[-123.41020109645932,48.662587310960355]]]},"properties":{"DAUID":"59170038","DGUID":"2021S051259170038","LANDAREA":0.2167,"PRUID":"59","CMA":"Victoria"}},
{"type":"Feature","geometry":{"type":"Polygon","coordinates":[[[-123.41015599496639,48.658727092489485],[-123.41017350632995,48.6553298957039],[-123.408623792262,48.65532999885583],[-123.40578980323578,48.65533759927073],[-123.40578448958317,48.65705661361819],[-123.40294261448737,48.657055800065145],[-123.4029585269044,48.658732901687536],[-123.41015599496639,48.658727092489485]]]},"properties":{"DAUID":"59170039","DGUID":"2021S051259170039","LANDAREA":0.1602,"PRUID":"59","CMA":"Victoria"}},
{"type":"Feature","geometry":{"type":"Polygon","coordinates":[[[-123.40578980323578,48.65533759927073],[-123.40290159755412,48.65534380316098],[-123.40230040811696,48.653216996610155],[-123.40027321164256,48.653224303497375],[-123.40030159768297,48.655409191568666],[-123.40082507698808,48.658080402163094],[-123.40082650945419,48.65874299969071],[-123.4029585269044,48.658732901687536],[-123.40294261448737,48.657055800065145],[-123.40578448958317,48.65705661361819],[-123.40578980323578,48.65533759927073]]]},"properties":{"DAUID":"59170040","DGUID":"2021S051259170040","LANDAREA":0.1458,"PRUID":"59","CMA":"Victoria"}},
{"type":"Feature","geometry":{"type":"Polygon","coordinates":[[[-123.408623792262,48.65532999885583],[-123.40863871937933,48.65321470463385],[-123.40230040811696,48.653216996610155],[-123.40290159755412,48.65534380316098],[-123.40578980323578,48.65533759927073],[-123.408623792262,48.65532999885583]]]},"properties":{"DAUID":"59170041","DGUID":"2021S051259170041","LANDAREA":0.1044,"PRUID":"59","CMA":"Victoria"}},
{"type":"Feature","geometry":{"type":"Polygon","coordinates":[[[-123.40863871937933,48.65321470463385],[-123.41005940405005,48.653166626293896],[-123.40693100563676,48.64885049733912],[-123.40235704406037,48.64890124686323],[-123.40230040811696,48.653216996610155],[-123.40863871937933,48.65321470463385]]]},"properties":{"DAUID":"59170042","DGUID":"2021S051259170042","LANDAREA":0.2204,"PRUID":"59","CMA":"Victoria"}},
{"type":"Feature","geometry":{"type":"Polygon","coordinates":[[[-123.40230040811696,48.653216996610155],[-123.40235704406037,48.64890124686323],[-123.40031478337436,48.64893698401643],[-123.39905409561398,48.64893769561266],[-123.39902998879582,48.65322369889046],[-123.40027321164256,48.653224303497375],[-123.40230040811696,48.653216996610155]]]},"properties":{"DAUID":"59170043","DGUID":"2021S051259170043","LANDAREA":0.1154,"PRUID":"59","CMA":"Victoria"}},
{"type":"Feature","geometry":{"type":"Polygon","coordinates":[[[-123.39905409561398,48.64893769561266],[-123.39656239481272,48.64893718721107],[-123.39372025280319,48.648920320998094],[-123.39441732849595,48.65041265355796],[-123.39581855540878,48.650802959587715],[-123.39712154571097,48.65243655176938],[-123.3969660696563,48.65321652829767],[-123.39778548866182,48.65322210652786],[-123.39902998879582,48.65322369889046],[-123.39905409561398,48.64893769561266]]]},"properties":{"DAUID":"59170044","DGUID":"2021S051259170044","LANDAREA":0.1308,"PRUID":"59","CMA":"Victoria"}},
{"type":"Feature","geometry":{"type":"Polygon","coordinates":[[[-123.40031478337436,48.64893698401643],[-123.40029533972599,48.64448053988418],[-123.39706098622113,48.64450783203269],[-123.39656169131547,48.64507888533678],[-123.39656239481272,48.64893718721107],[-123.39905409561398,48.64893769561266],[-123.40031478337436,48.64893698401643]]]},"properties":{"DAUID":"59170045","DGUID":"2021S051259170045","LANDAREA":0.137,"PRUID":"59","CMA":"Victoria"}},
{"type":"Feature","geometry":{"type":"Polygon","coordinates":[[[-123.39656239481272,48.64893718721107],[-123.39656169131547,48.64507888533678],[-123.39706098622113,48.64450783203269],[-123.40029533972599,48.64448053988418],[-123.40039669319715,48.641296299352625],[-123.40539000968346,48.64127120936977],[-123.40540840307948,48.639708514745216],[-123.4067025877706,48.6394172992212],[-123.40704779612547,48.638071687884704],[-123.40339101147326,48.63807448710646],[-123.40578359043349,48.635531992822976],[-123.40514324882518,48.63540715800907],[-123.40318234973951,48.63779566849671],[-123.39813344005766,48.64289715965755],[-123.39565064589263,48.644902446151875],[-123.39361115513434,48.64617705889066],[-123.39372025280319,48.648920320998094],[-123.39656239481272,48.64893718721107]]]},"properties":{"DAUID":"59170046","DGUID":"2021S051259170046","LANDAREA":0.2884,"PRUID":"59","CMA":"Victoria"}},
{"type":"Feature","geometry":{"type":"Polygon","coordinates":[[[-123.40693100563676,48.64885049733912],[-123.40533549694676,48.64639030590205],[-123.40517090347215,48.64475461446371],[-123.40676858490994,48.64130872664294],[-123.40960806630758,48.63548371253582],[-123.40578359043349,48.635531992822976],[-123.40339101147326,48.63807448710646],[-123.40704779612547,48.638071687884704],[-123.4067025877706,48.6394172992212],[-123.40540840307948,48.639708514745216],[-123.40539000968346,48.64127120936977],[-123.40039669319715,48.641296299352625],[-123.40029533972599,48.64448053988418],[-123.40031478337436,48.64893698401643],[-123.40235704406037,48.64890124686323],[-123.40693100563676,48.64885049733912]]]},"properties":{"DAUID":"59170047","DGUID":"2021S051259170047","LANDAREA":0.4733,"PRUID":"59","CMA":"Victoria"}},
{"type":"Feature","geometry":{"type":"Polygon","coordinates":[[[-123.41005940405005,48.653166626293896],[-123.41683027277561,48.65323529601124],[-123.41689662897805,48.64582081476265],[-123.41677459951754,48.64442040820902],[-123.41081360136376,48.64448729966778],[-123.40678051881905,48.64449635089547],[-123.40570467285498,48.64559516292669],[-123.40640549306303,48.646824749995645],[-123.40896483720645,48.64741445001449],[-123.40933324020945,48.64887300440984],[-123.40693100563676,48.64885049733912],[-123.41005940405005,48.653166626293896]]]},"properties":{"DAUID":"59170048","DGUID":"2021S051259170048","LANDAREA":0.6408,"PRUID":"59","CMA":"Victoria"}},
{"type":"Feature","geometry":{"type":"Polygon","coordinates":[[[-123.41677459951754,48.64442040820902],[-123.4166209964671,48.64314548864492],[-123.4175020840461,48.640130769946495],[-123.41228919833593,48.640159106366255],[-123.4117072059896,48.64063719122474],[-123.41085531464385,48.64128989979859],[-123.41081360136376,48.64448729966778],[-123.41677459951754,48.64442040820902]]]},"properties":{"DAUID":"59170049","DGUID":"2021S051259170049","LANDAREA":0.2074,"PRUID":"59","CMA":"Victoria"}},
{"type":"Feature","geometry":{"type":"Polygon","coordinates":[[[-123.40960806630758,48.63548371253582],[-123.41709415920438,48.63538806695737],[-123.41795369195924,48.63807553670935],[-123.41796006792595,48.638947414707665],[-123.41869669078719,48.637180366248586],[-123.42080526062881,48.634637043474484],[-123.42051411923721,48.633643761576934],[-123.42300425014889,48.633642778668346],[-123.4227923933706,48.63274789208417],[-123.42042758622006,48.63274920630881],[-123.42037581363657,48.62998491006023],[-123.42011950215166,48.62729399942828],[-123.41900150009978,48.62519609747513],[-123.41854510765573,48.624573810842975],[-123.41503641347481,48.6245651834715],[-123.41599891274444,48.628999699359596],[-123.41643918854238,48.629988499302726],[-123.41391897479897,48.63015560175694],[-123.41068651114001,48.62999641135455],[-123.40982557913405,48.632022807210376],[-123.4070137839028,48.6342350027818],[-123.40578359043349,48.635531992822976],[-123.40960806630758,48.63548371253582]]]},"properties":{"DAUID":"59170051","DGUID":"2021S051259170051","LANDAREA":0.7642,"PRUID":"59","CMA":"Victoria"}},
{"type":"Feature","geometry":{"type":"Polygon","coordinates":[[[-123.40578359043349,48.635531992822976],[-123.4070137839028,48.6342350027818],[-123.40982557913405,48.632022807210376],[-123.41068651114001,48.62999641135455],[-123.41391897479897,48.63015560175694],[-123.41643918854238,48.629988499302726],[-123.41599891274444,48.628999699359596],[-123.41503641347481,48.6245651834715],[-123.41854510765573,48.624573810842975],[-123.41900150009978,48.62519609747513],[-123.4239604975653,48.62519648787996],[-123.42493650848233,48.622364096975524],[-123.42362937286724,48.62067459567622],[-123.42417400815638,48.619436491815655],[-123.42418470168717,48.617581502933895],[-123.41654589963397,48.61749979799647],[-123.41657888791241,48.6190971992627],[-123.414308416896,48.619120505810585],[-123.41375310535321,48.617389600474084],[-123.41202142789687,48.616362109036785],[-123.41140477933685,48.61552759002533],[-123.40222443631643,48.61542720490573],[-123.40021222146048,48.61288527878756],[-123.40000361493561,48.61210040299083],[-123.39846161554665,48.612147871640126],[-123.40074114358491,48.61571045145405],[-123.40223105858358,48.61708046663537],[-123.40387614238826,48.61916265145947],[-123.40734112899949,48.62487235719083],[-123.40939624945068,48.62576395429728],[-123.41028712211717,48.628316054141635],[-123.40994824967828,48.6300621700987],[-123.40902314704871,48.63166727060101],[-123.40514324882518,48.63540715800907],[-123.40578359043349,48.635531992822976]]]},"properties":{"DAUID":"59170052","DGUID":"2021S051259170052","LANDAREA":1.6252,"PRUID":"59","CMA":"Victoria"}},
{"type":"Feature","geometry":{"type":"Polygon","coordinates":[[[-123.41654589963397,48.61749979799647],[-123.41641189546526,48.61584320815535],[-123.41584398103772,48.61458980007618],[-123.41627070521346,48.6130107843122],[-123.41810420961798,48.61194905229495],[-123.4083470786172,48.611865096171506],[-123.4044326849016,48.61188409913161],[-123.40000361493561,48.61210040299083],[-123.40021222146048,48.61288527878756],[-123.40222443631643,48.61542720490573],[-123.41140477933685,48.61552759002533],[-123.41202142789687,48.616362109036785],[-123.41375310535321,48.617389600474084],[-123.414308416896,48.619120505810585],[-123.41657888791241,48.6190971992627],[-123.41654589963397,48.61749979799647]]]},"properties":{"DAUID":"59170053","DGUID":"2021S051259170053","LANDAREA":0.5586,"PRUID":"59","CMA":"Victoria"}},
{"type":"Feature","geometry":{"type":"Polygon","coordinates":[[[-123.42418470168717,48.617581502933895],[-123.42747288474284,48.61760070736267],[-123.42740598643528,48.61607281359357],[-123.42623178631437,48.61524929267023],[-123.42286160380247,48.614405896639994],[-123.42429990490344,48.612799904398834],[-123.42699679974321,48.61252899745964],[-123.4280109976526,48.6136768165047],[-123.43105200700528,48.6141245078281],[-123.43311998645005,48.61296549390746],[-123.43024940112603,48.612076699773624],[-123.4241753369958,48.61217877556456],[-123.41810420961798,48.61194905229495],[-123.41627070521346,48.6130107843122],[-123.41584398103772,48.61458980007618],[-123.41641189546526,48.61584320815535],[-123.41654589963397,48.61749979799647],[-123.42418470168717,48.617581502933895]]]},"properties":{"DAUID":"59170054","DGUID":"2021S051259170054","LANDAREA":0.4792,"PRUID":"59","CMA":"Victoria"}},
{"type":"Feature","geometry":{"type":"Polygon","coordinates":[[[-123.42747288474284,48.61760070736267],[-123.42895371419038,48.61762298312583],[-123.43247791543382,48.617462915290425],[-123.43229091209845,48.61617109564655],[-123.43431720050373,48.616475111063075],[-123.4355985926841,48.6155811081628],[-123.4356511106824,48.61399659388569],[-123.4349756105827,48.61276960736434],[-123.43311998645005,48.61296549390746],[-123.43105200700528,48.6141245078281],[-123.4280109976526,48.6136768165047],[-123.42699679974321,48.61252899745964],[-123.42429990490344,48.612799904398834],[-123.42286160380247,48.614405896639994],[-123.42623178631437,48.61524929267023],[-123.42740598643528,48.61607281359357],[-123.42747288474284,48.61760070736267]]]},"properties":{"DAUID":"59170055","DGUID":"2021S051259170055","LANDAREA":0.3249,"PRUID":"59","CMA":"Victoria"}},
{"type":"Feature","geometry":{"type":"Polygon","coordinates":[[[-123.42037581363657,48.62998491006023],[-123.43004660430319,48.629990887922524],[-123.44319648660856,48.630082424590746],[-123.44414481980186,48.63001390572738],[-123.44379282774769,48.62432666148774],[-123.44384058345324,48.61940597826624],[-123.4437165267055,48.6157999125916],[-123.44265780259667,48.61517859945368],[-123.43858341565033,48.616618498617484],[-123.43564659892355,48.61910348836392],[-123.43417391032868,48.61905439147651],[-123.43393511453343,48.62080209462093],[-123.43132518745516,48.62232749579758],[-123.42892328377278,48.622273986645084],[-123.42739782113247,48.621505107856706],[-123.42648880109304,48.61986670253218],[-123.42893690904943,48.61917138233864],[-123.42895371419038,48.61762298312583],[-123.42747288474284,48.61760070736267],[-123.42418470168717,48.617581502933895],[-123.42417400815638,48.619436491815655],[-123.42362937286724,48.62067459567622],[-123.42493650848233,48.622364096975524],[-123.4239604975653,48.62519648787996],[-123.41900150009978,48.62519609747513],[-123.42011950215166,48.62729399942828],[-123.42037581363657,48.62998491006023]]]},"properties":{"DAUID":"59170056","DGUID":"2021S051259170056","LANDAREA":2.0028,"PRUID":"59","CMA":"Victoria"}},
{"type":"Feature","geometry":{"type":"Polygon","coordinates":[[[-123.40047925958837,48.583223203524085],[-123.40127334407292,48.585652991841805],[-123.40093937796173,48.58834499644307],[-123.39811426721151,48.594147732563634],[-123.4034707525086,48.594125467226576],[-123.4034445540199,48.58327789898469],[-123.40047925958837,48.583223203524085]]]},"properties":{"DAUID":"59170063","DGUID":"2021S051259170063","LANDAREA":0.2873,"PRUID":"59","CMA":"Victoria"}},
{"type":"Feature","geometry":{"type":"Polygon","coordinates":[[[-123.40047925958837,48.583223203524085],[-123.37125283467492,48.58283315064123],[-123.37015593490442,48.58754666053669],[-123.37080435686826,48.58907346450052],[-123.37261102737554,48.59119976833457],[-123.37232524512288,48.59291876746639],[-123.37148049237229,48.594043214407414],[-123.37466998776792,48.59400308685292],[-123.37687765037377,48.592381852066396],[-123.37469153684421,48.592038659140925],[-123.37319013720978,48.59058595123539],[-123.37381854805506,48.589369663369055],[-123.37595624644906,48.59053184947899],[-123.37832113514382,48.591396361308114],[-123.38340724940126,48.59153304831752],[-123.38543182848049,48.59191327432017],[-123.38793474429166,48.593055572505065],[-123.390889021828,48.59404754229852],[-123.39239585480671,48.59390995678737],[-123.3926345596161,48.59389932221594],[-123.39372309553508,48.59414741847545],[-123.39811426721151,48.594147732563634],[-123.40093937796173,48.58834499644307],[-123.40127334407292,48.585652991841805],[-123.40047925958837,48.583223203524085]]]},"properties":{"DAUID":"59170066","DGUID":"2021S051259170066","LANDAREA":2.3166,"PRUID":"59","CMA":"Victoria"}},
{"type":"Feature","geometry":{"type":"Polygon","coordinates":[[[-123.39692141788125,48.563708255327],[-123.3993666697241,48.56512957414875],[-123.40353822133939,48.56513696469623],[-123.40355089084436,48.56028668992612],[-123.40128320698884,48.56026280910204],[-123.4007495953717,48.561890592203646],[-123.39783769792481,48.56184089851572],[-123.39734840175744,48.56143949228644],[-123.39743063021825,48.55953277007744],[-123.39526331278789,48.55962570204762],[-123.39370109500325,48.55752966171787],[-123.39483996443663,48.56025995950833],[-123.39692141788125,48.563708255327]]]},"properties":{"DAUID":"59170070","DGUID":"2021S051259170070","LANDAREA":0.2559,"PRUID":"59","CMA":"Victoria"}},
{"type":"Feature","geometry":{"type":"Polygon","coordinates":[[[-123.40128320698884,48.56026280910204],[-123.40230650571407,48.55806980618461],[-123.40091089987911,48.55646149920461],[-123.39581429027858,48.55655839862046],[-123.39552470659616,48.55428100095068],[-123.3927141064553,48.554293184058295],[-123.39370109500325,48.55752966171787],[-123.39526331278789,48.55962570204762],[-123.39743063021825,48.55953277007744],[-123.39734840175744,48.56143949228644],[-123.39783769792481,48.56184089851572],[-123.4007495953717,48.561890592203646],[-123.40128320698884,48.56026280910204]]]},"properties":{"DAUID":"59170071","DGUID":"2021S051259170071","LANDAREA":0.3143,"PRUID":"59","CMA":"Victoria"}},
{"type":"Feature","geometry":{"type":"Polygon","coordinates":[[[-123.39552470659616,48.55428100095068],[-123.40138692188944,48.554329994876944],[-123.40350669075129,48.556076896759],[-123.4035243932821,48.55069471464302],[-123.39668475507413,48.550467809461054],[-123.3921240979305,48.55062529721191],[-123.38995060605545,48.55066569749435],[-123.38999110120115,48.5538457994863],[-123.3927141064553,48.554293184058295],[-123.39552470659616,48.55428100095068]]]},"properties":{"DAUID":"59170072","DGUID":"2021S051259170072","LANDAREA":0.4229,"PRUID":"59","CMA":"Victoria"}},
{"type":"Feature","geometry":{"type":"Polygon","coordinates":[[[-123.3921240979305,48.55062529721191],[-123.39116340159872,48.54625141579748],[-123.3899485419795,48.541683594989024],[-123.38939315870708,48.53788574295774],[-123.39023256995675,48.53738074418855],[-123.3902153850941,48.53629830510083],[-123.38980251583781,48.53488790325201],[-123.38848200651043,48.53370218632363],[-123.38793691293378,48.5307963091507],[-123.38445433020729,48.5306862064152],[-123.3812025857463,48.530605099027426],[-123.37735529901978,48.532383688039104],[-123.378105918907,48.53330659235041],[-123.37976924048355,48.536593665247],[-123.38144745482151,48.53900823043297],[-123.38059328072727,48.539264892629525],[-123.38244392039431,48.542039959211564],[-123.38446541903733,48.550706237386585],[-123.38995060605545,48.55066569749435],[-123.3921240979305,48.55062529721191]]]},"properties":{"DAUID":"59170074","DGUID":"2021S051259170074","LANDAREA":1.4241,"PRUID":"59","CMA":"Victoria"}},
{"type":"Feature","geometry":{"type":"Polygon","coordinates":[[[-123.37735529901978,48.532383688039104],[-123.37509051600631,48.5314052975623],[-123.37308968009016,48.528602091263124],[-123.37027499258022,48.528471113979144],[-123.3686159038768,48.52703960803624],[-123.36837740495953,48.52605541204555],[-123.36565953035054,48.526028022899084],[-123.36670744663616,48.52166160054016],[-123.36639576603082,48.519408763400754],[-123.36626834532396,48.52245176202647],[-123.36503762142273,48.52623446489368],[-123.3654764205686,48.52697076270737],[-123.36516423717971,48.52886067158737],[-123.36577872743078,48.529624055889876],[-123.36588902550312,48.53178175344342],[-123.36650252945482,48.53214915587932],[-123.36568682892235,48.533627575330286],[-123.3642664510307,48.53777055989455],[-123.3625489424063,48.54026714740169],[-123.36190235676438,48.544390267563124],[-123.36233714212506,48.54642124711536],[-123.36440972705573,48.54830405921362],[-123.36562045406221,48.54887656051564],[-123.36534152648679,48.55034430080413],[-123.37630606150512,48.55069093231813],[-123.38446541903733,48.550706237386585],[-123.38244392039431,48.542039959211564],[-123.38059328072727,48.539264892629525],[-123.38144745482151,48.53900823043297],[-123.37976924048355,48.536593665247],[-123.378105918907,48.53330659235041],[-123.37735529901978,48.532383688039104]]]},"properties":{"DAUID":"59170075","DGUID":"2021S051259170075","LANDAREA":3.0369,"PRUID":"59","CMA":"Victoria"}},
{"type":"Feature","geometry":{"type":"Polygon","coordinates":[[[-123.38445433020729,48.5306862064152],[-123.38407555122966,48.52634616558411],[-123.3779564971081,48.52618879989738],[-123.3780564027219,48.524317600431594],[-123.37930037907998,48.52438890482845],[-123.37936918589648,48.522298802166176],[-123.37820411821835,48.52117264721918],[-123.37818384572951,48.51800906294106],[-123.37313150120816,48.51794268631365],[-123.37241358823266,48.519302716160254],[-123.36991000404797,48.51813608740077],[-123.36930509627469,48.51821938415269],[-123.37145068129598,48.52137250508787],[-123.37268268876065,48.525179213032665],[-123.37270559016275,48.52755930807077],[-123.37308968009016,48.528602091263124],[-123.37509051600631,48.5314052975623],[-123.37735529901978,48.532383688039104],[-123.3812025857463,48.530605099027426],[-123.38445433020729,48.5306862064152]]]},"properties":{"DAUID":"59170076","DGUID":"2021S051259170076","LANDAREA":0.9129,"PRUID":"59","CMA":"Victoria"}},
{"type":"Feature","geometry":{"type":"Polygon","coordinates":[[[-123.38793691293378,48.5307963091507],[-123.38693648286628,48.52774031483832],[-123.38675029705287,48.525071295740084],[-123.38593651161035,48.52223810169897],[-123.38505939779637,48.51813189864021],[-123.37818384572951,48.51800906294106],[-123.37820411821835,48.52117264721918],[-123.37936918589648,48.522298802166176],[-123.37930037907998,48.52438890482845],[-123.3780564027219,48.524317600431594],[-123.3779564971081,48.52618879989738],[-123.38407555122966,48.52634616558411],[-123.38445433020729,48.5306862064152],[-123.38793691293378,48.5307963091507]]]},"properties":{"DAUID":"59170077","DGUID":"2021S051259170077","LANDAREA":0.6082,"PRUID":"59","CMA":"Victoria"}},
{"type":"Feature","geometry":{"type":"Polygon","coordinates":[[[-123.37818384572951,48.51800906294106],[-123.38505939779637,48.51813189864021],[-123.38423682011019,48.51429030307513],[-123.3741529984878,48.51418540868299],[-123.3717774517009,48.514096825730476],[-123.37171659484011,48.51667052745018],[-123.36864700816113,48.517220197376695],[-123.36930509627469,48.51821938415269],[-123.36991000404797,48.51813608740077],[-123.37241358823266,48.519302716160254],[-123.37313150120816,48.51794268631365],[-123.37818384572951,48.51800906294106]]]},"properties":{"DAUID":"59170079","DGUID":"2021S051259170079","LANDAREA":0.4405,"PRUID":"59","CMA":"Victoria"}},
{"type":"Feature","geometry":{"type":"Polygon","coordinates":[[[-123.36837740495953,48.52605541204555],[-123.36838730170697,48.52531989422875],[-123.36725892147439,48.52186820286271],[-123.36705919799,48.518008617827064],[-123.36930509627469,48.51821938415269],[-123.36864700816113,48.517220197376695],[-123.36660741753391,48.51270710168356],[-123.36623518636836,48.51060780735268],[-123.36516089223524,48.510603605005734],[-123.36478848200493,48.51303620107997],[-123.36204321820307,48.51184889950155],[-123.35929523175537,48.511849106193075],[-123.36122004047806,48.51321006093572],[-123.36394693642279,48.51404746689872],[-123.36466993303826,48.51473827778808],[-123.36605574987554,48.51736026953711],[-123.36639576603082,48.519408763400754],[-123.36670744663616,48.52166160054016],[-123.36565953035054,48.526028022899084],[-123.36837740495953,48.52605541204555]]]},"properties":{"DAUID":"59170081","DGUID":"2021S051259170081","LANDAREA":0.2718,"PRUID":"59","CMA":"Victoria"}},
{"type":"Feature","geometry":{"type":"Polygon","coordinates":[[[-123.37308968009016,48.528602091263124],[-123.37270559016275,48.52755930807077],[-123.37268268876065,48.525179213032665],[-123.37145068129598,48.52137250508787],[-123.36930509627469,48.51821938415269],[-123.36705919799,48.518008617827064],[-123.36725892147439,48.52186820286271],[-123.36838730170697,48.52531989422875],[-123.36837740495953,48.52605541204555],[-123.3686159038768,48.52703960803624],[-123.37027499258022,48.528471113979144],[-123.37308968009016,48.528602091263124]]]},"properties":{"DAUID":"59170082","DGUID":"2021S051259170082","LANDAREA":0.3294,"PRUID":"59","CMA":"Victoria"}},
{"type":"Feature","geometry":{"type":"Polygon","coordinates":[[[-123.36204321820307,48.51184889950155],[-123.36159169215874,48.51054379128732],[-123.36247040203389,48.51017879649123],[-123.36285453041135,48.508869098789525],[-123.36212541443504,48.50841998432639],[-123.35931200880317,48.508044299501975],[-123.35843850051198,48.508679896039396],[-123.35731500685593,48.50743008425942],[-123.35439861226975,48.50534928338076],[-123.35425216546444,48.50371807041416],[-123.3548179943633,48.502809708421516],[-123.35262561487657,48.50223737871654],[-123.34733408456492,48.50227889941954],[-123.34404536009345,48.50246625321722],[-123.34376793835716,48.50334703434309],[-123.34614431859065,48.50473746423968],[-123.34903573361518,48.50563756489647],[-123.35488013209415,48.50888476361032],[-123.35929523175537,48.511849106193075],[-123.36204321820307,48.51184889950155]]]},"properties":{"DAUID":"59170084","DGUID":"2021S051259170084","LANDAREA":0.5198,"PRUID":"59","CMA":"Victoria"}},
{"type":"Feature","geometry":{"type":"Polygon","coordinates":[[[-123.36212541443504,48.50841998432639],[-123.36266599219464,48.50648580377568],[-123.36268811106629,48.50536370159306],[-123.36152520077702,48.50460080328822],[-123.36035668774223,48.504639301853416],[-123.36052170633576,48.503283685351526],[-123.35969960194012,48.502322702208765],[-123.3579957252059,48.503067503580695],[-123.35425216546444,48.50371807041416],[-123.35439861226975,48.50534928338076],[-123.35731500685593,48.50743008425942],[-123.35843850051198,48.508679896039396],[-123.35931200880317,48.508044299501975],[-123.36212541443504,48.50841998432639]]]},"properties":{"DAUID":"59170085","DGUID":"2021S051259170085","LANDAREA":0.2832,"PRUID":"59","CMA":"Victoria"}},
{"type":"Feature","geometry":{"type":"Polygon","coordinates":[[[-123.37358409770026,48.49707961487253],[-123.37651351830476,48.49625669905765],[-123.3809546137336,48.49538810181524],[-123.38367960819322,48.49461498945237],[-123.38595318258578,48.49289019788676],[-123.3860562903088,48.492292535413874],[-123.38522229516738,48.490351902620255],[-123.38442692278726,48.48829619721071],[-123.38463019229316,48.48677098925688],[-123.38241858977278,48.48589400920202],[-123.38081850073837,48.48700148890034],[-123.37816799978755,48.488239012100905],[-123.37598500932255,48.48845280722944],[-123.37400457832766,48.489008798763344],[-123.37268298083984,48.49013029830955],[-123.37259820303771,48.49209121080469],[-123.3703083178992,48.49291179958781],[-123.3681373970715,48.49418799322597],[-123.37358409770026,48.49707961487253]]]},"properties":{"DAUID":"59170094","DGUID":"2021S051259170094","LANDAREA":0.9114,"PRUID":"59","CMA":"Victoria"}},
{"type":"Feature","geometry":{"type":"Polygon","coordinates":[[[-123.3860562903088,48.492292535413874],[-123.38649127750472,48.49427680702329],[-123.38498851919847,48.498892501438114],[-123.38527929372543,48.498913187710926],[-123.3880001013091,48.499121870122686],[-123.38995092588155,48.49627089951195],[-123.39058060400895,48.49693114281803],[-123.393868822542,48.498242825022864],[-123.39574618571662,48.49612759552587],[-123.39794190603676,48.495148996855974],[-123.38985125042207,48.493062875931045],[-123.38870090446869,48.4949533981876],[-123.38667240630312,48.49190703822977],[-123.38600754445795,48.489541661035865],[-123.3865750702903,48.48758720833199],[-123.38522229516738,48.490351902620255],[-123.3860562903088,48.492292535413874]]]},"properties":{"DAUID":"59170095","DGUID":"2021S051259170095","LANDAREA":0.3813,"PRUID":"59","CMA":"Victoria"}},
{"type":"Feature","geometry":{"type":"Polygon","coordinates":[[[-123.38985125042207,48.493062875931045],[-123.39093651289879,48.49122310524881],[-123.3936436015732,48.4919190001079],[-123.39445389647247,48.49057920862848],[-123.40019290915599,48.491985094396334],[-123.40131759951771,48.48974040240889],[-123.3987329867541,48.48917660897868],[-123.3911317849969,48.48751729736643],[-123.38761940877464,48.4867075921868],[-123.3865750702903,48.48758720833199],[-123.38600754445795,48.489541661035865],[-123.38667240630312,48.49190703822977],[-123.38870090446869,48.4949533981876],[-123.38985125042207,48.493062875931045]]]},"properties":{"DAUID":"59170096","DGUID":"2021S051259170096","LANDAREA":0.4549,"PRUID":"59","CMA":"Victoria"}},
{"type":"Feature","geometry":{"type":"Polygon","coordinates":[[[-123.39794190603676,48.495148996855974],[-123.39896908923316,48.49460340018215],[-123.40019290915599,48.491985094396334],[-123.39445389647247,48.49057920862848],[-123.3936436015732,48.4919190001079],[-123.39093651289879,48.49122310524881],[-123.38985125042207,48.493062875931045],[-123.39794190603676,48.495148996855974]]]},"properties":{"DAUID":"59170097","DGUID":"2021S051259170097","LANDAREA":0.2218,"PRUID":"59","CMA":"Victoria"}},
{"type":"Feature","geometry":{"type":"Polygon","coordinates":[[[-123.393868822542,48.498242825022864],[-123.39717450637484,48.49938800558402],[-123.39827650823972,48.50003719819814],[-123.40234981798778,48.50153019414823],[-123.40557050804048,48.50300040340332],[-123.40722518333916,48.50461429790922],[-123.40744088528716,48.50671598870316],[-123.40879498193648,48.50794829447652],[-123.41087919056184,48.509006405865286],[-123.41248016728643,48.509462890797096],[-123.41580128660286,48.51101539184693],[-123.41709218127137,48.512199168353376],[-123.42202738385568,48.50363160080681],[-123.42145401363051,48.5034662006933],[-123.42291229739331,48.50138539991057],[-123.42137551926812,48.50089450534028],[-123.41923711851598,48.50083496765302],[-123.41926069586273,48.49871770665324],[-123.40607563798994,48.49524367772426],[-123.40865451618856,48.49137118066072],[-123.40131759951771,48.48974040240889],[-123.40019290915599,48.491985094396334],[-123.39896908923316,48.49460340018215],[-123.39794190603676,48.495148996855974],[-123.39574618571662,48.49612759552587],[-123.393868822542,48.498242825022864]]]},"properties":{"DAUID":"59170098","DGUID":"2021S051259170098","LANDAREA":2.2321,"PRUID":"59","CMA":"Victoria"}},
{"type":"Feature","geometry":{"type":"Polygon","coordinates":[[[-123.40131759951771,48.48974040240889],[-123.40192599075098,48.488357687778446],[-123.40325950009036,48.48658688352038],[-123.40251960066963,48.48520269537632],[-123.40247459958088,48.483934702203854],[-123.40141129351952,48.483004201291806],[-123.40003797992401,48.48068639892694],[-123.39874161519903,48.48166099721166],[-123.39983689014694,48.48299079339737],[-123.39933419592722,48.48385319378806],[-123.39781379376196,48.48435419427705],[-123.39666389652116,48.48708069929642],[-123.39774890964226,48.487445510838434],[-123.3987329867541,48.48917660897868],[-123.40131759951771,48.48974040240889]]]},"properties":{"DAUID":"59170100","DGUID":"2021S051259170100","LANDAREA":0.2577,"PRUID":"59","CMA":"Victoria"}},
{"type":"Feature","geometry":{"type":"Polygon","coordinates":[[[-123.40325950009036,48.48658688352038],[-123.40518691226075,48.485389712337884],[-123.40885218334738,48.48186349178558],[-123.40978134726271,48.480118832878006],[-123.39927329907601,48.477548588672356],[-123.40003797992401,48.48068639892694],[-123.40141129351952,48.483004201291806],[-123.40247459958088,48.483934702203854],[-123.40251960066963,48.48520269537632],[-123.40325950009036,48.48658688352038]]]},"properties":{"DAUID":"59170101","DGUID":"2021S051259170101","LANDAREA":0.3993,"PRUID":"59","CMA":"Victoria"}},
{"type":"Feature","geometry":{"type":"Polygon","coordinates":[[[-123.40003797992401,48.48068639892694],[-123.39927329907601,48.477548588672356],[-123.39884858874306,48.47672569612748],[-123.39101469596112,48.477653994669396],[-123.39150490433549,48.47939290684244],[-123.39031488900714,48.481690108628754],[-123.39609409532494,48.4830811173185],[-123.39842998959418,48.48216910383288],[-123.39874161519903,48.48166099721166],[-123.40003797992401,48.48068639892694]]]},"properties":{"DAUID":"59170102","DGUID":"2021S051259170102","LANDAREA":0.3608,"PRUID":"59","CMA":"Victoria"}},
{"type":"Feature","geometry":{"type":"Polygon","coordinates":[[[-123.3987329867541,48.48917660897868],[-123.39774890964226,48.487445510838434],[-123.39666389652116,48.48708069929642],[-123.39781379376196,48.48435419427705],[-123.39933419592722,48.48385319378806],[-123.39983689014694,48.48299079339737],[-123.39874161519903,48.48166099721166],[-123.39842998959418,48.48216910383288],[-123.39609409532494,48.4830811173185],[-123.39031488900714,48.481690108628754],[-123.38862798568054,48.48483610854652],[-123.39181198169179,48.485597095996155],[-123.3911317849969,48.48751729736643],[-123.3987329867541,48.48917660897868]]]},"properties":{"DAUID":"59170103","DGUID":"2021S051259170103","LANDAREA":0.3787,"PRUID":"59","CMA":"Victoria"}},
{"type":"Feature","geometry":{"type":"Polygon","coordinates":[[[-123.38522229516738,48.490351902620255],[-123.3865750702903,48.48758720833199],[-123.38761940877464,48.4867075921868],[-123.3911317849969,48.48751729736643],[-123.39181198169179,48.485597095996155],[-123.38862798568054,48.48483610854652],[-123.39031488900714,48.481690108628754],[-123.38646066910479,48.48078728881661],[-123.38659049813808,48.4832799842826],[-123.38463019229316,48.48677098925688],[-123.38442692278726,48.48829619721071],[-123.38522229516738,48.490351902620255]]]},"properties":{"DAUID":"59170104","DGUID":"2021S051259170104","LANDAREA":0.2392,"PRUID":"59","CMA":"Victoria"}},
{"type":"Feature","geometry":{"type":"Polygon","coordinates":[[[-123.38463019229316,48.48677098925688],[-123.38659049813808,48.4832799842826],[-123.38646066910479,48.48078728881661],[-123.3852625036172,48.47814778617603],[-123.38483099516475,48.478191513842994],[-123.38535059073118,48.47905460740558],[-123.38376528244059,48.479508691671064],[-123.38549948829096,48.48156241655778],[-123.38510550805141,48.4818952849295],[-123.38091251777176,48.48206510670011],[-123.37889139085748,48.48245870121917],[-123.37972538857709,48.48361831182544],[-123.38241858977278,48.48589400920202],[-123.38463019229316,48.48677098925688]]]},"properties":{"DAUID":"59170105","DGUID":"2021S051259170105","LANDAREA":0.2379,"PRUID":"59","CMA":"Victoria"}},
{"type":"Feature","geometry":{"type":"Polygon","coordinates":[[[-123.38483099516475,48.478191513842994],[-123.38443329125393,48.47710409019846],[-123.38173709089439,48.47779049476956],[-123.38183709918147,48.47878930615011],[-123.37723179586445,48.47974861162449],[-123.37804961268122,48.48102667871722],[-123.37889139085748,48.48245870121917],[-123.38091251777176,48.48206510670011],[-123.38510550805141,48.4818952849295],[-123.38549948829096,48.48156241655778],[-123.38376528244059,48.479508691671064],[-123.38535059073118,48.47905460740558],[-123.38483099516475,48.478191513842994]]]},"properties":{"DAUID":"59170106","DGUID":"2021S051259170106","LANDAREA":0.2064,"PRUID":"59","CMA":"Victoria"}},
{"type":"Feature","geometry":{"type":"Polygon","coordinates":[[[-123.36498428719246,48.47943130694989],[-123.36804119960942,48.47904101097838],[-123.36918921045965,48.47965018272725],[-123.37132428825902,48.47934519330749],[-123.37175339824216,48.47847850397746],[-123.37369559455344,48.478846699985546],[-123.37625892591359,48.47853870840569],[-123.37339551924721,48.47622690257882],[-123.36690811234554,48.47714808961872],[-123.36334667781891,48.477612984768044],[-123.36388120172509,48.47951931075242],[-123.36498428719246,48.47943130694989]]]},"properties":{"DAUID":"59170111","DGUID":"2021S051259170111","LANDAREA":0.2146,"PRUID":"59","CMA":"Victoria"}},
{"type":"Feature","geometry":{"type":"Polygon","coordinates":[[[-123.37339551924721,48.47622690257882],[-123.37188365773517,48.474689662520454],[-123.37031912726023,48.473136103159604],[-123.37027362595313,48.47208535961782],[-123.36837179843893,48.472259107331276],[-123.3678269801547,48.472414198868584],[-123.36873227674944,48.47479233856493],[-123.3663088035862,48.47522600484803],[-123.36690811234554,48.47714808961872],[-123.37339551924721,48.47622690257882]]]},"properties":{"DAUID":"59170112","DGUID":"2021S051259170112","LANDAREA":0.151,"PRUID":"59","CMA":"Victoria"}},
{"type":"Feature","geometry":{"type":"Polygon","coordinates":[[[-123.36837179843893,48.472259107331276],[-123.36459429561552,48.47002980731337],[-123.36120506854445,48.47043063947886],[-123.3617156817123,48.472170222185916],[-123.3663088035862,48.47522600484803],[-123.36873227674944,48.47479233856493],[-123.3678269801547,48.472414198868584],[-123.36837179843893,48.472259107331276]]]},"properties":{"DAUID":"59170113","DGUID":"2021S051259170113","LANDAREA":0.1851,"PRUID":"59","CMA":"Victoria"}},
{"type":"Feature","geometry":{"type":"Polygon","coordinates":[[[-123.37027362595313,48.47208535961782],[-123.37040466203946,48.47140507991009],[-123.37379901001981,48.47095990681425],[-123.37324587724984,48.46895779569424],[-123.37101970048396,48.469235410654754],[-123.36459429561552,48.47002980731337],[-123.36837179843893,48.472259107331276],[-123.37027362595313,48.47208535961782]]]},"properties":{"DAUID":"59170114","DGUID":"2021S051259170114","LANDAREA":0.141,"PRUID":"59","CMA":"Victoria"}},
{"type":"Feature","geometry":{"type":"Polygon","coordinates":[[[-123.37101970048396,48.469235410654754],[-123.37027240361004,48.46754498363632],[-123.3686740113325,48.46622659521049],[-123.36717600319082,48.46608839571889],[-123.36443281062398,48.466678511672015],[-123.36298068503203,48.46801659248234],[-123.36459429561552,48.47002980731337],[-123.37101970048396,48.469235410654754]]]},"properties":{"DAUID":"59170115","DGUID":"2021S051259170115","LANDAREA":0.1814,"PRUID":"59","CMA":"Victoria"}},
{"type":"Feature","geometry":{"type":"Polygon","coordinates":[[[-123.3686740113325,48.46622659521049],[-123.36748109501691,48.46516899867394],[-123.36794408037392,48.462870107114654],[-123.35973430412655,48.46279390685541],[-123.35948668097967,48.463648898889154],[-123.36164900507802,48.46639909134367],[-123.36298068503203,48.46801659248234],[-123.36443281062398,48.466678511672015],[-123.36717600319082,48.46608839571889],[-123.3686740113325,48.46622659521049]]]},"properties":{"DAUID":"59170116","DGUID":"2021S051259170116","LANDAREA":0.2352,"PRUID":"59","CMA":"Victoria"}},
{"type":"Feature","geometry":{"type":"Polygon","coordinates":[[[-123.36794408037392,48.462870107114654],[-123.36856351340185,48.46154190684095],[-123.36554039141258,48.46151639394666],[-123.36441999511923,48.46114579811532],[-123.36340151010499,48.460838189931025],[-123.36056921529564,48.460828994532086],[-123.35973430412655,48.46279390685541],[-123.36794408037392,48.462870107114654]]]},"properties":{"DAUID":"59170117","DGUID":"2021S051259170117","LANDAREA":0.1121,"PRUID":"59","CMA":"Victoria"}},
{"type":"Feature","geometry":{"type":"Polygon","coordinates":[[[-123.36441999511923,48.46114579811532],[-123.36429441746907,48.460736003694876],[-123.36329700274234,48.457194282997754],[-123.35985308927697,48.457598097689996],[-123.35614868533882,48.45790530670681],[-123.35743691514377,48.460969207775996],[-123.36056921529564,48.460828994532086],[-123.36340151010499,48.460838189931025],[-123.36441999511923,48.46114579811532]]]},"properties":{"DAUID":"59170118","DGUID":"2021S051259170118","LANDAREA":0.1917,"PRUID":"59","CMA":"Victoria"}},
{"type":"Feature","geometry":{"type":"Polygon","coordinates":[[[-123.36429441746907,48.460736003694876],[-123.36888660179851,48.460298309147625],[-123.3688196905602,48.458227007373026],[-123.36940207400977,48.457175593112375],[-123.36960033762779,48.45686397399927],[-123.36918646880392,48.45641634530753],[-123.36329700274234,48.457194282997754],[-123.36429441746907,48.460736003694876]]]},"properties":{"DAUID":"59170119","DGUID":"2021S051259170119","LANDAREA":0.1609,"PRUID":"59","CMA":"Victoria"}},
{"type":"Feature","geometry":{"type":"Polygon","coordinates":[[[-123.36960033762779,48.45686397399927],[-123.37084922928008,48.45584441151174],[-123.37031777204186,48.45600527640105],[-123.36624541881045,48.452572004414264],[-123.36603067966541,48.45267040096633],[-123.36518958848052,48.453057997626736],[-123.3667906188828,48.454418892856594],[-123.3650792906483,48.45527989789984],[-123.36539509864183,48.45612909514363],[-123.36302869218862,48.45626869837736],[-123.36329700274234,48.457194282997754],[-123.36918646880392,48.45641634530753],[-123.36960033762779,48.45686397399927]]]},"properties":{"DAUID":"59170120","DGUID":"2021S051259170120","LANDAREA":0.1102,"PRUID":"59","CMA":"Victoria"}},
{"type":"Feature","geometry":{"type":"Polygon","coordinates":[[[-123.36329700274234,48.457194282997754],[-123.36302869218862,48.45626869837736],[-123.36539509864183,48.45612909514363],[-123.3650792906483,48.45527989789984],[-123.3667906188828,48.454418892856594],[-123.36518958848052,48.453057997626736],[-123.35945028555817,48.45572139563534],[-123.35985308927697,48.457598097689996],[-123.36329700274234,48.457194282997754]]]},"properties":{"DAUID":"59170121","DGUID":"2021S051259170121","LANDAREA":0.1355,"PRUID":"59","CMA":"Victoria"}},
{"type":"Feature","geometry":{"type":"Polygon","coordinates":[[[-123.36603067966541,48.45267040096633],[-123.36284821767592,48.45212230549925],[-123.360879105156,48.451798191102355],[-123.35945028555817,48.45572139563534],[-123.36518958848052,48.453057997626736],[-123.36603067966541,48.45267040096633]]]},"properties":{"DAUID":"59170122","DGUID":"2021S051259170122","LANDAREA":0.0894,"PRUID":"59","CMA":"Victoria"}},
{"type":"Feature","geometry":{"type":"Polygon","coordinates":[[[-123.360879105156,48.451798191102355],[-123.36189046372796,48.448964694823424],[-123.35979409178837,48.449205565071395],[-123.35760191393143,48.45468610388803],[-123.35945028555817,48.45572139563534],[-123.360879105156,48.451798191102355]]]},"properties":{"DAUID":"59170123","DGUID":"2021S051259170123","LANDAREA":0.1066,"PRUID":"59","CMA":"Victoria"}},
{"type":"Feature","geometry":{"type":"Polygon","coordinates":[[[-123.36284821767592,48.45212230549925],[-123.3640170814928,48.44871374824097],[-123.36189046372796,48.448964694823424],[-123.360879105156,48.451798191102355],[-123.36284821767592,48.45212230549925]]]},"properties":{"DAUID":"59170124","DGUID":"2021S051259170124","LANDAREA":0.0531,"PRUID":"59","CMA":"Victoria"}},
{"type":"Feature","geometry":{"type":"Polygon","coordinates":[[[-123.36624541881045,48.452572004414264],[-123.3674903116587,48.45198789965675],[-123.36658791308507,48.448412487416114],[-123.3640170814928,48.44871374824097],[-123.36284821767592,48.45212230549925],[-123.36603067966541,48.45267040096633],[-123.36624541881045,48.452572004414264]]]},"properties":{"DAUID":"59170125","DGUID":"2021S051259170125","LANDAREA":0.115,"PRUID":"59","CMA":"Victoria"}},
{"type":"Feature","geometry":{"type":"Polygon","coordinates":[[[-123.36189046372796,48.448964694823424],[-123.3640170814928,48.44871374824097],[-123.36658791308507,48.448412487416114],[-123.36605519047164,48.446464913360714],[-123.36279311189648,48.447713899103924],[-123.36231479172716,48.44612559008536],[-123.35812123445466,48.446650544800015],[-123.35888813604404,48.449304724979136],[-123.35979409178837,48.449205565071395],[-123.36189046372796,48.448964694823424]]]},"properties":{"DAUID":"59170126","DGUID":"2021S051259170126","LANDAREA":0.142,"PRUID":"59","CMA":"Victoria"}},
{"type":"Feature","geometry":{"type":"Polygon","coordinates":[[[-123.36658791308507,48.448412487416114],[-123.37230917021414,48.44774926884409],[-123.36854377083895,48.441406291670035],[-123.36421088321403,48.44197040949088],[-123.36005320264915,48.44251169669086],[-123.35871898669546,48.442667800824495],[-123.35911952155699,48.44407560325559],[-123.35744060384944,48.44428889977603],[-123.35812123445466,48.446650544800015],[-123.36231479172716,48.44612559008536],[-123.36279311189648,48.447713899103924],[-123.36605519047164,48.446464913360714],[-123.36658791308507,48.448412487416114]]]},"properties":{"DAUID":"59170127","DGUID":"2021S051259170127","LANDAREA":0.5252,"PRUID":"59","CMA":"Victoria"}},
{"type":"Feature","geometry":{"type":"Polygon","coordinates":[[[-123.35812123445466,48.446650544800015],[-123.35744060384944,48.44428889977603],[-123.3550972081991,48.444606382109924],[-123.35473271056904,48.44318420473158],[-123.35145929199818,48.44359839019517],[-123.35100919301597,48.44505441457842],[-123.34918459625868,48.44528830388981],[-123.34976721146799,48.447706206807354],[-123.35665321343367,48.44683214518479],[-123.3573765370367,48.44946810303708],[-123.35888813604404,48.449304724979136],[-123.35812123445466,48.446650544800015]]]},"properties":{"DAUID":"59170128","DGUID":"2021S051259170128","LANDAREA":0.2309,"PRUID":"59","CMA":"Victoria"}},
{"type":"Feature","geometry":{"type":"Polygon","coordinates":[[[-123.34976721146799,48.447706206807354],[-123.35045140843053,48.44973248720163],[-123.35103099755712,48.45022940080339],[-123.3573765370367,48.44946810303708],[-123.35665321343367,48.44683214518479],[-123.34976721146799,48.447706206807354]]]},"properties":{"DAUID":"59170129","DGUID":"2021S051259170129","LANDAREA":0.1498,"PRUID":"59","CMA":"Victoria"}},
{"type":"Feature","geometry":{"type":"Polygon","coordinates":[[[-123.34918459625868,48.44528830388981],[-123.34863622018435,48.44332210685821],[-123.34644029275434,48.44512309540232],[-123.34422950691946,48.447833497973186],[-123.3459645123005,48.448379290547564],[-123.3481440875596,48.44844250923453],[-123.34809267795734,48.45047752035247],[-123.35103099755712,48.45022940080339],[-123.35045140843053,48.44973248720163],[-123.34976721146799,48.447706206807354],[-123.34918459625868,48.44528830388981]]]},"properties":{"DAUID":"59170130","DGUID":"2021S051259170130","LANDAREA":0.1691,"PRUID":"59","CMA":"Victoria"}},
{"type":"Feature","geometry":{"type":"Polygon","coordinates":[[[-123.34644029275434,48.44512309540232],[-123.34552320887836,48.443953886778814],[-123.34308631184591,48.44480451179471],[-123.342582721213,48.444182303265336],[-123.33944208055586,48.44527850153857],[-123.34152789556471,48.448273412400134],[-123.34394440488038,48.44834308434654],[-123.3459645123005,48.448379290547564],[-123.34422950691946,48.447833497973186],[-123.34644029275434,48.44512309540232]]]},"properties":{"DAUID":"59170131","DGUID":"2021S051259170131","LANDAREA":0.1605,"PRUID":"59","CMA":"Victoria"}},
{"type":"Feature","geometry":{"type":"Polygon","coordinates":[[[-123.34863622018435,48.44332210685821],[-123.35167954147224,48.44038897187498],[-123.34724927965893,48.44109600403017],[-123.34714420366785,48.442319792519065],[-123.342582721213,48.444182303265336],[-123.34308631184591,48.44480451179471],[-123.34552320887836,48.443953886778814],[-123.34644029275434,48.44512309540232],[-123.34863622018435,48.44332210685821]]]},"properties":{"DAUID":"59170132","DGUID":"2021S051259170132","LANDAREA":0.1058,"PRUID":"59","CMA":"Victoria"}},
{"type":"Feature","geometry":{"type":"Polygon","coordinates":[[[-123.34724927965893,48.44109600403017],[-123.34425961386816,48.441291600895475],[-123.34124650374247,48.44250109265472],[-123.342582721213,48.444182303265336],[-123.34714420366785,48.442319792519065],[-123.34724927965893,48.44109600403017]]]},"properties":{"DAUID":"59170133","DGUID":"2021S051259170133","LANDAREA":0.087,"PRUID":"59","CMA":"Victoria"}},
{"type":"Feature","geometry":{"type":"Polygon","coordinates":[[[-123.35167954147224,48.44038897187498],[-123.35188178007039,48.43836348088373],[-123.34931270575751,48.438670411179686],[-123.34787330148711,48.43858658757051],[-123.34777669024552,48.439466093953996],[-123.3454816920244,48.43899560615122],[-123.34476238966687,48.44014810875381],[-123.34425961386816,48.441291600895475],[-123.34724927965893,48.44109600403017],[-123.35167954147224,48.44038897187498]]]},"properties":{"DAUID":"59170134","DGUID":"2021S051259170134","LANDAREA":0.1186,"PRUID":"59","CMA":"Victoria"}},
{"type":"Feature","geometry":{"type":"Polygon","coordinates":[[[-123.34787330148711,48.43858658757051],[-123.34485189051033,48.43812309309192],[-123.3422664147143,48.43813940973814],[-123.33728038873097,48.438077301980655],[-123.33723299889077,48.44004470646766],[-123.33899713051387,48.440066508160314],[-123.34476238966687,48.44014810875381],[-123.3454816920244,48.43899560615122],[-123.34777669024552,48.439466093953996],[-123.34787330148711,48.43858658757051]]]},"properties":{"DAUID":"59170135","DGUID":"2021S051259170135","LANDAREA":0.1473,"PRUID":"59","CMA":"Victoria"}},
{"type":"Feature","geometry":{"type":"Polygon","coordinates":[[[-123.34931270575751,48.438670411179686],[-123.34952349774868,48.43628321238252],[-123.34690121206883,48.43623551053872],[-123.34765091005214,48.43465990465787],[-123.34499151200839,48.434507589912194],[-123.34485189051033,48.43812309309192],[-123.34787330148711,48.43858658757051],[-123.34931270575751,48.438670411179686]]]},"properties":{"DAUID":"59170136","DGUID":"2021S051259170136","LANDAREA":0.1132,"PRUID":"59","CMA":"Victoria"}},
{"type":"Feature","geometry":{"type":"Polygon","coordinates":[[[-123.34485189051033,48.43812309309192],[-123.34499151200839,48.434507589912194],[-123.3429265072685,48.43439089248886],[-123.33981718079065,48.43424780524802],[-123.33976019964699,48.43614840570426],[-123.3423165036455,48.43619269535736],[-123.3422664147143,48.43813940973814],[-123.34485189051033,48.43812309309192]]]},"properties":{"DAUID":"59170137","DGUID":"2021S051259170137","LANDAREA":0.1183,"PRUID":"59","CMA":"Victoria"}},
{"type":"Feature","geometry":{"type":"Polygon","coordinates":[[[-123.3422664147143,48.43813940973814],[-123.3423165036455,48.43619269535736],[-123.33976019964699,48.43614840570426],[-123.33981718079065,48.43424780524802],[-123.33830291056208,48.43417819687765],[-123.3374081896468,48.43412869600789],[-123.33728038873097,48.438077301980655],[-123.3422664147143,48.43813940973814]]]},"properties":{"DAUID":"59170138","DGUID":"2021S051259170138","LANDAREA":0.1188,"PRUID":"59","CMA":"Victoria"}},
{"type":"Feature","geometry":{"type":"Polygon","coordinates":[[[-123.3429265072685,48.43439089248886],[-123.34309999886332,48.43135149560307],[-123.34211062008922,48.43130869894832],[-123.33983110334079,48.4312424033406],[-123.33972461083025,48.43270341008435],[-123.33838419427276,48.43266248756246],[-123.33830291056208,48.43417819687765],[-123.33981718079065,48.43424780524802],[-123.3429265072685,48.43439089248886]]]},"properties":{"DAUID":"59170139","DGUID":"2021S051259170139","LANDAREA":0.0989,"PRUID":"59","CMA":"Victoria"}},
{"type":"Feature","geometry":{"type":"Polygon","coordinates":[[[-123.34499151200839,48.434507589912194],[-123.34511609865234,48.431375085816846],[-123.34517539423089,48.429548494414504],[-123.34223081770634,48.42948099659006],[-123.34211062008922,48.43130869894832],[-123.34309999886332,48.43135149560307],[-123.3429265072685,48.43439089248886],[-123.34499151200839,48.434507589912194]]]},"properties":{"DAUID":"59170140","DGUID":"2021S051259170140","LANDAREA":0.0964,"PRUID":"59","CMA":"Victoria"}},
{"type":"Feature","geometry":{"type":"Polygon","coordinates":[[[-123.34765091005214,48.43465990465787],[-123.34930957981543,48.43480150095628],[-123.34941730685365,48.43391590309244],[-123.34734280994492,48.43372869076021],[-123.3475792842575,48.43155850293005],[-123.34511609865234,48.431375085816846],[-123.34499151200839,48.434507589912194],[-123.34765091005214,48.43465990465787]]]},"properties":{"DAUID":"59170141","DGUID":"2021S051259170141","LANDAREA":0.0757,"PRUID":"59","CMA":"Victoria"}},
{"type":"Feature","geometry":{"type":"Polygon","coordinates":[[[-123.34930957981543,48.43480150095628],[-123.35229510334686,48.434988080450196],[-123.35246768402199,48.433592796506495],[-123.35266931319147,48.43192038913],[-123.3475792842575,48.43155850293005],[-123.34734280994492,48.43372869076021],[-123.34941730685365,48.43391590309244],[-123.34930957981543,48.43480150095628]]]},"properties":{"DAUID":"59170142","DGUID":"2021S051259170142","LANDAREA":0.1145,"PRUID":"59","CMA":"Victoria"}},
{"type":"Feature","geometry":{"type":"Polygon","coordinates":[[[-123.34511609865234,48.431375085816846],[-123.3475792842575,48.43155850293005],[-123.35266931319147,48.43192038913],[-123.35296819821404,48.42954530247632],[-123.35303498806658,48.4290753005245],[-123.35011499194896,48.42888321512336],[-123.34529269790171,48.42866049602129],[-123.34517539423089,48.429548494414504],[-123.34511609865234,48.431375085816846]]]},"properties":{"DAUID":"59170143","DGUID":"2021S051259170143","LANDAREA":0.1778,"PRUID":"59","CMA":"Victoria"}},
{"type":"Feature","geometry":{"type":"Polygon","coordinates":[[[-123.35246768402199,48.433592796506495],[-123.35819801833644,48.43392351049624],[-123.3584244910746,48.43228511378278],[-123.35852368948501,48.431548096475304],[-123.35562479063516,48.43138549805492],[-123.35587030493137,48.42972149157207],[-123.35296819821404,48.42954530247632],[-123.35266931319147,48.43192038913],[-123.35246768402199,48.433592796506495]]]},"properties":{"DAUID":"59170144","DGUID":"2021S051259170144","LANDAREA":0.1527,"PRUID":"59","CMA":"Victoria"}},
{"type":"Feature","geometry":{"type":"Polygon","coordinates":[[[-123.35229510334686,48.434988080450196],[-123.35339299061609,48.43504799679711],[-123.35800640903626,48.43530030488217],[-123.35819801833644,48.43392351049624],[-123.35246768402199,48.433592796506495],[-123.35229510334686,48.434988080450196]]]},"properties":{"DAUID":"59170145","DGUID":"2021S051259170145","LANDAREA":0.0657,"PRUID":"59","CMA":"Victoria"}},
{"type":"Feature","geometry":{"type":"Polygon","coordinates":[[[-123.35339299061609,48.43504799679711],[-123.35463020417492,48.43802059139324],[-123.3586289927118,48.43751439130134],[-123.35800640903626,48.43530030488217],[-123.35339299061609,48.43504799679711]]]},"properties":{"DAUID":"59170146","DGUID":"2021S051259170146","LANDAREA":0.0977,"PRUID":"59","CMA":"Victoria"}},
{"type":"Feature","geometry":{"type":"Polygon","coordinates":[[[-123.35800640903626,48.43530030488217],[-123.3586289927118,48.43751439130134],[-123.36003217850035,48.437328498054505],[-123.35948339515983,48.4353866956441],[-123.35972671896481,48.43400219455949],[-123.35819801833644,48.43392351049624],[-123.35800640903626,48.43530030488217]]]},"properties":{"DAUID":"59170147","DGUID":"2021S051259170147","LANDAREA":0.0421,"PRUID":"59","CMA":"Victoria"}},
{"type":"Feature","geometry":{"type":"Polygon","coordinates":[[[-123.36003217850035,48.437328498054505],[-123.36142861033323,48.43711890054427],[-123.36103382050085,48.43546319607875],[-123.36263331306222,48.43557789528484],[-123.36242449270942,48.43411482110684],[-123.35972671896481,48.43400219455949],[-123.35948339515983,48.4353866956441],[-123.36003217850035,48.437328498054505]]]},"properties":{"DAUID":"59170148","DGUID":"2021S051259170148","LANDAREA":0.0567,"PRUID":"59","CMA":"Victoria"}},
{"type":"Feature","geometry":{"type":"Polygon","coordinates":[[[-123.3586289927118,48.43751439130134],[-123.3591804141429,48.43943460483303],[-123.36319259904403,48.43893129316284],[-123.36263331306222,48.43557789528484],[-123.36103382050085,48.43546319607875],[-123.36142861033323,48.43711890054427],[-123.36003217850035,48.437328498054505],[-123.3586289927118,48.43751439130134]]]},"properties":{"DAUID":"59170149","DGUID":"2021S051259170149","LANDAREA":0.0841,"PRUID":"59","CMA":"Victoria"}},
{"type":"Feature","geometry":{"type":"Polygon","coordinates":[[[-123.36854377083895,48.441406291670035],[-123.36692558908747,48.43835140154891],[-123.36460350854496,48.43415249094799],[-123.36261879843431,48.43404720696438],[-123.36213007701473,48.43342179484976],[-123.36242449270942,48.43411482110684],[-123.36263331306222,48.43557789528484],[-123.36319259904403,48.43893129316284],[-123.36421088321403,48.44197040949088],[-123.36854377083895,48.441406291670035]]]},"properties":{"DAUID":"59170150","DGUID":"2021S051259170150","LANDAREA":0.2251,"PRUID":"59","CMA":"Victoria"}},
{"type":"Feature","geometry":{"type":"Polygon","coordinates":[[[-123.36421088321403,48.44197040949088],[-123.36319259904403,48.43893129316284],[-123.3591804141429,48.43943460483303],[-123.36005320264915,48.44251169669086],[-123.36421088321403,48.44197040949088]]]},"properties":{"DAUID":"59170151","DGUID":"2021S051259170151","LANDAREA":0.1057,"PRUID":"59","CMA":"Victoria"}},
{"type":"Feature","geometry":{"type":"Polygon","coordinates":[[[-123.36005320264915,48.44251169669086],[-123.3591804141429,48.43943460483303],[-123.3565188087741,48.43977400883796],[-123.35692448761682,48.441328892477955],[-123.35827700149338,48.441158011165136],[-123.35871898669546,48.442667800824495],[-123.36005320264915,48.44251169669086]]]},"properties":{"DAUID":"59170152","DGUID":"2021S051259170152","LANDAREA":0.0527,"PRUID":"59","CMA":"Victoria"}},
{"type":"Feature","geometry":{"type":"Polygon","coordinates":[[[-123.35463020417492,48.43802059139324],[-123.35516199852427,48.43995020869737],[-123.3565188087741,48.43977400883796],[-123.3591804141429,48.43943460483303],[-123.3586289927118,48.43751439130134],[-123.35463020417492,48.43802059139324]]]},"properties":{"DAUID":"59170153","DGUID":"2021S051259170153","LANDAREA":0.0657,"PRUID":"59","CMA":"Victoria"}},
{"type":"Feature","geometry":{"type":"Polygon","coordinates":[[[-123.35871898669546,48.442667800824495],[-123.35827700149338,48.441158011165136],[-123.35692448761682,48.441328892477955],[-123.3565188087741,48.43977400883796],[-123.35516199852427,48.43995020869737],[-123.35381347655594,48.440122155291455],[-123.35473271056904,48.44318420473158],[-123.3550972081991,48.444606382109924],[-123.35744060384944,48.44428889977603],[-123.35911952155699,48.44407560325559],[-123.35871898669546,48.442667800824495]]]},"properties":{"DAUID":"59170154","DGUID":"2021S051259170154","LANDAREA":0.1353,"PRUID":"59","CMA":"Victoria"}},
{"type":"Feature","geometry":{"type":"Polygon","coordinates":[[[-123.35167954147224,48.44038897187498],[-123.35381347655594,48.440122155291455],[-123.35516199852427,48.43995020869737],[-123.35463020417492,48.43802059139324],[-123.35339299061609,48.43504799679711],[-123.35229510334686,48.434988080450196],[-123.35188178007039,48.43836348088373],[-123.35167954147224,48.44038897187498]]]},"properties":{"DAUID":"59170155","DGUID":"2021S051259170155","LANDAREA":0.0974,"PRUID":"59","CMA":"Victoria"}},
{"type":"Feature","geometry":{"type":"Polygon","coordinates":[[[-123.35473271056904,48.44318420473158],[-123.35381347655594,48.440122155291455],[-123.35167954147224,48.44038897187498],[-123.34863622018435,48.44332210685821],[-123.34918459625868,48.44528830388981],[-123.35100919301597,48.44505441457842],[-123.35145929199818,48.44359839019517],[-123.35473271056904,48.44318420473158]]]},"properties":{"DAUID":"59170156","DGUID":"2021S051259170156","LANDAREA":0.1436,"PRUID":"59","CMA":"Victoria"}},
{"type":"Feature","geometry":{"type":"Polygon","coordinates":[[[-123.35188178007039,48.43836348088373],[-123.35229510334686,48.434988080450196],[-123.34930957981543,48.43480150095628],[-123.34765091005214,48.43465990465787],[-123.34690121206883,48.43623551053872],[-123.34952349774868,48.43628321238252],[-123.34931270575751,48.438670411179686],[-123.35188178007039,48.43836348088373]]]},"properties":{"DAUID":"59170157","DGUID":"2021S051259170157","LANDAREA":0.1059,"PRUID":"59","CMA":"Victoria"}},
{"type":"Feature","geometry":{"type":"Polygon","coordinates":[[[-123.35587030493137,48.42972149157207],[-123.36170240794554,48.430083391712934],[-123.3617952011563,48.42931471373235],[-123.35885429474547,48.42901140264344],[-123.3559856968359,48.428839708886024],[-123.35587030493137,48.42972149157207]]]},"properties":{"DAUID":"59170161","DGUID":"2021S051259170161","LANDAREA":0.0401,"PRUID":"59","CMA":"Victoria"}},
{"type":"Feature","geometry":{"type":"Polygon","coordinates":[[[-123.35296819821404,48.42954530247632],[-123.35587030493137,48.42972149157207],[-123.3559856968359,48.428839708886024],[-123.35885429474547,48.42901140264344],[-123.3589885002278,48.42750331069634],[-123.35897701205386,48.427418199243],[-123.35611469314077,48.42708889130693],[-123.35328810355477,48.426795503956235],[-123.35327369835136,48.42714859046318],[-123.35303498806658,48.4290753005245],[-123.35296819821404,48.42954530247632]]]},"properties":{"DAUID":"59170162","DGUID":"2021S051259170162","LANDAREA":0.104,"PRUID":"59","CMA":"Victoria"}},
{"type":"Feature","geometry":{"type":"Polygon","coordinates":[[[-123.35897701205386,48.427418199243],[-123.3597176039916,48.424014197455655],[-123.3568962832946,48.423726491442174],[-123.35611469314077,48.42708889130693],[-123.35897701205386,48.427418199243]]]},"properties":{"DAUID":"59170163","DGUID":"2021S051259170163","LANDAREA":0.0789,"PRUID":"59","CMA":"Victoria"}},
{"type":"Feature","geometry":{"type":"Polygon","coordinates":[[[-123.35611469314077,48.42708889130693],[-123.3568962832946,48.423726491442174],[-123.35405398857272,48.42340389332975],[-123.35365048523852,48.42507030657089],[-123.35328810355477,48.426795503956235],[-123.35611469314077,48.42708889130693]]]},"properties":{"DAUID":"59170164","DGUID":"2021S051259170164","LANDAREA":0.0816,"PRUID":"59","CMA":"Victoria"}},
{"type":"Feature","geometry":{"type":"Polygon","coordinates":[[[-123.35405398857272,48.42340389332975],[-123.34978181219788,48.42295880895859],[-123.34940918936945,48.424622409087924],[-123.35365048523852,48.42507030657089],[-123.35405398857272,48.42340389332975]]]},"properties":{"DAUID":"59170165","DGUID":"2021S051259170165","LANDAREA":0.0594,"PRUID":"59","CMA":"Victoria"}},
{"type":"Feature","geometry":{"type":"Polygon","coordinates":[[[-123.35328810355477,48.426795503956235],[-123.35365048523852,48.42507030657089],[-123.34940918936945,48.424622409087924],[-123.34746900272465,48.424575599195215],[-123.34733760630816,48.42547420440948],[-123.35071999524851,48.425669797257875],[-123.35054570020827,48.426373392120176],[-123.35040420944851,48.4270208904143],[-123.35327369835136,48.42714859046318],[-123.35328810355477,48.426795503956235]]]},"properties":{"DAUID":"59170166","DGUID":"2021S051259170166","LANDAREA":0.0766,"PRUID":"59","CMA":"Victoria"}},
{"type":"Feature","geometry":{"type":"Polygon","coordinates":[[[-123.35303498806658,48.4290753005245],[-123.35327369835136,48.42714859046318],[-123.35040420944851,48.4270208904143],[-123.35023218476174,48.427995098339835],[-123.35011499194896,48.42888321512336],[-123.35303498806658,48.4290753005245]]]},"properties":{"DAUID":"59170167","DGUID":"2021S051259170167","LANDAREA":0.0458,"PRUID":"59","CMA":"Victoria"}},
{"type":"Feature","geometry":{"type":"Polygon","coordinates":[[[-123.35054570020827,48.426373392120176],[-123.34724949265471,48.42617990797594],[-123.34695210064534,48.42782460623696],[-123.35023218476174,48.427995098339835],[-123.35040420944851,48.4270208904143],[-123.35054570020827,48.426373392120176]]]},"properties":{"DAUID":"59170168","DGUID":"2021S051259170168","LANDAREA":0.0446,"PRUID":"59","CMA":"Victoria"}},
{"type":"Feature","geometry":{"type":"Polygon","coordinates":[[[-123.35011499194896,48.42888321512336],[-123.35023218476174,48.427995098339835],[-123.34695210064534,48.42782460623696],[-123.34724949265471,48.42617990797594],[-123.3453981074219,48.42611089078084],[-123.34534799832528,48.42683570400342],[-123.34529269790171,48.42866049602129],[-123.35011499194896,48.42888321512336]]]},"properties":{"DAUID":"59170169","DGUID":"2021S051259170169","LANDAREA":0.0606,"PRUID":"59","CMA":"Victoria"}},
{"type":"Feature","geometry":{"type":"Polygon","coordinates":[[[-123.34978181219788,48.42295880895859],[-123.34690630931962,48.42322948796881],[-123.34487780699958,48.42384150588183],[-123.34383160707792,48.42421208696711],[-123.34555009775262,48.424507706465484],[-123.3453981074219,48.42611089078084],[-123.34724949265471,48.42617990797594],[-123.35054570020827,48.426373392120176],[-123.35071999524851,48.425669797257875],[-123.34733760630816,48.42547420440948],[-123.34746900272465,48.424575599195215],[-123.34940918936945,48.424622409087924],[-123.34978181219788,48.42295880895859]]]},"properties":{"DAUID":"59170170","DGUID":"2021S051259170170","LANDAREA":0.0969,"PRUID":"59","CMA":"Victoria"}},
{"type":"Feature","geometry":{"type":"Polygon","coordinates":[[[-123.3453981074219,48.42611089078084],[-123.34555009775262,48.424507706465484],[-123.34383160707792,48.42421208696711],[-123.34249291564932,48.424624900347624],[-123.34261464190743,48.4267328231253],[-123.34368718567517,48.42678319665971],[-123.34534799832528,48.42683570400342],[-123.3453981074219,48.42611089078084]]]},"properties":{"DAUID":"59170171","DGUID":"2021S051259170171","LANDAREA":0.0562,"PRUID":"59","CMA":"Victoria"}},
{"type":"Feature","geometry":{"type":"Polygon","coordinates":[[[-123.34249291564932,48.424624900347624],[-123.3420889960999,48.42475360399044],[-123.33804338173432,48.426082306130354],[-123.33814789579515,48.42655119229668],[-123.34261464190743,48.4267328231253],[-123.34249291564932,48.424624900347624]]]},"properties":{"DAUID":"59170172","DGUID":"2021S051259170172","LANDAREA":0.0489,"PRUID":"59","CMA":"Victoria"}},
{"type":"Feature","geometry":{"type":"Polygon","coordinates":[[[-123.34517539423089,48.429548494414504],[-123.34529269790171,48.42866049602129],[-123.34534799832528,48.42683570400342],[-123.34368718567517,48.42678319665971],[-123.33867517468455,48.4284023878472],[-123.33897232270427,48.429428900476275],[-123.34223081770634,48.42948099659006],[-123.34517539423089,48.429548494414504]]]},"properties":{"DAUID":"59170174","DGUID":"2021S051259170174","LANDAREA":0.1129,"PRUID":"59","CMA":"Victoria"}},
{"type":"Feature","geometry":{"type":"Polygon","coordinates":[[[-123.34211062008922,48.43130869894832],[-123.34223081770634,48.42948099659006],[-123.33897232270427,48.429428900476275],[-123.33867517468455,48.4284023878472],[-123.33580398350935,48.429427694156374],[-123.33571770389507,48.43115248893864],[-123.33710590786097,48.431182913995556],[-123.33701631591894,48.43262989231484],[-123.33838419427276,48.43266248756246],[-123.33972461083025,48.43270341008435],[-123.33983110334079,48.4312424033406],[-123.34211062008922,48.43130869894832]]]},"properties":{"DAUID":"59170175","DGUID":"2021S051259170175","LANDAREA":0.1413,"PRUID":"59","CMA":"Victoria"}},
{"type":"Feature","geometry":{"type":"Polygon","coordinates":[[[-123.33158279685597,48.428381610189525],[-123.33347631489771,48.42823279916712],[-123.33423739761622,48.427943497897616],[-123.33425478464343,48.42651000746018],[-123.33159761705173,48.42644670138467],[-123.33158279685597,48.428381610189525]]]},"properties":{"DAUID":"59170177","DGUID":"2021S051259170177","LANDAREA":0.0396,"PRUID":"59","CMA":"Victoria"}},
{"type":"Feature","geometry":{"type":"Polygon","coordinates":[[[-123.33159761705173,48.42644670138467],[-123.33022839635301,48.42643920762582],[-123.32888129564509,48.426448512107235],[-123.32891817650687,48.42837489540395],[-123.33158279685597,48.428381610189525],[-123.33159761705173,48.42644670138467]]]},"properties":{"DAUID":"59170178","DGUID":"2021S051259170178","LANDAREA":0.0429,"PRUID":"59","CMA":"Victoria"}},
{"type":"Feature","geometry":{"type":"Polygon","coordinates":[[[-123.33158279685597,48.428381610189525],[-123.32891817650687,48.42837489540395],[-123.32891798221738,48.43009920271331],[-123.33006530868577,48.42978359943398],[-123.33139158991314,48.430910105298395],[-123.33362268242931,48.43025480007106],[-123.33513888754541,48.42966611234241],[-123.33347631489771,48.42823279916712],[-123.33158279685597,48.428381610189525]]]},"properties":{"DAUID":"59170179","DGUID":"2021S051259170179","LANDAREA":0.0904,"PRUID":"59","CMA":"Victoria"}},
{"type":"Feature","geometry":{"type":"Polygon","coordinates":[[[-123.32888129564509,48.426448512107235],[-123.32621647923796,48.426447108176106],[-123.325606520618,48.42840670623745],[-123.32567457673477,48.431497195690525],[-123.32726467627181,48.43105940484359],[-123.32891798221738,48.43009920271331],[-123.32891817650687,48.42837489540395],[-123.32888129564509,48.426448512107235]]]},"properties":{"DAUID":"59170180","DGUID":"2021S051259170180","LANDAREA":0.112,"PRUID":"59","CMA":"Victoria"}},
{"type":"Feature","geometry":{"type":"Polygon","coordinates":[[[-123.32621647923796,48.426447108176106],[-123.32272465916962,48.426444510404174],[-123.32260150052704,48.42900169143496],[-123.3224178981179,48.43217251593398],[-123.32567457673477,48.431497195690525],[-123.325606520618,48.42840670623745],[-123.32621647923796,48.426447108176106]]]},"properties":{"DAUID":"59170181","DGUID":"2021S051259170181","LANDAREA":0.1441,"PRUID":"59","CMA":"Victoria"}},
{"type":"Feature","geometry":{"type":"Polygon","coordinates":[[[-123.32272465916962,48.426444510404174],[-123.32071298591279,48.426490101626705],[-123.31810527671253,48.426527799416505],[-123.31802612787939,48.42856551505095],[-123.31918379874948,48.42892519515269],[-123.32260150052704,48.42900169143496],[-123.32272465916962,48.426444510404174]]]},"properties":{"DAUID":"59170182","DGUID":"2021S051259170182","LANDAREA":0.0893,"PRUID":"59","CMA":"Victoria"}},
{"type":"Feature","geometry":{"type":"Polygon","coordinates":[[[-123.31659699004432,48.43534751167242],[-123.31955638296012,48.434277997073586],[-123.31948048319683,48.43578389399404],[-123.3222463860473,48.43584490231935],[-123.32235531477289,48.43354195258881],[-123.3224178981179,48.43217251593398],[-123.31891788614251,48.43266290588872],[-123.31619989647946,48.43359319665629],[-123.31652690049937,48.43503550250297],[-123.31659699004432,48.43534751167242]]]},"properties":{"DAUID":"59170184","DGUID":"2021S051259170184","LANDAREA":0.123,"PRUID":"59","CMA":"Victoria"}},
{"type":"Feature","geometry":{"type":"Polygon","coordinates":[[[-123.31659699004432,48.43534751167242],[-123.31684302500733,48.4364341060375],[-123.31600760512661,48.437813503948256],[-123.31565041741649,48.43839869685268],[-123.3221178998491,48.438542593876335],[-123.3221657886158,48.43769610972105],[-123.3222463860473,48.43584490231935],[-123.31948048319683,48.43578389399404],[-123.31955638296012,48.434277997073586],[-123.31659699004432,48.43534751167242]]]},"properties":{"DAUID":"59170185","DGUID":"2021S051259170185","LANDAREA":0.1544,"PRUID":"59","CMA":"Victoria"}},
{"type":"Feature","geometry":{"type":"Polygon","coordinates":[[[-123.31652690049937,48.43503550250297],[-123.31419159444539,48.43504569320978],[-123.31418119841408,48.43646400865281],[-123.31205370321007,48.43656960450885],[-123.30868479664193,48.43726239889654],[-123.30831407888907,48.43772819816969],[-123.30988710496996,48.43816770220441],[-123.31277269210253,48.43816610353715],[-123.31600760512661,48.437813503948256],[-123.31684302500733,48.4364341060375],[-123.31659699004432,48.43534751167242],[-123.31652690049937,48.43503550250297]]]},"properties":{"DAUID":"59170186","DGUID":"2021S051259170186","LANDAREA":0.1209,"PRUID":"59","CMA":"Victoria"}},
{"type":"Feature","geometry":{"type":"Polygon","coordinates":[[[-123.31619989647946,48.43359319665629],[-123.31453769915407,48.433419408905614],[-123.31322339009003,48.43396421329637],[-123.3120070923113,48.433590590693996],[-123.3102556267808,48.43515321073184],[-123.30868479664193,48.43726239889654],[-123.31205370321007,48.43656960450885],[-123.31418119841408,48.43646400865281],[-123.31419159444539,48.43504569320978],[-123.31652690049937,48.43503550250297],[-123.31619989647946,48.43359319665629]]]},"properties":{"DAUID":"59170187","DGUID":"2021S051259170187","LANDAREA":0.1243,"PRUID":"59","CMA":"Victoria"}},
{"type":"Feature","geometry":{"type":"Polygon","coordinates":[[[-123.3120070923113,48.433590590693996],[-123.31335969760056,48.4317076196846],[-123.31078571208211,48.431029894615406],[-123.30963579779835,48.43285849826804],[-123.30685539878769,48.43198880554758],[-123.30559209956957,48.4337928124248],[-123.3102556267808,48.43515321073184],[-123.3120070923113,48.433590590693996]]]},"properties":{"DAUID":"59170189","DGUID":"2021S051259170189","LANDAREA":0.1306,"PRUID":"59","CMA":"Victoria"}},
{"type":"Feature","geometry":{"type":"Polygon","coordinates":[[[-123.31335969760056,48.4317076196846],[-123.3152733455878,48.42947088194356],[-123.31547360614418,48.42649090170749],[-123.31287528036499,48.42643399068733],[-123.30948560915178,48.42643800616125],[-123.30903529774382,48.42847109452925],[-123.3080118106718,48.428625405307336],[-123.30760068886613,48.43020489805643],[-123.31078571208211,48.431029894615406],[-123.31335969760056,48.4317076196846]]]},"properties":{"DAUID":"59170190","DGUID":"2021S051259170190","LANDAREA":0.2498,"PRUID":"59","CMA":"Victoria"}},
{"type":"Feature","geometry":{"type":"MultiPolygon","coordinates":[[[[-123.31078571208211,48.431029894615406],[-123.30760068886613,48.43020489805643],[-123.3080118106718,48.428625405307336],[-123.30903529774382,48.42847109452925],[-123.30948560915178,48.42643800616125],[-123.30768431481147,48.42651656625202],[-123.30686360327817,48.42640387435975],[-123.30759505680615,48.42747696504067],[-123.3063075513124,48.429342664668965],[-123.30501094045087,48.42932845180652],[-123.30413835733236,48.43035666542761],[-123.30417544807943,48.43211984721172],[-123.30297352476,48.43446125665034],[-123.3019990623774,48.43558241164904],[-123.3023934899353,48.43573599330195],[-123.30464544788153,48.43229770875403],[-123.30477927997036,48.43136149683043],[-123.30685539878769,48.43198880554758],[-123.30963579779835,48.43285849826804],[-123.31078571208211,48.431029894615406]]],[[[-123.2977658182808,48.42698985970847],[-123.29895124022454,48.42883996350592],[-123.30010952560957,48.4279284639233],[-123.2984793435675,48.42661955104566],[-123.2977658182808,48.42698985970847]]]]},"properties":{"DAUID":"59170191","DGUID":"2021S051259170191","LANDAREA":0.1955,"PRUID":"59","CMA":"Victoria"}},
{"type":"Feature","geometry":{"type":"Polygon","coordinates":[[[-123.31287528036499,48.42643399068733],[-123.31290002191749,48.42402955646061],[-123.31167467486856,48.424293092505344],[-123.30879042447633,48.42407289867223],[-123.30733057765615,48.423052701257035],[-123.30647141296775,48.42356930594779],[-123.30602731235719,48.42418749414522],[-123.30728220783654,48.425205108745715],[-123.30768431481147,48.42651656625202],[-123.30948560915178,48.42643800616125],[-123.31287528036499,48.42643399068733]]]},"properties":{"DAUID":"59170192","DGUID":"2021S051259170192","LANDAREA":0.1199,"PRUID":"59","CMA":"Victoria"}},
{"type":"Feature","geometry":{"type":"Polygon","coordinates":[[[-123.31290002191749,48.42402955646061],[-123.31291170716905,48.42021210458337],[-123.3116615027999,48.42020470009631],[-123.30945260601666,48.42018730397475],[-123.303192506918,48.420142609912546],[-123.30319540473099,48.420611600743875],[-123.30329439745431,48.42119399968991],[-123.30647141296775,48.42356930594779],[-123.30733057765615,48.423052701257035],[-123.30879042447633,48.42407289867223],[-123.31167467486856,48.424293092505344],[-123.31290002191749,48.42402955646061]]]},"properties":{"DAUID":"59170193","DGUID":"2021S051259170193","LANDAREA":0.257,"PRUID":"59","CMA":"Victoria"}},
{"type":"Feature","geometry":{"type":"Polygon","coordinates":[[[-123.31547360614418,48.42649090170749],[-123.31588477747908,48.4264968006255],[-123.31590649266391,48.422024092446655],[-123.31848391588169,48.422016388794184],[-123.31838939456962,48.420232907059855],[-123.31778509912724,48.42023110970386],[-123.31291170716905,48.42021210458337],[-123.31290002191749,48.42402955646061],[-123.31287528036499,48.42643399068733],[-123.31547360614418,48.42649090170749]]]},"properties":{"DAUID":"59170194","DGUID":"2021S051259170194","LANDAREA":0.1919,"PRUID":"59","CMA":"Victoria"}},
{"type":"Feature","geometry":{"type":"Polygon","coordinates":[[[-123.32071298591279,48.426490101626705],[-123.32064761334186,48.42416619279998],[-123.3185972153956,48.42418190025027],[-123.31848391588169,48.422016388794184],[-123.31590649266391,48.422024092446655],[-123.31588477747908,48.4264968006255],[-123.31810527671253,48.426527799416505],[-123.32071298591279,48.426490101626705]]]},"properties":{"DAUID":"59170195","DGUID":"2021S051259170195","LANDAREA":0.139,"PRUID":"59","CMA":"Victoria"}},
{"type":"Feature","geometry":{"type":"Polygon","coordinates":[[[-123.32272465916962,48.426444510404174],[-123.32284217756465,48.424201890125],[-123.32291557671083,48.42135571278983],[-123.32269523018273,48.420299154180825],[-123.31838939456962,48.420232907059855],[-123.31848391588169,48.422016388794184],[-123.3185972153956,48.42418190025027],[-123.32064761334186,48.42416619279998],[-123.32071298591279,48.426490101626705],[-123.32272465916962,48.426444510404174]]]},"properties":{"DAUID":"59170196","DGUID":"2021S051259170196","LANDAREA":0.1806,"PRUID":"59","CMA":"Victoria"}},
{"type":"Feature","geometry":{"type":"Polygon","coordinates":[[[-123.32284217756465,48.424201890125],[-123.33013541018839,48.42419219943168],[-123.3303905065286,48.42246890600547],[-123.32592389030033,48.420812190892136],[-123.32337676724195,48.42078746033127],[-123.32291557671083,48.42135571278983],[-123.32284217756465,48.424201890125]]]},"properties":{"DAUID":"59170197","DGUID":"2021S051259170197","LANDAREA":0.1737,"PRUID":"59","CMA":"Victoria"}},
{"type":"Feature","geometry":{"type":"Polygon","coordinates":[[[-123.33022839635301,48.42643920762582],[-123.33013541018839,48.42419219943168],[-123.32284217756465,48.424201890125],[-123.32272465916962,48.426444510404174],[-123.32621647923796,48.426447108176106],[-123.32888129564509,48.426448512107235],[-123.33022839635301,48.42643920762582]]]},"properties":{"DAUID":"59170198","DGUID":"2021S051259170198","LANDAREA":0.1367,"PRUID":"59","CMA":"Victoria"}},
{"type":"Feature","geometry":{"type":"Polygon","coordinates":[[[-123.33425478464343,48.42651000746018],[-123.33494259445838,48.42651559450985],[-123.33495259202702,48.423345899380244],[-123.33395759172109,48.422399106814794],[-123.33062290153833,48.422199696850704],[-123.3303905065286,48.42246890600547],[-123.33013541018839,48.42419219943168],[-123.33022839635301,48.42643920762582],[-123.33159761705173,48.42644670138467],[-123.33425478464343,48.42651000746018]]]},"properties":{"DAUID":"59170199","DGUID":"2021S051259170199","LANDAREA":0.1592,"PRUID":"59","CMA":"Victoria"}},
{"type":"Feature","geometry":{"type":"Polygon","coordinates":[[[-123.32291557671083,48.42135571278983],[-123.32337676724195,48.42078746033127],[-123.32592389030033,48.420812190892136],[-123.3303905065286,48.42246890600547],[-123.33062290153833,48.422199696850704],[-123.33184591445563,48.42077669334442],[-123.33237332238495,48.419486801201806],[-123.33149680714038,48.417590694592064],[-123.33106211750237,48.41666439751895],[-123.32754598956781,48.41676949727213],[-123.32740170959264,48.41777150044935],[-123.32473829706265,48.41854110276443],[-123.32310140005583,48.41854930166913],[-123.32269523018273,48.420299154180825],[-123.32291557671083,48.42135571278983]]]},"properties":{"DAUID":"59170200","DGUID":"2021S051259170200","LANDAREA":0.2779,"PRUID":"59","CMA":"Victoria"}},
{"type":"Feature","geometry":{"type":"Polygon","coordinates":[[[-123.33395759172109,48.422399106814794],[-123.33531802000762,48.420930899198666],[-123.33863770341371,48.419957498711454],[-123.33780622634067,48.41855040143956],[-123.33753722325422,48.41621240240567],[-123.33552971915931,48.4164071987048],[-123.33149680714038,48.417590694592064],[-123.33237332238495,48.419486801201806],[-123.33184591445563,48.42077669334442],[-123.33062290153833,48.422199696850704],[-123.33395759172109,48.422399106814794]]]},"properties":{"DAUID":"59170201","DGUID":"2021S051259170201","LANDAREA":0.2416,"PRUID":"59","CMA":"Victoria"}},
{"type":"Feature","geometry":{"type":"Polygon","coordinates":[[[-123.33149680714038,48.417590694592064],[-123.33552971915931,48.4164071987048],[-123.33753722325422,48.41621240240567],[-123.3373042974503,48.41447680494952],[-123.33722128025232,48.41367469865829],[-123.3328804877084,48.4149903942642],[-123.3304588979189,48.41547220275984],[-123.33106211750237,48.41666439751895],[-123.33149680714038,48.417590694592064]]]},"properties":{"DAUID":"59170202","DGUID":"2021S051259170202","LANDAREA":0.1214,"PRUID":"59","CMA":"Victoria"}},
{"type":"Feature","geometry":{"type":"Polygon","coordinates":[[[-123.33722128025232,48.41367469865829],[-123.33707360799633,48.41220100532952],[-123.3363062025085,48.41088208786373],[-123.33225259403206,48.410863803471635],[-123.33138590075862,48.41123429610978],[-123.330456497594,48.41319500778904],[-123.3304588979189,48.41547220275984],[-123.3328804877084,48.4149903942642],[-123.33722128025232,48.41367469865829]]]},"properties":{"DAUID":"59170203","DGUID":"2021S051259170203","LANDAREA":0.1879,"PRUID":"59","CMA":"Victoria"}},
{"type":"Feature","geometry":{"type":"Polygon","coordinates":[[[-123.33106211750237,48.41666439751895],[-123.3304588979189,48.41547220275984],[-123.330456497594,48.41319500778904],[-123.33138590075862,48.41123429610978],[-123.32920909762755,48.41147374962291],[-123.32667491486761,48.41124637892788],[-123.32653439090345,48.41194431318865],[-123.3274250956789,48.41322668918786],[-123.32348218852968,48.41317840100346],[-123.3231614846363,48.41557919542498],[-123.32310140005583,48.41854930166913],[-123.32473829706265,48.41854110276443],[-123.32740170959264,48.41777150044935],[-123.32754598956781,48.41676949727213],[-123.33106211750237,48.41666439751895]]]},"properties":{"DAUID":"59170204","DGUID":"2021S051259170204","LANDAREA":0.3272,"PRUID":"59","CMA":"Victoria"}},
{"type":"Feature","geometry":{"type":"Polygon","coordinates":[[[-123.32653439090345,48.41194431318865],[-123.323589203187,48.41064239524978],[-123.32237044750691,48.41077660903468],[-123.32108963467476,48.41019409995244],[-123.32090969007866,48.40941662126015],[-123.31960630568011,48.40849519045302],[-123.31778421476841,48.40935089655508],[-123.31838338914586,48.41103370140749],[-123.31714181013038,48.41206730288662],[-123.31881191630788,48.41306470461555],[-123.31819490372581,48.41388418386577],[-123.31805382227763,48.41554009696342],[-123.3202460123327,48.41553879897124],[-123.32032969639951,48.41425130911801],[-123.3231614846363,48.41557919542498],[-123.32348218852968,48.41317840100346],[-123.3274250956789,48.41322668918786],[-123.32653439090345,48.41194431318865]]]},"properties":{"DAUID":"59170205","DGUID":"2021S051259170205","LANDAREA":0.3014,"PRUID":"59","CMA":"Victoria"}},
{"type":"Feature","geometry":{"type":"Polygon","coordinates":[[[-123.31838939456962,48.420232907059855],[-123.32269523018273,48.420299154180825],[-123.32310140005583,48.41854930166913],[-123.3231614846363,48.41557919542498],[-123.32032969639951,48.41425130911801],[-123.3202460123327,48.41553879897124],[-123.31805382227763,48.41554009696342],[-123.31797667765616,48.41661319934071],[-123.31778509912724,48.42023110970386],[-123.31838939456962,48.420232907059855]]]},"properties":{"DAUID":"59170206","DGUID":"2021S051259170206","LANDAREA":0.2145,"PRUID":"59","CMA":"Victoria"}},
{"type":"Feature","geometry":{"type":"Polygon","coordinates":[[[-123.31714181013038,48.41206730288662],[-123.31334160916754,48.41319030788447],[-123.31313079588496,48.4165940051281],[-123.31797667765616,48.41661319934071],[-123.31805382227763,48.41554009696342],[-123.31819490372581,48.41388418386577],[-123.31881191630788,48.41306470461555],[-123.31714181013038,48.41206730288662]]]},"properties":{"DAUID":"59170207","DGUID":"2021S051259170207","LANDAREA":0.162,"PRUID":"59","CMA":"Victoria"}},
{"type":"Feature","geometry":{"type":"Polygon","coordinates":[[[-123.31291170716905,48.42021210458337],[-123.31778509912724,48.42023110970386],[-123.31797667765616,48.41661319934071],[-123.31313079588496,48.4165940051281],[-123.31175522264736,48.41658610836921],[-123.3116615027999,48.42020470009631],[-123.31291170716905,48.42021210458337]]]},"properties":{"DAUID":"59170208","DGUID":"2021S051259170208","LANDAREA":0.1842,"PRUID":"59","CMA":"Victoria"}},
{"type":"Feature","geometry":{"type":"Polygon","coordinates":[[[-123.3116615027999,48.42020470009631],[-123.31175522264736,48.41658610836921],[-123.31313079588496,48.4165940051281],[-123.31334160916754,48.41319030788447],[-123.30986061825153,48.413203694769855],[-123.30980574827178,48.41407567127758],[-123.30802060489474,48.415124845019214],[-123.30798290645332,48.4165217895065],[-123.3096500075944,48.41655059931424],[-123.30945260601666,48.42018730397475],[-123.3116615027999,48.42020470009631]]]},"properties":{"DAUID":"59170209","DGUID":"2021S051259170209","LANDAREA":0.184,"PRUID":"59","CMA":"Victoria"}},
{"type":"Feature","geometry":{"type":"Polygon","coordinates":[[[-123.30945260601666,48.42018730397475],[-123.3096500075944,48.41655059931424],[-123.30798290645332,48.4165217895065],[-123.30373468785771,48.4164299036455],[-123.30369199254626,48.41859780329718],[-123.303192506918,48.420142609912546],[-123.30945260601666,48.42018730397475]]]},"properties":{"DAUID":"59170210","DGUID":"2021S051259170210","LANDAREA":0.183,"PRUID":"59","CMA":"Victoria"}},
{"type":"Feature","geometry":{"type":"MultiPolygon","coordinates":[[[[-123.303192506918,48.420142609912546],[-123.30369199254626,48.41859780329718],[-123.30373468785771,48.4164299036455],[-123.30798290645332,48.4165217895065],[-123.30802060489474,48.415124845019214],[-123.30711015460832,48.41407987363046],[-123.30429118655628,48.41371769763399],[-123.30276608431912,48.4114123999073],[-123.30315156312797,48.4100480539188],[-123.30122262953799,48.41069686184758],[-123.29843524915734,48.41205415108628],[-123.29722824306613,48.411436070667236],[-123.29494663183422,48.41180205729083],[-123.29377643190654,48.412642357377194],[-123.29500752875215,48.41308817019359],[-123.29614932808809,48.4141563648617],[-123.29622292888607,48.417376455705046],[-123.2980483293805,48.41981897436279],[-123.29751181803054,48.4202476378795],[-123.29926409706249,48.420657502953325],[-123.30319540473099,48.420611600743875],[-123.303192506918,48.420142609912546]]],[[[-123.30440235124134,48.40209756243079],[-123.3064237337359,48.40144385692298],[-123.30572625325297,48.39980026263295],[-123.30684325302144,48.39899556787837],[-123.30777792392043,48.397454553297024],[-123.30775991655035,48.39653745565577],[-123.30568344541345,48.39486117340099],[-123.30446556355427,48.39457626683759],[-123.30393192895009,48.39560315530113],[-123.30454383734462,48.39635656765854],[-123.3034817291452,48.397169754547114],[-123.30375443238191,48.399921351904524],[-123.30463933668509,48.40122446387238],[-123.30440235124134,48.40209756243079]]]]},"properties":{"DAUID":"59170211","DGUID":"2021S051259170211","LANDAREA":0.8728,"PRUID":"59","CMA":"Victoria"}},
{"type":"Feature","geometry":{"type":"Polygon","coordinates":[[[-123.30768431481147,48.42651656625202],[-123.30728220783654,48.425205108745715],[-123.30602731235719,48.42418749414522],[-123.30647141296775,48.42356930594779],[-123.30329439745431,48.42119399968991],[-123.30319540473099,48.420611600743875],[-123.29926409706249,48.420657502953325],[-123.29751181803054,48.4202476378795],[-123.29872802063635,48.42071766115832],[-123.30082072930834,48.42271726637712],[-123.30182402314416,48.42304766195011],[-123.30014373190059,48.42459146148936],[-123.30074222987018,48.425146978229925],[-123.30284324774946,48.423927872146315],[-123.30544112517813,48.42431667236217],[-123.3070407548094,48.42510425867554],[-123.30686360327817,48.42640387435975],[-123.30768431481147,48.42651656625202]]]},"properties":{"DAUID":"59170212","DGUID":"2021S051259170212","LANDAREA":0.1568,"PRUID":"59","CMA":"Victoria"}},
{"type":"Feature","geometry":{"type":"Polygon","coordinates":[[[-123.3019990623774,48.43558241164904],[-123.29893836171574,48.4380260665969],[-123.29758642892335,48.43812007569515],[-123.2954301328718,48.43684686532699],[-123.29319224250185,48.43795914842555],[-123.29237173946551,48.44129885552074],[-123.29108613878702,48.443479354263516],[-123.29158563499891,48.44545757659795],[-123.29254954652674,48.44616684987212],[-123.29320713469816,48.44769356238526],[-123.29122344460144,48.44864356512617],[-123.29286874369038,48.449943849698165],[-123.29429954523948,48.449741550998404],[-123.29598212567527,48.450620363288664],[-123.2953257467958,48.45158455464267],[-123.29688485142655,48.452326555199505],[-123.2984287202087,48.45253876600413],[-123.29943664918538,48.45369665068528],[-123.29872964117324,48.45592281946411],[-123.30049780224641,48.45664789089189],[-123.30076000421774,48.45354601618695],[-123.29943577644278,48.45172219507857],[-123.29586090249977,48.449905793461696],[-123.29623891231628,48.44907950100411],[-123.29597669818524,48.44476559017137],[-123.29858429942296,48.44413418743083],[-123.30013990303281,48.44414678945411],[-123.30471369831464,48.445011812586834],[-123.30774660885886,48.443285295145685],[-123.30525750208345,48.44125058331533],[-123.30239939732999,48.44031750899164],[-123.30108350756703,48.43896731088224],[-123.30198260882281,48.438444608340305],[-123.30373169443878,48.436173190972404],[-123.3023934899353,48.43573599330195],[-123.3019990623774,48.43558241164904]]]},"properties":{"DAUID":"59170214","DGUID":"2021S051259170214","LANDAREA":1.0236,"PRUID":"59","CMA":"Victoria"}},
{"type":"Feature","geometry":{"type":"Polygon","coordinates":[[[-123.30525750208345,48.44125058331533],[-123.30583719497076,48.440979388684056],[-123.30831407888907,48.43772819816969],[-123.30373169443878,48.436173190972404],[-123.30198260882281,48.438444608340305],[-123.30108350756703,48.43896731088224],[-123.30239939732999,48.44031750899164],[-123.30525750208345,48.44125058331533]]]},"properties":{"DAUID":"59170215","DGUID":"2021S051259170215","LANDAREA":0.1709,"PRUID":"59","CMA":"Victoria"}},
{"type":"Feature","geometry":{"type":"Polygon","coordinates":[[[-123.30868479664193,48.43726239889654],[-123.3102556267808,48.43515321073184],[-123.30559209956957,48.4337928124248],[-123.30685539878769,48.43198880554758],[-123.30477927997036,48.43136149683043],[-123.30464544788153,48.43229770875403],[-123.3023934899353,48.43573599330195],[-123.30373169443878,48.436173190972404],[-123.30831407888907,48.43772819816969],[-123.30868479664193,48.43726239889654]]]},"properties":{"DAUID":"59170216","DGUID":"2021S051259170216","LANDAREA":0.1816,"PRUID":"59","CMA":"Victoria"}},
{"type":"Feature","geometry":{"type":"Polygon","coordinates":[[[-123.30831407888907,48.43772819816969],[-123.30583719497076,48.440979388684056],[-123.30525750208345,48.44125058331533],[-123.30774660885886,48.443285295145685],[-123.31202501711907,48.441157392015164],[-123.31248075105889,48.4409206377182],[-123.31277269210253,48.43816610353715],[-123.30988710496996,48.43816770220441],[-123.30831407888907,48.43772819816969]]]},"properties":{"DAUID":"59170217","DGUID":"2021S051259170217","LANDAREA":0.2037,"PRUID":"59","CMA":"Victoria"}},
{"type":"Feature","geometry":{"type":"Polygon","coordinates":[[[-123.31600760512661,48.437813503948256],[-123.31277269210253,48.43816610353715],[-123.31248075105889,48.4409206377182],[-123.31202501711907,48.441157392015164],[-123.31240200011068,48.441648606677475],[-123.31456741274611,48.44168819681881],[-123.31518671443997,48.440932807539546],[-123.3188606028184,48.441051116969405],[-123.32198831665937,48.44111679360185],[-123.3221178998491,48.438542593876335],[-123.31565041741649,48.43839869685268],[-123.31600760512661,48.437813503948256]]]},"properties":{"DAUID":"59170218","DGUID":"2021S051259170218","LANDAREA":0.2216,"PRUID":"59","CMA":"Victoria"}},
{"type":"Feature","geometry":{"type":"Polygon","coordinates":[[[-123.31240200011068,48.441648606677475],[-123.31222858478795,48.443035694556784],[-123.31084229307316,48.44569510530732],[-123.31553458534367,48.445859300401644],[-123.31752228371607,48.44377590917221],[-123.31877989926397,48.44409280579769],[-123.3188606028184,48.441051116969405],[-123.31518671443997,48.440932807539546],[-123.31456741274611,48.44168819681881],[-123.31240200011068,48.441648606677475]]]},"properties":{"DAUID":"59170219","DGUID":"2021S051259170219","LANDAREA":0.2269,"PRUID":"59","CMA":"Victoria"}},
{"type":"Feature","geometry":{"type":"Polygon","coordinates":[[[-123.3188606028184,48.441051116969405],[-123.31877989926397,48.44409280579769],[-123.31746352122109,48.44569350109446],[-123.31769339360767,48.44682659484386],[-123.31734138787272,48.44986580091575],[-123.3187456178381,48.44929085148207],[-123.32140004203573,48.44729276841948],[-123.32179352154473,48.44610339472881],[-123.32195772678233,48.44196730343915],[-123.32198831665937,48.44111679360185],[-123.3188606028184,48.441051116969405]]]},"properties":{"DAUID":"59170220","DGUID":"2021S051259170220","LANDAREA":0.2253,"PRUID":"59","CMA":"Victoria"}},
{"type":"Feature","geometry":{"type":"Polygon","coordinates":[[[-123.32179352154473,48.44610339472881],[-123.32652888691507,48.446149998615205],[-123.32741071203714,48.442085200778635],[-123.32195772678233,48.44196730343915],[-123.32179352154473,48.44610339472881]]]},"properties":{"DAUID":"59170221","DGUID":"2021S051259170221","LANDAREA":0.1725,"PRUID":"59","CMA":"Victoria"}},
{"type":"Feature","geometry":{"type":"Polygon","coordinates":[[[-123.3221178998491,48.438542593876335],[-123.32198831665937,48.44111679360185],[-123.32195772678233,48.44196730343915],[-123.32741071203714,48.442085200778635],[-123.32811768953148,48.43877081097758],[-123.32830901966635,48.43784501276696],[-123.3221657886158,48.43769610972105],[-123.3221178998491,48.438542593876335]]]},"properties":{"DAUID":"59170222","DGUID":"2021S051259170222","LANDAREA":0.2043,"PRUID":"59","CMA":"Victoria"}},
{"type":"Feature","geometry":{"type":"Polygon","coordinates":[[[-123.32652888691507,48.446149998615205],[-123.32716331653431,48.44615070304014],[-123.33139809119903,48.44616998497942],[-123.33246522444871,48.445989442500526],[-123.33259759561732,48.43998399818357],[-123.33254220071802,48.4389797992843],[-123.32811768953148,48.43877081097758],[-123.32741071203714,48.442085200778635],[-123.32652888691507,48.446149998615205]]]},"properties":{"DAUID":"59170223","DGUID":"2021S051259170223","LANDAREA":0.3143,"PRUID":"59","CMA":"Victoria"}},
{"type":"Feature","geometry":{"type":"Polygon","coordinates":[[[-123.32811768953148,48.43877081097758],[-123.33254220071802,48.4389797992843],[-123.33259759561732,48.43998399818357],[-123.33353237950433,48.439992203933514],[-123.33363491826279,48.43708955021323],[-123.32849801103686,48.43686401086925],[-123.32830901966635,48.43784501276696],[-123.32811768953148,48.43877081097758]]]},"properties":{"DAUID":"59170224","DGUID":"2021S051259170224","LANDAREA":0.0925,"PRUID":"59","CMA":"Victoria"}},
{"type":"Feature","geometry":{"type":"Polygon","coordinates":[[[-123.33246522444871,48.445989442500526],[-123.33470770656075,48.44509628713993],[-123.3347520110368,48.44373748758273],[-123.33574581353348,48.443753503187885],[-123.33584779581875,48.44002789890904],[-123.33353237950433,48.439992203933514],[-123.33259759561732,48.43998399818357],[-123.33246522444871,48.445989442500526]]]},"properties":{"DAUID":"59170225","DGUID":"2021S051259170225","LANDAREA":0.1329,"PRUID":"59","CMA":"Victoria"}},
{"type":"Feature","geometry":{"type":"Polygon","coordinates":[[[-123.33728038873097,48.438077301980655],[-123.3374081896468,48.43412869600789],[-123.33503751126882,48.43400320462254],[-123.33501998087358,48.43610850115777],[-123.33366299096943,48.43605000424403],[-123.33363491826279,48.43708955021323],[-123.33353237950433,48.439992203933514],[-123.33584779581875,48.44002789890904],[-123.33723299889077,48.44004470646766],[-123.33728038873097,48.438077301980655]]]},"properties":{"DAUID":"59170226","DGUID":"2021S051259170226","LANDAREA":0.1579,"PRUID":"59","CMA":"Victoria"}},
{"type":"Feature","geometry":{"type":"Polygon","coordinates":[[[-123.342582721213,48.444182303265336],[-123.34124650374247,48.44250109265472],[-123.33988220838847,48.44304671338689],[-123.3389501036932,48.44202861146077],[-123.33899713051387,48.440066508160314],[-123.33723299889077,48.44004470646766],[-123.33584779581875,48.44002789890904],[-123.33574581353348,48.443753503187885],[-123.33573310952707,48.444698206603],[-123.3382352790576,48.443696996775586],[-123.33944208055586,48.44527850153857],[-123.342582721213,48.444182303265336]]]},"properties":{"DAUID":"59170227","DGUID":"2021S051259170227","LANDAREA":0.1632,"PRUID":"59","CMA":"Victoria"}},
{"type":"Feature","geometry":{"type":"Polygon","coordinates":[[[-123.34425961386816,48.441291600895475],[-123.34476238966687,48.44014810875381],[-123.33899713051387,48.440066508160314],[-123.3389501036932,48.44202861146077],[-123.33988220838847,48.44304671338689],[-123.34124650374247,48.44250109265472],[-123.34425961386816,48.441291600895475]]]},"properties":{"DAUID":"59170228","DGUID":"2021S051259170228","LANDAREA":0.0955,"PRUID":"59","CMA":"Victoria"}},
{"type":"Feature","geometry":{"type":"Polygon","coordinates":[[[-123.33944208055586,48.44527850153857],[-123.3382352790576,48.443696996775586],[-123.33573310952707,48.444698206603],[-123.33574581353348,48.443753503187885],[-123.3347520110368,48.44373748758273],[-123.33470770656075,48.44509628713993],[-123.33246522444871,48.445989442500526],[-123.33247528170273,48.44814381823112],[-123.33318972459226,48.4481494832738],[-123.33678890190146,48.4481922892941],[-123.34152789556471,48.448273412400134],[-123.33944208055586,48.44527850153857]]]},"properties":{"DAUID":"59170229","DGUID":"2021S051259170229","LANDAREA":0.2325,"PRUID":"59","CMA":"Victoria"}},
{"type":"Feature","geometry":{"type":"Polygon","coordinates":[[[-123.34152789556471,48.448273412400134],[-123.33678890190146,48.4481922892941],[-123.3367273160861,48.45057870009497],[-123.341312777,48.45072899140867],[-123.34314319163981,48.44938889795892],[-123.34394440488038,48.44834308434654],[-123.34152789556471,48.448273412400134]]]},"properties":{"DAUID":"59170230","DGUID":"2021S051259170230","LANDAREA":0.1205,"PRUID":"59","CMA":"Victoria"}},
{"type":"Feature","geometry":{"type":"Polygon","coordinates":[[[-123.33318972459226,48.4481494832738],[-123.3331373085285,48.450562299780046],[-123.33307740623306,48.452819785626566],[-123.33544550196103,48.45284150093109],[-123.33552251149239,48.45059079199597],[-123.3367273160861,48.45057870009497],[-123.33678890190146,48.4481922892941],[-123.33318972459226,48.4481494832738]]]},"properties":{"DAUID":"59170231","DGUID":"2021S051259170231","LANDAREA":0.1148,"PRUID":"59","CMA":"Victoria"}},
{"type":"Feature","geometry":{"type":"Polygon","coordinates":[[[-123.33307740623306,48.452819785626566],[-123.33302538847077,48.456924403426115],[-123.33297360159096,48.45848679468341],[-123.33870959120168,48.45841011422507],[-123.33958390031793,48.45518379367081],[-123.34007718641021,48.453326810902865],[-123.33779351386382,48.45353179019915],[-123.33715869655883,48.45286569891787],[-123.33544550196103,48.45284150093109],[-123.33307740623306,48.452819785626566]]]},"properties":{"DAUID":"59170233","DGUID":"2021S051259170233","LANDAREA":0.2838,"PRUID":"59","CMA":"Victoria"}},
{"type":"Feature","geometry":{"type":"Polygon","coordinates":[[[-123.3331373085285,48.450562299780046],[-123.3307730897188,48.450545096029494],[-123.3307372800813,48.4528042025208],[-123.32654988982628,48.45281941666666],[-123.3268765081524,48.453490490980336],[-123.32863451536342,48.45692649156148],[-123.33302538847077,48.456924403426115],[-123.33307740623306,48.452819785626566],[-123.3331373085285,48.450562299780046]]]},"properties":{"DAUID":"59170234","DGUID":"2021S051259170234","LANDAREA":0.2276,"PRUID":"59","CMA":"Victoria"}},
{"type":"Feature","geometry":{"type":"Polygon","coordinates":[[[-123.33302538847077,48.456924403426115],[-123.32863451536342,48.45692649156148],[-123.32945791457618,48.45857860512427],[-123.32638040470293,48.460493908197236],[-123.33033158471432,48.46039335412939],[-123.3329583901746,48.461268387967266],[-123.33297360159096,48.45848679468341],[-123.33302538847077,48.456924403426115]]]},"properties":{"DAUID":"59170235","DGUID":"2021S051259170235","LANDAREA":0.1394,"PRUID":"59","CMA":"Victoria"}},
{"type":"Feature","geometry":{"type":"Polygon","coordinates":[[[-123.3268765081524,48.453490490980336],[-123.32460382202713,48.453452007697464],[-123.32374910286947,48.45407431152841],[-123.32147791261515,48.45400878749089],[-123.3210208665102,48.45764517085307],[-123.32093308893174,48.460476294083456],[-123.32364521650955,48.4606061002211],[-123.32638040470293,48.460493908197236],[-123.32945791457618,48.45857860512427],[-123.32863451536342,48.45692649156148],[-123.3268765081524,48.453490490980336]]]},"properties":{"DAUID":"59170236","DGUID":"2021S051259170236","LANDAREA":0.3916,"PRUID":"59","CMA":"Victoria"}},
{"type":"Feature","geometry":{"type":"Polygon","coordinates":[[[-123.32638040470293,48.460493908197236],[-123.32364521650955,48.4606061002211],[-123.32355508825337,48.461432591941886],[-123.32478670666804,48.46216981216422],[-123.3289839983603,48.462185509535416],[-123.3289214051247,48.46360419975829],[-123.33285329220332,48.46363390976586],[-123.33438719241451,48.462894191619874],[-123.33504148115779,48.461993606043286],[-123.3329583901746,48.461268387967266],[-123.33033158471432,48.46039335412939],[-123.32638040470293,48.460493908197236]]]},"properties":{"DAUID":"59170237","DGUID":"2021S051259170237","LANDAREA":0.183,"PRUID":"59","CMA":"Victoria"}},
{"type":"Feature","geometry":{"type":"Polygon","coordinates":[[[-123.32478670666804,48.46216981216422],[-123.32473369177744,48.46355900031764],[-123.32393402199821,48.464923999677644],[-123.33282251718558,48.46499209466169],[-123.33285329220332,48.46363390976586],[-123.3289214051247,48.46360419975829],[-123.3289839983603,48.462185509535416],[-123.32478670666804,48.46216981216422]]]},"properties":{"DAUID":"59170238","DGUID":"2021S051259170238","LANDAREA":0.1481,"PRUID":"59","CMA":"Victoria"}},
{"type":"Feature","geometry":{"type":"Polygon","coordinates":[[[-123.32393402199821,48.464923999677644],[-123.32399399555099,48.466320502599935],[-123.32515659448475,48.466347187555314],[-123.32721269087793,48.46726569553965],[-123.3304106242662,48.46731200684887],[-123.3327551905286,48.46774079559294],[-123.33282251718558,48.46499209466169],[-123.32393402199821,48.464923999677644]]]},"properties":{"DAUID":"59170239","DGUID":"2021S051259170239","LANDAREA":0.1593,"PRUID":"59","CMA":"Victoria"}},
{"type":"Feature","geometry":{"type":"Polygon","coordinates":[[[-123.32399399555099,48.466320502599935],[-123.32385864806595,48.46859715468467],[-123.32870122334175,48.468621609369414],[-123.33273369553847,48.46867181514148],[-123.3327551905286,48.46774079559294],[-123.3304106242662,48.46731200684887],[-123.32721269087793,48.46726569553965],[-123.32515659448475,48.466347187555314],[-123.32399399555099,48.466320502599935]]]},"properties":{"DAUID":"59170240","DGUID":"2021S051259170240","LANDAREA":0.1083,"PRUID":"59","CMA":"Victoria"}},
{"type":"Feature","geometry":{"type":"Polygon","coordinates":[[[-123.32385864806595,48.46859715468467],[-123.3230097899431,48.46860419064847],[-123.3230272222807,48.469488403122746],[-123.32460059415523,48.46951190665175],[-123.32511100275113,48.47032559020127],[-123.32512569364228,48.47287980534798],[-123.33122581617654,48.47289201433432],[-123.32997070182277,48.472086706836585],[-123.33000271799966,48.47056440928403],[-123.32851870676856,48.47001030514686],[-123.32870122334175,48.468621609369414],[-123.32385864806595,48.46859715468467]]]},"properties":{"DAUID":"59170241","DGUID":"2021S051259170241","LANDAREA":0.1794,"PRUID":"59","CMA":"Victoria"}},
{"type":"Feature","geometry":{"type":"Polygon","coordinates":[[[-123.32870122334175,48.468621609369414],[-123.32851870676856,48.47001030514686],[-123.33000271799966,48.47056440928403],[-123.32997070182277,48.472086706836585],[-123.33122581617654,48.47289201433432],[-123.332611223882,48.47292240044624],[-123.3328146017783,48.476017786849596],[-123.33457238946876,48.47586459266232],[-123.3353259138118,48.47507830113933],[-123.33449681838785,48.47363710306612],[-123.33486250405953,48.470555104403005],[-123.33531870310179,48.46869169928475],[-123.33273369553847,48.46867181514148],[-123.32870122334175,48.468621609369414]]]},"properties":{"DAUID":"59170242","DGUID":"2021S051259170242","LANDAREA":0.236,"PRUID":"59","CMA":"Victoria"}},
{"type":"Feature","geometry":{"type":"Polygon","coordinates":[[[-123.32512569364228,48.47287980534798],[-123.32514889416666,48.473233008347755],[-123.32604491222857,48.47499060635679],[-123.32731041455418,48.47501619663188],[-123.32754648930816,48.4760231003581],[-123.32838110946632,48.47602610643565],[-123.3328146017783,48.476017786849596],[-123.332611223882,48.47292240044624],[-123.33122581617654,48.47289201433432],[-123.32512569364228,48.47287980534798]]]},"properties":{"DAUID":"59170243","DGUID":"2021S051259170243","LANDAREA":0.1655,"PRUID":"59","CMA":"Victoria"}},
{"type":"Feature","geometry":{"type":"Polygon","coordinates":[[[-123.32514889416666,48.473233008347755],[-123.32074755363726,48.47320295316377],[-123.32104618360411,48.47501131165229],[-123.31825797826612,48.475064389859746],[-123.31821341549471,48.47601730602936],[-123.32304230600876,48.47601489230096],[-123.32754648930816,48.4760231003581],[-123.32731041455418,48.47501619663188],[-123.32604491222857,48.47499060635679],[-123.32514889416666,48.473233008347755]]]},"properties":{"DAUID":"59170244","DGUID":"2021S051259170244","LANDAREA":0.1472,"PRUID":"59","CMA":"Victoria"}},
{"type":"Feature","geometry":{"type":"Polygon","coordinates":[[[-123.3230097899431,48.46860419064847],[-123.31946349516046,48.4685776959357],[-123.31931701924964,48.469017696854166],[-123.31578677821257,48.47215490837152],[-123.31916178145674,48.47218170999387],[-123.32074755363726,48.47320295316377],[-123.32514889416666,48.473233008347755],[-123.32512569364228,48.47287980534798],[-123.32511100275113,48.47032559020127],[-123.32460059415523,48.46951190665175],[-123.3230272222807,48.469488403122746],[-123.3230097899431,48.46860419064847]]]},"properties":{"DAUID":"59170245","DGUID":"2021S051259170245","LANDAREA":0.2451,"PRUID":"59","CMA":"Victoria"}},
{"type":"Feature","geometry":{"type":"Polygon","coordinates":[[[-123.32074755363726,48.47320295316377],[-123.31916178145674,48.47218170999387],[-123.31578677821257,48.47215490837152],[-123.31377088910712,48.47392539569373],[-123.31166081170983,48.475759288592236],[-123.31345631315084,48.47601410714397],[-123.31821341549471,48.47601730602936],[-123.31825797826612,48.475064389859746],[-123.32104618360411,48.47501131165229],[-123.32074755363726,48.47320295316377]]]},"properties":{"DAUID":"59170246","DGUID":"2021S051259170246","LANDAREA":0.1982,"PRUID":"59","CMA":"Victoria"}},
{"type":"Feature","geometry":{"type":"Polygon","coordinates":[[[-123.31821341549471,48.47601730602936],[-123.31345631315084,48.47601410714397],[-123.31343898576142,48.47707770201626],[-123.31768879767488,48.476881506451846],[-123.31770161840319,48.47872589447447],[-123.32302949724215,48.47874339752705],[-123.32304230600876,48.47601489230096],[-123.31821341549471,48.47601730602936]]]},"properties":{"DAUID":"59170247","DGUID":"2021S051259170247","LANDAREA":0.1518,"PRUID":"59","CMA":"Victoria"}},
{"type":"Feature","geometry":{"type":"Polygon","coordinates":[[[-123.31166081170983,48.475759288592236],[-123.307730700035,48.479117003846916],[-123.31277191290728,48.4804948004283],[-123.31395650135651,48.48080430202886],[-123.31540549529889,48.478674104016285],[-123.31770161840319,48.47872589447447],[-123.31768879767488,48.476881506451846],[-123.31343898576142,48.47707770201626],[-123.31345631315084,48.47601410714397],[-123.31166081170983,48.475759288592236]]]},"properties":{"DAUID":"59170248","DGUID":"2021S051259170248","LANDAREA":0.2178,"PRUID":"59","CMA":"Victoria"}},
{"type":"Feature","geometry":{"type":"Polygon","coordinates":[[[-123.31770161840319,48.47872589447447],[-123.31540549529889,48.478674104016285],[-123.31395650135651,48.48080430202886],[-123.32172305994997,48.482917107614334],[-123.32294470446482,48.480907291455665],[-123.32302949724215,48.47874339752705],[-123.31770161840319,48.47872589447447]]]},"properties":{"DAUID":"59170249","DGUID":"2021S051259170249","LANDAREA":0.2227,"PRUID":"59","CMA":"Victoria"}},
{"type":"Feature","geometry":{"type":"Polygon","coordinates":[[[-123.31277191290728,48.4804948004283],[-123.31195701238703,48.481995404647556],[-123.31216590824643,48.482834801073345],[-123.31549039929314,48.48376401126427],[-123.32041528286693,48.48506178507984],[-123.32172305994997,48.482917107614334],[-123.31395650135651,48.48080430202886],[-123.31277191290728,48.4804948004283]]]},"properties":{"DAUID":"59170250","DGUID":"2021S051259170250","LANDAREA":0.1848,"PRUID":"59","CMA":"Victoria"}},
{"type":"Feature","geometry":{"type":"Polygon","coordinates":[[[-123.31549039929314,48.48376401126427],[-123.31396362936017,48.486167309512346],[-123.31186333146827,48.48580290324444],[-123.31132732937168,48.4862473997305],[-123.3125969879583,48.48760521050088],[-123.31385580005491,48.48727820657709],[-123.31555479132227,48.48774239981116],[-123.31625507799187,48.48732999828818],[-123.31869949569854,48.487869792204954],[-123.32041528286693,48.48506178507984],[-123.31549039929314,48.48376401126427]]]},"properties":{"DAUID":"59170251","DGUID":"2021S051259170251","LANDAREA":0.171,"PRUID":"59","CMA":"Victoria"}},
{"type":"Feature","geometry":{"type":"Polygon","coordinates":[[[-123.32172305994997,48.482917107614334],[-123.32041528286693,48.48506178507984],[-123.31869949569854,48.487869792204954],[-123.3177368028195,48.48952541032858],[-123.32205120486877,48.49071111105741],[-123.3249562089877,48.4859871535696],[-123.32612831777189,48.48408785617368],[-123.32733390717844,48.4820730932167],[-123.32294470446482,48.480907291455665],[-123.32172305994997,48.482917107614334]]]},"properties":{"DAUID":"59170252","DGUID":"2021S051259170252","LANDAREA":0.3621,"PRUID":"59","CMA":"Victoria"}},
{"type":"Feature","geometry":{"type":"Polygon","coordinates":[[[-123.3125969879583,48.48760521050088],[-123.31300738879922,48.488821303585674],[-123.31199689864317,48.490268207149825],[-123.31380330185985,48.4907440921269],[-123.31657201329743,48.49147700739518],[-123.31695741033528,48.49083029329273],[-123.32128761327296,48.491952496013724],[-123.32205120486877,48.49071111105741],[-123.3177368028195,48.48952541032858],[-123.31869949569854,48.487869792204954],[-123.31625507799187,48.48732999828818],[-123.31555479132227,48.48774239981116],[-123.31385580005491,48.48727820657709],[-123.3125969879583,48.48760521050088]]]},"properties":{"DAUID":"59170253","DGUID":"2021S051259170253","LANDAREA":0.1982,"PRUID":"59","CMA":"Victoria"}},
{"type":"Feature","geometry":{"type":"Polygon","coordinates":[[[-123.31300738879922,48.488821303585674],[-123.30959309061203,48.48792130400499],[-123.3099157980879,48.487071886003115],[-123.30773638145064,48.48648268965227],[-123.30701819523611,48.48853399187465],[-123.30862040919602,48.48934389683113],[-123.30669599367103,48.49259551470592],[-123.31173379687402,48.49394070222484],[-123.31380330185985,48.4907440921269],[-123.31199689864317,48.490268207149825],[-123.31300738879922,48.488821303585674]]]},"properties":{"DAUID":"59170254","DGUID":"2021S051259170254","LANDAREA":0.2515,"PRUID":"59","CMA":"Victoria"}},
{"type":"Feature","geometry":{"type":"Polygon","coordinates":[[[-123.31216590824643,48.482834801073345],[-123.30740561222994,48.483113520980176],[-123.30565978422842,48.483593937771396],[-123.30656601864156,48.48487763964509],[-123.3081343875618,48.48530698768298],[-123.30773638145064,48.48648268965227],[-123.3099157980879,48.487071886003115],[-123.30959309061203,48.48792130400499],[-123.31300738879922,48.488821303585674],[-123.3125969879583,48.48760521050088],[-123.31132732937168,48.4862473997305],[-123.31186333146827,48.48580290324444],[-123.31396362936017,48.486167309512346],[-123.31549039929314,48.48376401126427],[-123.31216590824643,48.482834801073345]]]},"properties":{"DAUID":"59170255","DGUID":"2021S051259170255","LANDAREA":0.2508,"PRUID":"59","CMA":"Victoria"}},
{"type":"Feature","geometry":{"type":"Polygon","coordinates":[[[-123.30773638145064,48.48648268965227],[-123.3081343875618,48.48530698768298],[-123.30656601864156,48.48487763964509],[-123.30565978422842,48.483593937771396],[-123.30462961053887,48.481926509565454],[-123.30185203736247,48.484661625813935],[-123.30232605756738,48.4848341640408],[-123.30278394109209,48.48691205852569],[-123.30184013144641,48.48757995545663],[-123.3005486157966,48.486557458158394],[-123.30020736315207,48.48834906696605],[-123.30204755972767,48.490422761352995],[-123.3036429301685,48.49027457879869],[-123.30363952381074,48.49187546389294],[-123.30498193743566,48.49469676663589],[-123.30677624220208,48.4957535506513],[-123.30915404334348,48.495000159400455],[-123.3110211511995,48.49515708523494],[-123.31173379687402,48.49394070222484],[-123.30669599367103,48.49259551470592],[-123.30862040919602,48.48934389683113],[-123.30701819523611,48.48853399187465],[-123.30773638145064,48.48648268965227]]]},"properties":{"DAUID":"59170256","DGUID":"2021S051259170256","LANDAREA":0.5292,"PRUID":"59","CMA":"Victoria"}},
{"type":"Feature","geometry":{"type":"Polygon","coordinates":[[[-123.307730700035,48.479117003846916],[-123.30539602021265,48.47566790765984],[-123.30398070302334,48.47400598512043],[-123.30327051631467,48.473032013809394],[-123.30314180770561,48.47072020593143],[-123.2990716200263,48.474487541978576],[-123.29886042658514,48.475469954960744],[-123.30055625498693,48.47640996129255],[-123.301433218411,48.47600256198403],[-123.3028308291732,48.476681963470185],[-123.30320814331783,48.47848926784155],[-123.30192603189958,48.4791771659692],[-123.30136532968672,48.48039346215613],[-123.30212752410509,48.48129927029309],[-123.30147344427482,48.48262375726376],[-123.30185203736247,48.484661625813935],[-123.30462961053887,48.481926509565454],[-123.30565978422842,48.483593937771396],[-123.30740561222994,48.483113520980176],[-123.31216590824643,48.482834801073345],[-123.31195701238703,48.481995404647556],[-123.31277191290728,48.4804948004283],[-123.307730700035,48.479117003846916]]]},"properties":{"DAUID":"59170257","DGUID":"2021S051259170257","LANDAREA":0.5651,"PRUID":"59","CMA":"Victoria"}},
{"type":"Feature","geometry":{"type":"Polygon","coordinates":[[[-123.31377088910712,48.47392539569373],[-123.3117919063022,48.472815603527266],[-123.31010377651572,48.471958502111306],[-123.30702090202064,48.47275308772995],[-123.30567129738901,48.472829716187306],[-123.30398070302334,48.47400598512043],[-123.30539602021265,48.47566790765984],[-123.307730700035,48.479117003846916],[-123.31166081170983,48.475759288592236],[-123.31377088910712,48.47392539569373]]]},"properties":{"DAUID":"59170258","DGUID":"2021S051259170258","LANDAREA":0.3055,"PRUID":"59","CMA":"Victoria"}},
{"type":"Feature","geometry":{"type":"Polygon","coordinates":[[[-123.30398070302334,48.47400598512043],[-123.30567129738901,48.472829716187306],[-123.30702090202064,48.47275308772995],[-123.31010377651572,48.471958502111306],[-123.3117919063022,48.472815603527266],[-123.31283601259486,48.47148491256774],[-123.31012069053598,48.47026181454935],[-123.3087136925762,48.471252301810345],[-123.30495161266546,48.46922870512653],[-123.30314180770561,48.47072020593143],[-123.30327051631467,48.473032013809394],[-123.30398070302334,48.47400598512043]]]},"properties":{"DAUID":"59170259","DGUID":"2021S051259170259","LANDAREA":0.1815,"PRUID":"59","CMA":"Victoria"}},
{"type":"Feature","geometry":{"type":"Polygon","coordinates":[[[-123.31946349516046,48.4685776959357],[-123.32056245390652,48.46721972211467],[-123.31750690187015,48.465635853128006],[-123.31246423342995,48.4634031401761],[-123.30953168837283,48.465473651561],[-123.30495161266546,48.46922870512653],[-123.3087136925762,48.471252301810345],[-123.31012069053598,48.47026181454935],[-123.31283601259486,48.47148491256774],[-123.3117919063022,48.472815603527266],[-123.31377088910712,48.47392539569373],[-123.31578677821257,48.47215490837152],[-123.31931701924964,48.469017696854166],[-123.31946349516046,48.4685776959357]]]},"properties":{"DAUID":"59170260","DGUID":"2021S051259170260","LANDAREA":0.6647,"PRUID":"59","CMA":"Victoria"}},
{"type":"Feature","geometry":{"type":"Polygon","coordinates":[[[-123.29302518406796,48.46165799880564],[-123.29123061308425,48.46292960475541],[-123.29278238155595,48.46377370586647],[-123.29192068778119,48.46448394588437],[-123.29418540207988,48.465733094164044],[-123.29781919102088,48.467791715054574],[-123.30268675217019,48.46385766244297],[-123.30100447459355,48.462905794519024],[-123.29760249420053,48.46100198724432],[-123.29546341219965,48.46183109940335],[-123.29302518406796,48.46165799880564]]]},"properties":{"DAUID":"59170262","DGUID":"2021S051259170262","LANDAREA":0.3476,"PRUID":"59","CMA":"Victoria"}},
{"type":"Feature","geometry":{"type":"Polygon","coordinates":[[[-123.29872964117324,48.45592281946411],[-123.2972502406612,48.4571389746692],[-123.29369073934106,48.4587938666731],[-123.2907306214326,48.459369267496925],[-123.28906705101242,48.45930945749559],[-123.28783204042189,48.45870985874596],[-123.28847202997454,48.45689967830398],[-123.28746554925756,48.455885662128054],[-123.28707883014246,48.45462807705323],[-123.28614412508763,48.45415376589778],[-123.28395202971825,48.454149570483644],[-123.28425793234837,48.453285057189056],[-123.28172064299844,48.45182524950664],[-123.2805485614068,48.45015466780442],[-123.27787155375663,48.45021019742051],[-123.27809450239835,48.4513193084992],[-123.28104829040946,48.45214190722971],[-123.2828475828681,48.454074694547934],[-123.28553241750214,48.45488389897924],[-123.28777241755702,48.457540296225005],[-123.28689669765086,48.45856398671909],[-123.28806700501553,48.45958318961793],[-123.29017390803774,48.46032789043731],[-123.29302518406796,48.46165799880564],[-123.29546341219965,48.46183109940335],[-123.29760249420053,48.46100198724432],[-123.29940008758132,48.45946059874828],[-123.30044266296969,48.45682841397737],[-123.30049780224641,48.45664789089189],[-123.29872964117324,48.45592281946411]]]},"properties":{"DAUID":"59170263","DGUID":"2021S051259170263","LANDAREA":0.3876,"PRUID":"59","CMA":"Victoria"}},
{"type":"Feature","geometry":{"type":"Polygon","coordinates":[[[-123.29302518406796,48.46165799880564],[-123.29017390803774,48.46032789043731],[-123.28778950525748,48.4622302064908],[-123.28493542274126,48.46066907559281],[-123.28186566794842,48.462578883558585],[-123.28307039215628,48.46428984450836],[-123.2830927411767,48.465146217900184],[-123.28504724912042,48.465444311716396],[-123.28575278244979,48.46637411134371],[-123.2886406994196,48.467822404706574],[-123.28904110525495,48.46912940145316],[-123.28992150003096,48.46986259189648],[-123.2917539802827,48.469983396602586],[-123.2939548047169,48.46813230300221],[-123.29418540207988,48.465733094164044],[-123.29192068778119,48.46448394588437],[-123.29278238155595,48.46377370586647],[-123.29123061308425,48.46292960475541],[-123.29302518406796,48.46165799880564]]]},"properties":{"DAUID":"59170264","DGUID":"2021S051259170264","LANDAREA":0.5464,"PRUID":"59","CMA":"Victoria"}},
{"type":"Feature","geometry":{"type":"Polygon","coordinates":[[[-123.28689669765086,48.45856398671909],[-123.28044301102389,48.45503649521367],[-123.27927270268962,48.4559001993417],[-123.27962910188415,48.45667501233437],[-123.27890021143176,48.457632910312086],[-123.27691589565563,48.458021111808016],[-123.27583900191429,48.458947604009786],[-123.27625888460439,48.459580604058054],[-123.27909802120561,48.459121493641355],[-123.28046029229529,48.45973371779127],[-123.28177701814778,48.459424807339914],[-123.28493542274126,48.46066907559281],[-123.28778950525748,48.4622302064908],[-123.29017390803774,48.46032789043731],[-123.28806700501553,48.45958318961793],[-123.28689669765086,48.45856398671909]]]},"properties":{"DAUID":"59170265","DGUID":"2021S051259170265","LANDAREA":0.3099,"PRUID":"59","CMA":"Victoria"}},
{"type":"Feature","geometry":{"type":"Polygon","coordinates":[[[-123.28493542274126,48.46066907559281],[-123.28177701814778,48.459424807339914],[-123.28046029229529,48.45973371779127],[-123.27909802120561,48.459121493641355],[-123.27625888460439,48.459580604058054],[-123.27583900191429,48.458947604009786],[-123.27691589565563,48.458021111808016],[-123.27890021143176,48.457632910312086],[-123.27962910188415,48.45667501233437],[-123.27927270268962,48.4559001993417],[-123.27786379178116,48.456145412116825],[-123.2749836967239,48.45844309975641],[-123.27443758090381,48.458266700765336],[-123.27021049216454,48.455053790094105],[-123.26799969414837,48.45464418659922],[-123.2660517950972,48.454776988379145],[-123.26523165016864,48.45372036849037],[-123.26476063060528,48.45424065848233],[-123.26583805583059,48.45565915937293],[-123.2674980391199,48.45532305200277],[-123.26998353618058,48.456936649097024],[-123.27001386182171,48.45758326641241],[-123.27267673793583,48.45980934879927],[-123.27534393560754,48.462869967659074],[-123.27574044603993,48.46387685095558],[-123.2785010366725,48.46504155468062],[-123.27908160856168,48.4645389795199],[-123.27986309013123,48.463841462049984],[-123.28186566794842,48.462578883558585],[-123.28493542274126,48.46066907559281]]]},"properties":{"DAUID":"59170266","DGUID":"2021S051259170266","LANDAREA":0.5097,"PRUID":"59","CMA":"Victoria"}},
{"type":"Feature","geometry":{"type":"Polygon","coordinates":[[[-123.27787155375663,48.45021019742051],[-123.27583093414407,48.450399574121974],[-123.27198214147079,48.45131815281893],[-123.27174602986658,48.45014895669646],[-123.2696656604265,48.45053206623624],[-123.26629693094914,48.45035976754815],[-123.26585462683637,48.4508358480305],[-123.26560746107987,48.4511960746187],[-123.26596864301162,48.45243765070742],[-123.26523165016864,48.45372036849037],[-123.2660517950972,48.454776988379145],[-123.26799969414837,48.45464418659922],[-123.26810318620575,48.45385779857426],[-123.27114098944104,48.454092095759016],[-123.27378810131161,48.45192369288893],[-123.27444819091296,48.45187759286781],[-123.28044301102389,48.45503649521367],[-123.28689669765086,48.45856398671909],[-123.28777241755702,48.457540296225005],[-123.28553241750214,48.45488389897924],[-123.2828475828681,48.454074694547934],[-123.28104829040946,48.45214190722971],[-123.27809450239835,48.4513193084992],[-123.27787155375663,48.45021019742051]]]},"properties":{"DAUID":"59170267","DGUID":"2021S051259170267","LANDAREA":0.509,"PRUID":"59","CMA":"Victoria"}},
{"type":"Feature","geometry":{"type":"Polygon","coordinates":[[[-123.28044301102389,48.45503649521367],[-123.27444819091296,48.45187759286781],[-123.27378810131161,48.45192369288893],[-123.27114098944104,48.454092095759016],[-123.26810318620575,48.45385779857426],[-123.26799969414837,48.45464418659922],[-123.27021049216454,48.455053790094105],[-123.27443758090381,48.458266700765336],[-123.2749836967239,48.45844309975641],[-123.27786379178116,48.456145412116825],[-123.27927270268962,48.4559001993417],[-123.28044301102389,48.45503649521367]]]},"properties":{"DAUID":"59170268","DGUID":"2021S051259170268","LANDAREA":0.3078,"PRUID":"59","CMA":"Victoria"}},
{"type":"Feature","geometry":{"type":"Polygon","coordinates":[[[-123.32667491486761,48.41124637892788],[-123.32415162730797,48.40997905768489],[-123.32539514724742,48.408111954988115],[-123.32269214124327,48.405907254935954],[-123.32154354750901,48.40564944865476],[-123.32001452894127,48.407516659947966],[-123.31906464076846,48.407077948888585],[-123.31814012622802,48.40815046812437],[-123.31638512344841,48.408299959547016],[-123.31575543890901,48.40922857107647],[-123.31748095107946,48.410698366076694],[-123.31589023581134,48.41157567214283],[-123.31456122934276,48.41280335581331],[-123.31229351679525,48.413142257956736],[-123.30979153455947,48.413076761885556],[-123.30715823850885,48.41094324924772],[-123.30485365503037,48.409940659739775],[-123.30315156312797,48.4100480539188],[-123.30276608431912,48.4114123999073],[-123.30429118655628,48.41371769763399],[-123.30711015460832,48.41407987363046],[-123.30802060489474,48.415124845019214],[-123.30980574827178,48.41407567127758],[-123.30986061825153,48.413203694769855],[-123.31334160916754,48.41319030788447],[-123.31714181013038,48.41206730288662],[-123.31838338914586,48.41103370140749],[-123.31778421476841,48.40935089655508],[-123.31960630568011,48.40849519045302],[-123.32090969007866,48.40941662126015],[-123.32108963467476,48.41019409995244],[-123.32237044750691,48.41077660903468],[-123.323589203187,48.41064239524978],[-123.32653439090345,48.41194431318865],[-123.32667491486761,48.41124637892788]]]},"properties":{"DAUID":"59170270","DGUID":"2021S051259170270","LANDAREA":0.4053,"PRUID":"59","CMA":"Victoria"}},
{"type":"Feature","geometry":{"type":"Polygon","coordinates":[[[-123.30314180770561,48.47072020593143],[-123.29781919102088,48.467791715054574],[-123.29418540207988,48.465733094164044],[-123.2939548047169,48.46813230300221],[-123.2917539802827,48.469983396602586],[-123.28992150003096,48.46986259189648],[-123.28904110525495,48.46912940145316],[-123.2886406994196,48.467822404706574],[-123.28575278244979,48.46637411134371],[-123.28504724912042,48.465444311716396],[-123.2830927411767,48.465146217900184],[-123.28307039215628,48.46428984450836],[-123.28186566794842,48.462578883558585],[-123.27986309013123,48.463841462049984],[-123.28109202752185,48.465114573726076],[-123.28085584487125,48.466562966602716],[-123.28355504781646,48.46787036333683],[-123.28525862766432,48.46759546755145],[-123.2864691471821,48.46861804860014],[-123.28665254453142,48.46998536143366],[-123.28773712754996,48.470684558231994],[-123.290230349366,48.471289859751955],[-123.29229674981787,48.47300326973245],[-123.29394775973347,48.47315136376854],[-123.29523765835862,48.473805064813064],[-123.29810315404191,48.4731684614038],[-123.2990716200263,48.474487541978576],[-123.30314180770561,48.47072020593143]]]},"properties":{"DAUID":"59170271","DGUID":"2021S051259170271","LANDAREA":0.6912,"PRUID":"59","CMA":"Victoria"}},
{"type":"Feature","geometry":{"type":"Polygon","coordinates":[[[-123.33707360799633,48.41220100532952],[-123.33985362062346,48.412297889486815],[-123.34187670959274,48.411775193171614],[-123.34295530229686,48.411951984137595],[-123.3443329105824,48.41079160736672],[-123.34439759343026,48.41011860831846],[-123.34855657973749,48.40791870190369],[-123.34959659821845,48.405846095990015],[-123.35108297614721,48.40603570660504],[-123.35148929921777,48.40556919966902],[-123.3490032424137,48.404354868673195],[-123.34916435133215,48.4060454597123],[-123.34553013957787,48.40832415114372],[-123.34174492460876,48.40987376771341],[-123.33861334428309,48.41033236996422],[-123.33605163848856,48.40936817526622],[-123.33477435092303,48.40834696321153],[-123.33192362686009,48.408130465629526],[-123.33058704943474,48.408448072071906],[-123.32952645264527,48.40958455332449],[-123.33057264629254,48.41033794582396],[-123.32920909762755,48.41147374962291],[-123.33138590075862,48.41123429610978],[-123.33225259403206,48.410863803471635],[-123.3363062025085,48.41088208786373],[-123.33707360799633,48.41220100532952]]]},"properties":{"DAUID":"59170272","DGUID":"2021S051259170272","LANDAREA":0.3641,"PRUID":"59","CMA":"Victoria"}},
{"type":"Feature","geometry":{"type":"Polygon","coordinates":[[[-123.3373042974503,48.41447680494952],[-123.34118129445578,48.41449939929622],[-123.34109919030409,48.41632001058194],[-123.34521439121185,48.41676321707012],[-123.34569698440744,48.41520789742012],[-123.34279318573428,48.413036505892315],[-123.34295530229686,48.411951984137595],[-123.34187670959274,48.411775193171614],[-123.33985362062346,48.412297889486815],[-123.33707360799633,48.41220100532952],[-123.33722128025232,48.41367469865829],[-123.3373042974503,48.41447680494952]]]},"properties":{"DAUID":"59170273","DGUID":"2021S051259170273","LANDAREA":0.193,"PRUID":"59","CMA":"Victoria"}},
{"type":"Feature","geometry":{"type":"Polygon","coordinates":[[[-123.34295530229686,48.411951984137595],[-123.34279318573428,48.413036505892315],[-123.34569698440744,48.41520789742012],[-123.34521439121185,48.41676321707012],[-123.34836538223699,48.41710559383122],[-123.34880360046647,48.41525690648423],[-123.3490635943933,48.41422811822086],[-123.34979599454947,48.41138760933164],[-123.3443329105824,48.41079160736672],[-123.34295530229686,48.411951984137595]]]},"properties":{"DAUID":"59170274","DGUID":"2021S051259170274","LANDAREA":0.2333,"PRUID":"59","CMA":"Victoria"}},
{"type":"Feature","geometry":{"type":"Polygon","coordinates":[[[-123.33863770341371,48.419957498711454],[-123.3425022992482,48.41984709389347],[-123.34511068158842,48.419885500722955],[-123.34653370406264,48.41856849034386],[-123.34790470032625,48.41889770735946],[-123.34836538223699,48.41710559383122],[-123.34521439121185,48.41676321707012],[-123.34109919030409,48.41632001058194],[-123.34118129445578,48.41449939929622],[-123.3373042974503,48.41447680494952],[-123.33753722325422,48.41621240240567],[-123.33780622634067,48.41855040143956],[-123.33863770341371,48.419957498711454]]]},"properties":{"DAUID":"59170275","DGUID":"2021S051259170275","LANDAREA":0.3104,"PRUID":"59","CMA":"Victoria"}},
{"type":"Feature","geometry":{"type":"Polygon","coordinates":[[[-123.34836538223699,48.41710559383122],[-123.34790470032625,48.41889770735946],[-123.34747231350174,48.42083579494601],[-123.35098901147606,48.42146949508888],[-123.3511725116475,48.42089240810623],[-123.35154649269529,48.41927298873878],[-123.35012750575613,48.419122908485505],[-123.35082960925847,48.4164151163676],[-123.34880360046647,48.41525690648423],[-123.34836538223699,48.41710559383122]]]},"properties":{"DAUID":"59170276","DGUID":"2021S051259170276","LANDAREA":0.1192,"PRUID":"59","CMA":"Victoria"}},
{"type":"Feature","geometry":{"type":"Polygon","coordinates":[[[-123.34690630931962,48.42322948796881],[-123.34747231350174,48.42083579494601],[-123.34790470032625,48.41889770735946],[-123.34653370406264,48.41856849034386],[-123.34511068158842,48.419885500722955],[-123.3425022992482,48.41984709389347],[-123.34241930621494,48.42137369100885],[-123.34516391378541,48.42174920969996],[-123.34487780699958,48.42384150588183],[-123.34690630931962,48.42322948796881]]]},"properties":{"DAUID":"59170277","DGUID":"2021S051259170277","LANDAREA":0.1274,"PRUID":"59","CMA":"Victoria"}},
{"type":"Feature","geometry":{"type":"Polygon","coordinates":[[[-123.35405398857272,48.42340389332975],[-123.3541716822963,48.42291531069959],[-123.35157879026713,48.422622286621824],[-123.35098901147606,48.42146949508888],[-123.34747231350174,48.42083579494601],[-123.34690630931962,48.42322948796881],[-123.34978181219788,48.42295880895859],[-123.35405398857272,48.42340389332975]]]},"properties":{"DAUID":"59170278","DGUID":"2021S051259170278","LANDAREA":0.0809,"PRUID":"59","CMA":"Victoria"}},
{"type":"Feature","geometry":{"type":"Polygon","coordinates":[[[-123.35098901147606,48.42146949508888],[-123.35157879026713,48.422622286621824],[-123.3541716822963,48.42291531069959],[-123.35456832251428,48.421276706332705],[-123.3511725116475,48.42089240810623],[-123.35098901147606,48.42146949508888]]]},"properties":{"DAUID":"59170279","DGUID":"2021S051259170279","LANDAREA":0.0415,"PRUID":"59","CMA":"Victoria"}},
{"type":"Feature","geometry":{"type":"Polygon","coordinates":[[[-123.3511725116475,48.42089240810623],[-123.35456832251428,48.421276706332705],[-123.35476779357319,48.420459218313745],[-123.3576595081006,48.42076320335816],[-123.35784640394886,48.41995440310974],[-123.35496631146532,48.41963630388658],[-123.35154649269529,48.41927298873878],[-123.3511725116475,48.42089240810623]]]},"properties":{"DAUID":"59170280","DGUID":"2021S051259170280","LANDAREA":0.0668,"PRUID":"59","CMA":"Victoria"}},
{"type":"Feature","geometry":{"type":"Polygon","coordinates":[[[-123.3568962832946,48.423726491442174],[-123.3576595081006,48.42076320335816],[-123.35476779357319,48.420459218313745],[-123.35456832251428,48.421276706332705],[-123.3541716822963,48.42291531069959],[-123.35405398857272,48.42340389332975],[-123.3568962832946,48.423726491442174]]]},"properties":{"DAUID":"59170281","DGUID":"2021S051259170281","LANDAREA":0.0718,"PRUID":"59","CMA":"Victoria"}},
{"type":"Feature","geometry":{"type":"Polygon","coordinates":[[[-123.3597176039916,48.424014197455655],[-123.36049939995948,48.42124709021825],[-123.36258080064182,48.420866108049715],[-123.35802660760163,48.4191427054159],[-123.35784640394886,48.41995440310974],[-123.3576595081006,48.42076320335816],[-123.3568962832946,48.423726491442174],[-123.3597176039916,48.424014197455655]]]},"properties":{"DAUID":"59170282","DGUID":"2021S051259170282","LANDAREA":0.1096,"PRUID":"59","CMA":"Victoria"}},
{"type":"Feature","geometry":{"type":"Polygon","coordinates":[[[-123.35784640394886,48.41995440310974],[-123.35802660760163,48.4191427054159],[-123.3584471127779,48.417531706643835],[-123.35556017940144,48.41721789267636],[-123.35536068667822,48.41801199726264],[-123.35496631146532,48.41963630388658],[-123.35784640394886,48.41995440310974]]]},"properties":{"DAUID":"59170285","DGUID":"2021S051259170285","LANDAREA":0.059,"PRUID":"59","CMA":"Victoria"}},
{"type":"Feature","geometry":{"type":"Polygon","coordinates":[[[-123.3584471127779,48.417531706643835],[-123.35929350382762,48.41667530477235],[-123.36052779677863,48.416797198471876],[-123.36057279585512,48.41582161140834],[-123.35610379800437,48.41545580605507],[-123.35590331012327,48.415906183190174],[-123.35556017940144,48.41721789267636],[-123.3584471127779,48.417531706643835]]]},"properties":{"DAUID":"59170286","DGUID":"2021S051259170286","LANDAREA":0.0583,"PRUID":"59","CMA":"Victoria"}},
{"type":"Feature","geometry":{"type":"Polygon","coordinates":[[[-123.35556017940144,48.41721789267636],[-123.35590331012327,48.415906183190174],[-123.35245919126872,48.41550000664424],[-123.35211729162306,48.416907299350655],[-123.35536068667822,48.41801199726264],[-123.35556017940144,48.41721789267636]]]},"properties":{"DAUID":"59170287","DGUID":"2021S051259170287","LANDAREA":0.0527,"PRUID":"59","CMA":"Victoria"}},
{"type":"Feature","geometry":{"type":"Polygon","coordinates":[[[-123.34880360046647,48.41525690648423],[-123.35082960925847,48.4164151163676],[-123.35211729162306,48.416907299350655],[-123.35245919126872,48.41550000664424],[-123.35590331012327,48.415906183190174],[-123.35610379800437,48.41545580605507],[-123.35629361084166,48.41502939538447],[-123.35273258525366,48.4145913942463],[-123.3490635943933,48.41422811822086],[-123.34880360046647,48.41525690648423]]]},"properties":{"DAUID":"59170288","DGUID":"2021S051259170288","LANDAREA":0.0812,"PRUID":"59","CMA":"Victoria"}},
{"type":"Feature","geometry":{"type":"Polygon","coordinates":[[[-123.35154649269529,48.41927298873878],[-123.35496631146532,48.41963630388658],[-123.35536068667822,48.41801199726264],[-123.35211729162306,48.416907299350655],[-123.35082960925847,48.4164151163676],[-123.35012750575613,48.419122908485505],[-123.35154649269529,48.41927298873878]]]},"properties":{"DAUID":"59170289","DGUID":"2021S051259170289","LANDAREA":0.086,"PRUID":"59","CMA":"Victoria"}},
{"type":"Feature","geometry":{"type":"Polygon","coordinates":[[[-123.35629361084166,48.41502939538447],[-123.3568468955274,48.413794214757125],[-123.35936781129224,48.413895006017896],[-123.35940061254837,48.41282348863351],[-123.35737011902002,48.412227200569546],[-123.3533817127463,48.41178940650836],[-123.35273258525366,48.4145913942463],[-123.35629361084166,48.41502939538447]]]},"properties":{"DAUID":"59170290","DGUID":"2021S051259170290","LANDAREA":0.1119,"PRUID":"59","CMA":"Victoria"}},
{"type":"Feature","geometry":{"type":"Polygon","coordinates":[[[-123.3490635943933,48.41422811822086],[-123.35273258525366,48.4145913942463],[-123.3533817127463,48.41178940650836],[-123.35192019808954,48.411632910317316],[-123.35239329990833,48.4097598045165],[-123.35024580518787,48.40949868233773],[-123.34979599454947,48.41138760933164],[-123.3490635943933,48.41422811822086]]]},"properties":{"DAUID":"59170291","DGUID":"2021S051259170291","LANDAREA":0.1206,"PRUID":"59","CMA":"Victoria"}},
{"type":"Feature","geometry":{"type":"Polygon","coordinates":[[[-123.35737011902002,48.412227200569546],[-123.3577257057632,48.40941061051878],[-123.35514429612559,48.40909358328665],[-123.35550911666742,48.407634500889195],[-123.35448940934795,48.40737090060182],[-123.35384011483933,48.40993579860453],[-123.35239329990833,48.4097598045165],[-123.35192019808954,48.411632910317316],[-123.3533817127463,48.41178940650836],[-123.35737011902002,48.412227200569546]]]},"properties":{"DAUID":"59170292","DGUID":"2021S051259170292","LANDAREA":0.1274,"PRUID":"59","CMA":"Victoria"}},
{"type":"Feature","geometry":{"type":"Polygon","coordinates":[[[-123.35108297614721,48.40603570660504],[-123.35024580518787,48.40949868233773],[-123.35239329990833,48.4097598045165],[-123.35384011483933,48.40993579860453],[-123.35448940934795,48.40737090060182],[-123.35550911666742,48.407634500889195],[-123.35514429612559,48.40909358328665],[-123.3577257057632,48.40941061051878],[-123.35825298509053,48.40735424766216],[-123.3558870322987,48.407132172940806],[-123.35148929921777,48.40556919966902],[-123.35108297614721,48.40603570660504]]]},"properties":{"DAUID":"59170293","DGUID":"2021S051259170293","LANDAREA":0.1557,"PRUID":"59","CMA":"Victoria"}},
{"type":"Feature","geometry":{"type":"Polygon","coordinates":[[[-123.3443329105824,48.41079160736672],[-123.34979599454947,48.41138760933164],[-123.35024580518787,48.40949868233773],[-123.35108297614721,48.40603570660504],[-123.34959659821845,48.405846095990015],[-123.34855657973749,48.40791870190369],[-123.34439759343026,48.41011860831846],[-123.3443329105824,48.41079160736672]]]},"properties":{"DAUID":"59170294","DGUID":"2021S051259170294","LANDAREA":0.1483,"PRUID":"59","CMA":"Victoria"}},
{"type":"Feature","geometry":{"type":"Polygon","coordinates":[[[-123.36052779677863,48.416797198471876],[-123.36213819627822,48.41784291104112],[-123.365202856586,48.41915657076792],[-123.36561688499629,48.41850580184365],[-123.36575969964468,48.41739380910623],[-123.36585340857023,48.415881091558575],[-123.36783129632765,48.41245821323511],[-123.36890700188326,48.410092295598375],[-123.36962212438671,48.408284116352455],[-123.36656853138855,48.4080065707084],[-123.36444842453852,48.40640295729212],[-123.36268535440342,48.40729015597244],[-123.35825298509053,48.40735424766216],[-123.3577257057632,48.40941061051878],[-123.35737011902002,48.412227200569546],[-123.35940061254837,48.41282348863351],[-123.35936781129224,48.413895006017896],[-123.3568468955274,48.413794214757125],[-123.35629361084166,48.41502939538447],[-123.35610379800437,48.41545580605507],[-123.36057279585512,48.41582161140834],[-123.36052779677863,48.416797198471876]]]},"properties":{"DAUID":"59170295","DGUID":"2021S051259170295","LANDAREA":0.8021,"PRUID":"59","CMA":"Victoria"}},
{"type":"Feature","geometry":{"type":"Polygon","coordinates":[[[-123.36585340857023,48.415881091558575],[-123.36906550041698,48.415684094763996],[-123.3684600201456,48.41442000073618],[-123.36912959650235,48.41307479939084],[-123.36783129632765,48.41245821323511],[-123.36585340857023,48.415881091558575]]]},"properties":{"DAUID":"59170296","DGUID":"2021S051259170296","LANDAREA":0.0561,"PRUID":"59","CMA":"Victoria"}},
{"type":"Feature","geometry":{"type":"Polygon","coordinates":[[[-123.36575969964468,48.41739380910623],[-123.36886999017221,48.417185299519176],[-123.36906550041698,48.415684094763996],[-123.36585340857023,48.415881091558575],[-123.36575969964468,48.41739380910623]]]},"properties":{"DAUID":"59170297","DGUID":"2021S051259170297","LANDAREA":0.0389,"PRUID":"59","CMA":"Victoria"}},
{"type":"Feature","geometry":{"type":"Polygon","coordinates":[[[-123.36561688499629,48.41850580184365],[-123.3663289900516,48.42022890893884],[-123.37092460233637,48.420752595015145],[-123.37415009346886,48.421630812564096],[-123.37632878983639,48.41956640896458],[-123.37241289588422,48.41807591333344],[-123.37301859445097,48.41698350601208],[-123.37156530069461,48.4170394060922],[-123.37238999841802,48.41545278896763],[-123.36906550041698,48.415684094763996],[-123.36886999017221,48.417185299519176],[-123.36575969964468,48.41739380910623],[-123.36561688499629,48.41850580184365]]]},"properties":{"DAUID":"59170298","DGUID":"2021S051259170298","LANDAREA":0.2941,"PRUID":"59","CMA":"Victoria"}},
{"type":"Feature","geometry":{"type":"Polygon","coordinates":[[[-123.36906550041698,48.415684094763996],[-123.37238999841802,48.41545278896763],[-123.37391350487574,48.41534631286573],[-123.36912959650235,48.41307479939084],[-123.3684600201456,48.41442000073618],[-123.36906550041698,48.415684094763996]]]},"properties":{"DAUID":"59170299","DGUID":"2021S051259170299","LANDAREA":0.055,"PRUID":"59","CMA":"Victoria"}},
{"type":"Feature","geometry":{"type":"Polygon","coordinates":[[[-123.37391350487574,48.41534631286573],[-123.37562369413065,48.413819604469175],[-123.37286591354885,48.41251829883001],[-123.37198918901788,48.41210430941362],[-123.37084429521138,48.41156632220547],[-123.36912959650235,48.41307479939084],[-123.37391350487574,48.41534631286573]]]},"properties":{"DAUID":"59170300","DGUID":"2021S051259170300","LANDAREA":0.092,"PRUID":"59","CMA":"Victoria"}},
{"type":"Feature","geometry":{"type":"Polygon","coordinates":[[[-123.37562369413065,48.413819604469175],[-123.37655360778132,48.4129587991919],[-123.37378570691357,48.411670906370105],[-123.37286591354885,48.41251829883001],[-123.37562369413065,48.413819604469175]]]},"properties":{"DAUID":"59170301","DGUID":"2021S051259170301","LANDAREA":0.0293,"PRUID":"59","CMA":"Victoria"}},
{"type":"Feature","geometry":{"type":"Polygon","coordinates":[[[-123.37286591354885,48.41251829883001],[-123.37378570691357,48.411670906370105],[-123.37655360778132,48.4129587991919],[-123.3781516597765,48.411502924367994],[-123.37828774331355,48.410433447447005],[-123.37653604582147,48.40926126345215],[-123.37518322776442,48.40916054274825],[-123.37267720293055,48.41147199185074],[-123.37198918901788,48.41210430941362],[-123.37286591354885,48.41251829883001]]]},"properties":{"DAUID":"59170302","DGUID":"2021S051259170302","LANDAREA":0.1088,"PRUID":"59","CMA":"Victoria"}},
{"type":"Feature","geometry":{"type":"Polygon","coordinates":[[[-123.37562369413065,48.413819604469175],[-123.37721859087294,48.41458959778533],[-123.37936419464779,48.41562119910945],[-123.38133421199683,48.41378518995176],[-123.38147490527221,48.41357611500043],[-123.37901773280952,48.41237467675093],[-123.3781516597765,48.411502924367994],[-123.37655360778132,48.4129587991919],[-123.37562369413065,48.413819604469175]]]},"properties":{"DAUID":"59170303","DGUID":"2021S051259170303","LANDAREA":0.096,"PRUID":"59","CMA":"Victoria"}},
{"type":"Feature","geometry":{"type":"Polygon","coordinates":[[[-123.37391350487574,48.41534631286573],[-123.37556790061372,48.41613859646788],[-123.37721859087294,48.41458959778533],[-123.37562369413065,48.413819604469175],[-123.37391350487574,48.41534631286573]]]},"properties":{"DAUID":"59170304","DGUID":"2021S051259170304","LANDAREA":0.0314,"PRUID":"59","CMA":"Victoria"}},
{"type":"Feature","geometry":{"type":"Polygon","coordinates":[[[-123.37721859087294,48.41458959778533],[-123.37556790061372,48.41613859646788],[-123.37851540036867,48.41755091544407],[-123.38015239982674,48.4160041994109],[-123.37936419464779,48.41562119910945],[-123.37721859087294,48.41458959778533]]]},"properties":{"DAUID":"59170305","DGUID":"2021S051259170305","LANDAREA":0.0568,"PRUID":"59","CMA":"Victoria"}},
{"type":"Feature","geometry":{"type":"Polygon","coordinates":[[[-123.37632878983639,48.41956640896458],[-123.37708881764756,48.418877302983006],[-123.37301859445097,48.41698350601208],[-123.37241289588422,48.41807591333344],[-123.37632878983639,48.41956640896458]]]},"properties":{"DAUID":"59170308","DGUID":"2021S051259170308","LANDAREA":0.0387,"PRUID":"59","CMA":"Victoria"}},
{"type":"Feature","geometry":{"type":"Polygon","coordinates":[[[-123.37632878983639,48.41956640896458],[-123.37934149607702,48.421022587575294],[-123.3815086026947,48.41899299608721],[-123.37851540036867,48.41755091544407],[-123.37708881764756,48.418877302983006],[-123.37632878983639,48.41956640896458]]]},"properties":{"DAUID":"59170309","DGUID":"2021S051259170309","LANDAREA":0.076,"PRUID":"59","CMA":"Victoria"}},
{"type":"Feature","geometry":{"type":"Polygon","coordinates":[[[-123.37934149607702,48.421022587575294],[-123.37870310048523,48.421758007470544],[-123.38097901354574,48.422028106755725],[-123.38219399407652,48.42096518803829],[-123.38339210732019,48.41991439465589],[-123.3815086026947,48.41899299608721],[-123.37934149607702,48.421022587575294]]]},"properties":{"DAUID":"59170310","DGUID":"2021S051259170310","LANDAREA":0.0563,"PRUID":"59","CMA":"Victoria"}},
{"type":"Feature","geometry":{"type":"Polygon","coordinates":[[[-123.37092460233637,48.420752595015145],[-123.37085933058835,48.42124534697513],[-123.37571995360393,48.42310036025342],[-123.3761477530231,48.42437645939783],[-123.37734992150537,48.42437216679917],[-123.37902623161405,48.42252356373],[-123.38052855914358,48.42276136174106],[-123.3831213339613,48.422544869924856],[-123.38599414530256,48.423534755984434],[-123.38749399526374,48.42358341965196],[-123.38533709687626,48.42202128705376],[-123.38439230396617,48.42202860584306],[-123.38219399407652,48.42096518803829],[-123.38097901354574,48.422028106755725],[-123.37870310048523,48.421758007470544],[-123.37934149607702,48.421022587575294],[-123.37632878983639,48.41956640896458],[-123.37415009346886,48.421630812564096],[-123.37092460233637,48.420752595015145]]]},"properties":{"DAUID":"59170311","DGUID":"2021S051259170311","LANDAREA":0.2083,"PRUID":"59","CMA":"Victoria"}},
{"type":"Feature","geometry":{"type":"Polygon","coordinates":[[[-123.38133421199683,48.41378518995176],[-123.3847242021134,48.41590261008332],[-123.38226950541629,48.418211012639716],[-123.3842462924725,48.4191311135921],[-123.38339210732019,48.41991439465589],[-123.38219399407652,48.42096518803829],[-123.38439230396617,48.42202860584306],[-123.38533709687626,48.42202128705376],[-123.38749399526374,48.42358341965196],[-123.38794773946188,48.422537762106536],[-123.38668242672573,48.42162486289243],[-123.38907794050836,48.42022206918656],[-123.38764203083227,48.41968796848053],[-123.38634813365879,48.41851295734026],[-123.38826502715425,48.41818255344727],[-123.38813483199836,48.416986657169645],[-123.3913904259366,48.41679565738439],[-123.39147984693606,48.41612066929732],[-123.38816992522399,48.4162757560851],[-123.38828542799543,48.41546566244085],[-123.39155434204517,48.415265655149035],[-123.39148175153845,48.41460016568449],[-123.38444482798447,48.415029364556176],[-123.38147490527221,48.41357611500043],[-123.38133421199683,48.41378518995176]]]},"properties":{"DAUID":"59170312","DGUID":"2021S051259170312","LANDAREA":0.3174,"PRUID":"59","CMA":"Victoria"}},
{"type":"Feature","geometry":{"type":"Polygon","coordinates":[[[-123.37936419464779,48.41562119910945],[-123.38015239982674,48.4160041994109],[-123.37851540036867,48.41755091544407],[-123.3815086026947,48.41899299608721],[-123.38339210732019,48.41991439465589],[-123.3842462924725,48.4191311135921],[-123.38226950541629,48.418211012639716],[-123.3847242021134,48.41590261008332],[-123.38133421199683,48.41378518995176],[-123.37936419464779,48.41562119910945]]]},"properties":{"DAUID":"59170313","DGUID":"2021S051259170313","LANDAREA":0.1557,"PRUID":"59","CMA":"Victoria"}},
{"type":"Feature","geometry":{"type":"MultiPolygon","coordinates":[[[[-123.41217913452144,48.418702370117664],[-123.41197714015887,48.41891887213608],[-123.41242356156285,48.419191305050276],[-123.41247686028028,48.41891092166912],[-123.41217913452144,48.418702370117664]]],[[[-123.39429969461553,48.43095289402402],[-123.39941289528133,48.429130685715705],[-123.3990754848357,48.42819899975582],[-123.40010739728886,48.42624219620256],[-123.40066847534352,48.42437839769576],[-123.39953388997418,48.42423059731839],[-123.3976648206667,48.42430374983916],[-123.39414643321088,48.423741276923984],[-123.3946566523841,48.424917660957405],[-123.39569713175625,48.424940467376935],[-123.39655753791557,48.42607975895935],[-123.39810353800468,48.42670506418667],[-123.39791162495276,48.4281534554012],[-123.39413371372125,48.428614170847716],[-123.39429969461553,48.43095289402402]]]]},"properties":{"DAUID":"59170314","DGUID":"2021S051259170314","LANDAREA":0.2062,"PRUID":"59","CMA":"Victoria"}},
{"type":"Feature","geometry":{"type":"Polygon","coordinates":[[[-123.3990754848357,48.42819899975582],[-123.40221350778518,48.42651210623301],[-123.40433629742067,48.426799496259044],[-123.40570931492843,48.42503859968716],[-123.40815571479189,48.42537810653082],[-123.40842178086714,48.42446200075453],[-123.40867867553558,48.423589097528144],[-123.4040463766205,48.42293719186978],[-123.4012003033943,48.422557996092934],[-123.39837491342958,48.42173745246693],[-123.39953388997418,48.42423059731839],[-123.40066847534352,48.42437839769576],[-123.40010739728886,48.42624219620256],[-123.3990754848357,48.42819899975582]]]},"properties":{"DAUID":"59170315","DGUID":"2021S051259170315","LANDAREA":0.2367,"PRUID":"59","CMA":"Victoria"}},
{"type":"Feature","geometry":{"type":"Polygon","coordinates":[[[-123.39941289528133,48.429130685715705],[-123.40061307844303,48.430592293853934],[-123.40361199450302,48.429130093360634],[-123.40433629742067,48.426799496259044],[-123.40221350778518,48.42651210623301],[-123.3990754848357,48.42819899975582],[-123.39941289528133,48.429130685715705]]]},"properties":{"DAUID":"59170316","DGUID":"2021S051259170316","LANDAREA":0.1057,"PRUID":"59","CMA":"Victoria"}},
{"type":"Feature","geometry":{"type":"Polygon","coordinates":[[[-123.40061307844303,48.430592293853934],[-123.40353208451344,48.43299319553148],[-123.40397781767149,48.43298790553222],[-123.404717287423,48.43180670308481],[-123.40685490828628,48.42958921186872],[-123.40361199450302,48.429130093360634],[-123.40061307844303,48.430592293853934]]]},"properties":{"DAUID":"59170317","DGUID":"2021S051259170317","LANDAREA":0.1064,"PRUID":"59","CMA":"Victoria"}},
{"type":"Feature","geometry":{"type":"Polygon","coordinates":[[[-123.40361199450302,48.429130093360634],[-123.40685490828628,48.42958921186872],[-123.41243853860716,48.4301713821565],[-123.41359841476955,48.42804250419118],[-123.41039348080658,48.42763049776827],[-123.40433629742067,48.426799496259044],[-123.40361199450302,48.429130093360634]]]},"properties":{"DAUID":"59170318","DGUID":"2021S051259170318","LANDAREA":0.1773,"PRUID":"59","CMA":"Victoria"}},
{"type":"Feature","geometry":{"type":"Polygon","coordinates":[[[-123.40397781767149,48.43298790553222],[-123.40489340378846,48.4329995036172],[-123.40831400496671,48.432140886087105],[-123.41119097722537,48.431967788251946],[-123.41325189719618,48.43104879254496],[-123.41560110637674,48.43053079789889],[-123.41563250892858,48.430029287537494],[-123.41243853860716,48.4301713821565],[-123.40685490828628,48.42958921186872],[-123.404717287423,48.43180670308481],[-123.40397781767149,48.43298790553222]]]},"properties":{"DAUID":"59170319","DGUID":"2021S051259170319","LANDAREA":0.1546,"PRUID":"59","CMA":"Victoria"}},
{"type":"Feature","geometry":{"type":"Polygon","coordinates":[[[-123.40397781767149,48.43298790553222],[-123.40286659942392,48.43607010730549],[-123.40492879398123,48.436780689184964],[-123.40616051055945,48.43678840517722],[-123.40979248333791,48.43490869100709],[-123.41050962280707,48.43381520692849],[-123.41119097722537,48.431967788251946],[-123.40831400496671,48.432140886087105],[-123.40489340378846,48.4329995036172],[-123.40397781767149,48.43298790553222]]]},"properties":{"DAUID":"59170320","DGUID":"2021S051259170320","LANDAREA":0.2151,"PRUID":"59","CMA":"Victoria"}},
{"type":"Feature","geometry":{"type":"Polygon","coordinates":[[[-123.41119097722537,48.431967788251946],[-123.41050962280707,48.43381520692849],[-123.41391650884236,48.43530338561172],[-123.41432061157445,48.436922097874145],[-123.41726800489599,48.43659991039405],[-123.4178933164516,48.434466205284124],[-123.41717471382688,48.433095996889556],[-123.41502716074886,48.43289140494975],[-123.41326871281743,48.43167768398736],[-123.41325189719618,48.43104879254496],[-123.41119097722537,48.431967788251946]]]},"properties":{"DAUID":"59170321","DGUID":"2021S051259170321","LANDAREA":0.1864,"PRUID":"59","CMA":"Victoria"}},
{"type":"Feature","geometry":{"type":"Polygon","coordinates":[[[-123.40286659942392,48.43607010730549],[-123.40256725651103,48.43693734497174],[-123.40580541220308,48.43792921368903],[-123.40836049484463,48.43806420278318],[-123.41371063879758,48.43749296964753],[-123.41432061157445,48.436922097874145],[-123.41391650884236,48.43530338561172],[-123.41050962280707,48.43381520692849],[-123.40979248333791,48.43490869100709],[-123.40616051055945,48.43678840517722],[-123.40492879398123,48.436780689184964],[-123.40286659942392,48.43607010730549]]]},"properties":{"DAUID":"59170322","DGUID":"2021S051259170322","LANDAREA":0.2002,"PRUID":"59","CMA":"Victoria"}},
{"type":"Feature","geometry":{"type":"Polygon","coordinates":[[[-123.41432061157445,48.436922097874145],[-123.41371063879758,48.43749296964753],[-123.4169151117958,48.437183098860665],[-123.41908563643446,48.43726889196182],[-123.42535263153836,48.43773936012298],[-123.42792800551003,48.43833499653706],[-123.42930552015049,48.44012104637442],[-123.43154668365561,48.4393952351625],[-123.43203353125833,48.4379092691984],[-123.43130982806994,48.43720145513582],[-123.42714024088724,48.43656054640008],[-123.42871363642816,48.43537555152743],[-123.42353885269188,48.43580005769714],[-123.42399123035163,48.4348984668683],[-123.42326755379314,48.4342533623815],[-123.42025014588138,48.433804653444604],[-123.420415248632,48.43257274968067],[-123.42179134669944,48.43221665349536],[-123.42499704837738,48.43297435082763],[-123.42609193346455,48.43247877643968],[-123.4274852578388,48.431099105881266],[-123.42683942690743,48.43017120789505],[-123.42444681466058,48.430270202261546],[-123.42449870059495,48.429316482199134],[-123.42039200842774,48.429775592266736],[-123.41820923702774,48.4298414400459],[-123.41822621405832,48.43212609979155],[-123.41717471382688,48.433095996889556],[-123.4178933164516,48.434466205284124],[-123.41726800489599,48.43659991039405],[-123.41432061157445,48.436922097874145]]]},"properties":{"DAUID":"59170323","DGUID":"2021S051259170323","LANDAREA":0.5805,"PRUID":"59","CMA":"Victoria"}},
{"type":"Feature","geometry":{"type":"Polygon","coordinates":[[[-123.41325189719618,48.43104879254496],[-123.41326871281743,48.43167768398736],[-123.41502716074886,48.43289140494975],[-123.41717471382688,48.433095996889556],[-123.41822621405832,48.43212609979155],[-123.41820923702774,48.4298414400459],[-123.41563250892858,48.430029287537494],[-123.41560110637674,48.43053079789889],[-123.41325189719618,48.43104879254496]]]},"properties":{"DAUID":"59170324","DGUID":"2021S051259170324","LANDAREA":0.0885,"PRUID":"59","CMA":"Victoria"}},
{"type":"Feature","geometry":{"type":"Polygon","coordinates":[[[-123.41243853860716,48.4301713821565],[-123.41563250892858,48.430029287537494],[-123.41820923702774,48.4298414400459],[-123.42039200842774,48.429775592266736],[-123.42043657938709,48.42834009684339],[-123.4170127870822,48.42827650805372],[-123.41359841476955,48.42804250419118],[-123.41243853860716,48.4301713821565]]]},"properties":{"DAUID":"59170325","DGUID":"2021S051259170325","LANDAREA":0.1057,"PRUID":"59","CMA":"Victoria"}},
{"type":"Feature","geometry":{"type":"Polygon","coordinates":[[[-123.41359841476955,48.42804250419118],[-123.4170127870822,48.42827650805372],[-123.41726041348059,48.42517670930921],[-123.41566852722856,48.42450660055742],[-123.4151581955837,48.42537699249809],[-123.41056059949597,48.42475158899397],[-123.41002089369806,48.42650140325908],[-123.41039348080658,48.42763049776827],[-123.41359841476955,48.42804250419118]]]},"properties":{"DAUID":"59170326","DGUID":"2021S051259170326","LANDAREA":0.1673,"PRUID":"59","CMA":"Victoria"}},
{"type":"Feature","geometry":{"type":"Polygon","coordinates":[[[-123.40433629742067,48.426799496259044],[-123.41039348080658,48.42763049776827],[-123.41002089369806,48.42650140325908],[-123.41056059949597,48.42475158899397],[-123.40842178086714,48.42446200075453],[-123.40815571479189,48.42537810653082],[-123.40570931492843,48.42503859968716],[-123.40433629742067,48.426799496259044]]]},"properties":{"DAUID":"59170327","DGUID":"2021S051259170327","LANDAREA":0.1091,"PRUID":"59","CMA":"Victoria"}},
{"type":"Feature","geometry":{"type":"Polygon","coordinates":[[[-123.40842178086714,48.42446200075453],[-123.41056059949597,48.42475158899397],[-123.4151581955837,48.42537699249809],[-123.41566852722856,48.42450660055742],[-123.41362868197955,48.4221842906531],[-123.40862832702825,48.42148031328336],[-123.4091726744354,48.419867661928535],[-123.40518711297011,48.41918656600607],[-123.40501819892512,48.41973250876994],[-123.40261902355138,48.42023460072243],[-123.4040463766205,48.42293719186978],[-123.40867867553558,48.423589097528144],[-123.40842178086714,48.42446200075453]]]},"properties":{"DAUID":"59170328","DGUID":"2021S051259170328","LANDAREA":0.3142,"PRUID":"59","CMA":"Victoria"}},
{"type":"Feature","geometry":{"type":"Polygon","coordinates":[[[-123.43460540521495,48.452641705953184],[-123.43524806911539,48.45062472378005],[-123.43725184507501,48.45046583960769],[-123.4403604953172,48.45231470053555],[-123.44007260430135,48.4528199864444],[-123.44196150275165,48.45361140280088],[-123.44287911572646,48.45203777652547],[-123.43985162885123,48.45088807661799],[-123.4396879455134,48.44924315377673],[-123.43652232312745,48.449137760469114],[-123.43447623064158,48.45024296294476],[-123.43369085840709,48.449922464052385],[-123.43247404950853,48.448397153421226],[-123.43406124873155,48.44758107043195],[-123.43485839002392,48.446508237337845],[-123.43042518540925,48.44622180693908],[-123.42660349818917,48.44655280042753],[-123.42630719623182,48.44822559417274],[-123.42589663457716,48.44961330421697],[-123.42581860660901,48.44971248077673],[-123.42785414001219,48.45006220651794],[-123.42882261157757,48.45067186982409],[-123.42908450043313,48.45238430651366],[-123.43068701795494,48.452709565880646],[-123.43460540521495,48.452641705953184]]]},"properties":{"DAUID":"59170331","DGUID":"2021S051259170331","LANDAREA":0.4687,"PRUID":"59","CMA":"Victoria"}},
{"type":"Feature","geometry":{"type":"Polygon","coordinates":[[[-123.43485839002392,48.446508237337845],[-123.43564144351465,48.44558714607278],[-123.43354312062141,48.445316565609964],[-123.43320073307372,48.44484085953603],[-123.43085644528811,48.4442384686429],[-123.43081613456344,48.44279856282512],[-123.43158692312338,48.4419540129479],[-123.4294424515872,48.441999980690206],[-123.42761898594534,48.44160879867513],[-123.42660940364537,48.4416761590681],[-123.42660349818917,48.44655280042753],[-123.43042518540925,48.44622180693908],[-123.43485839002392,48.446508237337845]]]},"properties":{"DAUID":"59170332","DGUID":"2021S051259170332","LANDAREA":0.2165,"PRUID":"59","CMA":"Victoria"}},
{"type":"Feature","geometry":{"type":"Polygon","coordinates":[[[-123.42589663457716,48.44961330421697],[-123.4225957098857,48.44838970635398],[-123.41895910104847,48.44678339041101],[-123.4183498957993,48.44842148960689],[-123.4208700066563,48.449784208831254],[-123.42279010536093,48.45017086891802],[-123.42475053445986,48.4510319470997],[-123.42581860660901,48.44971248077673],[-123.42589663457716,48.44961330421697]]]},"properties":{"DAUID":"59170335","DGUID":"2021S051259170335","LANDAREA":0.1023,"PRUID":"59","CMA":"Victoria"}},
{"type":"Feature","geometry":{"type":"Polygon","coordinates":[[[-123.4183498957993,48.44842148960689],[-123.41721916613712,48.44829037542997],[-123.41427668809989,48.44747179450927],[-123.41235505389298,48.44659132122795],[-123.40547965825543,48.443293390715844],[-123.40213697970113,48.44185701023244],[-123.40170350580824,48.44323691231606],[-123.40044444088736,48.4462499165997],[-123.40261653463175,48.44691315311499],[-123.405513333921,48.44729056773997],[-123.4077517188424,48.446679559670805],[-123.4081682374648,48.4478830530069],[-123.40962324957123,48.44898535656408],[-123.41307454223521,48.44931436889208],[-123.41503283603379,48.45050354961989],[-123.41795873302384,48.4510960581656],[-123.41899173302265,48.45166855713578],[-123.42077103041109,48.45108606384985],[-123.42259553508234,48.4510433696476],[-123.42355710160712,48.451814325805515],[-123.42475053445986,48.4510319470997],[-123.42279010536093,48.45017086891802],[-123.4208700066563,48.449784208831254],[-123.4183498957993,48.44842148960689]]]},"properties":{"DAUID":"59170336","DGUID":"2021S051259170336","LANDAREA":0.543,"PRUID":"59","CMA":"Victoria"}},
{"type":"Feature","geometry":{"type":"Polygon","coordinates":[[[-123.40304589974384,48.45042178471954],[-123.40736610322475,48.45263050621712],[-123.40644648281472,48.45354409204369],[-123.4082406970041,48.45428229036513],[-123.41176680291466,48.450811083489576],[-123.41327547486325,48.45030149858181],[-123.41569150125856,48.451542613200296],[-123.4159393767423,48.451412747921346],[-123.41348643260586,48.44996096271375],[-123.41105543323013,48.450346870063946],[-123.40892822996885,48.44988687216402],[-123.407473748507,48.44907366480072],[-123.4040209510159,48.44856377038953],[-123.40339073619774,48.447487063260766],[-123.40144175815139,48.447133863421406],[-123.40042683068975,48.446494385423264],[-123.40042060996964,48.447716991333195],[-123.4024748017647,48.448164197941956],[-123.40465240219272,48.449020083256606],[-123.40304589974384,48.45042178471954]]]},"properties":{"DAUID":"59170337","DGUID":"2021S051259170337","LANDAREA":0.2282,"PRUID":"59","CMA":"Victoria"}},
{"type":"Feature","geometry":{"type":"Polygon","coordinates":[[[-123.4082406970041,48.45428229036513],[-123.4134533080843,48.456377402984074],[-123.41405178349929,48.456098893020936],[-123.4136255969687,48.4556719039699],[-123.41718638945792,48.45210211092958],[-123.41569150125856,48.451542613200296],[-123.41327547486325,48.45030149858181],[-123.41176680291466,48.450811083489576],[-123.4082406970041,48.45428229036513]]]},"properties":{"DAUID":"59170338","DGUID":"2021S051259170338","LANDAREA":0.2314,"PRUID":"59","CMA":"Victoria"}},
{"type":"Feature","geometry":{"type":"Polygon","coordinates":[[[-123.40644648281472,48.45354409204369],[-123.40437901996167,48.455522399430556],[-123.40470490511093,48.45687829926785],[-123.40882726027225,48.45849533957563],[-123.41104718663395,48.45778661791278],[-123.4134533080843,48.456377402984074],[-123.4082406970041,48.45428229036513],[-123.40644648281472,48.45354409204369]]]},"properties":{"DAUID":"59170339","DGUID":"2021S051259170339","LANDAREA":0.2041,"PRUID":"59","CMA":"Victoria"}},
{"type":"Feature","geometry":{"type":"Polygon","coordinates":[[[-123.40106505665949,48.46326193860962],[-123.39870049897334,48.46486959379097],[-123.40007981054838,48.46547150879942],[-123.40122048377715,48.46705050142461],[-123.40341540123913,48.46802409903828],[-123.40715969983711,48.4690166062949],[-123.40764767734832,48.46807359441635],[-123.40875639587158,48.46583290821903],[-123.40642719015106,48.46533579819475],[-123.40521038645024,48.465536006962886],[-123.4009761148207,48.463711696870334],[-123.40106505665949,48.46326193860962]]]},"properties":{"DAUID":"59170343","DGUID":"2021S051259170343","LANDAREA":0.2118,"PRUID":"59","CMA":"Victoria"}},
{"type":"Feature","geometry":{"type":"Polygon","coordinates":[[[-123.39870049897334,48.46486959379097],[-123.3969018096714,48.465900283022286],[-123.39539391079218,48.46630780101197],[-123.3920672973255,48.466513700440444],[-123.39672100987518,48.47052899976885],[-123.39716929265758,48.47099719348314],[-123.39822399940265,48.470089805805216],[-123.40122048377715,48.46705050142461],[-123.40007981054838,48.46547150879942],[-123.39870049897334,48.46486959379097]]]},"properties":{"DAUID":"59170344","DGUID":"2021S051259170344","LANDAREA":0.2217,"PRUID":"59","CMA":"Victoria"}},
{"type":"Feature","geometry":{"type":"Polygon","coordinates":[[[-123.40122048377715,48.46705050142461],[-123.39822399940265,48.470089805805216],[-123.40088350259221,48.471286786502134],[-123.40604419667855,48.47253409476948],[-123.40737930274958,48.472816498986205],[-123.40772958261438,48.47081420060058],[-123.40908310175041,48.46972469221961],[-123.40974120007246,48.468534199977086],[-123.40764767734832,48.46807359441635],[-123.40715969983711,48.4690166062949],[-123.40341540123913,48.46802409903828],[-123.40122048377715,48.46705050142461]]]},"properties":{"DAUID":"59170345","DGUID":"2021S051259170345","LANDAREA":0.286,"PRUID":"59","CMA":"Victoria"}},
{"type":"Feature","geometry":{"type":"Polygon","coordinates":[[[-123.40978134726271,48.480118832878006],[-123.41068551200893,48.47840961264819],[-123.40604419667855,48.47253409476948],[-123.40088350259221,48.471286786502134],[-123.39822399940265,48.470089805805216],[-123.39716929265758,48.47099719348314],[-123.3975171954119,48.47176589760393],[-123.39655580499478,48.47330678975112],[-123.39742259022258,48.474121696246065],[-123.39884858874306,48.47672569612748],[-123.39927329907601,48.477548588672356],[-123.40978134726271,48.480118832878006]]]},"properties":{"DAUID":"59170346","DGUID":"2021S051259170346","LANDAREA":0.6195,"PRUID":"59","CMA":"Victoria"}},
{"type":"Feature","geometry":{"type":"Polygon","coordinates":[[[-123.39884858874306,48.47672569612748],[-123.39742259022258,48.474121696246065],[-123.39563269328633,48.4743482104047],[-123.39419649762573,48.47357259589432],[-123.39001267555997,48.474153197410736],[-123.39101469596112,48.477653994669396],[-123.39884858874306,48.47672569612748]]]},"properties":{"DAUID":"59170347","DGUID":"2021S051259170347","LANDAREA":0.2091,"PRUID":"59","CMA":"Victoria"}},
{"type":"Feature","geometry":{"type":"Polygon","coordinates":[[[-123.39672100987518,48.47052899976885],[-123.39326692190535,48.47103390173242],[-123.38927269663888,48.471535196206126],[-123.39001267555997,48.474153197410736],[-123.39419649762573,48.47357259589432],[-123.39563269328633,48.4743482104047],[-123.39742259022258,48.474121696246065],[-123.39655580499478,48.47330678975112],[-123.3975171954119,48.47176589760393],[-123.39716929265758,48.47099719348314],[-123.39672100987518,48.47052899976885]]]},"properties":{"DAUID":"59170348","DGUID":"2021S051259170348","LANDAREA":0.1793,"PRUID":"59","CMA":"Victoria"}},
{"type":"Feature","geometry":{"type":"Polygon","coordinates":[[[-123.39101469596112,48.477653994669396],[-123.38694448814567,48.47815071424617],[-123.38590152120216,48.47466499230578],[-123.39001267555997,48.474153197410736],[-123.38927269663888,48.471535196206126],[-123.39326692190535,48.47103390173242],[-123.39277338089761,48.46928229924372],[-123.38878490266796,48.469781007408564],[-123.38318600752447,48.47048419442312],[-123.38212647892253,48.47047725314267],[-123.38324900755306,48.473711310814906],[-123.3852625036172,48.47814778617603],[-123.38646066910479,48.48078728881661],[-123.39031488900714,48.481690108628754],[-123.39150490433549,48.47939290684244],[-123.39101469596112,48.477653994669396]]]},"properties":{"DAUID":"59170349","DGUID":"2021S051259170349","LANDAREA":0.4945,"PRUID":"59","CMA":"Victoria"}},
{"type":"Feature","geometry":{"type":"Polygon","coordinates":[[[-123.39001267555997,48.474153197410736],[-123.38590152120216,48.47466499230578],[-123.38694448814567,48.47815071424617],[-123.39101469596112,48.477653994669396],[-123.39001267555997,48.474153197410736]]]},"properties":{"DAUID":"59170350","DGUID":"2021S051259170350","LANDAREA":0.1226,"PRUID":"59","CMA":"Victoria"}},
{"type":"Feature","geometry":{"type":"Polygon","coordinates":[[[-123.3920672973255,48.466513700440444],[-123.39083440135605,48.46597651796211],[-123.38731015539649,48.46438375995064],[-123.38878490266796,48.469781007408564],[-123.39277338089761,48.46928229924372],[-123.39326692190535,48.47103390173242],[-123.39672100987518,48.47052899976885],[-123.3920672973255,48.466513700440444]]]},"properties":{"DAUID":"59170351","DGUID":"2021S051259170351","LANDAREA":0.2091,"PRUID":"59","CMA":"Victoria"}},
{"type":"Feature","geometry":{"type":"Polygon","coordinates":[[[-123.38878490266796,48.469781007408564],[-123.38731015539649,48.46438375995064],[-123.38645800780358,48.46379913975462],[-123.38018552917748,48.464374370530585],[-123.38134638798033,48.46783178599175],[-123.38212647892253,48.47047725314267],[-123.38318600752447,48.47048419442312],[-123.38878490266796,48.469781007408564]]]},"properties":{"DAUID":"59170352","DGUID":"2021S051259170352","LANDAREA":0.3454,"PRUID":"59","CMA":"Victoria"}},
{"type":"Feature","geometry":{"type":"Polygon","coordinates":[[[-123.39083440135605,48.46597651796211],[-123.39212368815335,48.46500280308398],[-123.39673550830251,48.463795092952125],[-123.39468861267292,48.461219888011094],[-123.39443560747328,48.46208660185095],[-123.38695218980473,48.46316480116871],[-123.38620600768384,48.46293629044576],[-123.38645800780358,48.46379913975462],[-123.38731015539649,48.46438375995064],[-123.39083440135605,48.46597651796211]]]},"properties":{"DAUID":"59170353","DGUID":"2021S051259170353","LANDAREA":0.1926,"PRUID":"59","CMA":"Victoria"}},
{"type":"Feature","geometry":{"type":"Polygon","coordinates":[[[-123.39870049897334,48.46486959379097],[-123.39673550830251,48.463795092952125],[-123.39212368815335,48.46500280308398],[-123.39083440135605,48.46597651796211],[-123.3920672973255,48.466513700440444],[-123.39539391079218,48.46630780101197],[-123.3969018096714,48.465900283022286],[-123.39870049897334,48.46486959379097]]]},"properties":{"DAUID":"59170354","DGUID":"2021S051259170354","LANDAREA":0.0948,"PRUID":"59","CMA":"Victoria"}},
{"type":"Feature","geometry":{"type":"Polygon","coordinates":[[[-123.38653683312162,48.45726964340527],[-123.39035649369852,48.45814920662495],[-123.39044178889525,48.458046691206235],[-123.39230763059417,48.45587071244908],[-123.39312570135223,48.45430552603151],[-123.39126098146974,48.45286819437405],[-123.3900092020461,48.4540466151348],[-123.38807051541627,48.45363270680533],[-123.38778510298499,48.45471679104218],[-123.38653683312162,48.45726964340527]]]},"properties":{"DAUID":"59170357","DGUID":"2021S051259170357","LANDAREA":0.167,"PRUID":"59","CMA":"Victoria"}},
{"type":"Feature","geometry":{"type":"Polygon","coordinates":[[[-123.39126098146974,48.45286819437405],[-123.38724971212245,48.45077460378243],[-123.38493711443671,48.45292508926606],[-123.38450119558735,48.45401900493663],[-123.38778510298499,48.45471679104218],[-123.38807051541627,48.45363270680533],[-123.3900092020461,48.4540466151348],[-123.39126098146974,48.45286819437405]]]},"properties":{"DAUID":"59170359","DGUID":"2021S051259170359","LANDAREA":0.1171,"PRUID":"59","CMA":"Victoria"}},
{"type":"Feature","geometry":{"type":"Polygon","coordinates":[[[-123.38724971212245,48.45077460378243],[-123.3846298146987,48.449450184919016],[-123.38339138999781,48.44882619694065],[-123.38212780571071,48.44819528309971],[-123.38097201446627,48.44924709624654],[-123.38257181540287,48.4499765133073],[-123.38122449883952,48.45207320947265],[-123.38153231614483,48.45338841020467],[-123.38450119558735,48.45401900493663],[-123.38493711443671,48.45292508926606],[-123.38724971212245,48.45077460378243]]]},"properties":{"DAUID":"59170360","DGUID":"2021S051259170360","LANDAREA":0.1626,"PRUID":"59","CMA":"Victoria"}},
{"type":"Feature","geometry":{"type":"Polygon","coordinates":[[[-123.39312570135223,48.45430552603151],[-123.39587304433586,48.45187970622016],[-123.39141018996243,48.44967599976446],[-123.3894692163583,48.44871920381574],[-123.38724971212245,48.45077460378243],[-123.39126098146974,48.45286819437405],[-123.39312570135223,48.45430552603151]]]},"properties":{"DAUID":"59170361","DGUID":"2021S051259170361","LANDAREA":0.1707,"PRUID":"59","CMA":"Victoria"}},
{"type":"Feature","geometry":{"type":"Polygon","coordinates":[[[-123.38724971212245,48.45077460378243],[-123.3894692163583,48.44871920381574],[-123.39141018996243,48.44967599976446],[-123.3935131031696,48.44779520179193],[-123.38882701113084,48.44551100063162],[-123.3846298146987,48.449450184919016],[-123.38724971212245,48.45077460378243]]]},"properties":{"DAUID":"59170362","DGUID":"2021S051259170362","LANDAREA":0.177,"PRUID":"59","CMA":"Victoria"}},
{"type":"Feature","geometry":{"type":"Polygon","coordinates":[[[-123.39587304433586,48.45187970622016],[-123.39632915234411,48.45145801489335],[-123.40042060996964,48.447716991333195],[-123.39877659004928,48.44769020515264],[-123.39610648360818,48.446955412986775],[-123.39460247959461,48.448333307436656],[-123.3935131031696,48.44779520179193],[-123.39141018996243,48.44967599976446],[-123.39587304433586,48.45187970622016]]]},"properties":{"DAUID":"59170363","DGUID":"2021S051259170363","LANDAREA":0.1802,"PRUID":"59","CMA":"Victoria"}},
{"type":"Feature","geometry":{"type":"Polygon","coordinates":[[[-123.3935131031696,48.44779520179193],[-123.39460247959461,48.448333307436656],[-123.39610648360818,48.446955412986775],[-123.39487179173874,48.446581497642484],[-123.39102510672447,48.44405740806037],[-123.39047988900498,48.44390870589166],[-123.38882701113084,48.44551100063162],[-123.3935131031696,48.44779520179193]]]},"properties":{"DAUID":"59170364","DGUID":"2021S051259170364","LANDAREA":0.1044,"PRUID":"59","CMA":"Victoria"}},
{"type":"Feature","geometry":{"type":"Polygon","coordinates":[[[-123.40042683068975,48.446494385423264],[-123.39912633661797,48.446727975269766],[-123.39805373087952,48.44614686890979],[-123.39557404242419,48.44566977141881],[-123.39490465335906,48.44486225942775],[-123.39325014632351,48.444120267155526],[-123.39156929465824,48.44287287604297],[-123.39116180242222,48.44331678420256],[-123.39047988900498,48.44390870589166],[-123.39102510672447,48.44405740806037],[-123.39487179173874,48.446581497642484],[-123.39610648360818,48.446955412986775],[-123.39877659004928,48.44769020515264],[-123.40042060996964,48.447716991333195],[-123.40042683068975,48.446494385423264]]]},"properties":{"DAUID":"59170365","DGUID":"2021S051259170365","LANDAREA":0.1066,"PRUID":"59","CMA":"Victoria"}},
{"type":"Feature","geometry":{"type":"Polygon","coordinates":[[[-123.40170350580824,48.44323691231606],[-123.39730350153178,48.44220540966901],[-123.39321370884166,48.441230094541424],[-123.392252369065,48.442345541702004],[-123.39533893224622,48.443321262812916],[-123.39820683459402,48.443446569165005],[-123.39877933910239,48.445604256108076],[-123.40044444088736,48.4462499165997],[-123.40170350580824,48.44323691231606]]]},"properties":{"DAUID":"59170366","DGUID":"2021S051259170366","LANDAREA":0.1287,"PRUID":"59","CMA":"Victoria"}},
{"type":"Feature","geometry":{"type":"Polygon","coordinates":[[[-123.39730350153178,48.44220540966901],[-123.39815751187624,48.440593301752806],[-123.39709470272365,48.44040931247918],[-123.3939995469713,48.439803862411964],[-123.39321370884166,48.441230094541424],[-123.39730350153178,48.44220540966901]]]},"properties":{"DAUID":"59170367","DGUID":"2021S051259170367","LANDAREA":0.0557,"PRUID":"59","CMA":"Victoria"}},
{"type":"Feature","geometry":{"type":"Polygon","coordinates":[[[-123.40213697970113,48.44185701023244],[-123.40107029455783,48.44137361703616],[-123.40192398919126,48.43880639636516],[-123.39705369711365,48.43887351917581],[-123.39709470272365,48.44040931247918],[-123.39815751187624,48.440593301752806],[-123.39730350153178,48.44220540966901],[-123.40170350580824,48.44323691231606],[-123.40213697970113,48.44185701023244]]]},"properties":{"DAUID":"59170368","DGUID":"2021S051259170368","LANDAREA":0.1354,"PRUID":"59","CMA":"Victoria"}},
{"type":"Feature","geometry":{"type":"Polygon","coordinates":[[[-123.39709470272365,48.44040931247918],[-123.39705369711365,48.43887351917581],[-123.40192398919126,48.43880639636516],[-123.40256725651103,48.43693734497174],[-123.39895761679787,48.43578919354721],[-123.39900612118299,48.43731180079496],[-123.39364388884505,48.43739179683026],[-123.39326891263478,48.43873529526924],[-123.3939995469713,48.439803862411964],[-123.39709470272365,48.44040931247918]]]},"properties":{"DAUID":"59170369","DGUID":"2021S051259170369","LANDAREA":0.1752,"PRUID":"59","CMA":"Victoria"}},
{"type":"Feature","geometry":{"type":"Polygon","coordinates":[[[-123.39895761679787,48.43578919354721],[-123.39428455296107,48.4342773364143],[-123.39405418937211,48.43589770358379],[-123.39364388884505,48.43739179683026],[-123.39900612118299,48.43731180079496],[-123.39895761679787,48.43578919354721]]]},"properties":{"DAUID":"59170370","DGUID":"2021S051259170370","LANDAREA":0.0962,"PRUID":"59","CMA":"Victoria"}},
{"type":"Feature","geometry":{"type":"Polygon","coordinates":[[[-123.39428455296107,48.4342773364143],[-123.39430998792156,48.432946113505785],[-123.38894878191962,48.43252820297877],[-123.38878980909757,48.43494381172949],[-123.39125361169853,48.43492519736236],[-123.3922868059815,48.43635470409562],[-123.39405418937211,48.43589770358379],[-123.39428455296107,48.4342773364143]]]},"properties":{"DAUID":"59170371","DGUID":"2021S051259170371","LANDAREA":0.1228,"PRUID":"59","CMA":"Victoria"}},
{"type":"Feature","geometry":{"type":"Polygon","coordinates":[[[-123.39364388884505,48.43739179683026],[-123.39405418937211,48.43589770358379],[-123.3922868059815,48.43635470409562],[-123.39125361169853,48.43492519736236],[-123.39124510773127,48.43566710768853],[-123.387908604292,48.436409085118065],[-123.39017891342742,48.43848060275412],[-123.39129929348114,48.438059999133735],[-123.39326891263478,48.43873529526924],[-123.39364388884505,48.43739179683026]]]},"properties":{"DAUID":"59170372","DGUID":"2021S051259170372","LANDAREA":0.1008,"PRUID":"59","CMA":"Victoria"}},
{"type":"Feature","geometry":{"type":"Polygon","coordinates":[[[-123.38894878191962,48.43252820297877],[-123.38599629423175,48.43286838823246],[-123.38607139525567,48.4364901122982],[-123.387908604292,48.436409085118065],[-123.39124510773127,48.43566710768853],[-123.39125361169853,48.43492519736236],[-123.38878980909757,48.43494381172949],[-123.38894878191962,48.43252820297877]]]},"properties":{"DAUID":"59170373","DGUID":"2021S051259170373","LANDAREA":0.106,"PRUID":"59","CMA":"Victoria"}},
{"type":"Feature","geometry":{"type":"Polygon","coordinates":[[[-123.38599629423175,48.43286838823246],[-123.38429471344372,48.43128159936873],[-123.38229140236483,48.432857107819515],[-123.3832802893406,48.432861692769194],[-123.38337700564429,48.43647850491482],[-123.38607139525567,48.4364901122982],[-123.38599629423175,48.43286838823246]]]},"properties":{"DAUID":"59170375","DGUID":"2021S051259170375","LANDAREA":0.1065,"PRUID":"59","CMA":"Victoria"}},
{"type":"Feature","geometry":{"type":"Polygon","coordinates":[[[-123.39430998792156,48.432946113505785],[-123.3942905275911,48.43178230871313],[-123.39042751925277,48.43079710017403],[-123.38714281909184,48.4304365017726],[-123.3847225703504,48.43040204827623],[-123.38429471344372,48.43128159936873],[-123.38599629423175,48.43286838823246],[-123.38894878191962,48.43252820297877],[-123.39430998792156,48.432946113505785]]]},"properties":{"DAUID":"59170376","DGUID":"2021S051259170376","LANDAREA":0.1447,"PRUID":"59","CMA":"Victoria"}},
{"type":"Feature","geometry":{"type":"Polygon","coordinates":[[[-123.39413371372125,48.428614170847716],[-123.39276315148535,48.430141669575335],[-123.39153314917225,48.43008325427697],[-123.39022324386096,48.428593547814344],[-123.38825712855078,48.427773150590866],[-123.38699706795938,48.427831711053884],[-123.38875220033707,48.42835095912387],[-123.38879210380581,48.42945191082308],[-123.39000528860517,48.429522407280714],[-123.39042751925277,48.43079710017403],[-123.3942905275911,48.43178230871313],[-123.39429969461553,48.43095289402402],[-123.39413371372125,48.428614170847716]]]},"properties":{"DAUID":"59170378","DGUID":"2021S051259170378","LANDAREA":0.0752,"PRUID":"59","CMA":"Victoria"}},
{"type":"Feature","geometry":{"type":"Polygon","coordinates":[[[-123.39429969461553,48.43095289402402],[-123.3942905275911,48.43178230871313],[-123.39533589117056,48.4320343916916],[-123.39781029822517,48.43164890533875],[-123.40061307844303,48.430592293853934],[-123.39941289528133,48.429130685715705],[-123.39429969461553,48.43095289402402]]]},"properties":{"DAUID":"59170379","DGUID":"2021S051259170379","LANDAREA":0.0781,"PRUID":"59","CMA":"Victoria"}},
{"type":"Feature","geometry":{"type":"Polygon","coordinates":[[[-123.40061307844303,48.430592293853934],[-123.39781029822517,48.43164890533875],[-123.39533589117056,48.4320343916916],[-123.3942905275911,48.43178230871313],[-123.39430998792156,48.432946113505785],[-123.39428455296107,48.4342773364143],[-123.39895761679787,48.43578919354721],[-123.40256725651103,48.43693734497174],[-123.40286659942392,48.43607010730549],[-123.40397781767149,48.43298790553222],[-123.40353208451344,48.43299319553148],[-123.40061307844303,48.430592293853934]]]},"properties":{"DAUID":"59170380","DGUID":"2021S051259170380","LANDAREA":0.3032,"PRUID":"59","CMA":"Victoria"}},
{"type":"Feature","geometry":{"type":"Polygon","coordinates":[[[-123.36692558908747,48.43835140154891],[-123.36981479994104,48.43767740780992],[-123.37061608924509,48.43957759935242],[-123.37624407189615,48.4417629207123],[-123.37664873148431,48.44191674734426],[-123.37889914546484,48.44276061848125],[-123.38190040519719,48.443087367811074],[-123.3829004209384,48.44127893948924],[-123.38103935958954,48.44230006468771],[-123.37945014189037,48.43957846200913],[-123.37938913182273,48.43853595913237],[-123.37697344330782,48.439236673119375],[-123.37658874263332,48.438427657066825],[-123.37835531330305,48.43788215663587],[-123.3775530317498,48.43541976038401],[-123.3775191415141,48.43429466062301],[-123.37632484264113,48.4337320517883],[-123.373340240914,48.43424615716221],[-123.37112025976435,48.43569316332838],[-123.36859132007994,48.43415446735563],[-123.3681245778317,48.43438602167225],[-123.36460350854496,48.43415249094799],[-123.36692558908747,48.43835140154891]]]},"properties":{"DAUID":"59170383","DGUID":"2021S051259170383","LANDAREA":0.6162,"PRUID":"59","CMA":"Victoria"}},
{"type":"Feature","geometry":{"type":"Polygon","coordinates":[[[-123.36854377083895,48.441406291670035],[-123.3705638165929,48.44260448861654],[-123.37624407189615,48.4417629207123],[-123.37061608924509,48.43957759935242],[-123.36981479994104,48.43767740780992],[-123.36692558908747,48.43835140154891],[-123.36854377083895,48.441406291670035]]]},"properties":{"DAUID":"59170384","DGUID":"2021S051259170384","LANDAREA":0.1651,"PRUID":"59","CMA":"Victoria"}},
{"type":"Feature","geometry":{"type":"Polygon","coordinates":[[[-123.37230917021414,48.44774926884409],[-123.37962471412368,48.44695929878035],[-123.37690330513155,48.44564739899466],[-123.37810278794659,48.444464193054905],[-123.37531714454104,48.44314625853409],[-123.37664873148431,48.44191674734426],[-123.37624407189615,48.4417629207123],[-123.3705638165929,48.44260448861654],[-123.36854377083895,48.441406291670035],[-123.37230917021414,48.44774926884409]]]},"properties":{"DAUID":"59170385","DGUID":"2021S051259170385","LANDAREA":0.2902,"PRUID":"59","CMA":"Victoria"}},
{"type":"Feature","geometry":{"type":"Polygon","coordinates":[[[-123.37664873148431,48.44191674734426],[-123.37531714454104,48.44314625853409],[-123.37810278794659,48.444464193054905],[-123.37690330513155,48.44564739899466],[-123.37962471412368,48.44695929878035],[-123.38190040519719,48.443087367811074],[-123.37889914546484,48.44276061848125],[-123.37664873148431,48.44191674734426]]]},"properties":{"DAUID":"59170386","DGUID":"2021S051259170386","LANDAREA":0.1269,"PRUID":"59","CMA":"Victoria"}},
{"type":"Feature","geometry":{"type":"Polygon","coordinates":[[[-123.37962471412368,48.44695929878035],[-123.38125051050648,48.447754301178904],[-123.38204740294479,48.44603799027425],[-123.38386339244416,48.44322419156626],[-123.38190040519719,48.443087367811074],[-123.37962471412368,48.44695929878035]]]},"properties":{"DAUID":"59170387","DGUID":"2021S051259170387","LANDAREA":0.0705,"PRUID":"59","CMA":"Victoria"}},
{"type":"Feature","geometry":{"type":"Polygon","coordinates":[[[-123.38339138999781,48.44882619694065],[-123.3854317824602,48.44671500648519],[-123.3842441000175,48.446126612222734],[-123.38626568113462,48.44347289168979],[-123.38386339244416,48.44322419156626],[-123.38204740294479,48.44603799027425],[-123.38125051050648,48.447754301178904],[-123.38212780571071,48.44819528309971],[-123.38339138999781,48.44882619694065]]]},"properties":{"DAUID":"59170388","DGUID":"2021S051259170388","LANDAREA":0.112,"PRUID":"59","CMA":"Victoria"}},
{"type":"Feature","geometry":{"type":"Polygon","coordinates":[[[-123.3846298146987,48.449450184919016],[-123.38882701113084,48.44551100063162],[-123.39047988900498,48.44390870589166],[-123.39116180242222,48.44331678420256],[-123.38915389585627,48.44237818391985],[-123.38786780851594,48.44362068936628],[-123.38626568113462,48.44347289168979],[-123.3842441000175,48.446126612222734],[-123.3854317824602,48.44671500648519],[-123.38339138999781,48.44882619694065],[-123.3846298146987,48.449450184919016]]]},"properties":{"DAUID":"59170389","DGUID":"2021S051259170389","LANDAREA":0.1622,"PRUID":"59","CMA":"Victoria"}},
{"type":"Feature","geometry":{"type":"Polygon","coordinates":[[[-123.39156929465824,48.44287287604297],[-123.38866904010999,48.44085317020683],[-123.38570643684064,48.440808951392874],[-123.3829004209384,48.44127893948924],[-123.38190040519719,48.443087367811074],[-123.38386339244416,48.44322419156626],[-123.38626568113462,48.44347289168979],[-123.38786780851594,48.44362068936628],[-123.38915389585627,48.44237818391985],[-123.39116180242222,48.44331678420256],[-123.39156929465824,48.44287287604297]]]},"properties":{"DAUID":"59170390","DGUID":"2021S051259170390","LANDAREA":0.1474,"PRUID":"59","CMA":"Victoria"}},
{"type":"Feature","geometry":{"type":"Polygon","coordinates":[[[-123.37084922928008,48.45584441151174],[-123.37448367555093,48.45390103344905],[-123.37535360086814,48.45277372282193],[-123.37230917021414,48.44774926884409],[-123.36658791308507,48.448412487416114],[-123.3674903116587,48.45198789965675],[-123.36624541881045,48.452572004414264],[-123.37031777204186,48.45600527640105],[-123.37084922928008,48.45584441151174]]]},"properties":{"DAUID":"59170392","DGUID":"2021S051259170392","LANDAREA":0.4027,"PRUID":"59","CMA":"Victoria"}},
{"type":"Feature","geometry":{"type":"Polygon","coordinates":[[[-123.36940207400977,48.457175593112375],[-123.3747555017253,48.45960519119402],[-123.37886593594806,48.46076663238146],[-123.37920353384955,48.46086200842551],[-123.37783321723589,48.45698959964902],[-123.37652068931305,48.45507369658066],[-123.37535360086814,48.45277372282193],[-123.37448367555093,48.45390103344905],[-123.37084922928008,48.45584441151174],[-123.36960033762779,48.45686397399927],[-123.36940207400977,48.457175593112375]]]},"properties":{"DAUID":"59170393","DGUID":"2021S051259170393","LANDAREA":0.2993,"PRUID":"59","CMA":"Victoria"}},
{"type":"Feature","geometry":{"type":"Polygon","coordinates":[[[-123.38645800780358,48.46379913975462],[-123.38620600768384,48.46293629044576],[-123.39035649369852,48.45814920662495],[-123.38653683312162,48.45726964340527],[-123.38479939533565,48.460658901646504],[-123.38245761024754,48.46198429126033],[-123.38054709362882,48.46051949209295],[-123.37920353384955,48.46086200842551],[-123.37886593594806,48.46076663238146],[-123.37943820890241,48.462329011785556],[-123.38018552917748,48.464374370530585],[-123.38645800780358,48.46379913975462]]]},"properties":{"DAUID":"59170396","DGUID":"2021S051259170396","LANDAREA":0.2797,"PRUID":"59","CMA":"Victoria"}},
{"type":"Feature","geometry":{"type":"Polygon","coordinates":[[[-123.37324587724984,48.46895779569424],[-123.37719929622386,48.468484904629555],[-123.38134638798033,48.46783178599175],[-123.38018552917748,48.464374370530585],[-123.37943820890241,48.462329011785556],[-123.37934899077278,48.4627200117531],[-123.37546039393932,48.463153307895176],[-123.37042219011072,48.464106104707305],[-123.36794408037392,48.462870107114654],[-123.36748109501691,48.46516899867394],[-123.3686740113325,48.46622659521049],[-123.37027240361004,48.46754498363632],[-123.37101970048396,48.469235410654754],[-123.37324587724984,48.46895779569424]]]},"properties":{"DAUID":"59170397","DGUID":"2021S051259170397","LANDAREA":0.4741,"PRUID":"59","CMA":"Victoria"}},
{"type":"Feature","geometry":{"type":"Polygon","coordinates":[[[-123.36794408037392,48.462870107114654],[-123.37042219011072,48.464106104707305],[-123.37546039393932,48.463153307895176],[-123.37934899077278,48.4627200117531],[-123.37943820890241,48.462329011785556],[-123.37886593594806,48.46076663238146],[-123.3747555017253,48.45960519119402],[-123.36940207400977,48.457175593112375],[-123.3688196905602,48.458227007373026],[-123.36888660179851,48.460298309147625],[-123.36429441746907,48.460736003694876],[-123.36441999511923,48.46114579811532],[-123.36554039141258,48.46151639394666],[-123.36856351340185,48.46154190684095],[-123.36794408037392,48.462870107114654]]]},"properties":{"DAUID":"59170399","DGUID":"2021S051259170399","LANDAREA":0.3602,"PRUID":"59","CMA":"Victoria"}},
{"type":"Feature","geometry":{"type":"Polygon","coordinates":[[[-123.40256725651103,48.43693734497174],[-123.40192398919126,48.43880639636516],[-123.40107029455783,48.44137361703616],[-123.40213697970113,48.44185701023244],[-123.40509978473263,48.44212637196897],[-123.40507969848987,48.440047086916714],[-123.41295106126766,48.43951558670972],[-123.41419891909437,48.43885985558364],[-123.41371063879758,48.43749296964753],[-123.40836049484463,48.43806420278318],[-123.40580541220308,48.43792921368903],[-123.40256725651103,48.43693734497174]]]},"properties":{"DAUID":"59170402","DGUID":"2021S051259170402","LANDAREA":0.263,"PRUID":"59","CMA":"Victoria"}},
{"type":"Feature","geometry":{"type":"Polygon","coordinates":[[[-123.41371063879758,48.43749296964753],[-123.41419891909437,48.43885985558364],[-123.41295106126766,48.43951558670972],[-123.40507969848987,48.440047086916714],[-123.40509978473263,48.44212637196897],[-123.40213697970113,48.44185701023244],[-123.40547965825543,48.443293390715844],[-123.41235505389298,48.44659132122795],[-123.4144535611121,48.445837862416354],[-123.42163199684346,48.443272941007386],[-123.42698268656805,48.44112612709541],[-123.4249403765448,48.4396165914618],[-123.42211888377369,48.441538113894794],[-123.42065809985253,48.440853291436774],[-123.42221489054364,48.43967830563294],[-123.42083101771863,48.438673396369666],[-123.41917239821551,48.43822720364922],[-123.41908563643446,48.43726889196182],[-123.4169151117958,48.437183098860665],[-123.41371063879758,48.43749296964753]]]},"properties":{"DAUID":"59170403","DGUID":"2021S051259170403","LANDAREA":0.9107,"PRUID":"59","CMA":"Victoria"}},
{"type":"Feature","geometry":{"type":"Polygon","coordinates":[[[-123.41908563643446,48.43726889196182],[-123.41917239821551,48.43822720364922],[-123.42083101771863,48.438673396369666],[-123.42221489054364,48.43967830563294],[-123.42065809985253,48.440853291436774],[-123.42211888377369,48.441538113894794],[-123.4249403765448,48.4396165914618],[-123.42350240194082,48.43851480996946],[-123.42535263153836,48.43773936012298],[-123.41908563643446,48.43726889196182]]]},"properties":{"DAUID":"59170404","DGUID":"2021S051259170404","LANDAREA":0.1081,"PRUID":"59","CMA":"Victoria"}},
{"type":"Feature","geometry":{"type":"Polygon","coordinates":[[[-123.42535263153836,48.43773936012298],[-123.42350240194082,48.43851480996946],[-123.4249403765448,48.4396165914618],[-123.42698268656805,48.44112612709541],[-123.42930552015049,48.44012104637442],[-123.42792800551003,48.43833499653706],[-123.42535263153836,48.43773936012298]]]},"properties":{"DAUID":"59170405","DGUID":"2021S051259170405","LANDAREA":0.0896,"PRUID":"59","CMA":"Victoria"}},
{"type":"Feature","geometry":{"type":"Polygon","coordinates":[[[-123.40042060996964,48.447716991333195],[-123.39632915234411,48.45145801489335],[-123.39919976410688,48.45287944062006],[-123.40240391370956,48.45009219464943],[-123.40304589974384,48.45042178471954],[-123.40465240219272,48.449020083256606],[-123.4024748017647,48.448164197941956],[-123.40042060996964,48.447716991333195]]]},"properties":{"DAUID":"59170406","DGUID":"2021S051259170406","LANDAREA":0.1608,"PRUID":"59","CMA":"Victoria"}},
{"type":"Feature","geometry":{"type":"Polygon","coordinates":[[[-123.40304589974384,48.45042178471954],[-123.40240391370956,48.45009219464943],[-123.39919976410688,48.45287944062006],[-123.40437901996167,48.455522399430556],[-123.40644648281472,48.45354409204369],[-123.40736610322475,48.45263050621712],[-123.40304589974384,48.45042178471954]]]},"properties":{"DAUID":"59170407","DGUID":"2021S051259170407","LANDAREA":0.1845,"PRUID":"59","CMA":"Victoria"}},
{"type":"Feature","geometry":{"type":"Polygon","coordinates":[[[-123.40764767734832,48.46807359441635],[-123.40974120007246,48.468534199977086],[-123.40908310175041,48.46972469221961],[-123.40772958261438,48.47081420060058],[-123.40737930274958,48.472816498986205],[-123.40604419667855,48.47253409476948],[-123.41068551200893,48.47840961264819],[-123.41107660293272,48.47706568684673],[-123.41286424605538,48.47495690740337],[-123.41274700202169,48.47364473830948],[-123.41184183943808,48.47249095459238],[-123.41193774821484,48.47133187646233],[-123.41408421796983,48.46888016121893],[-123.41399223197598,48.46779763217518],[-123.41583522255354,48.46533393777427],[-123.41242438989644,48.463414118717075],[-123.4116337043433,48.464432388646706],[-123.40977360941598,48.46370711291666],[-123.40875639587158,48.46583290821903],[-123.40764767734832,48.46807359441635]]]},"properties":{"DAUID":"59170408","DGUID":"2021S051259170408","LANDAREA":0.5393,"PRUID":"59","CMA":"Victoria"}},
{"type":"Feature","geometry":{"type":"Polygon","coordinates":[[[-123.41274700202169,48.47364473830948],[-123.41496763514715,48.47423274315086],[-123.41720409075458,48.47406184954287],[-123.41812053456117,48.47343041720677],[-123.41934427665691,48.471228399668284],[-123.42048450532239,48.47050329016049],[-123.42254271508529,48.46993289344847],[-123.42294232036966,48.46934120646801],[-123.42001573479251,48.46918394289412],[-123.41893454461243,48.469413755872964],[-123.42028799555318,48.465767097182656],[-123.41583522255354,48.46533393777427],[-123.41399223197598,48.46779763217518],[-123.41408421796983,48.46888016121893],[-123.41193774821484,48.47133187646233],[-123.41184183943808,48.47249095459238],[-123.41274700202169,48.47364473830948]]]},"properties":{"DAUID":"59170409","DGUID":"2021S051259170409","LANDAREA":0.4371,"PRUID":"59","CMA":"Victoria"}},
{"type":"Feature","geometry":{"type":"Polygon","coordinates":[[[-123.41286424605538,48.47495690740337],[-123.41521216118932,48.4756138353158],[-123.41440180809346,48.47721720234124],[-123.41572189783055,48.47752890667696],[-123.41498355130459,48.47910063483614],[-123.42103108862652,48.4796149912931],[-123.42268788900758,48.470786819635265],[-123.42254271508529,48.46993289344847],[-123.42048450532239,48.47050329016049],[-123.41934427665691,48.471228399668284],[-123.41812053456117,48.47343041720677],[-123.41720409075458,48.47406184954287],[-123.41496763514715,48.47423274315086],[-123.41274700202169,48.47364473830948],[-123.41286424605538,48.47495690740337]]]},"properties":{"DAUID":"59170410","DGUID":"2021S051259170410","LANDAREA":0.4219,"PRUID":"59","CMA":"Victoria"}},
{"type":"Feature","geometry":{"type":"Polygon","coordinates":[[[-123.42294232036966,48.46934120646801],[-123.42395620847104,48.46852901359235],[-123.42875118273292,48.46652730404562],[-123.43043020763125,48.46505220481461],[-123.43183505603945,48.462592013348086],[-123.42917781419982,48.461588946251844],[-123.42879300828862,48.46002591165829],[-123.42740303686611,48.46051596687717],[-123.42808194678047,48.46171915123987],[-123.42494563460149,48.463539350748725],[-123.42136091019037,48.46358062927264],[-123.42115581790299,48.46401815364887],[-123.42028799555318,48.465767097182656],[-123.41893454461243,48.469413755872964],[-123.42001573479251,48.46918394289412],[-123.42294232036966,48.46934120646801]]]},"properties":{"DAUID":"59170413","DGUID":"2021S051259170413","LANDAREA":0.4564,"PRUID":"59","CMA":"Victoria"}},
{"type":"Feature","geometry":{"type":"Polygon","coordinates":[[[-123.42395620847104,48.46852901359235],[-123.42461333369933,48.46979244655128],[-123.42684049703465,48.46875811003837],[-123.42785941110304,48.47072533949576],[-123.4336755724285,48.46767923613443],[-123.43562344360939,48.466397914309745],[-123.43780129595892,48.46646353636389],[-123.43971001155964,48.46519570844891],[-123.44209398468112,48.46480964146233],[-123.44011970087367,48.462367903127216],[-123.44192210660576,48.46037621195625],[-123.4402102255812,48.45932667174096],[-123.4364101766943,48.458119343362966],[-123.4343987131891,48.45888670483721],[-123.43262585170665,48.46055260504006],[-123.43183505603945,48.462592013348086],[-123.43043020763125,48.46505220481461],[-123.42875118273292,48.46652730404562],[-123.42395620847104,48.46852901359235]]]},"properties":{"DAUID":"59170414","DGUID":"2021S051259170414","LANDAREA":0.75,"PRUID":"59","CMA":"Victoria"}},
{"type":"Feature","geometry":{"type":"Polygon","coordinates":[[[-123.43068701795494,48.452709565880646],[-123.42711228690719,48.4524807070284],[-123.42475053445986,48.4510319470997],[-123.42355710160712,48.451814325805515],[-123.4250967346232,48.4539672557886],[-123.4261821375087,48.454600961666436],[-123.42523465330879,48.456107870673414],[-123.4240215536384,48.456489464986824],[-123.42394794507005,48.457316950273245],[-123.42278803341439,48.457835367746036],[-123.42356914075084,48.4591000542023],[-123.42170004517172,48.46035765321463],[-123.42323502203199,48.46110826539136],[-123.4236947313412,48.45961276690697],[-123.42458382185153,48.45914995879722],[-123.42477372697111,48.45753916336506],[-123.42685972752886,48.45626307421867],[-123.42766796260604,48.45430766678442],[-123.42981425047851,48.453831966235455],[-123.43069433230114,48.45559225506511],[-123.42958903638676,48.455811557177825],[-123.42871513461539,48.458100262717686],[-123.42702494528586,48.45817005742668],[-123.42675314100357,48.45960145336413],[-123.42740303686611,48.46051596687717],[-123.42879300828862,48.46002591165829],[-123.42917781419982,48.461588946251844],[-123.43183505603945,48.462592013348086],[-123.43262585170665,48.46055260504006],[-123.4343987131891,48.45888670483721],[-123.4364101766943,48.458119343362966],[-123.43828458150767,48.457240395860474],[-123.43572960650202,48.455733078603394],[-123.4376170014503,48.45379038784616],[-123.43460540521495,48.452641705953184],[-123.43068701795494,48.452709565880646]]]},"properties":{"DAUID":"59170415","DGUID":"2021S051259170415","LANDAREA":0.6515,"PRUID":"59","CMA":"Victoria"}},
{"type":"Feature","geometry":{"type":"Polygon","coordinates":[[[-123.42581860660901,48.44971248077673],[-123.42475053445986,48.4510319470997],[-123.42711228690719,48.4524807070284],[-123.43068701795494,48.452709565880646],[-123.42908450043313,48.45238430651366],[-123.42882261157757,48.45067186982409],[-123.42785414001219,48.45006220651794],[-123.42581860660901,48.44971248077673]]]},"properties":{"DAUID":"59170416","DGUID":"2021S051259170416","LANDAREA":0.0769,"PRUID":"59","CMA":"Victoria"}},
{"type":"Feature","geometry":{"type":"Polygon","coordinates":[[[-123.43460540521495,48.452641705953184],[-123.4376170014503,48.45379038784616],[-123.43572960650202,48.455733078603394],[-123.43828458150767,48.457240395860474],[-123.44027932158664,48.456679945607725],[-123.44105151381817,48.45600880895436],[-123.4402547122411,48.45551338734883],[-123.44196150275165,48.45361140280088],[-123.44007260430135,48.4528199864444],[-123.4403604953172,48.45231470053555],[-123.43725184507501,48.45046583960769],[-123.43524806911539,48.45062472378005],[-123.43460540521495,48.452641705953184]]]},"properties":{"DAUID":"59170417","DGUID":"2021S051259170417","LANDAREA":0.2312,"PRUID":"59","CMA":"Victoria"}},
{"type":"Feature","geometry":{"type":"Polygon","coordinates":[[[-123.44192210660576,48.46037621195625],[-123.44389887962339,48.45840130866143],[-123.44320340500896,48.45728169860175],[-123.44105151381817,48.45600880895436],[-123.44027932158664,48.456679945607725],[-123.43828458150767,48.457240395860474],[-123.4364101766943,48.458119343362966],[-123.4402102255812,48.45932667174096],[-123.44192210660576,48.46037621195625]]]},"properties":{"DAUID":"59170418","DGUID":"2021S051259170418","LANDAREA":0.1326,"PRUID":"59","CMA":"Victoria"}},
{"type":"Feature","geometry":{"type":"Polygon","coordinates":[[[-123.44209398468112,48.46480964146233],[-123.44429772151071,48.46450934051163],[-123.44608893921065,48.464845577977236],[-123.44820359569229,48.46319410739625],[-123.45326485435659,48.46168191439576],[-123.4558025213337,48.46004040025708],[-123.45396862319411,48.46082414611692],[-123.44855480047983,48.45961538453422],[-123.44590391716984,48.45952540627216],[-123.44751291879763,48.45798339990963],[-123.44646419658257,48.456901295276076],[-123.44493099418354,48.45641801803445],[-123.44691130795054,48.454123003707664],[-123.44568042465659,48.45359288103312],[-123.44434940279163,48.454940402157725],[-123.44196150275165,48.45361140280088],[-123.4402547122411,48.45551338734883],[-123.44105151381817,48.45600880895436],[-123.44320340500896,48.45728169860175],[-123.44389887962339,48.45840130866143],[-123.44192210660576,48.46037621195625],[-123.44011970087367,48.462367903127216],[-123.44209398468112,48.46480964146233]]]},"properties":{"DAUID":"59170419","DGUID":"2021S051259170419","LANDAREA":0.5661,"PRUID":"59","CMA":"Victoria"}},
{"type":"Feature","geometry":{"type":"MultiPolygon","coordinates":[[[[-123.44196150275165,48.45361140280088],[-123.44434940279163,48.454940402157725],[-123.44568042465659,48.45359288103312],[-123.44691130795054,48.454123003707664],[-123.44493099418354,48.45641801803445],[-123.44646419658257,48.456901295276076],[-123.44751291879763,48.45798339990963],[-123.44590391716984,48.45952540627216],[-123.44855480047983,48.45961538453422],[-123.45396862319411,48.46082414611692],[-123.4558025213337,48.46004040025708],[-123.45753129570456,48.45910079275883],[-123.45904858289293,48.45640765859604],[-123.45559073908721,48.456657571118114],[-123.45599584818973,48.45798635966145],[-123.45508043062969,48.45849477448788],[-123.4536024291214,48.458113050836786],[-123.44952143618627,48.455466950119714],[-123.449044746323,48.45365107130104],[-123.44569284221843,48.452404864534614],[-123.44414171623234,48.45285065667556],[-123.44287911572646,48.45203777652547],[-123.44196150275165,48.45361140280088]]],[[[-123.46420361865789,48.450735411453444],[-123.46241300722383,48.451213155464494],[-123.45601902074517,48.453878928394616],[-123.45649243723605,48.45464654808556],[-123.45924477048504,48.45614206213335],[-123.46221046368349,48.45372870038002],[-123.46420361865789,48.450735411453444]]]]},"properties":{"DAUID":"59170421","DGUID":"2021S051259170421","LANDAREA":0.5883,"PRUID":"59","CMA":"Victoria"}},
{"type":"Feature","geometry":{"type":"Polygon","coordinates":[[[-123.46420361865789,48.450735411453444],[-123.4646596628829,48.44997294695623],[-123.4675032100847,48.44454211347003],[-123.46896310852921,48.442960157545706],[-123.46700540298222,48.44481517861554],[-123.46634656165185,48.44444051195416],[-123.46664750690887,48.44066311045683],[-123.46921283822479,48.43910074893627],[-123.46964241659032,48.438340503685204],[-123.46888731916597,48.437521701568635],[-123.46719710778451,48.436827502598184],[-123.46698380665185,48.43854299386124],[-123.46559449143999,48.43903269130743],[-123.46463300920509,48.43808719555714],[-123.46149672665015,48.43723209628361],[-123.45960589287391,48.43751139013931],[-123.45499899163529,48.43772989865147],[-123.45504210175565,48.43695360447128],[-123.45360189021604,48.436382405121726],[-123.45437719390189,48.435693202121335],[-123.45641399867783,48.43613619190106],[-123.45718198740867,48.435783090642495],[-123.45512456574362,48.43423698769007],[-123.45709931783712,48.43312989859126],[-123.45681874356782,48.43107190816012],[-123.45602773501145,48.43138355717393],[-123.45321393897181,48.431251063991354],[-123.45199254299396,48.43065295272742],[-123.44898283348469,48.431204069879676],[-123.44855194462139,48.43294306597085],[-123.4492774459675,48.435612064380024],[-123.4480719350021,48.4367414584201],[-123.44692321685902,48.4369436567201],[-123.44727384280206,48.43828267160547],[-123.4465398579782,48.43938315823439],[-123.45060554659848,48.4404642477091],[-123.45119603839551,48.443116172445585],[-123.44965602671446,48.44467855782582],[-123.45123752445282,48.446156852692205],[-123.44994754189172,48.447052665605064],[-123.4504432642697,48.44818496642553],[-123.4499256474741,48.449140546833945],[-123.45251805225497,48.45018305389751],[-123.45386123693426,48.4522909722616],[-123.45568873938946,48.45254445797621],[-123.45601902074517,48.453878928394616],[-123.46241300722383,48.451213155464494],[-123.46420361865789,48.450735411453444]]]},"properties":{"DAUID":"59170422","DGUID":"2021S051259170422","LANDAREA":2.3143,"PRUID":"59","CMA":"Victoria"}},
{"type":"Feature","geometry":{"type":"Polygon","coordinates":[[[-123.46149672665015,48.43723209628361],[-123.46085620138787,48.43697140855671],[-123.45718198740867,48.435783090642495],[-123.45641399867783,48.43613619190106],[-123.45437719390189,48.435693202121335],[-123.45360189021604,48.436382405121726],[-123.45504210175565,48.43695360447128],[-123.45499899163529,48.43772989865147],[-123.45960589287391,48.43751139013931],[-123.46149672665015,48.43723209628361]]]},"properties":{"DAUID":"59170423","DGUID":"2021S051259170423","LANDAREA":0.0848,"PRUID":"59","CMA":"Victoria"}},
{"type":"Feature","geometry":{"type":"Polygon","coordinates":[[[-123.46719710778451,48.436827502598184],[-123.46625169918039,48.43646400558025],[-123.46536450410737,48.43748250097887],[-123.4616644922913,48.43631809079893],[-123.46272958024154,48.43515599402983],[-123.46171738547602,48.434453604691136],[-123.4604184142616,48.43472000469786],[-123.45952378934236,48.43592409399192],[-123.46085620138787,48.43697140855671],[-123.46149672665015,48.43723209628361],[-123.46463300920509,48.43808719555714],[-123.46559449143999,48.43903269130743],[-123.46698380665185,48.43854299386124],[-123.46719710778451,48.436827502598184]]]},"properties":{"DAUID":"59170424","DGUID":"2021S051259170424","LANDAREA":0.0935,"PRUID":"59","CMA":"Victoria"}},
{"type":"Feature","geometry":{"type":"Polygon","coordinates":[[[-123.45718198740867,48.435783090642495],[-123.46085620138787,48.43697140855671],[-123.45952378934236,48.43592409399192],[-123.4604184142616,48.43472000469786],[-123.46171738547602,48.434453604691136],[-123.46272958024154,48.43515599402983],[-123.4616644922913,48.43631809079893],[-123.46536450410737,48.43748250097887],[-123.46625169918039,48.43646400558025],[-123.46719710778451,48.436827502598184],[-123.46888731916597,48.437521701568635],[-123.46964241659032,48.438340503685204],[-123.46921283822479,48.43910074893627],[-123.46664750690887,48.44066311045683],[-123.46634656165185,48.44444051195416],[-123.46700540298222,48.44481517861554],[-123.46896310852921,48.442960157545706],[-123.47046490696042,48.44125477589771],[-123.47180682801967,48.44071780226589],[-123.47509917723606,48.44042748863117],[-123.47727870656806,48.43989700750694],[-123.48365638483807,48.438207079950594],[-123.48597040260735,48.43450920806244],[-123.48815200196312,48.43065538598925],[-123.49058287484944,48.4262926153254],[-123.48916417835363,48.425238187828796],[-123.48771877232062,48.42304878180213],[-123.48047089854968,48.420768049663906],[-123.47866499789869,48.42541610237165],[-123.47794330364582,48.425060689218625],[-123.4735295619002,48.42397069334332],[-123.47485614436654,48.426719267531844],[-123.47404781453803,48.42851375800091],[-123.47285551506428,48.429687359092696],[-123.47068672642294,48.43033535902429],[-123.46918313425596,48.4300618500915],[-123.46613362680138,48.43082095496486],[-123.46485971757023,48.43190625737793],[-123.45971495265341,48.43253005508133],[-123.45771222253566,48.4322950587501],[-123.45681874356782,48.43107190816012],[-123.45709931783712,48.43312989859126],[-123.45512456574362,48.43423698769007],[-123.45718198740867,48.435783090642495]]]},"properties":{"DAUID":"59170425","DGUID":"2021S051259170425","LANDAREA":2.7978,"PRUID":"59","CMA":"Victoria"}},
{"type":"Feature","geometry":{"type":"Polygon","coordinates":[[[-123.4646596628829,48.44997294695623],[-123.46563603849103,48.44977835952245],[-123.46848106914801,48.44755478656144],[-123.46808607922985,48.44915086610885],[-123.469457944235,48.448288961321545],[-123.46982974502325,48.447450052942735],[-123.47185514939726,48.4470370601784],[-123.4726154478963,48.447474254961385],[-123.47464253782334,48.447348976271826],[-123.47797201946594,48.446265163351505],[-123.47881878163517,48.447398718534394],[-123.4797102467385,48.447425745332126],[-123.48073491410516,48.44526796817627],[-123.48655924121893,48.4462172146766],[-123.48682764310452,48.4449943359536],[-123.48769210326428,48.4447988952747],[-123.4905314118219,48.44565024498734],[-123.49163592162687,48.44562511657824],[-123.49719612916783,48.44413604844429],[-123.49457728703815,48.443468192245874],[-123.49334489079672,48.44056790807455],[-123.48846291257114,48.44149380003249],[-123.48393150718026,48.44143040497103],[-123.47742129881455,48.44020959309588],[-123.47727870656806,48.43989700750694],[-123.47509917723606,48.44042748863117],[-123.47180682801967,48.44071780226589],[-123.47046490696042,48.44125477589771],[-123.46896310852921,48.442960157545706],[-123.4675032100847,48.44454211347003],[-123.4646596628829,48.44997294695623]]]},"properties":{"DAUID":"59170426","DGUID":"2021S051259170426","LANDAREA":1.1864,"PRUID":"59","CMA":"Victoria"}},
{"type":"Feature","geometry":{"type":"Polygon","coordinates":[[[-123.46808607922985,48.44915086610885],[-123.46902810247215,48.450976433112736],[-123.47175089331985,48.44883040980853],[-123.47418206871609,48.447952040926204],[-123.47599818744483,48.44795780538816],[-123.47784748986095,48.44929772054167],[-123.4784063109022,48.450335325936],[-123.48243541659718,48.45059348973272],[-123.48534389840984,48.44958858687888],[-123.48574949332065,48.449372803775724],[-123.49323949073406,48.447952408726586],[-123.4954652328141,48.447393726877046],[-123.49267648840546,48.44668389049135],[-123.48922470547157,48.44641280023228],[-123.4905314118219,48.44565024498734],[-123.48769210326428,48.4447988952747],[-123.48682764310452,48.4449943359536],[-123.48655924121893,48.4462172146766],[-123.48073491410516,48.44526796817627],[-123.4797102467385,48.447425745332126],[-123.47881878163517,48.447398718534394],[-123.47797201946594,48.446265163351505],[-123.47464253782334,48.447348976271826],[-123.4726154478963,48.447474254961385],[-123.47185514939726,48.4470370601784],[-123.46982974502325,48.447450052942735],[-123.469457944235,48.448288961321545],[-123.46808607922985,48.44915086610885]]]},"properties":{"DAUID":"59170427","DGUID":"2021S051259170427","LANDAREA":0.5856,"PRUID":"59","CMA":"Victoria"}},
{"type":"Feature","geometry":{"type":"Polygon","coordinates":[[[-123.48534389840984,48.44958858687888],[-123.48614528136164,48.450839402262254],[-123.48599244591237,48.45168338180646],[-123.48711154918419,48.45511125824069],[-123.48661830995054,48.45595888926838],[-123.48918859815531,48.45674930023515],[-123.48996421677772,48.45528710329083],[-123.49177000932907,48.45359219404594],[-123.49178897482001,48.451707199059044],[-123.49059328475393,48.451702295967145],[-123.49136718232816,48.449914475841055],[-123.49370602163306,48.449388207154314],[-123.49323949073406,48.447952408726586],[-123.48574949332065,48.449372803775724],[-123.48534389840984,48.44958858687888]]]},"properties":{"DAUID":"59170428","DGUID":"2021S051259170428","LANDAREA":0.3203,"PRUID":"59","CMA":"Victoria"}},
{"type":"Feature","geometry":{"type":"Polygon","coordinates":[[[-123.49323949073406,48.447952408726586],[-123.49370602163306,48.449388207154314],[-123.49366499654593,48.45061990658302],[-123.49516686991366,48.45034974600372],[-123.49547990977872,48.453531254987254],[-123.4979842850962,48.453864524468095],[-123.50063633273365,48.44935808349728],[-123.49562769113439,48.44746161022003],[-123.4954652328141,48.447393726877046],[-123.49323949073406,48.447952408726586]]]},"properties":{"DAUID":"59170429","DGUID":"2021S051259170429","LANDAREA":0.2245,"PRUID":"59","CMA":"Victoria"}},
{"type":"Feature","geometry":{"type":"Polygon","coordinates":[[[-123.48918859815531,48.45674930023515],[-123.49173736455666,48.458622318353136],[-123.49190932611346,48.45851071626932],[-123.49318222060889,48.45781601254474],[-123.49716249723133,48.45696781377949],[-123.49944561409674,48.45609739970369],[-123.50032889740463,48.4544573093328],[-123.4979842850962,48.453864524468095],[-123.49547990977872,48.453531254987254],[-123.49516686991366,48.45034974600372],[-123.49366499654593,48.45061990658302],[-123.49370602163306,48.449388207154314],[-123.49136718232816,48.449914475841055],[-123.49059328475393,48.451702295967145],[-123.49178897482001,48.451707199059044],[-123.49177000932907,48.45359219404594],[-123.48996421677772,48.45528710329083],[-123.48918859815531,48.45674930023515]]]},"properties":{"DAUID":"59170430","DGUID":"2021S051259170430","LANDAREA":0.3945,"PRUID":"59","CMA":"Victoria"}},
{"type":"Feature","geometry":{"type":"Polygon","coordinates":[[[-123.4979842850962,48.453864524468095],[-123.50032889740463,48.4544573093328],[-123.49944561409674,48.45609739970369],[-123.49716249723133,48.45696781377949],[-123.49986508111837,48.45653829946469],[-123.5059386178536,48.454140506554516],[-123.5035952187629,48.45372728446221],[-123.50570309436088,48.45054430383621],[-123.50347170662438,48.449778400610235],[-123.50063633273365,48.44935808349728],[-123.4979842850962,48.453864524468095]]]},"properties":{"DAUID":"59170431","DGUID":"2021S051259170431","LANDAREA":0.2767,"PRUID":"59","CMA":"Victoria"}},
{"type":"Feature","geometry":{"type":"Polygon","coordinates":[[[-123.50063633273365,48.44935808349728],[-123.50347170662438,48.449778400610235],[-123.50570309436088,48.45054430383621],[-123.50636010179134,48.44940099748387],[-123.50755069477736,48.44973109251402],[-123.50975508220462,48.446090406670486],[-123.50849271524241,48.44576669907721],[-123.50908092743879,48.44477154266191],[-123.50842633942064,48.44472008328817],[-123.49580857471696,48.44710426578703],[-123.49562769113439,48.44746161022003],[-123.50063633273365,48.44935808349728]]]},"properties":{"DAUID":"59170432","DGUID":"2021S051259170432","LANDAREA":0.3627,"PRUID":"59","CMA":"Victoria"}},
{"type":"Feature","geometry":{"type":"Polygon","coordinates":[[[-123.50570309436088,48.45054430383621],[-123.50799391723393,48.450926399709346],[-123.51304709888691,48.44981068409413],[-123.51452700719119,48.447337801890164],[-123.50975508220462,48.446090406670486],[-123.50755069477736,48.44973109251402],[-123.50636010179134,48.44940099748387],[-123.50570309436088,48.45054430383621]]]},"properties":{"DAUID":"59170433","DGUID":"2021S051259170433","LANDAREA":0.1818,"PRUID":"59","CMA":"Victoria"}},
{"type":"Feature","geometry":{"type":"Polygon","coordinates":[[[-123.50975508220462,48.446090406670486],[-123.51452700719119,48.447337801890164],[-123.51304709888691,48.44981068409413],[-123.51468778912509,48.44949029897473],[-123.51805960846147,48.449673103380015],[-123.5195002318942,48.44711888498237],[-123.51048898651685,48.444817280234346],[-123.50908092743879,48.44477154266191],[-123.50849271524241,48.44576669907721],[-123.50975508220462,48.446090406670486]]]},"properties":{"DAUID":"59170435","DGUID":"2021S051259170435","LANDAREA":0.195,"PRUID":"59","CMA":"Victoria"}},
{"type":"Feature","geometry":{"type":"Polygon","coordinates":[[[-123.5059386178536,48.454140506554516],[-123.51053415703142,48.45305828805952],[-123.51220797731341,48.453059737423345],[-123.51919090241097,48.454926584121786],[-123.52290848103482,48.45528253116819],[-123.52692532885058,48.45417479587093],[-123.52879230057215,48.45222519056085],[-123.52763740712267,48.451026010175994],[-123.52475421637239,48.449760298240534],[-123.5222338229056,48.449146805898884],[-123.51805960846147,48.449673103380015],[-123.51468778912509,48.44949029897473],[-123.51304709888691,48.44981068409413],[-123.50799391723393,48.450926399709346],[-123.50570309436088,48.45054430383621],[-123.5035952187629,48.45372728446221],[-123.5059386178536,48.454140506554516]]]},"properties":{"DAUID":"59170437","DGUID":"2021S051259170437","LANDAREA":0.799,"PRUID":"59","CMA":"Victoria"}},
{"type":"Feature","geometry":{"type":"Polygon","coordinates":[[[-123.5059386178536,48.454140506554516],[-123.50724570057258,48.45451660524333],[-123.50800960655808,48.456518317209834],[-123.50914821925458,48.45694366308364],[-123.50886745179558,48.45804835761363],[-123.5100526627505,48.45960679060781],[-123.50996874172296,48.46067562007247],[-123.50818709563931,48.461806525829864],[-123.50895422823598,48.46254590407275],[-123.5093681927378,48.464503297816684],[-123.51235633063185,48.46737507192738],[-123.51458693406633,48.4659143779061],[-123.52601820912501,48.46498071200321],[-123.52488114716944,48.459221708021715],[-123.52673996322552,48.458547527087184],[-123.52681197394212,48.459642656180336],[-123.52886344331996,48.45955784142481],[-123.54155730367646,48.4598185900983],[-123.54013322889051,48.45919325352187],[-123.53185483470757,48.45437770124804],[-123.53049607806717,48.453848319463845],[-123.52823106100696,48.45379277958813],[-123.52692532885058,48.45417479587093],[-123.52290848103482,48.45528253116819],[-123.51919090241097,48.454926584121786],[-123.51220797731341,48.453059737423345],[-123.51053415703142,48.45305828805952],[-123.5059386178536,48.454140506554516]]]},"properties":{"DAUID":"59170438","DGUID":"2021S051259170438","LANDAREA":1.9835,"PRUID":"59","CMA":"Victoria"}},
{"type":"Feature","geometry":{"type":"Polygon","coordinates":[[[-123.49716249723133,48.45696781377949],[-123.49745369159155,48.458302873251064],[-123.4972930058735,48.46062279236691],[-123.49908482373623,48.46357943723885],[-123.50030152016592,48.46449630684737],[-123.50300627486898,48.46459430675379],[-123.50622938410798,48.46666749806393],[-123.50920348769483,48.46729471310002],[-123.50971528688483,48.465473608396834],[-123.5093681927378,48.464503297816684],[-123.50895422823598,48.46254590407275],[-123.50818709563931,48.461806525829864],[-123.50996874172296,48.46067562007247],[-123.5100526627505,48.45960679060781],[-123.50886745179558,48.45804835761363],[-123.50914821925458,48.45694366308364],[-123.50800960655808,48.456518317209834],[-123.50724570057258,48.45451660524333],[-123.5059386178536,48.454140506554516],[-123.49986508111837,48.45653829946469],[-123.49716249723133,48.45696781377949]]]},"properties":{"DAUID":"59170439","DGUID":"2021S051259170439","LANDAREA":0.9278,"PRUID":"59","CMA":"Victoria"}},
{"type":"Feature","geometry":{"type":"Polygon","coordinates":[[[-123.49190932611346,48.45851071626932],[-123.49221453538924,48.46061174729983],[-123.49416040702809,48.46190918161111],[-123.49477871021452,48.46355708996123],[-123.49438679632674,48.464760606408205],[-123.49401230486252,48.46690859753487],[-123.49268943358601,48.46824880918472],[-123.49521388947329,48.46872059974754],[-123.49802078308404,48.46849160233415],[-123.4996695686793,48.469282154895616],[-123.5016988168615,48.46876544303567],[-123.50184702145144,48.46762377684084],[-123.50030152016592,48.46449630684737],[-123.49908482373623,48.46357943723885],[-123.4972930058735,48.46062279236691],[-123.49745369159155,48.458302873251064],[-123.49716249723133,48.45696781377949],[-123.49318222060889,48.45781601254474],[-123.49190932611346,48.45851071626932]]]},"properties":{"DAUID":"59170440","DGUID":"2021S051259170440","LANDAREA":0.5323,"PRUID":"59","CMA":"Victoria"}},
{"type":"Feature","geometry":{"type":"Polygon","coordinates":[[[-123.49438679632674,48.464760606408205],[-123.49170357454412,48.465451806001944],[-123.48776200277229,48.46585981756726],[-123.4853388746379,48.46498358664875],[-123.48481972620526,48.46608667362586],[-123.48561414727843,48.46701715523032],[-123.48887027895407,48.467567792953005],[-123.49148930843673,48.466894005675904],[-123.49401230486252,48.46690859753487],[-123.49438679632674,48.464760606408205]]]},"properties":{"DAUID":"59170441","DGUID":"2021S051259170441","LANDAREA":0.1361,"PRUID":"59","CMA":"Victoria"}},
{"type":"Feature","geometry":{"type":"Polygon","coordinates":[[[-123.49173736455666,48.458622318353136],[-123.48511467279252,48.46298534624118],[-123.4859534554478,48.46392251241926],[-123.4853388746379,48.46498358664875],[-123.48776200277229,48.46585981756726],[-123.49170357454412,48.465451806001944],[-123.49438679632674,48.464760606408205],[-123.49477871021452,48.46355708996123],[-123.49416040702809,48.46190918161111],[-123.49221453538924,48.46061174729983],[-123.49190932611346,48.45851071626932],[-123.49173736455666,48.458622318353136]]]},"properties":{"DAUID":"59170442","DGUID":"2021S051259170442","LANDAREA":0.3494,"PRUID":"59","CMA":"Victoria"}},
{"type":"Feature","geometry":{"type":"Polygon","coordinates":[[[-123.49401230486252,48.46690859753487],[-123.49148930843673,48.466894005675904],[-123.48887027895407,48.467567792953005],[-123.48561414727843,48.46701715523032],[-123.48481972620526,48.46608667362586],[-123.4853388746379,48.46498358664875],[-123.4859534554478,48.46392251241926],[-123.48511467279252,48.46298534624118],[-123.48292206452672,48.46434494546924],[-123.48421061949476,48.46545046644498],[-123.48405134467518,48.46863880710719],[-123.48325226816424,48.471184904891324],[-123.48429451514959,48.47290075671153],[-123.48286353877859,48.47463716935613],[-123.49751250468165,48.475499699178016],[-123.50353571609294,48.475581633475684],[-123.50329228630278,48.4774500972801],[-123.51047983463219,48.47709244172775],[-123.50937749054108,48.47546561366038],[-123.50817278973614,48.47352372071291],[-123.50535469647619,48.47139255347869],[-123.50209573108293,48.469712567771985],[-123.5016988168615,48.46876544303567],[-123.4996695686793,48.469282154895616],[-123.49802078308404,48.46849160233415],[-123.49521388947329,48.46872059974754],[-123.49268943358601,48.46824880918472],[-123.49401230486252,48.46690859753487]]]},"properties":{"DAUID":"59170443","DGUID":"2021S051259170443","LANDAREA":1.452,"PRUID":"59","CMA":"Victoria"}},
{"type":"Feature","geometry":{"type":"Polygon","coordinates":[[[-123.46902810247215,48.450976433112736],[-123.47048683003487,48.45149591792145],[-123.47141972769859,48.452794507892996],[-123.48063502027748,48.46233331859767],[-123.48292206452672,48.46434494546924],[-123.48511467279252,48.46298534624118],[-123.49173736455666,48.458622318353136],[-123.48918859815531,48.45674930023515],[-123.48661830995054,48.45595888926838],[-123.48711154918419,48.45511125824069],[-123.48599244591237,48.45168338180646],[-123.48614528136164,48.450839402262254],[-123.48534389840984,48.44958858687888],[-123.48243541659718,48.45059348973272],[-123.4784063109022,48.450335325936],[-123.47784748986095,48.44929772054167],[-123.47599818744483,48.44795780538816],[-123.47418206871609,48.447952040926204],[-123.47175089331985,48.44883040980853],[-123.46902810247215,48.450976433112736]]]},"properties":{"DAUID":"59170444","DGUID":"2021S051259170444","LANDAREA":1.4508,"PRUID":"59","CMA":"Victoria"}},
{"type":"Feature","geometry":{"type":"Polygon","coordinates":[[[-123.44723007995081,48.5662412065412],[-123.44722259555539,48.56700289959183],[-123.45392431179145,48.566959522317035],[-123.45592337007852,48.56768032114597],[-123.4569498032844,48.567050505096134],[-123.46014559018194,48.567587700264205],[-123.46121492389021,48.568262352030544],[-123.46241492182268,48.56758961757507],[-123.46206451165008,48.56658231585063],[-123.46027530293996,48.56397458641464],[-123.45851281033015,48.56290910864071],[-123.45482081752671,48.56299740401317],[-123.45232070158269,48.56464050689265],[-123.44978312017035,48.56595000609666],[-123.44723007995081,48.5662412065412]]]},"properties":{"DAUID":"59170451","DGUID":"2021S051259170451","LANDAREA":0.3543,"PRUID":"59","CMA":"Victoria"}},
{"type":"Feature","geometry":{"type":"Polygon","coordinates":[[[-123.44723007995081,48.5662412065412],[-123.44270999708253,48.56519930353115],[-123.43852548610407,48.565183191317296],[-123.44107118610069,48.568042198057235],[-123.44142934815648,48.57022603552925],[-123.44236489308412,48.57248389064075],[-123.456416002523,48.57242909491389],[-123.4580169178638,48.57243219622611],[-123.4580100939045,48.57175591251725],[-123.45794311379777,48.568832311293775],[-123.45972197566847,48.568794637497106],[-123.46121492389021,48.568262352030544],[-123.46014559018194,48.567587700264205],[-123.4569498032844,48.567050505096134],[-123.45592337007852,48.56768032114597],[-123.45392431179145,48.566959522317035],[-123.44722259555539,48.56700289959183],[-123.44723007995081,48.5662412065412]]]},"properties":{"DAUID":"59170452","DGUID":"2021S051259170452","LANDAREA":0.8581,"PRUID":"59","CMA":"Victoria"}},
{"type":"Feature","geometry":{"type":"Polygon","coordinates":[[[-123.44236489308412,48.57248389064075],[-123.4437593142198,48.574172690365344],[-123.44531003587736,48.57527745389093],[-123.44917961033171,48.574253398215696],[-123.4544888792108,48.57423200285907],[-123.4546104140959,48.57341000028944],[-123.45610989250808,48.57311230353057],[-123.456416002523,48.57242909491389],[-123.44236489308412,48.57248389064075]]]},"properties":{"DAUID":"59170453","DGUID":"2021S051259170453","LANDAREA":0.197,"PRUID":"59","CMA":"Victoria"}},
{"type":"Feature","geometry":{"type":"Polygon","coordinates":[[[-123.456416002523,48.57242909491389],[-123.45610989250808,48.57311230353057],[-123.4546104140959,48.57341000028944],[-123.4544888792108,48.57423200285907],[-123.44917961033171,48.574253398215696],[-123.44531003587736,48.57527745389093],[-123.44720390945166,48.576595084567884],[-123.44905154717463,48.57609312213974],[-123.45803901409552,48.57603900293217],[-123.4580169178638,48.57243219622611],[-123.456416002523,48.57242909491389]]]},"properties":{"DAUID":"59170454","DGUID":"2021S051259170454","LANDAREA":0.2205,"PRUID":"59","CMA":"Victoria"}},
{"type":"Feature","geometry":{"type":"Polygon","coordinates":[[[-123.44720390945166,48.576595084567884],[-123.45177625390592,48.579670973927186],[-123.45848294734976,48.57962057678323],[-123.45842540763842,48.57871139018737],[-123.45659660350479,48.57861449420652],[-123.45652490388281,48.57788608431648],[-123.45842260284114,48.57788461006628],[-123.45803901409552,48.57603900293217],[-123.44905154717463,48.57609312213974],[-123.44720390945166,48.576595084567884]]]},"properties":{"DAUID":"59170455","DGUID":"2021S051259170455","LANDAREA":0.2557,"PRUID":"59","CMA":"Victoria"}},
{"type":"Feature","geometry":{"type":"Polygon","coordinates":[[[-123.4580169178638,48.57243219622611],[-123.45803901409552,48.57603900293217],[-123.45842260284114,48.57788461006628],[-123.46376378272313,48.57788339388581],[-123.4648009947284,48.57639169858232],[-123.46446878783962,48.575017902351405],[-123.46153080768443,48.5732780908222],[-123.4620005965015,48.57176569460694],[-123.4580100939045,48.57175591251725],[-123.4580169178638,48.57243219622611]]]},"properties":{"DAUID":"59170456","DGUID":"2021S051259170456","LANDAREA":0.2603,"PRUID":"59","CMA":"Victoria"}},
{"type":"Feature","geometry":{"type":"Polygon","coordinates":[[[-123.45848294734976,48.57962057678323],[-123.46860569951734,48.579716298019456],[-123.46862325387717,48.579112660867054],[-123.46747556712602,48.57825407064196],[-123.46588483148362,48.577882601032314],[-123.46376378272313,48.57788339388581],[-123.45842260284114,48.57788461006628],[-123.45652490388281,48.57788608431648],[-123.45659660350479,48.57861449420652],[-123.45842540763842,48.57871139018737],[-123.45848294734976,48.57962057678323]]]},"properties":{"DAUID":"59170457","DGUID":"2021S051259170457","LANDAREA":0.1499,"PRUID":"59","CMA":"Victoria"}},
{"type":"Feature","geometry":{"type":"Polygon","coordinates":[[[-123.45177625390592,48.579670973927186],[-123.45153801578853,48.57974638951966],[-123.44120403059634,48.57971423423714],[-123.44123237626933,48.581358462616244],[-123.44435998383122,48.58142818296158],[-123.44432809138033,48.5869479065395],[-123.44370748975408,48.59071272495233],[-123.46197948652079,48.59070844508421],[-123.46588195500091,48.590501526666536],[-123.46550272805348,48.589305559365826],[-123.4668345221089,48.58669926077471],[-123.46582963474289,48.58502156220397],[-123.46583776300943,48.58304186657356],[-123.4695235261696,48.581354256305],[-123.4702473349872,48.579769277167365],[-123.47007141864354,48.57976318136116],[-123.46986803007674,48.57975564778077],[-123.46860569951734,48.579716298019456],[-123.45848294734976,48.57962057678323],[-123.45177625390592,48.579670973927186]]]},"properties":{"DAUID":"59170458","DGUID":"2021S051259170458","LANDAREA":2.0887,"PRUID":"59","CMA":"Victoria"}},
{"type":"Feature","geometry":{"type":"Polygon","coordinates":[[[-123.41734492190916,48.529072624717166],[-123.41821161654552,48.52964189863701],[-123.41938799194,48.532435856993516],[-123.42128399052382,48.534165296688634],[-123.42418577134588,48.53595426736569],[-123.42476270603586,48.5372026101291],[-123.4275626050772,48.53967421067751],[-123.42746790446834,48.54141209729804],[-123.4285819222599,48.54330539860935],[-123.42955050401856,48.54578489268542],[-123.42923861065766,48.54709008483709],[-123.43150589046165,48.551085012870004],[-123.43166480436935,48.554479338631964],[-123.43862419839411,48.554399000170754],[-123.44416920121888,48.55449119851027],[-123.4441830685934,48.55810615613034],[-123.45167679466232,48.55802822761872],[-123.44784118734006,48.555776800050474],[-123.4468513937724,48.55456741447854],[-123.44659521871621,48.552253180751464],[-123.44844640734684,48.54864168852661],[-123.44857389980119,48.54748621200112],[-123.44745309287663,48.54600141381817],[-123.4396510207177,48.54116750576842],[-123.43849531324783,48.54008468569948],[-123.43774421214698,48.53850050148264],[-123.43793917696375,48.53640350569041],[-123.43723520447699,48.53564538190729],[-123.4385031805043,48.53097220366133],[-123.43814848905905,48.52928660377634],[-123.43699069060426,48.527849405018536],[-123.43351080155212,48.525876295153566],[-123.4311376151359,48.524094902454316],[-123.43071010777295,48.52876858369996],[-123.43021847944574,48.529103799099765],[-123.4186931124673,48.528997234295],[-123.41734492190916,48.529072624717166]]]},"properties":{"DAUID":"59170463","DGUID":"2021S051259170463","LANDAREA":3.5692,"PRUID":"59","CMA":"Victoria"}},
{"type":"Feature","geometry":{"type":"Polygon","coordinates":[[[-123.4035243932821,48.55069471464302],[-123.41720688942273,48.55066330639452],[-123.42983094178638,48.55048541301777],[-123.42982970646783,48.55448464369712],[-123.43166480436935,48.554479338631964],[-123.43150589046165,48.551085012870004],[-123.42923861065766,48.54709008483709],[-123.42955050401856,48.54578489268542],[-123.4285819222599,48.54330539860935],[-123.42746790446834,48.54141209729804],[-123.4275626050772,48.53967421067751],[-123.42476270603586,48.5372026101291],[-123.41736998143247,48.53822490198266],[-123.41734510639591,48.539865205614674],[-123.41267491217387,48.539891184818075],[-123.41154451479166,48.540822094842625],[-123.40959861334113,48.53992889932918],[-123.40700779452521,48.539255211671744],[-123.40634278593832,48.53757459367001],[-123.40512049064239,48.53668360086367],[-123.40145811028277,48.536341597591104],[-123.3902153850941,48.53629830510083],[-123.39023256995675,48.53738074418855],[-123.38939315870708,48.53788574295774],[-123.3899485419795,48.541683594989024],[-123.39116340159872,48.54625141579748],[-123.3921240979305,48.55062529721191],[-123.39668475507413,48.550467809461054],[-123.4035243932821,48.55069471464302]]]},"properties":{"DAUID":"59170464","DGUID":"2021S051259170464","LANDAREA":4.0285,"PRUID":"59","CMA":"Victoria"}},
{"type":"Feature","geometry":{"type":"Polygon","coordinates":[[[-123.41087919056184,48.509006405865286],[-123.41180300100356,48.51039940122386],[-123.41169351021085,48.51227499759797],[-123.41038610633186,48.51491648161223],[-123.40962538357884,48.517816607697554],[-123.41099971526165,48.52043789704871],[-123.41109680671835,48.5222914021353],[-123.41336529893759,48.52488220569025],[-123.41563368777481,48.525729093682884],[-123.41703170419424,48.52587769340355],[-123.41734492190916,48.529072624717166],[-123.4186931124673,48.528997234295],[-123.43021847944574,48.529103799099765],[-123.43071010777295,48.52876858369996],[-123.4311376151359,48.524094902454316],[-123.43154519463896,48.52385869161394],[-123.43849609247049,48.52383100286195],[-123.4392088889409,48.523401903231324],[-123.43949190171656,48.521799290275744],[-123.43890541449103,48.5200259961011],[-123.43788720602714,48.519357715783336],[-123.43597142348467,48.51890733687307],[-123.43326133990521,48.51871064996032],[-123.4311373917192,48.5188983371097],[-123.42875050814091,48.51854762972792],[-123.42890189278299,48.51723357755898],[-123.42803766300673,48.515914325489824],[-123.42654131883508,48.51510122572641],[-123.42601891028308,48.514167517434316],[-123.42425668586533,48.513650995857226],[-123.4217375899537,48.51361510536898],[-123.41887571710313,48.51317578686127],[-123.41709218127137,48.512199168353376],[-123.41580128660286,48.51101539184693],[-123.41248016728643,48.509462890797096],[-123.41087919056184,48.509006405865286]]]},"properties":{"DAUID":"59170466","DGUID":"2021S051259170466","LANDAREA":2.6923,"PRUID":"59","CMA":"Victoria"}},
{"type":"Feature","geometry":{"type":"Polygon","coordinates":[[[-123.3880001013091,48.499121870122686],[-123.38592603053712,48.50192463269701],[-123.38913818696182,48.502415801873795],[-123.39055590818558,48.50295209043569],[-123.39624691120021,48.503515792094575],[-123.39250362262007,48.498885550850616],[-123.393868822542,48.498242825022864],[-123.39058060400895,48.49693114281803],[-123.38995092588155,48.49627089951195],[-123.3880001013091,48.499121870122686]]]},"properties":{"DAUID":"59170468","DGUID":"2021S051259170468","LANDAREA":0.2938,"PRUID":"59","CMA":"Victoria"}},
{"type":"Feature","geometry":{"type":"Polygon","coordinates":[[[-123.41709218127137,48.512199168353376],[-123.41887571710313,48.51317578686127],[-123.4217375899537,48.51361510536898],[-123.42425668586533,48.513650995857226],[-123.42601891028308,48.514167517434316],[-123.42654131883508,48.51510122572641],[-123.42803766300673,48.515914325489824],[-123.42890189278299,48.51723357755898],[-123.42875050814091,48.51854762972792],[-123.4311373917192,48.5188983371097],[-123.43326133990521,48.51871064996032],[-123.43597142348467,48.51890733687307],[-123.43788720602714,48.519357715783336],[-123.43890541449103,48.5200259961011],[-123.43949190171656,48.521799290275744],[-123.44255669794427,48.519204410378016],[-123.44319861146047,48.5167646036628],[-123.44601270632248,48.51642036705028],[-123.44816129954906,48.51498435009749],[-123.44909098320542,48.51208897620726],[-123.45015329016661,48.51006320856692],[-123.4488504124388,48.50911220478709],[-123.44790939888894,48.507192508033164],[-123.44505832134796,48.50580920665383],[-123.44475836130788,48.50402194438295],[-123.43894771818863,48.50398036772958],[-123.4259836215716,48.50309882095226],[-123.42586922758322,48.50251356212111],[-123.42738930793773,48.50129931989437],[-123.42716579109826,48.50077629902449],[-123.41926069586273,48.49871770665324],[-123.41923711851598,48.50083496765302],[-123.42137551926812,48.50089450534028],[-123.42291229739331,48.50138539991057],[-123.42145401363051,48.5034662006933],[-123.42202738385568,48.50363160080681],[-123.41709218127137,48.512199168353376]]]},"properties":{"DAUID":"59170469","DGUID":"2021S051259170469","LANDAREA":2.6478,"PRUID":"59","CMA":"Victoria"}},
{"type":"Feature","geometry":{"type":"Polygon","coordinates":[[[-123.44475836130788,48.50402194438295],[-123.45631367491508,48.503971706871994],[-123.45813233643413,48.50379269178732],[-123.45908446255234,48.49862927459128],[-123.45689418929854,48.497702114017336],[-123.45650320654595,48.49350598474691],[-123.45676043160485,48.490393743804844],[-123.45648093498649,48.48061786165262],[-123.45739328142065,48.47202479318363],[-123.45515671902125,48.46998246080579],[-123.45411184328592,48.46831326260338],[-123.45469423503744,48.46670105139578],[-123.45380603645795,48.465786772276914],[-123.45226178811096,48.4654360067039],[-123.4490126813689,48.46833565866526],[-123.44428190164228,48.466374615626876],[-123.44335024748794,48.46879402711729],[-123.44146825851779,48.47087936649272],[-123.4380148897994,48.47287442468561],[-123.4360463863468,48.47502879448291],[-123.43587099293934,48.476643106488346],[-123.43469918555003,48.47827390115558],[-123.43445129712566,48.48077471429997],[-123.43635057964808,48.48199109816314],[-123.43670458049048,48.48408169356624],[-123.43443219672305,48.48525390473352],[-123.42723490114408,48.48467729522811],[-123.41831383806525,48.483964150825194],[-123.41793204390066,48.48659092591268],[-123.41553658038997,48.48639727586841],[-123.41621601414042,48.487930516663106],[-123.4183041492555,48.48934837024179],[-123.41967379810151,48.491603504636956],[-123.41926069586273,48.49871770665324],[-123.42716579109826,48.50077629902449],[-123.42738930793773,48.50129931989437],[-123.42586922758322,48.50251356212111],[-123.4259836215716,48.50309882095226],[-123.43894771818863,48.50398036772958],[-123.44475836130788,48.50402194438295]]]},"properties":{"DAUID":"59170470","DGUID":"2021S051259170470","LANDAREA":8.408,"PRUID":"59","CMA":"Victoria"}},
{"type":"Feature","geometry":{"type":"Polygon","coordinates":[[[-123.45167679466232,48.55802822761872],[-123.455169554185,48.55910096195572],[-123.45837630158208,48.558907742144335],[-123.4577621813533,48.55121854557989],[-123.46056877151662,48.55116144325625],[-123.46336213552861,48.553479044387515],[-123.46616664320197,48.5537533987932],[-123.46908734596036,48.55548435399019],[-123.4714412532432,48.55726613791078],[-123.47165737280947,48.55119596502195],[-123.47459937499454,48.54875902310216],[-123.46990336148103,48.54652209343306],[-123.46961720276083,48.54399740609004],[-123.4777864355961,48.544144069322634],[-123.47773746263418,48.537298366583805],[-123.47276555464731,48.53732551706454],[-123.47248001859764,48.52279221451088],[-123.46361173992733,48.52316843748409],[-123.46345562772575,48.51439272285307],[-123.4583009672401,48.514669612836364],[-123.45813233643413,48.50379269178732],[-123.45631367491508,48.503971706871994],[-123.44475836130788,48.50402194438295],[-123.44505832134796,48.50580920665383],[-123.44790939888894,48.507192508033164],[-123.4488504124388,48.50911220478709],[-123.45015329016661,48.51006320856692],[-123.44909098320542,48.51208897620726],[-123.44816129954906,48.51498435009749],[-123.44601270632248,48.51642036705028],[-123.44319861146047,48.5167646036628],[-123.44255669794427,48.519204410378016],[-123.43949190171656,48.521799290275744],[-123.4392088889409,48.523401903231324],[-123.43849609247049,48.52383100286195],[-123.43154519463896,48.52385869161394],[-123.4311376151359,48.524094902454316],[-123.43351080155212,48.525876295153566],[-123.43699069060426,48.527849405018536],[-123.43814848905905,48.52928660377634],[-123.4385031805043,48.53097220366133],[-123.43723520447699,48.53564538190729],[-123.43793917696375,48.53640350569041],[-123.43774421214698,48.53850050148264],[-123.43849531324783,48.54008468569948],[-123.4396510207177,48.54116750576842],[-123.44745309287663,48.54600141381817],[-123.44857389980119,48.54748621200112],[-123.44844640734684,48.54864168852661],[-123.44659521871621,48.552253180751464],[-123.4468513937724,48.55456741447854],[-123.44784118734006,48.555776800050474],[-123.45167679466232,48.55802822761872]]]},"properties":{"DAUID":"59170471","DGUID":"2021S051259170471","LANDAREA":10.8568,"PRUID":"59","CMA":"Victoria"}},
{"type":"Feature","geometry":{"type":"Polygon","coordinates":[[[-123.5093681927378,48.464503297816684],[-123.50971528688483,48.465473608396834],[-123.50920348769483,48.46729471310002],[-123.50622938410798,48.46666749806393],[-123.50300627486898,48.46459430675379],[-123.50030152016592,48.46449630684737],[-123.50184702145144,48.46762377684084],[-123.5016988168615,48.46876544303567],[-123.50209573108293,48.469712567771985],[-123.50535469647619,48.47139255347869],[-123.50817278973614,48.47352372071291],[-123.50937749054108,48.47546561366038],[-123.51062375845784,48.47555362669082],[-123.51595025453095,48.47499118364617],[-123.52006290459704,48.47510109322356],[-123.52437823930795,48.47486896789286],[-123.5246931314832,48.47515694382374],[-123.52468373796799,48.47870107420988],[-123.5272162874272,48.47886915362794],[-123.53432919894175,48.47872413428067],[-123.5346554098869,48.485941382233854],[-123.53129674858816,48.485945753284014],[-123.53250210705968,48.494290097476785],[-123.53360620152225,48.498774038607145],[-123.54729925299998,48.49724146189957],[-123.54727235751653,48.496148059332015],[-123.54824282098703,48.495720762255],[-123.54847165162877,48.49440625732795],[-123.55058811993844,48.491030860208554],[-123.55044842762341,48.48944856339216],[-123.5491814345973,48.488789153136004],[-123.54833908009049,48.487108809201594],[-123.54457864700419,48.487060610124566],[-123.54633310544686,48.48435927986752],[-123.5477903824086,48.48380023076929],[-123.54834525501231,48.485167356488155],[-123.55133375722076,48.48499076656582],[-123.55204293246992,48.48556335296932],[-123.55340541871239,48.488742163277706],[-123.5537353312574,48.49050386120574],[-123.55344093810912,48.49209757445152],[-123.55228484694695,48.49290365201527],[-123.55284814534393,48.49482635031742],[-123.55236241669147,48.496276257188015],[-123.55315203270258,48.49667787035104],[-123.55375333958358,48.49838406350342],[-123.55386675340044,48.500101662232844],[-123.55115245274409,48.50447826326227],[-123.55181384857015,48.505500867332884],[-123.55178863243434,48.50687666939507],[-123.5478735951336,48.50823939064281],[-123.54869711816805,48.507989735408856],[-123.55708422843215,48.50783365694674],[-123.55681821748922,48.50618840088802],[-123.55516158765832,48.50443529401692],[-123.55688854826374,48.504464312916646],[-123.55688234632102,48.50332279157321],[-123.5575748332938,48.5023116892497],[-123.55712986048698,48.497527580035054],[-123.55936613658704,48.49451799934218],[-123.55839974888562,48.49240257768496],[-123.55898006120154,48.490285785364186],[-123.5581515329713,48.48822038563485],[-123.55793112688943,48.485323788433334],[-123.55824265658612,48.484146594726575],[-123.55664572092039,48.48176538438818],[-123.55502575195027,48.48080168331356],[-123.55295825234965,48.47786618318085],[-123.5544844444143,48.4737764971777],[-123.55752756057989,48.47207478723244],[-123.5578563520994,48.471200491332056],[-123.55730282593393,48.46770358596913],[-123.55811593011927,48.466601976181764],[-123.56049842730307,48.46553768853053],[-123.56439525594267,48.46544667966841],[-123.56750655069045,48.46425298591175],[-123.57167914769633,48.4636205851371],[-123.57351435380646,48.46246897902694],[-123.57371945814941,48.46101618987677],[-123.57281645291798,48.4599547799715],[-123.5704810391985,48.45931718823947],[-123.56549526577564,48.459038341925734],[-123.56342193747575,48.45907832705352],[-123.55665898920503,48.45883899503338],[-123.55512579837406,48.45976839795459],[-123.55318282418106,48.4592249123116],[-123.55157269122431,48.45929409820479],[-123.54963253279112,48.459946280019814],[-123.54732735155233,48.460268948580286],[-123.54587731012678,48.4600351987253],[-123.5428765898621,48.460270960832055],[-123.54155730367646,48.4598185900983],[-123.52886344331996,48.45955784142481],[-123.52681197394212,48.459642656180336],[-123.52673996322552,48.458547527087184],[-123.52488114716944,48.459221708021715],[-123.52601820912501,48.46498071200321],[-123.51458693406633,48.4659143779061],[-123.51235633063185,48.46737507192738],[-123.5093681927378,48.464503297816684]]]},"properties":{"DAUID":"59170472","DGUID":"2021S051259170472","LANDAREA":11.0259,"PRUID":"59","CMA":"Victoria"}},
{"type":"Feature","geometry":{"type":"Polygon","coordinates":[[[-123.54833908009049,48.487108809201594],[-123.54786533187075,48.48597065290691],[-123.54834525501231,48.485167356488155],[-123.5477903824086,48.48380023076929],[-123.54633310544686,48.48435927986752],[-123.54457864700419,48.487060610124566],[-123.54833908009049,48.487108809201594]]]},"properties":{"DAUID":"59170473","DGUID":"2021S051259170473","LANDAREA":0.0663,"PRUID":"59","CMA":"Victoria"}},
{"type":"Feature","geometry":{"type":"Polygon","coordinates":[[[-123.56549526577564,48.459038341925734],[-123.56380795689968,48.45886418717224],[-123.56182293002107,48.45805519069684],[-123.55820536956809,48.45565312473606],[-123.55563254148028,48.45470247953316],[-123.55299288230869,48.4542891681762],[-123.55284990620615,48.45582506865576],[-123.55318282418106,48.4592249123116],[-123.55512579837406,48.45976839795459],[-123.55665898920503,48.45883899503338],[-123.56342193747575,48.45907832705352],[-123.56549526577564,48.459038341925734]]]},"properties":{"DAUID":"59170475","DGUID":"2021S051259170475","LANDAREA":0.2707,"PRUID":"59","CMA":"Victoria"}},
{"type":"Feature","geometry":{"type":"Polygon","coordinates":[[[-123.55318282418106,48.4592249123116],[-123.55284990620615,48.45582506865576],[-123.55123889982778,48.45552179183314],[-123.5489627014568,48.45456119163873],[-123.54784038639619,48.455115906099685],[-123.54661681346208,48.457364389259126],[-123.54713908283321,48.458693801913704],[-123.54935320411575,48.45903270659969],[-123.54963253279112,48.459946280019814],[-123.55157269122431,48.45929409820479],[-123.55318282418106,48.4592249123116]]]},"properties":{"DAUID":"59170476","DGUID":"2021S051259170476","LANDAREA":0.2065,"PRUID":"59","CMA":"Victoria"}},
{"type":"Feature","geometry":{"type":"Polygon","coordinates":[[[-123.55820536956809,48.45565312473606],[-123.560202398811,48.452670158185796],[-123.562919022796,48.44589118239858],[-123.56163167477517,48.44541645785078],[-123.56561069880307,48.439197699013675],[-123.57145145000725,48.438626856005875],[-123.57117380195537,48.432280523777074],[-123.56980944514454,48.43183499463609],[-123.57462350054968,48.4270302267673],[-123.57483070104185,48.425904201851786],[-123.57150047962253,48.424726116564386],[-123.56474901650496,48.42285851294089],[-123.56637702267942,48.42042380810285],[-123.56331443353464,48.41945645292945],[-123.56439162683182,48.41774106051594],[-123.56123603483354,48.41713577126302],[-123.56003453491236,48.41603487599618],[-123.55912244001527,48.41423177104791],[-123.55733543700978,48.411522967710916],[-123.55641745075353,48.410674023440286],[-123.5454850888386,48.40809114048786],[-123.54490298540016,48.40940391078589],[-123.54016621254843,48.40919042925884],[-123.53905118481347,48.41056297061065],[-123.53344469681942,48.41312240068408],[-123.53304349317612,48.41378040533077],[-123.53309819745294,48.416146096815666],[-123.53298881616739,48.421994163827],[-123.5325868842944,48.42470809265366],[-123.5330036250479,48.4252020500131],[-123.53668389772116,48.425903586100695],[-123.5346500826533,48.43067969749042],[-123.53517588939035,48.43154049411409],[-123.53812662521263,48.43105414099805],[-123.53441388598564,48.438479825202265],[-123.53361784519916,48.43918361876871],[-123.53001892916946,48.44050439062473],[-123.52710049580169,48.442468806006524],[-123.528172583833,48.44201977170978],[-123.53163182340073,48.441763325540094],[-123.53436194151718,48.442370105237146],[-123.53619679487315,48.4421745168452],[-123.53944749031042,48.44327312371734],[-123.54376457252516,48.443448438397596],[-123.54456430354871,48.44432780395566],[-123.55142588156835,48.4475344153167],[-123.55255809167326,48.44782479638259],[-123.55348420565238,48.4492302996489],[-123.55326479414637,48.45046950036101],[-123.55436122816795,48.45223687281792],[-123.55299288230869,48.4542891681762],[-123.55563254148028,48.45470247953316],[-123.55820536956809,48.45565312473606]]]},"properties":{"DAUID":"59170478","DGUID":"2021S051259170478","LANDAREA":9.7516,"PRUID":"59","CMA":"Victoria"}},
{"type":"Feature","geometry":{"type":"Polygon","coordinates":[[[-123.53517588939035,48.43154049411409],[-123.53251570596461,48.432305398130396],[-123.53033550642614,48.4333591976947],[-123.52955050106695,48.4324995825746],[-123.52609908716212,48.43360479690661],[-123.52513799180139,48.43479788790632],[-123.52709540417895,48.43800871722065],[-123.53001892916946,48.44050439062473],[-123.53361784519916,48.43918361876871],[-123.53441388598564,48.438479825202265],[-123.53812662521263,48.43105414099805],[-123.53517588939035,48.43154049411409]]]},"properties":{"DAUID":"59170479","DGUID":"2021S051259170479","LANDAREA":0.5478,"PRUID":"59","CMA":"Victoria"}},
{"type":"Feature","geometry":{"type":"Polygon","coordinates":[[[-123.5325868842944,48.42470809265366],[-123.53099196515197,48.426019387637474],[-123.52912094208904,48.4298483743178],[-123.52776288022422,48.431049364855106],[-123.52484547157783,48.433116519535574],[-123.52609908716212,48.43360479690661],[-123.52955050106695,48.4324995825746],[-123.53033550642614,48.4333591976947],[-123.53251570596461,48.432305398130396],[-123.53517588939035,48.43154049411409],[-123.5346500826533,48.43067969749042],[-123.53668389772116,48.425903586100695],[-123.5330036250479,48.4252020500131],[-123.5325868842944,48.42470809265366]]]},"properties":{"DAUID":"59170480","DGUID":"2021S051259170480","LANDAREA":0.3957,"PRUID":"59","CMA":"Victoria"}},
{"type":"Feature","geometry":{"type":"Polygon","coordinates":[[[-123.52776288022422,48.431049364855106],[-123.52565282858228,48.43011635535561],[-123.52368431798915,48.428749281239234],[-123.52192269389407,48.42876667766166],[-123.52015199743876,48.42972795387088],[-123.5175881260109,48.430186325318886],[-123.51522569125923,48.43391649661592],[-123.52094021342651,48.432708702872084],[-123.52484547157783,48.433116519535574],[-123.52776288022422,48.431049364855106]]]},"properties":{"DAUID":"59170481","DGUID":"2021S051259170481","LANDAREA":0.2919,"PRUID":"59","CMA":"Victoria"}},
{"type":"Feature","geometry":{"type":"Polygon","coordinates":[[[-123.53001892916946,48.44050439062473],[-123.52709540417895,48.43800871722065],[-123.52513799180139,48.43479788790632],[-123.52609908716212,48.43360479690661],[-123.52484547157783,48.433116519535574],[-123.52094021342651,48.432708702872084],[-123.51522569125923,48.43391649661592],[-123.51382752975998,48.43647487913163],[-123.5072296716033,48.43775862474893],[-123.50710467857046,48.43826150623485],[-123.50950931267398,48.43883134899971],[-123.51047939172692,48.43988565606247],[-123.51170315183506,48.44035733648641],[-123.5128821036248,48.440633601143496],[-123.51388750041995,48.43960661515667],[-123.5156719110889,48.44006329716035],[-123.51673820402462,48.438262282548294],[-123.51857930690969,48.43879509639252],[-123.52321100648248,48.44172960400983],[-123.5242243977456,48.44232401641322],[-123.52710049580169,48.442468806006524],[-123.53001892916946,48.44050439062473]]]},"properties":{"DAUID":"59170482","DGUID":"2021S051259170482","LANDAREA":0.7537,"PRUID":"59","CMA":"Victoria"}},
{"type":"Feature","geometry":{"type":"Polygon","coordinates":[[[-123.5128821036248,48.440633601143496],[-123.5150175089279,48.44116609195029],[-123.5208937005862,48.441833109559184],[-123.52321100648248,48.44172960400983],[-123.51857930690969,48.43879509639252],[-123.51673820402462,48.438262282548294],[-123.5156719110889,48.44006329716035],[-123.51388750041995,48.43960661515667],[-123.5128821036248,48.440633601143496]]]},"properties":{"DAUID":"59170483","DGUID":"2021S051259170483","LANDAREA":0.1476,"PRUID":"59","CMA":"Victoria"}},
{"type":"Feature","geometry":{"type":"Polygon","coordinates":[[[-123.51522569125923,48.43391649661592],[-123.51103580157847,48.43276309000171],[-123.50453823407292,48.4295243222217],[-123.50265026197893,48.42970978090652],[-123.49682029519792,48.43245770074346],[-123.50091352220896,48.43372400438503],[-123.49903060446674,48.436972699899044],[-123.5032371418122,48.43805914635049],[-123.50448418393967,48.437656832364574],[-123.5072296716033,48.43775862474893],[-123.51382752975998,48.43647487913163],[-123.51522569125923,48.43391649661592]]]},"properties":{"DAUID":"59170484","DGUID":"2021S051259170484","LANDAREA":0.757,"PRUID":"59","CMA":"Victoria"}},
{"type":"Feature","geometry":{"type":"Polygon","coordinates":[[[-123.5175881260109,48.430186325318886],[-123.51138435775444,48.42867393928215],[-123.51261146414734,48.425511211145725],[-123.51079347171522,48.42672916739139],[-123.5097962168174,48.426092495646685],[-123.51003402752507,48.42508631034585],[-123.51151757598011,48.424147304120524],[-123.50900119836338,48.42248750379794],[-123.50637408898199,48.42502899890734],[-123.50543278087724,48.427017797288556],[-123.50541170859529,48.42902822164566],[-123.50453823407292,48.4295243222217],[-123.51103580157847,48.43276309000171],[-123.51522569125923,48.43391649661592],[-123.5175881260109,48.430186325318886]]]},"properties":{"DAUID":"59170485","DGUID":"2021S051259170485","LANDAREA":0.5399,"PRUID":"59","CMA":"Victoria"}},
{"type":"Feature","geometry":{"type":"Polygon","coordinates":[[[-123.48815200196312,48.43065538598925],[-123.49056840391816,48.431269988896794],[-123.48948589584626,48.43315609997409],[-123.49269759097773,48.43429800508553],[-123.4957600840054,48.43285697793773],[-123.49481827760061,48.43046259998903],[-123.49345451584897,48.428675501127394],[-123.49058287484944,48.4262926153254],[-123.48815200196312,48.43065538598925]]]},"properties":{"DAUID":"59170488","DGUID":"2021S051259170488","LANDAREA":0.2688,"PRUID":"59","CMA":"Victoria"}},
{"type":"Feature","geometry":{"type":"Polygon","coordinates":[[[-123.48365638483807,48.438207079950594],[-123.48614410520601,48.437333096216236],[-123.48802709580195,48.436232546687236],[-123.48980627481852,48.4379249152266],[-123.49171080323885,48.43712958701164],[-123.49382001859132,48.437589000179166],[-123.49542971441059,48.435199508299036],[-123.4957600840054,48.43285697793773],[-123.49269759097773,48.43429800508553],[-123.48948589584626,48.43315609997409],[-123.49056840391816,48.431269988896794],[-123.48815200196312,48.43065538598925],[-123.48597040260735,48.43450920806244],[-123.48365638483807,48.438207079950594]]]},"properties":{"DAUID":"59170489","DGUID":"2021S051259170489","LANDAREA":0.356,"PRUID":"59","CMA":"Victoria"}},
{"type":"Feature","geometry":{"type":"Polygon","coordinates":[[[-123.49682029519792,48.43245770074346],[-123.4957600840054,48.43285697793773],[-123.49542971441059,48.435199508299036],[-123.49382001859132,48.437589000179166],[-123.49804292176756,48.438678900939315],[-123.49903060446674,48.436972699899044],[-123.50091352220896,48.43372400438503],[-123.49682029519792,48.43245770074346]]]},"properties":{"DAUID":"59170490","DGUID":"2021S051259170490","LANDAREA":0.2059,"PRUID":"59","CMA":"Victoria"}},
{"type":"Feature","geometry":{"type":"Polygon","coordinates":[[[-123.47727870656806,48.43989700750694],[-123.47742129881455,48.44020959309588],[-123.48393150718026,48.44143040497103],[-123.48846291257114,48.44149380003249],[-123.49334489079672,48.44056790807455],[-123.49611489940217,48.440123907673375],[-123.49830061725302,48.4406958944945],[-123.49901899772719,48.43948829276493],[-123.502074412366,48.43879839596484],[-123.5032371418122,48.43805914635049],[-123.49903060446674,48.436972699899044],[-123.49804292176756,48.438678900939315],[-123.49382001859132,48.437589000179166],[-123.49171080323885,48.43712958701164],[-123.48980627481852,48.4379249152266],[-123.48802709580195,48.436232546687236],[-123.48614410520601,48.437333096216236],[-123.48365638483807,48.438207079950594],[-123.47727870656806,48.43989700750694]]]},"properties":{"DAUID":"59170491","DGUID":"2021S051259170491","LANDAREA":0.556,"PRUID":"59","CMA":"Victoria"}},
{"type":"Feature","geometry":{"type":"Polygon","coordinates":[[[-123.49719612916783,48.44413604844429],[-123.49938384323482,48.442688186510644],[-123.49961394099346,48.442122208831066],[-123.50201269789524,48.440777410360774],[-123.50134453486825,48.43985918488966],[-123.502074412366,48.43879839596484],[-123.49901899772719,48.43948829276493],[-123.49830061725302,48.4406958944945],[-123.49611489940217,48.440123907673375],[-123.49334489079672,48.44056790807455],[-123.49457728703815,48.443468192245874],[-123.49719612916783,48.44413604844429]]]},"properties":{"DAUID":"59170492","DGUID":"2021S051259170492","LANDAREA":0.201,"PRUID":"59","CMA":"Victoria"}},
{"type":"Feature","geometry":{"type":"Polygon","coordinates":[[[-123.4905314118219,48.44565024498734],[-123.48922470547157,48.44641280023228],[-123.49267648840546,48.44668389049135],[-123.4954652328141,48.447393726877046],[-123.49562769113439,48.44746161022003],[-123.49580857471696,48.44710426578703],[-123.50842633942064,48.44472008328817],[-123.50908092743879,48.44477154266191],[-123.51170315183506,48.44035733648641],[-123.51047939172692,48.43988565606247],[-123.50950931267398,48.43883134899971],[-123.50710467857046,48.43826150623485],[-123.5072296716033,48.43775862474893],[-123.50448418393967,48.437656832364574],[-123.5032371418122,48.43805914635049],[-123.502074412366,48.43879839596484],[-123.50134453486825,48.43985918488966],[-123.50201269789524,48.440777410360774],[-123.49961394099346,48.442122208831066],[-123.49938384323482,48.442688186510644],[-123.49719612916783,48.44413604844429],[-123.49163592162687,48.44562511657824],[-123.4905314118219,48.44565024498734]]]},"properties":{"DAUID":"59170493","DGUID":"2021S051259170493","LANDAREA":0.7545,"PRUID":"59","CMA":"Victoria"}},
{"type":"Feature","geometry":{"type":"Polygon","coordinates":[[[-123.49058287484944,48.4262926153254],[-123.49133107155355,48.42503160094115],[-123.49286511441514,48.42230680284147],[-123.4876047050124,48.42107016310346],[-123.48697253459325,48.42194881623864],[-123.48771877232062,48.42304878180213],[-123.48916417835363,48.425238187828796],[-123.49058287484944,48.4262926153254]]]},"properties":{"DAUID":"59170494","DGUID":"2021S051259170494","LANDAREA":0.1327,"PRUID":"59","CMA":"Victoria"}},
{"type":"Feature","geometry":{"type":"Polygon","coordinates":[[[-123.48771877232062,48.42304878180213],[-123.48697253459325,48.42194881623864],[-123.4876047050124,48.42107016310346],[-123.49286511441514,48.42230680284147],[-123.49339710859404,48.42176479678081],[-123.49318421523971,48.42150449523607],[-123.4922919040522,48.4212363000966],[-123.49321860019116,48.419506097764],[-123.48896640478374,48.41849271176926],[-123.4882651124141,48.41983690777526],[-123.48492119167676,48.41896931300658],[-123.48534046265122,48.41996403392367],[-123.48047089854968,48.420768049663906],[-123.48771877232062,48.42304878180213]]]},"properties":{"DAUID":"59170495","DGUID":"2021S051259170495","LANDAREA":0.2194,"PRUID":"59","CMA":"Victoria"}},
{"type":"Feature","geometry":{"type":"Polygon","coordinates":[[[-123.49339710859404,48.42176479678081],[-123.49472160391949,48.42131100715375],[-123.49540700845203,48.419575981705464],[-123.49863959896541,48.42020701241736],[-123.50063048319865,48.42113051061],[-123.50276770016123,48.42119988582966],[-123.50267420466803,48.42005880236251],[-123.50146072215456,48.41843670102798],[-123.50003882338957,48.41905239763032],[-123.49830158392302,48.417924696657366],[-123.49534288984867,48.41762840270418],[-123.49318421523971,48.42150449523607],[-123.49339710859404,48.42176479678081]]]},"properties":{"DAUID":"59170498","DGUID":"2021S051259170498","LANDAREA":0.1554,"PRUID":"59","CMA":"Victoria"}},
{"type":"Feature","geometry":{"type":"Polygon","coordinates":[[[-123.53309819745294,48.416146096815666],[-123.5271282833252,48.41467220444341],[-123.52468158694741,48.41464470324011],[-123.52180899509725,48.41368480153562],[-123.51868160270521,48.41189990552124],[-123.51693119029478,48.41145759006509],[-123.5143094940432,48.41407251312752],[-123.51169610365373,48.41329149721603],[-123.51119736791158,48.414595334428846],[-123.51131950540471,48.41527908855693],[-123.51514047216472,48.4187947696854],[-123.5147666707448,48.421596796846416],[-123.51261146414734,48.425511211145725],[-123.51138435775444,48.42867393928215],[-123.5175881260109,48.430186325318886],[-123.52015199743876,48.42972795387088],[-123.52192269389407,48.42876667766166],[-123.52368431798915,48.428749281239234],[-123.52565282858228,48.43011635535561],[-123.52776288022422,48.431049364855106],[-123.52912094208904,48.4298483743178],[-123.53099196515197,48.426019387637474],[-123.5325868842944,48.42470809265366],[-123.53298881616739,48.421994163827],[-123.53309819745294,48.416146096815666]]]},"properties":{"DAUID":"59170501","DGUID":"2021S051259170501","LANDAREA":2.4549,"PRUID":"59","CMA":"Victoria"}},
{"type":"Feature","geometry":{"type":"Polygon","coordinates":[[[-123.54016621254843,48.40919042925884],[-123.53990852291572,48.40855895638303],[-123.53606536779384,48.40713495880806],[-123.53265750699651,48.40639218207967],[-123.52909022811845,48.40670700384078],[-123.52521723607643,48.40457207603253],[-123.51802790584927,48.40275550149219],[-123.51390039605896,48.41051172740767],[-123.51284719720834,48.4130540515622],[-123.51169610365373,48.41329149721603],[-123.5143094940432,48.41407251312752],[-123.51693119029478,48.41145759006509],[-123.51868160270521,48.41189990552124],[-123.52180899509725,48.41368480153562],[-123.52468158694741,48.41464470324011],[-123.5271282833252,48.41467220444341],[-123.53309819745294,48.416146096815666],[-123.53304349317612,48.41378040533077],[-123.53344469681942,48.41312240068408],[-123.53905118481347,48.41056297061065],[-123.54016621254843,48.40919042925884]]]},"properties":{"DAUID":"59170502","DGUID":"2021S051259170502","LANDAREA":1.6305,"PRUID":"59","CMA":"Victoria"}},
{"type":"Feature","geometry":{"type":"Polygon","coordinates":[[[-123.48047089854968,48.420768049663906],[-123.47740759519856,48.41939469565378],[-123.47852479563679,48.4179982931866],[-123.473843006893,48.41579270405176],[-123.47260534134588,48.416123438607286],[-123.46998634533928,48.41896584963251],[-123.46348623941284,48.42504726533765],[-123.46014345711724,48.427589458201524],[-123.45588184669707,48.43032255239632],[-123.4574116408944,48.430433558994345],[-123.4616300268512,48.42750256243226],[-123.46960673438618,48.42030886258958],[-123.47108065387785,48.42033876595422],[-123.47139782577699,48.4225420540493],[-123.4735295619002,48.42397069334332],[-123.47794330364582,48.425060689218625],[-123.47866499789869,48.42541610237165],[-123.48047089854968,48.420768049663906]]]},"properties":{"DAUID":"59170507","DGUID":"2021S051259170507","LANDAREA":0.6077,"PRUID":"59","CMA":"Victoria"}},
{"type":"Feature","geometry":{"type":"Polygon","coordinates":[[[-123.44414481980186,48.63001390572738],[-123.44897467707153,48.630227479554556],[-123.45187620815248,48.63002025896791],[-123.4580807167847,48.630049692022574],[-123.46574133405603,48.630075397121665],[-123.46440142274857,48.628992555636366],[-123.46526084392733,48.626460371631374],[-123.46656933931206,48.625745367190774],[-123.4703886329965,48.620592656620936],[-123.47118141539815,48.61897242035896],[-123.47141791576183,48.615873959800815],[-123.45893101377402,48.61616166890667],[-123.4437165267055,48.6157999125916],[-123.44384058345324,48.61940597826624],[-123.44379282774769,48.62432666148774],[-123.44414481980186,48.63001390572738]]]},"properties":{"DAUID":"59170544","DGUID":"2021S051259170544","LANDAREA":2.8179,"PRUID":"59","CMA":"Victoria"}},
{"type":"Feature","geometry":{"type":"Polygon","coordinates":[[[-123.42743050089922,48.67577751699263],[-123.42739179906314,48.67665810714144],[-123.43042102985352,48.67707378341805],[-123.436286835097,48.67703669137828],[-123.4577674948463,48.67709923242469],[-123.45784539050554,48.66795629388983],[-123.45779789061513,48.667028508890475],[-123.45681237418775,48.6662242122393],[-123.44404820550504,48.66618181377546],[-123.4441258892102,48.6626680943353],[-123.45073031571246,48.662706684087865],[-123.4496856068434,48.660675899019495],[-123.44728899538961,48.6590634089827],[-123.44577611120076,48.655388027732286],[-123.44554540112328,48.654442505446326],[-123.44463779133328,48.65518596097383],[-123.42556007963674,48.654864897021476],[-123.42543410301147,48.653427506444096],[-123.41683217245298,48.65503379436556],[-123.41680306089766,48.66348416994694],[-123.41680018260605,48.663832971876715],[-123.41678799707374,48.66615387407801],[-123.41758255992147,48.66902233678996],[-123.41827301941477,48.670427597830695],[-123.42021750940178,48.67082810364953],[-123.42262714167177,48.67177613293862],[-123.42394310961255,48.673081711416295],[-123.42434518132916,48.675026797261026],[-123.42609894345645,48.67591925316701],[-123.42743050089922,48.67577751699263]]]},"properties":{"DAUID":"59170545","DGUID":"2021S051259170545","LANDAREA":5.9755,"PRUID":"59","CMA":"Victoria"}},
{"type":"Feature","geometry":{"type":"Polygon","coordinates":[[[-123.41680306089766,48.66348416994694],[-123.41683217245298,48.65503379436556],[-123.41683027277561,48.65323529601124],[-123.41005940405005,48.653166626293896],[-123.40863871937933,48.65321470463385],[-123.408623792262,48.65532999885583],[-123.41017350632995,48.6553298957039],[-123.41015599496639,48.658727092489485],[-123.4101176991468,48.66035780324898],[-123.41258759117497,48.660369198899616],[-123.41327798059329,48.661179210158245],[-123.41236429679302,48.66258130101859],[-123.4162592933052,48.66257128211],[-123.41680306089766,48.66348416994694]]]},"properties":{"DAUID":"59170546","DGUID":"2021S051259170546","LANDAREA":0.4896,"PRUID":"59","CMA":"Victoria"}},
{"type":"Feature","geometry":{"type":"Polygon","coordinates":[[[-123.45681237418775,48.6662242122393],[-123.45802861652278,48.66593710154162],[-123.45525653752496,48.66536405953511],[-123.45111672500062,48.662561100689366],[-123.45073031571246,48.662706684087865],[-123.4441258892102,48.6626680943353],[-123.44404820550504,48.66618181377546],[-123.45681237418775,48.6662242122393]]]},"properties":{"DAUID":"59170547","DGUID":"2021S051259170547","LANDAREA":0.2894,"PRUID":"59","CMA":"Victoria"}},
{"type":"Feature","geometry":{"type":"MultiPolygon","coordinates":[[[[-123.45073031571246,48.662706684087865],[-123.45111672500062,48.662561100689366],[-123.44977774138667,48.660347961865554],[-123.44775813653892,48.6590690713037],[-123.44666824838637,48.657283047545775],[-123.44609417901188,48.65535540029982],[-123.44577611120076,48.655388027732286],[-123.44728899538961,48.6590634089827],[-123.4496856068434,48.660675899019495],[-123.45073031571246,48.662706684087865]]],[[[-123.45784539050554,48.66795629388983],[-123.47028779278571,48.667905612793156],[-123.47095589324977,48.669731503063026],[-123.47720189856024,48.66989321057579],[-123.4776480975857,48.67049868983588],[-123.48028399224212,48.67167440577136],[-123.48041897376214,48.67350740338238],[-123.48123828766961,48.675000600768655],[-123.48487819653235,48.67665688700322],[-123.4853378104102,48.67714370622981],[-123.48223278785925,48.67914978953331],[-123.4815102160814,48.67896419506394],[-123.47695860169549,48.67892759906991],[-123.47594910599317,48.678124896425835],[-123.47408929963498,48.67822947850237],[-123.47272430537974,48.67889301767185],[-123.47128021509558,48.67888400138873],[-123.47127249818172,48.680591915561145],[-123.47211521327833,48.68290599456517],[-123.47092699783735,48.68426590868823],[-123.47190460841067,48.68770718474279],[-123.47278848261415,48.68867728608617],[-123.47458320113546,48.6896166872097],[-123.48003499286193,48.69034259812642],[-123.48196901858869,48.69090368692268],[-123.48185475481594,48.691749794243556],[-123.47959891307248,48.69298680151525],[-123.4747930001975,48.69447559595934],[-123.4673399123943,48.695679596609025],[-123.46065721246846,48.695248300407066],[-123.45780550641607,48.69571660740732],[-123.45780610461517,48.69718513226901],[-123.46159833379882,48.69651005447558],[-123.46475183832102,48.696821956342085],[-123.4698846322791,48.69635196490709],[-123.47122562538536,48.69584216851726],[-123.47616882254397,48.695434757684254],[-123.48341173544587,48.69262485894434],[-123.48352315766166,48.69148266869921],[-123.4852034476879,48.68945026464498],[-123.4835639234196,48.688684063899075],[-123.48151662538727,48.68907995472842],[-123.47912685650066,48.6891611653604],[-123.4748766391163,48.68817135686103],[-123.47320122560683,48.68627996662504],[-123.47310875693955,48.68511075982793],[-123.47387254733694,48.68398275442602],[-123.47583494735042,48.683102567748065],[-123.4755534457175,48.681961773633425],[-123.47397072573024,48.68140067358472],[-123.477063940196,48.67941816961712],[-123.47976843518039,48.679631763383114],[-123.481194533559,48.68082247171242],[-123.48293955402987,48.68004196720848],[-123.48528312649779,48.678060862288945],[-123.48825074242475,48.67726616026977],[-123.48500535546437,48.67600286132918],[-123.48182516250911,48.67445906490386],[-123.48110184764745,48.672698748765576],[-123.48234213490723,48.67164196299501],[-123.47781492757697,48.669762075952185],[-123.47677453786648,48.66901007664318],[-123.47430733576338,48.66935325554559],[-123.47331273841816,48.66900714669067],[-123.47187233421981,48.66755596627511],[-123.47355943805236,48.666487773962075],[-123.47278614008056,48.66497955866339],[-123.47015593785738,48.66416206467272],[-123.46914703021682,48.66505645821717],[-123.46685642557368,48.66556056031245],[-123.46545494736388,48.66544096236838],[-123.46269153121155,48.66622566748885],[-123.46029854554646,48.66574007176918],[-123.45802861652278,48.66593710154162],[-123.45681237418775,48.6662242122393],[-123.45779789061513,48.667028508890475],[-123.45784539050554,48.66795629388983]]]]},"properties":{"DAUID":"59170548","DGUID":"2021S051259170548","LANDAREA":1.2387,"PRUID":"59","CMA":"Victoria"}},
{"type":"Feature","geometry":{"type":"Polygon","coordinates":[[[-123.4577674948463,48.67709923242469],[-123.45776659919088,48.67889750881549],[-123.47128021509558,48.67888400138873],[-123.47272430537974,48.67889301767185],[-123.47408929963498,48.67822947850237],[-123.47594910599317,48.678124896425835],[-123.47695860169549,48.67892759906991],[-123.4815102160814,48.67896419506394],[-123.48223278785925,48.67914978953331],[-123.4853378104102,48.67714370622981],[-123.48487819653235,48.67665688700322],[-123.48123828766961,48.675000600768655],[-123.48041897376214,48.67350740338238],[-123.48028399224212,48.67167440577136],[-123.4776480975857,48.67049868983588],[-123.47720189856024,48.66989321057579],[-123.47095589324977,48.669731503063026],[-123.47028779278571,48.667905612793156],[-123.45784539050554,48.66795629388983],[-123.4577674948463,48.67709923242469]]]},"properties":{"DAUID":"59170549","DGUID":"2021S051259170549","LANDAREA":1.939,"PRUID":"59","CMA":"Victoria"}},
{"type":"Feature","geometry":{"type":"Polygon","coordinates":[[[-123.47128021509558,48.67888400138873],[-123.45776659919088,48.67889750881549],[-123.45781508722729,48.687960404042364],[-123.45780550641607,48.69571660740732],[-123.46065721246846,48.695248300407066],[-123.4673399123943,48.695679596609025],[-123.4747930001975,48.69447559595934],[-123.47959891307248,48.69298680151525],[-123.48185475481594,48.691749794243556],[-123.48196901858869,48.69090368692268],[-123.48003499286193,48.69034259812642],[-123.47458320113546,48.6896166872097],[-123.47278848261415,48.68867728608617],[-123.47190460841067,48.68770718474279],[-123.47092699783735,48.68426590868823],[-123.47211521327833,48.68290599456517],[-123.47127249818172,48.680591915561145],[-123.47128021509558,48.67888400138873]]]},"properties":{"DAUID":"59170550","DGUID":"2021S051259170550","LANDAREA":2.1991,"PRUID":"59","CMA":"Victoria"}},
{"type":"Feature","geometry":{"type":"Polygon","coordinates":[[[-123.43727840327742,48.68589709971289],[-123.44392157662563,48.68590349165707],[-123.44398568539474,48.68784299041095],[-123.44838128985434,48.68787181044961],[-123.45176080194673,48.68777239216569],[-123.45781508722729,48.687960404042364],[-123.45776659919088,48.67889750881549],[-123.4577674948463,48.67709923242469],[-123.436286835097,48.67703669137828],[-123.43592641064299,48.679890883355824],[-123.43610942193321,48.68096349678509],[-123.43762094650283,48.68204716388029],[-123.4378840153129,48.68424410392676],[-123.43727840327742,48.68589709971289]]]},"properties":{"DAUID":"59170551","DGUID":"2021S051259170551","LANDAREA":1.7283,"PRUID":"59","CMA":"Victoria"}},
{"type":"Feature","geometry":{"type":"Polygon","coordinates":[[[-123.42635930703277,48.69491125033165],[-123.42792385372378,48.69515705760318],[-123.42988803296616,48.69604005829201],[-123.43198543634945,48.69638336561138],[-123.43919644817917,48.69904515142193],[-123.44202505325839,48.699187662954465],[-123.44416953708397,48.69881876552807],[-123.44708265169272,48.69940125655425],[-123.4502334396117,48.697626664886926],[-123.45403333568119,48.69715237188723],[-123.45780610461517,48.69718513226901],[-123.45780550641607,48.69571660740732],[-123.45781508722729,48.687960404042364],[-123.45176080194673,48.68777239216569],[-123.44838128985434,48.68787181044961],[-123.44717782013726,48.68914819933358],[-123.44854691456537,48.691745400729246],[-123.44622729123994,48.6922343155452],[-123.44752368926987,48.693546189799676],[-123.44642038734546,48.69454920330348],[-123.44526018964334,48.69450059618859],[-123.44319337611967,48.69358120078468],[-123.44223018362769,48.69412599556283],[-123.43786249120143,48.694296806959066],[-123.43562759126561,48.69415020335193],[-123.42944352165007,48.694336398598885],[-123.42863210633173,48.69374091526218],[-123.42808999066439,48.692090892253276],[-123.42706169725274,48.692855604227496],[-123.42635930703277,48.69491125033165]]]},"properties":{"DAUID":"59170552","DGUID":"2021S051259170552","LANDAREA":1.4511,"PRUID":"59","CMA":"Victoria"}},
{"type":"Feature","geometry":{"type":"Polygon","coordinates":[[[-123.42808999066439,48.692090892253276],[-123.42863210633173,48.69374091526218],[-123.42944352165007,48.694336398598885],[-123.43562759126561,48.69415020335193],[-123.43786249120143,48.694296806959066],[-123.44223018362769,48.69412599556283],[-123.44319337611967,48.69358120078468],[-123.44526018964334,48.69450059618859],[-123.44642038734546,48.69454920330348],[-123.44752368926987,48.693546189799676],[-123.44622729123994,48.6922343155452],[-123.44854691456537,48.691745400729246],[-123.44717782013726,48.68914819933358],[-123.44838128985434,48.68787181044961],[-123.44398568539474,48.68784299041095],[-123.44392157662563,48.68590349165707],[-123.43727840327742,48.68589709971289],[-123.43729779406385,48.68785629236361],[-123.43546820006857,48.68903820797283],[-123.43334749931098,48.68948639034682],[-123.43177379450538,48.68918528076552],[-123.42461701078851,48.68851489960664],[-123.42477150111442,48.690326010476795],[-123.42709499492203,48.69130510047188],[-123.42808999066439,48.692090892253276]]]},"properties":{"DAUID":"59170553","DGUID":"2021S051259170553","LANDAREA":1.0874,"PRUID":"59","CMA":"Victoria"}},
{"type":"Feature","geometry":{"type":"Polygon","coordinates":[[[-123.36890700188326,48.410092295598375],[-123.3703031806155,48.410332605644584],[-123.37267720293055,48.41147199185074],[-123.37518322776442,48.40916054274825],[-123.37272332566363,48.40909326328561],[-123.36962212438671,48.408284116352455],[-123.36890700188326,48.410092295598375]]]},"properties":{"DAUID":"59170554","DGUID":"2021S051259170554","LANDAREA":0.0849,"PRUID":"59","CMA":"Victoria"}},
{"type":"Feature","geometry":{"type":"Polygon","coordinates":[[[-123.36783129632765,48.41245821323511],[-123.36912959650235,48.41307479939084],[-123.37084429521138,48.41156632220547],[-123.37198918901788,48.41210430941362],[-123.37267720293055,48.41147199185074],[-123.3703031806155,48.410332605644584],[-123.36890700188326,48.410092295598375],[-123.36783129632765,48.41245821323511]]]},"properties":{"DAUID":"59170555","DGUID":"2021S051259170555","LANDAREA":0.0571,"PRUID":"59","CMA":"Victoria"}},
{"type":"Feature","geometry":{"type":"Polygon","coordinates":[[[-123.34487780699958,48.42384150588183],[-123.34516391378541,48.42174920969996],[-123.34241930621494,48.42137369100885],[-123.3425022992482,48.41984709389347],[-123.33863770341371,48.419957498711454],[-123.33893699675814,48.42142420196556],[-123.34061471542512,48.42174769307947],[-123.34070028165173,48.42327219849462],[-123.3420889960999,48.42475360399044],[-123.34249291564932,48.424624900347624],[-123.34383160707792,48.42421208696711],[-123.34487780699958,48.42384150588183]]]},"properties":{"DAUID":"59170556","DGUID":"2021S051259170556","LANDAREA":0.1415,"PRUID":"59","CMA":"Victoria"}},
{"type":"Feature","geometry":{"type":"Polygon","coordinates":[[[-123.3420889960999,48.42475360399044],[-123.34070028165173,48.42327219849462],[-123.34061471542512,48.42174769307947],[-123.33893699675814,48.42142420196556],[-123.33893211154553,48.42335757947683],[-123.33802000148165,48.4238136006164],[-123.33804338173432,48.426082306130354],[-123.3420889960999,48.42475360399044]]]},"properties":{"DAUID":"59170557","DGUID":"2021S051259170557","LANDAREA":0.0869,"PRUID":"59","CMA":"Victoria"}},
{"type":"Feature","geometry":{"type":"Polygon","coordinates":[[[-123.33494259445838,48.42651559450985],[-123.33701830239177,48.42650741031961],[-123.33804338173432,48.426082306130354],[-123.33802000148165,48.4238136006164],[-123.33893211154553,48.42335757947683],[-123.33893699675814,48.42142420196556],[-123.33863770341371,48.419957498711454],[-123.33531802000762,48.420930899198666],[-123.33395759172109,48.422399106814794],[-123.33495259202702,48.423345899380244],[-123.33494259445838,48.42651559450985]]]},"properties":{"DAUID":"59170558","DGUID":"2021S051259170558","LANDAREA":0.1767,"PRUID":"59","CMA":"Victoria"}},
{"type":"Feature","geometry":{"type":"Polygon","coordinates":[[[-123.34404536009345,48.50246625321722],[-123.34577254319653,48.49906992790676],[-123.34955334685272,48.49255004858964],[-123.35566036106042,48.490542942836036],[-123.35539831061534,48.4893000019689],[-123.34846257375638,48.49041698693052],[-123.34619949055862,48.48223149911389],[-123.34394467338763,48.48221109115613],[-123.34367181578418,48.483701105589695],[-123.34278440354018,48.485475197536154],[-123.34176590307956,48.485808488426],[-123.33988600375261,48.485628805025755],[-123.33934061545239,48.484135398280614],[-123.33686927097672,48.48411929616435],[-123.33741748541496,48.486639911768016],[-123.3378560687561,48.48914155988269],[-123.33798857730172,48.490745468963205],[-123.33342892808182,48.490177863434596],[-123.33195350387619,48.49329718477306],[-123.33208803835484,48.49367657083472],[-123.33077594554858,48.49614416752767],[-123.33325125167919,48.49766766913766],[-123.33404636070702,48.49726036871314],[-123.33631433420105,48.498342763185164],[-123.33976605172626,48.500410658382286],[-123.34186484936632,48.50231205243841],[-123.34376793835716,48.50334703434309],[-123.34404536009345,48.50246625321722]]]},"properties":{"DAUID":"59170559","DGUID":"2021S051259170559","LANDAREA":1.8494,"PRUID":"59","CMA":"Victoria"}},
{"type":"Feature","geometry":{"type":"Polygon","coordinates":[[[-123.33686927097672,48.48411929616435],[-123.33652152045985,48.48202028698387],[-123.33301592017902,48.483648207100345],[-123.33371049747898,48.4838370082251],[-123.33233620393764,48.48616409025464],[-123.33484787995376,48.48685400866799],[-123.33741748541496,48.486639911768016],[-123.33686927097672,48.48411929616435]]]},"properties":{"DAUID":"59170560","DGUID":"2021S051259170560","LANDAREA":0.134,"PRUID":"59","CMA":"Victoria"}},
{"type":"Feature","geometry":{"type":"Polygon","coordinates":[[[-123.33741748541496,48.486639911768016],[-123.33484787995376,48.48685400866799],[-123.33233620393764,48.48616409025464],[-123.33024409747935,48.48561474232811],[-123.32939908821571,48.48721551199731],[-123.33138919358997,48.48774090992423],[-123.33336508971834,48.48827840221825],[-123.33323110543151,48.48885851662458],[-123.33512299227735,48.489402002517416],[-123.3378560687561,48.48914155988269],[-123.33741748541496,48.486639911768016]]]},"properties":{"DAUID":"59170561","DGUID":"2021S051259170561","LANDAREA":0.1417,"PRUID":"59","CMA":"Victoria"}},
{"type":"Feature","geometry":{"type":"Polygon","coordinates":[[[-123.32612831777189,48.48408785617368],[-123.32908741483303,48.48496231056126],[-123.33024409747935,48.48561474232811],[-123.33233620393764,48.48616409025464],[-123.33371049747898,48.4838370082251],[-123.33301592017902,48.483648207100345],[-123.32733390717844,48.4820730932167],[-123.32612831777189,48.48408785617368]]]},"properties":{"DAUID":"59170562","DGUID":"2021S051259170562","LANDAREA":0.1323,"PRUID":"59","CMA":"Victoria"}},
{"type":"Feature","geometry":{"type":"Polygon","coordinates":[[[-123.3249562089877,48.4859871535696],[-123.32830288633424,48.48691291431971],[-123.32747242646631,48.48879279857593],[-123.3280902189495,48.49019620534052],[-123.32965650790243,48.49061981095697],[-123.33138919358997,48.48774090992423],[-123.32939908821571,48.48721551199731],[-123.33024409747935,48.48561474232811],[-123.32908741483303,48.48496231056126],[-123.32612831777189,48.48408785617368],[-123.3249562089877,48.4859871535696]]]},"properties":{"DAUID":"59170563","DGUID":"2021S051259170563","LANDAREA":0.1487,"PRUID":"59","CMA":"Victoria"}},
{"type":"Feature","geometry":{"type":"Polygon","coordinates":[[[-123.32205120486877,48.49071111105741],[-123.32856689238257,48.49239758093599],[-123.32965650790243,48.49061981095697],[-123.3280902189495,48.49019620534052],[-123.32747242646631,48.48879279857593],[-123.32830288633424,48.48691291431971],[-123.3249562089877,48.4859871535696],[-123.32205120486877,48.49071111105741]]]},"properties":{"DAUID":"59170564","DGUID":"2021S051259170564","LANDAREA":0.2178,"PRUID":"59","CMA":"Victoria"}},
{"type":"Feature","geometry":{"type":"Polygon","coordinates":[[[-123.3378560687561,48.48914155988269],[-123.33512299227735,48.489402002517416],[-123.33323110543151,48.48885851662458],[-123.33336508971834,48.48827840221825],[-123.33138919358997,48.48774090992423],[-123.32965650790243,48.49061981095697],[-123.32856689238257,48.49239758093599],[-123.33195350387619,48.49329718477306],[-123.33342892808182,48.490177863434596],[-123.33798857730172,48.490745468963205],[-123.3378560687561,48.48914155988269]]]},"properties":{"DAUID":"59170565","DGUID":"2021S051259170565","LANDAREA":0.179,"PRUID":"59","CMA":"Victoria"}},
{"type":"Feature","geometry":{"type":"Polygon","coordinates":[[[-123.31380330185985,48.4907440921269],[-123.31173379687402,48.49394070222484],[-123.3110211511995,48.49515708523494],[-123.31281483129028,48.49589025097724],[-123.31527482675833,48.49773746710854],[-123.31500344730328,48.49535334967047],[-123.31675594093677,48.494250969959],[-123.31898693466657,48.49387645420074],[-123.32276343732879,48.49400036116407],[-123.32632842993596,48.494602754632965],[-123.33077594554858,48.49614416752767],[-123.33208803835484,48.49367657083472],[-123.33195350387619,48.49329718477306],[-123.32856689238257,48.49239758093599],[-123.32205120486877,48.49071111105741],[-123.32128761327296,48.491952496013724],[-123.31695741033528,48.49083029329273],[-123.31657201329743,48.49147700739518],[-123.31380330185985,48.4907440921269]]]},"properties":{"DAUID":"59170566","DGUID":"2021S051259170566","LANDAREA":0.5237,"PRUID":"59","CMA":"Victoria"}},
{"type":"Feature","geometry":{"type":"Polygon","coordinates":[[[-123.3328146017783,48.476017786849596],[-123.32838110946632,48.47602610643565],[-123.32834930091663,48.47737619241201],[-123.32895889074713,48.48033129196449],[-123.32733390717844,48.4820730932167],[-123.33301592017902,48.483648207100345],[-123.33652152045985,48.48202028698387],[-123.33512889704016,48.479241202665044],[-123.33336508558843,48.47710570089272],[-123.33457238946876,48.47586459266232],[-123.3328146017783,48.476017786849596]]]},"properties":{"DAUID":"59170567","DGUID":"2021S051259170567","LANDAREA":0.3802,"PRUID":"59","CMA":"Victoria"}},
{"type":"Feature","geometry":{"type":"Polygon","coordinates":[[[-123.32754648930816,48.4760231003581],[-123.32304230600876,48.47601489230096],[-123.32302949724215,48.47874339752705],[-123.32294470446482,48.480907291455665],[-123.32733390717844,48.4820730932167],[-123.32895889074713,48.48033129196449],[-123.32834930091663,48.47737619241201],[-123.32838110946632,48.47602610643565],[-123.32754648930816,48.4760231003581]]]},"properties":{"DAUID":"59170568","DGUID":"2021S051259170568","LANDAREA":0.2471,"PRUID":"59","CMA":"Victoria"}},
{"type":"Feature","geometry":{"type":"Polygon","coordinates":[[[-123.33457238946876,48.47586459266232],[-123.33336508558843,48.47710570089272],[-123.33512889704016,48.479241202665044],[-123.33652152045985,48.48202028698387],[-123.33925650417984,48.482261054625994],[-123.33992280058457,48.47967370080955],[-123.33759161277007,48.47693689840211],[-123.3353259138118,48.47507830113933],[-123.33457238946876,48.47586459266232]]]},"properties":{"DAUID":"59170569","DGUID":"2021S051259170569","LANDAREA":0.1996,"PRUID":"59","CMA":"Victoria"}},
{"type":"Feature","geometry":{"type":"Polygon","coordinates":[[[-123.34619949055862,48.48223149911389],[-123.34504208484412,48.47794891779191],[-123.34479179521654,48.4775477121778],[-123.34102800403473,48.477510102276504],[-123.33921039023213,48.476734113241534],[-123.33759161277007,48.47693689840211],[-123.33992280058457,48.47967370080955],[-123.33925650417984,48.482261054625994],[-123.34222699044558,48.482008391271236],[-123.34394467338763,48.48221109115613],[-123.34619949055862,48.48223149911389]]]},"properties":{"DAUID":"59170570","DGUID":"2021S051259170570","LANDAREA":0.2485,"PRUID":"59","CMA":"Victoria"}},
{"type":"Feature","geometry":{"type":"Polygon","coordinates":[[[-123.34394467338763,48.48221109115613],[-123.34222699044558,48.482008391271236],[-123.33925650417984,48.482261054625994],[-123.33652152045985,48.48202028698387],[-123.33686927097672,48.48411929616435],[-123.33934061545239,48.484135398280614],[-123.33988600375261,48.485628805025755],[-123.34176590307956,48.485808488426],[-123.34278440354018,48.485475197536154],[-123.34367181578418,48.483701105589695],[-123.34394467338763,48.48221109115613]]]},"properties":{"DAUID":"59170571","DGUID":"2021S051259170571","LANDAREA":0.161,"PRUID":"59","CMA":"Victoria"}},
{"type":"Feature","geometry":{"type":"Polygon","coordinates":[[[-123.36690811234554,48.47714808961872],[-123.3663088035862,48.47522600484803],[-123.3617156817123,48.472170222185916],[-123.36120506854445,48.47043063947886],[-123.35735886951419,48.47093627931399],[-123.35790961608369,48.471109625912426],[-123.35888369854736,48.47392912127498],[-123.35960679696979,48.474549703073485],[-123.36234900299095,48.47418069103361],[-123.36334667781891,48.477612984768044],[-123.36690811234554,48.47714808961872]]]},"properties":{"DAUID":"59170574","DGUID":"2021S051259170574","LANDAREA":0.2152,"PRUID":"59","CMA":"Victoria"}},
{"type":"Feature","geometry":{"type":"Polygon","coordinates":[[[-123.36459429561552,48.47002980731337],[-123.36298068503203,48.46801659248234],[-123.36164900507802,48.46639909134367],[-123.35185171719912,48.467749003181346],[-123.34974023159647,48.466918012142116],[-123.35114342025942,48.47187945016657],[-123.35735886951419,48.47093627931399],[-123.36120506854445,48.47043063947886],[-123.36459429561552,48.47002980731337]]]},"properties":{"DAUID":"59170575","DGUID":"2021S051259170575","LANDAREA":0.4236,"PRUID":"59","CMA":"Victoria"}},
{"type":"Feature","geometry":{"type":"Polygon","coordinates":[[[-123.35948668097967,48.463648898889154],[-123.35012701536412,48.46483829943632],[-123.34974023159647,48.466918012142116],[-123.35185171719912,48.467749003181346],[-123.36164900507802,48.46639909134367],[-123.35948668097967,48.463648898889154]]]},"properties":{"DAUID":"59170576","DGUID":"2021S051259170576","LANDAREA":0.2628,"PRUID":"59","CMA":"Victoria"}},
{"type":"Feature","geometry":{"type":"Polygon","coordinates":[[[-123.35973430412655,48.46279390685541],[-123.35560140071775,48.463293192630495],[-123.3550972871845,48.461564601390286],[-123.35013488899219,48.46204750270161],[-123.35012701536412,48.46483829943632],[-123.35948668097967,48.463648898889154],[-123.35973430412655,48.46279390685541]]]},"properties":{"DAUID":"59170577","DGUID":"2021S051259170577","LANDAREA":0.1446,"PRUID":"59","CMA":"Victoria"}},
{"type":"Feature","geometry":{"type":"Polygon","coordinates":[[[-123.36056921529564,48.460828994532086],[-123.35743691514377,48.460969207775996],[-123.35614868533882,48.45790530670681],[-123.35389451253508,48.45808699545511],[-123.35267698995249,48.45897189570935],[-123.35093679704033,48.45889510841442],[-123.3507236894158,48.46057791194925],[-123.35013488899219,48.46204750270161],[-123.3550972871845,48.461564601390286],[-123.35560140071775,48.463293192630495],[-123.35973430412655,48.46279390685541],[-123.36056921529564,48.460828994532086]]]},"properties":{"DAUID":"59170578","DGUID":"2021S051259170578","LANDAREA":0.2441,"PRUID":"59","CMA":"Victoria"}},
{"type":"Feature","geometry":{"type":"Polygon","coordinates":[[[-123.35012701536412,48.46483829943632],[-123.35013488899219,48.46204750270161],[-123.3507236894158,48.46057791194925],[-123.34346561703079,48.461593700954786],[-123.34449024292022,48.46510657041801],[-123.34974023159647,48.466918012142116],[-123.35012701536412,48.46483829943632]]]},"properties":{"DAUID":"59170579","DGUID":"2021S051259170579","LANDAREA":0.2488,"PRUID":"59","CMA":"Victoria"}},
{"type":"Feature","geometry":{"type":"Polygon","coordinates":[[[-123.33870959120168,48.45841011422507],[-123.33791439389175,48.461260497303776],[-123.33698449588992,48.462666491025786],[-123.34138360649807,48.463583994184496],[-123.34449024292022,48.46510657041801],[-123.34346561703079,48.461593700954786],[-123.34275304114882,48.45920916989655],[-123.34076961700771,48.45882520399467],[-123.34074308764828,48.455217407686575],[-123.33958390031793,48.45518379367081],[-123.33870959120168,48.45841011422507]]]},"properties":{"DAUID":"59170581","DGUID":"2021S051259170581","LANDAREA":0.269,"PRUID":"59","CMA":"Victoria"}},
{"type":"Feature","geometry":{"type":"Polygon","coordinates":[[[-123.33297360159096,48.45848679468341],[-123.3329583901746,48.461268387967266],[-123.33504148115779,48.461993606043286],[-123.33698449588992,48.462666491025786],[-123.33791439389175,48.461260497303776],[-123.33870959120168,48.45841011422507],[-123.33297360159096,48.45848679468341]]]},"properties":{"DAUID":"59170582","DGUID":"2021S051259170582","LANDAREA":0.1525,"PRUID":"59","CMA":"Victoria"}},
{"type":"Feature","geometry":{"type":"Polygon","coordinates":[[[-123.33285329220332,48.46363390976586],[-123.33282251718558,48.46499209466169],[-123.3327551905286,48.46774079559294],[-123.33273369553847,48.46867181514148],[-123.33531870310179,48.46869169928475],[-123.33640509362904,48.46415340192882],[-123.33698449588992,48.462666491025786],[-123.33504148115779,48.461993606043286],[-123.33438719241451,48.462894191619874],[-123.33285329220332,48.46363390976586]]]},"properties":{"DAUID":"59170583","DGUID":"2021S051259170583","LANDAREA":0.1656,"PRUID":"59","CMA":"Victoria"}},
{"type":"Feature","geometry":{"type":"Polygon","coordinates":[[[-123.33698449588992,48.462666491025786],[-123.33640509362904,48.46415340192882],[-123.33531870310179,48.46869169928475],[-123.33966050827456,48.468692606623456],[-123.34118360650561,48.46891479797306],[-123.34397298884328,48.47101641144047],[-123.34685775034082,48.471884061582166],[-123.34668229266667,48.46911580016286],[-123.34307629607551,48.46959890877231],[-123.34258740750278,48.46827818725088],[-123.34370468975881,48.467981590772325],[-123.34554916031811,48.46640099557723],[-123.34449024292022,48.46510657041801],[-123.34138360649807,48.463583994184496],[-123.33698449588992,48.462666491025786]]]},"properties":{"DAUID":"59170584","DGUID":"2021S051259170584","LANDAREA":0.4257,"PRUID":"59","CMA":"Victoria"}},
{"type":"Feature","geometry":{"type":"Polygon","coordinates":[[[-123.33486250405953,48.470555104403005],[-123.34022501490824,48.47058880876143],[-123.34123046475673,48.47362472394994],[-123.34384099238774,48.47408630229307],[-123.34380290554543,48.472768794379434],[-123.34686906646311,48.4723559501764],[-123.34685775034082,48.471884061582166],[-123.34397298884328,48.47101641144047],[-123.34118360650561,48.46891479797306],[-123.33966050827456,48.468692606623456],[-123.33531870310179,48.46869169928475],[-123.33486250405953,48.470555104403005]]]},"properties":{"DAUID":"59170585","DGUID":"2021S051259170585","LANDAREA":0.2126,"PRUID":"59","CMA":"Victoria"}},
{"type":"Feature","geometry":{"type":"Polygon","coordinates":[[[-123.34974023159647,48.466918012142116],[-123.34449024292022,48.46510657041801],[-123.34554916031811,48.46640099557723],[-123.34370468975881,48.467981590772325],[-123.34258740750278,48.46827818725088],[-123.34307629607551,48.46959890877231],[-123.34668229266667,48.46911580016286],[-123.34685775034082,48.471884061582166],[-123.34868507485494,48.47212456728107],[-123.35114342025942,48.47187945016657],[-123.34974023159647,48.466918012142116]]]},"properties":{"DAUID":"59170586","DGUID":"2021S051259170586","LANDAREA":0.2497,"PRUID":"59","CMA":"Victoria"}},
{"type":"Feature","geometry":{"type":"Polygon","coordinates":[[[-123.3353259138118,48.47507830113933],[-123.33722164243218,48.47430839362974],[-123.34123046475673,48.47362472394994],[-123.34022501490824,48.47058880876143],[-123.33486250405953,48.470555104403005],[-123.33449681838785,48.47363710306612],[-123.3353259138118,48.47507830113933]]]},"properties":{"DAUID":"59170587","DGUID":"2021S051259170587","LANDAREA":0.1835,"PRUID":"59","CMA":"Victoria"}},
{"type":"Feature","geometry":{"type":"Polygon","coordinates":[[[-123.35985308927697,48.457598097689996],[-123.35945028555817,48.45572139563534],[-123.35760191393143,48.45468610388803],[-123.35662250705938,48.45402050440439],[-123.35553929341978,48.454679692568405],[-123.35340077873711,48.45441349668496],[-123.35082181171511,48.454563591331365],[-123.35093679704033,48.45889510841442],[-123.35267698995249,48.45897189570935],[-123.35389451253508,48.45808699545511],[-123.35614868533882,48.45790530670681],[-123.35985308927697,48.457598097689996]]]},"properties":{"DAUID":"59170588","DGUID":"2021S051259170588","LANDAREA":0.2505,"PRUID":"59","CMA":"Victoria"}},
{"type":"Feature","geometry":{"type":"Polygon","coordinates":[[[-123.35979409178837,48.449205565071395],[-123.35888813604404,48.449304724979136],[-123.3573765370367,48.44946810303708],[-123.35103099755712,48.45022940080339],[-123.35043841895046,48.453697297187745],[-123.35082181171511,48.454563591331365],[-123.35340077873711,48.45441349668496],[-123.35553929341978,48.454679692568405],[-123.35662250705938,48.45402050440439],[-123.35760191393143,48.45468610388803],[-123.35979409178837,48.449205565071395]]]},"properties":{"DAUID":"59170589","DGUID":"2021S051259170589","LANDAREA":0.3127,"PRUID":"59","CMA":"Victoria"}},
{"type":"Feature","geometry":{"type":"Polygon","coordinates":[[[-123.31734138787272,48.44986580091575],[-123.3165714026621,48.450421687648834],[-123.31545960029891,48.45252808592596],[-123.31982998515254,48.45323670447743],[-123.31956929236586,48.45485689365802],[-123.32032781100563,48.45619538701505],[-123.31899410561195,48.45669199517151],[-123.31979950363552,48.45772689592596],[-123.31924970943113,48.45884918582275],[-123.31581481129787,48.45804079012743],[-123.31548589950066,48.45876740651119],[-123.32093308893174,48.460476294083456],[-123.3210208665102,48.45764517085307],[-123.32147791261515,48.45400878749089],[-123.32173447585149,48.449884991216145],[-123.32140004203573,48.44729276841948],[-123.3187456178381,48.44929085148207],[-123.31734138787272,48.44986580091575]]]},"properties":{"DAUID":"59170590","DGUID":"2021S051259170590","LANDAREA":0.2938,"PRUID":"59","CMA":"Victoria"}},
{"type":"Feature","geometry":{"type":"Polygon","coordinates":[[[-123.32093308893174,48.460476294083456],[-123.32056245390652,48.46721972211467],[-123.31946349516046,48.4685776959357],[-123.3230097899431,48.46860419064847],[-123.32385864806595,48.46859715468467],[-123.32399399555099,48.466320502599935],[-123.32393402199821,48.464923999677644],[-123.32473369177744,48.46355900031764],[-123.32478670666804,48.46216981216422],[-123.32355508825337,48.461432591941886],[-123.32364521650955,48.4606061002211],[-123.32093308893174,48.460476294083456]]]},"properties":{"DAUID":"59170591","DGUID":"2021S051259170591","LANDAREA":0.2293,"PRUID":"59","CMA":"Victoria"}},
{"type":"Feature","geometry":{"type":"Polygon","coordinates":[[[-123.31545960029891,48.45252808592596],[-123.3143713035362,48.45462159267396],[-123.31458540121656,48.4559617026585],[-123.31581481129787,48.45804079012743],[-123.31924970943113,48.45884918582275],[-123.31979950363552,48.45772689592596],[-123.31899410561195,48.45669199517151],[-123.32032781100563,48.45619538701505],[-123.31956929236586,48.45485689365802],[-123.31982998515254,48.45323670447743],[-123.31545960029891,48.45252808592596]]]},"properties":{"DAUID":"59170592","DGUID":"2021S051259170592","LANDAREA":0.2158,"PRUID":"59","CMA":"Victoria"}},
{"type":"Feature","geometry":{"type":"Polygon","coordinates":[[[-123.31084229307316,48.44569510530732],[-123.30865279455713,48.44960750099837],[-123.307246297522,48.45076669098235],[-123.30226070489832,48.45414790121922],[-123.30049780224641,48.45664789089189],[-123.30044266296969,48.45682841397737],[-123.30239447715599,48.45771797432414],[-123.30703149672631,48.46051248978142],[-123.31246423342995,48.4634031401761],[-123.31750690187015,48.465635853128006],[-123.32056245390652,48.46721972211467],[-123.32093308893174,48.460476294083456],[-123.31548589950066,48.45876740651119],[-123.31581481129787,48.45804079012743],[-123.31458540121656,48.4559617026585],[-123.3143713035362,48.45462159267396],[-123.31545960029891,48.45252808592596],[-123.3165714026621,48.450421687648834],[-123.31734138787272,48.44986580091575],[-123.31769339360767,48.44682659484386],[-123.31746352122109,48.44569350109446],[-123.31877989926397,48.44409280579769],[-123.31752228371607,48.44377590917221],[-123.31553458534367,48.445859300401644],[-123.31084229307316,48.44569510530732]]]},"properties":{"DAUID":"59170593","DGUID":"2021S051259170593","LANDAREA":1.7205,"PRUID":"59","CMA":"Victoria"}},
{"type":"Feature","geometry":{"type":"Polygon","coordinates":[[[-123.30471369831464,48.445011812586834],[-123.30477439335358,48.4458899087214],[-123.30305618790504,48.448440712260776],[-123.30452729092111,48.44986790416862],[-123.307246297522,48.45076669098235],[-123.30865279455713,48.44960750099837],[-123.31084229307316,48.44569510530732],[-123.31222858478795,48.443035694556784],[-123.31240200011068,48.441648606677475],[-123.31202501711907,48.441157392015164],[-123.30774660885886,48.443285295145685],[-123.30471369831464,48.445011812586834]]]},"properties":{"DAUID":"59170594","DGUID":"2021S051259170594","LANDAREA":0.3747,"PRUID":"59","CMA":"Victoria"}},
{"type":"Feature","geometry":{"type":"Polygon","coordinates":[[[-123.30049780224641,48.45664789089189],[-123.30226070489832,48.45414790121922],[-123.307246297522,48.45076669098235],[-123.30452729092111,48.44986790416862],[-123.30305618790504,48.448440712260776],[-123.30477439335358,48.4458899087214],[-123.30471369831464,48.445011812586834],[-123.30013990303281,48.44414678945411],[-123.29858429942296,48.44413418743083],[-123.29597669818524,48.44476559017137],[-123.29623891231628,48.44907950100411],[-123.29586090249977,48.449905793461696],[-123.29943577644278,48.45172219507857],[-123.30076000421774,48.45354601618695],[-123.30049780224641,48.45664789089189]]]},"properties":{"DAUID":"59170595","DGUID":"2021S051259170595","LANDAREA":0.5699,"PRUID":"59","CMA":"Victoria"}},
{"type":"Feature","geometry":{"type":"Polygon","coordinates":[[[-123.32140004203573,48.44729276841948],[-123.32173447585149,48.449884991216145],[-123.32147791261515,48.45400878749089],[-123.32374910286947,48.45407431152841],[-123.32460382202713,48.453452007697464],[-123.3268765081524,48.453490490980336],[-123.32654988982628,48.45281941666666],[-123.3307372800813,48.4528042025208],[-123.3307730897188,48.450545096029494],[-123.3273880105621,48.45060499599226],[-123.32716331653431,48.44615070304014],[-123.32652888691507,48.446149998615205],[-123.32179352154473,48.44610339472881],[-123.32140004203573,48.44729276841948]]]},"properties":{"DAUID":"59170596","DGUID":"2021S051259170596","LANDAREA":0.4151,"PRUID":"59","CMA":"Victoria"}},
{"type":"Feature","geometry":{"type":"Polygon","coordinates":[[[-123.32716331653431,48.44615070304014],[-123.3273880105621,48.45060499599226],[-123.3307730897188,48.450545096029494],[-123.3331373085285,48.450562299780046],[-123.33318972459226,48.4481494832738],[-123.33247528170273,48.44814381823112],[-123.33246522444871,48.445989442500526],[-123.33139809119903,48.44616998497942],[-123.32716331653431,48.44615070304014]]]},"properties":{"DAUID":"59170597","DGUID":"2021S051259170597","LANDAREA":0.203,"PRUID":"59","CMA":"Victoria"}},
{"type":"Feature","geometry":{"type":"Polygon","coordinates":[[[-123.33363491826279,48.43708955021323],[-123.33366299096943,48.43605000424403],[-123.33501998087358,48.43610850115777],[-123.33503751126882,48.43400320462254],[-123.33377109562201,48.43394160920336],[-123.32919280133365,48.433643997723024],[-123.32849801103686,48.43686401086925],[-123.33363491826279,48.43708955021323]]]},"properties":{"DAUID":"59170598","DGUID":"2021S051259170598","LANDAREA":0.1486,"PRUID":"59","CMA":"Victoria"}},
{"type":"Feature","geometry":{"type":"Polygon","coordinates":[[[-123.3222463860473,48.43584490231935],[-123.3221657886158,48.43769610972105],[-123.32830901966635,48.43784501276696],[-123.32849801103686,48.43686401086925],[-123.32919280133365,48.433643997723024],[-123.32388461460097,48.43336840702388],[-123.32235531477289,48.43354195258881],[-123.3222463860473,48.43584490231935]]]},"properties":{"DAUID":"59170599","DGUID":"2021S051259170599","LANDAREA":0.2283,"PRUID":"59","CMA":"Victoria"}},
{"type":"Feature","geometry":{"type":"Polygon","coordinates":[[[-123.32891798221738,48.43009920271331],[-123.32726467627181,48.43105940484359],[-123.32567457673477,48.431497195690525],[-123.3224178981179,48.43217251593398],[-123.32235531477289,48.43354195258881],[-123.32388461460097,48.43336840702388],[-123.32919280133365,48.433643997723024],[-123.33377109562201,48.43394160920336],[-123.3329694037004,48.432195290573674],[-123.33362268242931,48.43025480007106],[-123.33139158991314,48.430910105298395],[-123.33006530868577,48.42978359943398],[-123.32891798221738,48.43009920271331]]]},"properties":{"DAUID":"59170600","DGUID":"2021S051259170600","LANDAREA":0.2327,"PRUID":"59","CMA":"Victoria"}},
{"type":"Feature","geometry":{"type":"Polygon","coordinates":[[[-123.33830291056208,48.43417819687765],[-123.33838419427276,48.43266248756246],[-123.33701631591894,48.43262989231484],[-123.33710590786097,48.431182913995556],[-123.33571770389507,48.43115248893864],[-123.33580398350935,48.429427694156374],[-123.33513888754541,48.42966611234241],[-123.33362268242931,48.43025480007106],[-123.3329694037004,48.432195290573674],[-123.33377109562201,48.43394160920336],[-123.33503751126882,48.43400320462254],[-123.3374081896468,48.43412869600789],[-123.33830291056208,48.43417819687765]]]},"properties":{"DAUID":"59170601","DGUID":"2021S051259170601","LANDAREA":0.1312,"PRUID":"59","CMA":"Victoria"}},
{"type":"Feature","geometry":{"type":"Polygon","coordinates":[[[-123.40027321164256,48.653224303497375],[-123.39902998879582,48.65322369889046],[-123.39778548866182,48.65322210652786],[-123.39776500947276,48.65812821109567],[-123.40082507698808,48.658080402163094],[-123.40030159768297,48.655409191568666],[-123.40027321164256,48.653224303497375]]]},"properties":{"DAUID":"59170602","DGUID":"2021S051259170602","LANDAREA":0.1066,"PRUID":"59","CMA":"Victoria"}},
{"type":"Feature","geometry":{"type":"Polygon","coordinates":[[[-123.40082507698808,48.658080402163094],[-123.39776500947276,48.65812821109567],[-123.39778548866182,48.65322210652786],[-123.3969660696563,48.65321652829767],[-123.39576443186218,48.65420395987326],[-123.3944467461771,48.65598134765457],[-123.39416954650902,48.656979749891825],[-123.39526102513618,48.65767756178253],[-123.39426633111738,48.658976476972974],[-123.39278964097291,48.65945926287907],[-123.39314814937393,48.66016855887556],[-123.39252042555572,48.661403368173836],[-123.39278724483661,48.66248997337407],[-123.39430714076943,48.66234186744208],[-123.39729161653932,48.66024405643898],[-123.39783823826437,48.660328096982674],[-123.39775019966945,48.659400694293595],[-123.40082680442458,48.65939929712875],[-123.40082650945419,48.65874299969071],[-123.40082507698808,48.658080402163094]]]},"properties":{"DAUID":"59170603","DGUID":"2021S051259170603","LANDAREA":0.2686,"PRUID":"59","CMA":"Victoria"}},
{"type":"Feature","geometry":{"type":"Polygon","coordinates":[[[-123.41009851789035,48.66543519560704],[-123.40693031535257,48.664408792833285],[-123.40412590480148,48.662592504709224],[-123.40301850604344,48.66083920849062],[-123.4029585269044,48.658732901687536],[-123.40082650945419,48.65874299969071],[-123.40082680442458,48.65939929712875],[-123.39775019966945,48.659400694293595],[-123.39783823826437,48.660328096982674],[-123.40034522884778,48.66016146646979],[-123.40264053362633,48.66175506343213],[-123.40373794492167,48.66326194681309],[-123.40377534332472,48.66458506891259],[-123.40240022535698,48.66578565642837],[-123.40082182769171,48.66532415475047],[-123.39919393918899,48.66559905880532],[-123.39771084448371,48.666963462996605],[-123.39794713634504,48.6677538703104],[-123.4003852379245,48.66844745941852],[-123.40379183506595,48.668255177275576],[-123.40404303958456,48.6674718630958],[-123.40716102516552,48.66668716420591],[-123.40893194377793,48.66568167478219],[-123.40941836157985,48.666291206572026],[-123.41009851789035,48.66543519560704]]]},"properties":{"DAUID":"59170604","DGUID":"2021S051259170604","LANDAREA":0.3419,"PRUID":"59","CMA":"Victoria"}},
{"type":"Feature","geometry":{"type":"Polygon","coordinates":[[[-123.37301859445097,48.41698350601208],[-123.37708881764756,48.418877302983006],[-123.37851540036867,48.41755091544407],[-123.37556790061372,48.41613859646788],[-123.37391350487574,48.41534631286573],[-123.37238999841802,48.41545278896763],[-123.37156530069461,48.4170394060922],[-123.37301859445097,48.41698350601208]]]},"properties":{"DAUID":"59170610","DGUID":"2021S051259170610","LANDAREA":0.0912,"PRUID":"59","CMA":"Victoria"}},
{"type":"Feature","geometry":{"type":"Polygon","coordinates":[[[-123.36258080064182,48.420866108049715],[-123.36308292173865,48.42112659807459],[-123.365202856586,48.41915657076792],[-123.36213819627822,48.41784291104112],[-123.36052779677863,48.416797198471876],[-123.35929350382762,48.41667530477235],[-123.3584471127779,48.417531706643835],[-123.35802660760163,48.4191427054159],[-123.36258080064182,48.420866108049715]]]},"properties":{"DAUID":"59170611","DGUID":"2021S051259170611","LANDAREA":0.1423,"PRUID":"59","CMA":"Victoria"}},
{"type":"Feature","geometry":{"type":"Polygon","coordinates":[[[-123.34261464190743,48.4267328231253],[-123.33814789579515,48.42655119229668],[-123.33804338173432,48.426082306130354],[-123.33701830239177,48.42650741031961],[-123.33494259445838,48.42651559450985],[-123.33425478464343,48.42651000746018],[-123.33423739761622,48.427943497897616],[-123.33347631489771,48.42823279916712],[-123.33513888754541,48.42966611234241],[-123.33580398350935,48.429427694156374],[-123.33867517468455,48.4284023878472],[-123.34368718567517,48.42678319665971],[-123.34261464190743,48.4267328231253]]]},"properties":{"DAUID":"59170612","DGUID":"2021S051259170612","LANDAREA":0.1353,"PRUID":"59","CMA":"Victoria"}},
{"type":"Feature","geometry":{"type":"Polygon","coordinates":[[[-123.32260150052704,48.42900169143496],[-123.31918379874948,48.42892519515269],[-123.31802612787939,48.42856551505095],[-123.31810527671253,48.426527799416505],[-123.31588477747908,48.4264968006255],[-123.31547360614418,48.42649090170749],[-123.3152733455878,48.42947088194356],[-123.31335969760056,48.4317076196846],[-123.3120070923113,48.433590590693996],[-123.31322339009003,48.43396421329637],[-123.31453769915407,48.433419408905614],[-123.31619989647946,48.43359319665629],[-123.31891788614251,48.43266290588872],[-123.3224178981179,48.43217251593398],[-123.32260150052704,48.42900169143496]]]},"properties":{"DAUID":"59170613","DGUID":"2021S051259170613","LANDAREA":0.3514,"PRUID":"59","CMA":"Victoria"}},
{"type":"Feature","geometry":{"type":"Polygon","coordinates":[[[-123.41217913452144,48.418702370117664],[-123.41089233510576,48.418598463376675],[-123.4099478448053,48.41686655779092],[-123.40605364010449,48.418337758653614],[-123.40376452419498,48.41790486203436],[-123.40382892599028,48.41909116006411],[-123.39927183470569,48.420429969110735],[-123.39874922457413,48.41930766631317],[-123.39728911961598,48.41923215894628],[-123.39637924072437,48.420521070522064],[-123.39764163971715,48.422819746919515],[-123.3976648206667,48.42430374983916],[-123.39953388997418,48.42423059731839],[-123.39837491342958,48.42173745246693],[-123.4012003033943,48.422557996092934],[-123.4040463766205,48.42293719186978],[-123.40261902355138,48.42023460072243],[-123.40501819892512,48.41973250876994],[-123.40518711297011,48.41918656600607],[-123.4091726744354,48.419867661928535],[-123.40862832702825,48.42148031328336],[-123.41362868197955,48.4221842906531],[-123.41566852722856,48.42450660055742],[-123.41726041348059,48.42517670930921],[-123.4170127870822,48.42827650805372],[-123.42043657938709,48.42834009684339],[-123.42039200842774,48.429775592266736],[-123.42449870059495,48.429316482199134],[-123.42444681466058,48.430270202261546],[-123.42683942690743,48.43017120789505],[-123.4274852578388,48.431099105881266],[-123.43006523154838,48.43061165646223],[-123.43398884824106,48.43256705107146],[-123.43601882301382,48.43296446196886],[-123.43854593544498,48.432765054671385],[-123.43935444182634,48.43075544985787],[-123.43753591549003,48.43005195954263],[-123.4376908211193,48.42925146237103],[-123.43683904757924,48.42754526896925],[-123.43538053435103,48.427748963176654],[-123.43371133671275,48.42698136855087],[-123.43277274699471,48.42796544709469],[-123.43097465062581,48.427872859018954],[-123.43006163837856,48.42699415210059],[-123.42810824435401,48.426264954465715],[-123.42620472099672,48.426495656189424],[-123.42438163612555,48.42518116806288],[-123.41909164778077,48.42602705506969],[-123.41964763796598,48.424666952768845],[-123.418138846098,48.42361164986835],[-123.41990772282367,48.421741659781866],[-123.41800994690817,48.421244550786994],[-123.4156277150611,48.42235125830977],[-123.41494765168358,48.42026616249588],[-123.41374362184673,48.42000986739989],[-123.41189954066138,48.420952664844854],[-123.41074544964418,48.42039865277249],[-123.41197714015887,48.41891887213608],[-123.41217913452144,48.418702370117664]]]},"properties":{"DAUID":"59170614","DGUID":"2021S051259170614","LANDAREA":1.2386,"PRUID":"59","CMA":"Victoria"}},
{"type":"Feature","geometry":{"type":"Polygon","coordinates":[[[-123.51805960846147,48.449673103380015],[-123.5222338229056,48.449146805898884],[-123.52475421637239,48.449760298240534],[-123.52763740712267,48.451026010175994],[-123.52879230057215,48.45222519056085],[-123.52692532885058,48.45417479587093],[-123.52823106100696,48.45379277958813],[-123.53049607806717,48.453848319463845],[-123.53185483470757,48.45437770124804],[-123.54013322889051,48.45919325352187],[-123.54155730367646,48.4598185900983],[-123.5428765898621,48.460270960832055],[-123.54587731012678,48.4600351987253],[-123.54732735155233,48.460268948580286],[-123.54963253279112,48.459946280019814],[-123.54935320411575,48.45903270659969],[-123.54713908283321,48.458693801913704],[-123.54661681346208,48.457364389259126],[-123.54784038639619,48.455115906099685],[-123.5489627014568,48.45456119163873],[-123.55123889982778,48.45552179183314],[-123.55284990620615,48.45582506865576],[-123.55299288230869,48.4542891681762],[-123.55436122816795,48.45223687281792],[-123.55326479414637,48.45046950036101],[-123.55348420565238,48.4492302996489],[-123.55255809167326,48.44782479638259],[-123.55142588156835,48.4475344153167],[-123.54456430354871,48.44432780395566],[-123.54376457252516,48.443448438397596],[-123.53944749031042,48.44327312371734],[-123.53619679487315,48.4421745168452],[-123.53436194151718,48.442370105237146],[-123.53163182340073,48.441763325540094],[-123.528172583833,48.44201977170978],[-123.52710049580169,48.442468806006524],[-123.5242243977456,48.44232401641322],[-123.52321100648248,48.44172960400983],[-123.5208937005862,48.441833109559184],[-123.5150175089279,48.44116609195029],[-123.5128821036248,48.440633601143496],[-123.51170315183506,48.44035733648641],[-123.50908092743879,48.44477154266191],[-123.51048898651685,48.444817280234346],[-123.5195002318942,48.44711888498237],[-123.51805960846147,48.449673103380015]]]},"properties":{"DAUID":"59170615","DGUID":"2021S051259170615","LANDAREA":3.0279,"PRUID":"59","CMA":"Victoria"}},
{"type":"Feature","geometry":{"type":"Polygon","coordinates":[[[-123.37358409770026,48.49707961487253],[-123.37335428799311,48.49766449702346],[-123.37501781617046,48.49766329014414],[-123.37849750030608,48.49771058561423],[-123.38242817737276,48.49871399069431],[-123.38498851919847,48.498892501438114],[-123.38649127750472,48.49427680702329],[-123.3860562903088,48.492292535413874],[-123.38595318258578,48.49289019788676],[-123.38367960819322,48.49461498945237],[-123.3809546137336,48.49538810181524],[-123.37651351830476,48.49625669905765],[-123.37358409770026,48.49707961487253]]]},"properties":{"DAUID":"59170617","DGUID":"2021S051259170617","LANDAREA":0.2716,"PRUID":"59","CMA":"Victoria"}},
{"type":"Feature","geometry":{"type":"Polygon","coordinates":[[[-123.40693100563676,48.64885049733912],[-123.40933324020945,48.64887300440984],[-123.40896483720645,48.64741445001449],[-123.40640549306303,48.646824749995645],[-123.40570467285498,48.64559516292669],[-123.40678051881905,48.64449635089547],[-123.41081360136376,48.64448729966778],[-123.41085531464385,48.64128989979859],[-123.4117072059896,48.64063719122474],[-123.40884047913049,48.64044029307453],[-123.4088287138864,48.641294608367915],[-123.40676858490994,48.64130872664294],[-123.40517090347215,48.64475461446371],[-123.40533549694676,48.64639030590205],[-123.40693100563676,48.64885049733912]]]},"properties":{"DAUID":"59170619","DGUID":"2021S051259170619","LANDAREA":0.2004,"PRUID":"59","CMA":"Victoria"}},
{"type":"Feature","geometry":{"type":"Polygon","coordinates":[[[-123.40676858490994,48.64130872664294],[-123.4088287138864,48.641294608367915],[-123.40884047913049,48.64044029307453],[-123.4117072059896,48.64063719122474],[-123.41228919833593,48.640159106366255],[-123.41144539268932,48.63931018649976],[-123.41145048589901,48.638083400326366],[-123.41795369195924,48.63807553670935],[-123.41709415920438,48.63538806695737],[-123.40960806630758,48.63548371253582],[-123.40676858490994,48.64130872664294]]]},"properties":{"DAUID":"59170620","DGUID":"2021S051259170620","LANDAREA":0.2753,"PRUID":"59","CMA":"Victoria"}},
{"type":"Feature","geometry":{"type":"Polygon","coordinates":[[[-123.4175020840461,48.640130769946495],[-123.41796006792595,48.638947414707665],[-123.41795369195924,48.63807553670935],[-123.41145048589901,48.638083400326366],[-123.41144539268932,48.63931018649976],[-123.41228919833593,48.640159106366255],[-123.4175020840461,48.640130769946495]]]},"properties":{"DAUID":"59170621","DGUID":"2021S051259170621","LANDAREA":0.1052,"PRUID":"59","CMA":"Victoria"}},
{"type":"Feature","geometry":{"type":"Polygon","coordinates":[[[-123.50265026197893,48.42970978090652],[-123.50239412861858,48.42899044451122],[-123.50033426848827,48.42870106003277],[-123.50098792893185,48.42743779444029],[-123.49133107155355,48.42503160094115],[-123.49058287484944,48.4262926153254],[-123.49345451584897,48.428675501127394],[-123.49481827760061,48.43046259998903],[-123.4957600840054,48.43285697793773],[-123.49682029519792,48.43245770074346],[-123.50265026197893,48.42970978090652]]]},"properties":{"DAUID":"59170622","DGUID":"2021S051259170622","LANDAREA":0.3588,"PRUID":"59","CMA":"Victoria"}},
{"type":"Feature","geometry":{"type":"Polygon","coordinates":[[[-123.44608893921065,48.464845577977236],[-123.4473786595867,48.465142668112264],[-123.45011800839595,48.4634493870908],[-123.45331019441218,48.46214289819698],[-123.45657401287154,48.46188760457868],[-123.45691999767217,48.4650673094145],[-123.4592419150411,48.46683629223043],[-123.46006099298631,48.468681891264225],[-123.45973879129922,48.46935040167005],[-123.46204299158742,48.47112790003687],[-123.46199112079526,48.47252159626879],[-123.46298419574067,48.474297403717834],[-123.4640132935127,48.474725991509075],[-123.46469559573391,48.4761824016733],[-123.46461179157397,48.47791879451485],[-123.46341630115637,48.47892899170805],[-123.46301799847636,48.48201860079551],[-123.46241251125765,48.48418709942129],[-123.46286038392154,48.48621039618829],[-123.46449902148028,48.48759580594249],[-123.46380326913149,48.4889112366894],[-123.46518541177372,48.492558925518715],[-123.4640473349586,48.493669286282284],[-123.47079170805402,48.49509378002841],[-123.4748683236012,48.49776512575678],[-123.48133159329561,48.49614419179144],[-123.48272341720445,48.48972434776152],[-123.48647973709892,48.489347380594445],[-123.4881780431463,48.48846050346756],[-123.49335273091357,48.48851907423131],[-123.49721029742236,48.4896784903923],[-123.49718053174391,48.48201096069554],[-123.49751250468165,48.475499699178016],[-123.48286353877859,48.47463716935613],[-123.48429451514959,48.47290075671153],[-123.48325226816424,48.471184904891324],[-123.48405134467518,48.46863880710719],[-123.48421061949476,48.46545046644498],[-123.48292206452672,48.46434494546924],[-123.48063502027748,48.46233331859767],[-123.47141972769859,48.452794507892996],[-123.47048683003487,48.45149591792145],[-123.46902810247215,48.450976433112736],[-123.46808607922985,48.44915086610885],[-123.46848106914801,48.44755478656144],[-123.46563603849103,48.44977835952245],[-123.4646596628829,48.44997294695623],[-123.46420361865789,48.450735411453444],[-123.46221046368349,48.45372870038002],[-123.45924477048504,48.45614206213335],[-123.4630251524088,48.45615056705933],[-123.46281474490335,48.456871159273625],[-123.45904858289293,48.45640765859604],[-123.45753129570456,48.45910079275883],[-123.4558025213337,48.46004040025708],[-123.45326485435659,48.46168191439576],[-123.44820359569229,48.46319410739625],[-123.44608893921065,48.464845577977236]]]},"properties":{"DAUID":"59170624","DGUID":"2021S051259170624","LANDAREA":8.4442,"PRUID":"59","CMA":"Victoria"}},
{"type":"Feature","geometry":{"type":"Polygon","coordinates":[[[-123.45650320654595,48.49350598474691],[-123.45923898250977,48.493837593849285],[-123.46002941877991,48.494313687792335],[-123.4635454308624,48.49486781030793],[-123.4640473349586,48.493669286282284],[-123.46518541177372,48.492558925518715],[-123.46380326913149,48.4889112366894],[-123.46449902148028,48.48759580594249],[-123.46286038392154,48.48621039618829],[-123.46241251125765,48.48418709942129],[-123.46301799847636,48.48201860079551],[-123.46341630115637,48.47892899170805],[-123.46461179157397,48.47791879451485],[-123.46469559573391,48.4761824016733],[-123.4640132935127,48.474725991509075],[-123.46298419574067,48.474297403717834],[-123.46199112079526,48.47252159626879],[-123.46204299158742,48.47112790003687],[-123.45973879129922,48.46935040167005],[-123.46006099298631,48.468681891264225],[-123.4592419150411,48.46683629223043],[-123.45691999767217,48.4650673094145],[-123.45657401287154,48.46188760457868],[-123.45331019441218,48.46214289819698],[-123.45011800839595,48.4634493870908],[-123.45226178811096,48.4654360067039],[-123.45380603645795,48.465786772276914],[-123.45469423503744,48.46670105139578],[-123.45411184328592,48.46831326260338],[-123.45515671902125,48.46998246080579],[-123.45739328142065,48.47202479318363],[-123.45648093498649,48.48061786165262],[-123.45676043160485,48.490393743804844],[-123.45650320654595,48.49350598474691]]]},"properties":{"DAUID":"59170625","DGUID":"2021S051259170625","LANDAREA":1.6522,"PRUID":"59","CMA":"Victoria"}},
{"type":"Feature","geometry":{"type":"Polygon","coordinates":[[[-123.43780129595892,48.46646353636389],[-123.44335024748794,48.46879402711729],[-123.44428190164228,48.466374615626876],[-123.4490126813689,48.46833565866526],[-123.45226178811096,48.4654360067039],[-123.45011800839595,48.4634493870908],[-123.4473786595867,48.465142668112264],[-123.44608893921065,48.464845577977236],[-123.44429772151071,48.46450934051163],[-123.44209398468112,48.46480964146233],[-123.43971001155964,48.46519570844891],[-123.43780129595892,48.46646353636389]]]},"properties":{"DAUID":"59170626","DGUID":"2021S051259170626","LANDAREA":0.3146,"PRUID":"59","CMA":"Victoria"}},
{"type":"Feature","geometry":{"type":"MultiPolygon","coordinates":[[[[-123.45837630158208,48.558907742144335],[-123.46086993094536,48.55863805523688],[-123.4623793186343,48.559180658606365],[-123.46400217189577,48.55899516373937],[-123.46431642819522,48.55910947108542],[-123.46608264286148,48.558014251972516],[-123.4672380319552,48.558377463055066],[-123.47132263142474,48.55892867007119],[-123.475100140948,48.5600195675251],[-123.47589254099698,48.5606632602732],[-123.47662504271693,48.562325361497635],[-123.47630145499001,48.565294868835316],[-123.47661104053921,48.566462649957955],[-123.4750474317225,48.56888096300863],[-123.47524124819282,48.57088627330129],[-123.474124839652,48.571763560294414],[-123.47362093378815,48.572979877487086],[-123.47700354283428,48.57508056517461],[-123.48273055137064,48.57577555935791],[-123.48521124757315,48.577124363174434],[-123.48723192512927,48.57715136900722],[-123.48991834206956,48.57318206055365],[-123.49135913367378,48.573499650451],[-123.49134513013814,48.57071965749162],[-123.4923564343954,48.5700858680403],[-123.49284334709003,48.56859045827889],[-123.49443432725587,48.56648685232344],[-123.49449534094494,48.565803275748365],[-123.49705615031638,48.562822350700635],[-123.49857074922261,48.562519069488744],[-123.4988865489048,48.56160046584987],[-123.5021402308494,48.56027305559169],[-123.5037646559163,48.55852884961132],[-123.49378189109628,48.558039016883534],[-123.49333489259962,48.550210353821605],[-123.4885007738892,48.55022338333498],[-123.48856214615775,48.54402993225983],[-123.4777864355961,48.544144069322634],[-123.46961720276083,48.54399740609004],[-123.46990336148103,48.54652209343306],[-123.47459937499454,48.54875902310216],[-123.47165737280947,48.55119596502195],[-123.4714412532432,48.55726613791078],[-123.46908734596036,48.55548435399019],[-123.46616664320197,48.5537533987932],[-123.46336213552861,48.553479044387515],[-123.46056877151662,48.55116144325625],[-123.4577621813533,48.55121854557989],[-123.45837630158208,48.558907742144335]]],[[[-123.5478735951336,48.50823939064281],[-123.54913314686296,48.50928355084714],[-123.5487419466208,48.51074196212846],[-123.54953443918393,48.512646068980104],[-123.54874204292918,48.513225765042684],[-123.54677774074351,48.513180171035984],[-123.54643444385806,48.51395635993234],[-123.54397835515,48.514624365748496],[-123.54291975520017,48.51578076056993],[-123.54291745254075,48.518039564551145],[-123.5424910448911,48.51875165268436],[-123.54306754547049,48.520647257527415],[-123.54542714646853,48.52360534621778],[-123.54559115667438,48.52492705971691],[-123.54452635606545,48.52549816418499],[-123.54464764591751,48.52668596437099],[-123.54644623921256,48.527540472503965],[-123.54831102684794,48.529708172046085],[-123.54960594178146,48.53040455472098],[-123.55071844022996,48.531964062536815],[-123.55235323767076,48.532801453678886],[-123.55423982963458,48.53435816514725],[-123.55547527686439,48.53602312949078],[-123.56011318478545,48.535705694399475],[-123.56807185743314,48.53574551339977],[-123.57926329854575,48.53567663989368],[-123.57919553610883,48.53169826922454],[-123.58111928690855,48.5317600588061],[-123.58088515735167,48.5261424690027],[-123.58097677486855,48.52472310643675],[-123.5862457927123,48.52508825342261],[-123.58643615584184,48.52121152918379],[-123.60866236654742,48.5217068288075],[-123.60882900844315,48.529017922885096],[-123.61683217910486,48.52912497344324],[-123.61710085769164,48.525597930950646],[-123.61959640132929,48.525603701221804],[-123.64035622050444,48.52595408572314],[-123.64129368838174,48.514855526913536],[-123.63571825378376,48.5147291218915],[-123.63622650320538,48.50090714765397],[-123.65218087087288,48.500720231379695],[-123.65803039972064,48.50084264037553],[-123.65975353967548,48.500749468305465],[-123.66696241052077,48.50083253923301],[-123.67361591124008,48.500742207605995],[-123.69439371976839,48.50059364096519],[-123.70008054155817,48.50035734547227],[-123.71228776715127,48.500545819166575],[-123.72350554375555,48.501012131093034],[-123.74245660201257,48.50101516394227],[-123.74664286568103,48.50081107227774],[-123.75065812481355,48.50080607776746],[-123.75038469239017,48.49682823691387],[-123.74902960488576,48.49684691928741],[-123.74898793504204,48.494133146039765],[-123.74753051973931,48.494151326361376],[-123.74754391382345,48.49324950687665],[-123.7460702350337,48.49326348169447],[-123.74618842907815,48.488733521194476],[-123.74472121899814,48.488653837084264],[-123.74474568618095,48.48775083244753],[-123.74927442207641,48.48769522358971],[-123.74923952635106,48.47987920078736],[-123.75221314704626,48.47985382489101],[-123.75212008355686,48.47394103168479],[-123.74618139101584,48.47401685094522],[-123.73928283537846,48.47416805993153],[-123.73952066835874,48.463230367296944],[-123.73904712022582,48.46221428673803],[-123.73898162315433,48.45881126657859],[-123.73822342911694,48.45642921192853],[-123.7373530118548,48.45539468408697],[-123.73453605841642,48.45408865380878],[-123.73353337796414,48.45323618071556],[-123.73377543034707,48.45074620807072],[-123.73333870623617,48.44983144782905],[-123.73055933264,48.44778735662831],[-123.72683392315653,48.44695979887695],[-123.72533199019206,48.44616774538861],[-123.7213754323929,48.442902042855636],[-123.71902825565961,48.44200980512238],[-123.7174237401434,48.44020889297668],[-123.71677003743075,48.438059770905866],[-123.7152580534855,48.43631899595576],[-123.7146583996714,48.433475191290405],[-123.71343445243063,48.431696305800216],[-123.71160685311112,48.429756578986755],[-123.71191709487312,48.42839911631847],[-123.70671731967713,48.428105299972096],[-123.65670216693681,48.42842594795196],[-123.64569094488422,48.42825248414461],[-123.64559248170424,48.424355128402524],[-123.59311756060615,48.424812122632645],[-123.58054577759795,48.424899823416894],[-123.58048473042581,48.425721451244236],[-123.57483070104185,48.425904201851786],[-123.57462350054968,48.4270302267673],[-123.56980944514454,48.43183499463609],[-123.57117380195537,48.432280523777074],[-123.57145145000725,48.438626856005875],[-123.56561069880307,48.439197699013675],[-123.56163167477517,48.44541645785078],[-123.562919022796,48.44589118239858],[-123.560202398811,48.452670158185796],[-123.55820536956809,48.45565312473606],[-123.56182293002107,48.45805519069684],[-123.56380795689968,48.45886418717224],[-123.56549526577564,48.459038341925734],[-123.5704810391985,48.45931718823947],[-123.57281645291798,48.4599547799715],[-123.57371945814941,48.46101618987677],[-123.57351435380646,48.46246897902694],[-123.57167914769633,48.4636205851371],[-123.56750655069045,48.46425298591175],[-123.56439525594267,48.46544667966841],[-123.56049842730307,48.46553768853053],[-123.55811593011927,48.466601976181764],[-123.55730282593393,48.46770358596913],[-123.5578563520994,48.471200491332056],[-123.55752756057989,48.47207478723244],[-123.5544844444143,48.4737764971777],[-123.55295825234965,48.47786618318085],[-123.55502575195027,48.48080168331356],[-123.55664572092039,48.48176538438818],[-123.55824265658612,48.484146594726575],[-123.55793112688943,48.485323788433334],[-123.5581515329713,48.48822038563485],[-123.55898006120154,48.490285785364186],[-123.55839974888562,48.49240257768496],[-123.55936613658704,48.49451799934218],[-123.55712986048698,48.497527580035054],[-123.5575748332938,48.5023116892497],[-123.55688234632102,48.50332279157321],[-123.55688854826374,48.504464312916646],[-123.55516158765832,48.50443529401692],[-123.55681821748922,48.50618840088802],[-123.55708422843215,48.50783365694674],[-123.54869711816805,48.507989735408856],[-123.5478735951336,48.50823939064281]]]]},"properties":{"DAUID":"59170648","DGUID":"2021S051259170648","LANDAREA":129.4902,"PRUID":"59","CMA":"Victoria"}},
{"type":"Feature","geometry":{"type":"Polygon","coordinates":[[[-123.53250210705968,48.494290097476785],[-123.53091626549124,48.49464540683166],[-123.53038709746609,48.494042488481206],[-123.52758269858131,48.49362011447971],[-123.5240044903967,48.49368179473031],[-123.52252070938282,48.49196278414485],[-123.52080759743602,48.49250249922516],[-123.51819018867668,48.49389928916911],[-123.51587439355372,48.49382249318799],[-123.51530627409686,48.49473339736842],[-123.51269219291994,48.495497117828634],[-123.51329100651824,48.49674910663645],[-123.51200190523303,48.49929038876123],[-123.5132910786364,48.50098150711359],[-123.51364270538741,48.5021573111552],[-123.5097396271742,48.502625702842835],[-123.50963211623359,48.50399820398047],[-123.50702648984415,48.50773740810239],[-123.50639099154296,48.50986558583635],[-123.50711332375946,48.51044430703445],[-123.50603419876069,48.5123727944587],[-123.5075087981944,48.51388340417786],[-123.50447122075711,48.516319395449095],[-123.50441699222584,48.51752361286796],[-123.50332297101939,48.518399491684484],[-123.50341019594507,48.52020211009724],[-123.5029358094646,48.521197097623435],[-123.50420510235897,48.52306539162073],[-123.50531270348807,48.52374780716717],[-123.50569229451483,48.52539129820339],[-123.50430721867068,48.526656204364556],[-123.50432977402934,48.52840129873285],[-123.50385595877343,48.53020239432147],[-123.50234068764382,48.532313461057264],[-123.50052794253611,48.53283878982411],[-123.49897699162166,48.53242988109273],[-123.4980934668314,48.533434185676455],[-123.49892562252626,48.53594941546747],[-123.49621070903702,48.53958375289025],[-123.49567947715968,48.542278693556334],[-123.4945972644402,48.54253716598975],[-123.49488843842892,48.545789742092126],[-123.49281803393754,48.54680022229944],[-123.49208547578561,48.54869698942719],[-123.49074325378568,48.549822892348686],[-123.4885007738892,48.55022338333498],[-123.49333489259962,48.550210353821605],[-123.49378189109628,48.558039016883534],[-123.5037646559163,48.55852884961132],[-123.5057158458877,48.55720816776839],[-123.50513702369282,48.55627385642686],[-123.50618382901801,48.55527127557302],[-123.50510232970763,48.554168966190026],[-123.5077138482725,48.5524128576903],[-123.51249373243117,48.552014059489714],[-123.51451774477634,48.55128486341859],[-123.51630434753368,48.55112395080186],[-123.51862274169609,48.54979086925099],[-123.52236672871665,48.548981970491155],[-123.52527772251676,48.54868145365761],[-123.53237852292989,48.54753355978319],[-123.53634513390482,48.54711906709302],[-123.53761122120368,48.54643825440931],[-123.53862315099309,48.54476056120395],[-123.53824492775058,48.543547171989474],[-123.53868084406616,48.54251037053603],[-123.5378235453118,48.54083264707228],[-123.53891303880765,48.53886575438512],[-123.5378542439044,48.537368946940425],[-123.53813554070292,48.533274371163415],[-123.53583473170899,48.5296682779939],[-123.53479013368079,48.52686687546181],[-123.53441933130682,48.52374637422992],[-123.53580565817195,48.52032966093163],[-123.53494922398194,48.51883145544109],[-123.53479945240731,48.517501268034124],[-123.5356104540547,48.51467276386094],[-123.53745344978061,48.51238826431028],[-123.53810411980484,48.51109796301592],[-123.54025565551457,48.50851586290089],[-123.54224102501144,48.50675986557033],[-123.54200222226679,48.50587966116651],[-123.54418703415014,48.502603954070274],[-123.54641943582801,48.50110005863796],[-123.54780754968944,48.49925856020175],[-123.54804123641466,48.498375470201786],[-123.54729925299998,48.49724146189957],[-123.53360620152225,48.498774038607145],[-123.53250210705968,48.494290097476785]]]},"properties":{"DAUID":"59170649","DGUID":"2021S051259170649","LANDAREA":16.5343,"PRUID":"59","CMA":"Victoria"}},
{"type":"Feature","geometry":{"type":"Polygon","coordinates":[[[-123.49751250468165,48.475499699178016],[-123.49718053174391,48.48201096069554],[-123.49721029742236,48.4896784903923],[-123.49335273091357,48.48851907423131],[-123.4881780431463,48.48846050346756],[-123.48647973709892,48.489347380594445],[-123.48272341720445,48.48972434776152],[-123.48133159329561,48.49614419179144],[-123.4748683236012,48.49776512575678],[-123.47079170805402,48.49509378002841],[-123.4640473349586,48.493669286282284],[-123.4635454308624,48.49486781030793],[-123.4637501168436,48.49693729854067],[-123.46527789820175,48.498303813967105],[-123.4648770838267,48.50003178896167],[-123.46391449210878,48.50172640571153],[-123.46470259618248,48.50197338726217],[-123.46770281204392,48.50096219776888],[-123.47190052763092,48.50080082414459],[-123.47688789981969,48.49956800291161],[-123.47781696838592,48.499883157517644],[-123.47910141678103,48.50379260947893],[-123.4796664716126,48.506118789495765],[-123.47753765502029,48.50791926824473],[-123.47738367694899,48.50865044280674],[-123.47851766811308,48.50953576996543],[-123.47926486869613,48.51275436626957],[-123.47881419130466,48.513600217553964],[-123.47936469069731,48.51556805425678],[-123.48108110450771,48.5173462672257],[-123.48250089648324,48.51804720365801],[-123.48416787902335,48.5169533918],[-123.48912649252493,48.51707540462796],[-123.49206311823643,48.516555993187254],[-123.49303051711203,48.51697111251129],[-123.49755510483811,48.51584541067866],[-123.49882650159638,48.51511799476898],[-123.4994471103836,48.51406869131735],[-123.50253320768698,48.51087028943027],[-123.50625789535704,48.50801138750432],[-123.50702648984415,48.50773740810239],[-123.50963211623359,48.50399820398047],[-123.5097396271742,48.502625702842835],[-123.51364270538741,48.5021573111552],[-123.5132910786364,48.50098150711359],[-123.51200190523303,48.49929038876123],[-123.51329100651824,48.49674910663645],[-123.51269219291994,48.495497117828634],[-123.51530627409686,48.49473339736842],[-123.51587439355372,48.49382249318799],[-123.51819018867668,48.49389928916911],[-123.52080759743602,48.49250249922516],[-123.52252070938282,48.49196278414485],[-123.5240044903967,48.49368179473031],[-123.52758269858131,48.49362011447971],[-123.53038709746609,48.494042488481206],[-123.53091626549124,48.49464540683166],[-123.53250210705968,48.494290097476785],[-123.53129674858816,48.485945753284014],[-123.5346554098869,48.485941382233854],[-123.53432919894175,48.47872413428067],[-123.5272162874272,48.47886915362794],[-123.52468373796799,48.47870107420988],[-123.5246931314832,48.47515694382374],[-123.52437823930795,48.47486896789286],[-123.52006290459704,48.47510109322356],[-123.51595025453095,48.47499118364617],[-123.51062375845784,48.47555362669082],[-123.50937749054108,48.47546561366038],[-123.51047983463219,48.47709244172775],[-123.50329228630278,48.4774500972801],[-123.50353571609294,48.475581633475684],[-123.49751250468165,48.475499699178016]]]},"properties":{"DAUID":"59170650","DGUID":"2021S051259170650","LANDAREA":11.4984,"PRUID":"59","CMA":"Victoria"}},
{"type":"Feature","geometry":{"type":"Polygon","coordinates":[[[-123.45813233643413,48.50379269178732],[-123.4583009672401,48.514669612836364],[-123.46345562772575,48.51439272285307],[-123.46361173992733,48.52316843748409],[-123.47248001859764,48.52279221451088],[-123.47276555464731,48.53732551706454],[-123.47773746263418,48.537298366583805],[-123.4777864355961,48.544144069322634],[-123.48856214615775,48.54402993225983],[-123.4885007738892,48.55022338333498],[-123.49074325378568,48.549822892348686],[-123.49208547578561,48.54869698942719],[-123.49281803393754,48.54680022229944],[-123.49488843842892,48.545789742092126],[-123.4945972644402,48.54253716598975],[-123.49567947715968,48.542278693556334],[-123.49621070903702,48.53958375289025],[-123.49892562252626,48.53594941546747],[-123.4980934668314,48.533434185676455],[-123.49897699162166,48.53242988109273],[-123.50052794253611,48.53283878982411],[-123.50234068764382,48.532313461057264],[-123.50385595877343,48.53020239432147],[-123.50432977402934,48.52840129873285],[-123.50430721867068,48.526656204364556],[-123.50569229451483,48.52539129820339],[-123.50531270348807,48.52374780716717],[-123.50420510235897,48.52306539162073],[-123.5029358094646,48.521197097623435],[-123.50341019594507,48.52020211009724],[-123.50332297101939,48.518399491684484],[-123.50441699222584,48.51752361286796],[-123.50447122075711,48.516319395449095],[-123.5075087981944,48.51388340417786],[-123.50603419876069,48.5123727944587],[-123.50711332375946,48.51044430703445],[-123.50639099154296,48.50986558583635],[-123.50702648984415,48.50773740810239],[-123.50625789535704,48.50801138750432],[-123.50253320768698,48.51087028943027],[-123.4994471103836,48.51406869131735],[-123.49882650159638,48.51511799476898],[-123.49755510483811,48.51584541067866],[-123.49303051711203,48.51697111251129],[-123.49206311823643,48.516555993187254],[-123.48912649252493,48.51707540462796],[-123.48416787902335,48.5169533918],[-123.48250089648324,48.51804720365801],[-123.48108110450771,48.5173462672257],[-123.47936469069731,48.51556805425678],[-123.47881419130466,48.513600217553964],[-123.47926486869613,48.51275436626957],[-123.47851766811308,48.50953576996543],[-123.47738367694899,48.50865044280674],[-123.47753765502029,48.50791926824473],[-123.4796664716126,48.506118789495765],[-123.47910141678103,48.50379260947893],[-123.47781696838592,48.499883157517644],[-123.47688789981969,48.49956800291161],[-123.47190052763092,48.50080082414459],[-123.46770281204392,48.50096219776888],[-123.46470259618248,48.50197338726217],[-123.46391449210878,48.50172640571153],[-123.4648770838267,48.50003178896167],[-123.46527789820175,48.498303813967105],[-123.4637501168436,48.49693729854067],[-123.4635454308624,48.49486781030793],[-123.46002941877991,48.494313687792335],[-123.45923898250977,48.493837593849285],[-123.45650320654595,48.49350598474691],[-123.45689418929854,48.497702114017336],[-123.45908446255234,48.49862927459128],[-123.45813233643413,48.50379269178732]]]},"properties":{"DAUID":"59170651","DGUID":"2021S051259170651","LANDAREA":9.9779,"PRUID":"59","CMA":"Victoria"}},
{"type":"Feature","geometry":{"type":"Polygon","coordinates":[[[-123.65670216693681,48.42842594795196],[-123.6603896441367,48.425703366218535],[-123.66289388581552,48.42511569638204],[-123.66659829502645,48.425549508524234],[-123.66862497177888,48.42554535381645],[-123.67108900754423,48.426179624533404],[-123.67222973076389,48.42559618849026],[-123.67363424408275,48.42391357154953],[-123.67535036320922,48.421286434774714],[-123.67825832661622,48.41843130724431],[-123.6796922803568,48.41630484875189],[-123.67944936528299,48.4152404314743],[-123.67705362000684,48.41337479967168],[-123.67406975810951,48.40965887506047],[-123.67204200572777,48.40764371626361],[-123.66973877657662,48.40608419905191],[-123.66798464563165,48.40400148595646],[-123.66515470264055,48.40131772687713],[-123.66444498558961,48.39988416014429],[-123.66466528657331,48.39837930654884],[-123.66570140118775,48.3978205011038],[-123.66518801548365,48.395846104004505],[-123.66594709388875,48.39483310376313],[-123.67205110530794,48.3930891957007],[-123.67503299469354,48.3915542085028],[-123.67682189204065,48.39196770528004],[-123.67976690927024,48.391566193230524],[-123.68422099518386,48.39035169879678],[-123.6854006912174,48.38910790925857],[-123.6856962985564,48.38725230713934],[-123.68354109648214,48.38821231415978],[-123.68151800528047,48.38953050291584],[-123.67622318768055,48.3908436043394],[-123.66886144959592,48.391060300462705],[-123.66559250485965,48.39119930659848],[-123.6640091991519,48.39167658569561],[-123.65975989531024,48.39356021283617],[-123.65614056555529,48.39464059887778],[-123.65490388802844,48.394703380403165],[-123.6513660637358,48.39394678974621],[-123.65092549748579,48.393370711541245],[-123.65121407616626,48.390353548518604],[-123.6508019878825,48.38963922702539],[-123.64665328248044,48.3869707099572],[-123.6442805863883,48.387192929061314],[-123.64334579549691,48.38883044759993],[-123.64213235436821,48.389512171938875],[-123.6403869791264,48.391209147116335],[-123.63797602499913,48.391490805361],[-123.63709527776165,48.39206628599285],[-123.63643967941142,48.393641389445065],[-123.6372717985268,48.39466100044033],[-123.63670918754701,48.39553389360674],[-123.6367715093563,48.39747139116279],[-123.6364455848684,48.4002170908621],[-123.6381020056739,48.401394800922446],[-123.63794720270153,48.404171402397274],[-123.63876452733743,48.40622213936763],[-123.63863899676899,48.40822391366855],[-123.6446009402806,48.410682715449845],[-123.64479734882683,48.41448004452725],[-123.64559248170424,48.424355128402524],[-123.64569094488422,48.42825248414461],[-123.65670216693681,48.42842594795196]]]},"properties":{"DAUID":"59170652","DGUID":"2021S051259170652","LANDAREA":9.1821,"PRUID":"59","CMA":"Victoria"}},
{"type":"Feature","geometry":{"type":"Polygon","coordinates":[[[-123.66886144959592,48.391060300462705],[-123.6683348642625,48.38869285551701],[-123.66583904252539,48.388896568987796],[-123.66402374096657,48.38951744870815],[-123.6600681465421,48.38653664977371],[-123.6584753244283,48.386734569175836],[-123.65573264834319,48.386579366428684],[-123.65357152720807,48.38768026498107],[-123.65420622558298,48.38870145535573],[-123.65614345062407,48.38915005870778],[-123.65710862230034,48.3885048627503],[-123.65962845460712,48.38805906718651],[-123.66056481947858,48.38747805604912],[-123.66228725867029,48.388970566203824],[-123.65868296124293,48.39024096516649],[-123.65791924851659,48.39173076996134],[-123.65562582296559,48.39302956802574],[-123.65492803286794,48.39450935448431],[-123.65268734967479,48.39356796000821],[-123.6533638511324,48.39154987053745],[-123.65243932844733,48.39096027592454],[-123.65201303023821,48.389308160727246],[-123.64916615115214,48.38745237231302],[-123.6482022450491,48.3860281512503],[-123.64499576077856,48.38558666529266],[-123.6436196383315,48.385747563834535],[-123.64015893767187,48.38869007545472],[-123.63860394122528,48.38972544768473],[-123.63510044291135,48.38930387266881],[-123.6339737576038,48.3887783635825],[-123.63528505224875,48.38672886890397],[-123.63530971487943,48.38556383057234],[-123.63446730037181,48.38508423614849],[-123.63302351973257,48.38667800359981],[-123.63190982484015,48.38736188049642],[-123.62891024815488,48.386151491220595],[-123.62673173199349,48.38680509806155],[-123.6254053947161,48.38474126028011],[-123.62292396284094,48.38541933987],[-123.62579165798614,48.39024133755143],[-123.61090302500853,48.38445589465434],[-123.60597348633839,48.390673735064766],[-123.61563624183567,48.394336339977414],[-123.61336751964392,48.39711339686553],[-123.61927010976126,48.39893179996772],[-123.63863899676899,48.40822391366855],[-123.63876452733743,48.40622213936763],[-123.63794720270153,48.404171402397274],[-123.6381020056739,48.401394800922446],[-123.6364455848684,48.4002170908621],[-123.6367715093563,48.39747139116279],[-123.63670918754701,48.39553389360674],[-123.6372717985268,48.39466100044033],[-123.63643967941142,48.393641389445065],[-123.63709527776165,48.39206628599285],[-123.63797602499913,48.391490805361],[-123.6403869791264,48.391209147116335],[-123.64213235436821,48.389512171938875],[-123.64334579549691,48.38883044759993],[-123.6442805863883,48.387192929061314],[-123.64665328248044,48.3869707099572],[-123.6508019878825,48.38963922702539],[-123.65121407616626,48.390353548518604],[-123.65092549748579,48.393370711541245],[-123.6513660637358,48.39394678974621],[-123.65490388802844,48.394703380403165],[-123.65614056555529,48.39464059887778],[-123.65975989531024,48.39356021283617],[-123.6640091991519,48.39167658569561],[-123.66559250485965,48.39119930659848],[-123.66886144959592,48.391060300462705]]]},"properties":{"DAUID":"59170653","DGUID":"2021S051259170653","LANDAREA":3.917,"PRUID":"59","CMA":"Victoria"}},
{"type":"Feature","geometry":{"type":"Polygon","coordinates":[[[-123.6856962985564,48.38725230713934],[-123.69291590549628,48.3874460102506],[-123.69457641838095,48.3862768370916],[-123.69293239060741,48.384350249629385],[-123.69647671730928,48.38337296814638],[-123.69424634054086,48.38209737554115],[-123.69270454805378,48.37892137368769],[-123.69119722979175,48.378327462854465],[-123.68938424507013,48.38004796353765],[-123.68779094910427,48.38102916768196],[-123.68640983339162,48.382792370602544],[-123.68610662853482,48.38535736090336],[-123.6850489272757,48.38701086357002],[-123.68423433817453,48.38676305391],[-123.68194364139609,48.38826136782764],[-123.67713732938401,48.38937937508606],[-123.67483785242037,48.38909595441328],[-123.67224531365268,48.38822855742899],[-123.67096863351283,48.38863167510705],[-123.6683348642625,48.38869285551701],[-123.66886144959592,48.391060300462705],[-123.67622318768055,48.3908436043394],[-123.68151800528047,48.38953050291584],[-123.68354109648214,48.38821231415978],[-123.6856962985564,48.38725230713934]]]},"properties":{"DAUID":"59170654","DGUID":"2021S051259170654","LANDAREA":0.706,"PRUID":"59","CMA":"Victoria"}},
{"type":"Feature","geometry":{"type":"Polygon","coordinates":[[[-123.69291590549628,48.3874460102506],[-123.68893480651562,48.3883945458683],[-123.68963188988616,48.389725458234444],[-123.69591208542808,48.387842387225284],[-123.70253661808933,48.38626781853051],[-123.699328048063,48.38527905341842],[-123.69827733881485,48.38443026363848],[-123.69647671730928,48.38337296814638],[-123.69293239060741,48.384350249629385],[-123.69457641838095,48.3862768370916],[-123.69291590549628,48.3874460102506]]]},"properties":{"DAUID":"59170655","DGUID":"2021S051259170655","LANDAREA":0.2472,"PRUID":"59","CMA":"Victoria"}},
{"type":"Feature","geometry":{"type":"Polygon","coordinates":[[[-123.71191709487312,48.42839911631847],[-123.71428513511258,48.424241151779924],[-123.71580944097423,48.42206357032877],[-123.71397325925277,48.4203558648064],[-123.71307764570624,48.419102550777374],[-123.71314372090298,48.41604336571864],[-123.71282565732905,48.414579261898616],[-123.71281883525145,48.41121385925365],[-123.71166632483181,48.409897971108784],[-123.70891594475341,48.408503655669975],[-123.70610635870506,48.407566468379805],[-123.70601382447008,48.405696463980185],[-123.70507345563122,48.40420816182428],[-123.70497862503251,48.403192766699206],[-123.70586065333512,48.40243075944219],[-123.7079955459545,48.402526256607196],[-123.70882092561419,48.40158485972486],[-123.707387545702,48.400513755781816],[-123.70573004833922,48.39993987211362],[-123.70206483558043,48.39960235057474],[-123.70148153264364,48.398489953922976],[-123.70220201779026,48.397747961835655],[-123.70665764583318,48.39566005514826],[-123.70898143682233,48.39374887581729],[-123.70754264015598,48.38926827561431],[-123.7060082338793,48.388701473287234],[-123.7056127573813,48.38714578937362],[-123.70392451882564,48.38730111915571],[-123.70314188259285,48.38570570817069],[-123.70253661808933,48.38626781853051],[-123.69591208542808,48.387842387225284],[-123.68963188988616,48.389725458234444],[-123.68893480651562,48.3883945458683],[-123.69291590549628,48.3874460102506],[-123.6856962985564,48.38725230713934],[-123.6854006912174,48.38910790925857],[-123.68422099518386,48.39035169879678],[-123.67976690927024,48.391566193230524],[-123.67682189204065,48.39196770528004],[-123.67503299469354,48.3915542085028],[-123.67205110530794,48.3930891957007],[-123.66594709388875,48.39483310376313],[-123.66518801548365,48.395846104004505],[-123.66570140118775,48.3978205011038],[-123.66466528657331,48.39837930654884],[-123.66444498558961,48.39988416014429],[-123.66515470264055,48.40131772687713],[-123.66798464563165,48.40400148595646],[-123.66973877657662,48.40608419905191],[-123.67204200572777,48.40764371626361],[-123.67406975810951,48.40965887506047],[-123.67705362000684,48.41337479967168],[-123.67944936528299,48.4152404314743],[-123.6796922803568,48.41630484875189],[-123.67825832661622,48.41843130724431],[-123.67535036320922,48.421286434774714],[-123.67363424408275,48.42391357154953],[-123.67222973076389,48.42559618849026],[-123.67108900754423,48.426179624533404],[-123.66862497177888,48.42554535381645],[-123.66659829502645,48.425549508524234],[-123.66289388581552,48.42511569638204],[-123.6603896441367,48.425703366218535],[-123.65670216693681,48.42842594795196],[-123.70671731967713,48.428105299972096],[-123.71191709487312,48.42839911631847]]]},"properties":{"DAUID":"59170656","DGUID":"2021S051259170656","LANDAREA":12.3324,"PRUID":"59","CMA":"Victoria"}},
{"type":"Feature","geometry":{"type":"Polygon","coordinates":[[[-123.72385911745423,48.386856635059665],[-123.72629671057072,48.385777399815716],[-123.72959358808103,48.38527289723794],[-123.73320558717938,48.383420700644145],[-123.73263615205181,48.38278628600961],[-123.72965909986384,48.38092798633482],[-123.72840930704025,48.38093719022358],[-123.72598418560719,48.38027369304681],[-123.72534059596016,48.37972785086709],[-123.72383261057007,48.377315700690005],[-123.72172922150824,48.37851392788694],[-123.71823300036527,48.378939891479945],[-123.72138800384847,48.38392419834732],[-123.7221123924374,48.38413549969517],[-123.72385911745423,48.386856635059665]]]},"properties":{"DAUID":"59170659","DGUID":"2021S051259170659","LANDAREA":0.5566,"PRUID":"59","CMA":"Victoria"}},
{"type":"Feature","geometry":{"type":"Polygon","coordinates":[[[-123.72385911745423,48.386856635059665],[-123.72556827217444,48.3896617095754],[-123.7338681925621,48.38734570778762],[-123.73395299635654,48.38675499298069],[-123.73320558717938,48.383420700644145],[-123.72959358808103,48.38527289723794],[-123.72629671057072,48.385777399815716],[-123.72385911745423,48.386856635059665]]]},"properties":{"DAUID":"59170660","DGUID":"2021S051259170660","LANDAREA":0.264,"PRUID":"59","CMA":"Victoria"}},
{"type":"Feature","geometry":{"type":"Polygon","coordinates":[[[-123.73320558717938,48.383420700644145],[-123.73395299635654,48.38675499298069],[-123.73764382085167,48.38545260435757],[-123.73874108206452,48.383870101620595],[-123.73892790868449,48.382413300843325],[-123.73814970632529,48.38121177902091],[-123.7359621252343,48.38186381437728],[-123.73517255059849,48.38061966728597],[-123.73304818917696,48.38124684210266],[-123.73381897360048,48.382459942924655],[-123.73263615205181,48.38278628600961],[-123.73320558717938,48.383420700644145]]]},"properties":{"DAUID":"59170661","DGUID":"2021S051259170661","LANDAREA":0.2066,"PRUID":"59","CMA":"Victoria"}},
{"type":"Feature","geometry":{"type":"Polygon","coordinates":[[[-123.73263615205181,48.38278628600961],[-123.73381897360048,48.382459942924655],[-123.73304818917696,48.38124684210266],[-123.73517255059849,48.38061966728597],[-123.7359621252343,48.38186381437728],[-123.73814970632529,48.38121177902091],[-123.7365763168212,48.37874340951348],[-123.74051670846069,48.37730740688809],[-123.73993387562436,48.3755978640128],[-123.72534059596016,48.37972785086709],[-123.72598418560719,48.38027369304681],[-123.72840930704025,48.38093719022358],[-123.72965909986384,48.38092798633482],[-123.73263615205181,48.38278628600961]]]},"properties":{"DAUID":"59170662","DGUID":"2021S051259170662","LANDAREA":0.3695,"PRUID":"59","CMA":"Victoria"}},
{"type":"Feature","geometry":{"type":"Polygon","coordinates":[[[-123.72534059596016,48.37972785086709],[-123.73993387562436,48.3755978640128],[-123.73460925579951,48.3723368593329],[-123.73278446144188,48.37147085095508],[-123.72872430517741,48.37009872232637],[-123.72536169886072,48.37390129216673],[-123.72469730572001,48.376371300488],[-123.72383261057007,48.377315700690005],[-123.72534059596016,48.37972785086709]]]},"properties":{"DAUID":"59170663","DGUID":"2021S051259170663","LANDAREA":0.6694,"PRUID":"59","CMA":"Victoria"}},
{"type":"Feature","geometry":{"type":"Polygon","coordinates":[[[-123.74590910543668,48.36104500098343],[-123.74370761115095,48.35918370340596],[-123.74379790408686,48.358078191206594],[-123.74297138997504,48.35752850190621],[-123.74020209757731,48.358201598031506],[-123.73946072196819,48.35699809614556],[-123.73416809420777,48.358180702001164],[-123.73589919466308,48.35916549580198],[-123.73691090159808,48.36063178895229],[-123.73760530988292,48.36270720975447],[-123.7369762065538,48.36383258292304],[-123.73730131180115,48.36577120428999],[-123.74035796973125,48.36594744087486],[-123.74120583534626,48.36624961804539],[-123.73997880906586,48.362781076963536],[-123.74590910543668,48.36104500098343]]]},"properties":{"DAUID":"59170665","DGUID":"2021S051259170665","LANDAREA":0.4042,"PRUID":"59","CMA":"Victoria"}},
{"type":"Feature","geometry":{"type":"Polygon","coordinates":[[[-123.74120583534626,48.36624961804539],[-123.75386767466897,48.36401095647051],[-123.75484679372715,48.36340408611248],[-123.75364882248888,48.36123835431023],[-123.75364514089605,48.359196026245435],[-123.75277166334251,48.35887534263439],[-123.74590910543668,48.36104500098343],[-123.73997880906586,48.362781076963536],[-123.74120583534626,48.36624961804539]]]},"properties":{"DAUID":"59170666","DGUID":"2021S051259170666","LANDAREA":0.4999,"PRUID":"59","CMA":"Victoria"}},
{"type":"Feature","geometry":{"type":"Polygon","coordinates":[[[-123.78401452525189,48.367211424030245],[-123.78542398673282,48.36582060194569],[-123.78712440882401,48.3651844860838],[-123.7898311950051,48.36526630801856],[-123.79305989780603,48.366091201531255],[-123.79496310038796,48.36610120128915],[-123.79557938039414,48.368925593901196],[-123.79552330259112,48.370131796265895],[-123.7945271807044,48.371470910090416],[-123.79430818393575,48.37299020503955],[-123.7919024862264,48.37597700189393],[-123.7916303944994,48.37666739576181],[-123.79183460063446,48.378963888758875],[-123.79104618872559,48.38124761061989],[-123.78918818272808,48.383083495166225],[-123.78891391283544,48.38457857445076],[-123.79064659761946,48.38440475821149],[-123.7939160248198,48.38459632279008],[-123.7959878284389,48.382935003705946],[-123.79966619152665,48.38139119650325],[-123.8009558118963,48.380437011112726],[-123.80610449696294,48.37838889573714],[-123.80872302037157,48.377861494803305],[-123.81036390759876,48.37699829545934],[-123.8131345022297,48.376298203632004],[-123.81782760074164,48.37455389139018],[-123.82026532468633,48.37399550233435],[-123.82472610864464,48.37377620326914],[-123.82618930943963,48.374630492731505],[-123.82886720650612,48.374827995091216],[-123.8314269862934,48.37442510053477],[-123.83267111347482,48.373063799977054],[-123.83208788902009,48.37129170821127],[-123.83239020155716,48.370132004320816],[-123.8345018969485,48.36902428507221],[-123.83296854774488,48.367429462112625],[-123.83031844375314,48.363913057040776],[-123.82805576258129,48.362571465157124],[-123.8262519630072,48.360308364990225],[-123.8247305342116,48.359797072673835],[-123.8228915370158,48.35709255370293],[-123.82104213548601,48.35706975691478],[-123.81803734322972,48.3581976737653],[-123.81712974490489,48.35887984685304],[-123.81400992208945,48.35966605612409],[-123.81170002273947,48.359583460327485],[-123.8093018365684,48.3607071600546],[-123.80672345764236,48.36076987011732],[-123.80460423831379,48.36156736545642],[-123.80401296097551,48.36257996625197],[-123.80050524866675,48.36279216407804],[-123.79873082102635,48.36332766130365],[-123.79806772237816,48.36402416074873],[-123.79585984078787,48.36448987106934],[-123.79378824316798,48.36414377062845],[-123.78993163128132,48.364439961024466],[-123.78643474188704,48.36437446535582],[-123.7842762234706,48.36538716458682],[-123.78364350245648,48.36648585141645],[-123.78401452525189,48.367211424030245]]]},"properties":{"DAUID":"59170670","DGUID":"2021S051259170670","LANDAREA":5.374,"PRUID":"59","CMA":"Victoria"}},
{"type":"Feature","geometry":{"type":"Polygon","coordinates":[[[-123.8314269862934,48.37442510053477],[-123.82894117242168,48.37681383662827],[-123.82840359026966,48.37803440027453],[-123.82837706687083,48.381142548734346],[-123.83068235985901,48.38436916905207],[-123.83484303436717,48.388850980081166],[-123.83737541112423,48.38793386060655],[-123.84402724984936,48.387858200338975],[-123.85782459696433,48.388089808228926],[-123.86217129550319,48.38993975394026],[-123.86265914949873,48.38964285660696],[-123.86626191757196,48.389823068504676],[-123.86575110952313,48.394416415242645],[-123.86562097943835,48.40293689832374],[-123.87650605092672,48.402904093126594],[-123.88942420853023,48.40262757336609],[-123.91223397942419,48.40516760071784],[-123.91227448145561,48.40236650722862],[-123.92328615205183,48.40239669686969],[-123.92336300369615,48.40423079984149],[-123.93645096466415,48.40438377003067],[-123.93633101334181,48.405959906162245],[-123.9400836585983,48.4061283164471],[-123.94992787929245,48.405113925576536],[-123.94993620478893,48.403682478849966],[-123.95626483989811,48.404161641312065],[-123.97134071732543,48.4039753245982],[-123.97146500033311,48.40767795592344],[-123.981821204393,48.407467129834515],[-123.98167513658488,48.41666375632177],[-124.00347960712449,48.41679682253243],[-124.00335193202963,48.418888426532774],[-124.01510139060841,48.418895696617184],[-124.0148373064392,48.4300148887784],[-124.02573894174652,48.430032425035165],[-124.04195541430408,48.430490596702384],[-124.0514603328087,48.43069028477915],[-124.05130470209257,48.42969008472781],[-124.05199049687205,48.42759788690099],[-124.05220848413413,48.425285002923665],[-124.05357651907025,48.42415990568005],[-124.0551694725673,48.42188978065709],[-124.05499173554554,48.4208030571659],[-124.05134992801806,48.4211961547386],[-124.0494250399678,48.42095264754533],[-124.0468070562846,48.41983325688345],[-124.04455124021811,48.41989016819907],[-124.04380304988122,48.420985369432756],[-124.04083883967101,48.42134577110006],[-124.03844045146094,48.421052361873855],[-124.03588565056657,48.42037295680682],[-124.03350635070225,48.419081263248835],[-124.03154252638375,48.417533170226115],[-124.02969545316554,48.41704605285037],[-124.02823033491688,48.41750887651532],[-124.02309246171266,48.41670996171298],[-124.01930865896088,48.41538396108439],[-124.0137666476139,48.41259106090066],[-124.01123093279799,48.41075957889609],[-124.01019663776536,48.411136959058595],[-124.00773375807418,48.41023267000921],[-124.0052932612069,48.40983096368278],[-124.00264164332566,48.40973694905701],[-124.0009230332284,48.4088966667151],[-123.99900264032406,48.40885967491893],[-123.9974393615451,48.40759636868373],[-123.99577774205027,48.407008150361825],[-123.99316714764156,48.4068059591735],[-123.99078723090645,48.40463116608961],[-123.99065524456105,48.40415544847317],[-123.98775392908263,48.4015264564408],[-123.98793252059806,48.40028306522949],[-123.98529823214182,48.39755285100618],[-123.98641542295601,48.39590505726924],[-123.98246962561637,48.39581396384433],[-123.97981843544834,48.393532358016216],[-123.97722204448851,48.393411271051946],[-123.9762995516871,48.392528251966986],[-123.97450664784746,48.39275895131799],[-123.97390233861648,48.39435697516356],[-123.97121222000267,48.39494656019486],[-123.96963013674205,48.39489676252423],[-123.96723593734819,48.39399947701921],[-123.96505962854236,48.39462046545761],[-123.96381523051024,48.39457626184995],[-123.95948183600487,48.39544937198655],[-123.95699953563273,48.396262577262995],[-123.95454602034788,48.39584096361311],[-123.95134365760609,48.39584096491889],[-123.94882555260152,48.39552057043312],[-123.94589253320164,48.39325037246085],[-123.94371305207258,48.39010147183895],[-123.94140973723123,48.387510767226125],[-123.9420475403798,48.386210456767174],[-123.94092104595447,48.385229152983406],[-123.93860795742252,48.38428636450016],[-123.93641033081052,48.383772270866714],[-123.93589883178608,48.383182554989254],[-123.93274522447334,48.38199485619295],[-123.9314749233653,48.38199625860851],[-123.9283397335342,48.37962776753416],[-123.92736144354855,48.37933865789093],[-123.92279804404356,48.37715397163662],[-123.91956223358106,48.37673805614348],[-123.91607043149632,48.37701866769694],[-123.91140533544772,48.379718970029934],[-123.90841962741315,48.3796163541544],[-123.90521105596076,48.37922756608431],[-123.90394743201419,48.38029857417342],[-123.90232605714833,48.38098646853392],[-123.89738895512198,48.38136676383751],[-123.89717085885101,48.38207886298388],[-123.89328393816054,48.38216286763196],[-123.89188376040212,48.38244486133052],[-123.88816522848136,48.38222986070789],[-123.88326454821764,48.38148495528392],[-123.87960234423744,48.38145075464247],[-123.87556034445745,48.38113887191562],[-123.87156825576143,48.37997246732473],[-123.869351435564,48.379036752153844],[-123.86729884517081,48.37984287341211],[-123.86593102675894,48.38121145754732],[-123.86481484692158,48.38069025038611],[-123.86606556155046,48.3795465681651],[-123.86311604477442,48.37930734664611],[-123.86053824562367,48.37854396919431],[-123.85433854698532,48.37528966394927],[-123.85142135648579,48.37446505931878],[-123.8482904455476,48.37286847469063],[-123.84632663053536,48.37250526223915],[-123.84312852548815,48.372681954984365],[-123.84112244624967,48.372291668158226],[-123.83753673132404,48.37098567535007],[-123.8345018969485,48.36902428507221],[-123.83239020155716,48.370132004320816],[-123.83208788902009,48.37129170821127],[-123.83267111347482,48.373063799977054],[-123.8314269862934,48.37442510053477]]]},"properties":{"DAUID":"59170671","DGUID":"2021S051259170671","LANDAREA":28.7007,"PRUID":"59","CMA":"Victoria"}},
{"type":"Feature","geometry":{"type":"Polygon","coordinates":[[[-123.49843424918126,48.39829948323891],[-123.50034912472759,48.39671336057033],[-123.50407291625345,48.39569654804338],[-123.50691074227024,48.395600242575824],[-123.50964427759021,48.393489498473976],[-123.51228318313427,48.39258389678663],[-123.51675852113145,48.39272510574869],[-123.51931420241334,48.39206629059874],[-123.52261370864662,48.39161880288602],[-123.5253822071187,48.39003330142356],[-123.526952291,48.38844139546887],[-123.52712270177399,48.387373104666814],[-123.52654350073706,48.38560998808353],[-123.52693221991711,48.38418249764328],[-123.52923199402271,48.381880697016996],[-123.52399359765725,48.379931193098344],[-123.5198895795084,48.379594710862165],[-123.51857863942652,48.38090957007123],[-123.5168078426911,48.38210445849897],[-123.51480164537165,48.383921766276636],[-123.51235783017356,48.385489868682576],[-123.5143174475764,48.38543566700743],[-123.51668771934459,48.38615345852738],[-123.52113543087476,48.38648396274111],[-123.52140424588617,48.387851171580486],[-123.5183204381009,48.38745096324823],[-123.51786993976447,48.388118947652295],[-123.51561212068118,48.38930665753424],[-123.51427812323212,48.388242868514624],[-123.5106546500377,48.38671175749077],[-123.50772212824043,48.38380926666362],[-123.50609463544504,48.38317836976139],[-123.50478954837033,48.38502836733258],[-123.50569734372067,48.38657077103476],[-123.50432934373396,48.387611869451945],[-123.50254491879559,48.38743955479117],[-123.50183615084713,48.386858463859596],[-123.49903834442986,48.386538050975126],[-123.49704654334508,48.387409658037946],[-123.49611643768634,48.3861805730908],[-123.49385083543997,48.386398449560474],[-123.49139754321523,48.385580954829116],[-123.49002253500785,48.38593707120368],[-123.48889763137831,48.3853929552156],[-123.48171611739257,48.384505654862295],[-123.47985065017987,48.38571055643599],[-123.47771124104312,48.38657366499119],[-123.47742304044787,48.38892355244267],[-123.47836344480729,48.390017366588715],[-123.48037212990253,48.39081775432113],[-123.48077792820544,48.389592953060706],[-123.48177705002497,48.38939926718908],[-123.48356345980844,48.38994186708214],[-123.48476636322381,48.391294866953366],[-123.48738204700537,48.392183656928765],[-123.48725584094514,48.393290263138475],[-123.48889204050502,48.393345748004876],[-123.48872844667773,48.395964855304015],[-123.48580665826796,48.40034864825249],[-123.48829041016282,48.400916103161954],[-123.49206068320544,48.398854691892225],[-123.49455508834303,48.398169797566226],[-123.49611292860932,48.39849256422803],[-123.49843424918126,48.39829948323891]]]},"properties":{"DAUID":"59170678","DGUID":"2021S051259170678","LANDAREA":3.7309,"PRUID":"59","CMA":"Victoria"}},
{"type":"Feature","geometry":{"type":"Polygon","coordinates":[[[-123.54016621254843,48.40919042925884],[-123.54144146437406,48.4078302639415],[-123.54217878728184,48.406356848295346],[-123.54432358381136,48.40561930922555],[-123.54615769371031,48.40561680594852],[-123.54932539534066,48.40350878827356],[-123.55095640917604,48.40099450014324],[-123.55074991401878,48.398523383321916],[-123.54837031095526,48.39844118566589],[-123.5468860803138,48.399239996004745],[-123.54548639568603,48.3988793122026],[-123.5450272989677,48.397982194568776],[-123.54304460807269,48.396174989954105],[-123.53944349000716,48.39523910154325],[-123.53879098500987,48.39404531111549],[-123.53663238684068,48.39282898616806],[-123.53761728107149,48.39196010338251],[-123.53805360862775,48.39051739923558],[-123.53916400383021,48.389774997364285],[-123.53884662208235,48.388799898568664],[-123.53606290232108,48.38887579803915],[-123.53408451068161,48.38920130827467],[-123.53295439422733,48.390399601660896],[-123.5299103855305,48.39181828937337],[-123.5253822071187,48.39003330142356],[-123.52261370864662,48.39161880288602],[-123.51931420241334,48.39206629059874],[-123.51675852113145,48.39272510574869],[-123.51228318313427,48.39258389678663],[-123.50964427759021,48.393489498473976],[-123.50691074227024,48.395600242575824],[-123.50407291625345,48.39569654804338],[-123.50034912472759,48.39671336057033],[-123.49843424918126,48.39829948323891],[-123.50170865434771,48.39896241954212],[-123.51802790584927,48.40275550149219],[-123.52521723607643,48.40457207603253],[-123.52909022811845,48.40670700384078],[-123.53265750699651,48.40639218207967],[-123.53606536779384,48.40713495880806],[-123.53990852291572,48.40855895638303],[-123.54016621254843,48.40919042925884]]]},"properties":{"DAUID":"59170679","DGUID":"2021S051259170679","LANDAREA":4.2928,"PRUID":"59","CMA":"Victoria"}},
{"type":"Feature","geometry":{"type":"Polygon","coordinates":[[[-123.5253822071187,48.39003330142356],[-123.5299103855305,48.39181828937337],[-123.53295439422733,48.390399601660896],[-123.53408451068161,48.38920130827467],[-123.53606290232108,48.38887579803915],[-123.53884662208235,48.388799898568664],[-123.53916400383021,48.389774997364285],[-123.53805360862775,48.39051739923558],[-123.53761728107149,48.39196010338251],[-123.53663238684068,48.39282898616806],[-123.53879098500987,48.39404531111549],[-123.53944349000716,48.39523910154325],[-123.54304460807269,48.396174989954105],[-123.5450272989677,48.397982194568776],[-123.54548639568603,48.3988793122026],[-123.5468860803138,48.399239996004745],[-123.54837031095526,48.39844118566589],[-123.55074991401878,48.398523383321916],[-123.55228682615916,48.39532149971066],[-123.55225641345442,48.39421340608539],[-123.55112880655165,48.3930763034493],[-123.5500267970697,48.392227503341346],[-123.54910669306477,48.390156412225394],[-123.54711581192139,48.38830479469225],[-123.53782530203141,48.38202609714903],[-123.54039112600489,48.37892319814463],[-123.54437691250094,48.374186604051495],[-123.54704299618503,48.37201910026596],[-123.54495837187588,48.37107075341982],[-123.5395280879219,48.369075902237704],[-123.5359207144364,48.37210681347982],[-123.53321148913916,48.375764603090204],[-123.53146879198405,48.37956568953088],[-123.52923199402271,48.381880697016996],[-123.52693221991711,48.38418249764328],[-123.52654350073706,48.38560998808353],[-123.52712270177399,48.387373104666814],[-123.526952291,48.38844139546887],[-123.5253822071187,48.39003330142356]]]},"properties":{"DAUID":"59170680","DGUID":"2021S051259170680","LANDAREA":2.7887,"PRUID":"59","CMA":"Victoria"}},
{"type":"Feature","geometry":{"type":"Polygon","coordinates":[[[-123.54039112600489,48.37892319814463],[-123.54366058825153,48.380148983836015],[-123.54796689318863,48.37499760421715],[-123.55146779847207,48.376360205470675],[-123.55230150115133,48.37759429109767],[-123.55373317523683,48.37792679720311],[-123.55958910213718,48.377720315255424],[-123.56152520403286,48.37838628831583],[-123.56257759779115,48.37778830634261],[-123.56494657430427,48.37753269937647],[-123.56624599815845,48.37477599180522],[-123.56866097603485,48.37257159649937],[-123.5660285915176,48.370746187107535],[-123.56372958460184,48.36985729672966],[-123.56151201280883,48.37013708844802],[-123.55818272497292,48.368926708382325],[-123.55677390891606,48.36875619686839],[-123.55372079200241,48.36914098693213],[-123.55082879306443,48.368597887984265],[-123.55016720293712,48.36726860051676],[-123.54710920094298,48.365953199412644],[-123.54376369935646,48.364962789508404],[-123.54220482195463,48.36626039386787],[-123.5395280879219,48.369075902237704],[-123.54495837187588,48.37107075341982],[-123.54704299618503,48.37201910026596],[-123.54437691250094,48.374186604051495],[-123.54039112600489,48.37892319814463]]]},"properties":{"DAUID":"59170681","DGUID":"2021S051259170681","LANDAREA":1.8045,"PRUID":"59","CMA":"Victoria"}},
{"type":"Feature","geometry":{"type":"Polygon","coordinates":[[[-123.55112880655165,48.3930763034493],[-123.55400340011884,48.39223829102852],[-123.554497809303,48.391539991952],[-123.55611530296191,48.39123201357507],[-123.5598919127281,48.391589806908605],[-123.5616198954134,48.39107319323086],[-123.56535830202272,48.3909402141908],[-123.56777989671518,48.39030329503194],[-123.56963819928377,48.391474092878745],[-123.57578250673744,48.39122009518605],[-123.57952791056105,48.389120005031],[-123.58237621338237,48.38659555957976],[-123.58345839852788,48.38628900360947],[-123.58463150014636,48.38482870106511],[-123.58498250385526,48.38236044854946],[-123.58478958756163,48.38106914308574],[-123.58522490368738,48.37958931204232],[-123.58415480521157,48.377608011611706],[-123.58481540562322,48.37699630048876],[-123.58703101330742,48.37617660494767],[-123.58840981279957,48.37516830805753],[-123.5876414943101,48.37376920163573],[-123.5846408979071,48.372807113730325],[-123.58195360386826,48.369829201039025],[-123.58086799925088,48.365439587918914],[-123.57920150599075,48.36467090169051],[-123.57844860353765,48.3632684942022],[-123.57912098991306,48.362238694958286],[-123.57822980461509,48.3607753054944],[-123.5752294783578,48.360801295684205],[-123.57324431316157,48.36189200675856],[-123.57090071518016,48.36253619384581],[-123.56807001325895,48.3624829110475],[-123.56528400568706,48.36310680408688],[-123.56173719947019,48.36340749890523],[-123.55981272237055,48.364019604513494],[-123.55778332961123,48.3637897032125],[-123.55642931905905,48.364309401520266],[-123.55202010592913,48.367449501109],[-123.55082879306443,48.368597887984265],[-123.55372079200241,48.36914098693213],[-123.55677390891606,48.36875619686839],[-123.55818272497292,48.368926708382325],[-123.56151201280883,48.37013708844802],[-123.56372958460184,48.36985729672966],[-123.5660285915176,48.370746187107535],[-123.56866097603485,48.37257159649937],[-123.56624599815845,48.37477599180522],[-123.56494657430427,48.37753269937647],[-123.56257759779115,48.37778830634261],[-123.56152520403286,48.37838628831583],[-123.55958910213718,48.377720315255424],[-123.55373317523683,48.37792679720311],[-123.55230150115133,48.37759429109767],[-123.55146779847207,48.376360205470675],[-123.54796689318863,48.37499760421715],[-123.54366058825153,48.380148983836015],[-123.54039112600489,48.37892319814463],[-123.53782530203141,48.38202609714903],[-123.54711581192139,48.38830479469225],[-123.54910669306477,48.390156412225394],[-123.5500267970697,48.392227503341346],[-123.55112880655165,48.3930763034493]]]},"properties":{"DAUID":"59170682","DGUID":"2021S051259170682","LANDAREA":7.2478,"PRUID":"59","CMA":"Victoria"}},
{"type":"Feature","geometry":{"type":"MultiPolygon","coordinates":[[[[-123.57483070104185,48.425904201851786],[-123.58048473042581,48.425721451244236],[-123.58054577759795,48.424899823416894],[-123.59311756060615,48.424812122632645],[-123.64559248170424,48.424355128402524],[-123.64479734882683,48.41448004452725],[-123.6446009402806,48.410682715449845],[-123.63863899676899,48.40822391366855],[-123.61927010976126,48.39893179996772],[-123.61336751964392,48.39711339686553],[-123.61563624183567,48.394336339977414],[-123.60597348633839,48.390673735064766],[-123.59682977711675,48.38725017116188],[-123.59866259752926,48.38518705774484],[-123.6098238127702,48.370822393208435],[-123.59754155876834,48.36645041882849],[-123.60198638519626,48.360904153943],[-123.60307392319702,48.359478848241416],[-123.61328471480077,48.345972405062625],[-123.61227583761261,48.34591663531266],[-123.6042643968626,48.34233166074959],[-123.60319464006318,48.342845392348465],[-123.59643568862322,48.34938454652798],[-123.58613318160262,48.34636993222906],[-123.57248355196687,48.34114921590854],[-123.57495534014055,48.33804001963128],[-123.58870541560017,48.34242679810981],[-123.58796424402328,48.340486265452725],[-123.58911724661043,48.339932254578734],[-123.58973954531191,48.33875015408921],[-123.58907222751608,48.33603555522046],[-123.5915406464194,48.33468255535315],[-123.59186484818255,48.33357456599387],[-123.59138153873681,48.33270436302546],[-123.5929045407734,48.33123886438317],[-123.59249974967311,48.33006246013802],[-123.59315953472017,48.327746675237044],[-123.59514133136211,48.326405066475694],[-123.59463295262263,48.32565166943077],[-123.5958604231365,48.324493764385544],[-123.59885625122205,48.32338146399808],[-123.5986123279011,48.32205126411662],[-123.60127544793528,48.32037215729212],[-123.60293331529425,48.32012995610736],[-123.6027695272418,48.31897066965977],[-123.60102002705335,48.318043560406785],[-123.60068534963744,48.31713635945426],[-123.5988543185124,48.31624615888773],[-123.60152102287239,48.315908655505154],[-123.60153823383885,48.31506267048493],[-123.600317139437,48.31452146531872],[-123.59857904034902,48.31467387425055],[-123.59838223576672,48.316240470264844],[-123.59700793367432,48.3164811704487],[-123.59525635495206,48.315437261518795],[-123.59374794077597,48.31562527552234],[-123.59232713135539,48.31522785157587],[-123.590862255322,48.31574776559462],[-123.5902204473168,48.3127013519036],[-123.58933234781809,48.31294917173002],[-123.58908273516212,48.311168864894306],[-123.58665385737774,48.30988566512719],[-123.58470254666278,48.31012066699401],[-123.58060064468478,48.31239085470215],[-123.58038224071848,48.3134262515567],[-123.57930015081598,48.31423236038169],[-123.57728542702397,48.313810754480485],[-123.57648082725382,48.31302315519517],[-123.5736705526759,48.31381076065805],[-123.57222813903246,48.313926170481885],[-123.57093983505538,48.31333935531397],[-123.56886286344182,48.313295267756786],[-123.56697935175137,48.313655566100124],[-123.56424051627972,48.31353445599483],[-123.56500823239794,48.3122712581203],[-123.56500823730202,48.31113756212441],[-123.56414772497257,48.31017906645958],[-123.5640289305901,48.30901835199626],[-123.56205143912145,48.30946977523378],[-123.56068193661,48.30892716504358],[-123.55936033468828,48.31011216633143],[-123.55938454533715,48.311083455528184],[-123.55797433319127,48.31161186121226],[-123.55769143295268,48.31299047711007],[-123.55603305227335,48.3130431677902],[-123.55416182953219,48.31446446602709],[-123.55241072298581,48.314752163899605],[-123.55098323220145,48.31623475026663],[-123.54957022984092,48.31645697172004],[-123.54817724943955,48.317354265625674],[-123.54800844167018,48.318110459117285],[-123.5447806379196,48.31886385857326],[-123.54248814743481,48.31900055186943],[-123.54134884618246,48.31971695055631],[-123.54154113347174,48.32132634964866],[-123.54001323268075,48.32342987779729],[-123.53982555398046,48.32492386882158],[-123.54210433968504,48.32614584886582],[-123.5433614403257,48.32760564851894],[-123.54472992701932,48.328202463190806],[-123.54525885201727,48.329603854393184],[-123.54780302314585,48.33040995680319],[-123.54824472524703,48.331254462277855],[-123.54771484645198,48.33213755127161],[-123.55090713594358,48.33170885386416],[-123.55084125398375,48.33315726639542],[-123.55318532942677,48.33404595142906],[-123.55439714581864,48.3351197663232],[-123.5541641324403,48.3371179722921],[-123.55574345969423,48.33850516213522],[-123.55964893222244,48.34015016373352],[-123.55945794200365,48.34247297421336],[-123.56067003725288,48.34347425765606],[-123.56412385268538,48.34501178842399],[-123.56525015946634,48.34551951939695],[-123.56525478307944,48.345521751873456],[-123.56573136007343,48.345752651260035],[-123.56822862880395,48.34601925870042],[-123.56962535916611,48.34666876253707],[-123.57299744989709,48.34647215421378],[-123.57577812921687,48.34759165708301],[-123.57902675125146,48.3494606239384],[-123.58093651343776,48.3502489063691],[-123.58235557909903,48.351341896426966],[-123.58151759578297,48.353562894952],[-123.58069288478941,48.354334001072175],[-123.58035480526881,48.356206604441645],[-123.57800349951707,48.35766520386136],[-123.5752294783578,48.360801295684205],[-123.57822980461509,48.3607753054944],[-123.57912098991306,48.362238694958286],[-123.57844860353765,48.3632684942022],[-123.57920150599075,48.36467090169051],[-123.58086799925088,48.365439587918914],[-123.58195360386826,48.369829201039025],[-123.5846408979071,48.372807113730325],[-123.5876414943101,48.37376920163573],[-123.58840981279957,48.37516830805753],[-123.58703101330742,48.37617660494767],[-123.58481540562322,48.37699630048876],[-123.58415480521157,48.377608011611706],[-123.58522490368738,48.37958931204232],[-123.58478958756163,48.38106914308574],[-123.58498250385526,48.38236044854946],[-123.58463150014636,48.38482870106511],[-123.58345839852788,48.38628900360947],[-123.58237621338237,48.38659555957976],[-123.57952791056105,48.389120005031],[-123.57578250673744,48.39122009518605],[-123.56963819928377,48.391474092878745],[-123.56777989671518,48.39030329503194],[-123.56535830202272,48.3909402141908],[-123.5616198954134,48.39107319323086],[-123.5598919127281,48.391589806908605],[-123.55611530296191,48.39123201357507],[-123.554497809303,48.391539991952],[-123.55400340011884,48.39223829102852],[-123.55112880655165,48.3930763034493],[-123.55225641345442,48.39421340608539],[-123.55228682615916,48.39532149971066],[-123.55074991401878,48.398523383321916],[-123.55095640917604,48.40099450014324],[-123.54932539534066,48.40350878827356],[-123.54615769371031,48.40561680594852],[-123.54432358381136,48.40561930922555],[-123.54217878728184,48.406356848295346],[-123.54144146437406,48.4078302639415],[-123.54016621254843,48.40919042925884],[-123.54490298540016,48.40940391078589],[-123.5454850888386,48.40809114048786],[-123.55641745075353,48.410674023440286],[-123.55733543700978,48.411522967710916],[-123.55912244001527,48.41423177104791],[-123.56003453491236,48.41603487599618],[-123.56123603483354,48.41713577126302],[-123.56439162683182,48.41774106051594],[-123.56331443353464,48.41945645292945],[-123.56637702267942,48.42042380810285],[-123.56474901650496,48.42285851294089],[-123.57150047962253,48.424726116564386],[-123.57483070104185,48.425904201851786]]],[[[-123.54257644912158,48.31716477052177],[-123.54225184162019,48.315763364169676],[-123.54423625267624,48.31462826443791],[-123.5468880459659,48.31416685163789],[-123.54751262977658,48.31340775751324],[-123.54667413837252,48.3118638724974],[-123.5483234476255,48.310975172459734],[-123.54843302687496,48.309885665122145],[-123.54568963293026,48.31051085417385],[-123.54454824642642,48.30980596171421],[-123.54421903504507,48.311741477139684],[-123.54281165163017,48.313960370423196],[-123.54150823225872,48.31437196731152],[-123.53926412891586,48.3126286686302],[-123.53778792430303,48.31330945740121],[-123.53798122128542,48.315018556697346],[-123.5406592525801,48.31436626929327],[-123.5405387215883,48.31577045995988],[-123.53893443754689,48.31594995837661],[-123.53882612202464,48.3170921579104],[-123.54024334814801,48.31837255774472],[-123.54257644912158,48.31716477052177]]]]},"properties":{"DAUID":"59170683","DGUID":"2021S051259170683","LANDAREA":41.7093,"PRUID":"59","CMA":"Victoria"}},
{"type":"Feature","geometry":{"type":"Polygon","coordinates":[[[-123.52923199402271,48.381880697016996],[-123.53146879198405,48.37956568953088],[-123.53321148913916,48.375764603090204],[-123.5359207144364,48.37210681347982],[-123.5395280879219,48.369075902237704],[-123.54220482195463,48.36626039386787],[-123.54376369935646,48.364962789508404],[-123.54710920094298,48.365953199412644],[-123.55016720293712,48.36726860051676],[-123.55082879306443,48.368597887984265],[-123.55202010592913,48.367449501109],[-123.55642931905905,48.364309401520266],[-123.55778332961123,48.3637897032125],[-123.55981272237055,48.364019604513494],[-123.56173719947019,48.36340749890523],[-123.56528400568706,48.36310680408688],[-123.56807001325895,48.3624829110475],[-123.57090071518016,48.36253619384581],[-123.57324431316157,48.36189200675856],[-123.5752294783578,48.360801295684205],[-123.57800349951707,48.35766520386136],[-123.58035480526881,48.356206604441645],[-123.58069288478941,48.354334001072175],[-123.58151759578297,48.353562894952],[-123.58235557909903,48.351341896426966],[-123.58093651343776,48.3502489063691],[-123.57902675125146,48.3494606239384],[-123.57635735270628,48.348705360393616],[-123.57522383238499,48.34873807551683],[-123.57260205751066,48.34730246420416],[-123.56898134445831,48.34826526037747],[-123.56699005659877,48.34759166000752],[-123.56594103611309,48.346651660833984],[-123.56350971881322,48.34637535900424],[-123.56223124186621,48.34549087460152],[-123.55880262889993,48.34427466816355],[-123.5572075397912,48.343968449570134],[-123.55527743204765,48.34278066438318],[-123.55490622615022,48.3409832616648],[-123.55384063645226,48.34088925296009],[-123.55088475233045,48.33973425975774],[-123.54681904389821,48.34064437139233],[-123.54637823333171,48.33966587466409],[-123.54291663568637,48.33901647633396],[-123.5428108514544,48.337919768143976],[-123.54033493663836,48.33739145059542],[-123.5396982344891,48.33836556607208],[-123.53837223297158,48.3380394614212],[-123.53649674045039,48.33685165228173],[-123.53477464767421,48.33722765087454],[-123.53347142574056,48.33906916535825],[-123.53135143299932,48.33895376664787],[-123.52805353072021,48.341047365524844],[-123.52702033175811,48.3430312751226],[-123.53141104366217,48.34333466635981],[-123.53230845834851,48.34270946280342],[-123.53267014058342,48.34128666361025],[-123.53526924651156,48.34068985574789],[-123.5367587409178,48.33981827441165],[-123.53840905562683,48.34029675739303],[-123.54043394347947,48.34170966063825],[-123.54055164458403,48.343858751236404],[-123.53984403794192,48.344555153502824],[-123.53990973403586,48.346885150509976],[-123.54154063571386,48.34800177259998],[-123.54171331825157,48.349098460629705],[-123.54303172193667,48.34994726325079],[-123.54500992640577,48.350639462209564],[-123.54468354103751,48.35290814914716],[-123.54381163099968,48.35600726495051],[-123.54313913870365,48.356208050867096],[-123.54028633459284,48.35834436153561],[-123.53675874261609,48.3591974473187],[-123.53515843307693,48.36103187483131],[-123.53476423924714,48.36209437093858],[-123.53142055397473,48.367759860470976],[-123.5292371521467,48.37077485670771],[-123.52741514487262,48.37207944849472],[-123.52484464446391,48.372999454823265],[-123.5242304511037,48.37358767170692],[-123.52138262505726,48.37770226775426],[-123.5198895795084,48.379594710862165],[-123.52399359765725,48.379931193098344],[-123.52923199402271,48.381880697016996]]]},"properties":{"DAUID":"59170684","DGUID":"2021S051259170684","LANDAREA":7.9938,"PRUID":"59","CMA":"Victoria"}},
{"type":"Feature","geometry":{"type":"Polygon","coordinates":[[[-123.61328471480077,48.345972405062625],[-123.621632568721,48.33718276624092],[-123.6227027953588,48.336370969559546],[-123.61664013386692,48.335927363551455],[-123.614312832349,48.3366693728906],[-123.61256696086238,48.336173764450514],[-123.6115777467252,48.33474957083826],[-123.60781755907784,48.33399466379124],[-123.60534933243727,48.335186758846866],[-123.60367684179081,48.33517816484688],[-123.60328094364895,48.338166162687756],[-123.6003943523406,48.3371478698588],[-123.59971722629895,48.33810497310153],[-123.59658543032182,48.33801237475355],[-123.5917625294364,48.33988235877176],[-123.59170653421106,48.340953367530794],[-123.59075382542515,48.34249577175286],[-123.58870541560017,48.34242679810981],[-123.57495534014055,48.33804001963128],[-123.57248355196687,48.34114921590854],[-123.58613318160262,48.34636993222906],[-123.59643568862322,48.34938454652798],[-123.60319464006318,48.342845392348465],[-123.6042643968626,48.34233166074959],[-123.61227583761261,48.34591663531266],[-123.61328471480077,48.345972405062625]]]},"properties":{"DAUID":"59170685","DGUID":"2021S051259170685","LANDAREA":2.6356,"PRUID":"59","CMA":"Victoria"}},
{"type":"Feature","geometry":{"type":"MultiPolygon","coordinates":[[[[-123.2730204461646,48.445646950297885],[-123.2733753445383,48.44407185802234],[-123.27217425971043,48.4441829676496],[-123.2730204461646,48.445646950297885]]],[[[-123.2739244284701,48.42032025948987],[-123.27436273256588,48.42141695522261],[-123.27686375604424,48.42147386634879],[-123.27674773138733,48.42020496841648],[-123.27597593587929,48.41964947396391],[-123.2739244284701,48.42032025948987]]],[[[-123.23628945297702,48.43524635781921],[-123.2368881279019,48.434203451889495],[-123.23629035685971,48.43342156625031],[-123.23211874933868,48.434778870366685],[-123.23358063288899,48.43530727455953],[-123.23628945297702,48.43524635781921]]],[[[-123.25335841860539,48.44321875651098],[-123.25385594020445,48.442300149992825],[-123.25596054007289,48.4417005748872],[-123.25652324135223,48.44033186773377],[-123.25542703160352,48.440155250429946],[-123.25333503999934,48.44091575673594],[-123.25209363764073,48.44176315656666],[-123.25335841860539,48.44321875651098]]],[[[-123.60476435267148,48.32798306086274],[-123.60641774345018,48.32861404987324],[-123.60687103772648,48.32928625678571],[-123.60862004014783,48.32884475660206],[-123.60953333669879,48.32732936697246],[-123.60868612207459,48.326370856617785],[-123.60736922702026,48.32687227314539],[-123.60503103838285,48.32655175499144],[-123.60476435267148,48.32798306086274]]],[[[-123.25401673940652,48.4396368743905],[-123.25731295446602,48.438719664086534],[-123.25844243060097,48.43789077436299],[-123.25710625338206,48.435572160155466],[-123.2592754341148,48.43679987142498],[-123.25996514269153,48.43660895995733],[-123.2578122290266,48.43334756248549],[-123.25766904358,48.43171967153125],[-123.25620853720356,48.43180516069588],[-123.25536404866419,48.43032255453865],[-123.25364664699353,48.430425047624965],[-123.25275853691063,48.43106597474408],[-123.25303594023737,48.432702351721176],[-123.25166144175888,48.43352417039596],[-123.25215513173744,48.434727553523906],[-123.25446422737015,48.436855353139336],[-123.25208683522715,48.44002705662846],[-123.25401673940652,48.4396368743905]]],[[[-123.24544083436402,48.4414085642546],[-123.24814295474201,48.44105246281712],[-123.24829743551733,48.43964825395286],[-123.24986484270683,48.43931215022328],[-123.25115213533513,48.43705186287959],[-123.25052934584201,48.43415645261008],[-123.24979334401422,48.43293445310938],[-123.24702893363263,48.4315629644799],[-123.2455823333434,48.43171965801037],[-123.2451434351059,48.43332184933928],[-123.24355484059758,48.434558170756965],[-123.24248511544228,48.43432595954364],[-123.24082826186488,48.43559776583803],[-123.24252313715668,48.43662036764061],[-123.24223102146064,48.4376999560244],[-123.2433732337579,48.43878657069132],[-123.24500873083791,48.43876527039534],[-123.24555923562068,48.43799046899149],[-123.24601492409099,48.43439005203033],[-123.24690532112972,48.4342632543076],[-123.24808852466981,48.43550236862987],[-123.24683501836452,48.4362059595885],[-123.24525873995283,48.4401495716656],[-123.24305382697392,48.43999286096497],[-123.2425491364863,48.44207226248121],[-123.24382004380118,48.442123545806126],[-123.24544083436402,48.4414085642546]]],[[[-123.24569383147542,48.42975856747383],[-123.24639195850234,48.42868606714585],[-123.2482687183073,48.42807935989878],[-123.24835802867216,48.42697277632266],[-123.24958483305633,48.42620517225388],[-123.24975492792875,48.42522385076841],[-123.24900792618676,48.42431666672084],[-123.245327645815,48.42387515706596],[-123.2443593424221,48.42181716087201],[-123.24268663382685,48.419949959743725],[-123.24011824616514,48.41984744605504],[-123.23906335280734,48.41933617013918],[-123.23728221536402,48.41995145495221],[-123.23911562693324,48.4219353580788],[-123.23679213001401,48.422462278140074],[-123.23720343512107,48.423640159930294],[-123.23536455279644,48.423256957524806],[-123.23327165205491,48.42366575566378],[-123.230728914238,48.42334815891737],[-123.22965644725132,48.4223056623555],[-123.22729002153771,48.42206775713181],[-123.22548014558387,48.422593360568854],[-123.22462405877022,48.42472676712325],[-123.22515623946038,48.42587755640894],[-123.22755262973368,48.42672786737094],[-123.22896652422364,48.42858637027225],[-123.2330100388486,48.428506659402046],[-123.23482522437939,48.42942956198503],[-123.23683914668612,48.429479356071774],[-123.23889754582589,48.42742425075194],[-123.24087512834362,48.42814067192051],[-123.24108152140961,48.429003660169684],[-123.24361491791969,48.43000496371844],[-123.24569383147542,48.42975856747383]]]]},"properties":{"DAUID":"59170688","DGUID":"2021S051259170688","LANDAREA":2.4874,"PRUID":"59","CMA":"Victoria"}},
{"type":"Feature","geometry":{"type":"Polygon","coordinates":[[[-123.66333884865179,48.363660193900536],[-123.67141422986485,48.3661561594281],[-123.67298442252985,48.367406661157474],[-123.67605411594924,48.36773845978788],[-123.67735502539782,48.36714605679552],[-123.67855275598944,48.367751267704755],[-123.67938233912426,48.36932077620575],[-123.68123934434149,48.36883364585385],[-123.68218802818969,48.37011407433321],[-123.6818235378919,48.37104266370994],[-123.68278871973868,48.372575061663404],[-123.68183354021475,48.37384125669598],[-123.68266503301851,48.375500452768264],[-123.682300146149,48.376437548485754],[-123.68504444186743,48.37663696135681],[-123.69155912903474,48.374043457201005],[-123.69251064377347,48.37454194862233],[-123.6938978232016,48.37433546057878],[-123.69562454142984,48.375197072222704],[-123.69824653294596,48.375289650991],[-123.70170594744502,48.37457604572274],[-123.70427523569106,48.37276026038233],[-123.70616363913336,48.37173197147675],[-123.70749484701334,48.37231876116879],[-123.70832793404875,48.370918752552846],[-123.71039422794554,48.36913416681483],[-123.71105795718798,48.36733965902676],[-123.71236494038216,48.36707905378897],[-123.71254245421142,48.366231659935764],[-123.71369205154893,48.36541556410062],[-123.71708565227496,48.36583575852936],[-123.71609165560687,48.3632052585537],[-123.71413763647207,48.3644499602031],[-123.71243623981057,48.36445995776008],[-123.7097348472042,48.363380353597655],[-123.70791554989135,48.36355275840903],[-123.70632654456334,48.362897553413916],[-123.70485603925222,48.36300436450881],[-123.70375165200873,48.36130245093345],[-123.70453625168473,48.36042515977595],[-123.70323804067992,48.35921884715925],[-123.70307503396273,48.35822046824912],[-123.70393243730054,48.3577561752513],[-123.70630772208425,48.357714857064316],[-123.70927997349877,48.35664678010419],[-123.7075766152338,48.35572454910295],[-123.7045554401323,48.35596300171873],[-123.70292916282699,48.35269265106004],[-123.70239848434268,48.35237967086321],[-123.66187436216109,48.3542070844741],[-123.66317448418197,48.361423698789544],[-123.66333884865179,48.363660193900536]]]},"properties":{"DAUID":"59170689","DGUID":"2021S051259170689","LANDAREA":6.6478,"PRUID":"59","CMA":"Victoria"}},
{"type":"Feature","geometry":{"type":"MultiPolygon","coordinates":[[[[-123.60307392319702,48.359478848241416],[-123.60979118989498,48.3615700936732],[-123.61544104683787,48.35997110364767],[-123.61925875916714,48.35322408198563],[-123.62108754193534,48.354365161121386],[-123.62242679804699,48.35429210729477],[-123.62385664146325,48.35757085682567],[-123.6258429732332,48.3555588451665],[-123.62634974084503,48.355713827838244],[-123.62414912426955,48.35787871054452],[-123.6262958767316,48.35861442554965],[-123.62752633594701,48.370187614647506],[-123.63092803012209,48.37080197830178],[-123.63510721942887,48.37247115869878],[-123.63668165478481,48.37200255647559],[-123.63661902530315,48.37028496986833],[-123.63704003610394,48.369374876811186],[-123.63621235417288,48.367947857464884],[-123.63465183074214,48.36733685263679],[-123.63399105237994,48.366260159959985],[-123.63522435721598,48.364508369080674],[-123.63546163877042,48.362931764750414],[-123.63821194214219,48.36483306370327],[-123.64072242369383,48.3648288539037],[-123.64364722861775,48.363363260079616],[-123.64552645368171,48.36347865844731],[-123.64813423697541,48.36585707268609],[-123.65007291687618,48.365414156359826],[-123.65261843796675,48.363907360490956],[-123.65314493601964,48.362698162652386],[-123.65250583577598,48.36038106255208],[-123.65353505547233,48.359493769378346],[-123.6556788535224,48.36041665545475],[-123.65851193922691,48.35922167342061],[-123.6604128357759,48.35997657437308],[-123.66145024148376,48.36194906694187],[-123.65975674860474,48.36249026978467],[-123.65657592604515,48.36287625899941],[-123.65282284602603,48.36403126874142],[-123.6529353330143,48.36537996195532],[-123.65540923210887,48.36669736368947],[-123.65615671881444,48.36807885550698],[-123.6579291528058,48.367420858861955],[-123.66116232981673,48.365774455104834],[-123.66037745067985,48.36460095180851],[-123.66229462723506,48.363509963552396],[-123.66333884865179,48.363660193900536],[-123.66317448418197,48.361423698789544],[-123.66187436216109,48.3542070844741],[-123.70239848434268,48.35237967086321],[-123.70525273257067,48.350527888328244],[-123.70522654629687,48.34158055999022],[-123.70889688641189,48.33866128810848],[-123.70832503973223,48.33673056713049],[-123.70686863305392,48.33682175124237],[-123.70615315303691,48.33868746710324],[-123.70518144371903,48.33968295968731],[-123.70042783806291,48.33847097448025],[-123.69774094550996,48.33826164581284],[-123.69624434207364,48.33845106778132],[-123.69599974916042,48.33723755921869],[-123.69448914214775,48.33731876951232],[-123.6928425476344,48.336232172239896],[-123.68728193554588,48.33528506231655],[-123.68608995216132,48.3358489535944],[-123.68459684660587,48.33423827075829],[-123.68295851548612,48.33175585787348],[-123.68154843996241,48.33031597144557],[-123.67962773873404,48.329814658292285],[-123.67910963589291,48.33053815437915],[-123.67434294321122,48.32810987334712],[-123.67330205091567,48.32698186672328],[-123.67136583762002,48.32650765742676],[-123.67074624126923,48.32547645989236],[-123.67147805430216,48.32476156545657],[-123.67052214427466,48.321780660013964],[-123.66886343309434,48.32290575520702],[-123.66757574549382,48.3202410617929],[-123.66624195896394,48.32036496663505],[-123.66534023773222,48.31946204976645],[-123.66227521924964,48.319264055391244],[-123.66161512416834,48.31833266474397],[-123.65930254011037,48.31787685389246],[-123.65773893928647,48.317913967264616],[-123.65434035974909,48.316889960372656],[-123.6529016623004,48.31522356474195],[-123.6543145417263,48.313812256559935],[-123.64861071402912,48.31395325747203],[-123.64561263707881,48.31483337435242],[-123.64239154969499,48.31719894847842],[-123.64140172112918,48.31673755424243],[-123.63785625935792,48.31682016694635],[-123.63804674299664,48.31811474775299],[-123.63748422947211,48.31948486851766],[-123.63624173834206,48.32044616027673],[-123.63585215194014,48.32160835823976],[-123.63694093462422,48.32240305242802],[-123.63650775082013,48.32339426699941],[-123.6349454285675,48.324752972385795],[-123.63257593158276,48.32501786798637],[-123.63131812964724,48.325843972633656],[-123.63281353653825,48.32685225988924],[-123.63450342876804,48.32713145322855],[-123.6349842380619,48.32781217614906],[-123.63421053028902,48.329669350958795],[-123.6323036471446,48.33255056383515],[-123.63128013467646,48.33487625653347],[-123.62907873385281,48.33469115129894],[-123.62833614035335,48.335764957786814],[-123.62679633322834,48.336798974043894],[-123.62668444151151,48.335243750971934],[-123.62527934537097,48.335188150769284],[-123.62441523201825,48.33622787737347],[-123.6227027953588,48.336370969559546],[-123.621632568721,48.33718276624092],[-123.61328471480077,48.345972405062625],[-123.60307392319702,48.359478848241416]]],[[[-123.6310012261666,48.37291318633234],[-123.63306116771128,48.37332008013323],[-123.63326747981259,48.37546576798589],[-123.63560212946894,48.37574732647186],[-123.63667102634892,48.37341536143047],[-123.63267065276928,48.37199826767149],[-123.6310012261666,48.37291318633234]]],[[[-123.62611642337704,48.33407726140253],[-123.62712103357165,48.33452167532677],[-123.628856039071,48.3329735681362],[-123.62856455933638,48.331355662362014],[-123.62388782501573,48.33054526662719],[-123.62387383739045,48.33161485240063],[-123.62543654972393,48.33148096367954],[-123.62611642337704,48.33407726140253]]]]},"properties":{"DAUID":"59170690","DGUID":"2021S051259170690","LANDAREA":23.9204,"PRUID":"59","CMA":"Victoria"}},
{"type":"Feature","geometry":{"type":"Polygon","coordinates":[[[-123.63530971487943,48.38556383057234],[-123.63454524858113,48.38479904829447],[-123.63502443783875,48.38327656639697],[-123.63810614665516,48.38237794977431],[-123.63787365001708,48.38102066174145],[-123.63631003581898,48.380218875136755],[-123.63373313834622,48.37824485581115],[-123.63560212946894,48.37574732647186],[-123.63326747981259,48.37546576798589],[-123.63306116771128,48.37332008013323],[-123.6310012261666,48.37291318633234],[-123.62737904578577,48.37207236148359],[-123.62358014004451,48.370608259286904],[-123.62361072093292,48.369897564674886],[-123.62752633594701,48.370187614647506],[-123.6262958767316,48.35861442554965],[-123.62414912426955,48.35787871054452],[-123.62634974084503,48.355713827838244],[-123.6258429732332,48.3555588451665],[-123.62385664146325,48.35757085682567],[-123.62242679804699,48.35429210729477],[-123.62108754193534,48.354365161121386],[-123.61925875916714,48.35322408198563],[-123.61544104683787,48.35997110364767],[-123.60979118989498,48.3615700936732],[-123.60307392319702,48.359478848241416],[-123.60198638519626,48.360904153943],[-123.61459121887692,48.36543871026625],[-123.6098238127702,48.370822393208435],[-123.59866259752926,48.38518705774484],[-123.59682977711675,48.38725017116188],[-123.60597348633839,48.390673735064766],[-123.61090302500853,48.38445589465434],[-123.62579165798614,48.39024133755143],[-123.62292396284094,48.38541933987],[-123.6254053947161,48.38474126028011],[-123.62673173199349,48.38680509806155],[-123.62891024815488,48.386151491220595],[-123.63190982484015,48.38736188049642],[-123.63302351973257,48.38667800359981],[-123.63446730037181,48.38508423614849],[-123.63530971487943,48.38556383057234]]]},"properties":{"DAUID":"59170691","DGUID":"2021S051259170691","LANDAREA":5.976,"PRUID":"59","CMA":"Victoria"}},
{"type":"Feature","geometry":{"type":"Polygon","coordinates":[[[-123.6098238127702,48.370822393208435],[-123.61459121887692,48.36543871026625],[-123.60198638519626,48.360904153943],[-123.59754155876834,48.36645041882849],[-123.6098238127702,48.370822393208435]]]},"properties":{"DAUID":"59170692","DGUID":"2021S051259170692","LANDAREA":0.571,"PRUID":"59","CMA":"Victoria"}},
{"type":"Feature","geometry":{"type":"Polygon","coordinates":[[[-123.78401452525189,48.367211424030245],[-123.78484716981822,48.37381605710037],[-123.78004618611577,48.37472041760539],[-123.77980981155183,48.37429088222126],[-123.77520272741026,48.37557958972865],[-123.77774767840013,48.37895172398031],[-123.78017894691781,48.381208522388334],[-123.78257803985693,48.38663273524138],[-123.77272440620914,48.39040774248446],[-123.76940002934367,48.384741895250556],[-123.77403740052925,48.38330030210521],[-123.76973864363003,48.376896979063645],[-123.75975453756415,48.379563973691944],[-123.75491497473529,48.380700248932605],[-123.75757235048786,48.383795030524276],[-123.75981944855887,48.387021500344794],[-123.76357453069791,48.39284177391163],[-123.75302159789537,48.39603732566999],[-123.74808542813528,48.39757043727654],[-123.74806107784349,48.40159161948844],[-123.74480664092727,48.401133347424405],[-123.74117044879704,48.40006806678125],[-123.73969652969711,48.39908815521807],[-123.73179024092309,48.40145103872824],[-123.72799530790083,48.40271067399768],[-123.72790424158501,48.403190709384816],[-123.72828128168156,48.412988952984115],[-123.71744406775971,48.41300407847145],[-123.71811914240897,48.42861393358744],[-123.72094828216291,48.427590122215854],[-123.72370520522293,48.4274378465967],[-123.7238772844535,48.431038171867975],[-123.72693060721609,48.431047839372894],[-123.7270981652382,48.43837631390115],[-123.72856555601571,48.438426867120064],[-123.72872636447406,48.44188885477847],[-123.73738927836872,48.44171826771771],[-123.73741789339476,48.44261183519861],[-123.74160828086586,48.442532446247796],[-123.74176436804625,48.438554404522165],[-123.74744676137666,48.438561959923824],[-123.74754792343225,48.435787361370956],[-123.75005996371345,48.43572238824857],[-123.75008497356936,48.43373753946354],[-123.74599197390405,48.43370128859634],[-123.7463731449242,48.42139452905014],[-123.74496042317051,48.42137167363327],[-123.74494370497594,48.41893861555137],[-123.75638819660492,48.41484040463249],[-123.76719623493327,48.4116335541849],[-123.77659016578096,48.409159439053106],[-123.78519634716004,48.40656531461668],[-123.78820227200531,48.405251225444026],[-123.79055604959625,48.40462896439573],[-123.83484303436717,48.388850980081166],[-123.83068235985901,48.38436916905207],[-123.82837706687083,48.381142548734346],[-123.82840359026966,48.37803440027453],[-123.82894117242168,48.37681383662827],[-123.8314269862934,48.37442510053477],[-123.82886720650612,48.374827995091216],[-123.82618930943963,48.374630492731505],[-123.82472610864464,48.37377620326914],[-123.82026532468633,48.37399550233435],[-123.81782760074164,48.37455389139018],[-123.8131345022297,48.376298203632004],[-123.81036390759876,48.37699829545934],[-123.80872302037157,48.377861494803305],[-123.80610449696294,48.37838889573714],[-123.8009558118963,48.380437011112726],[-123.79966619152665,48.38139119650325],[-123.7959878284389,48.382935003705946],[-123.7939160248198,48.38459632279008],[-123.79064659761946,48.38440475821149],[-123.78891391283544,48.38457857445076],[-123.78918818272808,48.383083495166225],[-123.79104618872559,48.38124761061989],[-123.79183460063446,48.378963888758875],[-123.7916303944994,48.37666739576181],[-123.7919024862264,48.37597700189393],[-123.79430818393575,48.37299020503955],[-123.7945271807044,48.371470910090416],[-123.79552330259112,48.370131796265895],[-123.79557938039414,48.368925593901196],[-123.79496310038796,48.36610120128915],[-123.79305989780603,48.366091201531255],[-123.7898311950051,48.36526630801856],[-123.78712440882401,48.3651844860838],[-123.78542398673282,48.36582060194569],[-123.78401452525189,48.367211424030245]]]},"properties":{"DAUID":"59170694","DGUID":"2021S051259170694","LANDAREA":24.2181,"PRUID":"59","CMA":"Victoria"}},
{"type":"Feature","geometry":{"type":"Polygon","coordinates":[[[-123.3852625036172,48.47814778617603],[-123.38324900755306,48.473711310814906],[-123.37875441256705,48.474098386401145],[-123.37188365773517,48.474689662520454],[-123.37339551924721,48.47622690257882],[-123.37625892591359,48.47853870840569],[-123.37723179586445,48.47974861162449],[-123.38183709918147,48.47878930615011],[-123.38173709089439,48.47779049476956],[-123.38443329125393,48.47710409019846],[-123.38483099516475,48.478191513842994],[-123.3852625036172,48.47814778617603]]]},"properties":{"DAUID":"59170699","DGUID":"2021S051259170699","LANDAREA":0.3864,"PRUID":"59","CMA":"Victoria"}},
{"type":"Feature","geometry":{"type":"Polygon","coordinates":[[[-123.38212647892253,48.47047725314267],[-123.38134638798033,48.46783178599175],[-123.37719929622386,48.468484904629555],[-123.37875441256705,48.474098386401145],[-123.38324900755306,48.473711310814906],[-123.38212647892253,48.47047725314267]]]},"properties":{"DAUID":"59170700","DGUID":"2021S051259170700","LANDAREA":0.2095,"PRUID":"59","CMA":"Victoria"}},
{"type":"Feature","geometry":{"type":"Polygon","coordinates":[[[-123.37188365773517,48.474689662520454],[-123.37875441256705,48.474098386401145],[-123.37719929622386,48.468484904629555],[-123.37324587724984,48.46895779569424],[-123.37379901001981,48.47095990681425],[-123.37040466203946,48.47140507991009],[-123.37027362595313,48.47208535961782],[-123.37031912726023,48.473136103159604],[-123.37188365773517,48.474689662520454]]]},"properties":{"DAUID":"59170701","DGUID":"2021S051259170701","LANDAREA":0.2902,"PRUID":"59","CMA":"Victoria"}},
{"type":"Feature","geometry":{"type":"Polygon","coordinates":[[[-123.74051670846069,48.37730740688809],[-123.74161109134458,48.376456994814234],[-123.74431678875958,48.375103501665336],[-123.74390040491096,48.37445441338166],[-123.75055981690116,48.37249968969629],[-123.7554187062307,48.37238831033696],[-123.7601250910654,48.371967800467544],[-123.7645742136126,48.37211519373941],[-123.7658787172516,48.372475364825554],[-123.76684456915359,48.374136324508335],[-123.76873195186977,48.37552887546119],[-123.76973864363003,48.376896979063645],[-123.77403740052925,48.38330030210521],[-123.76940002934367,48.384741895250556],[-123.77272440620914,48.39040774248446],[-123.78257803985693,48.38663273524138],[-123.78017894691781,48.381208522388334],[-123.77774767840013,48.37895172398031],[-123.77520272741026,48.37557958972865],[-123.77980981155183,48.37429088222126],[-123.78004618611577,48.37472041760539],[-123.78484716981822,48.37381605710037],[-123.78401452525189,48.367211424030245],[-123.78364350245648,48.36648585141645],[-123.78303272891307,48.36702497495505],[-123.77995512058787,48.36793646312642],[-123.77855291940186,48.36897186151781],[-123.77250493501852,48.36905725992019],[-123.77053944109184,48.37033906247214],[-123.76761125036296,48.37142856029872],[-123.76423094108371,48.37102836497896],[-123.76241454170186,48.37145425092832],[-123.76006403379468,48.370498561084226],[-123.75987375414333,48.368672767395054],[-123.7567972372352,48.36597674999409],[-123.75484679372715,48.36340408611248],[-123.75386767466897,48.36401095647051],[-123.74120583534626,48.36624961804539],[-123.74035796973125,48.36594744087486],[-123.73730131180115,48.36577120428999],[-123.73499095280572,48.36618788767255],[-123.73068833471928,48.36797218447686],[-123.72872430517741,48.37009872232637],[-123.73278446144188,48.37147085095508],[-123.73460925579951,48.3723368593329],[-123.73993387562436,48.3755978640128],[-123.74051670846069,48.37730740688809]]]},"properties":{"DAUID":"59170705","DGUID":"2021S051259170705","LANDAREA":3.6508,"PRUID":"59","CMA":"Victoria"}},
{"type":"Feature","geometry":{"type":"Polygon","coordinates":[[[-123.40000361493561,48.61210040299083],[-123.4044326849016,48.61188409913161],[-123.4083470786172,48.611865096171506],[-123.40734781475783,48.60856088743817],[-123.40814061011068,48.606215511144256],[-123.41110571526242,48.60270960639869],[-123.41576839574464,48.59723078778816],[-123.41685069049048,48.597102080810934],[-123.41692410462684,48.59418280146706],[-123.4034707525086,48.594125467226576],[-123.39811426721151,48.594147732563634],[-123.39704814171415,48.596411574124836],[-123.39663222866211,48.59817924356379],[-123.39640236689075,48.60270063481999],[-123.39367259106146,48.60277932271612],[-123.39433976015475,48.60393786527909],[-123.39440553662418,48.60550315252053],[-123.3954650399704,48.609097872935365],[-123.39731931999957,48.610332556024815],[-123.39846161554665,48.612147871640126],[-123.40000361493561,48.61210040299083]]]},"properties":{"DAUID":"59170707","DGUID":"2021S051259170707","LANDAREA":2.2226,"PRUID":"59","CMA":"Victoria"}},
{"type":"Feature","geometry":{"type":"MultiPolygon","coordinates":[[[[-123.37148049237229,48.594043214407414],[-123.36991134735888,48.596614661318576],[-123.37078644472639,48.59774545264078],[-123.3720774333858,48.598110065085805],[-123.37334412835966,48.59503807312818],[-123.37466998776792,48.59400308685292],[-123.37148049237229,48.594043214407414]]],[[[-123.3926345596161,48.59389932221594],[-123.39044973218091,48.59549516981561],[-123.39088352475699,48.597229857289676],[-123.38876211764823,48.59833365605741],[-123.38881235791081,48.599584069544555],[-123.38984934224743,48.60030047443247],[-123.39086153099565,48.59954137348987],[-123.39314545727282,48.600361760743],[-123.39367259106146,48.60277932271612],[-123.39640236689075,48.60270063481999],[-123.39663222866211,48.59817924356379],[-123.39704814171415,48.596411574124836],[-123.39811426721151,48.594147732563634],[-123.39372309553508,48.59414741847545],[-123.3926345596161,48.59389932221594]]]]},"properties":{"DAUID":"59170708","DGUID":"2021S051259170708","LANDAREA":0.4824,"PRUID":"59","CMA":"Victoria"}},
{"type":"Feature","geometry":{"type":"Polygon","coordinates":[[[-123.4034707525086,48.594125467226576],[-123.41692410462684,48.59418280146706],[-123.41725349525406,48.59200191048012],[-123.41864097389889,48.59082119397224],[-123.41932178209402,48.588403595346286],[-123.41881898964994,48.586955171403005],[-123.41714030741096,48.585596307111935],[-123.41429630460256,48.58457780090595],[-123.41012141111257,48.581151992938665],[-123.40899802598848,48.58191956394653],[-123.4034657957272,48.58193169029286],[-123.4034445540199,48.58327789898469],[-123.4034707525086,48.594125467226576]]]},"properties":{"DAUID":"59170709","DGUID":"2021S051259170709","LANDAREA":1.328,"PRUID":"59","CMA":"Victoria"}},
{"type":"Feature","geometry":{"type":"Polygon","coordinates":[[[-123.4034445540199,48.58327789898469],[-123.4034657957272,48.58193169029286],[-123.40899802598848,48.58191956394653],[-123.41012141111257,48.581151992938665],[-123.40893568751447,48.57969769286697],[-123.40580029948367,48.57591659762361],[-123.40351281884571,48.57611499458589],[-123.40341958179049,48.57301579787233],[-123.40294341004491,48.572422611873606],[-123.40119401611284,48.572436597825046],[-123.4017298544909,48.570571724314746],[-123.40130778974675,48.56951285132302],[-123.39841383559028,48.56616289991275],[-123.39692141788125,48.563708255327],[-123.39483996443663,48.56025995950833],[-123.39370109500325,48.55752966171787],[-123.3927141064553,48.554293184058295],[-123.38999110120115,48.5538457994863],[-123.38995060605545,48.55066569749435],[-123.38446541903733,48.550706237386585],[-123.37630606150512,48.55069093231813],[-123.36534152648679,48.55034430080413],[-123.36376803330677,48.55323607042182],[-123.36299833744877,48.55559596505153],[-123.36200994900423,48.55749726873456],[-123.36204173055594,48.55830627559425],[-123.36513463149575,48.558585376189285],[-123.36720494512898,48.55999105551164],[-123.36725972708558,48.56387635982489],[-123.36792242988032,48.56736566798659],[-123.367313946169,48.569499071133386],[-123.36636283833043,48.57121245607626],[-123.36633064801381,48.57232756977454],[-123.36728312808916,48.576507669999735],[-123.3684627251603,48.57828507217289],[-123.3702118304666,48.580223361664835],[-123.37125283467492,48.58283315064123],[-123.40047925958837,48.583223203524085],[-123.4034445540199,48.58327789898469]]]},"properties":{"DAUID":"59170710","DGUID":"2021S051259170710","LANDAREA":8.589,"PRUID":"59","CMA":"Victoria"}},
{"type":"Feature","geometry":{"type":"Polygon","coordinates":[[[-123.39692141788125,48.563708255327],[-123.39841383559028,48.56616289991275],[-123.40130778974675,48.56951285132302],[-123.4017298544909,48.570571724314746],[-123.40119401611284,48.572436597825046],[-123.40294341004491,48.572422611873606],[-123.40341958179049,48.57301579787233],[-123.40351281884571,48.57611499458589],[-123.40580029948367,48.57591659762361],[-123.40893568751447,48.57969769286697],[-123.41694650599902,48.5797467033166],[-123.41714180981467,48.56872339363808],[-123.40994601362078,48.56870319611213],[-123.41055238555447,48.56512789552276],[-123.40353822133939,48.56513696469623],[-123.3993666697241,48.56512957414875],[-123.39692141788125,48.563708255327]]]},"properties":{"DAUID":"59170711","DGUID":"2021S051259170711","LANDAREA":1.498,"PRUID":"59","CMA":"Victoria"}},
{"type":"Feature","geometry":{"type":"Polygon","coordinates":[[[-123.43852548610407,48.565183191317296],[-123.42843388823304,48.56524679003748],[-123.42588640924006,48.56593068269719],[-123.42389929428164,48.56604030352928],[-123.41989452271673,48.565136201401934],[-123.41055238555447,48.56512789552276],[-123.40994601362078,48.56870319611213],[-123.41714180981467,48.56872339363808],[-123.41694650599902,48.5797467033166],[-123.44076104380586,48.579714832884285],[-123.44057411816294,48.57600779658213],[-123.43140712664062,48.576053776596495],[-123.43062681166559,48.570693115532144],[-123.44142934815648,48.57022603552925],[-123.44107118610069,48.568042198057235],[-123.43852548610407,48.565183191317296]]]},"properties":{"DAUID":"59170712","DGUID":"2021S051259170712","LANDAREA":2.5273,"PRUID":"59","CMA":"Victoria"}},
{"type":"Feature","geometry":{"type":"Polygon","coordinates":[[[-123.44142934815648,48.57022603552925],[-123.43062681166559,48.570693115532144],[-123.43140712664062,48.576053776596495],[-123.44057411816294,48.57600779658213],[-123.44076104380586,48.579714832884285],[-123.44120403059634,48.57971423423714],[-123.45153801578853,48.57974638951966],[-123.45177625390592,48.579670973927186],[-123.44720390945166,48.576595084567884],[-123.44531003587736,48.57527745389093],[-123.4437593142198,48.574172690365344],[-123.44236489308412,48.57248389064075],[-123.44142934815648,48.57022603552925]]]},"properties":{"DAUID":"59170713","DGUID":"2021S051259170713","LANDAREA":0.8126,"PRUID":"59","CMA":"Victoria"}},
{"type":"Feature","geometry":{"type":"Polygon","coordinates":[[[-123.40353822133939,48.56513696469623],[-123.41055238555447,48.56512789552276],[-123.41989452271673,48.565136201401934],[-123.42389929428164,48.56604030352928],[-123.42588640924006,48.56593068269719],[-123.42843388823304,48.56524679003748],[-123.43852548610407,48.565183191317296],[-123.43638070580731,48.562767506888505],[-123.43681141137206,48.55987298818174],[-123.43796518858798,48.55831140753725],[-123.43837429236834,48.55700670095087],[-123.43824782242243,48.555126504690364],[-123.43862419839411,48.554399000170754],[-123.43166480436935,48.554479338631964],[-123.42982970646783,48.55448464369712],[-123.42983094178638,48.55048541301777],[-123.41720688942273,48.55066330639452],[-123.4035243932821,48.55069471464302],[-123.40350669075129,48.556076896759],[-123.40355089084436,48.56028668992612],[-123.40353822133939,48.56513696469623]]]},"properties":{"DAUID":"59170715","DGUID":"2021S051259170715","LANDAREA":3.8125,"PRUID":"59","CMA":"Victoria"}},
{"type":"Feature","geometry":{"type":"Polygon","coordinates":[[[-123.40355089084436,48.56028668992612],[-123.40350669075129,48.556076896759],[-123.40138692188944,48.554329994876944],[-123.39552470659616,48.55428100095068],[-123.39581429027858,48.55655839862046],[-123.40091089987911,48.55646149920461],[-123.40230650571407,48.55806980618461],[-123.40128320698884,48.56026280910204],[-123.40355089084436,48.56028668992612]]]},"properties":{"DAUID":"59170716","DGUID":"2021S051259170716","LANDAREA":0.1818,"PRUID":"59","CMA":"Victoria"}},
{"type":"Feature","geometry":{"type":"Polygon","coordinates":[[[-123.41683027277561,48.65323529601124],[-123.41683217245298,48.65503379436556],[-123.42543410301147,48.653427506444096],[-123.42556007963674,48.654864897021476],[-123.44463779133328,48.65518596097383],[-123.44554540112328,48.654442505446326],[-123.44431798700968,48.6520555110815],[-123.44508930901686,48.65088408839221],[-123.4489607985213,48.64886310111947],[-123.4557334797309,48.64645159937894],[-123.45783439178646,48.64494870995342],[-123.45800471019653,48.64413060718446],[-123.45815691576361,48.63365750300387],[-123.4580807167847,48.630049692022574],[-123.45187620815248,48.63002025896791],[-123.44897467707153,48.630227479554556],[-123.44414481980186,48.63001390572738],[-123.44319648660856,48.630082424590746],[-123.43004660430319,48.629990887922524],[-123.42037581363657,48.62998491006023],[-123.42042758622006,48.63274920630881],[-123.4227923933706,48.63274789208417],[-123.42300425014889,48.633642778668346],[-123.42051411923721,48.633643761576934],[-123.42080526062881,48.634637043474484],[-123.41869669078719,48.637180366248586],[-123.41796006792595,48.638947414707665],[-123.4175020840461,48.640130769946495],[-123.4166209964671,48.64314548864492],[-123.41677459951754,48.64442040820902],[-123.41689662897805,48.64582081476265],[-123.41683027277561,48.65323529601124]]]},"properties":{"DAUID":"59170718","DGUID":"2021S051259170718","LANDAREA":7.3421,"PRUID":"59","CMA":"Victoria"}},
{"type":"Feature","geometry":{"type":"Polygon","coordinates":[[[-123.4580807167847,48.630049692022574],[-123.45815691576361,48.63365750300387],[-123.46376679656868,48.63371649881687],[-123.46803306930484,48.63185429875558],[-123.47702540394502,48.63197199537377],[-123.47583428544651,48.633767389718074],[-123.47504021056115,48.637530204971064],[-123.47215152329014,48.64067250060987],[-123.46789020243519,48.64266529773209],[-123.46459561841294,48.6426833015751],[-123.46331997267687,48.64414480459048],[-123.45800471019653,48.64413060718446],[-123.45783439178646,48.64494870995342],[-123.4557334797309,48.64645159937894],[-123.4489607985213,48.64886310111947],[-123.44508930901686,48.65088408839221],[-123.44431798700968,48.6520555110815],[-123.44554540112328,48.654442505446326],[-123.44577611120076,48.655388027732286],[-123.44609417901188,48.65535540029982],[-123.4459004339952,48.65335515018124],[-123.4479077412961,48.653004769263895],[-123.4488445261682,48.65156205338656],[-123.45236192421947,48.65016346729248],[-123.45605215072352,48.6498515676099],[-123.45812055548909,48.64873635999152],[-123.4605732327085,48.64839457285137],[-123.46261554366566,48.645957748955524],[-123.4645225548726,48.645184470513904],[-123.46628923163613,48.64533116327548],[-123.46862176201121,48.64353946477922],[-123.47393133084277,48.64101715190827],[-123.47683102651085,48.63743386691654],[-123.4781107403816,48.63634006122532],[-123.47743714707454,48.63415677253503],[-123.47857082357746,48.63344186572789],[-123.4793378492291,48.63117166718764],[-123.47986343216867,48.62803837188533],[-123.47880423316775,48.627880258621296],[-123.47888762286681,48.626765169183216],[-123.4775544331944,48.626391965839304],[-123.47673985719646,48.62770936876857],[-123.4751882265118,48.62877755923897],[-123.47293162362628,48.62824636419263],[-123.46735082496045,48.63086116296084],[-123.46574133405603,48.630075397121665],[-123.4580807167847,48.630049692022574]]]},"properties":{"DAUID":"59170719","DGUID":"2021S051259170719","LANDAREA":1.3582,"PRUID":"59","CMA":"Victoria"}},
{"type":"Feature","geometry":{"type":"Polygon","coordinates":[[[-123.45800471019653,48.64413060718446],[-123.46331997267687,48.64414480459048],[-123.46459561841294,48.6426833015751],[-123.46789020243519,48.64266529773209],[-123.47215152329014,48.64067250060987],[-123.47504021056115,48.637530204971064],[-123.47583428544651,48.633767389718074],[-123.47702540394502,48.63197199537377],[-123.46803306930484,48.63185429875558],[-123.46376679656868,48.63371649881687],[-123.45815691576361,48.63365750300387],[-123.45800471019653,48.64413060718446]]]},"properties":{"DAUID":"59170720","DGUID":"2021S051259170720","LANDAREA":1.3587,"PRUID":"59","CMA":"Victoria"}},
{"type":"Feature","geometry":{"type":"Polygon","coordinates":[[[-123.43311998645005,48.61296549390746],[-123.4349756105827,48.61276960736434],[-123.4356511106824,48.61399659388569],[-123.4355985926841,48.6155811081628],[-123.43431720050373,48.616475111063075],[-123.43229091209845,48.61617109564655],[-123.43247791543382,48.617462915290425],[-123.42895371419038,48.61762298312583],[-123.42893690904943,48.61917138233864],[-123.42648880109304,48.61986670253218],[-123.42739782113247,48.621505107856706],[-123.42892328377278,48.622273986645084],[-123.43132518745516,48.62232749579758],[-123.43393511453343,48.62080209462093],[-123.43417391032868,48.61905439147651],[-123.43564659892355,48.61910348836392],[-123.43858341565033,48.616618498617484],[-123.44265780259667,48.61517859945368],[-123.4437165267055,48.6157999125916],[-123.45893101377402,48.61616166890667],[-123.47141791576183,48.615873959800815],[-123.47118141539815,48.61897242035896],[-123.47209842586521,48.61765306772174],[-123.47489755674681,48.61506806423886],[-123.47723254759521,48.61376356027793],[-123.47824184344839,48.61267246034427],[-123.47520929806053,48.6122703015628],[-123.4729824793821,48.61237069935255],[-123.46643038680902,48.61230041275673],[-123.45919523946633,48.6119097596849],[-123.4481997039812,48.6120401750878],[-123.44379619811106,48.61154819736093],[-123.43024940112603,48.612076699773624],[-123.43311998645005,48.61296549390746]]]},"properties":{"DAUID":"59170721","DGUID":"2021S051259170721","LANDAREA":1.6914,"PRUID":"59","CMA":"Victoria"}},
{"type":"Feature","geometry":{"type":"Polygon","coordinates":[[[-123.38429471344372,48.43128159936873],[-123.3847225703504,48.43040204827623],[-123.38093592170003,48.43028589120966],[-123.37744868445745,48.428444645389376],[-123.37718658566057,48.429058602628345],[-123.38062313648376,48.433813237701656],[-123.38229140236483,48.432857107819515],[-123.38429471344372,48.43128159936873]]]},"properties":{"DAUID":"59170722","DGUID":"2021S051259170722","LANDAREA":0.1344,"PRUID":"59","CMA":"Victoria"}},
{"type":"Feature","geometry":{"type":"Polygon","coordinates":[[[-123.37744868445745,48.428444645389376],[-123.37275846499547,48.42795599402557],[-123.37318603632582,48.4297481544745],[-123.37445103551435,48.430751162631296],[-123.37566643197901,48.430702774460684],[-123.37795742120699,48.43334896682565],[-123.3792892778498,48.434125261030786],[-123.38062313648376,48.433813237701656],[-123.37718658566057,48.429058602628345],[-123.37744868445745,48.428444645389376]]]},"properties":{"DAUID":"59170723","DGUID":"2021S051259170723","LANDAREA":0.1519,"PRUID":"59","CMA":"Victoria"}},
{"type":"Feature","geometry":{"type":"Polygon","coordinates":[[[-123.46121492389021,48.568262352030544],[-123.45972197566847,48.568794637497106],[-123.45794311379777,48.568832311293775],[-123.4580100939045,48.57175591251725],[-123.4620005965015,48.57176569460694],[-123.46153080768443,48.5732780908222],[-123.46446878783962,48.575017902351405],[-123.4648009947284,48.57639169858232],[-123.46376378272313,48.57788339388581],[-123.46588483148362,48.577882601032314],[-123.46747556712602,48.57825407064196],[-123.46862325387717,48.579112660867054],[-123.46860569951734,48.579716298019456],[-123.46986803007674,48.57975564778077],[-123.46944994166822,48.579178048610046],[-123.46812865099487,48.57851716249347],[-123.46520295750985,48.57730516880717],[-123.46603105958249,48.57597926497964],[-123.46445355181362,48.574025255784946],[-123.46247922647622,48.57302547112354],[-123.46254593515717,48.57140615511407],[-123.46423372921083,48.57078655573159],[-123.46529874168239,48.57152857206452],[-123.46691815386366,48.57085637006909],[-123.46863963272978,48.57078656839779],[-123.4708431358778,48.570094449467284],[-123.4713122277838,48.56947205707172],[-123.46929273121866,48.56813897858793],[-123.47028873816733,48.56728017376069],[-123.47187233065517,48.56855196387196],[-123.47398214304367,48.56795806859789],[-123.47495221769405,48.56606536206716],[-123.47524452377277,48.56399456266966],[-123.47497806316274,48.563041766665734],[-123.47191243895622,48.561272875018325],[-123.47041744419522,48.56083846153719],[-123.46953992300398,48.56121166151145],[-123.46682213546741,48.56036705694539],[-123.46431642819522,48.55910947108542],[-123.46400217189577,48.55899516373937],[-123.46419154509833,48.56319412103981],[-123.46264961021163,48.56354219202015],[-123.45851281033015,48.56290910864071],[-123.46027530293996,48.56397458641464],[-123.46206451165008,48.56658231585063],[-123.46241492182268,48.56758961757507],[-123.46121492389021,48.568262352030544]]]},"properties":{"DAUID":"59170725","DGUID":"2021S051259170725","LANDAREA":1.0922,"PRUID":"59","CMA":"Victoria"}},
{"type":"Feature","geometry":{"type":"Polygon","coordinates":[[[-123.45851281033015,48.56290910864071],[-123.46264961021163,48.56354219202015],[-123.46419154509833,48.56319412103981],[-123.46400217189577,48.55899516373937],[-123.4623793186343,48.559180658606365],[-123.46086993094536,48.55863805523688],[-123.45837630158208,48.558907742144335],[-123.455169554185,48.55910096195572],[-123.45167679466232,48.55802822761872],[-123.4441830685934,48.55810615613034],[-123.44416920121888,48.55449119851027],[-123.43862419839411,48.554399000170754],[-123.43824782242243,48.555126504690364],[-123.43837429236834,48.55700670095087],[-123.43796518858798,48.55831140753725],[-123.43681141137206,48.55987298818174],[-123.43638070580731,48.562767506888505],[-123.43852548610407,48.565183191317296],[-123.44270999708253,48.56519930353115],[-123.44723007995081,48.5662412065412],[-123.44978312017035,48.56595000609666],[-123.45232070158269,48.56464050689265],[-123.45482081752671,48.56299740401317],[-123.45851281033015,48.56290910864071]]]},"properties":{"DAUID":"59170726","DGUID":"2021S051259170726","LANDAREA":1.5274,"PRUID":"59","CMA":"Victoria"}},
{"type":"Feature","geometry":{"type":"Polygon","coordinates":[[[-123.41810420961798,48.61194905229495],[-123.4241753369958,48.61217877556456],[-123.43024940112603,48.612076699773624],[-123.44379619811106,48.61154819736093],[-123.4481997039812,48.6120401750878],[-123.45919523946633,48.6119097596849],[-123.46643038680902,48.61230041275673],[-123.4729824793821,48.61237069935255],[-123.47520929806053,48.6122703015628],[-123.47824184344839,48.61267246034427],[-123.47987384220124,48.6106032690977],[-123.48030934223702,48.60919755094831],[-123.47986214631098,48.60778756191206],[-123.48095564380634,48.60723496704611],[-123.48079202871456,48.605740952661385],[-123.47978092909402,48.605107153962734],[-123.48080843569039,48.60320447206414],[-123.47968263243266,48.60187705006471],[-123.47762235257066,48.60046426487107],[-123.47477514493572,48.59923516775643],[-123.47757844205542,48.59867544864182],[-123.48064234982623,48.598635565462885],[-123.48011385297671,48.59718855877134],[-123.47688302972044,48.59694076732275],[-123.47418332432154,48.59530576922113],[-123.47151004189439,48.59511065254686],[-123.47075102161836,48.59374625373705],[-123.46759652647641,48.591437659697164],[-123.46588195500091,48.590501526666536],[-123.46197948652079,48.59070844508421],[-123.46406276039095,48.595646246405536],[-123.46589642961315,48.59919057420955],[-123.46337399528454,48.59920889740607],[-123.458470987162,48.59877621611285],[-123.45573310465167,48.59874679849275],[-123.45195797775521,48.597840398715874],[-123.44868239347531,48.597815985342145],[-123.45005830451456,48.59876489374512],[-123.45016919103016,48.60141810324432],[-123.45204128861937,48.60260970891685],[-123.45126601278508,48.605225310524176],[-123.44842350024938,48.60577018994342],[-123.44530940775704,48.60557911464017],[-123.4419429029081,48.60659530354525],[-123.4384643027141,48.60909441150504],[-123.43661918394521,48.60902729483142],[-123.4352834002035,48.60798721189266],[-123.43155259752307,48.60730488783442],[-123.4304908115992,48.60683289686729],[-123.41985679623734,48.60681880748171],[-123.418278098709,48.60559951089671],[-123.41722790409278,48.60269538544961],[-123.41110571526242,48.60270960639869],[-123.40814061011068,48.606215511144256],[-123.40734781475783,48.60856088743817],[-123.4083470786172,48.611865096171506],[-123.41810420961798,48.61194905229495]]]},"properties":{"DAUID":"59170728","DGUID":"2021S051259170728","LANDAREA":5.846,"PRUID":"59","CMA":"Victoria"}},
{"type":"Feature","geometry":{"type":"Polygon","coordinates":[[[-123.44868239347531,48.597815985342145],[-123.43612370678876,48.59784999753154],[-123.4306179812842,48.597796393930444],[-123.42514110104851,48.59731679816229],[-123.42105591753024,48.59548220502808],[-123.42075250159472,48.59768549315705],[-123.42374539980784,48.59780309848824],[-123.42362090454917,48.601392706442574],[-123.42034191990909,48.601424107522924],[-123.41697164231097,48.601465759845254],[-123.41722790409278,48.60269538544961],[-123.418278098709,48.60559951089671],[-123.41985679623734,48.60681880748171],[-123.4304908115992,48.60683289686729],[-123.43155259752307,48.60730488783442],[-123.4352834002035,48.60798721189266],[-123.43661918394521,48.60902729483142],[-123.4384643027141,48.60909441150504],[-123.4419429029081,48.60659530354525],[-123.44530940775704,48.60557911464017],[-123.44842350024938,48.60577018994342],[-123.45126601278508,48.605225310524176],[-123.45204128861937,48.60260970891685],[-123.45016919103016,48.60141810324432],[-123.45005830451456,48.59876489374512],[-123.44868239347531,48.597815985342145]]]},"properties":{"DAUID":"59170729","DGUID":"2021S051259170729","LANDAREA":2.3405,"PRUID":"59","CMA":"Victoria"}},
{"type":"Feature","geometry":{"type":"Polygon","coordinates":[[[-123.44120403059634,48.57971423423714],[-123.44076104380586,48.579714832884285],[-123.41694650599902,48.5797467033166],[-123.40893568751447,48.57969769286697],[-123.41012141111257,48.581151992938665],[-123.41429630460256,48.58457780090595],[-123.41714030741096,48.585596307111935],[-123.41881898964994,48.586955171403005],[-123.4223077033456,48.586981262152236],[-123.4217810970607,48.58873821008736],[-123.42992800104292,48.588800403182425],[-123.43067981139993,48.58866889342186],[-123.4301091183774,48.592336894579134],[-123.43062479128234,48.59370089630056],[-123.4306179812842,48.597796393930444],[-123.43612370678876,48.59784999753154],[-123.44868239347531,48.597815985342145],[-123.45195797775521,48.597840398715874],[-123.45573310465167,48.59874679849275],[-123.458470987162,48.59877621611285],[-123.46337399528454,48.59920889740607],[-123.46589642961315,48.59919057420955],[-123.46406276039095,48.595646246405536],[-123.46197948652079,48.59070844508421],[-123.44370748975408,48.59071272495233],[-123.44432809138033,48.5869479065395],[-123.44435998383122,48.58142818296158],[-123.44123237626933,48.581358462616244],[-123.44120403059634,48.57971423423714]]]},"properties":{"DAUID":"59170730","DGUID":"2021S051259170730","LANDAREA":4.35,"PRUID":"59","CMA":"Victoria"}},
{"type":"Feature","geometry":{"type":"Polygon","coordinates":[[[-123.4306179812842,48.597796393930444],[-123.43062479128234,48.59370089630056],[-123.4301091183774,48.592336894579134],[-123.43067981139993,48.58866889342186],[-123.42992800104292,48.588800403182425],[-123.4217810970607,48.58873821008736],[-123.42175710290454,48.59165150929589],[-123.4207531097581,48.593716009914495],[-123.41941659208986,48.59465719080935],[-123.42105591753024,48.59548220502808],[-123.42514110104851,48.59731679816229],[-123.4306179812842,48.597796393930444]]]},"properties":{"DAUID":"59170731","DGUID":"2021S051259170731","LANDAREA":0.6363,"PRUID":"59","CMA":"Victoria"}},
{"type":"Feature","geometry":{"type":"Polygon","coordinates":[[[-123.42075250159472,48.59768549315705],[-123.42043880074816,48.597973589647474],[-123.42034191990909,48.601424107522924],[-123.42362090454917,48.601392706442574],[-123.42374539980784,48.59780309848824],[-123.42075250159472,48.59768549315705]]]},"properties":{"DAUID":"59170732","DGUID":"2021S051259170732","LANDAREA":0.0974,"PRUID":"59","CMA":"Victoria"}},
{"type":"Feature","geometry":{"type":"Polygon","coordinates":[[[-123.41110571526242,48.60270960639869],[-123.41722790409278,48.60269538544961],[-123.41697164231097,48.601465759845254],[-123.42034191990909,48.601424107522924],[-123.42043880074816,48.597973589647474],[-123.42075250159472,48.59768549315705],[-123.42105591753024,48.59548220502808],[-123.41941659208986,48.59465719080935],[-123.41692410462684,48.59418280146706],[-123.41685069049048,48.597102080810934],[-123.41576839574464,48.59723078778816],[-123.41110571526242,48.60270960639869]]]},"properties":{"DAUID":"59170733","DGUID":"2021S051259170733","LANDAREA":0.3685,"PRUID":"59","CMA":"Victoria"}},
{"type":"Feature","geometry":{"type":"Polygon","coordinates":[[[-123.41692410462684,48.59418280146706],[-123.41941659208986,48.59465719080935],[-123.4207531097581,48.593716009914495],[-123.42175710290454,48.59165150929589],[-123.4217810970607,48.58873821008736],[-123.4223077033456,48.586981262152236],[-123.41881898964994,48.586955171403005],[-123.41932178209402,48.588403595346286],[-123.41864097389889,48.59082119397224],[-123.41725349525406,48.59200191048012],[-123.41692410462684,48.59418280146706]]]},"properties":{"DAUID":"59170734","DGUID":"2021S051259170734","LANDAREA":0.2033,"PRUID":"59","CMA":"Victoria"}},
{"type":"Feature","geometry":{"type":"Polygon","coordinates":[[[-123.30495161266546,48.46922870512653],[-123.30953168837283,48.465473651561],[-123.31246423342995,48.4634031401761],[-123.30703149672631,48.46051248978142],[-123.30534844087738,48.46178996022362],[-123.30395925955492,48.4608882308609],[-123.30100447459355,48.462905794519024],[-123.30268675217019,48.46385766244297],[-123.29781919102088,48.467791715054574],[-123.30314180770561,48.47072020593143],[-123.30495161266546,48.46922870512653]]]},"properties":{"DAUID":"59170735","DGUID":"2021S051259170735","LANDAREA":0.5927,"PRUID":"59","CMA":"Victoria"}},
{"type":"Feature","geometry":{"type":"Polygon","coordinates":[[[-123.30100447459355,48.462905794519024],[-123.30395925955492,48.4608882308609],[-123.30534844087738,48.46178996022362],[-123.30703149672631,48.46051248978142],[-123.30239447715599,48.45771797432414],[-123.30044266296969,48.45682841397737],[-123.29940008758132,48.45946059874828],[-123.29760249420053,48.46100198724432],[-123.30100447459355,48.462905794519024]]]},"properties":{"DAUID":"59170736","DGUID":"2021S051259170736","LANDAREA":0.2163,"PRUID":"59","CMA":"Victoria"}},
{"type":"Feature","geometry":{"type":"Polygon","coordinates":[[[-123.3459645123005,48.448379290547564],[-123.34394440488038,48.44834308434654],[-123.3444013143754,48.44860509132959],[-123.3444035345072,48.45529933670638],[-123.34074308764828,48.455217407686575],[-123.34076961700771,48.45882520399467],[-123.34275304114882,48.45920916989655],[-123.34346561703079,48.461593700954786],[-123.3507236894158,48.46057791194925],[-123.35093679704033,48.45889510841442],[-123.35082181171511,48.454563591331365],[-123.35043841895046,48.453697297187745],[-123.35103099755712,48.45022940080339],[-123.34809267795734,48.45047752035247],[-123.3481440875596,48.44844250923453],[-123.3459645123005,48.448379290547564]]]},"properties":{"DAUID":"59170738","DGUID":"2021S051259170738","LANDAREA":0.7603,"PRUID":"59","CMA":"Victoria"}},
{"type":"Feature","geometry":{"type":"Polygon","coordinates":[[[-123.3367273160861,48.45057870009497],[-123.33552251149239,48.45059079199597],[-123.33544550196103,48.45284150093109],[-123.33715869655883,48.45286569891787],[-123.33779351386382,48.45353179019915],[-123.34007718641021,48.453326810902865],[-123.33958390031793,48.45518379367081],[-123.34074308764828,48.455217407686575],[-123.3444035345072,48.45529933670638],[-123.3444013143754,48.44860509132959],[-123.34394440488038,48.44834308434654],[-123.34314319163981,48.44938889795892],[-123.341312777,48.45072899140867],[-123.3367273160861,48.45057870009497]]]},"properties":{"DAUID":"59170739","DGUID":"2021S051259170739","LANDAREA":0.2939,"PRUID":"59","CMA":"Victoria"}},
{"type":"Feature","geometry":{"type":"Polygon","coordinates":[[[-123.38778510298499,48.45471679104218],[-123.38450119558735,48.45401900493663],[-123.38153231614483,48.45338841020467],[-123.38169777088505,48.454373604306134],[-123.38079779224401,48.45594749619691],[-123.38653683312162,48.45726964340527],[-123.38778510298499,48.45471679104218]]]},"properties":{"DAUID":"59170741","DGUID":"2021S051259170741","LANDAREA":0.134,"PRUID":"59","CMA":"Victoria"}},
{"type":"Feature","geometry":{"type":"Polygon","coordinates":[[[-123.37920353384955,48.46086200842551],[-123.38054709362882,48.46051949209295],[-123.38245761024754,48.46198429126033],[-123.38479939533565,48.460658901646504],[-123.38653683312162,48.45726964340527],[-123.38079779224401,48.45594749619691],[-123.38009550405582,48.45734139750092],[-123.37783321723589,48.45698959964902],[-123.37920353384955,48.46086200842551]]]},"properties":{"DAUID":"59170742","DGUID":"2021S051259170742","LANDAREA":0.2616,"PRUID":"59","CMA":"Victoria"}},
{"type":"Feature","geometry":{"type":"Polygon","coordinates":[[[-123.38122449883952,48.45207320947265],[-123.38013750721987,48.45219958861345],[-123.37888181163159,48.4475766939014],[-123.37962471412368,48.44695929878035],[-123.37230917021414,48.44774926884409],[-123.37535360086814,48.45277372282193],[-123.37652068931305,48.45507369658066],[-123.37783321723589,48.45698959964902],[-123.38009550405582,48.45734139750092],[-123.38079779224401,48.45594749619691],[-123.38169777088505,48.454373604306134],[-123.38153231614483,48.45338841020467],[-123.38122449883952,48.45207320947265]]]},"properties":{"DAUID":"59170743","DGUID":"2021S051259170743","LANDAREA":0.4274,"PRUID":"59","CMA":"Victoria"}},
{"type":"Feature","geometry":{"type":"Polygon","coordinates":[[[-123.38212780571071,48.44819528309971],[-123.38125051050648,48.447754301178904],[-123.37962471412368,48.44695929878035],[-123.37888181163159,48.4475766939014],[-123.38013750721987,48.45219958861345],[-123.38122449883952,48.45207320947265],[-123.38257181540287,48.4499765133073],[-123.38097201446627,48.44924709624654],[-123.38212780571071,48.44819528309971]]]},"properties":{"DAUID":"59170744","DGUID":"2021S051259170744","LANDAREA":0.0883,"PRUID":"59","CMA":"Victoria"}},
{"type":"Feature","geometry":{"type":"Polygon","coordinates":[[[-123.41569150125856,48.451542613200296],[-123.41718638945792,48.45210211092958],[-123.4136255969687,48.4556719039699],[-123.41405178349929,48.456098893020936],[-123.4156778104842,48.45673190683923],[-123.41704678305396,48.4554479013671],[-123.42262879111765,48.45236241853183],[-123.42168674887166,48.452215471174725],[-123.41956901419633,48.452899056942314],[-123.4159393767423,48.451412747921346],[-123.41569150125856,48.451542613200296]]]},"properties":{"DAUID":"59170746","DGUID":"2021S051259170746","LANDAREA":0.1336,"PRUID":"59","CMA":"Victoria"}},
{"type":"Feature","geometry":{"type":"Polygon","coordinates":[[[-123.4134533080843,48.456377402984074],[-123.41104718663395,48.45778661791278],[-123.40882726027225,48.45849533957563],[-123.40530691871803,48.459228800473376],[-123.40473885633445,48.459615270141896],[-123.40861938521486,48.46045059153884],[-123.41524298975725,48.46357189552513],[-123.41737460820114,48.464099087392334],[-123.42115581790299,48.46401815364887],[-123.42136091019037,48.46358062927264],[-123.41883403234111,48.463831276965784],[-123.41754615737321,48.463620569332925],[-123.4112818254771,48.459946070931885],[-123.41316914428698,48.459219753607606],[-123.41351813791799,48.45717597090008],[-123.41641283579402,48.45732695877588],[-123.4180061562631,48.457015059582865],[-123.41876414561226,48.45856884844418],[-123.42010186114034,48.458554668100916],[-123.42070114542112,48.4574009506668],[-123.42209695508801,48.45616336921526],[-123.42326001888875,48.454324662711585],[-123.42262879111765,48.45236241853183],[-123.41704678305396,48.4554479013671],[-123.4156778104842,48.45673190683923],[-123.41405178349929,48.456098893020936],[-123.4134533080843,48.456377402984074]]]},"properties":{"DAUID":"59170747","DGUID":"2021S051259170747","LANDAREA":0.3945,"PRUID":"59","CMA":"Victoria"}},
{"type":"Feature","geometry":{"type":"Polygon","coordinates":[[[-123.40875639587158,48.46583290821903],[-123.40977360941598,48.46370711291666],[-123.4116337043433,48.464432388646706],[-123.41242438989644,48.463414118717075],[-123.41583522255354,48.46533393777427],[-123.42028799555318,48.465767097182656],[-123.42115581790299,48.46401815364887],[-123.41737460820114,48.464099087392334],[-123.41524298975725,48.46357189552513],[-123.40861938521486,48.46045059153884],[-123.40473885633445,48.459615270141896],[-123.40106505665949,48.46326193860962],[-123.4009761148207,48.463711696870334],[-123.40521038645024,48.465536006962886],[-123.40642719015106,48.46533579819475],[-123.40875639587158,48.46583290821903]]]},"properties":{"DAUID":"59170748","DGUID":"2021S051259170748","LANDAREA":0.4647,"PRUID":"59","CMA":"Victoria"}},
{"type":"Feature","geometry":{"type":"Polygon","coordinates":[[[-123.40106505665949,48.46326193860962],[-123.40473885633445,48.459615270141896],[-123.39772988876345,48.45821964161907],[-123.3948826144323,48.45806852259862],[-123.39443328300001,48.45938580171965],[-123.39468861267292,48.461219888011094],[-123.39673550830251,48.463795092952125],[-123.39870049897334,48.46486959379097],[-123.40106505665949,48.46326193860962]]]},"properties":{"DAUID":"59170749","DGUID":"2021S051259170749","LANDAREA":0.3511,"PRUID":"59","CMA":"Victoria"}},
{"type":"Feature","geometry":{"type":"Polygon","coordinates":[[[-123.40437901996167,48.455522399430556],[-123.39919976410688,48.45287944062006],[-123.39632915234411,48.45145801489335],[-123.39587304433586,48.45187970622016],[-123.39312570135223,48.45430552603151],[-123.39230763059417,48.45587071244908],[-123.39044178889525,48.458046691206235],[-123.3948826144323,48.45806852259862],[-123.39772988876345,48.45821964161907],[-123.40473885633445,48.459615270141896],[-123.40530691871803,48.459228800473376],[-123.40882726027225,48.45849533957563],[-123.40470490511093,48.45687829926785],[-123.40437901996167,48.455522399430556]]]},"properties":{"DAUID":"59170750","DGUID":"2021S051259170750","LANDAREA":0.5698,"PRUID":"59","CMA":"Victoria"}},
{"type":"Feature","geometry":{"type":"Polygon","coordinates":[[[-123.39468861267292,48.461219888011094],[-123.39443328300001,48.45938580171965],[-123.3948826144323,48.45806852259862],[-123.39044178889525,48.458046691206235],[-123.39035649369852,48.45814920662495],[-123.38620600768384,48.46293629044576],[-123.38695218980473,48.46316480116871],[-123.39443560747328,48.46208660185095],[-123.39468861267292,48.461219888011094]]]},"properties":{"DAUID":"59170751","DGUID":"2021S051259170751","LANDAREA":0.2271,"PRUID":"59","CMA":"Victoria"}},
{"type":"Feature","geometry":{"type":"Polygon","coordinates":[[[-123.42254271508529,48.46993289344847],[-123.42268788900758,48.470786819635265],[-123.42103108862652,48.4796149912931],[-123.42800930888386,48.480206508303475],[-123.42723490114408,48.48467729522811],[-123.43443219672305,48.48525390473352],[-123.43670458049048,48.48408169356624],[-123.43635057964808,48.48199109816314],[-123.43445129712566,48.48077471429997],[-123.43469918555003,48.47827390115558],[-123.43587099293934,48.476643106488346],[-123.4360463863468,48.47502879448291],[-123.4380148897994,48.47287442468561],[-123.44146825851779,48.47087936649272],[-123.44335024748794,48.46879402711729],[-123.43780129595892,48.46646353636389],[-123.43562344360939,48.466397914309745],[-123.4336755724285,48.46767923613443],[-123.42785941110304,48.47072533949576],[-123.42684049703465,48.46875811003837],[-123.42461333369933,48.46979244655128],[-123.42395620847104,48.46852901359235],[-123.42294232036966,48.46934120646801],[-123.42254271508529,48.46993289344847]]]},"properties":{"DAUID":"59170753","DGUID":"2021S051259170753","LANDAREA":1.8671,"PRUID":"59","CMA":"Victoria"}},
{"type":"Feature","geometry":{"type":"Polygon","coordinates":[[[-123.41926069586273,48.49871770665324],[-123.41967379810151,48.491603504636956],[-123.4183041492555,48.48934837024179],[-123.41621601414042,48.487930516663106],[-123.41553658038997,48.48639727586841],[-123.41793204390066,48.48659092591268],[-123.41831383806525,48.483964150825194],[-123.42723490114408,48.48467729522811],[-123.42800930888386,48.480206508303475],[-123.42103108862652,48.4796149912931],[-123.42072733862565,48.480411323970365],[-123.41748541679705,48.480573762074926],[-123.41738571922545,48.481535574168646],[-123.41384031571229,48.481231497768405],[-123.41238228232582,48.48400289885887],[-123.40859732616411,48.49040615906059],[-123.40581341213762,48.48986233797869],[-123.40719859314665,48.48725768660318],[-123.40884338855258,48.48625921118641],[-123.40518691226075,48.485389712337884],[-123.40325950009036,48.48658688352038],[-123.40192599075098,48.488357687778446],[-123.40131759951771,48.48974040240889],[-123.40865451618856,48.49137118066072],[-123.40607563798994,48.49524367772426],[-123.41926069586273,48.49871770665324]]]},"properties":{"DAUID":"59170754","DGUID":"2021S051259170754","LANDAREA":1.6762,"PRUID":"59","CMA":"Victoria"}},
{"type":"Feature","geometry":{"type":"Polygon","coordinates":[[[-123.40978134726271,48.480118832878006],[-123.41384031571229,48.481231497768405],[-123.41738571922545,48.481535574168646],[-123.41748541679705,48.480573762074926],[-123.42072733862565,48.480411323970365],[-123.42103108862652,48.4796149912931],[-123.41498355130459,48.47910063483614],[-123.41572189783055,48.47752890667696],[-123.41440180809346,48.47721720234124],[-123.41521216118932,48.4756138353158],[-123.41286424605538,48.47495690740337],[-123.41107660293272,48.47706568684673],[-123.41068551200893,48.47840961264819],[-123.40978134726271,48.480118832878006]]]},"properties":{"DAUID":"59170755","DGUID":"2021S051259170755","LANDAREA":0.2653,"PRUID":"59","CMA":"Victoria"}},
{"type":"Feature","geometry":{"type":"Polygon","coordinates":[[[-123.40518691226075,48.485389712337884],[-123.40884338855258,48.48625921118641],[-123.40719859314665,48.48725768660318],[-123.40581341213762,48.48986233797869],[-123.40859732616411,48.49040615906059],[-123.41238228232582,48.48400289885887],[-123.41384031571229,48.481231497768405],[-123.40978134726271,48.480118832878006],[-123.40885218334738,48.48186349178558],[-123.40518691226075,48.485389712337884]]]},"properties":{"DAUID":"59170756","DGUID":"2021S051259170756","LANDAREA":0.3318,"PRUID":"59","CMA":"Victoria"}},
{"type":"Feature","geometry":{"type":"Polygon","coordinates":[[[-123.3902153850941,48.53629830510083],[-123.40145811028277,48.536341597591104],[-123.40512049064239,48.53668360086367],[-123.40634278593832,48.53757459367001],[-123.40700779452521,48.539255211671744],[-123.40959861334113,48.53992889932918],[-123.41154451479166,48.540822094842625],[-123.41267491217387,48.539891184818075],[-123.41734510639591,48.539865205614674],[-123.41736998143247,48.53822490198266],[-123.42476270603586,48.5372026101291],[-123.42418577134588,48.53595426736569],[-123.42128399052382,48.534165296688634],[-123.41938799194,48.532435856993516],[-123.41821161654552,48.52964189863701],[-123.41734492190916,48.529072624717166],[-123.41703170419424,48.52587769340355],[-123.41563368777481,48.525729093682884],[-123.41336529893759,48.52488220569025],[-123.41109680671835,48.5222914021353],[-123.41099971526165,48.52043789704871],[-123.40962538357884,48.517816607697554],[-123.41038610633186,48.51491648161223],[-123.41169351021085,48.51227499759797],[-123.41180300100356,48.51039940122386],[-123.41087919056184,48.509006405865286],[-123.40879498193648,48.50794829447652],[-123.40744088528716,48.50671598870316],[-123.40722518333916,48.50461429790922],[-123.40557050804048,48.50300040340332],[-123.40234981798778,48.50153019414823],[-123.40163540600221,48.50358389453521],[-123.40034348375562,48.50495710225774],[-123.39853450391087,48.50761781332075],[-123.39612351491503,48.506731798510636],[-123.38812618997787,48.50766719568796],[-123.3842645092555,48.50888423138532],[-123.3839676027836,48.5103910888859],[-123.38423682011019,48.51429030307513],[-123.38505939779637,48.51813189864021],[-123.38593651161035,48.52223810169897],[-123.38675029705287,48.525071295740084],[-123.38693648286628,48.52774031483832],[-123.38793691293378,48.5307963091507],[-123.38848200651043,48.53370218632363],[-123.38980251583781,48.53488790325201],[-123.3902153850941,48.53629830510083]]]},"properties":{"DAUID":"59170758","DGUID":"2021S051259170758","LANDAREA":5.0466,"PRUID":"59","CMA":"Victoria"}},
{"type":"Feature","geometry":{"type":"Polygon","coordinates":[[[-123.38527929372543,48.498913187710926],[-123.38547938852457,48.502717909031816],[-123.3842645092555,48.50888423138532],[-123.38812618997787,48.50766719568796],[-123.39612351491503,48.506731798510636],[-123.39853450391087,48.50761781332075],[-123.40034348375562,48.50495710225774],[-123.40163540600221,48.50358389453521],[-123.40234981798778,48.50153019414823],[-123.39827650823972,48.50003719819814],[-123.39717450637484,48.49938800558402],[-123.393868822542,48.498242825022864],[-123.39250362262007,48.498885550850616],[-123.39624691120021,48.503515792094575],[-123.39055590818558,48.50295209043569],[-123.38913818696182,48.502415801873795],[-123.38592603053712,48.50192463269701],[-123.3880001013091,48.499121870122686],[-123.38527929372543,48.498913187710926]]]},"properties":{"DAUID":"59170759","DGUID":"2021S051259170759","LANDAREA":0.8557,"PRUID":"59","CMA":"Victoria"}},
{"type":"Feature","geometry":{"type":"Polygon","coordinates":[[[-123.38423682011019,48.51429030307513],[-123.3839676027836,48.5103910888859],[-123.38368971839374,48.51060083683229],[-123.37783033039493,48.511061867325886],[-123.37790670466043,48.50993865702449],[-123.37421303530793,48.50990428296766],[-123.37391163389378,48.506040903203036],[-123.37023169452728,48.50595680154585],[-123.37017578184133,48.50839270747841],[-123.37165491400677,48.50743749508094],[-123.37299791445604,48.507592504767956],[-123.37288040106301,48.50880509949952],[-123.37210801316604,48.51022409452933],[-123.37020064657268,48.510250804813765],[-123.37048278911325,48.511446222959606],[-123.37173181834979,48.5111544159878],[-123.37422536596152,48.51147582349005],[-123.3741529984878,48.51418540868299],[-123.38423682011019,48.51429030307513]]]},"properties":{"DAUID":"59170760","DGUID":"2021S051259170760","LANDAREA":0.4201,"PRUID":"59","CMA":"Victoria"}},
{"type":"Feature","geometry":{"type":"Polygon","coordinates":[[[-123.3741529984878,48.51418540868299],[-123.37422536596152,48.51147582349005],[-123.37173181834979,48.5111544159878],[-123.37048278911325,48.511446222959606],[-123.37020064657268,48.510250804813765],[-123.37210801316604,48.51022409452933],[-123.37288040106301,48.50880509949952],[-123.37299791445604,48.507592504767956],[-123.37165491400677,48.50743749508094],[-123.37017578184133,48.50839270747841],[-123.37023169452728,48.50595680154585],[-123.3688367980474,48.50659029700785],[-123.36591750948392,48.50598318413646],[-123.3656286917921,48.50905081290095],[-123.36623518636836,48.51060780735268],[-123.36660741753391,48.51270710168356],[-123.36864700816113,48.517220197376695],[-123.37171659484011,48.51667052745018],[-123.3717774517009,48.514096825730476],[-123.3741529984878,48.51418540868299]]]},"properties":{"DAUID":"59170761","DGUID":"2021S051259170761","LANDAREA":0.4945,"PRUID":"59","CMA":"Victoria"}},
{"type":"Feature","geometry":{"type":"Polygon","coordinates":[[[-123.38498851919847,48.498892501438114],[-123.38242817737276,48.49871399069431],[-123.37849750030608,48.49771058561423],[-123.37501781617046,48.49766329014414],[-123.37398090768899,48.49939600837616],[-123.37414038229093,48.502602806029174],[-123.37219790754936,48.50338878500125],[-123.3711592211521,48.50505370830311],[-123.37025019792394,48.50530891112242],[-123.37023169452728,48.50595680154585],[-123.37391163389378,48.506040903203036],[-123.37421303530793,48.50990428296766],[-123.37790670466043,48.50993865702449],[-123.37783033039493,48.511061867325886],[-123.38368971839374,48.51060083683229],[-123.3839676027836,48.5103910888859],[-123.3842645092555,48.50888423138532],[-123.38547938852457,48.502717909031816],[-123.38527929372543,48.498913187710926],[-123.38498851919847,48.498892501438114]]]},"properties":{"DAUID":"59170762","DGUID":"2021S051259170762","LANDAREA":1.1705,"PRUID":"59","CMA":"Victoria"}},
{"type":"Feature","geometry":{"type":"Polygon","coordinates":[[[-123.37335428799311,48.49766449702346],[-123.37064900065329,48.498028484223546],[-123.36763590041134,48.499402787892855],[-123.36667901493342,48.50015719453059],[-123.36878879594231,48.50158200527981],[-123.36952831591388,48.50249929212426],[-123.37025019792394,48.50530891112242],[-123.3711592211521,48.50505370830311],[-123.37219790754936,48.50338878500125],[-123.37414038229093,48.502602806029174],[-123.37398090768899,48.49939600837616],[-123.37501781617046,48.49766329014414],[-123.37335428799311,48.49766449702346]]]},"properties":{"DAUID":"59170763","DGUID":"2021S051259170763","LANDAREA":0.2675,"PRUID":"59","CMA":"Victoria"}},
{"type":"Feature","geometry":{"type":"Polygon","coordinates":[[[-123.37023169452728,48.50595680154585],[-123.37025019792394,48.50530891112242],[-123.36952831591388,48.50249929212426],[-123.36878879594231,48.50158200527981],[-123.36667901493342,48.50015719453059],[-123.36443838756021,48.50136845169427],[-123.36196237835465,48.501371821383806],[-123.36433578033446,48.502310010473714],[-123.36587740696123,48.50338349143037],[-123.36620650937998,48.50438800807485],[-123.36591750948392,48.50598318413646],[-123.3688367980474,48.50659029700785],[-123.37023169452728,48.50595680154585]]]},"properties":{"DAUID":"59170764","DGUID":"2021S051259170764","LANDAREA":0.195,"PRUID":"59","CMA":"Victoria"}},
{"type":"Feature","geometry":{"type":"Polygon","coordinates":[[[-123.36623518636836,48.51060780735268],[-123.3656286917921,48.50905081290095],[-123.36591750948392,48.50598318413646],[-123.36526654107975,48.5064595689038],[-123.36266599219464,48.50648580377568],[-123.36212541443504,48.50841998432639],[-123.36285453041135,48.508869098789525],[-123.36247040203389,48.51017879649123],[-123.36159169215874,48.51054379128732],[-123.36204321820307,48.51184889950155],[-123.36478848200493,48.51303620107997],[-123.36516089223524,48.510603605005734],[-123.36623518636836,48.51060780735268]]]},"properties":{"DAUID":"59170765","DGUID":"2021S051259170765","LANDAREA":0.1653,"PRUID":"59","CMA":"Victoria"}},
{"type":"Feature","geometry":{"type":"Polygon","coordinates":[[[-123.36266599219464,48.50648580377568],[-123.36526654107975,48.5064595689038],[-123.36591750948392,48.50598318413646],[-123.36620650937998,48.50438800807485],[-123.36587740696123,48.50338349143037],[-123.36433578033446,48.502310010473714],[-123.36196237835465,48.501371821383806],[-123.35969960194012,48.502322702208765],[-123.36052170633576,48.503283685351526],[-123.36035668774223,48.504639301853416],[-123.36152520077702,48.50460080328822],[-123.36268811106629,48.50536370159306],[-123.36266599219464,48.50648580377568]]]},"properties":{"DAUID":"59170766","DGUID":"2021S051259170766","LANDAREA":0.1693,"PRUID":"59","CMA":"Victoria"}},
{"type":"Feature","geometry":{"type":"Polygon","coordinates":[[[-123.38241858977278,48.48589400920202],[-123.37972538857709,48.48361831182544],[-123.37889139085748,48.48245870121917],[-123.37804961268122,48.48102667871722],[-123.37296179186744,48.48191340126218],[-123.37384808766978,48.483635098325166],[-123.3746877838235,48.4838876868109],[-123.37483640211495,48.48520706933869],[-123.37767332445354,48.48500759946095],[-123.37989690027267,48.48612930260918],[-123.38081850073837,48.48700148890034],[-123.38241858977278,48.48589400920202]]]},"properties":{"DAUID":"59170768","DGUID":"2021S051259170768","LANDAREA":0.2091,"PRUID":"59","CMA":"Victoria"}},
{"type":"Feature","geometry":{"type":"Polygon","coordinates":[[[-123.38081850073837,48.48700148890034],[-123.37989690027267,48.48612930260918],[-123.37767332445354,48.48500759946095],[-123.37483640211495,48.48520706933869],[-123.3724089227934,48.48563469335464],[-123.3701512186226,48.485478601365166],[-123.36964800281095,48.4865836122022],[-123.37096297582491,48.486491496179],[-123.37267290347843,48.48751948893467],[-123.37400457832766,48.489008798763344],[-123.37598500932255,48.48845280722944],[-123.37816799978755,48.488239012100905],[-123.38081850073837,48.48700148890034]]]},"properties":{"DAUID":"59170769","DGUID":"2021S051259170769","LANDAREA":0.2143,"PRUID":"59","CMA":"Victoria"}},
{"type":"Feature","geometry":{"type":"Polygon","coordinates":[[[-123.37296179186744,48.48191340126218],[-123.37006630730076,48.482408798052276],[-123.3691430802251,48.4832957403121],[-123.3701512186226,48.485478601365166],[-123.3724089227934,48.48563469335464],[-123.37483640211495,48.48520706933869],[-123.3746877838235,48.4838876868109],[-123.37384808766978,48.483635098325166],[-123.37296179186744,48.48191340126218]]]},"properties":{"DAUID":"59170770","DGUID":"2021S051259170770","LANDAREA":0.1143,"PRUID":"59","CMA":"Victoria"}},
{"type":"Feature","geometry":{"type":"Polygon","coordinates":[[[-123.37400457832766,48.489008798763344],[-123.37267290347843,48.48751948893467],[-123.37096297582491,48.486491496179],[-123.36964800281095,48.4865836122022],[-123.36890159745843,48.48774790365542],[-123.36637054792452,48.49027087275412],[-123.36645361158482,48.49184229652305],[-123.3657215058304,48.49273480975517],[-123.3681373970715,48.49418799322597],[-123.3703083178992,48.49291179958781],[-123.37259820303771,48.49209121080469],[-123.37268298083984,48.49013029830955],[-123.37400457832766,48.489008798763344]]]},"properties":{"DAUID":"59170771","DGUID":"2021S051259170771","LANDAREA":0.3093,"PRUID":"59","CMA":"Victoria"}},
{"type":"Feature","geometry":{"type":"Polygon","coordinates":[[[-123.3681373970715,48.49418799322597],[-123.3657215058304,48.49273480975517],[-123.36310632081927,48.49584391188818],[-123.36221280347817,48.49737439669461],[-123.36196237835465,48.501371821383806],[-123.36443838756021,48.50136845169427],[-123.36667901493342,48.50015719453059],[-123.36763590041134,48.499402787892855],[-123.37064900065329,48.498028484223546],[-123.37335428799311,48.49766449702346],[-123.37358409770026,48.49707961487253],[-123.3681373970715,48.49418799322597]]]},"properties":{"DAUID":"59170772","DGUID":"2021S051259170772","LANDAREA":0.4206,"PRUID":"59","CMA":"Victoria"}},
{"type":"Feature","geometry":{"type":"Polygon","coordinates":[[[-123.35425216546444,48.50371807041416],[-123.3579957252059,48.503067503580695],[-123.35969960194012,48.502322702208765],[-123.36196237835465,48.501371821383806],[-123.36221280347817,48.49737439669461],[-123.36310632081927,48.49584391188818],[-123.3657215058304,48.49273480975517],[-123.36645361158482,48.49184229652305],[-123.36637054792452,48.49027087275412],[-123.36890159745843,48.48774790365542],[-123.36964800281095,48.4865836122022],[-123.3701512186226,48.485478601365166],[-123.3691430802251,48.4832957403121],[-123.37006630730076,48.482408798052276],[-123.36785077869023,48.48221035259985],[-123.36344485911584,48.48293670705504],[-123.36170086309022,48.48376313690957],[-123.36309824428626,48.48443395240446],[-123.36309072576664,48.485100453564435],[-123.36077613854908,48.485034962197204],[-123.36012063406702,48.482347453636294],[-123.35852689028215,48.48174316935967],[-123.36026630818948,48.48880469590627],[-123.36039530864275,48.49186209141188],[-123.3574981045308,48.4918692069217],[-123.35587320550462,48.49137608079442],[-123.35566036106042,48.490542942836036],[-123.34955334685272,48.49255004858964],[-123.34577254319653,48.49906992790676],[-123.34404536009345,48.50246625321722],[-123.34733408456492,48.50227889941954],[-123.35262561487657,48.50223737871654],[-123.3548179943633,48.502809708421516],[-123.35425216546444,48.50371807041416]]]},"properties":{"DAUID":"59170773","DGUID":"2021S051259170773","LANDAREA":2.056,"PRUID":"59","CMA":"Victoria"}},
{"type":"Feature","geometry":{"type":"Polygon","coordinates":[[[-123.37723179586445,48.47974861162449],[-123.37625892591359,48.47853870840569],[-123.37369559455344,48.478846699985546],[-123.37175339824216,48.47847850397746],[-123.37132428825902,48.47934519330749],[-123.36918921045965,48.47965018272725],[-123.36804119960942,48.47904101097838],[-123.36498428719246,48.47943130694989],[-123.36545447296028,48.481435786845424],[-123.36963534012085,48.48097280085697],[-123.37006630730076,48.482408798052276],[-123.37296179186744,48.48191340126218],[-123.37804961268122,48.48102667871722],[-123.37723179586445,48.47974861162449]]]},"properties":{"DAUID":"59170774","DGUID":"2021S051259170774","LANDAREA":0.2535,"PRUID":"59","CMA":"Victoria"}},
{"type":"Feature","geometry":{"type":"Polygon","coordinates":[[[-123.33759161277007,48.47693689840211],[-123.33921039023213,48.476734113241534],[-123.34102800403473,48.477510102276504],[-123.34479179521654,48.4775477121778],[-123.34504208484412,48.47794891779191],[-123.34721668168581,48.47766248699682],[-123.34654546512692,48.47684313490499],[-123.34603177072871,48.474831066497934],[-123.34686906646311,48.4723559501764],[-123.34380290554543,48.472768794379434],[-123.34384099238774,48.47408630229307],[-123.34123046475673,48.47362472394994],[-123.33722164243218,48.47430839362974],[-123.3353259138118,48.47507830113933],[-123.33759161277007,48.47693689840211]]]},"properties":{"DAUID":"59170776","DGUID":"2021S051259170776","LANDAREA":0.3115,"PRUID":"59","CMA":"Victoria"}},
{"type":"Feature","geometry":{"type":"Polygon","coordinates":[[[-123.36334667781891,48.477612984768044],[-123.36234900299095,48.47418069103361],[-123.35960679696979,48.474549703073485],[-123.36028967695084,48.479971999301505],[-123.36388120172509,48.47951931075242],[-123.36334667781891,48.477612984768044]]]},"properties":{"DAUID":"59170777","DGUID":"2021S051259170777","LANDAREA":0.1468,"PRUID":"59","CMA":"Victoria"}},
{"type":"Feature","geometry":{"type":"Polygon","coordinates":[[[-123.36388120172509,48.47951931075242],[-123.36028967695084,48.479971999301505],[-123.35960679696979,48.474549703073485],[-123.35888369854736,48.47392912127498],[-123.35790961608369,48.471109625912426],[-123.35735886951419,48.47093627931399],[-123.35114342025942,48.47187945016657],[-123.34868507485494,48.47212456728107],[-123.34685775034082,48.471884061582166],[-123.34686906646311,48.4723559501764],[-123.34603177072871,48.474831066497934],[-123.34654546512692,48.47684313490499],[-123.34721668168581,48.47766248699682],[-123.34504208484412,48.47794891779191],[-123.34619949055862,48.48223149911389],[-123.34846257375638,48.49041698693052],[-123.35539831061534,48.4893000019689],[-123.35566036106042,48.490542942836036],[-123.35587320550462,48.49137608079442],[-123.3574981045308,48.4918692069217],[-123.36039530864275,48.49186209141188],[-123.36026630818948,48.48880469590627],[-123.35852689028215,48.48174316935967],[-123.36012063406702,48.482347453636294],[-123.36077613854908,48.485034962197204],[-123.36309072576664,48.485100453564435],[-123.36309824428626,48.48443395240446],[-123.36170086309022,48.48376313690957],[-123.36344485911584,48.48293670705504],[-123.36785077869023,48.48221035259985],[-123.37006630730076,48.482408798052276],[-123.36963534012085,48.48097280085697],[-123.36545447296028,48.481435786845424],[-123.36498428719246,48.47943130694989],[-123.36388120172509,48.47951931075242]]]},"properties":{"DAUID":"59170778","DGUID":"2021S051259170778","LANDAREA":2.1657,"PRUID":"59","CMA":"Victoria"}},
{"type":"Feature","geometry":{"type":"Polygon","coordinates":[[[-123.42630719623182,48.44822559417274],[-123.4201447088676,48.44558680312674],[-123.41978180459833,48.44555900368719],[-123.41895910104847,48.44678339041101],[-123.4225957098857,48.44838970635398],[-123.42589663457716,48.44961330421697],[-123.42630719623182,48.44822559417274]]]},"properties":{"DAUID":"59170781","DGUID":"2021S051259170781","LANDAREA":0.0939,"PRUID":"59","CMA":"Victoria"}},
{"type":"Feature","geometry":{"type":"Polygon","coordinates":[[[-123.41895910104847,48.44678339041101],[-123.41978180459833,48.44555900368719],[-123.4192484892698,48.44467221198199],[-123.4158765094508,48.44549181369272],[-123.41561890242915,48.44620418732233],[-123.41741129256405,48.44650310367275],[-123.41751159676033,48.44799628090286],[-123.4183498957993,48.44842148960689],[-123.41895910104847,48.44678339041101]]]},"properties":{"DAUID":"59170783","DGUID":"2021S051259170783","LANDAREA":0.0528,"PRUID":"59","CMA":"Victoria"}},
{"type":"Feature","geometry":{"type":"Polygon","coordinates":[[[-123.41721916613712,48.44829037542997],[-123.41745477461947,48.44742717640537],[-123.41596918851442,48.44706828521155],[-123.4144535611121,48.445837862416354],[-123.41235505389298,48.44659132122795],[-123.41427668809989,48.44747179450927],[-123.41721916613712,48.44829037542997]]]},"properties":{"DAUID":"59170784","DGUID":"2021S051259170784","LANDAREA":0.0442,"PRUID":"59","CMA":"Victoria"}},
{"type":"Feature","geometry":{"type":"Polygon","coordinates":[[[-123.42660349818917,48.44655280042753],[-123.42660940364537,48.4416761590681],[-123.42761898594534,48.44160879867513],[-123.42698268656805,48.44112612709541],[-123.42163199684346,48.443272941007386],[-123.4144535611121,48.445837862416354],[-123.41596918851442,48.44706828521155],[-123.41745477461947,48.44742717640537],[-123.41721916613712,48.44829037542997],[-123.4183498957993,48.44842148960689],[-123.41751159676033,48.44799628090286],[-123.41741129256405,48.44650310367275],[-123.41561890242915,48.44620418732233],[-123.4158765094508,48.44549181369272],[-123.4192484892698,48.44467221198199],[-123.41978180459833,48.44555900368719],[-123.4201447088676,48.44558680312674],[-123.42630719623182,48.44822559417274],[-123.42660349818917,48.44655280042753]]]},"properties":{"DAUID":"59170785","DGUID":"2021S051259170785","LANDAREA":0.2821,"PRUID":"59","CMA":"Victoria"}},
{"type":"Feature","geometry":{"type":"Polygon","coordinates":[[[-123.42930552015049,48.44012104637442],[-123.42698268656805,48.44112612709541],[-123.42761898594534,48.44160879867513],[-123.4294424515872,48.441999980690206],[-123.43158692312338,48.4419540129479],[-123.433270343249,48.44191695728676],[-123.43446674946489,48.44263197077225],[-123.4368189578912,48.44110236069893],[-123.43575784324453,48.440387352478965],[-123.43414084209388,48.440861658182],[-123.43154668365561,48.4393952351625],[-123.42930552015049,48.44012104637442]]]},"properties":{"DAUID":"59170786","DGUID":"2021S051259170786","LANDAREA":0.1346,"PRUID":"59","CMA":"Victoria"}},
{"type":"Feature","geometry":{"type":"MultiPolygon","coordinates":[[[[-123.72872430517741,48.37009872232637],[-123.73068833471928,48.36797218447686],[-123.73499095280572,48.36618788767255],[-123.73730131180115,48.36577120428999],[-123.7369762065538,48.36383258292304],[-123.73760530988292,48.36270720975447],[-123.73691090159808,48.36063178895229],[-123.73589919466308,48.35916549580198],[-123.73416809420777,48.358180702001164],[-123.73946072196819,48.35699809614556],[-123.74020209757731,48.358201598031506],[-123.74297138997504,48.35752850190621],[-123.74379790408686,48.358078191206594],[-123.74370761115095,48.35918370340596],[-123.74590910543668,48.36104500098343],[-123.75277166334251,48.35887534263439],[-123.74953935567504,48.35727906536367],[-123.74857584583371,48.35777185675582],[-123.74634552531727,48.35761516289313],[-123.74099862631975,48.35466275243793],[-123.73914092736518,48.35503457077784],[-123.73735694804846,48.354929163810105],[-123.73515494811063,48.35385385732808],[-123.73264882376715,48.354175769373924],[-123.73001964022137,48.35539916061918],[-123.72784884266188,48.355457554252716],[-123.7271953247805,48.35602866954804],[-123.72499944097981,48.356366172716136],[-123.7229042530843,48.357179355894395],[-123.72164964047468,48.357206465581385],[-123.72020405250758,48.35809655374789],[-123.71768982894174,48.35880445478617],[-123.7157211328756,48.35889846925784],[-123.71273934359395,48.358125050788686],[-123.71223921784961,48.358973856942754],[-123.71492913109411,48.35921746082794],[-123.7160224465859,48.36024576839946],[-123.71804576110256,48.35911776390489],[-123.7200624348715,48.358565169330454],[-123.72212286242153,48.35731046565251],[-123.72331573788051,48.35757385981101],[-123.72473275440957,48.35667375499578],[-123.72636892957952,48.356878864989575],[-123.72559344400247,48.36024857295759],[-123.72872013655395,48.360795477007265],[-123.73160535091559,48.362333570846786],[-123.73197003043119,48.3643474609445],[-123.73069933425388,48.365992378733175],[-123.72832254722051,48.367950660662885],[-123.7268350351164,48.36966967173811],[-123.72621132844625,48.37135596514819],[-123.72435833454631,48.372132169622645],[-123.7229156330926,48.37319466692735],[-123.72153082458746,48.37359108099922],[-123.72383261057007,48.377315700690005],[-123.72469730572001,48.376371300488],[-123.72536169886072,48.37390129216673],[-123.72872430517741,48.37009872232637]]],[[[-123.70927997349877,48.35664678010419],[-123.71146232091738,48.35467845842388],[-123.71325842569142,48.35366876693941],[-123.71485373376737,48.35389236150393],[-123.71554645332266,48.35231425919143],[-123.71476984316898,48.35083456776079],[-123.71676473096474,48.34769985836915],[-123.71534435801107,48.345540759610714],[-123.7143353444283,48.3447816609345],[-123.71436192492246,48.343818853759544],[-123.71242644748861,48.3434442616632],[-123.71102245376437,48.34247296480154],[-123.71209034390142,48.341584266976724],[-123.71238666031303,48.34053036774951],[-123.71340814168043,48.340244175290685],[-123.71423665730502,48.33867326572002],[-123.7112967361921,48.33891676280553],[-123.71059142726898,48.339569059518276],[-123.70889688641189,48.33866128810848],[-123.70522654629687,48.34158055999022],[-123.70525273257067,48.350527888328244],[-123.70239848434268,48.35237967086321],[-123.70292916282699,48.35269265106004],[-123.7045554401323,48.35596300171873],[-123.7075766152338,48.35572454910295],[-123.70927997349877,48.35664678010419]]]]},"properties":{"DAUID":"59170787","DGUID":"2021S051259170787","LANDAREA":2.667,"PRUID":"59","CMA":"Victoria"}},
{"type":"Feature","geometry":{"type":"Polygon","coordinates":[[[-123.70253661808933,48.38626781853051],[-123.70314188259285,48.38570570817069],[-123.70526400411616,48.384089607568704],[-123.70946638518032,48.38214100973676],[-123.71003651473087,48.38309020003105],[-123.71291685618819,48.38169266360836],[-123.7153930868287,48.38562269062193],[-123.72138800384847,48.38392419834732],[-123.71823300036527,48.378939891479945],[-123.72172922150824,48.37851392788694],[-123.72383261057007,48.377315700690005],[-123.72153082458746,48.37359108099922],[-123.7191506286314,48.374279867969406],[-123.71822213009153,48.37549045585831],[-123.71540455245729,48.376893270341455],[-123.71391402796486,48.37843286209752],[-123.71204503514784,48.37907377447522],[-123.70986143962016,48.38027435899546],[-123.70644963310062,48.38264426097888],[-123.70236125938855,48.38289346352285],[-123.69827733881485,48.38443026363848],[-123.699328048063,48.38527905341842],[-123.70253661808933,48.38626781853051]]]},"properties":{"DAUID":"59170789","DGUID":"2021S051259170789","LANDAREA":0.7739,"PRUID":"59","CMA":"Victoria"}},
{"type":"Feature","geometry":{"type":"Polygon","coordinates":[[[-123.7338681925621,48.38734570778762],[-123.73555500956611,48.39023569034499],[-123.73804331730999,48.39218530565706],[-123.7392774027285,48.3942314952688],[-123.74183300306075,48.39528510040918],[-123.7433684931523,48.39559739874667],[-123.74583847886552,48.396668991898764],[-123.74806090713992,48.396429592465346],[-123.75008215110284,48.39585492485335],[-123.75302159789537,48.39603732566999],[-123.76357453069791,48.39284177391163],[-123.75981944855887,48.387021500344794],[-123.75757235048786,48.383795030524276],[-123.75491497473529,48.380700248932605],[-123.75975453756415,48.379563973691944],[-123.76973864363003,48.376896979063645],[-123.76873195186977,48.37552887546119],[-123.76684456915359,48.374136324508335],[-123.7658787172516,48.372475364825554],[-123.7645742136126,48.37211519373941],[-123.7601250910654,48.371967800467544],[-123.7554187062307,48.37238831033696],[-123.75055981690116,48.37249968969629],[-123.74390040491096,48.37445441338166],[-123.74431678875958,48.375103501665336],[-123.74161109134458,48.376456994814234],[-123.74051670846069,48.37730740688809],[-123.7365763168212,48.37874340951348],[-123.73814970632529,48.38121177902091],[-123.73892790868449,48.382413300843325],[-123.73874108206452,48.383870101620595],[-123.73764382085167,48.38545260435757],[-123.73395299635654,48.38675499298069],[-123.7338681925621,48.38734570778762]]]},"properties":{"DAUID":"59170790","DGUID":"2021S051259170790","LANDAREA":4.3681,"PRUID":"59","CMA":"Victoria"}},
{"type":"Feature","geometry":{"type":"Polygon","coordinates":[[[-123.74618139101584,48.47401685094522],[-123.74600201538951,48.47049976765606],[-123.74485247409378,48.47049415776836],[-123.74489883688359,48.46679727731995],[-123.75027210611164,48.46682254288687],[-123.74984005280234,48.46017534839496],[-123.74684282511544,48.460193791988225],[-123.74677632381854,48.457431040820865],[-123.74250878211252,48.457336466054144],[-123.74272836019777,48.45076187391338],[-123.74150504835737,48.450729864366046],[-123.74160828086586,48.442532446247796],[-123.73741789339476,48.44261183519861],[-123.73738927836872,48.44171826771771],[-123.72872636447406,48.44188885477847],[-123.72856555601571,48.438426867120064],[-123.7270981652382,48.43837631390115],[-123.72693060721609,48.431047839372894],[-123.7238772844535,48.431038171867975],[-123.72370520522293,48.4274378465967],[-123.72094828216291,48.427590122215854],[-123.71811914240897,48.42861393358744],[-123.71744406775971,48.41300407847145],[-123.72828128168156,48.412988952984115],[-123.72790424158501,48.403190709384816],[-123.72799530790083,48.40271067399768],[-123.73179024092309,48.40145103872824],[-123.73969652969711,48.39908815521807],[-123.74117044879704,48.40006806678125],[-123.74480664092727,48.401133347424405],[-123.74806107784349,48.40159161948844],[-123.74808542813528,48.39757043727654],[-123.75302159789537,48.39603732566999],[-123.75008215110284,48.39585492485335],[-123.74806090713992,48.396429592465346],[-123.74583847886552,48.396668991898764],[-123.7433684931523,48.39559739874667],[-123.74183300306075,48.39528510040918],[-123.7392774027285,48.3942314952688],[-123.73804331730999,48.39218530565706],[-123.73555500956611,48.39023569034499],[-123.7338681925621,48.38734570778762],[-123.72556827217444,48.3896617095754],[-123.72385911745423,48.386856635059665],[-123.7221123924374,48.38413549969517],[-123.72138800384847,48.38392419834732],[-123.7153930868287,48.38562269062193],[-123.71291685618819,48.38169266360836],[-123.71003651473087,48.38309020003105],[-123.70946638518032,48.38214100973676],[-123.70526400411616,48.384089607568704],[-123.70314188259285,48.38570570817069],[-123.70392451882564,48.38730111915571],[-123.7056127573813,48.38714578937362],[-123.7060082338793,48.388701473287234],[-123.70754264015598,48.38926827561431],[-123.70898143682233,48.39374887581729],[-123.70665764583318,48.39566005514826],[-123.70220201779026,48.397747961835655],[-123.70148153264364,48.398489953922976],[-123.70206483558043,48.39960235057474],[-123.70573004833922,48.39993987211362],[-123.707387545702,48.400513755781816],[-123.70882092561419,48.40158485972486],[-123.7079955459545,48.402526256607196],[-123.70586065333512,48.40243075944219],[-123.70497862503251,48.403192766699206],[-123.70507345563122,48.40420816182428],[-123.70601382447008,48.405696463980185],[-123.70610635870506,48.407566468379805],[-123.70891594475341,48.408503655669975],[-123.71166632483181,48.409897971108784],[-123.71281883525145,48.41121385925365],[-123.71282565732905,48.414579261898616],[-123.71314372090298,48.41604336571864],[-123.71307764570624,48.419102550777374],[-123.71397325925277,48.4203558648064],[-123.71580944097423,48.42206357032877],[-123.71428513511258,48.424241151779924],[-123.71191709487312,48.42839911631847],[-123.71160685311112,48.429756578986755],[-123.71343445243063,48.431696305800216],[-123.7146583996714,48.433475191290405],[-123.7152580534855,48.43631899595576],[-123.71677003743075,48.438059770905866],[-123.7174237401434,48.44020889297668],[-123.71902825565961,48.44200980512238],[-123.7213754323929,48.442902042855636],[-123.72533199019206,48.44616774538861],[-123.72683392315653,48.44695979887695],[-123.73055933264,48.44778735662831],[-123.73333870623617,48.44983144782905],[-123.73377543034707,48.45074620807072],[-123.73353337796414,48.45323618071556],[-123.73453605841642,48.45408865380878],[-123.7373530118548,48.45539468408697],[-123.73822342911694,48.45642921192853],[-123.73898162315433,48.45881126657859],[-123.73904712022582,48.46221428673803],[-123.73952066835874,48.463230367296944],[-123.73928283537846,48.47416805993153],[-123.74618139101584,48.47401685094522]]]},"properties":{"DAUID":"59170792","DGUID":"2021S051259170792","LANDAREA":10.5525,"PRUID":"59","CMA":"Victoria"}},
{"type":"Feature","geometry":{"type":"Polygon","coordinates":[[[-123.49133107155355,48.42503160094115],[-123.50098792893185,48.42743779444029],[-123.50033426848827,48.42870106003277],[-123.50239412861858,48.42899044451122],[-123.50169729597565,48.42680529135817],[-123.50283381461853,48.423397257329064],[-123.5042563633752,48.42144242490658],[-123.50276770016123,48.42119988582966],[-123.50063048319865,48.42113051061],[-123.49863959896541,48.42020701241736],[-123.49540700845203,48.419575981705464],[-123.49472160391949,48.42131100715375],[-123.49339710859404,48.42176479678081],[-123.49286511441514,48.42230680284147],[-123.49133107155355,48.42503160094115]]]},"properties":{"DAUID":"59170793","DGUID":"2021S051259170793","LANDAREA":0.5112,"PRUID":"59","CMA":"Victoria"}},
{"type":"Feature","geometry":{"type":"Polygon","coordinates":[[[-123.50453823407292,48.4295243222217],[-123.50541170859529,48.42902822164566],[-123.50543278087724,48.427017797288556],[-123.50637408898199,48.42502899890734],[-123.50900119836338,48.42248750379794],[-123.51151757598011,48.424147304120524],[-123.51003402752507,48.42508631034585],[-123.5097962168174,48.426092495646685],[-123.51079347171522,48.42672916739139],[-123.51261146414734,48.425511211145725],[-123.5147666707448,48.421596796846416],[-123.51514047216472,48.4187947696854],[-123.51131950540471,48.41527908855693],[-123.51119736791158,48.414595334428846],[-123.50849985507344,48.41545716753566],[-123.50535083936813,48.420314509524566],[-123.5042563633752,48.42144242490658],[-123.50283381461853,48.423397257329064],[-123.50169729597565,48.42680529135817],[-123.50239412861858,48.42899044451122],[-123.50265026197893,48.42970978090652],[-123.50453823407292,48.4295243222217]]]},"properties":{"DAUID":"59170795","DGUID":"2021S051259170795","LANDAREA":0.7963,"PRUID":"59","CMA":"Victoria"}},
{"type":"Feature","geometry":{"type":"Polygon","coordinates":[[[-123.51169610365373,48.41329149721603],[-123.51284719720834,48.4130540515622],[-123.51390039605896,48.41051172740767],[-123.51143608562771,48.4092589049437],[-123.50850525060783,48.40857046200867],[-123.50744347199247,48.409780900580046],[-123.50501525345261,48.41416495388784],[-123.50481422453798,48.416109868620445],[-123.5055450987968,48.41836529813348],[-123.5042563633752,48.42144242490658],[-123.50535083936813,48.420314509524566],[-123.50849985507344,48.41545716753566],[-123.51119736791158,48.414595334428846],[-123.51169610365373,48.41329149721603]]]},"properties":{"DAUID":"59170796","DGUID":"2021S051259170796","LANDAREA":0.3987,"PRUID":"59","CMA":"Victoria"}},
{"type":"Feature","geometry":{"type":"Polygon","coordinates":[[[-123.50276770016123,48.42119988582966],[-123.5042563633752,48.42144242490658],[-123.5055450987968,48.41836529813348],[-123.50481422453798,48.416109868620445],[-123.50501525345261,48.41416495388784],[-123.50744347199247,48.409780900580046],[-123.50850525060783,48.40857046200867],[-123.50681591782858,48.40743408671709],[-123.50463007701063,48.40719860589631],[-123.50167277798576,48.40650389518229],[-123.49977222400689,48.4097280063681],[-123.49947498845539,48.410884301792564],[-123.49803689545766,48.4127016985486],[-123.49557111928817,48.413928398471555],[-123.49508059549913,48.41516760852449],[-123.49579378582008,48.41629540994057],[-123.49558070742157,48.41718759919804],[-123.49534288984867,48.41762840270418],[-123.49830158392302,48.417924696657366],[-123.50003882338957,48.41905239763032],[-123.50146072215456,48.41843670102798],[-123.50267420466803,48.42005880236251],[-123.50276770016123,48.42119988582966]]]},"properties":{"DAUID":"59170797","DGUID":"2021S051259170797","LANDAREA":0.8479,"PRUID":"59","CMA":"Victoria"}},
{"type":"Feature","geometry":{"type":"Polygon","coordinates":[[[-123.51802790584927,48.40275550149219],[-123.50170865434771,48.39896241954212],[-123.49843424918126,48.39829948323891],[-123.49611292860932,48.39849256422803],[-123.49374091946106,48.39872498663313],[-123.49042277703215,48.4001442150587],[-123.48906148965963,48.401580987185774],[-123.48755057348102,48.40438669439467],[-123.49443589411999,48.40602438922068],[-123.49964368619813,48.406237747418885],[-123.50167277798576,48.40650389518229],[-123.50463007701063,48.40719860589631],[-123.50681591782858,48.40743408671709],[-123.50850525060783,48.40857046200867],[-123.51143608562771,48.4092589049437],[-123.51390039605896,48.41051172740767],[-123.51802790584927,48.40275550149219]]]},"properties":{"DAUID":"59170798","DGUID":"2021S051259170798","LANDAREA":1.6706,"PRUID":"59","CMA":"Victoria"}},
{"type":"Feature","geometry":{"type":"Polygon","coordinates":[[[-123.48896640478374,48.41849271176926],[-123.49008958607396,48.41634158950531],[-123.48334312885306,48.4146546587321],[-123.48059799681762,48.41567151417242],[-123.4809661905876,48.41660910261128],[-123.47984447582817,48.41887744645466],[-123.47852479563679,48.4179982931866],[-123.47740759519856,48.41939469565378],[-123.48047089854968,48.420768049663906],[-123.48534046265122,48.41996403392367],[-123.48492119167676,48.41896931300658],[-123.4882651124141,48.41983690777526],[-123.48896640478374,48.41849271176926]]]},"properties":{"DAUID":"59170801","DGUID":"2021S051259170801","LANDAREA":0.3572,"PRUID":"59","CMA":"Victoria"}},
{"type":"Feature","geometry":{"type":"Polygon","coordinates":[[[-123.49318421523971,48.42150449523607],[-123.49534288984867,48.41762840270418],[-123.49558070742157,48.41718759919804],[-123.49042749580106,48.41599789269313],[-123.49008958607396,48.41634158950531],[-123.48896640478374,48.41849271176926],[-123.49321860019116,48.419506097764],[-123.4922919040522,48.4212363000966],[-123.49318421523971,48.42150449523607]]]},"properties":{"DAUID":"59170802","DGUID":"2021S051259170802","LANDAREA":0.1392,"PRUID":"59","CMA":"Victoria"}},
{"type":"Feature","geometry":{"type":"Polygon","coordinates":[[[-123.47852479563679,48.4179982931866],[-123.47984447582817,48.41887744645466],[-123.4809661905876,48.41660910261128],[-123.48059799681762,48.41567151417242],[-123.48334312885306,48.4146546587321],[-123.49008958607396,48.41634158950531],[-123.49042749580106,48.41599789269313],[-123.49558070742157,48.41718759919804],[-123.49579378582008,48.41629540994057],[-123.49508059549913,48.41516760852449],[-123.49557111928817,48.413928398471555],[-123.49803689545766,48.4127016985486],[-123.49947498845539,48.410884301792564],[-123.49977222400689,48.4097280063681],[-123.50167277798576,48.40650389518229],[-123.49964368619813,48.406237747418885],[-123.49443589411999,48.40602438922068],[-123.48755057348102,48.40438669439467],[-123.48906148965963,48.401580987185774],[-123.49042277703215,48.4001442150587],[-123.49374091946106,48.39872498663313],[-123.49611292860932,48.39849256422803],[-123.49455508834303,48.398169797566226],[-123.49206068320544,48.398854691892225],[-123.48829041016282,48.400916103161954],[-123.48580665826796,48.40034864825249],[-123.48333175002054,48.40382365783756],[-123.47968012594346,48.40773456387528],[-123.47594125106492,48.412572567895936],[-123.47260534134588,48.416123438607286],[-123.473843006893,48.41579270405176],[-123.47852479563679,48.4179982931866]]]},"properties":{"DAUID":"59170804","DGUID":"2021S051259170804","LANDAREA":2.1037,"PRUID":"59","CMA":"Victoria"}},
{"type":"Feature","geometry":{"type":"Polygon","coordinates":[[[-123.36460350854496,48.43415249094799],[-123.3681245778317,48.43438602167225],[-123.36859132007994,48.43415446735563],[-123.36910465394793,48.43360245529818],[-123.37128792971149,48.434674865818224],[-123.37184853040509,48.43345866432853],[-123.3713904353549,48.431823669365414],[-123.37119718673493,48.42814140411576],[-123.36725988937617,48.427500090652906],[-123.3670743096492,48.429380287342404],[-123.36717227737597,48.431885194848896],[-123.3615861103616,48.43197429661655],[-123.36174847886014,48.43242731166191],[-123.36213007701473,48.43342179484976],[-123.36261879843431,48.43404720696438],[-123.36460350854496,48.43415249094799]]]},"properties":{"DAUID":"59170805","DGUID":"2021S051259170805","LANDAREA":0.3165,"PRUID":"59","CMA":"Victoria"}},
{"type":"Feature","geometry":{"type":"Polygon","coordinates":[[[-123.35819801833644,48.43392351049624],[-123.35972671896481,48.43400219455949],[-123.36242449270942,48.43411482110684],[-123.36213007701473,48.43342179484976],[-123.36174847886014,48.43242731166191],[-123.3584244910746,48.43228511378278],[-123.35819801833644,48.43392351049624]]]},"properties":{"DAUID":"59170806","DGUID":"2021S051259170806","LANDAREA":0.0513,"PRUID":"59","CMA":"Victoria"}},
{"type":"Feature","geometry":{"type":"Polygon","coordinates":[[[-123.36170240794554,48.430083391712934],[-123.3615861103616,48.43197429661655],[-123.36717227737597,48.431885194848896],[-123.3670743096492,48.429380287342404],[-123.36196669253204,48.4293360875778],[-123.3617952011563,48.42931471373235],[-123.36170240794554,48.430083391712934]]]},"properties":{"DAUID":"59170807","DGUID":"2021S051259170807","LANDAREA":0.1144,"PRUID":"59","CMA":"Victoria"}},
{"type":"Feature","geometry":{"type":"Polygon","coordinates":[[[-123.3584244910746,48.43228511378278],[-123.36174847886014,48.43242731166191],[-123.3615861103616,48.43197429661655],[-123.36170240794554,48.430083391712934],[-123.35587030493137,48.42972149157207],[-123.35562479063516,48.43138549805492],[-123.35852368948501,48.431548096475304],[-123.3584244910746,48.43228511378278]]]},"properties":{"DAUID":"59170808","DGUID":"2021S051259170808","LANDAREA":0.0992,"PRUID":"59","CMA":"Victoria"}},
{"type":"Feature","geometry":{"type":"Polygon","coordinates":[[[-123.36725988937617,48.427500090652906],[-123.36626721643643,48.42642749237815],[-123.36206680679537,48.42596850674541],[-123.36162490918761,48.427723198678],[-123.36196669253204,48.4293360875778],[-123.3670743096492,48.429380287342404],[-123.36725988937617,48.427500090652906]]]},"properties":{"DAUID":"59170809","DGUID":"2021S051259170809","LANDAREA":0.1293,"PRUID":"59","CMA":"Victoria"}},
{"type":"Feature","geometry":{"type":"Polygon","coordinates":[[[-123.3617952011563,48.42931471373235],[-123.36196669253204,48.4293360875778],[-123.36162490918761,48.427723198678],[-123.3589885002278,48.42750331069634],[-123.35885429474547,48.42901140264344],[-123.3617952011563,48.42931471373235]]]},"properties":{"DAUID":"59170810","DGUID":"2021S051259170810","LANDAREA":0.0383,"PRUID":"59","CMA":"Victoria"}},
{"type":"Feature","geometry":{"type":"Polygon","coordinates":[[[-123.3663289900516,48.42022890893884],[-123.36533389761748,48.42465201762278],[-123.36248519403085,48.42432219629947],[-123.36206680679537,48.42596850674541],[-123.36626721643643,48.42642749237815],[-123.36725988937617,48.427500090652906],[-123.37119718673493,48.42814140411576],[-123.37117153847294,48.42608405529917],[-123.37030963333076,48.42447615051557],[-123.37039343370614,48.42294655963126],[-123.36876545127242,48.42236686276005],[-123.36913602440326,48.421043769659526],[-123.37085933058835,48.42124534697513],[-123.37092460233637,48.420752595015145],[-123.3663289900516,48.42022890893884]]]},"properties":{"DAUID":"59170811","DGUID":"2021S051259170811","LANDAREA":0.3134,"PRUID":"59","CMA":"Victoria"}},
{"type":"Feature","geometry":{"type":"Polygon","coordinates":[[[-123.3597176039916,48.424014197455655],[-123.36248519403085,48.42432219629947],[-123.36533389761748,48.42465201762278],[-123.3663289900516,48.42022890893884],[-123.36561688499629,48.41850580184365],[-123.365202856586,48.41915657076792],[-123.36308292173865,48.42112659807459],[-123.36258080064182,48.420866108049715],[-123.36049939995948,48.42124709021825],[-123.3597176039916,48.424014197455655]]]},"properties":{"DAUID":"59170814","DGUID":"2021S051259170814","LANDAREA":0.1897,"PRUID":"59","CMA":"Victoria"}},
{"type":"Feature","geometry":{"type":"Polygon","coordinates":[[[-123.3589885002278,48.42750331069634],[-123.36162490918761,48.427723198678],[-123.36206680679537,48.42596850674541],[-123.36248519403085,48.42432219629947],[-123.3597176039916,48.424014197455655],[-123.35897701205386,48.427418199243],[-123.3589885002278,48.42750331069634]]]},"properties":{"DAUID":"59170815","DGUID":"2021S051259170815","LANDAREA":0.0802,"PRUID":"59","CMA":"Victoria"}},
{"type":"Feature","geometry":{"type":"Polygon","coordinates":[[[-123.39321370884166,48.441230094541424],[-123.3939995469713,48.439803862411964],[-123.39326891263478,48.43873529526924],[-123.39129929348114,48.438059999133735],[-123.39017891342742,48.43848060275412],[-123.387908604292,48.436409085118065],[-123.38607139525567,48.4364901122982],[-123.38337700564429,48.43647850491482],[-123.38344128456941,48.43803622350207],[-123.38694195386178,48.43798905947193],[-123.38806572685696,48.439856165798794],[-123.392252369065,48.442345541702004],[-123.39321370884166,48.441230094541424]]]},"properties":{"DAUID":"59170816","DGUID":"2021S051259170816","LANDAREA":0.2085,"PRUID":"59","CMA":"Victoria"}},
{"type":"Feature","geometry":{"type":"Polygon","coordinates":[[[-123.38229140236483,48.432857107819515],[-123.38062313648376,48.433813237701656],[-123.3792892778498,48.434125261030786],[-123.37988483096598,48.436294265531934],[-123.38344128456941,48.43803622350207],[-123.38337700564429,48.43647850491482],[-123.3832802893406,48.432861692769194],[-123.38229140236483,48.432857107819515]]]},"properties":{"DAUID":"59170817","DGUID":"2021S051259170817","LANDAREA":0.1179,"PRUID":"59","CMA":"Victoria"}},
{"type":"Feature","geometry":{"type":"Polygon","coordinates":[[[-123.3847225703504,48.43040204827623],[-123.38459358312424,48.428913012585234],[-123.38441964947502,48.42783155130223],[-123.38244222101267,48.427558165892485],[-123.3803239234083,48.42610826951461],[-123.37593914372052,48.42555566478132],[-123.37275846499547,48.42795599402557],[-123.37744868445745,48.428444645389376],[-123.38093592170003,48.43028589120966],[-123.3847225703504,48.43040204827623]]]},"properties":{"DAUID":"59170819","DGUID":"2021S051259170819","LANDAREA":0.2537,"PRUID":"59","CMA":"Victoria"}},
{"type":"Feature","geometry":{"type":"Polygon","coordinates":[[[-123.39042751925277,48.43079710017403],[-123.39000528860517,48.429522407280714],[-123.38879210380581,48.42945191082308],[-123.38875220033707,48.42835095912387],[-123.38699706795938,48.427831711053884],[-123.38555663106524,48.42805235653838],[-123.38459358312424,48.428913012585234],[-123.3847225703504,48.43040204827623],[-123.38714281909184,48.4304365017726],[-123.39042751925277,48.43079710017403]]]},"properties":{"DAUID":"59170820","DGUID":"2021S051259170820","LANDAREA":0.0913,"PRUID":"59","CMA":"Victoria"}}
]}