{"type":"FeatureCollection", "features": [
{"type":"Feature","geometry":{"type":"Polygon","coordinates":[[[-97.02616317823673,49.797578656168355],[-97.03711512163885,49.797595931378055],[-97.03906013620607,49.79694431963708],[-97.04120209125473,49.79630409197774],[-97.04866290273524,49.79251280306745],[-97.04928349414125,49.788646673856206],[-97.04909751805872,49.78534049731657],[-97.04843285585596,49.7827903170979],[-97.04336918457302,49.7828747899859],[-97.04329650026662,49.779851192875874],[-97.04806629599945,49.77457559412877],[-97.04926843991501,49.774229236463334],[-97.08365398138024,49.76235566845315],[-97.08353129275118,49.75363256987221],[-97.08291711718101,49.7530138716517],[-97.06636358295619,49.74546290055838],[-97.03311239277018,49.756560791809136],[-97.03283919971989,49.75336278918332],[-97.02526968612746,49.75343190070253],[-97.0039978896126,49.75347209956375],[-96.98115920479697,49.75346299380009],[-96.98110308223734,49.768853105369246],[-96.9810666866758,49.79746651126349],[-97.00863481634866,49.79752989840499],[-97.01872471073655,49.797505010963654],[-97.01980650884849,49.797324389116866],[-97.02616317823673,49.797578656168355]]]},"properties":{"DAUID":"46020066","DGUID":"2021S051246020066","LANDAREA":28.4078,"PRUID":"46","CMA":"Winnipeg"}},
{"type":"Feature","geometry":{"type":"Polygon","coordinates":[[[-96.98115920479697,49.75346299380009],[-96.98106669216465,49.73863709250058],[-96.95989991362914,49.73864391022442],[-96.95825211603665,49.73821909148086],[-96.93525731279577,49.73833082117649],[-96.9147294063365,49.73789196993236],[-96.9125311770553,49.73790573672231],[-96.90661298507749,49.74225398890929],[-96.9125171080762,49.74827909026882],[-96.91704370484523,49.753119208664046],[-96.92088230508173,49.75685830835522],[-96.92683039627623,49.76291990928276],[-96.92997470422146,49.76506300418436],[-96.93393581510936,49.76727469788667],[-96.93199258333385,49.76985761361684],[-96.93479438686091,49.77256130749402],[-96.93542159609176,49.77545100988722],[-96.93548671775662,49.79744581019586],[-96.96346090048236,49.79743720974634],[-96.9810666866758,49.79746651126349],[-96.98110308223734,49.768853105369246],[-96.98115920479697,49.75346299380009]]]},"properties":{"DAUID":"46020067","DGUID":"2021S051246020067","LANDAREA":25.771,"PRUID":"46","CMA":"Winnipeg"}},
{"type":"Feature","geometry":{"type":"Polygon","coordinates":[[[-97.02526968612746,49.75343190070253],[-97.01712942993746,49.74334217710632],[-97.01506019730509,49.741988780762526],[-97.01069953737225,49.73555745054765],[-97.00373060562929,49.726841206803776],[-97.00175714217107,49.724825639492344],[-96.99895722159394,49.72119655429255],[-96.99665071727586,49.71646418912957],[-96.99367230584444,49.71635868806388],[-96.99318579180486,49.71536979170229],[-96.99126890599284,49.71610109875727],[-96.99055560937977,49.71523420432922],[-96.99285428360737,49.714662390090126],[-96.99204940011869,49.71365890067424],[-96.9902995025579,49.71404239900685],[-96.9880170815657,49.71187080713486],[-96.98506178668399,49.71188238981978],[-96.98506441228098,49.7091387869454],[-96.98774110214825,49.70914939546253],[-96.9859956083649,49.707418887595345],[-96.98071310715007,49.703683811758864],[-96.9808204171189,49.70979350619072],[-96.98106669216465,49.73863709250058],[-96.98115920479697,49.75346299380009],[-97.0039978896126,49.75347209956375],[-97.02526968612746,49.75343190070253]]]},"properties":{"DAUID":"46020068","DGUID":"2021S051246020068","LANDAREA":9.2757,"PRUID":"46","CMA":"Winnipeg"}},
{"type":"Feature","geometry":{"type":"Polygon","coordinates":[[[-96.99204940011869,49.71365890067424],[-96.99493259579393,49.71304319419807],[-96.98905708085825,49.70113038908147],[-96.9867701983821,49.70176530695335],[-96.98696370605634,49.70547479759363],[-96.98880301124119,49.70560568858871],[-96.9899522968634,49.707667598904244],[-96.9900027004686,49.70913470731188],[-96.98774110214825,49.70914939546253],[-96.98506441228098,49.7091387869454],[-96.98506178668399,49.71188238981978],[-96.9880170815657,49.71187080713486],[-96.9902995025579,49.71404239900685],[-96.99204940011869,49.71365890067424]]]},"properties":{"DAUID":"46020069","DGUID":"2021S051246020069","LANDAREA":0.4553,"PRUID":"46","CMA":"Winnipeg"}},
{"type":"Feature","geometry":{"type":"Polygon","coordinates":[[[-97.08291711718101,49.7530138716517],[-97.12206389778466,49.74046586487514],[-97.12041378487307,49.73947130693235],[-97.11277800493056,49.73665758735872],[-97.10587119320672,49.7351055929852],[-97.10416618233492,49.73434009633815],[-97.09333830906776,49.728036493446886],[-97.09208848878303,49.72699938853574],[-97.09134909450928,49.7253320953237],[-97.09013759918729,49.71695550197353],[-97.09036961700828,49.711040386108486],[-97.09070521303704,49.709201891602454],[-97.07185420487271,49.7092043983024],[-97.07181518118186,49.69442441196466],[-97.06024990558116,49.694429105332105],[-97.06022891447273,49.679631296346855],[-97.03772629958516,49.67971090947683],[-97.03765630844283,49.66492120301288],[-97.0034140941345,49.66485741180309],[-96.98074158975909,49.66485091303055],[-96.98085579250302,49.66931660416967],[-96.98131549304885,49.67146590786642],[-96.98079604576623,49.67962463504657],[-96.98087521348997,49.69274808700705],[-96.98072288549602,49.69541709264649],[-96.98071310715007,49.703683811758864],[-96.9859956083649,49.707418887595345],[-96.98774110214825,49.70914939546253],[-96.9900027004686,49.70913470731188],[-96.9899522968634,49.707667598904244],[-96.98880301124119,49.70560568858871],[-96.98696370605634,49.70547479759363],[-96.9867701983821,49.70176530695335],[-96.98905708085825,49.70113038908147],[-96.99493259579393,49.71304319419807],[-96.99204940011869,49.71365890067424],[-96.99285428360737,49.714662390090126],[-96.99055560937977,49.71523420432922],[-96.99126890599284,49.71610109875727],[-96.99318579180486,49.71536979170229],[-96.99367230584444,49.71635868806388],[-96.99665071727586,49.71646418912957],[-96.99895722159394,49.72119655429255],[-97.00175714217107,49.724825639492344],[-97.00373060562929,49.726841206803776],[-97.01069953737225,49.73555745054765],[-97.01506019730509,49.741988780762526],[-97.01712942993746,49.74334217710632],[-97.02526968612746,49.75343190070253],[-97.03283919971989,49.75336278918332],[-97.03311239277018,49.756560791809136],[-97.06636358295619,49.74546290055838],[-97.08291711718101,49.7530138716517]]]},"properties":{"DAUID":"46020070","DGUID":"2021S051246020070","LANDAREA":57.5154,"PRUID":"46","CMA":"Winnipeg"}},
{"type":"Feature","geometry":{"type":"Polygon","coordinates":[[[-96.98106669216465,49.73863709250058],[-96.9808204171189,49.70979350619072],[-96.98071310715007,49.703683811758864],[-96.98072288549602,49.69541709264649],[-96.98087521348997,49.69274808700705],[-96.98079604576623,49.67962463504657],[-96.98131549304885,49.67146590786642],[-96.98085579250302,49.66931660416967],[-96.98074158975909,49.66485091303055],[-96.98067351632459,49.6524359045492],[-96.98066111349284,49.63532629756813],[-96.95780898547373,49.635303091814784],[-96.95781399106275,49.65008279462768],[-96.93120191366226,49.65002399507091],[-96.92853019859554,49.650069939931655],[-96.92850641472492,49.654706586304954],[-96.92868595498955,49.65695237817901],[-96.929819343027,49.65934950999049],[-96.9294392307932,49.659847911744336],[-96.93094688924836,49.66398503198377],[-96.93230799371372,49.664787506549764],[-96.93640188429583,49.67185900366807],[-96.93909230640983,49.67608988809809],[-96.9444594081657,49.68161860896206],[-96.95197711743798,49.69010859445787],[-96.95339929813396,49.69124020542085],[-96.95797579492309,49.69321010256422],[-96.95802249595779,49.695405788935076],[-96.95800490347217,49.707072589146584],[-96.95807328278475,49.70907981116083],[-96.93548183977178,49.709053458660655],[-96.93530686073065,49.71576979203409],[-96.93521978957853,49.731202705631574],[-96.93525731279577,49.73833082117649],[-96.95825211603665,49.73821909148086],[-96.95989991362914,49.73864391022442],[-96.98106669216465,49.73863709250058]]]},"properties":{"DAUID":"46020071","DGUID":"2021S051246020071","LANDAREA":31.1294,"PRUID":"46","CMA":"Winnipeg"}},
{"type":"Feature","geometry":{"type":"Polygon","coordinates":[[[-97.06022891447273,49.679631296346855],[-97.10599230914679,49.679570509115955],[-97.10606190409702,49.67635129944358],[-97.10661841542365,49.67522699085141],[-97.10611180363345,49.673995293170144],[-97.10602999801407,49.67217689439765],[-97.10950819890954,49.67219780092149],[-97.11001260125477,49.6713424979764],[-97.11166131854552,49.671360390949715],[-97.11209531389699,49.66910070972668],[-97.11075068533836,49.6662451948061],[-97.10947879570459,49.665100206281366],[-97.10391040076784,49.66145580773008],[-97.10252191827131,49.660101708774995],[-97.10158460753372,49.65854809000794],[-97.1012232828243,49.655726587698375],[-97.10280088736154,49.65007638898926],[-97.08734029089031,49.650055788822414],[-97.07159961390816,49.650109496070684],[-97.07154219758347,49.6456017897084],[-97.07146079684021,49.62066511311335],[-97.0488105656462,49.62067862340586],[-97.02835680793682,49.62069440094219],[-97.02480009424843,49.62065169313715],[-96.98063121796623,49.62064499221858],[-96.98066111349284,49.63532629756813],[-96.98067351632459,49.6524359045492],[-96.98074158975909,49.66485091303055],[-97.0034140941345,49.66485741180309],[-97.03765630844283,49.66492120301288],[-97.03772629958516,49.67971090947683],[-97.06022891447273,49.679631296346855]]]},"properties":{"DAUID":"46020072","DGUID":"2021S051246020072","LANDAREA":44.3859,"PRUID":"46","CMA":"Winnipeg"}},
{"type":"Feature","geometry":{"type":"Polygon","coordinates":[[[-97.07181518118186,49.69442441196466],[-97.10103338980561,49.69441251276535],[-97.10879171651777,49.68995189427638],[-97.11216898406879,49.68652579482263],[-97.1145362146878,49.68052861032716],[-97.11447610504638,49.67957410197937],[-97.12119499078098,49.679404402941394],[-97.12074978819844,49.67796274628166],[-97.11959988605955,49.6770433204964],[-97.11733604179625,49.67606405145267],[-97.11584480158918,49.67478004086148],[-97.11583376323019,49.673536197813405],[-97.12166893685804,49.66609139214696],[-97.12270943237355,49.66421780996478],[-97.109860139387,49.664084818434574],[-97.10947879570459,49.665100206281366],[-97.11075068533836,49.6662451948061],[-97.11209531389699,49.66910070972668],[-97.11166131854552,49.671360390949715],[-97.1112751889017,49.67309920441025],[-97.1119394010926,49.67491808871741],[-97.11397049039311,49.67878100982952],[-97.10772461187736,49.67887018745922],[-97.10725381787746,49.67671259119178],[-97.10890418538834,49.67633480863346],[-97.10896090024713,49.675229288096936],[-97.10661841542365,49.67522699085141],[-97.10606190409702,49.67635129944358],[-97.10599230914679,49.679570509115955],[-97.06022891447273,49.679631296346855],[-97.06024990558116,49.694429105332105],[-97.07181518118186,49.69442441196466]]]},"properties":{"DAUID":"46020073","DGUID":"2021S051246020073","LANDAREA":6.8106,"PRUID":"46","CMA":"Winnipeg"}},
{"type":"Feature","geometry":{"type":"Polygon","coordinates":[[[-97.10661841542365,49.67522699085141],[-97.10896090024713,49.675229288096936],[-97.10890418538834,49.67633480863346],[-97.10725381787746,49.67671259119178],[-97.10772461187736,49.67887018745922],[-97.11397049039311,49.67878100982952],[-97.1119394010926,49.67491808871741],[-97.1112751889017,49.67309920441025],[-97.11166131854552,49.671360390949715],[-97.11001260125477,49.6713424979764],[-97.10950819890954,49.67219780092149],[-97.10602999801407,49.67217689439765],[-97.10611180363345,49.673995293170144],[-97.10661841542365,49.67522699085141]]]},"properties":{"DAUID":"46020074","DGUID":"2021S051246020074","LANDAREA":0.2966,"PRUID":"46","CMA":"Winnipeg"}},
{"type":"Feature","geometry":{"type":"Polygon","coordinates":[[[-97.12206389778466,49.74046586487514],[-97.12714616021155,49.73864975909931],[-97.12856588949131,49.73794566677744],[-97.12741997931266,49.74126944495906],[-97.12759913331817,49.7433709019709],[-97.12832729006513,49.745488039109006],[-97.13131479591483,49.744388197897855],[-97.13746920522124,49.742445493411616],[-97.16993706636167,49.73109776096595],[-97.17930314438752,49.72787133190192],[-97.21987008887686,49.71363749141876],[-97.21995491223772,49.709237110332225],[-97.20982910538265,49.70923389217022],[-97.20896468909062,49.708977703355195],[-97.20878749757817,49.70738280176548],[-97.20853979554501,49.695640111991025],[-97.20412968886161,49.697155001055464],[-97.17263362525519,49.708158636644825],[-97.16274249970496,49.70804844211898],[-97.1626447896166,49.6796829032873],[-97.16263070265376,49.66571300682957],[-97.16311789430894,49.66492010964522],[-97.16824551412556,49.6649203912433],[-97.16828670040505,49.65016870979896],[-97.16300840251608,49.65016599651013],[-97.1626217034913,49.64939529231491],[-97.16265130590095,49.63536300606255],[-97.14809370701373,49.63539189640859],[-97.13528400703085,49.63534810941789],[-97.13251679149191,49.64432590871295],[-97.13159151789169,49.64823291105857],[-97.12898230382687,49.660640301815725],[-97.12905791805996,49.664086790195064],[-97.13348888479422,49.67866779688057],[-97.12641101329845,49.67923710895301],[-97.12119499078098,49.679404402941394],[-97.11447610504638,49.67957410197937],[-97.1145362146878,49.68052861032716],[-97.11216898406879,49.68652579482263],[-97.10879171651777,49.68995189427638],[-97.10103338980561,49.69441251276535],[-97.07181518118186,49.69442441196466],[-97.07185420487271,49.7092043983024],[-97.09070521303704,49.709201891602454],[-97.09036961700828,49.711040386108486],[-97.09013759918729,49.71695550197353],[-97.09134909450928,49.7253320953237],[-97.09208848878303,49.72699938853574],[-97.09333830906776,49.728036493446886],[-97.10416618233492,49.73434009633815],[-97.10587119320672,49.7351055929852],[-97.11277800493056,49.73665758735872],[-97.12041378487307,49.73947130693235],[-97.12206389778466,49.74046586487514]]]},"properties":{"DAUID":"46020075","DGUID":"2021S051246020075","LANDAREA":51.7261,"PRUID":"46","CMA":"Winnipeg"}},
{"type":"Feature","geometry":{"type":"Polygon","coordinates":[[[-97.10947879570459,49.665100206281366],[-97.109860139387,49.664084818434574],[-97.12270943237355,49.66421780996478],[-97.12166893685804,49.66609139214696],[-97.11583376323019,49.673536197813405],[-97.11584480158918,49.67478004086148],[-97.11733604179625,49.67606405145267],[-97.11959988605955,49.6770433204964],[-97.12074978819844,49.67796274628166],[-97.12119499078098,49.679404402941394],[-97.12641101329845,49.67923710895301],[-97.13348888479422,49.67866779688057],[-97.12905791805996,49.664086790195064],[-97.12898230382687,49.660640301815725],[-97.13159151789169,49.64823291105857],[-97.13251679149191,49.64432590871295],[-97.13528400703085,49.63534810941789],[-97.13547759148844,49.634631610531095],[-97.14554348572442,49.60151929829738],[-97.14679430992842,49.5984628972255],[-97.14882189856199,49.59425848766673],[-97.15061168360478,49.591939296869754],[-97.15822070473986,49.58500829910595],[-97.16354139270011,49.58037928919369],[-97.16184530779913,49.58049359613276],[-97.1623597874405,49.57325965259114],[-97.16449208863052,49.564994104722494],[-97.16942350743128,49.56108719227688],[-97.19806838842176,49.53803179527879],[-97.20388991340616,49.5334447045575],[-97.20555422199283,49.531850660784485],[-97.16667240176122,49.5318469419966],[-97.15996548284394,49.53193405397113],[-97.15651529767406,49.53185380307931],[-97.13304619523056,49.531891201026276],[-97.13023289948008,49.5317287937024],[-97.12551428349663,49.531877302070626],[-97.10938508719495,49.5318847005635],[-97.10830459169549,49.531948009533274],[-97.08026181822984,49.53195369387939],[-97.07817259749048,49.53165820313228],[-97.07324068074338,49.531603093249856],[-97.0613534099438,49.531638405406234],[-97.04863267011636,49.53167387585438],[-97.04862687152556,49.54552863282399],[-97.04874297750398,49.59118752126875],[-97.07142018788686,49.59117731031273],[-97.07144879551826,49.60588540142398],[-97.07146079684021,49.62066511311335],[-97.07154219758347,49.6456017897084],[-97.07159961390816,49.650109496070684],[-97.08734029089031,49.650055788822414],[-97.10280088736154,49.65007638898926],[-97.1012232828243,49.655726587698375],[-97.10158460753372,49.65854809000794],[-97.10252191827131,49.660101708774995],[-97.10391040076784,49.66145580773008],[-97.10947879570459,49.665100206281366]]]},"properties":{"DAUID":"46020076","DGUID":"2021S051246020076","LANDAREA":94.4341,"PRUID":"46","CMA":"Winnipeg"}},
{"type":"Feature","geometry":{"type":"Polygon","coordinates":[[[-97.16265130590095,49.63536300606255],[-97.16263818372695,49.62061939104135],[-97.16976869363634,49.62062439705436],[-97.17142481066199,49.620767487077124],[-97.18062009972212,49.620624506480205],[-97.18011100532112,49.605870404725245],[-97.18538148859639,49.60585699188122],[-97.1854213927951,49.59844540233883],[-97.19056050384319,49.59831900602097],[-97.1909681172674,49.59777668772543],[-97.19095828124723,49.59130880233008],[-97.1914378175705,49.591064398744535],[-97.19655641109104,49.591099286667315],[-97.19662150259266,49.58370610390233],[-97.19691689136363,49.5835757998576],[-97.2128672048675,49.58362541289954],[-97.21365961578998,49.58314289932298],[-97.21395929592951,49.57455680997242],[-97.22385651476114,49.5762743876714],[-97.22565097526339,49.576390795571946],[-97.22557659002454,49.56142641946003],[-97.23686197434223,49.56140606491436],[-97.23696946578409,49.55386106240607],[-97.24784507481515,49.55379719558373],[-97.24793962221851,49.54673308150535],[-97.25403779477737,49.54688700160361],[-97.25414458028915,49.5318662982221],[-97.22223518326844,49.53179410817275],[-97.21988231484562,49.53112819793111],[-97.21509506376132,49.53179922446989],[-97.2129159508874,49.53170469532133],[-97.20555422199283,49.531850660784485],[-97.20388991340616,49.5334447045575],[-97.19806838842176,49.53803179527879],[-97.16942350743128,49.56108719227688],[-97.16449208863052,49.564994104722494],[-97.1623597874405,49.57325965259114],[-97.16184530779913,49.58049359613276],[-97.16354139270011,49.58037928919369],[-97.15822070473986,49.58500829910595],[-97.15061168360478,49.591939296869754],[-97.14882189856199,49.59425848766673],[-97.14679430992842,49.5984628972255],[-97.14554348572442,49.60151929829738],[-97.13547759148844,49.634631610531095],[-97.13528400703085,49.63534810941789],[-97.14809370701373,49.63539189640859],[-97.16265130590095,49.63536300606255]]]},"properties":{"DAUID":"46020077","DGUID":"2021S051246020077","LANDAREA":38.9267,"PRUID":"46","CMA":"Winnipeg"}},
{"type":"Feature","geometry":{"type":"Polygon","coordinates":[[[-97.04874297750398,49.59118752126875],[-97.0373236026498,49.59118859163443],[-97.0373047865306,49.60021619923576],[-97.03731119603282,49.60493479119428],[-97.04019088869279,49.6049428055076],[-97.04015240330486,49.59898170495454],[-97.04518959506068,49.598995002768426],[-97.04521399555051,49.60495939288325],[-97.04521528488391,49.605944799655084],[-97.05579019829277,49.60597420756404],[-97.07144879551826,49.60588540142398],[-97.07142018788686,49.59117731031273],[-97.04874297750398,49.59118752126875]]]},"properties":{"DAUID":"46020078","DGUID":"2021S051246020078","LANDAREA":3.7443,"PRUID":"46","CMA":"Winnipeg"}},
{"type":"Feature","geometry":{"type":"Polygon","coordinates":[[[-97.07146079684021,49.62066511311335],[-97.07144879551826,49.60588540142398],[-97.05579019829277,49.60597420756404],[-97.04521528488391,49.605944799655084],[-97.04521399555051,49.60495939288325],[-97.04019088869279,49.6049428055076],[-97.04021899199306,49.608895302721635],[-97.04274901827019,49.60889860577794],[-97.04314130434118,49.60938090350012],[-97.04879430023234,49.609259578505096],[-97.0488105656462,49.62067862340586],[-97.07146079684021,49.62066511311335]]]},"properties":{"DAUID":"46020079","DGUID":"2021S051246020079","LANDAREA":2.9454,"PRUID":"46","CMA":"Winnipeg"}},
{"type":"Feature","geometry":{"type":"Polygon","coordinates":[[[-97.04019088869279,49.6049428055076],[-97.04521399555051,49.60495939288325],[-97.04518959506068,49.598995002768426],[-97.04015240330486,49.59898170495454],[-97.04019088869279,49.6049428055076]]]},"properties":{"DAUID":"46020080","DGUID":"2021S051246020080","LANDAREA":0.2404,"PRUID":"46","CMA":"Winnipeg"}},
{"type":"Feature","geometry":{"type":"Polygon","coordinates":[[[-96.36580494400712,49.76666889554383],[-96.38527149263733,49.76654929447398],[-96.41139789432201,49.76651561237941],[-96.41128619727778,49.7605308001816],[-96.41136841050154,49.73839359714722],[-96.41134570271602,49.72760690835717],[-96.41693300211374,49.726922099692956],[-96.42101380875388,49.726644199068986],[-96.4228330058189,49.72688269762594],[-96.42723166730953,49.728189075773955],[-96.4323027593035,49.72782678658718],[-96.43448306377333,49.72833790616722],[-96.44425953548809,49.72774559101119],[-96.44700747285778,49.727914494829726],[-96.45092693288609,49.72934373471566],[-96.45693270406453,49.72947190853676],[-96.45686971035339,49.75164549910581],[-96.47972198649803,49.751668393660744],[-96.52505539342609,49.751638688770456],[-96.52523648137623,49.736898491450454],[-96.53622299716787,49.73702480241663],[-96.57763390295706,49.73716100331548],[-96.59469928177063,49.73730088882784],[-96.61644098404827,49.73718379791234],[-96.63692389844876,49.73726181110574],[-96.63912560323197,49.73708179720128],[-96.63951899046727,49.71209968919726],[-96.64083012051236,49.70769500230492],[-96.63963018059837,49.70780199620325],[-96.63209978494336,49.707765103145675],[-96.60416208347428,49.70749620599479],[-96.55145389336886,49.70742778906287],[-96.525830307245,49.70748570172451],[-96.52550278440562,49.707379695846825],[-96.5068778293466,49.70734108696818],[-96.5036271373197,49.70740196973708],[-96.4796812871578,49.707452594063305],[-96.4666174161679,49.707392400209194],[-96.4396928996399,49.7073846898402],[-96.40055938956674,49.70741210063109],[-96.39727966229947,49.7072558463503],[-96.36717337477752,49.707271056316685],[-96.3659624422328,49.7501752505616],[-96.36593806039622,49.764939435137826],[-96.36580494400712,49.76666889554383]]]},"properties":{"DAUID":"46020143","DGUID":"2021S051246020143","LANDAREA":79.9025,"PRUID":"46","CMA":"Winnipeg"}},
{"type":"Feature","geometry":{"type":"Polygon","coordinates":[[[-96.36571089003851,49.796054926376485],[-96.38410692522656,49.7960734089724],[-96.42971054609387,49.7958552722912],[-96.47141069881843,49.79585471147246],[-96.4797333932769,49.79588320594083],[-96.50175020816017,49.795802487462325],[-96.5473610125667,49.79604870207709],[-96.5475920964271,49.773870010550354],[-96.5477823943843,49.76652450126644],[-96.5478191113976,49.75176318671846],[-96.52505539342609,49.751638688770456],[-96.47972198649803,49.751668393660744],[-96.45686971035339,49.75164549910581],[-96.45693270406453,49.72947190853676],[-96.45092693288609,49.72934373471566],[-96.44700747285778,49.727914494829726],[-96.44425953548809,49.72774559101119],[-96.43448306377333,49.72833790616722],[-96.4323027593035,49.72782678658718],[-96.42723166730953,49.728189075773955],[-96.4228330058189,49.72688269762594],[-96.42101380875388,49.726644199068986],[-96.41693300211374,49.726922099692956],[-96.41134570271602,49.72760690835717],[-96.41136841050154,49.73839359714722],[-96.41128619727778,49.7605308001816],[-96.41139789432201,49.76651561237941],[-96.38527149263733,49.76654929447398],[-96.36580494400712,49.76666889554383],[-96.36554892187245,49.78154348714433],[-96.36571089003851,49.796054926376485]]]},"properties":{"DAUID":"46020144","DGUID":"2021S051246020144","LANDAREA":67.3965,"PRUID":"46","CMA":"Winnipeg"}},
{"type":"Feature","geometry":{"type":"Polygon","coordinates":[[[-96.52505539342609,49.751638688770456],[-96.5478191113976,49.75176318671846],[-96.5477823943843,49.76652450126644],[-96.5475920964271,49.773870010550354],[-96.5473610125667,49.79604870207709],[-96.56716008470434,49.79612439855419],[-96.58510819830559,49.796257088016425],[-96.61027400356423,49.79628430081956],[-96.63840918054105,49.79640259316196],[-96.67925619912555,49.79659859763708],[-96.70525341853701,49.79667581161843],[-96.72973370158977,49.7967983090841],[-96.7300168926795,49.76726250243372],[-96.70725949618217,49.76714701137106],[-96.6845455940839,49.76699189638001],[-96.68466300336618,49.752286401906794],[-96.63895291326034,49.75207409812765],[-96.63912560323197,49.73708179720128],[-96.63692389844876,49.73726181110574],[-96.61644098404827,49.73718379791234],[-96.59469928177063,49.73730088882784],[-96.57763390295706,49.73716100331548],[-96.53622299716787,49.73702480241663],[-96.52523648137623,49.736898491450454],[-96.52505539342609,49.751638688770456]]]},"properties":{"DAUID":"46020145","DGUID":"2021S051246020145","LANDAREA":72.7197,"PRUID":"46","CMA":"Winnipeg"}},
{"type":"Feature","geometry":{"type":"Polygon","coordinates":[[[-96.63912560323197,49.73708179720128],[-96.63895291326034,49.75207409812765],[-96.68466300336618,49.752286401906794],[-96.6845455940839,49.76699189638001],[-96.70725949618217,49.76714701137106],[-96.7300168926795,49.76726250243372],[-96.73013991294995,49.752440109799686],[-96.75609959460763,49.75251429001108],[-96.76954921202434,49.75260318988276],[-96.7722822119974,49.75295269210826],[-96.7747587855003,49.753746908310006],[-96.77515601050854,49.75325979791943],[-96.77607891627791,49.75220699602263],[-96.77715058173476,49.750023696583455],[-96.78743248525093,49.72726400894851],[-96.7833382129102,49.72758150817415],[-96.77700731081819,49.728863400282144],[-96.77556431966075,49.72612800426311],[-96.77567491803552,49.719761297069695],[-96.77585658673459,49.70851196567479],[-96.7304003922317,49.708186804590156],[-96.71621379041801,49.70810569040284],[-96.71556524743019,49.708252074229044],[-96.7078969832019,49.707977301470066],[-96.70765588050129,49.70808950557985],[-96.68121838515445,49.7080577135778],[-96.66488280802837,49.70795429350152],[-96.66105167629406,49.70801139648904],[-96.6424299176514,49.70772990034911],[-96.64083012051236,49.70769500230492],[-96.63951899046727,49.71209968919726],[-96.63912560323197,49.73708179720128]]]},"properties":{"DAUID":"46020146","DGUID":"2021S051246020146","LANDAREA":54.8433,"PRUID":"46","CMA":"Winnipeg"}},
{"type":"Feature","geometry":{"type":"Polygon","coordinates":[[[-96.77567491803552,49.719761297069695],[-96.78409820101976,49.72125409183428],[-96.78543919172424,49.72136079047869],[-96.80354149482909,49.719312806903176],[-96.8050631907587,49.7194136117601],[-96.80993219143944,49.72066620938457],[-96.81191180109955,49.72076660520945],[-96.82131499173452,49.71930669540081],[-96.82143650069263,49.708532407505736],[-96.8214687852425,49.6901370124635],[-96.82135869974904,49.678953396637496],[-96.82132989427843,49.668742796928164],[-96.82131768203398,49.66808590992246],[-96.8145479079438,49.66791331023923],[-96.81453790690773,49.66411699345015],[-96.8212708194188,49.664171903959094],[-96.82118358114454,49.64937250816906],[-96.81211411795746,49.64925538719517],[-96.77556239232824,49.64902639833233],[-96.77558671184345,49.66186371209696],[-96.77574979202575,49.67864371134385],[-96.77600348610608,49.69738649644011],[-96.77585658673459,49.70851196567479],[-96.77567491803552,49.719761297069695]]]},"properties":{"DAUID":"46020154","DGUID":"2021S051246020154","LANDAREA":25.7136,"PRUID":"46","CMA":"Winnipeg"}},
{"type":"Feature","geometry":{"type":"Polygon","coordinates":[[[-96.77556239232824,49.64902639833233],[-96.81211411795746,49.64925538719517],[-96.82118358114454,49.64937250816906],[-96.8212708194188,49.664171903959094],[-96.81453790690773,49.66411699345015],[-96.8145479079438,49.66791331023923],[-96.82131768203398,49.66808590992246],[-96.82132989427843,49.668742796928164],[-96.82549909022883,49.66880320178644],[-96.82546930907903,49.66418789478884],[-96.85403511561357,49.66443318874577],[-96.84481356850034,49.65699358655588],[-96.84424428151577,49.656993921499925],[-96.84399059859112,49.64962869213557],[-96.84386319411699,49.6390294992696],[-96.84374560046906,49.620055400416376],[-96.78225098949859,49.61952290738358],[-96.77549788714224,49.61943819561738],[-96.77547971428216,49.62348600067635],[-96.77556239232824,49.64902639833233]]]},"properties":{"DAUID":"46020155","DGUID":"2021S051246020155","LANDAREA":19.5925,"PRUID":"46","CMA":"Winnipeg"}},
{"type":"Feature","geometry":{"type":"Polygon","coordinates":[[[-96.82135869974904,49.678953396637496],[-96.84154780142137,49.67916069132225],[-96.86695340796622,49.67928080363178],[-96.86681119903717,49.66447149592726],[-96.85403511561357,49.66443318874577],[-96.82546930907903,49.66418789478884],[-96.82549909022883,49.66880320178644],[-96.82132989427843,49.668742796928164],[-96.82135869974904,49.678953396637496]]]},"properties":{"DAUID":"46020156","DGUID":"2021S051246020156","LANDAREA":5.2438,"PRUID":"46","CMA":"Winnipeg"}},
{"type":"Feature","geometry":{"type":"Polygon","coordinates":[[[-96.93525731279577,49.73833082117649],[-96.93521978957853,49.731202705631574],[-96.93530686073065,49.71576979203409],[-96.93548183977178,49.709053458660655],[-96.95807328278475,49.70907981116083],[-96.95800490347217,49.707072589146584],[-96.95802249595779,49.695405788935076],[-96.95266578495168,49.695167209634945],[-96.94418851201296,49.69461221000777],[-96.94153750456869,49.69434020450435],[-96.93417488451637,49.69399321296209],[-96.92337500000788,49.69401925187908],[-96.92335049703033,49.69320580302355],[-96.92769799430599,49.68684300823179],[-96.92215970101292,49.68438689377755],[-96.91734421089271,49.68287010932036],[-96.90594109364815,49.677869707651524],[-96.88584118825135,49.670181994543725],[-96.8822433105289,49.66845200084054],[-96.8680236177844,49.65956419830588],[-96.8667722070113,49.65902838728897],[-96.86681119903717,49.66447149592726],[-96.86695340796622,49.67928080363178],[-96.84154780142137,49.67916069132225],[-96.82135869974904,49.678953396637496],[-96.8214687852425,49.6901370124635],[-96.82143650069263,49.708532407505736],[-96.82131499173452,49.71930669540081],[-96.8273726197707,49.71663200271114],[-96.8306137099136,49.7148845957705],[-96.83281090319794,49.71414320788893],[-96.8358374971286,49.71409180680256],[-96.83890760280309,49.71524659896637],[-96.84989571276782,49.72277359433159],[-96.85443120067042,49.72659079543177],[-96.8572422995948,49.727983205989986],[-96.85968820219115,49.72853218822732],[-96.86409441372727,49.728685490793794],[-96.86808690824495,49.730045491225425],[-96.87109481036978,49.73171099118571],[-96.87333425527368,49.73349726187235],[-96.87604199225403,49.73441949275082],[-96.87809459668279,49.73477200007826],[-96.89176951448218,49.73467098894287],[-96.89746618381541,49.734522700898275],[-96.89954429463758,49.734929197529475],[-96.90050668748418,49.735783205355666],[-96.90661298507749,49.74225398890929],[-96.9125311770553,49.73790573672231],[-96.9147294063365,49.73789196993236],[-96.93525731279577,49.73833082117649]]]},"properties":{"DAUID":"46020157","DGUID":"2021S051246020157","LANDAREA":50.4883,"PRUID":"46","CMA":"Winnipeg"}},
{"type":"Feature","geometry":{"type":"Polygon","coordinates":[[[-96.98066111349284,49.63532629756813],[-96.98063121796623,49.62064499221858],[-96.95777718459733,49.620587611456386],[-96.91236048684436,49.620531001724544],[-96.88944608173486,49.620219106724896],[-96.8781959774584,49.62012063333744],[-96.86643210617241,49.620224092583896],[-96.84374560046906,49.620055400416376],[-96.84386319411699,49.6390294992696],[-96.84399059859112,49.64962869213557],[-96.84424428151577,49.656993921499925],[-96.84481356850034,49.65699358655588],[-96.85403511561357,49.66443318874577],[-96.86681119903717,49.66447149592726],[-96.8667722070113,49.65902838728897],[-96.8680236177844,49.65956419830588],[-96.8822433105289,49.66845200084054],[-96.88584118825135,49.670181994543725],[-96.90594109364815,49.677869707651524],[-96.91734421089271,49.68287010932036],[-96.92215970101292,49.68438689377755],[-96.92769799430599,49.68684300823179],[-96.92335049703033,49.69320580302355],[-96.92337500000788,49.69401925187908],[-96.93417488451637,49.69399321296209],[-96.94153750456869,49.69434020450435],[-96.94418851201296,49.69461221000777],[-96.95266578495168,49.695167209634945],[-96.95802249595779,49.695405788935076],[-96.95797579492309,49.69321010256422],[-96.95339929813396,49.69124020542085],[-96.95197711743798,49.69010859445787],[-96.9444594081657,49.68161860896206],[-96.93909230640983,49.67608988809809],[-96.93640188429583,49.67185900366807],[-96.93230799371372,49.664787506549764],[-96.93094688924836,49.66398503198377],[-96.9294392307932,49.659847911744336],[-96.929819343027,49.65934950999049],[-96.92868595498955,49.65695237817901],[-96.92850641472492,49.654706586304954],[-96.92853019859554,49.650069939931655],[-96.93120191366226,49.65002399507091],[-96.95781399106275,49.65008279462768],[-96.95780898547373,49.635303091814784],[-96.98066111349284,49.63532629756813]]]},"properties":{"DAUID":"46020158","DGUID":"2021S051246020158","LANDAREA":47.9252,"PRUID":"46","CMA":"Winnipeg"}},
{"type":"Feature","geometry":{"type":"Polygon","coordinates":[[[-96.87333425527368,49.73349726187235],[-96.87407779337957,49.73498560584898],[-96.87270395527007,49.73536729009441],[-96.86927641230909,49.734942149211996],[-96.8693253199862,49.734263399180655],[-96.87094700468477,49.73356747188672],[-96.869639958053,49.732664286230886],[-96.86675259940047,49.73336714693778],[-96.86610407368718,49.731989655028],[-96.86266325716106,49.73331024924018],[-96.86167651531271,49.7342136202091],[-96.85935239851244,49.73418833688943],[-96.85898808479172,49.73226296847242],[-96.85544922334236,49.73243718809814],[-96.85508278357031,49.73447399787599],[-96.86165930768631,49.736097890362714],[-96.86703360787997,49.737294391106595],[-96.86586169392307,49.73996250676224],[-96.87359680697541,49.74146309140115],[-96.87496610613591,49.73998599305293],[-96.87478209203778,49.738480409443945],[-96.87604199225403,49.73441949275082],[-96.87333425527368,49.73349726187235]]]},"properties":{"DAUID":"46020159","DGUID":"2021S051246020159","LANDAREA":0.7231,"PRUID":"46","CMA":"Winnipeg"}},
{"type":"Feature","geometry":{"type":"Polygon","coordinates":[[[-96.85508278357031,49.73447399787599],[-96.85435088377572,49.7359626958809],[-96.8441005963284,49.75867479006143],[-96.84390051107846,49.760056293913586],[-96.84385210305221,49.76771959711031],[-96.86677629104274,49.76786752281113],[-96.86678669602405,49.76443820451297],[-96.86704141027629,49.76338140953568],[-96.87487780231108,49.74599849241288],[-96.8785942198413,49.74671220253149],[-96.8794146141903,49.7452753987954],[-96.8792658005241,49.743878893624604],[-96.87657549057197,49.74222840422119],[-96.87722349921566,49.74073800143626],[-96.87728499525149,49.73901199363629],[-96.87478209203778,49.738480409443945],[-96.87496610613591,49.73998599305293],[-96.87359680697541,49.74146309140115],[-96.86586169392307,49.73996250676224],[-96.86703360787997,49.737294391106595],[-96.86165930768631,49.736097890362714],[-96.85508278357031,49.73447399787599]]]},"properties":{"DAUID":"46020160","DGUID":"2021S051246020160","LANDAREA":5.9775,"PRUID":"46","CMA":"Winnipeg"}},
{"type":"Feature","geometry":{"type":"Polygon","coordinates":[[[-96.90661298507749,49.74225398890929],[-96.90050668748418,49.735783205355666],[-96.89954429463758,49.734929197529475],[-96.89746618381541,49.734522700898275],[-96.89176951448218,49.73467098894287],[-96.87809459668279,49.73477200007826],[-96.87604199225403,49.73441949275082],[-96.87478209203778,49.738480409443945],[-96.87728499525149,49.73901199363629],[-96.87722349921566,49.74073800143626],[-96.8786408027737,49.73784050355287],[-96.87799949501688,49.73666526229625],[-96.87949856911062,49.736449497693656],[-96.88036757458386,49.737526896484226],[-96.8813753673631,49.73751274228096],[-96.88426905505965,49.736400737224],[-96.88767427507733,49.73644942467342],[-96.8901146472625,49.736183525490176],[-96.89179536253428,49.73679432514929],[-96.89266264278706,49.735195430291945],[-96.89373798087775,49.7353634475059],[-96.89509354949686,49.73707024738281],[-96.89625565131514,49.736677536901425],[-96.89726904770139,49.73538714608402],[-96.89852778138274,49.73548643841388],[-96.8999138665295,49.737297226920376],[-96.90163086250996,49.73869333273642],[-96.89847821526111,49.743159063948546],[-96.8975675108319,49.74547488636307],[-96.89405168621488,49.75183981067992],[-96.89029829302768,49.75994830873571],[-96.88959731777409,49.762022492905345],[-96.88960508927865,49.79732960752873],[-96.93548671775662,49.79744581019586],[-96.93542159609176,49.77545100988722],[-96.93479438686091,49.77256130749402],[-96.93199258333385,49.76985761361684],[-96.93393581510936,49.76727469788667],[-96.92997470422146,49.76506300418436],[-96.92683039627623,49.76291990928276],[-96.92088230508173,49.75685830835522],[-96.91704370484523,49.753119208664046],[-96.9125171080762,49.74827909026882],[-96.90661298507749,49.74225398890929]]]},"properties":{"DAUID":"46020161","DGUID":"2021S051246020161","LANDAREA":16.6342,"PRUID":"46","CMA":"Winnipeg"}},
{"type":"Feature","geometry":{"type":"Polygon","coordinates":[[[-96.8786408027737,49.73784050355287],[-96.88023858684967,49.738121600852786],[-96.87862198285576,49.74177121377549],[-96.88737728062148,49.74728349349961],[-96.89405168621488,49.75183981067992],[-96.8975675108319,49.74547488636307],[-96.89847821526111,49.743159063948546],[-96.90163086250996,49.73869333273642],[-96.8999138665295,49.737297226920376],[-96.89852778138274,49.73548643841388],[-96.89726904770139,49.73538714608402],[-96.89625565131514,49.736677536901425],[-96.89509354949686,49.73707024738281],[-96.89373798087775,49.7353634475059],[-96.89266264278706,49.735195430291945],[-96.89179536253428,49.73679432514929],[-96.8901146472625,49.736183525490176],[-96.88767427507733,49.73644942467342],[-96.88426905505965,49.736400737224],[-96.8813753673631,49.73751274228096],[-96.88036757458386,49.737526896484226],[-96.87949856911062,49.736449497693656],[-96.87799949501688,49.73666526229625],[-96.8786408027737,49.73784050355287]]]},"properties":{"DAUID":"46020162","DGUID":"2021S051246020162","LANDAREA":1.7349,"PRUID":"46","CMA":"Winnipeg"}},
{"type":"Feature","geometry":{"type":"Polygon","coordinates":[[[-96.72973370158977,49.7967983090841],[-96.74644961288591,49.79683689000221],[-96.77546009593487,49.796965887439555],[-96.79379919267151,49.79706481111038],[-96.8393320926675,49.79721238889798],[-96.84394110941531,49.797316297552726],[-96.85053189033752,49.797231805888025],[-96.87802969003135,49.79731600421726],[-96.88131198801597,49.79721522397691],[-96.88960508927865,49.79732960752873],[-96.88959731777409,49.762022492905345],[-96.89029829302768,49.75994830873571],[-96.89405168621488,49.75183981067992],[-96.88737728062148,49.74728349349961],[-96.87862198285576,49.74177121377549],[-96.88023858684967,49.738121600852786],[-96.8786408027737,49.73784050355287],[-96.87722349921566,49.74073800143626],[-96.87657549057197,49.74222840422119],[-96.8792658005241,49.743878893624604],[-96.8794146141903,49.7452753987954],[-96.8785942198413,49.74671220253149],[-96.87487780231108,49.74599849241288],[-96.86704141027629,49.76338140953568],[-96.86678669602405,49.76443820451297],[-96.86677629104274,49.76786752281113],[-96.84385210305221,49.76771959711031],[-96.84387129403214,49.78043050855187],[-96.844905385839,49.781232399776755],[-96.84401749277683,49.78214240675073],[-96.77515601050854,49.75325979791943],[-96.7747587855003,49.753746908310006],[-96.7722822119974,49.75295269210826],[-96.76954921202434,49.75260318988276],[-96.75609959460763,49.75251429001108],[-96.73013991294995,49.752440109799686],[-96.7300168926795,49.76726250243372],[-96.72973370158977,49.7967983090841]]]},"properties":{"DAUID":"46020163","DGUID":"2021S051246020163","LANDAREA":46.719,"PRUID":"46","CMA":"Winnipeg"}},
{"type":"Feature","geometry":{"type":"Polygon","coordinates":[[[-96.77515601050854,49.75325979791943],[-96.84401749277683,49.78214240675073],[-96.844905385839,49.781232399776755],[-96.84387129403214,49.78043050855187],[-96.84385210305221,49.76771959711031],[-96.84390051107846,49.760056293913586],[-96.8441005963284,49.75867479006143],[-96.85435088377572,49.7359626958809],[-96.85508278357031,49.73447399787599],[-96.85544922334236,49.73243718809814],[-96.85898808479172,49.73226296847242],[-96.85935239851244,49.73418833688943],[-96.86167651531271,49.7342136202091],[-96.86266325716106,49.73331024924018],[-96.86610407368718,49.731989655028],[-96.86675259940047,49.73336714693778],[-96.869639958053,49.732664286230886],[-96.87094700468477,49.73356747188672],[-96.8693253199862,49.734263399180655],[-96.86927641230909,49.734942149211996],[-96.87270395527007,49.73536729009441],[-96.87407779337957,49.73498560584898],[-96.87333425527368,49.73349726187235],[-96.87109481036978,49.73171099118571],[-96.86808690824495,49.730045491225425],[-96.86409441372727,49.728685490793794],[-96.85968820219115,49.72853218822732],[-96.8572422995948,49.727983205989986],[-96.85443120067042,49.72659079543177],[-96.84989571276782,49.72277359433159],[-96.83890760280309,49.71524659896637],[-96.8358374971286,49.71409180680256],[-96.83281090319794,49.71414320788893],[-96.8306137099136,49.7148845957705],[-96.8273726197707,49.71663200271114],[-96.82131499173452,49.71930669540081],[-96.81191180109955,49.72076660520945],[-96.80993219143944,49.72066620938457],[-96.8050631907587,49.7194136117601],[-96.80354149482909,49.719312806903176],[-96.78543919172424,49.72136079047869],[-96.78409820101976,49.72125409183428],[-96.77567491803552,49.719761297069695],[-96.77556431966075,49.72612800426311],[-96.77700731081819,49.728863400282144],[-96.7833382129102,49.72758150817415],[-96.78743248525093,49.72726400894851],[-96.77715058173476,49.750023696583455],[-96.77607891627791,49.75220699602263],[-96.77515601050854,49.75325979791943]]]},"properties":{"DAUID":"46020164","DGUID":"2021S051246020164","LANDAREA":28.1285,"PRUID":"46","CMA":"Winnipeg"}},
{"type":"Feature","geometry":{"type":"Polygon","coordinates":[[[-97.0373047865306,49.60021619923576],[-97.03567131406786,49.600227301284676],[-97.03345659272641,49.60113029519029],[-97.03015570922629,49.60111329271667],[-97.0285116049571,49.59990920435768],[-97.02584734805485,49.599977933337904],[-97.0258984586941,49.60928616155476],[-97.03737039126793,49.609081990280345],[-97.04314130434118,49.60938090350012],[-97.04274901827019,49.60889860577794],[-97.04021899199306,49.608895302721635],[-97.04019088869279,49.6049428055076],[-97.03731119603282,49.60493479119428],[-97.0373047865306,49.60021619923576]]]},"properties":{"DAUID":"46020170","DGUID":"2021S051246020170","LANDAREA":0.8982,"PRUID":"46","CMA":"Winnipeg"}},
{"type":"Feature","geometry":{"type":"Polygon","coordinates":[[[-97.0373236026498,49.59118859163443],[-97.02579780736292,49.59116349741952],[-97.02584734805485,49.599977933337904],[-97.0285116049571,49.59990920435768],[-97.03015570922629,49.60111329271667],[-97.03345659272641,49.60113029519029],[-97.03567131406786,49.600227301284676],[-97.0373047865306,49.60021619923576],[-97.0373236026498,49.59118859163443]]]},"properties":{"DAUID":"46020171","DGUID":"2021S051246020171","LANDAREA":0.8704,"PRUID":"46","CMA":"Winnipeg"}},
{"type":"Feature","geometry":{"type":"Polygon","coordinates":[[[-97.94998114342486,50.041866776639644],[-97.94927732366763,50.04334659041321],[-97.94630261044175,50.045255644967256],[-97.94217165788358,50.047172088308095],[-97.93498884591699,50.04906707672953],[-97.93317375025225,50.04966207795669],[-97.93026939657072,50.04961509597067],[-97.92875389964314,50.04898728015936],[-97.92836159633619,50.04747257769259],[-97.92900512354282,50.04648463728244],[-97.92846638235835,50.04543184315477],[-97.92608075131078,50.044526134491846],[-97.92308702251746,50.04412062697854],[-97.91975915758307,50.044289836216414],[-97.9164247249011,50.04490409671745],[-97.91417602312288,50.04568134586431],[-97.91239832622202,50.04693282918307],[-97.91005503155127,50.0501847958681],[-97.90983105441646,50.051437378555946],[-97.90864206368991,50.053510632073845],[-97.90701765956517,50.05445322853947],[-97.90348281013375,50.054476096465294],[-97.90161779612636,50.054019980141206],[-97.89749287915633,50.05205838520409],[-97.89452781046724,50.04978382914269],[-97.89124371343891,50.04864168909549],[-97.8887765052249,50.04841793266237],[-97.88081687529623,50.048928389857146],[-97.87521036961694,50.048410931523954],[-97.8726395265592,50.04784412890123],[-97.87056794484661,50.04683908452844],[-97.86944381564267,50.04460209620487],[-97.8701350186744,50.042227576401494],[-97.87006895413653,50.04117233277891],[-97.8687594456124,50.040140985604125],[-97.86724690926737,50.040027295813964],[-97.86553224371559,50.040637881118094],[-97.86346750102656,50.041876885550096],[-97.86177631143703,50.04355575132549],[-97.86111901469532,50.04506934577491],[-97.85955636639625,50.04647057552682],[-97.85799774513632,50.04652494866015],[-97.85680735908976,50.045481133755096],[-97.85633558117468,50.04123794086852],[-97.85695232705936,50.039379938792145],[-97.85668844896438,50.03828678659065],[-97.85551507157697,50.03727237660836],[-97.85333459910187,50.03691579324273],[-97.85068622876662,50.03846589183812],[-97.84938016312722,50.040379935530865],[-97.84861610682748,50.04239835078984],[-97.84796714417672,50.04631790050288],[-97.84676101874294,50.04827340029915],[-97.84407832571245,50.049472225474815],[-97.84250955619495,50.04950603328185],[-97.83979761349613,50.04843339300651],[-97.83896440135469,50.04721753724748],[-97.8383540199144,50.044151128153246],[-97.83870201617022,50.041883539533586],[-97.83828307716003,50.040291832109254],[-97.83738079721877,50.0396307325737],[-97.8346852684063,50.03906403190787],[-97.83137783236704,50.039687346178056],[-97.82969734320159,50.04116800011386],[-97.8281130623824,50.043429840434044],[-97.82635063294674,50.04368184573339],[-97.82500025748413,50.04264508862412],[-97.82525095206091,50.041527825594066],[-97.82700227395918,50.039868084913614],[-97.82842691474347,50.03914268316202],[-97.83437787664892,50.03719464837777],[-97.83656380437438,50.035442443380276],[-97.83689639756372,50.03366943135955],[-97.83528008366208,50.03193979405621],[-97.83268042955766,50.03118063505881],[-97.83097702402988,50.031174697553006],[-97.82601076195589,50.031848597185906],[-97.82307745121103,50.03174917662693],[-97.82167449974102,50.03116382655314],[-97.8208364613254,50.02960604703383],[-97.82194659120951,50.02774647811334],[-97.82467416344338,50.02639797864624],[-97.82848957920585,50.0249457870846],[-97.82987188125932,50.02379273883833],[-97.83011924375718,50.02265963966222],[-97.82829442543591,50.02077267781585],[-97.8231586247449,50.01900053014403],[-97.82242768274524,50.01901637537759],[-97.8197533825428,50.017684284484254],[-97.81822778130903,50.01614192577288],[-97.817466849983,50.013588795214154],[-97.81530492545915,50.01196569258999],[-97.81320632321074,50.011744138153205],[-97.8100547022944,50.013186992959376],[-97.80926780205202,50.014246992462056],[-97.80779859468927,50.01396879451759],[-97.80858630935788,50.012315181103524],[-97.81250062390731,50.00894643158031],[-97.81272018331569,50.007118285919624],[-97.81101443297624,50.00568647641432],[-97.80894295723174,50.005226724701295],[-97.8075676640442,50.00539478604816],[-97.80546436333049,50.006360244803396],[-97.8043356547153,50.007275091365464],[-97.80104829613839,50.011090748047124],[-97.80016267337422,50.011765141706626],[-97.79682847426838,50.0130977417573],[-97.79261514628325,50.0132990773549],[-97.79051361194874,50.012780281697104],[-97.78879262761583,50.01128273905585],[-97.78933387328668,50.00890489172024],[-97.79084235300651,50.007326376701506],[-97.79265350669512,50.00647722512782],[-97.79786877300114,50.005108038711356],[-97.80133250539542,50.00345299273695],[-97.8020163486977,50.00246837914369],[-97.80117571154246,50.000779995895705],[-97.79728797567903,49.99946196846047],[-97.79484143800552,49.99940795804202],[-97.79067332998054,50.00023404817985],[-97.7875022169651,50.00140915025518],[-97.78562176080106,50.00238338055618],[-97.78068133074723,50.00405849047192],[-97.77827251320244,50.0042580268163],[-97.77584993078194,50.003899677906304],[-97.77562372763941,50.00511154231362],[-97.77805340325737,50.00601635025515],[-97.78146056038138,50.00870103280289],[-97.782648964193,50.00999743213988],[-97.78233376492214,50.01183798109775],[-97.78110875528779,50.01253799718795],[-97.77800276054502,50.01214324371852],[-97.77635303076568,50.01115217466795],[-97.77298685766384,50.00809903226026],[-97.7693513644634,50.00686428788063],[-97.76736040951513,50.00681388786474],[-97.76499907913227,50.007467948429415],[-97.76284800444662,50.00889759415706],[-97.76005708208119,50.01194655695766],[-97.75751230156344,50.015966326403166],[-97.75653427435093,50.01640783422151],[-97.7546764063906,50.01632499911405],[-97.75299832259263,50.015229900221044],[-97.75243572337659,50.0143153896915],[-97.75246907033852,50.01181533211519],[-97.75142841350615,50.010230083735536],[-97.74908177098143,50.009764080398405],[-97.74563913173601,50.01025533329124],[-97.74271945427998,50.00955368726824],[-97.73967548234256,50.00654124913078],[-97.73642672378814,50.00523093739258],[-97.73448050576538,50.00507477489482],[-97.73185947656263,50.0057724993027],[-97.73009737195302,50.007765695883585],[-97.72854601046022,50.01009847957363],[-97.72665221051857,50.01072539245017],[-97.72436904706505,50.010374176837296],[-97.72263350653176,50.00950514661124],[-97.72173912008559,50.0079707305034],[-97.72168941125327,50.00668848512583],[-97.72230750639153,50.0048244485689],[-97.72625709220456,50.001382527869495],[-97.72674021411629,50.000000035034816],[-97.72620241267477,49.99883163557085],[-97.72499120294282,49.99820258666132],[-97.72269978101282,49.99805374602109],[-97.72093197144724,49.99854917884532],[-97.71785583840129,50.00072347223789],[-97.71550023512339,50.00177744453845],[-97.71254924673785,50.00189489975619],[-97.7082079335231,50.00091902890699],[-97.70454139083746,49.99927474221865],[-97.70168806166268,49.99742265346033],[-97.70046792451213,49.99697723069132],[-97.69655789474228,49.99689593713273],[-97.69465967646373,49.996289077113474],[-97.69455936330161,49.99409318826253],[-97.6936410700593,49.992434652668436],[-97.68851094207454,49.98807707757266],[-97.68720877974975,49.98619819177535],[-97.68581003759327,49.98335888555553],[-97.68560399744266,49.9814859848956],[-97.68689604452427,49.97912513191976],[-97.68552367716822,49.977024567300084],[-97.68193362431387,49.97400025664807],[-97.6788624788652,49.973381658561415],[-97.6750209148647,49.97391428496059],[-97.67192826772911,49.974780150174105],[-97.67013685694032,49.97486189800451],[-97.66872399230449,49.97417207537517],[-97.66801923564218,49.972610365140255],[-97.6690660564103,49.97013019778435],[-97.668664268998,49.967845642225676],[-97.66634860626564,49.96675059594005],[-97.66279462738866,49.965800421610005],[-97.66027546675089,49.96598426373262],[-97.65877787813835,49.96671813365906],[-97.65782519700184,49.967780332367646],[-97.65662236806853,49.96764990442737],[-97.65410478351258,49.96637514201272],[-97.6524325464193,49.96466857086129],[-97.65189633392065,49.96320878600132],[-97.65131513407538,49.957175422986865],[-97.6509386611559,49.956007421895826],[-97.64894521795266,49.95419280971517],[-97.64673916902537,49.953102115378904],[-97.64287641603866,49.951976148545974],[-97.63966109434716,49.95177889765003],[-97.63415371254573,49.95298835688233],[-97.6315322203284,49.954041026599675],[-97.62997213457345,49.95401722335406],[-97.62697631630145,49.95291295323434],[-97.62239023822497,49.9527177101583],[-97.61499302922304,49.9536961111147],[-97.61208548694934,49.953150031319666],[-97.61083852894124,49.95161087791414],[-97.61026308635331,49.94911376372197],[-97.6118612541518,49.94795333027548],[-97.61408470255112,49.947652001634275],[-97.6169791125058,49.948183642185676],[-97.61778201969429,49.947924234916435],[-97.61852177912301,49.946331149615354],[-97.61740826818966,49.944958508499894],[-97.61466620615698,49.94454762026533],[-97.61095583067926,49.94529980772903],[-97.60445122563766,49.94825050723912],[-97.60296218661885,49.94782160945032],[-97.60217838841744,49.9463456858604],[-97.60238406144391,49.94450000388359],[-97.60345973971384,49.94256758048169],[-97.6050293399609,49.94170894182843],[-97.60803559592944,49.940898738165586],[-97.6077884083606,49.93973212309689],[-97.60516507108709,49.937963126741444],[-97.60224999201121,49.93797614804251],[-97.60068907969428,49.93856457573734],[-97.59867544012504,49.93983254949716],[-97.59634858448572,49.94018993766312],[-97.59421562929481,49.93915773636185],[-97.59332166353794,49.93775659212921],[-97.59344999894448,49.93519956473172],[-97.59458922391214,49.934384150718415],[-97.59684966691692,49.9340186816133],[-97.60039222542385,49.93392592040915],[-97.60109933282166,49.933141640180416],[-97.59967814670446,49.93139065698483],[-97.59679379616784,49.930960763142615],[-97.59340249364143,49.93166352232975],[-97.58958970971337,49.93215486467759],[-97.58704898933247,49.931644525025575],[-97.58510495892891,49.92984067973613],[-97.58229624064042,49.925561477834755],[-97.58140977838704,49.92452332346349],[-97.581495661128,49.92363282202215],[-97.58035519839284,49.92216402637361],[-97.57781847251415,49.920395331084336],[-97.57616348745051,49.91966384968516],[-97.57144038751404,49.91877901442805],[-97.56738634661546,49.918851852249105],[-97.56096789640158,49.91936684470741],[-97.55912258828,49.918973720554234],[-97.55657853204798,49.91613646107899],[-97.55734633981818,49.91825516055395],[-97.55579009345196,49.91941154462062],[-97.55475961944526,49.91935104742318],[-97.54916601906815,49.92897023424776],[-97.54483137091987,49.92773494038151],[-97.54234857299043,49.926206144558094],[-97.53923397837045,49.92507402862288],[-97.53775571929576,49.922269153178156],[-97.53288566523281,49.93216929507285],[-97.53061281465146,49.93070370679171],[-97.51794530546333,49.95936138778486],[-97.51698511075203,49.960662305893635],[-97.52302754420734,49.960472944771766],[-97.5228843488133,49.96419302250036],[-97.52848145378492,49.964130659747134],[-97.52822636375159,49.96810589789718],[-97.53405149156026,49.96806296844679],[-97.53387201606769,49.971673565824275],[-97.53986895195582,49.971701646239254],[-97.53982851316718,49.97546388788622],[-97.54568764512135,49.97547158739264],[-97.5457146654805,49.979119772516356],[-97.5517854754505,49.97913443721395],[-97.55151588225489,49.9830255353987],[-97.55784853810114,49.98291549137508],[-97.55664264597654,49.98665675505697],[-97.56235612207539,49.98676817454047],[-97.56217698809623,49.990166700085545],[-97.57358510760128,49.99017278856244],[-97.57380950705881,49.99425482835035],[-97.57998334479142,49.99432857404521],[-97.58005994420904,49.99792502311247],[-97.58589143154875,49.99779497068328],[-97.5855669807167,50.00142758362743],[-97.5912312710858,50.0014625231064],[-97.59131301305598,50.004914790764325],[-97.59688709286061,50.00492019685795],[-97.59678179470475,50.00881101069964],[-97.60213161563937,50.008839433137304],[-97.60257581905637,50.012332591932775],[-97.62542393659714,50.012335577847544],[-97.62550810035863,50.01572065779465],[-97.63167283039581,50.01583949039132],[-97.63128621787371,50.01970430159283],[-97.6425669955904,50.01970879834128],[-97.64255837234244,50.016221661691915],[-97.64690606594081,50.00640252595614],[-97.65190419765243,49.99642470334674],[-97.65719403762078,50.00036341074895],[-97.6604727502771,50.00264045649204],[-97.67799280324554,50.01573964456363],[-97.68956843235509,50.02431672583009],[-97.69696945957499,50.029931636648314],[-97.7214392654072,50.0391262778628],[-97.73207176463805,50.043182458352206],[-97.7335612502182,50.0433338655625],[-97.73494581860243,50.04648779729067],[-97.73507269883207,50.04750549498706],[-97.73509119694951,50.06380348942844],[-97.76103811930697,50.063804504723926],[-97.80989650911968,50.063820905377185],[-97.81374727920054,50.0709723657988],[-97.83075080987508,50.07721878912597],[-97.85907093854141,50.077223990848],[-97.8660215272174,50.077497439348505],[-97.87433627788731,50.077558030179475],[-97.87873300980608,50.07858249167127],[-97.87944382018553,50.07865231011854],[-97.9020095903646,50.08322120101512],[-97.92991580930382,50.08357170747986],[-97.94737052973679,50.07680136214453],[-97.94886900425813,50.060593795131915],[-97.95016511132299,50.04336638053247],[-97.94998114342486,50.041866776639644]]]},"properties":{"DAUID":"46100015","DGUID":"2021S051246100015","LANDAREA":158.1698,"PRUID":"46","CMA":"Winnipeg"}},
{"type":"Feature","geometry":{"type":"Polygon","coordinates":[[[-97.73235648309154,49.69475171282367],[-97.70351361473037,49.69478319038496],[-97.6865555044859,49.69476299566848],[-97.61831881438066,49.69476049686811],[-97.61832608208553,49.724326899980994],[-97.59558601132966,49.724296287827286],[-97.59559251718701,49.75388049405764],[-97.57324039075269,49.75387720228947],[-97.57278861613338,49.75413249480897],[-97.57845058465115,49.76086730797553],[-97.58051039629035,49.76355509578659],[-97.58284008918228,49.765094695456774],[-97.58289951926032,49.765914005866],[-97.5811824834383,49.76764699450845],[-97.58084689346747,49.76867731089498],[-97.59559650735633,49.76864121067744],[-97.59560040775584,49.798297205339125],[-97.61837608583225,49.798292191439145],[-97.63980631636758,49.798203894555165],[-97.64347309273622,49.79826489698171],[-97.66416599653118,49.79819950845036],[-97.67681250971611,49.79815568675931],[-97.69136120716777,49.79816800516633],[-97.69817438884667,49.798532589141395],[-97.7323330935517,49.79844360373841],[-97.73236468390206,49.75357798989788],[-97.73230841893437,49.72430830015115],[-97.73235648309154,49.69475171282367]]]},"properties":{"DAUID":"46100020","DGUID":"2021S051246100020","LANDAREA":109.5957,"PRUID":"46","CMA":"Winnipeg"}},
{"type":"Feature","geometry":{"type":"Polygon","coordinates":[[[-97.73240530203778,49.59151709309949],[-97.68641061762447,49.5915259040011],[-97.64106538883765,49.591560004212354],[-97.64104408867551,49.60626671266001],[-97.60268970004043,49.60626870856404],[-97.58201280439025,49.60619719149536],[-97.5571540178102,49.60618678671804],[-97.53351198254364,49.622359703241656],[-97.52271229857169,49.6296793110381],[-97.50449420098214,49.64214651082899],[-97.46255240166579,49.670696205209644],[-97.45905221009822,49.67225079472543],[-97.45909240806687,49.682820511155285],[-97.45900178501704,49.69752630010073],[-97.45901191459645,49.70948081197659],[-97.44975941163207,49.709501205234005],[-97.413502280642,49.709459897711],[-97.41343799207132,49.697810411840656],[-97.40270621769663,49.70663999473409],[-97.4009198031187,49.70782070238594],[-97.39079889538506,49.71314049951337],[-97.39073418024527,49.73901839574111],[-97.39075050538831,49.760759501506165],[-97.39080160836052,49.76844199393461],[-97.4135477168188,49.76850390422992],[-97.41351978716158,49.788922097775725],[-97.4136361981797,49.79811649985105],[-97.41363259607736,49.80561749395611],[-97.42853140813938,49.80571405259466],[-97.45384454720187,49.80564504457027],[-97.45880752009997,49.80564155631338],[-97.45906190016153,49.79814489810762],[-97.48192031387073,49.798167793144515],[-97.52776148533324,49.79823760967285],[-97.5723383060137,49.79830071088193],[-97.58112241367253,49.798237689565354],[-97.59560040775584,49.798297205339125],[-97.59559650735633,49.76864121067744],[-97.58084689346747,49.76867731089498],[-97.5811824834383,49.76764699450845],[-97.58289951926032,49.765914005866],[-97.58284008918228,49.765094695456774],[-97.58051039629035,49.76355509578659],[-97.57845058465115,49.76086730797553],[-97.57278861613338,49.75413249480897],[-97.57324039075269,49.75387720228947],[-97.59559251718701,49.75388049405764],[-97.59558601132966,49.724296287827286],[-97.61832608208553,49.724326899980994],[-97.61831881438066,49.69476049686811],[-97.6865555044859,49.69476299566848],[-97.70351361473037,49.69478319038496],[-97.73235648309154,49.69475171282367],[-97.73238359738434,49.6659862929388],[-97.73248839906114,49.664620206028694],[-97.73238871638883,49.658322710966566],[-97.73236730145214,49.64527980656757],[-97.73238739392696,49.621029491020316],[-97.73240530203778,49.59151709309949]]]},"properties":{"DAUID":"46100021","DGUID":"2021S051246100021","LANDAREA":341.1177,"PRUID":"46","CMA":"Winnipeg"}},
{"type":"Feature","geometry":{"type":"Polygon","coordinates":[[[-97.73065959654748,49.53240019314312],[-97.69859791841763,49.53234079121957],[-97.67847468996266,49.53236460669704],[-97.6651124181051,49.5322920923176],[-97.64079498877017,49.532557651649284],[-97.6173121800814,49.53262114015091],[-97.59482389899418,49.53221529512816],[-97.57248991844743,49.53222081011149],[-97.54974789299537,49.532469007670315],[-97.52706765585647,49.532487992302954],[-97.51606252378738,49.532168392915246],[-97.45903949375196,49.53215050199036],[-97.43863836552566,49.53221871232994],[-97.41408108811159,49.532154495532474],[-97.39047458525825,49.53213770327194],[-97.39028578359896,49.54423940606362],[-97.3903605929104,49.56467780316306],[-97.39035538302562,49.60603800206417],[-97.39028340021983,49.62075009842271],[-97.39053378576641,49.650206906431336],[-97.36186848354502,49.65024560893255],[-97.36199841412528,49.66535929157372],[-97.36231139718569,49.6667669888136],[-97.36781121881957,49.672214805316536],[-97.3680690162555,49.6727940921794],[-97.36804850015739,49.68375890818261],[-97.36829021067165,49.68523750881116],[-97.36803138467349,49.68716781227351],[-97.36799261851827,49.70943920283867],[-97.36808080834369,49.72419239222722],[-97.37161870506635,49.724197198260725],[-97.36094569247994,49.73664869967027],[-97.35866149674965,49.73894610038562],[-97.39073418024527,49.73901839574111],[-97.39079889538506,49.71314049951337],[-97.4009198031187,49.70782070238594],[-97.40270621769663,49.70663999473409],[-97.41343799207132,49.697810411840656],[-97.42309847887697,49.689828791535234],[-97.42421040560039,49.68845869766872],[-97.42926480298635,49.678758709334915],[-97.43154928498066,49.674966798733344],[-97.43357728962934,49.67353700992377],[-97.43614038554689,49.6727082112631],[-97.43782401526911,49.67250599466587],[-97.45675660876904,49.67252599666811],[-97.45905221009822,49.67225079472543],[-97.46255240166579,49.670696205209644],[-97.50449420098214,49.64214651082899],[-97.52271229857169,49.6296793110381],[-97.53351198254364,49.622359703241656],[-97.5571540178102,49.60618678671804],[-97.58201280439025,49.60619719149536],[-97.60268970004043,49.60626870856404],[-97.64104408867551,49.60626671266001],[-97.64106538883765,49.591560004212354],[-97.68641061762447,49.5915259040011],[-97.73240530203778,49.59151709309949],[-97.73222898603552,49.576428704506924],[-97.73214445635426,49.57414061854549],[-97.73243691134803,49.56199560066638],[-97.73245641420773,49.53239289853394],[-97.73065959654748,49.53240019314312]]]},"properties":{"DAUID":"46100022","DGUID":"2021S051246100022","LANDAREA":280.6707,"PRUID":"46","CMA":"Winnipeg"}},
{"type":"Feature","geometry":{"type":"Polygon","coordinates":[[[-97.45905221009822,49.67225079472543],[-97.45675660876904,49.67252599666811],[-97.43782401526911,49.67250599466587],[-97.43614038554689,49.6727082112631],[-97.43357728962934,49.67353700992377],[-97.43154928498066,49.674966798733344],[-97.42926480298635,49.678758709334915],[-97.42421040560039,49.68845869766872],[-97.42309847887697,49.689828791535234],[-97.41343799207132,49.697810411840656],[-97.413502280642,49.709459897711],[-97.44975941163207,49.709501205234005],[-97.45901191459645,49.70948081197659],[-97.45900178501704,49.69752630010073],[-97.45909240806687,49.682820511155285],[-97.45905221009822,49.67225079472543]]]},"properties":{"DAUID":"46100023","DGUID":"2021S051246100023","LANDAREA":11.0395,"PRUID":"46","CMA":"Winnipeg"}},
{"type":"Feature","geometry":{"type":"Polygon","coordinates":[[[-97.21995491223772,49.709237110332225],[-97.25427011602888,49.70928280101943],[-97.25435309809222,49.70077459178428],[-97.25419100759898,49.699107988011804],[-97.25416959172982,49.69351269661728],[-97.25364378700182,49.67993989957592],[-97.27352468940151,49.67988729622983],[-97.28413060468733,49.665283797631226],[-97.29932071899117,49.66524710029748],[-97.30038540883606,49.66492960313096],[-97.30306110074943,49.663296090360674],[-97.30875851707928,49.66164340476211],[-97.31391588103875,49.6595687035625],[-97.31560411516271,49.659233495102924],[-97.32236649444691,49.65922380212749],[-97.32221070244543,49.67664520220298],[-97.32235538776152,49.69459270222927],[-97.32244238059484,49.709381897755506],[-97.35756090504572,49.70946259088587],[-97.36799261851827,49.70943920283867],[-97.36803138467349,49.68716781227351],[-97.36829021067165,49.68523750881116],[-97.36804850015739,49.68375890818261],[-97.3680690162555,49.6727940921794],[-97.36781121881957,49.672214805316536],[-97.36231139718569,49.6667669888136],[-97.36199841412528,49.66535929157372],[-97.36186848354502,49.65024560893255],[-97.39053378576641,49.650206906431336],[-97.39028340021983,49.62075009842271],[-97.39035538302562,49.60603800206417],[-97.3903605929104,49.56467780316306],[-97.39028578359896,49.54423940606362],[-97.39047458525825,49.53213770327194],[-97.3234086897445,49.532034403629545],[-97.30696429746912,49.53194980492112],[-97.27850740161152,49.53195258948366],[-97.25414458028915,49.5318662982221],[-97.25403779477737,49.54688700160361],[-97.24793962221851,49.54673308150535],[-97.24784507481515,49.55379719558373],[-97.23696946578409,49.55386106240607],[-97.23686197434223,49.56140606491436],[-97.22557659002454,49.56142641946003],[-97.22565097526339,49.576390795571946],[-97.22385651476114,49.5762743876714],[-97.21395929592951,49.57455680997242],[-97.21365961578998,49.58314289932298],[-97.2128672048675,49.58362541289954],[-97.19691689136363,49.5835757998576],[-97.19662150259266,49.58370610390233],[-97.19655641109104,49.591099286667315],[-97.1914378175705,49.591064398744535],[-97.19095828124723,49.59130880233008],[-97.1909681172674,49.59777668772543],[-97.19056050384319,49.59831900602097],[-97.1854213927951,49.59844540233883],[-97.18538148859639,49.60585699188122],[-97.18011100532112,49.605870404725245],[-97.18062009972212,49.620624506480205],[-97.17142481066199,49.620767487077124],[-97.16976869363634,49.62062439705436],[-97.16263818372695,49.62061939104135],[-97.16265130590095,49.63536300606255],[-97.1626217034913,49.64939529231491],[-97.16300840251608,49.65016599651013],[-97.16828670040505,49.65016870979896],[-97.16824551412556,49.6649203912433],[-97.16311789430894,49.66492010964522],[-97.16263070265376,49.66571300682957],[-97.1626447896166,49.6796829032873],[-97.16274249970496,49.70804844211898],[-97.17263362525519,49.708158636644825],[-97.20412968886161,49.697155001055464],[-97.20853979554501,49.695640111991025],[-97.20878749757817,49.70738280176548],[-97.20896468909062,49.708977703355195],[-97.20982910538265,49.70923389217022],[-97.21995491223772,49.709237110332225]]]},"properties":{"DAUID":"46100024","DGUID":"2021S051246100024","LANDAREA":249.6697,"PRUID":"46","CMA":"Winnipeg"}},
{"type":"Feature","geometry":{"type":"Polygon","coordinates":[[[-97.25435309809222,49.70077459178428],[-97.25556030017133,49.70075680292022],[-97.25577530989668,49.699014909536196],[-97.25740040186145,49.69778009303865],[-97.25886208489749,49.69723541078243],[-97.26042039043712,49.69825730329335],[-97.26248941780045,49.6946812022514],[-97.26454540371545,49.69185159668135],[-97.26321490344822,49.69144489441243],[-97.26524241162014,49.68863278913663],[-97.26676291144801,49.68876349883745],[-97.27463709315288,49.691147896972446],[-97.27755009542025,49.69150610634506],[-97.2993438153045,49.6912075881245],[-97.29936730192348,49.694509200087516],[-97.32235538776152,49.69459270222927],[-97.32221070244543,49.67664520220298],[-97.32236649444691,49.65922380212749],[-97.31560411516271,49.659233495102924],[-97.31391588103875,49.6595687035625],[-97.30875851707928,49.66164340476211],[-97.30306110074943,49.663296090360674],[-97.30038540883606,49.66492960313096],[-97.29932071899117,49.66524710029748],[-97.28413060468733,49.665283797631226],[-97.27352468940151,49.67988729622983],[-97.25364378700182,49.67993989957592],[-97.25416959172982,49.69351269661728],[-97.25419100759898,49.699107988011804],[-97.25435309809222,49.70077459178428]]]},"properties":{"DAUID":"46100025","DGUID":"2021S051246100025","LANDAREA":12.8728,"PRUID":"46","CMA":"Winnipeg"}},
{"type":"Feature","geometry":{"type":"Polygon","coordinates":[[[-97.32235538776152,49.69459270222927],[-97.29936730192348,49.694509200087516],[-97.2993438153045,49.6912075881245],[-97.27755009542025,49.69150610634506],[-97.27463709315288,49.691147896972446],[-97.26676291144801,49.68876349883745],[-97.26524241162014,49.68863278913663],[-97.26321490344822,49.69144489441243],[-97.26454540371545,49.69185159668135],[-97.26248941780045,49.6946812022514],[-97.26042039043712,49.69825730329335],[-97.259678913416,49.69960440781283],[-97.25874761277139,49.70237889744516],[-97.25703049749521,49.70927941324568],[-97.29952990838554,49.70931758992453],[-97.32244238059484,49.709381897755506],[-97.32235538776152,49.69459270222927]]]},"properties":{"DAUID":"46100026","DGUID":"2021S051246100026","LANDAREA":8.4298,"PRUID":"46","CMA":"Winnipeg"}},
{"type":"Feature","geometry":{"type":"Polygon","coordinates":[[[-97.21987008887686,49.71363749141876],[-97.21962469824315,49.72395709036425],[-97.2193602096951,49.74066611126791],[-97.21938579905597,49.75285489283137],[-97.2191027882193,49.75338129305128],[-97.21436819066497,49.75338930201058],[-97.21374899443374,49.753613696009936],[-97.21371310822506,49.76819418650556],[-97.21374540759062,49.78138980749016],[-97.21385638928847,49.79730881073435],[-97.21415370073426,49.797622992597404],[-97.21936061765997,49.797667906531665],[-97.21945731308422,49.80049769037645],[-97.2194621081046,49.80193349789347],[-97.22009438152216,49.80276059999076],[-97.21947559312011,49.80384061082381],[-97.2194581037471,49.811135406342274],[-97.219389944336,49.81470617520601],[-97.22216478658814,49.81399411209447],[-97.23429280599,49.81448368730165],[-97.25362479006724,49.81460571262779],[-97.25391699740979,49.81228038753169],[-97.25507560080364,49.81253180185824],[-97.26597101319837,49.81260540709764],[-97.27653549096378,49.81260110571672],[-97.27672498029185,49.81078689212939],[-97.29960290686837,49.810828097939236],[-97.29955451918737,49.809037397696045],[-97.32663688207457,49.80905552328534],[-97.32743460717933,49.80910140574881],[-97.32934801833447,49.79066219351015],[-97.32906488795015,49.78879620697121],[-97.32811119549385,49.78703740117068],[-97.31851250040704,49.775357794032274],[-97.31925860996967,49.77507180843294],[-97.32236470434766,49.778840808618035],[-97.32240169901962,49.77777090566074],[-97.3249987831803,49.777781493784175],[-97.32470499341106,49.77663490838012],[-97.32239850952558,49.776655508921],[-97.32240158284257,49.773750096745054],[-97.32365617957646,49.772814794029195],[-97.35866149674965,49.73894610038562],[-97.36094569247994,49.73664869967027],[-97.37161870506635,49.724197198260725],[-97.36808080834369,49.72419239222722],[-97.36799261851827,49.70943920283867],[-97.35756090504572,49.70946259088587],[-97.32244238059484,49.709381897755506],[-97.29952990838554,49.70931758992453],[-97.25703049749521,49.70927941324568],[-97.25874761277139,49.70237889744516],[-97.259678913416,49.69960440781283],[-97.26042039043712,49.69825730329335],[-97.25886208489749,49.69723541078243],[-97.25740040186145,49.69778009303865],[-97.25577530989668,49.699014909536196],[-97.25556030017133,49.70075680292022],[-97.25435309809222,49.70077459178428],[-97.25427011602888,49.70928280101943],[-97.21995491223772,49.709237110332225],[-97.21987008887686,49.71363749141876]]]},"properties":{"DAUID":"46100027","DGUID":"2021S051246100027","LANDAREA":103.8336,"PRUID":"46","CMA":"Winnipeg"}},
{"type":"Feature","geometry":{"type":"Polygon","coordinates":[[[-97.39073418024527,49.73901839574111],[-97.35866149674965,49.73894610038562],[-97.32365617957646,49.772814794029195],[-97.32240158284257,49.773750096745054],[-97.32239850952558,49.776655508921],[-97.32470499341106,49.77663490838012],[-97.3249987831803,49.777781493784175],[-97.32240169901962,49.77777090566074],[-97.32236470434766,49.778840808618035],[-97.31925860996967,49.77507180843294],[-97.31851250040704,49.775357794032274],[-97.32811119549385,49.78703740117068],[-97.32906488795015,49.78879620697121],[-97.32934801833447,49.79066219351015],[-97.32743460717933,49.80910140574881],[-97.3340579172125,49.80907014752274],[-97.34912125489548,49.8091444910299],[-97.36763492223774,49.809189169091724],[-97.36832594726305,49.80738934065697],[-97.40305810253231,49.80750579191244],[-97.41324729046433,49.80746591019445],[-97.41363259607736,49.80561749395611],[-97.4136361981797,49.79811649985105],[-97.41351978716158,49.788922097775725],[-97.4135477168188,49.76850390422992],[-97.39080160836052,49.76844199393461],[-97.39075050538831,49.760759501506165],[-97.39073418024527,49.73901839574111]]]},"properties":{"DAUID":"46100028","DGUID":"2021S051246100028","LANDAREA":38.883,"PRUID":"46","CMA":"Winnipeg"}},
{"type":"Feature","geometry":{"type":"Polygon","coordinates":[[[-97.55657853204798,49.91613646107899],[-97.55501889056515,49.91308051878446],[-97.55533988144659,49.911963506085584],[-97.55689833725862,49.910937525004684],[-97.5571377414528,49.91006249780727],[-97.55654277681155,49.908042029264955],[-97.55531793178645,49.90693320225418],[-97.55324339277564,49.906041414226074],[-97.55109124757423,49.90563156801574],[-97.54928453777099,49.90598175059061],[-97.54682258987904,49.90762793195489],[-97.5439103129804,49.90776635501641],[-97.54106472671178,49.906463008496104],[-97.54013188776972,49.90506698751107],[-97.54049770312517,49.903505694683155],[-97.5467993153209,49.90080231252291],[-97.54958337098653,49.900214086932515],[-97.55019973389324,49.899739967310076],[-97.54957301487565,49.89823056886426],[-97.54782830325757,49.89754935667025],[-97.54506820173137,49.89762757656755],[-97.5429174028168,49.89824007004213],[-97.53804930089424,49.900410069939014],[-97.53523968754848,49.90062946239962],[-97.53169092662662,49.90052431230281],[-97.52970270100333,49.89984267601292],[-97.52854569675658,49.89862054200175],[-97.52860724605895,49.8977117080189],[-97.52988344055429,49.89626262823864],[-97.53579274085878,49.89529806117257],[-97.53679880402727,49.89452563872947],[-97.53671104131273,49.89320864825376],[-97.53506496646509,49.89188513634455],[-97.5303829817287,49.88967753739442],[-97.5280009039404,49.88967113818773],[-97.52661718918282,49.8902083492714],[-97.52282728592245,49.89292628004458],[-97.52137505255544,49.89373800175639],[-97.51964033675924,49.893847062917516],[-97.51835040710515,49.89316877380515],[-97.5164179851982,49.88975360369924],[-97.51568738563886,49.887276525799344],[-97.514851232094,49.88512613798194],[-97.51216085803911,49.884575921507874],[-97.51112134513669,49.8852914197341],[-97.50910540236984,49.884941330587694],[-97.50994753471305,49.88370445731474],[-97.5112057367433,49.883125830585904],[-97.51354293104906,49.88272704004336],[-97.51776977629171,49.882565187702085],[-97.51749313861083,49.88101508880121],[-97.5122127912885,49.879468119255804],[-97.51154793191802,49.878753860095046],[-97.51151552903508,49.87531869679622],[-97.51101315230468,49.874207300599565],[-97.50948875228435,49.873691115088334],[-97.50526397279145,49.874135161488454],[-97.50303759180267,49.874768654122285],[-97.5004967762788,49.87505686872072],[-97.49200046920365,49.87414088130888],[-97.49044168959068,49.87355908787583],[-97.48948953217246,49.87235274277743],[-97.48892957587832,49.8702465467056],[-97.48902547243742,49.86873912019796],[-97.49349006523619,49.86252477367769],[-97.49660529733862,49.861614017921816],[-97.497086978225,49.8600815292674],[-97.49577298673277,49.85923070227185],[-97.4927823895382,49.85874900607398],[-97.48900156454658,49.85938596321033],[-97.48688148526611,49.86125452904235],[-97.48613243117994,49.862658307483585],[-97.48554071955057,49.86489181160075],[-97.48572578618854,49.8694568161018],[-97.48527594684911,49.87145518065546],[-97.48369459290822,49.87323359894732],[-97.48210892637447,49.87383275563653],[-97.4799656287848,49.87403668458215],[-97.47785522378942,49.873791287793004],[-97.4730638778731,49.87188906613904],[-97.47148866630245,49.86980308381372],[-97.47136267491355,49.86865114077582],[-97.47194530050635,49.866238601951764],[-97.47117016115227,49.86494069967866],[-97.46967534636127,49.86413129151235],[-97.46631138191006,49.863916574569565],[-97.462323999934,49.86489639324702],[-97.46087611472647,49.86442988244339],[-97.46003956384286,49.86355886194205],[-97.46062758358669,49.86145480461752],[-97.46214244332522,49.86079906903488],[-97.46699872582654,49.86063742263814],[-97.47212994501365,49.8618355863392],[-97.47403949119442,49.86176717041454],[-97.47613304679896,49.86054699103257],[-97.47638915674932,49.85911400934882],[-97.47591603970251,49.85846730363243],[-97.47380350286535,49.85751027729967],[-97.47144154370605,49.857258846219516],[-97.4623417367873,49.85926259370857],[-97.45708085030238,49.86090580960539],[-97.45558643314409,49.862087708910195],[-97.45507665962356,49.86354990315647],[-97.45583946127331,49.864969236776986],[-97.4577721691623,49.86608490190554],[-97.45857123523791,49.86727043532958],[-97.45697153312355,49.86855673417382],[-97.4539175155827,49.86877129458393],[-97.45179809092309,49.86937995836599],[-97.44933763568174,49.87073799394822],[-97.44859008390817,49.87971170970057],[-97.44816622727426,49.88323946523779],[-97.44723859933963,49.896325396475724],[-97.44411542807707,49.923295335650344],[-97.45911320787494,49.923706406879354],[-97.47052475155024,49.923553534114106],[-97.47063450184608,49.92695565100815],[-97.47620457964766,49.92684020005007],[-97.47635218171051,49.930684337541834],[-97.48215075703479,49.930871871735455],[-97.4824128711388,49.93449645872089],[-97.48715528235866,49.934731443636814],[-97.48785921440134,49.941763968828646],[-97.49329409438452,49.94172593719792],[-97.49342358728201,49.945606783841704],[-97.4986040627985,49.945728495895274],[-97.49891471088361,49.94942944541256],[-97.50538114472874,49.94940551588392],[-97.50515011191023,49.953215159001026],[-97.51140242976905,49.95327530432028],[-97.51112023192682,49.95705249679062],[-97.51724563012317,49.95688750763638],[-97.51698511075203,49.960662305893635],[-97.51794530546333,49.95936138778486],[-97.53061281465146,49.93070370679171],[-97.53288566523281,49.93216929507285],[-97.53775571929576,49.922269153178156],[-97.53923397837045,49.92507402862288],[-97.54234857299043,49.926206144558094],[-97.54483137091987,49.92773494038151],[-97.54916601906815,49.92897023424776],[-97.55475961944526,49.91935104742318],[-97.55579009345196,49.91941154462062],[-97.55734633981818,49.91825516055395],[-97.55657853204798,49.91613646107899]]]},"properties":{"DAUID":"46100029","DGUID":"2021S051246100029","LANDAREA":46.9732,"PRUID":"46","CMA":"Winnipeg"}},
{"type":"Feature","geometry":{"type":"Polygon","coordinates":[[[-97.11342370329182,49.977961507641155],[-97.13859863734142,49.98919089968365],[-97.14113121608642,49.98938260328899],[-97.14105118229493,49.990370797321084],[-97.14939858607175,49.993867204133416],[-97.15504169588749,49.99382901004203],[-97.15518540440738,49.99038099723609],[-97.1609743991759,49.99037358986586],[-97.16105378445657,49.98755939427165],[-97.16102868444116,49.97541590101821],[-97.16099288111563,49.96427969137697],[-97.16110629591307,49.960206795823616],[-97.16091871734614,49.95781118906995],[-97.15304168121165,49.955248413263554],[-97.14740928609653,49.953431505237376],[-97.14429660026066,49.956960693766106],[-97.1390282113939,49.95534590645117],[-97.1392625006046,49.956341709518064],[-97.13789209828029,49.95809981065952],[-97.1420743024171,49.95947170108784],[-97.13551738298358,49.966787300672145],[-97.13415380136868,49.967790792086234],[-97.1314262789142,49.96877306667221],[-97.123847835731,49.965307792518615],[-97.1198298395902,49.969052923091745],[-97.11867315725958,49.97063821709672],[-97.11780231428885,49.972986505160826],[-97.11614121972232,49.97445261155993],[-97.11342370329182,49.977961507641155]]]},"properties":{"DAUID":"46110001","DGUID":"2021S051246110001","LANDAREA":9.3485,"PRUID":"46","CMA":"Winnipeg"}},
{"type":"Feature","geometry":{"type":"Polygon","coordinates":[[[-97.13789209828029,49.95809981065952],[-97.13122428592538,49.95595879416028],[-97.13213111371307,49.95467139101292],[-97.12223699290266,49.951497504382466],[-97.12320709791199,49.95020890122602],[-97.12227370294279,49.94991877953757],[-97.11759276909571,49.95282667020338],[-97.10312579566275,49.96179443089856],[-97.09714949648526,49.96549092359956],[-97.09222507812498,49.96854814054699],[-97.10893458612598,49.97615963265682],[-97.11342370329182,49.977961507641155],[-97.11614121972232,49.97445261155993],[-97.11780231428885,49.972986505160826],[-97.11867315725958,49.97063821709672],[-97.1198298395902,49.969052923091745],[-97.123847835731,49.965307792518615],[-97.1314262789142,49.96877306667221],[-97.13415380136868,49.967790792086234],[-97.13551738298358,49.966787300672145],[-97.1420743024171,49.95947170108784],[-97.13789209828029,49.95809981065952]]]},"properties":{"DAUID":"46110002","DGUID":"2021S051246110002","LANDAREA":4.9443,"PRUID":"46","CMA":"Winnipeg"}},
{"type":"Feature","geometry":{"type":"Polygon","coordinates":[[[-97.1390282113939,49.95534590645117],[-97.13574958422998,49.95427910337913],[-97.13288600908301,49.95334250177225],[-97.13213111371307,49.95467139101292],[-97.13122428592538,49.95595879416028],[-97.13789209828029,49.95809981065952],[-97.1392625006046,49.956341709518064],[-97.1390282113939,49.95534590645117]]]},"properties":{"DAUID":"46110003","DGUID":"2021S051246110003","LANDAREA":0.1639,"PRUID":"46","CMA":"Winnipeg"}},
{"type":"Feature","geometry":{"type":"Polygon","coordinates":[[[-97.14740928609653,49.953431505237376],[-97.14130881642069,49.95147189388739],[-97.13901110323937,49.95357588749621],[-97.13695238132725,49.95273330797442],[-97.13574958422998,49.95427910337913],[-97.1390282113939,49.95534590645117],[-97.14429660026066,49.956960693766106],[-97.14740928609653,49.953431505237376]]]},"properties":{"DAUID":"46110004","DGUID":"2021S051246110004","LANDAREA":0.2649,"PRUID":"46","CMA":"Winnipeg"}},
{"type":"Feature","geometry":{"type":"Polygon","coordinates":[[[-97.13574958422998,49.95427910337913],[-97.13695238132725,49.95273330797442],[-97.13901110323937,49.95357588749621],[-97.14130881642069,49.95147189388739],[-97.13569048627022,49.94967270633012],[-97.1352496053199,49.95025929128544],[-97.13288600908301,49.95334250177225],[-97.13574958422998,49.95427910337913]]]},"properties":{"DAUID":"46110005","DGUID":"2021S051246110005","LANDAREA":0.158,"PRUID":"46","CMA":"Winnipeg"}},
{"type":"Feature","geometry":{"type":"Polygon","coordinates":[[[-97.1352496053199,49.95025929128544],[-97.1306507165042,49.94878199325306],[-97.12908379697983,49.950366801178795],[-97.1282824160283,49.95184110289616],[-97.13288600908301,49.95334250177225],[-97.1352496053199,49.95025929128544]]]},"properties":{"DAUID":"46110006","DGUID":"2021S051246110006","LANDAREA":0.1438,"PRUID":"46","CMA":"Winnipeg"}},
{"type":"Feature","geometry":{"type":"Polygon","coordinates":[[[-97.13213111371307,49.95467139101292],[-97.13288600908301,49.95334250177225],[-97.1282824160283,49.95184110289616],[-97.12320709791199,49.95020890122602],[-97.12223699290266,49.951497504382466],[-97.13213111371307,49.95467139101292]]]},"properties":{"DAUID":"46110007","DGUID":"2021S051246110007","LANDAREA":0.1239,"PRUID":"46","CMA":"Winnipeg"}},
{"type":"Feature","geometry":{"type":"Polygon","coordinates":[[[-97.12320709791199,49.95020890122602],[-97.1282824160283,49.95184110289616],[-97.12908379697983,49.950366801178795],[-97.12798248163281,49.95000731037626],[-97.12910230230025,49.948811001666925],[-97.127451798263,49.948235694614624],[-97.12792750817678,49.94712546410881],[-97.1272159314586,49.946841505048674],[-97.12227370294279,49.94991877953757],[-97.12320709791199,49.95020890122602]]]},"properties":{"DAUID":"46110008","DGUID":"2021S051246110008","LANDAREA":0.1375,"PRUID":"46","CMA":"Winnipeg"}},
{"type":"Feature","geometry":{"type":"Polygon","coordinates":[[[-97.1306507165042,49.94878199325306],[-97.13122738776364,49.946848401254385],[-97.13028080545772,49.94573580613085],[-97.12792750817678,49.94712546410881],[-97.127451798263,49.948235694614624],[-97.12910230230025,49.948811001666925],[-97.12798248163281,49.95000731037626],[-97.12908379697983,49.950366801178795],[-97.1306507165042,49.94878199325306]]]},"properties":{"DAUID":"46110009","DGUID":"2021S051246110009","LANDAREA":0.0785,"PRUID":"46","CMA":"Winnipeg"}},
{"type":"Feature","geometry":{"type":"Polygon","coordinates":[[[-97.13569048627022,49.94967270633012],[-97.13696108901841,49.94781319124057],[-97.13733041239078,49.94655081065767],[-97.13083351032331,49.94442239488292],[-97.1272159314586,49.946841505048674],[-97.12792750817678,49.94712546410881],[-97.13028080545772,49.94573580613085],[-97.13122738776364,49.946848401254385],[-97.1306507165042,49.94878199325306],[-97.1352496053199,49.95025929128544],[-97.13569048627022,49.94967270633012]]]},"properties":{"DAUID":"46110010","DGUID":"2021S051246110010","LANDAREA":0.2113,"PRUID":"46","CMA":"Winnipeg"}},
{"type":"Feature","geometry":{"type":"Polygon","coordinates":[[[-97.13083351032331,49.94442239488292],[-97.12586511771006,49.94278608874081],[-97.12365108483665,49.94560169086448],[-97.1272159314586,49.946841505048674],[-97.13083351032331,49.94442239488292]]]},"properties":{"DAUID":"46110011","DGUID":"2021S051246110011","LANDAREA":0.1245,"PRUID":"46","CMA":"Winnipeg"}},
{"type":"Feature","geometry":{"type":"Polygon","coordinates":[[[-97.13083351032331,49.94442239488292],[-97.1354522233211,49.941754473732324],[-97.13340149381601,49.941090695771244],[-97.13288828296977,49.941747996487216],[-97.13040991926873,49.94096150572208],[-97.12932409690049,49.94236520392261],[-97.12429968599737,49.940745890871426],[-97.12178081301563,49.93993159133995],[-97.1208125158262,49.94117519531506],[-97.12334541789859,49.94198970743596],[-97.12586511771006,49.94278608874081],[-97.13083351032331,49.94442239488292]]]},"properties":{"DAUID":"46110012","DGUID":"2021S051246110012","LANDAREA":0.1968,"PRUID":"46","CMA":"Winnipeg"}},
{"type":"Feature","geometry":{"type":"Polygon","coordinates":[[[-97.12586511771006,49.94278608874081],[-97.12334541789859,49.94198970743596],[-97.1217617122977,49.94400599511115],[-97.12114548425211,49.944796491924876],[-97.12365108483665,49.94560169086448],[-97.12586511771006,49.94278608874081]]]},"properties":{"DAUID":"46110013","DGUID":"2021S051246110013","LANDAREA":0.0706,"PRUID":"46","CMA":"Winnipeg"}},
{"type":"Feature","geometry":{"type":"Polygon","coordinates":[[[-97.1208125158262,49.94117519531506],[-97.11536048734926,49.93944959585465],[-97.11441859095979,49.94072950689419],[-97.11846630736211,49.9420095880423],[-97.1203409118696,49.941833094014044],[-97.11979319361575,49.94337140109952],[-97.1217617122977,49.94400599511115],[-97.12334541789859,49.94198970743596],[-97.1208125158262,49.94117519531506]]]},"properties":{"DAUID":"46110014","DGUID":"2021S051246110014","LANDAREA":0.1084,"PRUID":"46","CMA":"Winnipeg"}},
{"type":"Feature","geometry":{"type":"Polygon","coordinates":[[[-97.1217617122977,49.94400599511115],[-97.11979319361575,49.94337140109952],[-97.1203409118696,49.941833094014044],[-97.11846630736211,49.9420095880423],[-97.11441859095979,49.94072950689419],[-97.11328558983702,49.9422583047792],[-97.11616279973052,49.943177496794185],[-97.11507589979969,49.94459910642947],[-97.12007371889182,49.94619139234082],[-97.12114548425211,49.944796491924876],[-97.1217617122977,49.94400599511115]]]},"properties":{"DAUID":"46110015","DGUID":"2021S051246110015","LANDAREA":0.1777,"PRUID":"46","CMA":"Winnipeg"}},
{"type":"Feature","geometry":{"type":"Polygon","coordinates":[[[-97.11328558983702,49.9422583047792],[-97.11222511231625,49.94371620420309],[-97.11001469787958,49.94677441220303],[-97.11520931526603,49.94844439085083],[-97.11570621521722,49.947783400909096],[-97.11821210086616,49.948595693632356],[-97.12007371889182,49.94619139234082],[-97.11507589979969,49.94459910642947],[-97.11616279973052,49.943177496794185],[-97.11328558983702,49.9422583047792]]]},"properties":{"DAUID":"46110016","DGUID":"2021S051246110016","LANDAREA":0.2602,"PRUID":"46","CMA":"Winnipeg"}},
{"type":"Feature","geometry":{"type":"Polygon","coordinates":[[[-97.11536048734926,49.93944959585465],[-97.11569881188258,49.938996308021885],[-97.11201241002689,49.93774899340964],[-97.11030270097594,49.93870160429281],[-97.10973609013841,49.939645904139155],[-97.11137358992383,49.94018529295675],[-97.1092368956337,49.94278600302118],[-97.11222511231625,49.94371620420309],[-97.11328558983702,49.9422583047792],[-97.11441859095979,49.94072950689419],[-97.11536048734926,49.93944959585465]]]},"properties":{"DAUID":"46110017","DGUID":"2021S051246110017","LANDAREA":0.1633,"PRUID":"46","CMA":"Winnipeg"}},
{"type":"Feature","geometry":{"type":"Polygon","coordinates":[[[-97.12178081301563,49.93993159133995],[-97.1228655938938,49.93855490370261],[-97.12034691371082,49.9377404945484],[-97.12143490170409,49.93628301006447],[-97.11864119721177,49.93537419330311],[-97.11569881188258,49.938996308021885],[-97.11536048734926,49.93944959585465],[-97.1208125158262,49.94117519531506],[-97.12178081301563,49.93993159133995]]]},"properties":{"DAUID":"46110018","DGUID":"2021S051246110018","LANDAREA":0.1855,"PRUID":"46","CMA":"Winnipeg"}},
{"type":"Feature","geometry":{"type":"Polygon","coordinates":[[[-97.11569881188258,49.938996308021885],[-97.11864119721177,49.93537419330311],[-97.11909361251774,49.93485080930791],[-97.11357729647116,49.93300719258434],[-97.11358589338495,49.9356428042181],[-97.11201241002689,49.93774899340964],[-97.11569881188258,49.938996308021885]]]},"properties":{"DAUID":"46110019","DGUID":"2021S051246110019","LANDAREA":0.1779,"PRUID":"46","CMA":"Winnipeg"}},
{"type":"Feature","geometry":{"type":"Polygon","coordinates":[[[-97.11201241002689,49.93774899340964],[-97.11358589338495,49.9356428042181],[-97.11357729647116,49.93300719258434],[-97.11299228279114,49.930146194971776],[-97.11559300013685,49.93098910382415],[-97.1167308833176,49.929325505034974],[-97.11220519055516,49.9278216948204],[-97.10989182872245,49.92714002707541],[-97.11016767607207,49.92923674373003],[-97.11122841590665,49.93195480259879],[-97.11146615354379,49.93344734722926],[-97.11087596032215,49.93580114092728],[-97.1096199526895,49.93718164876566],[-97.10636185275463,49.93870257846557],[-97.10104361482462,49.93991374116664],[-97.10352509806651,49.94093871055648],[-97.1092368956337,49.94278600302118],[-97.11137358992383,49.94018529295675],[-97.10973609013841,49.939645904139155],[-97.11030270097594,49.93870160429281],[-97.11201241002689,49.93774899340964]]]},"properties":{"DAUID":"46110020","DGUID":"2021S051246110020","LANDAREA":0.306,"PRUID":"46","CMA":"Winnipeg"}},
{"type":"Feature","geometry":{"type":"Polygon","coordinates":[[[-97.11909361251774,49.93485080930791],[-97.12107930449959,49.932526306104066],[-97.12193279662243,49.93100200996952],[-97.1167308833176,49.929325505034974],[-97.11559300013685,49.93098910382415],[-97.11299228279114,49.930146194971776],[-97.11357729647116,49.93300719258434],[-97.11909361251774,49.93485080930791]]]},"properties":{"DAUID":"46110021","DGUID":"2021S051246110021","LANDAREA":0.23,"PRUID":"46","CMA":"Winnipeg"}},
{"type":"Feature","geometry":{"type":"Polygon","coordinates":[[[-97.12143490170409,49.93628301006447],[-97.12266588882397,49.93472878919157],[-97.12493909703267,49.931815194924],[-97.12193279662243,49.93100200996952],[-97.12107930449959,49.932526306104066],[-97.11909361251774,49.93485080930791],[-97.11864119721177,49.93537419330311],[-97.12143490170409,49.93628301006447]]]},"properties":{"DAUID":"46110022","DGUID":"2021S051246110022","LANDAREA":0.1218,"PRUID":"46","CMA":"Winnipeg"}},
{"type":"Feature","geometry":{"type":"Polygon","coordinates":[[[-97.12266588882397,49.93472878919157],[-97.1277037176817,49.93634839953374],[-97.129935114406,49.93342510153209],[-97.12751299917356,49.93263940762756],[-97.12493909703267,49.931815194924],[-97.12266588882397,49.93472878919157]]]},"properties":{"DAUID":"46110023","DGUID":"2021S051246110023","LANDAREA":0.1464,"PRUID":"46","CMA":"Winnipeg"}},
{"type":"Feature","geometry":{"type":"Polygon","coordinates":[[[-97.12429968599737,49.940745890871426],[-97.12648561069071,49.93792979149914],[-97.1277037176817,49.93634839953374],[-97.12266588882397,49.93472878919157],[-97.12143490170409,49.93628301006447],[-97.12034691371082,49.9377404945484],[-97.1228655938938,49.93855490370261],[-97.12178081301563,49.93993159133995],[-97.12429968599737,49.940745890871426]]]},"properties":{"DAUID":"46110024","DGUID":"2021S051246110024","LANDAREA":0.1864,"PRUID":"46","CMA":"Winnipeg"}},
{"type":"Feature","geometry":{"type":"Polygon","coordinates":[[[-97.1277037176817,49.93634839953374],[-97.12648561069071,49.93792979149914],[-97.12900479809231,49.93873510024283],[-97.13023679570516,49.937153804647],[-97.13274211471342,49.93795880239389],[-97.1343849882556,49.93583539215028],[-97.13498689038695,49.93504460113228],[-97.129935114406,49.93342510153209],[-97.1277037176817,49.93634839953374]]]},"properties":{"DAUID":"46110025","DGUID":"2021S051246110025","LANDAREA":0.186,"PRUID":"46","CMA":"Winnipeg"}},
{"type":"Feature","geometry":{"type":"Polygon","coordinates":[[[-97.13040991926873,49.94096150572208],[-97.13152448422122,49.93953129786945],[-97.12900479809231,49.93873510024283],[-97.12648561069071,49.93792979149914],[-97.12429968599737,49.940745890871426],[-97.12932409690049,49.94236520392261],[-97.13040991926873,49.94096150572208]]]},"properties":{"DAUID":"46110026","DGUID":"2021S051246110026","LANDAREA":0.1416,"PRUID":"46","CMA":"Winnipeg"}},
{"type":"Feature","geometry":{"type":"Polygon","coordinates":[[[-97.1354522233211,49.941754473732324],[-97.1385703470889,49.93982232199608],[-97.13274211471342,49.93795880239389],[-97.13023679570516,49.937153804647],[-97.12900479809231,49.93873510024283],[-97.13152448422122,49.93953129786945],[-97.13040991926873,49.94096150572208],[-97.13288828296977,49.941747996487216],[-97.13340149381601,49.941090695771244],[-97.1354522233211,49.941754473732324]]]},"properties":{"DAUID":"46110027","DGUID":"2021S051246110027","LANDAREA":0.1766,"PRUID":"46","CMA":"Winnipeg"}},
{"type":"Feature","geometry":{"type":"Polygon","coordinates":[[[-97.13274211471342,49.93795880239389],[-97.1385703470889,49.93982232199608],[-97.14333798889795,49.93686584119473],[-97.14062700315826,49.9358727063499],[-97.1394092953287,49.93745431318059],[-97.1343849882556,49.93583539215028],[-97.13274211471342,49.93795880239389]]]},"properties":{"DAUID":"46110028","DGUID":"2021S051246110028","LANDAREA":0.1728,"PRUID":"46","CMA":"Winnipeg"}},
{"type":"Feature","geometry":{"type":"Polygon","coordinates":[[[-97.1343849882556,49.93583539215028],[-97.1394092953287,49.93745431318059],[-97.14062700315826,49.9358727063499],[-97.14333798889795,49.93686584119473],[-97.14510989428132,49.93576680318702],[-97.14409959542446,49.93544260238476],[-97.13907568138814,49.93381499004424],[-97.13652799899678,49.93302749693673],[-97.13498689038695,49.93504460113228],[-97.1343849882556,49.93583539215028]]]},"properties":{"DAUID":"46110029","DGUID":"2021S051246110029","LANDAREA":0.1813,"PRUID":"46","CMA":"Winnipeg"}},
{"type":"Feature","geometry":{"type":"Polygon","coordinates":[[[-97.1385703470889,49.93982232199608],[-97.14279308117217,49.94115149546508],[-97.14383498544149,49.939791994114],[-97.1465775877665,49.93623790686052],[-97.14510989428132,49.93576680318702],[-97.14333798889795,49.93686584119473],[-97.1385703470889,49.93982232199608]]]},"properties":{"DAUID":"46110030","DGUID":"2021S051246110030","LANDAREA":0.1389,"PRUID":"46","CMA":"Winnipeg"}},
{"type":"Feature","geometry":{"type":"Polygon","coordinates":[[[-97.1354522233211,49.941754473732324],[-97.1409038844449,49.943522902533246],[-97.14142889361553,49.942919705029745],[-97.14279308117217,49.94115149546508],[-97.1385703470889,49.93982232199608],[-97.1354522233211,49.941754473732324]]]},"properties":{"DAUID":"46110031","DGUID":"2021S051246110031","LANDAREA":0.1143,"PRUID":"46","CMA":"Winnipeg"}},
{"type":"Feature","geometry":{"type":"Polygon","coordinates":[[[-97.14279308117217,49.94115149546508],[-97.14142889361553,49.942919705029745],[-97.14422341697389,49.94382791029821],[-97.14593959372088,49.94487180494485],[-97.14708002147536,49.943486810671274],[-97.15021978247599,49.94448139365892],[-97.15075051793158,49.94372528653311],[-97.14788620098108,49.94281609280108],[-97.15072181022771,49.93938028935971],[-97.14955198556932,49.93899279424651],[-97.1478006108877,49.94105169888073],[-97.14383498544149,49.939791994114],[-97.14279308117217,49.94115149546508]]]},"properties":{"DAUID":"46110032","DGUID":"2021S051246110032","LANDAREA":0.2061,"PRUID":"46","CMA":"Winnipeg"}},
{"type":"Feature","geometry":{"type":"Polygon","coordinates":[[[-97.1409038844449,49.943522902533246],[-97.13857929161242,49.94488881163674],[-97.13733041239078,49.94655081065767],[-97.14154228626646,49.947940699807916],[-97.14186429707874,49.94754099454245],[-97.14335349979562,49.946152697960294],[-97.14472290858345,49.94642648848183],[-97.14658671651813,49.945079988328466],[-97.14593959372088,49.94487180494485],[-97.14422341697389,49.94382791029821],[-97.14142889361553,49.942919705029745],[-97.1409038844449,49.943522902533246]]]},"properties":{"DAUID":"46110033","DGUID":"2021S051246110033","LANDAREA":0.1922,"PRUID":"46","CMA":"Winnipeg"}},
{"type":"Feature","geometry":{"type":"Polygon","coordinates":[[[-97.13733041239078,49.94655081065767],[-97.13857929161242,49.94488881163674],[-97.1409038844449,49.943522902533246],[-97.1354522233211,49.941754473732324],[-97.13083351032331,49.94442239488292],[-97.13733041239078,49.94655081065767]]]},"properties":{"DAUID":"46110034","DGUID":"2021S051246110034","LANDAREA":0.1872,"PRUID":"46","CMA":"Winnipeg"}},
{"type":"Feature","geometry":{"type":"Polygon","coordinates":[[[-97.14186429707874,49.94754099454245],[-97.14847331773694,49.94967960848811],[-97.14952769699302,49.948356200476],[-97.14845420487613,49.9479973021238],[-97.14993349265943,49.9461318983269],[-97.14658671651813,49.945079988328466],[-97.14472290858345,49.94642648848183],[-97.14335349979562,49.946152697960294],[-97.14186429707874,49.94754099454245]]]},"properties":{"DAUID":"46110035","DGUID":"2021S051246110035","LANDAREA":0.1559,"PRUID":"46","CMA":"Winnipeg"}},
{"type":"Feature","geometry":{"type":"Polygon","coordinates":[[[-97.14740928609653,49.953431505237376],[-97.15230598490409,49.94787880345517],[-97.15037740899356,49.94728140621617],[-97.14993349265943,49.9461318983269],[-97.14845420487613,49.9479973021238],[-97.14952769699302,49.948356200476],[-97.14847331773694,49.94967960848811],[-97.14186429707874,49.94754099454245],[-97.14154228626646,49.947940699807916],[-97.13733041239078,49.94655081065767],[-97.13696108901841,49.94781319124057],[-97.13569048627022,49.94967270633012],[-97.14130881642069,49.95147189388739],[-97.14740928609653,49.953431505237376]]]},"properties":{"DAUID":"46110036","DGUID":"2021S051246110036","LANDAREA":0.4444,"PRUID":"46","CMA":"Winnipeg"}},
{"type":"Feature","geometry":{"type":"Polygon","coordinates":[[[-97.14593959372088,49.94487180494485],[-97.14658671651813,49.945079988328466],[-97.14993349265943,49.9461318983269],[-97.15037740899356,49.94728140621617],[-97.15230598490409,49.94787880345517],[-97.15277249448921,49.94734650142003],[-97.15475429866643,49.94509340059631],[-97.1554103963954,49.94433921294899],[-97.15273790970042,49.94351409619619],[-97.15075051793158,49.94372528653311],[-97.15021978247599,49.94448139365892],[-97.14708002147536,49.943486810671274],[-97.14593959372088,49.94487180494485]]]},"properties":{"DAUID":"46110037","DGUID":"2021S051246110037","LANDAREA":0.1622,"PRUID":"46","CMA":"Winnipeg"}},
{"type":"Feature","geometry":{"type":"Polygon","coordinates":[[[-97.15277249448921,49.94734650142003],[-97.15758900734068,49.94897931040578],[-97.15933630987385,49.94665939795567],[-97.15475429866643,49.94509340059631],[-97.15277249448921,49.94734650142003]]]},"properties":{"DAUID":"46110038","DGUID":"2021S051246110038","LANDAREA":0.1081,"PRUID":"46","CMA":"Winnipeg"}},
{"type":"Feature","geometry":{"type":"Polygon","coordinates":[[[-97.15475429866643,49.94509340059631],[-97.15933630987385,49.94665939795567],[-97.16083760345805,49.94713290035666],[-97.1617879008116,49.94743580189931],[-97.1623209084128,49.94661670972148],[-97.16407731648214,49.94624880873968],[-97.1659093942438,49.94388509568382],[-97.16452559345738,49.94362039350512],[-97.1618634007809,49.94325441128524],[-97.16038200567205,49.94225939830832],[-97.15795930346071,49.94146539877437],[-97.1554103963954,49.94433921294899],[-97.15475429866643,49.94509340059631]]]},"properties":{"DAUID":"46110039","DGUID":"2021S051246110039","LANDAREA":0.269,"PRUID":"46","CMA":"Winnipeg"}},
{"type":"Feature","geometry":{"type":"Polygon","coordinates":[[[-97.16452559345738,49.94362039350512],[-97.16540988662766,49.942357112752724],[-97.16123011997864,49.94122960781388],[-97.15903801553071,49.940223186111545],[-97.15795930346071,49.94146539877437],[-97.16038200567205,49.94225939830832],[-97.1618634007809,49.94325441128524],[-97.16452559345738,49.94362039350512]]]},"properties":{"DAUID":"46110040","DGUID":"2021S051246110040","LANDAREA":0.0855,"PRUID":"46","CMA":"Winnipeg"}},
{"type":"Feature","geometry":{"type":"Polygon","coordinates":[[[-97.16540988662766,49.942357112752724],[-97.16746478430612,49.93962809947921],[-97.1676413086093,49.93828169178486],[-97.16878768603937,49.93671668783417],[-97.16356851225976,49.93506899446922],[-97.16101929116749,49.93797000674557],[-97.15903801553071,49.940223186111545],[-97.16123011997864,49.94122960781388],[-97.16540988662766,49.942357112752724]]]},"properties":{"DAUID":"46110041","DGUID":"2021S051246110041","LANDAREA":0.3196,"PRUID":"46","CMA":"Winnipeg"}},
{"type":"Feature","geometry":{"type":"Polygon","coordinates":[[[-97.16101929116749,49.93797000674557],[-97.157257887367,49.93674320686422],[-97.15895770940827,49.93648009407145],[-97.15951431790941,49.93576929664226],[-97.15658212056138,49.934823209953336],[-97.15448981259313,49.93414230992494],[-97.15391819369202,49.93487979769978],[-97.1518504059763,49.937932096144195],[-97.15553991391444,49.93912419616231],[-97.15903801553071,49.940223186111545],[-97.16101929116749,49.93797000674557]]]},"properties":{"DAUID":"46110042","DGUID":"2021S051246110042","LANDAREA":0.2342,"PRUID":"46","CMA":"Winnipeg"}},
{"type":"Feature","geometry":{"type":"Polygon","coordinates":[[[-97.16356851225976,49.93506899446922],[-97.1643276085606,49.93416359853139],[-97.15859149322739,49.93219270061098],[-97.15658212056138,49.934823209953336],[-97.15951431790941,49.93576929664226],[-97.15895770940827,49.93648009407145],[-97.157257887367,49.93674320686422],[-97.16101929116749,49.93797000674557],[-97.16356851225976,49.93506899446922]]]},"properties":{"DAUID":"46110043","DGUID":"2021S051246110043","LANDAREA":0.193,"PRUID":"46","CMA":"Winnipeg"}},
{"type":"Feature","geometry":{"type":"Polygon","coordinates":[[[-97.15658212056138,49.934823209953336],[-97.15859149322739,49.93219270061098],[-97.15432380909297,49.93082948869124],[-97.1535197101063,49.93181519760904],[-97.15143191613147,49.93211470068196],[-97.15009759765579,49.93166170762307],[-97.14934771606863,49.93341268875168],[-97.15391819369202,49.93487979769978],[-97.15448981259313,49.93414230992494],[-97.15658212056138,49.934823209953336]]]},"properties":{"DAUID":"46110044","DGUID":"2021S051246110044","LANDAREA":0.1826,"PRUID":"46","CMA":"Winnipeg"}},
{"type":"Feature","geometry":{"type":"Polygon","coordinates":[[[-97.15859149322739,49.93219270061098],[-97.16057059525122,49.92962450066957],[-97.1584780855696,49.928952695063074],[-97.15522980779396,49.9279026022747],[-97.15323631369465,49.93047940693422],[-97.15432380909297,49.93082948869124],[-97.15859149322739,49.93219270061098]]]},"properties":{"DAUID":"46110045","DGUID":"2021S051246110045","LANDAREA":0.1366,"PRUID":"46","CMA":"Winnipeg"}},
{"type":"Feature","geometry":{"type":"Polygon","coordinates":[[[-97.15522980779396,49.9279026022747],[-97.1534679845059,49.92733489941585],[-97.15097711065441,49.926521598723895],[-97.14898309374531,49.92910729798088],[-97.15323631369465,49.93047940693422],[-97.15522980779396,49.9279026022747]]]},"properties":{"DAUID":"46110046","DGUID":"2021S051246110046","LANDAREA":0.1097,"PRUID":"46","CMA":"Winnipeg"}},
{"type":"Feature","geometry":{"type":"Polygon","coordinates":[[[-97.1584780855696,49.928952695063074],[-97.15993850137792,49.92829219239937],[-97.16095039240173,49.92696799885449],[-97.16156630651943,49.92615931221165],[-97.15827700619124,49.925090595569884],[-97.15713471193737,49.92654768803282],[-97.15467131195904,49.92574389277432],[-97.1534679845059,49.92733489941585],[-97.15522980779396,49.9279026022747],[-97.1584780855696,49.928952695063074]]]},"properties":{"DAUID":"46110047","DGUID":"2021S051246110047","LANDAREA":0.1323,"PRUID":"46","CMA":"Winnipeg"}},
{"type":"Feature","geometry":{"type":"Polygon","coordinates":[[[-97.15827700619124,49.925090595569884],[-97.15931601656526,49.92378488948516],[-97.15681090892745,49.92298051083798],[-97.15467131195904,49.92574389277432],[-97.15713471193737,49.92654768803282],[-97.15827700619124,49.925090595569884]]]},"properties":{"DAUID":"46110048","DGUID":"2021S051246110048","LANDAREA":0.0686,"PRUID":"46","CMA":"Winnipeg"}},
{"type":"Feature","geometry":{"type":"Polygon","coordinates":[[[-97.1534679845059,49.92733489941585],[-97.15467131195904,49.92574389277432],[-97.15681090892745,49.92298051083798],[-97.15432059452984,49.92215831201845],[-97.152678984059,49.92428199591605],[-97.15097711065441,49.926521598723895],[-97.1534679845059,49.92733489941585]]]},"properties":{"DAUID":"46110049","DGUID":"2021S051246110049","LANDAREA":0.1089,"PRUID":"46","CMA":"Winnipeg"}},
{"type":"Feature","geometry":{"type":"Polygon","coordinates":[[[-97.15931601656526,49.92378488948516],[-97.16091478726182,49.92167838913664],[-97.15843841141928,49.92085660769462],[-97.15896631590743,49.92016339777914],[-97.15647540045866,49.91935920001724],[-97.15432059452984,49.92215831201845],[-97.15681090892745,49.92298051083798],[-97.15931601656526,49.92378488948516]]]},"properties":{"DAUID":"46110050","DGUID":"2021S051246110050","LANDAREA":0.1224,"PRUID":"46","CMA":"Winnipeg"}},
{"type":"Feature","geometry":{"type":"Polygon","coordinates":[[[-97.15647540045866,49.91935920001724],[-97.15776601605606,49.91766170068782],[-97.15523450213848,49.91682990224803],[-97.15230159929332,49.92066900407126],[-97.1517889130016,49.92132640982796],[-97.15432059452984,49.92215831201845],[-97.15647540045866,49.91935920001724]]]},"properties":{"DAUID":"46110051","DGUID":"2021S051246110051","LANDAREA":0.1138,"PRUID":"46","CMA":"Winnipeg"}},
{"type":"Feature","geometry":{"type":"Polygon","coordinates":[[[-97.15523450213848,49.91682990224803],[-97.15275812074624,49.916016911841496],[-97.15145269489535,49.917732091696394],[-97.15089679318726,49.9184247897948],[-97.14979718826581,49.91985551228862],[-97.15230159929332,49.92066900407126],[-97.15523450213848,49.91682990224803]]]},"properties":{"DAUID":"46110052","DGUID":"2021S051246110052","LANDAREA":0.0954,"PRUID":"46","CMA":"Winnipeg"}},
{"type":"Feature","geometry":{"type":"Polygon","coordinates":[[[-97.15523450213848,49.91682990224803],[-97.1559821851205,49.91585229303445],[-97.15101528379402,49.91423510980754],[-97.14893410049415,49.91692730023109],[-97.15145269489535,49.917732091696394],[-97.15275812074624,49.916016911841496],[-97.15523450213848,49.91682990224803]]]},"properties":{"DAUID":"46110053","DGUID":"2021S051246110053","LANDAREA":0.0915,"PRUID":"46","CMA":"Winnipeg"}},
{"type":"Feature","geometry":{"type":"Polygon","coordinates":[[[-97.15145269489535,49.917732091696394],[-97.14893410049415,49.91692730023109],[-97.15101528379402,49.91423510980754],[-97.14849658943356,49.91343930957155],[-97.14698650045499,49.915403110881215],[-97.1458869098572,49.91683369328382],[-97.15089679318726,49.9184247897948],[-97.15145269489535,49.917732091696394]]]},"properties":{"DAUID":"46110054","DGUID":"2021S051246110054","LANDAREA":0.1022,"PRUID":"46","CMA":"Winnipeg"}},
{"type":"Feature","geometry":{"type":"Polygon","coordinates":[[[-97.15776601605606,49.91766170068782],[-97.1607433499587,49.913707554335325],[-97.15081915767367,49.9105397981104],[-97.14497759907434,49.908681982343886],[-97.14256110638074,49.91275069608454],[-97.14186468630487,49.91383690512582],[-97.14698650045499,49.915403110881215],[-97.14849658943356,49.91343930957155],[-97.15101528379402,49.91423510980754],[-97.1559821851205,49.91585229303445],[-97.15523450213848,49.91682990224803],[-97.15776601605606,49.91766170068782]]]},"properties":{"DAUID":"46110055","DGUID":"2021S051246110055","LANDAREA":0.5813,"PRUID":"46","CMA":"Winnipeg"}},
{"type":"Feature","geometry":{"type":"Polygon","coordinates":[[[-97.14698650045499,49.915403110881215],[-97.14186468630487,49.91383690512582],[-97.13975000041638,49.91666340491508],[-97.14229620675566,49.91746880006862],[-97.14338168524269,49.91604701225314],[-97.1458869098572,49.91683369328382],[-97.14698650045499,49.915403110881215]]]},"properties":{"DAUID":"46110056","DGUID":"2021S051246110056","LANDAREA":0.1072,"PRUID":"46","CMA":"Winnipeg"}},
{"type":"Feature","geometry":{"type":"Polygon","coordinates":[[[-97.15230159929332,49.92066900407126],[-97.14979718826581,49.91985551228862],[-97.14478680279854,49.91827329537471],[-97.1458869098572,49.91683369328382],[-97.14338168524269,49.91604701225314],[-97.14229620675566,49.91746880006862],[-97.13975000041638,49.91666340491508],[-97.1392517868422,49.91730300990936],[-97.14179729456707,49.918126409411876],[-97.14426038913058,49.918921508142866],[-97.14677899768819,49.91972629626853],[-97.1517889130016,49.92132640982796],[-97.15230159929332,49.92066900407126]]]},"properties":{"DAUID":"46110057","DGUID":"2021S051246110057","LANDAREA":0.1181,"PRUID":"46","CMA":"Winnipeg"}},
{"type":"Feature","geometry":{"type":"Polygon","coordinates":[[[-97.15089679318726,49.9184247897948],[-97.1458869098572,49.91683369328382],[-97.14478680279854,49.91827329537471],[-97.14979718826581,49.91985551228862],[-97.15089679318726,49.9184247897948]]]},"properties":{"DAUID":"46110058","DGUID":"2021S051246110058","LANDAREA":0.0711,"PRUID":"46","CMA":"Winnipeg"}},
{"type":"Feature","geometry":{"type":"Polygon","coordinates":[[[-97.14426038913058,49.918921508142866],[-97.14162128574166,49.92234229490639],[-97.14088840394926,49.92328400193482],[-97.14340681355839,49.92409791138514],[-97.14466709690487,49.922481008380096],[-97.1457672810906,49.92104138860099],[-97.14677899768819,49.91972629626853],[-97.14426038913058,49.918921508142866]]]},"properties":{"DAUID":"46110059","DGUID":"2021S051246110059","LANDAREA":0.1095,"PRUID":"46","CMA":"Winnipeg"}},
{"type":"Feature","geometry":{"type":"Polygon","coordinates":[[[-97.14179729456707,49.918126409411876],[-97.1396574077749,49.92088059900119],[-97.13914448326223,49.9215379929395],[-97.14162128574166,49.92234229490639],[-97.14426038913058,49.918921508142866],[-97.14179729456707,49.918126409411876]]]},"properties":{"DAUID":"46110060","DGUID":"2021S051246110060","LANDAREA":0.0847,"PRUID":"46","CMA":"Winnipeg"}},
{"type":"Feature","geometry":{"type":"Polygon","coordinates":[[[-97.1392517868422,49.91730300990936],[-97.1376364841323,49.91945390776389],[-97.13715250710285,49.920084800648056],[-97.1396574077749,49.92088059900119],[-97.14179729456707,49.918126409411876],[-97.1392517868422,49.91730300990936]]]},"properties":{"DAUID":"46110061","DGUID":"2021S051246110061","LANDAREA":0.0691,"PRUID":"46","CMA":"Winnipeg"}},
{"type":"Feature","geometry":{"type":"Polygon","coordinates":[[[-97.1396574077749,49.92088059900119],[-97.13715250710285,49.920084800648056],[-97.1353042179466,49.92249269468753],[-97.1377812883869,49.923288105166],[-97.13914448326223,49.9215379929395],[-97.1396574077749,49.92088059900119]]]},"properties":{"DAUID":"46110062","DGUID":"2021S051246110062","LANDAREA":0.0596,"PRUID":"46","CMA":"Winnipeg"}},
{"type":"Feature","geometry":{"type":"Polygon","coordinates":[[[-97.1376364841323,49.91945390776389],[-97.13510490516845,49.918630607376066],[-97.13413670881188,49.91989229511631],[-97.13275850011316,49.92166919617178],[-97.1353042179466,49.92249269468753],[-97.13715250710285,49.920084800648056],[-97.1376364841323,49.91945390776389]]]},"properties":{"DAUID":"46110063","DGUID":"2021S051246110063","LANDAREA":0.0769,"PRUID":"46","CMA":"Winnipeg"}},
{"type":"Feature","geometry":{"type":"Polygon","coordinates":[[[-97.1392517868422,49.91730300990936],[-97.13674711222524,49.91650721119224],[-97.1342563054631,49.915711595788956],[-97.1332743109815,49.91697309873005],[-97.13576440100633,49.917786708520694],[-97.13510490516845,49.918630607376066],[-97.1376364841323,49.91945390776389],[-97.1392517868422,49.91730300990936]]]},"properties":{"DAUID":"46110064","DGUID":"2021S051246110064","LANDAREA":0.0852,"PRUID":"46","CMA":"Winnipeg"}},
{"type":"Feature","geometry":{"type":"Polygon","coordinates":[[[-97.13510490516845,49.918630607376066],[-97.13576440100633,49.917786708520694],[-97.1332743109815,49.91697309873005],[-97.1342563054631,49.915711595788956],[-97.13178000399785,49.914907103753904],[-97.13080979412915,49.91730219683981],[-97.13258658931596,49.917825498197985],[-97.13161911063548,49.91906919153825],[-97.13413670881188,49.91989229511631],[-97.13510490516845,49.918630607376066]]]},"properties":{"DAUID":"46110065","DGUID":"2021S051246110065","LANDAREA":0.0961,"PRUID":"46","CMA":"Winnipeg"}},
{"type":"Feature","geometry":{"type":"Polygon","coordinates":[[[-97.13674711222524,49.91650721119224],[-97.13831739171309,49.9144365889962],[-97.13230298973302,49.912522012155826],[-97.13178000399785,49.914907103753904],[-97.1342563054631,49.915711595788956],[-97.13674711222524,49.91650721119224]]]},"properties":{"DAUID":"46110066","DGUID":"2021S051246110066","LANDAREA":0.1125,"PRUID":"46","CMA":"Winnipeg"}},
{"type":"Feature","geometry":{"type":"Polygon","coordinates":[[[-97.14256110638074,49.91275069608454],[-97.14015368535429,49.91196551260291],[-97.13831739171309,49.9144365889962],[-97.13674711222524,49.91650721119224],[-97.1392517868422,49.91730300990936],[-97.13975000041638,49.91666340491508],[-97.14186468630487,49.91383690512582],[-97.14256110638074,49.91275069608454]]]},"properties":{"DAUID":"46110067","DGUID":"2021S051246110067","LANDAREA":0.1124,"PRUID":"46","CMA":"Winnipeg"}},
{"type":"Feature","geometry":{"type":"Polygon","coordinates":[[[-97.13831739171309,49.9144365889962],[-97.14015368535429,49.91196551260291],[-97.13510176010995,49.9099751962076],[-97.1352243064281,49.90903489622743],[-97.13329220951569,49.90857198786717],[-97.13311169882978,49.909279712668095],[-97.13232129682218,49.912433195232346],[-97.13230298973302,49.912522012155826],[-97.13831739171309,49.9144365889962]]]},"properties":{"DAUID":"46110068","DGUID":"2021S051246110068","LANDAREA":0.1879,"PRUID":"46","CMA":"Winnipeg"}},
{"type":"Feature","geometry":{"type":"Polygon","coordinates":[[[-97.14497759907434,49.908681982343886],[-97.13914472522211,49.90683337816747],[-97.13418056546054,49.905581422708956],[-97.13329220951569,49.90857198786717],[-97.1352243064281,49.90903489622743],[-97.13510176010995,49.9099751962076],[-97.14015368535429,49.91196551260291],[-97.14256110638074,49.91275069608454],[-97.14497759907434,49.908681982343886]]]},"properties":{"DAUID":"46110069","DGUID":"2021S051246110069","LANDAREA":0.3603,"PRUID":"46","CMA":"Winnipeg"}},
{"type":"Feature","geometry":{"type":"Polygon","coordinates":[[[-97.14497759907434,49.908681982343886],[-97.14762539030318,49.90454729682703],[-97.1439248108123,49.90335480966373],[-97.14266249694559,49.903586398192154],[-97.14110938712086,49.905585410698656],[-97.13914472522211,49.90683337816747],[-97.14497759907434,49.908681982343886]]]},"properties":{"DAUID":"46110070","DGUID":"2021S051246110070","LANDAREA":0.1959,"PRUID":"46","CMA":"Winnipeg"}},
{"type":"Feature","geometry":{"type":"Polygon","coordinates":[[[-97.13914472522211,49.90683337816747],[-97.14110938712086,49.905585410698656],[-97.14266249694559,49.903586398192154],[-97.1439248108123,49.90335480966373],[-97.14505368047952,49.9018796901559],[-97.14525831425607,49.90090249551745],[-97.14126889489724,49.89962420706406],[-97.13913881241919,49.90250448957797],[-97.13645602078306,49.901651809846676],[-97.13483419624903,49.90362259633193],[-97.13418056546054,49.905581422708956],[-97.13914472522211,49.90683337816747]]]},"properties":{"DAUID":"46110071","DGUID":"2021S051246110071","LANDAREA":0.3278,"PRUID":"46","CMA":"Winnipeg"}},
{"type":"Feature","geometry":{"type":"Polygon","coordinates":[[[-97.14762539030318,49.90454729682703],[-97.14866930431374,49.903041359998724],[-97.14663599470505,49.902381706844395],[-97.1472668061059,49.90154619939677],[-97.14525831425607,49.90090249551745],[-97.14505368047952,49.9018796901559],[-97.1439248108123,49.90335480966373],[-97.14762539030318,49.90454729682703]]]},"properties":{"DAUID":"46110072","DGUID":"2021S051246110072","LANDAREA":0.0717,"PRUID":"46","CMA":"Winnipeg"}},
{"type":"Feature","geometry":{"type":"Polygon","coordinates":[[[-97.14866930431374,49.903041359998724],[-97.15008048074542,49.90116838909112],[-97.15167750655569,49.89909809876358],[-97.14968301264963,49.89845459384856],[-97.14863728830836,49.898123097386694],[-97.14765530424484,49.899402609660356],[-97.14868738516515,49.89972499871054],[-97.1472668061059,49.90154619939677],[-97.14663599470505,49.902381706844395],[-97.14866930431374,49.903041359998724]]]},"properties":{"DAUID":"46110073","DGUID":"2021S051246110073","LANDAREA":0.0927,"PRUID":"46","CMA":"Winnipeg"}},
{"type":"Feature","geometry":{"type":"Polygon","coordinates":[[[-97.14866930431374,49.903041359998724],[-97.15500141254387,49.90505170092739],[-97.1563515018473,49.903247211028244],[-97.15008048074542,49.90116838909112],[-97.14866930431374,49.903041359998724]]]},"properties":{"DAUID":"46110074","DGUID":"2021S051246110074","LANDAREA":0.1162,"PRUID":"46","CMA":"Winnipeg"}},
{"type":"Feature","geometry":{"type":"Polygon","coordinates":[[[-97.15008048074542,49.90116838909112],[-97.1563515018473,49.903247211028244],[-97.1579657038679,49.901087099658945],[-97.15335520325452,49.89965549557722],[-97.15167750655569,49.89909809876358],[-97.15008048074542,49.90116838909112]]]},"properties":{"DAUID":"46110075","DGUID":"2021S051246110075","LANDAREA":0.131,"PRUID":"46","CMA":"Winnipeg"}},
{"type":"Feature","geometry":{"type":"Polygon","coordinates":[[[-97.1579657038679,49.901087099658945],[-97.15820060104159,49.900038400568526],[-97.15613911826969,49.89932170436373],[-97.15625499728955,49.89647290418362],[-97.15569172069831,49.8964455035634],[-97.15471830481009,49.89641201211265],[-97.15452758490859,49.89885561082805],[-97.15335520325452,49.89965549557722],[-97.1579657038679,49.901087099658945]]]},"properties":{"DAUID":"46110076","DGUID":"2021S051246110076","LANDAREA":0.0787,"PRUID":"46","CMA":"Winnipeg"}},
{"type":"Feature","geometry":{"type":"Polygon","coordinates":[[[-97.15335520325452,49.89965549557722],[-97.15452758490859,49.89885561082805],[-97.15471830481009,49.89641201211265],[-97.15356531799276,49.89633970646037],[-97.15220430011398,49.89624599214557],[-97.15203470878717,49.89813228754972],[-97.15167750655569,49.89909809876358],[-97.15335520325452,49.89965549557722]]]},"properties":{"DAUID":"46110077","DGUID":"2021S051246110077","LANDAREA":0.057,"PRUID":"46","CMA":"Winnipeg"}},
{"type":"Feature","geometry":{"type":"Polygon","coordinates":[[[-97.15167750655569,49.89909809876358],[-97.15203470878717,49.89813228754972],[-97.15124970900612,49.897903902988205],[-97.15083359099425,49.89640409831658],[-97.14969571417286,49.897393390824945],[-97.14968301264963,49.89845459384856],[-97.15167750655569,49.89909809876358]]]},"properties":{"DAUID":"46110078","DGUID":"2021S051246110078","LANDAREA":0.0299,"PRUID":"46","CMA":"Winnipeg"}},
{"type":"Feature","geometry":{"type":"Polygon","coordinates":[[[-97.14968301264963,49.89845459384856],[-97.14969571417286,49.897393390824945],[-97.14801721720741,49.8968628073534],[-97.14768768998636,49.89782899560246],[-97.14863728830836,49.898123097386694],[-97.14968301264963,49.89845459384856]]]},"properties":{"DAUID":"46110079","DGUID":"2021S051246110079","LANDAREA":0.018,"PRUID":"46","CMA":"Winnipeg"}},
{"type":"Feature","geometry":{"type":"Polygon","coordinates":[[[-97.15083359099425,49.89640409831658],[-97.1508110845795,49.8949028894477],[-97.1487141138807,49.8953898055792],[-97.14740679652898,49.89571070670152],[-97.14801721720741,49.8968628073534],[-97.14969571417286,49.897393390824945],[-97.15083359099425,49.89640409831658]]]},"properties":{"DAUID":"46110080","DGUID":"2021S051246110080","LANDAREA":0.0413,"PRUID":"46","CMA":"Winnipeg"}},
{"type":"Feature","geometry":{"type":"Polygon","coordinates":[[[-97.15220430011398,49.89624599214557],[-97.15206569322069,49.89331148927813],[-97.14945409504769,49.893881510913936],[-97.14809049814681,49.894219492691285],[-97.1487141138807,49.8953898055792],[-97.1508110845795,49.8949028894477],[-97.15083359099425,49.89640409831658],[-97.15124970900612,49.897903902988205],[-97.15203470878717,49.89813228754972],[-97.15220430011398,49.89624599214557]]]},"properties":{"DAUID":"46110081","DGUID":"2021S051246110081","LANDAREA":0.0692,"PRUID":"46","CMA":"Winnipeg"}},
{"type":"Feature","geometry":{"type":"Polygon","coordinates":[[[-97.15356531799276,49.89633970646037],[-97.1538253986401,49.892808795527564],[-97.15206569322069,49.89331148927813],[-97.15220430011398,49.89624599214557],[-97.15356531799276,49.89633970646037]]]},"properties":{"DAUID":"46110082","DGUID":"2021S051246110082","LANDAREA":0.0387,"PRUID":"46","CMA":"Winnipeg"}},
{"type":"Feature","geometry":{"type":"Polygon","coordinates":[[[-97.15569172069831,49.8964455035634],[-97.15596799187703,49.892851890180445],[-97.1538253986401,49.892808795527564],[-97.15356531799276,49.89633970646037],[-97.15471830481009,49.89641201211265],[-97.15569172069831,49.8964455035634]]]},"properties":{"DAUID":"46110083","DGUID":"2021S051246110083","LANDAREA":0.0611,"PRUID":"46","CMA":"Winnipeg"}},
{"type":"Feature","geometry":{"type":"Polygon","coordinates":[[[-97.15625499728955,49.89647290418362],[-97.15844438641226,49.896561207007586],[-97.15869398112217,49.892931195981575],[-97.15596799187703,49.892851890180445],[-97.15569172069831,49.8964455035634],[-97.15625499728955,49.89647290418362]]]},"properties":{"DAUID":"46110084","DGUID":"2021S051246110084","LANDAREA":0.0793,"PRUID":"46","CMA":"Winnipeg"}},
{"type":"Feature","geometry":{"type":"Polygon","coordinates":[[[-97.15844438641226,49.896561207007586],[-97.16053158190843,49.89660339577546],[-97.16171411151349,49.89663109420994],[-97.1619899036442,49.89303751083887],[-97.16015411097035,49.89298140208575],[-97.15869398112217,49.892931195981575],[-97.15844438641226,49.896561207007586]]]},"properties":{"DAUID":"46110085","DGUID":"2021S051246110085","LANDAREA":0.0948,"PRUID":"46","CMA":"Winnipeg"}},
{"type":"Feature","geometry":{"type":"Polygon","coordinates":[[[-97.16171411151349,49.89663109420994],[-97.16279891732808,49.896666297145984],[-97.1638976055631,49.89670169664104],[-97.16417328672894,49.89310810198038],[-97.1619899036442,49.89303751083887],[-97.16171411151349,49.89663109420994]]]},"properties":{"DAUID":"46110086","DGUID":"2021S051246110086","LANDAREA":0.0629,"PRUID":"46","CMA":"Winnipeg"}},
{"type":"Feature","geometry":{"type":"Polygon","coordinates":[[[-97.1638976055631,49.89670169664104],[-97.16616460279064,49.89677359183445],[-97.16637051029765,49.893178803651615],[-97.16417328672894,49.89310810198038],[-97.1638976055631,49.89670169664104]]]},"properties":{"DAUID":"46110087","DGUID":"2021S051246110087","LANDAREA":0.0643,"PRUID":"46","CMA":"Winnipeg"}},
{"type":"Feature","geometry":{"type":"Polygon","coordinates":[[[-97.16616460279064,49.89677359183445],[-97.16854301420216,49.89684710408948],[-97.16876189045948,49.893270608873735],[-97.16637051029765,49.893178803651615],[-97.16616460279064,49.89677359183445]]]},"properties":{"DAUID":"46110088","DGUID":"2021S051246110088","LANDAREA":0.0687,"PRUID":"46","CMA":"Winnipeg"}},
{"type":"Feature","geometry":{"type":"Polygon","coordinates":[[[-97.16854301420216,49.89684710408948],[-97.17170001541649,49.89695091193321],[-97.17189161313195,49.89335600317498],[-97.16876189045948,49.893270608873735],[-97.16854301420216,49.89684710408948]]]},"properties":{"DAUID":"46110089","DGUID":"2021S051246110089","LANDAREA":0.0907,"PRUID":"46","CMA":"Winnipeg"}},
{"type":"Feature","geometry":{"type":"Polygon","coordinates":[[[-97.17170001541649,49.89695091193321],[-97.1738702974273,49.897003101621976],[-97.17414491718176,49.89341851224871],[-97.17189161313195,49.89335600317498],[-97.17170001541649,49.89695091193321]]]},"properties":{"DAUID":"46110090","DGUID":"2021S051246110090","LANDAREA":0.0632,"PRUID":"46","CMA":"Winnipeg"}},
{"type":"Feature","geometry":{"type":"Polygon","coordinates":[[[-97.1738702974273,49.897003101621976],[-97.17736139713057,49.897112112900786],[-97.17766381172399,49.89351880294165],[-97.17414491718176,49.89341851224871],[-97.1738702974273,49.897003101621976]]]},"properties":{"DAUID":"46110091","DGUID":"2021S051246110091","LANDAREA":0.1005,"PRUID":"46","CMA":"Winnipeg"}},
{"type":"Feature","geometry":{"type":"Polygon","coordinates":[[[-97.17766381172399,49.89351880294165],[-97.17779859919733,49.89030970499552],[-97.17674139200449,49.890284099099496],[-97.17439160522788,49.89020209519985],[-97.17414491718176,49.89341851224871],[-97.17766381172399,49.89351880294165]]]},"properties":{"DAUID":"46110092","DGUID":"2021S051246110092","LANDAREA":0.09,"PRUID":"46","CMA":"Winnipeg"}},
{"type":"Feature","geometry":{"type":"Polygon","coordinates":[[[-97.17414491718176,49.89341851224871],[-97.17439160522788,49.89020209519985],[-97.17213868880431,49.89013070973713],[-97.17189161313195,49.89335600317498],[-97.17414491718176,49.89341851224871]]]},"properties":{"DAUID":"46110093","DGUID":"2021S051246110093","LANDAREA":0.0581,"PRUID":"46","CMA":"Winnipeg"}},
{"type":"Feature","geometry":{"type":"Polygon","coordinates":[[[-97.17189161313195,49.89335600317498],[-97.17213868880431,49.89013070973713],[-97.16903748167769,49.890036711491206],[-97.16876189045948,49.893270608873735],[-97.17189161313195,49.89335600317498]]]},"properties":{"DAUID":"46110094","DGUID":"2021S051246110094","LANDAREA":0.0805,"PRUID":"46","CMA":"Winnipeg"}},
{"type":"Feature","geometry":{"type":"Polygon","coordinates":[[[-97.16876189045948,49.893270608873735],[-97.16903748167769,49.890036711491206],[-97.16782760601511,49.88999959540857],[-97.16665910499148,49.88997220697797],[-97.16637051029765,49.893178803651615],[-97.16876189045948,49.893270608873735]]]},"properties":{"DAUID":"46110095","DGUID":"2021S051246110095","LANDAREA":0.0614,"PRUID":"46","CMA":"Winnipeg"}},
{"type":"Feature","geometry":{"type":"Polygon","coordinates":[[[-97.16637051029765,49.893178803651615],[-97.16665910499148,49.88997220697797],[-97.16553271514141,49.889936403343924],[-97.16444808132375,49.889901205671016],[-97.16417328672894,49.89310810198038],[-97.16637051029765,49.893178803651615]]]},"properties":{"DAUID":"46110096","DGUID":"2021S051246110096","LANDAREA":0.0566,"PRUID":"46","CMA":"Winnipeg"}},
{"type":"Feature","geometry":{"type":"Polygon","coordinates":[[[-97.16417328672894,49.89310810198038],[-97.16444808132375,49.889901205671016],[-97.16218139003028,49.88982930266366],[-97.1619899036442,49.89303751083887],[-97.16417328672894,49.89310810198038]]]},"properties":{"DAUID":"46110097","DGUID":"2021S051246110097","LANDAREA":0.0571,"PRUID":"46","CMA":"Winnipeg"}},
{"type":"Feature","geometry":{"type":"Polygon","coordinates":[[[-97.1619899036442,49.89303751083887],[-97.16218139003028,49.88982930266366],[-97.1603933829836,49.88978501054449],[-97.16015411097035,49.89298140208575],[-97.1619899036442,49.89303751083887]]]},"properties":{"DAUID":"46110098","DGUID":"2021S051246110098","LANDAREA":0.0463,"PRUID":"46","CMA":"Winnipeg"}},
{"type":"Feature","geometry":{"type":"Polygon","coordinates":[[[-97.16015411097035,49.89298140208575],[-97.1603933829836,49.88978501054449],[-97.16052201970143,49.888066905388925],[-97.1590303134494,49.88848400678791],[-97.15869398112217,49.892931195981575],[-97.16015411097035,49.89298140208575]]]},"properties":{"DAUID":"46110099","DGUID":"2021S051246110099","LANDAREA":0.0547,"PRUID":"46","CMA":"Winnipeg"}},
{"type":"Feature","geometry":{"type":"Polygon","coordinates":[[[-97.16553271514141,49.889936403343924],[-97.1657412955184,49.88663849628547],[-97.16052201970143,49.888066905388925],[-97.1603933829836,49.88978501054449],[-97.16218139003028,49.88982930266366],[-97.16444808132375,49.889901205671016],[-97.16553271514141,49.889936403343924]]]},"properties":{"DAUID":"46110100","DGUID":"2021S051246110100","LANDAREA":0.103,"PRUID":"46","CMA":"Winnipeg"}},
{"type":"Feature","geometry":{"type":"Polygon","coordinates":[[[-97.16782760601511,49.88999959540857],[-97.1681745101661,49.88598441156525],[-97.16614501150656,49.88653208915145],[-97.1657412955184,49.88663849628547],[-97.16553271514141,49.889936403343924],[-97.16665910499148,49.88997220697797],[-97.16782760601511,49.88999959540857]]]},"properties":{"DAUID":"46110101","DGUID":"2021S051246110101","LANDAREA":0.0684,"PRUID":"46","CMA":"Winnipeg"}},
{"type":"Feature","geometry":{"type":"Polygon","coordinates":[[[-97.16903748167769,49.890036711491206],[-97.16922030498104,49.887899994986704],[-97.170794405623,49.887947009998385],[-97.17098680990267,49.88524619323937],[-97.1681745101661,49.88598441156525],[-97.16782760601511,49.88999959540857],[-97.16903748167769,49.890036711491206]]]},"properties":{"DAUID":"46110102","DGUID":"2021S051246110102","LANDAREA":0.0714,"PRUID":"46","CMA":"Winnipeg"}},
{"type":"Feature","geometry":{"type":"Polygon","coordinates":[[[-97.17213868880431,49.89013070973713],[-97.17256978458802,49.884983290485096],[-97.17098680990267,49.88524619323937],[-97.170794405623,49.887947009998385],[-97.16922030498104,49.887899994986704],[-97.16903748167769,49.890036711491206],[-97.17213868880431,49.89013070973713]]]},"properties":{"DAUID":"46110103","DGUID":"2021S051246110103","LANDAREA":0.0886,"PRUID":"46","CMA":"Winnipeg"}},
{"type":"Feature","geometry":{"type":"Polygon","coordinates":[[[-97.17439160522788,49.89020209519985],[-97.17484988294017,49.884695410820015],[-97.17256978458802,49.884983290485096],[-97.17213868880431,49.89013070973713],[-97.17439160522788,49.89020209519985]]]},"properties":{"DAUID":"46110104","DGUID":"2021S051246110104","LANDAREA":0.0961,"PRUID":"46","CMA":"Winnipeg"}},
{"type":"Feature","geometry":{"type":"Polygon","coordinates":[[[-97.17674139200449,49.890284099099496],[-97.17699539460111,49.88686998878167],[-97.17582700291206,49.88684260457576],[-97.17602471413625,49.88455198857666],[-97.17484988294017,49.884695410820015],[-97.17439160522788,49.89020209519985],[-97.17674139200449,49.890284099099496]]]},"properties":{"DAUID":"46110105","DGUID":"2021S051246110105","LANDAREA":0.0841,"PRUID":"46","CMA":"Winnipeg"}},
{"type":"Feature","geometry":{"type":"Polygon","coordinates":[[[-97.17779859919733,49.89030970499552],[-97.18355909468113,49.89049925337652],[-97.18368131683796,49.8870626379888],[-97.17699539460111,49.88686998878167],[-97.17674139200449,49.890284099099496],[-97.17779859919733,49.89030970499552]]]},"properties":{"DAUID":"46110106","DGUID":"2021S051246110106","LANDAREA":0.1861,"PRUID":"46","CMA":"Winnipeg"}},
{"type":"Feature","geometry":{"type":"Polygon","coordinates":[[[-97.17699539460111,49.88686998878167],[-97.18368131683796,49.8870626379888],[-97.18391598774168,49.88354080586242],[-97.17959179187108,49.88409540802089],[-97.17602471413625,49.88455198857666],[-97.17582700291206,49.88684260457576],[-97.17699539460111,49.88686998878167]]]},"properties":{"DAUID":"46110107","DGUID":"2021S051246110107","LANDAREA":0.1821,"PRUID":"46","CMA":"Winnipeg"}},
{"type":"Feature","geometry":{"type":"Polygon","coordinates":[[[-97.17602471413625,49.88455198857666],[-97.17959179187108,49.88409540802089],[-97.17993430216237,49.88016989957685],[-97.17864078580618,49.87977180460557],[-97.17846500689096,49.88185590711283],[-97.17510018630429,49.88174900428931],[-97.17484988294017,49.884695410820015],[-97.17602471413625,49.88455198857666]]]},"properties":{"DAUID":"46110108","DGUID":"2021S051246110108","LANDAREA":0.1167,"PRUID":"46","CMA":"Winnipeg"}},
{"type":"Feature","geometry":{"type":"Polygon","coordinates":[[[-97.18391598774168,49.88354080586242],[-97.18468910233715,49.8834304838144],[-97.18487549545975,49.88055320681224],[-97.1812964088784,49.880596105239846],[-97.17993430216237,49.88016989957685],[-97.17959179187108,49.88409540802089],[-97.18391598774168,49.88354080586242]]]},"properties":{"DAUID":"46110109","DGUID":"2021S051246110109","LANDAREA":0.1271,"PRUID":"46","CMA":"Winnipeg"}},
{"type":"Feature","geometry":{"type":"Polygon","coordinates":[[[-97.18368131683796,49.8870626379888],[-97.185993197576,49.887128100016675],[-97.18612748192953,49.88540319897513],[-97.18786531031387,49.885466311730674],[-97.18774492053109,49.88682270474058],[-97.18884281865775,49.8868758041086],[-97.18903150454764,49.88406328961579],[-97.19013071769508,49.88408050324319],[-97.19026409845672,49.88237350001051],[-97.18468910233715,49.8834304838144],[-97.18391598774168,49.88354080586242],[-97.18368131683796,49.8870626379888]]]},"properties":{"DAUID":"46110110","DGUID":"2021S051246110110","LANDAREA":0.1538,"PRUID":"46","CMA":"Winnipeg"}},
{"type":"Feature","geometry":{"type":"Polygon","coordinates":[[[-97.18468910233715,49.8834304838144],[-97.19026409845672,49.88237350001051],[-97.19082500689177,49.882265397810315],[-97.19104179450521,49.879444306160536],[-97.18988881013371,49.87938129765608],[-97.18487549545975,49.88055320681224],[-97.18468910233715,49.8834304838144]]]},"properties":{"DAUID":"46110111","DGUID":"2021S051246110111","LANDAREA":0.1482,"PRUID":"46","CMA":"Winnipeg"}},
{"type":"Feature","geometry":{"type":"Polygon","coordinates":[[[-97.17993430216237,49.88016989957685],[-97.1812964088784,49.880596105239846],[-97.18487549545975,49.88055320681224],[-97.18988881013371,49.87938129765608],[-97.19104179450521,49.879444306160536],[-97.19082500689177,49.882265397810315],[-97.20164597975005,49.880265997320166],[-97.20188669024489,49.87828180595045],[-97.20143104621056,49.877126449598784],[-97.19624387007511,49.878425775574804],[-97.19436900878165,49.87838839284607],[-97.19070349676858,49.87806283885765],[-97.1835760590901,49.87947378788488],[-97.18005504867654,49.87889909652644],[-97.17707777047994,49.87701058294607],[-97.17547883401092,49.87645887482989],[-97.17534598437352,49.87744429121397],[-97.17864078580618,49.87977180460557],[-97.17993430216237,49.88016989957685]]]},"properties":{"DAUID":"46110112","DGUID":"2021S051246110112","LANDAREA":0.3543,"PRUID":"46","CMA":"Winnipeg"}},
{"type":"Feature","geometry":{"type":"Polygon","coordinates":[[[-97.19013071769508,49.88408050324319],[-97.19127120463432,49.88410728678057],[-97.19102739843683,49.887278694407115],[-97.19077341644388,49.890719806813436],[-97.20084279335978,49.89101150946847],[-97.20109248316037,49.88724970449264],[-97.2013696993484,49.883580803570354],[-97.20164597975005,49.880265997320166],[-97.19082500689177,49.882265397810315],[-97.19026409845672,49.88237350001051],[-97.19013071769508,49.88408050324319]]]},"properties":{"DAUID":"46110113","DGUID":"2021S051246110113","LANDAREA":0.7956,"PRUID":"46","CMA":"Winnipeg"}},
{"type":"Feature","geometry":{"type":"Polygon","coordinates":[[[-97.18774492053109,49.88682270474058],[-97.18752979527757,49.88922100502923],[-97.18864258400863,49.88924738778684],[-97.18881670549263,49.88719920208943],[-97.19102739843683,49.887278694407115],[-97.19127120463432,49.88410728678057],[-97.19013071769508,49.88408050324319],[-97.18903150454764,49.88406328961579],[-97.18884281865775,49.8868758041086],[-97.18774492053109,49.88682270474058]]]},"properties":{"DAUID":"46110114","DGUID":"2021S051246110114","LANDAREA":0.0776,"PRUID":"46","CMA":"Winnipeg"}},
{"type":"Feature","geometry":{"type":"Polygon","coordinates":[[[-97.19102739843683,49.887278694407115],[-97.18881670549263,49.88719920208943],[-97.18864258400863,49.88924738778684],[-97.18752979527757,49.88922100502923],[-97.1874219121305,49.8906134901461],[-97.19077341644388,49.890719806813436],[-97.19102739843683,49.887278694407115]]]},"properties":{"DAUID":"46110115","DGUID":"2021S051246110115","LANDAREA":0.0739,"PRUID":"46","CMA":"Winnipeg"}},
{"type":"Feature","geometry":{"type":"Polygon","coordinates":[[[-97.18355909468113,49.89049925337652],[-97.18331510885464,49.893679766756236],[-97.18720489427271,49.89380330369666],[-97.1874219121305,49.8906134901461],[-97.18752979527757,49.88922100502923],[-97.18774492053109,49.88682270474058],[-97.18786531031387,49.885466311730674],[-97.18612748192953,49.88540319897513],[-97.185993197576,49.887128100016675],[-97.18368131683796,49.8870626379888],[-97.18355909468113,49.89049925337652]]]},"properties":{"DAUID":"46110116","DGUID":"2021S051246110116","LANDAREA":0.2298,"PRUID":"46","CMA":"Winnipeg"}},
{"type":"Feature","geometry":{"type":"Polygon","coordinates":[[[-97.19077341644388,49.890719806813436],[-97.1874219121305,49.8906134901461],[-97.18720489427271,49.89380330369666],[-97.18938869504946,49.89386449787383],[-97.20057038785788,49.894218491678394],[-97.20084279335978,49.89101150946847],[-97.19077341644388,49.890719806813436]]]},"properties":{"DAUID":"46110117","DGUID":"2021S051246110117","LANDAREA":0.3425,"PRUID":"46","CMA":"Winnipeg"}},
{"type":"Feature","geometry":{"type":"Polygon","coordinates":[[[-97.18331510885464,49.893679766756236],[-97.18304005412611,49.89727803075619],[-97.18911458556349,49.89746720748925],[-97.18938869504946,49.89386449787383],[-97.18720489427271,49.89380330369666],[-97.18331510885464,49.893679766756236]]]},"properties":{"DAUID":"46110118","DGUID":"2021S051246110118","LANDAREA":0.1749,"PRUID":"46","CMA":"Winnipeg"}},
{"type":"Feature","geometry":{"type":"Polygon","coordinates":[[[-97.18938869504946,49.89386449787383],[-97.18911458556349,49.89746720748925],[-97.18884619397225,49.90091699164882],[-97.1999893946064,49.9012255009147],[-97.20057038785788,49.894218491678394],[-97.18938869504946,49.89386449787383]]]},"properties":{"DAUID":"46110119","DGUID":"2021S051246110119","LANDAREA":0.6292,"PRUID":"46","CMA":"Winnipeg"}},
{"type":"Feature","geometry":{"type":"Polygon","coordinates":[[[-97.18304005412611,49.89727803075619],[-97.1827786799148,49.90072345730135],[-97.18884619397225,49.90091699164882],[-97.18911458556349,49.89746720748925],[-97.18304005412611,49.89727803075619]]]},"properties":{"DAUID":"46110120","DGUID":"2021S051246110120","LANDAREA":0.1679,"PRUID":"46","CMA":"Winnipeg"}},
{"type":"Feature","geometry":{"type":"Polygon","coordinates":[[[-97.17736139713057,49.897112112900786],[-97.17722130343024,49.898980811129135],[-97.17844640829013,49.8989910876541],[-97.17835791954022,49.9005998099976],[-97.1827786799148,49.90072345730135],[-97.18304005412611,49.89727803075619],[-97.18331510885464,49.893679766756236],[-97.17766381172399,49.89351880294165],[-97.17736139713057,49.897112112900786]]]},"properties":{"DAUID":"46110121","DGUID":"2021S051246110121","LANDAREA":0.3039,"PRUID":"46","CMA":"Winnipeg"}},
{"type":"Feature","geometry":{"type":"Polygon","coordinates":[[[-97.17766381172399,49.89351880294165],[-97.18331510885464,49.893679766756236],[-97.18355909468113,49.89049925337652],[-97.17779859919733,49.89030970499552],[-97.17766381172399,49.89351880294165]]]},"properties":{"DAUID":"46110122","DGUID":"2021S051246110122","LANDAREA":0.1453,"PRUID":"46","CMA":"Winnipeg"}},
{"type":"Feature","geometry":{"type":"Polygon","coordinates":[[[-97.1738702974273,49.897003101621976],[-97.17358720357305,49.90044378680792],[-97.17710638188257,49.900553092151256],[-97.17722130343024,49.898980811129135],[-97.17736139713057,49.897112112900786],[-97.1738702974273,49.897003101621976]]]},"properties":{"DAUID":"46110123","DGUID":"2021S051246110123","LANDAREA":0.0966,"PRUID":"46","CMA":"Winnipeg"}},
{"type":"Feature","geometry":{"type":"Polygon","coordinates":[[[-97.17170001541649,49.89695091193321],[-97.1714316915036,49.90036478885068],[-97.17248840692801,49.900408494967465],[-97.17358720357305,49.90044378680792],[-97.1738702974273,49.897003101621976],[-97.17170001541649,49.89695091193321]]]},"properties":{"DAUID":"46110124","DGUID":"2021S051246110124","LANDAREA":0.0594,"PRUID":"46","CMA":"Winnipeg"}},
{"type":"Feature","geometry":{"type":"Polygon","coordinates":[[[-97.16854301420216,49.89684710408948],[-97.16827451149165,49.90026099255367],[-97.16819830462285,49.90227179549668],[-97.16945399781702,49.90232039642873],[-97.16962340501287,49.900309291503724],[-97.1714316915036,49.90036478885068],[-97.17170001541649,49.89695091193321],[-97.16854301420216,49.89684710408948]]]},"properties":{"DAUID":"46110125","DGUID":"2021S051246110125","LANDAREA":0.1072,"PRUID":"46","CMA":"Winnipeg"}},
{"type":"Feature","geometry":{"type":"Polygon","coordinates":[[[-97.16616460279064,49.89677359183445],[-97.16592450334112,49.90016989422506],[-97.16827451149165,49.90026099255367],[-97.16854301420216,49.89684710408948],[-97.16616460279064,49.89677359183445]]]},"properties":{"DAUID":"46110126","DGUID":"2021S051246110126","LANDAREA":0.0645,"PRUID":"46","CMA":"Winnipeg"}},
{"type":"Feature","geometry":{"type":"Polygon","coordinates":[[[-97.1638976055631,49.89670169664104],[-97.16365688029413,49.90010699128511],[-97.16478390309209,49.900133797613385],[-97.16592450334112,49.90016989422506],[-97.16616460279064,49.89677359183445],[-97.1638976055631,49.89670169664104]]]},"properties":{"DAUID":"46110127","DGUID":"2021S051246110127","LANDAREA":0.0617,"PRUID":"46","CMA":"Winnipeg"}},
{"type":"Feature","geometry":{"type":"Polygon","coordinates":[[[-97.16279891732808,49.896666297145984],[-97.16257210219212,49.900071790946484],[-97.16365688029413,49.90010699128511],[-97.1638976055631,49.89670169664104],[-97.16279891732808,49.896666297145984]]]},"properties":{"DAUID":"46110128","DGUID":"2021S051246110128","LANDAREA":0.0298,"PRUID":"46","CMA":"Winnipeg"}},
{"type":"Feature","geometry":{"type":"Polygon","coordinates":[[[-97.16053158190843,49.89660339577546],[-97.16027668661054,49.90000839494074],[-97.16080561151563,49.90001680274901],[-97.16257210219212,49.900071790946484],[-97.16279891732808,49.896666297145984],[-97.16171411151349,49.89663109420994],[-97.16053158190843,49.89660339577546]]]},"properties":{"DAUID":"46110129","DGUID":"2021S051246110129","LANDAREA":0.0622,"PRUID":"46","CMA":"Winnipeg"}},
{"type":"Feature","geometry":{"type":"Polygon","coordinates":[[[-97.1579657038679,49.901087099658945],[-97.16055288036131,49.901901689213084],[-97.16080561151563,49.90001680274901],[-97.16027668661054,49.90000839494074],[-97.16053158190843,49.89660339577546],[-97.15844438641226,49.896561207007586],[-97.15820060104159,49.900038400568526],[-97.1579657038679,49.901087099658945]]]},"properties":{"DAUID":"46110130","DGUID":"2021S051246110130","LANDAREA":0.0887,"PRUID":"46","CMA":"Winnipeg"}},
{"type":"Feature","geometry":{"type":"Polygon","coordinates":[[[-97.15820060104159,49.900038400568526],[-97.15844438641226,49.896561207007586],[-97.15625499728955,49.89647290418362],[-97.15613911826969,49.89932170436373],[-97.15820060104159,49.900038400568526]]]},"properties":{"DAUID":"46110131","DGUID":"2021S051246110131","LANDAREA":0.0532,"PRUID":"46","CMA":"Winnipeg"}},
{"type":"Feature","geometry":{"type":"Polygon","coordinates":[[[-97.16365688029413,49.90010699128511],[-97.16257210219212,49.900071790946484],[-97.16080561151563,49.90001680274901],[-97.16055288036131,49.901901689213084],[-97.16175040603844,49.90227150084924],[-97.16443341702693,49.90313259045303],[-97.16478390309209,49.900133797613385],[-97.16365688029413,49.90010699128511]]]},"properties":{"DAUID":"46110132","DGUID":"2021S051246110132","LANDAREA":0.0789,"PRUID":"46","CMA":"Winnipeg"}},
{"type":"Feature","geometry":{"type":"Polygon","coordinates":[[[-97.16478390309209,49.900133797613385],[-97.16443341702693,49.90313259045303],[-97.16567171138946,49.903530009609355],[-97.16592450334112,49.90016989422506],[-97.16478390309209,49.900133797613385]]]},"properties":{"DAUID":"46110133","DGUID":"2021S051246110133","LANDAREA":0.0297,"PRUID":"46","CMA":"Winnipeg"}},
{"type":"Feature","geometry":{"type":"Polygon","coordinates":[[[-97.16827451149165,49.90026099255367],[-97.16592450334112,49.90016989422506],[-97.16567171138946,49.903530009609355],[-97.1680242003961,49.904295808996984],[-97.16819830462285,49.90227179549668],[-97.16827451149165,49.90026099255367]]]},"properties":{"DAUID":"46110134","DGUID":"2021S051246110134","LANDAREA":0.0718,"PRUID":"46","CMA":"Winnipeg"}},
{"type":"Feature","geometry":{"type":"Polygon","coordinates":[[[-97.16175040603844,49.90227150084924],[-97.16079579364298,49.90356969765811],[-97.16698689642563,49.90557469707329],[-97.1680242003961,49.904295808996984],[-97.16567171138946,49.903530009609355],[-97.16443341702693,49.90313259045303],[-97.16175040603844,49.90227150084924]]]},"properties":{"DAUID":"46110135","DGUID":"2021S051246110135","LANDAREA":0.0802,"PRUID":"46","CMA":"Winnipeg"}},
{"type":"Feature","geometry":{"type":"Polygon","coordinates":[[[-97.15500141254387,49.90505170092739],[-97.15459538838566,49.905836793451265],[-97.15977011969888,49.90746619881904],[-97.1613155296554,49.90802245310934],[-97.1620770494579,49.90690692918034],[-97.1652063167453,49.90788719384361],[-97.16698689642563,49.90557469707329],[-97.16079579364298,49.90356969765811],[-97.16175040603844,49.90227150084924],[-97.16055288036131,49.901901689213084],[-97.1579657038679,49.901087099658945],[-97.1563515018473,49.903247211028244],[-97.15500141254387,49.90505170092739]]]},"properties":{"DAUID":"46110136","DGUID":"2021S051246110136","LANDAREA":0.352,"PRUID":"46","CMA":"Winnipeg"}},
{"type":"Feature","geometry":{"type":"Polygon","coordinates":[[[-97.16698689642563,49.90557469707329],[-97.1652063167453,49.90788719384361],[-97.17089549424986,49.90957900661962],[-97.17123021885502,49.905326899603125],[-97.17107870878684,49.90527949478746],[-97.1680242003961,49.904295808996984],[-97.16698689642563,49.90557469707329]]]},"properties":{"DAUID":"46110137","DGUID":"2021S051246110137","LANDAREA":0.1565,"PRUID":"46","CMA":"Winnipeg"}},
{"type":"Feature","geometry":{"type":"Polygon","coordinates":[[[-97.16819830462285,49.90227179549668],[-97.1680242003961,49.904295808996984],[-97.17107870878684,49.90527949478746],[-97.1714316915036,49.90036478885068],[-97.16962340501287,49.900309291503724],[-97.16945399781702,49.90232039642873],[-97.16819830462285,49.90227179549668]]]},"properties":{"DAUID":"46110138","DGUID":"2021S051246110138","LANDAREA":0.0894,"PRUID":"46","CMA":"Winnipeg"}},
{"type":"Feature","geometry":{"type":"Polygon","coordinates":[[[-97.1714316915036,49.90036478885068],[-97.17107870878684,49.90527949478746],[-97.17123021885502,49.905326899603125],[-97.17212468034461,49.90561079332302],[-97.17248840692801,49.900408494967465],[-97.1714316915036,49.90036478885068]]]},"properties":{"DAUID":"46110139","DGUID":"2021S051246110139","LANDAREA":0.045,"PRUID":"46","CMA":"Winnipeg"}},
{"type":"Feature","geometry":{"type":"Polygon","coordinates":[[[-97.17248840692801,49.900408494967465],[-97.17212468034461,49.90561079332302],[-97.17307391219927,49.905922605182354],[-97.17340018985651,49.90244670470378],[-97.17358720357305,49.90044378680792],[-97.17248840692801,49.900408494967465]]]},"properties":{"DAUID":"46110140","DGUID":"2021S051246110140","LANDAREA":0.0428,"PRUID":"46","CMA":"Winnipeg"}},
{"type":"Feature","geometry":{"type":"Polygon","coordinates":[[[-97.17722130343024,49.898980811129135],[-97.17710638188257,49.900553092151256],[-97.17358720357305,49.90044378680792],[-97.17340018985651,49.90244670470378],[-97.17690788470263,49.90286170127596],[-97.17814600232943,49.90289919319619],[-97.17835791954022,49.9005998099976],[-97.17844640829013,49.8989910876541],[-97.17722130343024,49.898980811129135]]]},"properties":{"DAUID":"46110141","DGUID":"2021S051246110141","LANDAREA":0.098,"PRUID":"46","CMA":"Winnipeg"}},
{"type":"Feature","geometry":{"type":"Polygon","coordinates":[[[-97.17307391219927,49.905922605182354],[-97.17658330067273,49.90703930027115],[-97.17690788470263,49.90286170127596],[-97.17340018985651,49.90244670470378],[-97.17307391219927,49.905922605182354]]]},"properties":{"DAUID":"46110142","DGUID":"2021S051246110142","LANDAREA":0.1109,"PRUID":"46","CMA":"Winnipeg"}},
{"type":"Feature","geometry":{"type":"Polygon","coordinates":[[[-97.17835791954022,49.9005998099976],[-97.17814600232943,49.90289919319619],[-97.17690788470263,49.90286170127596],[-97.17658330067273,49.90703930027115],[-97.18069452891218,49.90834087011041],[-97.18225949218876,49.90710066811706],[-97.1827786799148,49.90072345730135],[-97.17835791954022,49.9005998099976]]]},"properties":{"DAUID":"46110143","DGUID":"2021S051246110143","LANDAREA":0.3012,"PRUID":"46","CMA":"Winnipeg"}},
{"type":"Feature","geometry":{"type":"Polygon","coordinates":[[[-97.17089549424986,49.90957900661962],[-97.17054050314427,49.91288071026409],[-97.17892199406026,49.915576296468195],[-97.17839539157387,49.916242600354494],[-97.18368169860408,49.91791769408943],[-97.18418041513588,49.91725089750795],[-97.18373841558049,49.91640739809533],[-97.18375432091375,49.91413191133069],[-97.18560791079831,49.914107004961984],[-97.18825538150367,49.91073929552151],[-97.18069452891218,49.90834087011041],[-97.17658330067273,49.90703930027115],[-97.17307391219927,49.905922605182354],[-97.17212468034461,49.90561079332302],[-97.17123021885502,49.905326899603125],[-97.17089549424986,49.90957900661962]]]},"properties":{"DAUID":"46110144","DGUID":"2021S051246110144","LANDAREA":0.9456,"PRUID":"46","CMA":"Winnipeg"}},
{"type":"Feature","geometry":{"type":"Polygon","coordinates":[[[-97.18884619397225,49.90091699164882],[-97.1827786799148,49.90072345730135],[-97.18225949218876,49.90710066811706],[-97.18069452891218,49.90834087011041],[-97.18825538150367,49.91073929552151],[-97.1897100860878,49.91131970867894],[-97.19163288064894,49.913166696969014],[-97.19496249586531,49.91651070896714],[-97.19886319942607,49.91650840978222],[-97.1999893946064,49.9012255009147],[-97.18884619397225,49.90091699164882]]]},"properties":{"DAUID":"46110145","DGUID":"2021S051246110145","LANDAREA":1.6259,"PRUID":"46","CMA":"Winnipeg"}},
{"type":"Feature","geometry":{"type":"Polygon","coordinates":[[[-97.18560791079831,49.914107004961984],[-97.18712210839116,49.91458939476069],[-97.18845700503014,49.91502399802357],[-97.19008008798428,49.912971596512016],[-97.19163288064894,49.913166696969014],[-97.1897100860878,49.91131970867894],[-97.18825538150367,49.91073929552151],[-97.18560791079831,49.914107004961984]]]},"properties":{"DAUID":"46110146","DGUID":"2021S051246110146","LANDAREA":0.0973,"PRUID":"46","CMA":"Winnipeg"}},
{"type":"Feature","geometry":{"type":"Polygon","coordinates":[[[-97.19163288064894,49.913166696969014],[-97.19008008798428,49.912971596512016],[-97.18845700503014,49.91502399802357],[-97.19500971534612,49.91711411074267],[-97.19496249586531,49.91651070896714],[-97.19163288064894,49.913166696969014]]]},"properties":{"DAUID":"46110147","DGUID":"2021S051246110147","LANDAREA":0.0974,"PRUID":"46","CMA":"Winnipeg"}},
{"type":"Feature","geometry":{"type":"Polygon","coordinates":[[[-97.18712210839116,49.91458939476069],[-97.18606809100046,49.91594919970975],[-97.18828461898241,49.91664940995149],[-97.19196060652672,49.917813195176926],[-97.19498900454312,49.918786899430614],[-97.19500698606278,49.917932591277236],[-97.19500971534612,49.91711411074267],[-97.18845700503014,49.91502399802357],[-97.18712210839116,49.91458939476069]]]},"properties":{"DAUID":"46110148","DGUID":"2021S051246110148","LANDAREA":0.1131,"PRUID":"46","CMA":"Winnipeg"}},
{"type":"Feature","geometry":{"type":"Polygon","coordinates":[[[-97.18828461898241,49.91664940995149],[-97.18709831764616,49.918195991663545],[-97.1877433906138,49.91919548922312],[-97.19027601256887,49.920017699397285],[-97.19196060652672,49.917813195176926],[-97.18828461898241,49.91664940995149]]]},"properties":{"DAUID":"46110149","DGUID":"2021S051246110149","LANDAREA":0.0802,"PRUID":"46","CMA":"Winnipeg"}},
{"type":"Feature","geometry":{"type":"Polygon","coordinates":[[[-97.19196060652672,49.917813195176926],[-97.19027601256887,49.920017699397285],[-97.19501159121201,49.921539696147526],[-97.19499998625675,49.92072989784187],[-97.19498900454312,49.918786899430614],[-97.19196060652672,49.917813195176926]]]},"properties":{"DAUID":"46110150","DGUID":"2021S051246110150","LANDAREA":0.0854,"PRUID":"46","CMA":"Winnipeg"}},
{"type":"Feature","geometry":{"type":"Polygon","coordinates":[[[-97.18368169860408,49.91791769408943],[-97.18369480870548,49.92053538755671],[-97.18624569491864,49.92124101336703],[-97.1877433906138,49.91919548922312],[-97.18709831764616,49.918195991663545],[-97.18418041513588,49.91725089750795],[-97.18368169860408,49.91791769408943]]]},"properties":{"DAUID":"46110152","DGUID":"2021S051246110152","LANDAREA":0.0915,"PRUID":"46","CMA":"Winnipeg"}},
{"type":"Feature","geometry":{"type":"Polygon","coordinates":[[[-97.18418041513588,49.91725089750795],[-97.18709831764616,49.918195991663545],[-97.18828461898241,49.91664940995149],[-97.18606809100046,49.91594919970975],[-97.18712210839116,49.91458939476069],[-97.18560791079831,49.914107004961984],[-97.18375432091375,49.91413191133069],[-97.18373841558049,49.91640739809533],[-97.18418041513588,49.91725089750795]]]},"properties":{"DAUID":"46110153","DGUID":"2021S051246110153","LANDAREA":0.0944,"PRUID":"46","CMA":"Winnipeg"}},
{"type":"Feature","geometry":{"type":"Polygon","coordinates":[[[-97.1863560126801,49.92943709687691],[-97.18876609495295,49.93019430687365],[-97.18925059916783,49.929536299905365],[-97.19181130657239,49.93036780285999],[-97.19074209903023,49.93175430684799],[-97.1949998044671,49.933043995925345],[-97.19499898451292,49.93120000793313],[-97.19502787759107,49.923813376935655],[-97.178901493215,49.91949965813172],[-97.17005503888205,49.91667313436471],[-97.16941449835392,49.92348601172268],[-97.1759675164724,49.925577198163396],[-97.17928438202807,49.92666370348152],[-97.18165210926486,49.92742950984711],[-97.18242278433708,49.927315588920386],[-97.18688300633077,49.928761698707206],[-97.1863560126801,49.92943709687691]]]},"properties":{"DAUID":"46110155","DGUID":"2021S051246110155","LANDAREA":1.5044,"PRUID":"46","CMA":"Winnipeg"}},
{"type":"Feature","geometry":{"type":"Polygon","coordinates":[[[-97.17928438202807,49.92666370348152],[-97.17760230938626,49.92877810598637],[-97.1826430154991,49.93035040639366],[-97.18165210926486,49.92742950984711],[-97.17928438202807,49.92666370348152]]]},"properties":{"DAUID":"46110156","DGUID":"2021S051246110156","LANDAREA":0.0779,"PRUID":"46","CMA":"Winnipeg"}},
{"type":"Feature","geometry":{"type":"Polygon","coordinates":[[[-97.18165210926486,49.92742950984711],[-97.1826430154991,49.93035040639366],[-97.18302159945911,49.93139970152722],[-97.18499840073787,49.932564091992155],[-97.18702120225002,49.93250570632374],[-97.18760760290348,49.93173240602624],[-97.18346201625555,49.930435195540625],[-97.18307050789251,49.92935858965333],[-97.18575600770981,49.93020121270095],[-97.1863560126801,49.92943709687691],[-97.18688300633077,49.928761698707206],[-97.18242278433708,49.927315588920386],[-97.18165210926486,49.92742950984711]]]},"properties":{"DAUID":"46110157","DGUID":"2021S051246110157","LANDAREA":0.1123,"PRUID":"46","CMA":"Winnipeg"}},
{"type":"Feature","geometry":{"type":"Polygon","coordinates":[[[-97.1863560126801,49.92943709687691],[-97.18575600770981,49.93020121270095],[-97.18307050789251,49.92935858965333],[-97.18346201625555,49.930435195540625],[-97.18760760290348,49.93173240602624],[-97.1901275879203,49.932536290877316],[-97.19074209903023,49.93175430684799],[-97.19181130657239,49.93036780285999],[-97.18925059916783,49.929536299905365],[-97.18876609495295,49.93019430687365],[-97.1863560126801,49.92943709687691]]]},"properties":{"DAUID":"46110158","DGUID":"2021S051246110158","LANDAREA":0.1088,"PRUID":"46","CMA":"Winnipeg"}},
{"type":"Feature","geometry":{"type":"Polygon","coordinates":[[[-97.18499840073787,49.932564091992155],[-97.18570471096497,49.93453599881022],[-97.18838188101645,49.934865703015134],[-97.18954119346805,49.93330968755817],[-97.18702120225002,49.93250570632374],[-97.18499840073787,49.932564091992155]]]},"properties":{"DAUID":"46110160","DGUID":"2021S051246110160","LANDAREA":0.0571,"PRUID":"46","CMA":"Winnipeg"}},
{"type":"Feature","geometry":{"type":"Polygon","coordinates":[[[-97.16540988662766,49.942357112752724],[-97.17495621911137,49.94504599978929],[-97.18352851237042,49.93385430565359],[-97.18302159945911,49.93139970152722],[-97.1826430154991,49.93035040639366],[-97.17760230938626,49.92877810598637],[-97.17705929059328,49.92950721121072],[-97.17489898338543,49.92878060605836],[-97.17437151141853,49.92946490549117],[-97.17110341759441,49.933712888123914],[-97.16878768603937,49.93671668783417],[-97.1676413086093,49.93828169178486],[-97.16746478430612,49.93962809947921],[-97.16540988662766,49.942357112752724]]]},"properties":{"DAUID":"46110162","DGUID":"2021S051246110162","LANDAREA":1.318,"PRUID":"46","CMA":"Winnipeg"}},
{"type":"Feature","geometry":{"type":"Polygon","coordinates":[[[-97.16878768603937,49.93671668783417],[-97.17110341759441,49.933712888123914],[-97.16609221619153,49.93216120519089],[-97.1643276085606,49.93416359853139],[-97.16356851225976,49.93506899446922],[-97.16878768603937,49.93671668783417]]]},"properties":{"DAUID":"46110163","DGUID":"2021S051246110163","LANDAREA":0.1519,"PRUID":"46","CMA":"Winnipeg"}},
{"type":"Feature","geometry":{"type":"Polygon","coordinates":[[[-97.17437151141853,49.92946490549117],[-97.16896131790736,49.92772449971925],[-97.1685220052125,49.929390608542846],[-97.1666722168852,49.93150218722435],[-97.16609221619153,49.93216120519089],[-97.17110341759441,49.933712888123914],[-97.17437151141853,49.92946490549117]]]},"properties":{"DAUID":"46110164","DGUID":"2021S051246110164","LANDAREA":0.2092,"PRUID":"46","CMA":"Winnipeg"}},
{"type":"Feature","geometry":{"type":"Polygon","coordinates":[[[-97.1643276085606,49.93416359853139],[-97.16609221619153,49.93216120519089],[-97.1666722168852,49.93150218722435],[-97.16057059525122,49.92962450066957],[-97.15859149322739,49.93219270061098],[-97.1643276085606,49.93416359853139]]]},"properties":{"DAUID":"46110165","DGUID":"2021S051246110165","LANDAREA":0.1534,"PRUID":"46","CMA":"Winnipeg"}},
{"type":"Feature","geometry":{"type":"Polygon","coordinates":[[[-97.16057059525122,49.92962450066957],[-97.1666722168852,49.93150218722435],[-97.1685220052125,49.929390608542846],[-97.16590610934756,49.928557704553896],[-97.16537881308584,49.929232987866904],[-97.16323170855566,49.92853339016936],[-97.16377259918728,49.92786729593311],[-97.16095039240173,49.92696799885449],[-97.15993850137792,49.92829219239937],[-97.1584780855696,49.928952695063074],[-97.16057059525122,49.92962450066957]]]},"properties":{"DAUID":"46110166","DGUID":"2021S051246110166","LANDAREA":0.158,"PRUID":"46","CMA":"Winnipeg"}},
{"type":"Feature","geometry":{"type":"Polygon","coordinates":[[[-97.16896131790736,49.92772449971925],[-97.16904700588285,49.92693429293742],[-97.1653988147121,49.925770203493386],[-97.16377259918728,49.92786729593311],[-97.16323170855566,49.92853339016936],[-97.16537881308584,49.929232987866904],[-97.16590610934756,49.928557704553896],[-97.1685220052125,49.929390608542846],[-97.16896131790736,49.92772449971925]]]},"properties":{"DAUID":"46110167","DGUID":"2021S051246110167","LANDAREA":0.1046,"PRUID":"46","CMA":"Winnipeg"}},
{"type":"Feature","geometry":{"type":"Polygon","coordinates":[[[-97.16095039240173,49.92696799885449],[-97.16377259918728,49.92786729593311],[-97.1653988147121,49.925770203493386],[-97.16182038313273,49.92460720334871],[-97.15931601656526,49.92378488948516],[-97.15827700619124,49.925090595569884],[-97.16156630651943,49.92615931221165],[-97.16095039240173,49.92696799885449]]]},"properties":{"DAUID":"46110168","DGUID":"2021S051246110168","LANDAREA":0.1022,"PRUID":"46","CMA":"Winnipeg"}},
{"type":"Feature","geometry":{"type":"Polygon","coordinates":[[[-97.16904700588285,49.92693429293742],[-97.16913340722532,49.92612609788532],[-97.16932579247381,49.924357103385994],[-97.16346058121648,49.92251039484778],[-97.16182038313273,49.92460720334871],[-97.1653988147121,49.925770203493386],[-97.16904700588285,49.92693429293742]]]},"properties":{"DAUID":"46110169","DGUID":"2021S051246110169","LANDAREA":0.1384,"PRUID":"46","CMA":"Winnipeg"}},
{"type":"Feature","geometry":{"type":"Polygon","coordinates":[[[-97.15931601656526,49.92378488948516],[-97.16182038313273,49.92460720334871],[-97.16346058121648,49.92251039484778],[-97.16450138799811,49.92115060514939],[-97.1594355121308,49.91955019545197],[-97.15896631590743,49.92016339777914],[-97.15843841141928,49.92085660769462],[-97.16091478726182,49.92167838913664],[-97.15931601656526,49.92378488948516]]]},"properties":{"DAUID":"46110170","DGUID":"2021S051246110170","LANDAREA":0.1203,"PRUID":"46","CMA":"Winnipeg"}},
{"type":"Feature","geometry":{"type":"Polygon","coordinates":[[[-97.15896631590743,49.92016339777914],[-97.1594355121308,49.91955019545197],[-97.16450138799811,49.92115060514939],[-97.16346058121648,49.92251039484778],[-97.16932579247381,49.924357103385994],[-97.16941449835392,49.92348601172268],[-97.17005503888205,49.91667313436471],[-97.1607433499587,49.913707554335325],[-97.15776601605606,49.91766170068782],[-97.15647540045866,49.91935920001724],[-97.15896631590743,49.92016339777914]]]},"properties":{"DAUID":"46110171","DGUID":"2021S051246110171","LANDAREA":0.6342,"PRUID":"46","CMA":"Winnipeg"}},
{"type":"Feature","geometry":{"type":"Polygon","coordinates":[[[-97.16941449835392,49.92348601172268],[-97.16932579247381,49.924357103385994],[-97.16913340722532,49.92612609788532],[-97.17436779811005,49.92771980476357],[-97.1759675164724,49.925577198163396],[-97.16941449835392,49.92348601172268]]]},"properties":{"DAUID":"46110172","DGUID":"2021S051246110172","LANDAREA":0.1249,"PRUID":"46","CMA":"Winnipeg"}},
{"type":"Feature","geometry":{"type":"Polygon","coordinates":[[[-97.1759675164724,49.925577198163396],[-97.17436779811005,49.92771980476357],[-97.16913340722532,49.92612609788532],[-97.16904700588285,49.92693429293742],[-97.16896131790736,49.92772449971925],[-97.17437151141853,49.92946490549117],[-97.17489898338543,49.92878060605836],[-97.17705929059328,49.92950721121072],[-97.17760230938626,49.92877810598637],[-97.17928438202807,49.92666370348152],[-97.1759675164724,49.925577198163396]]]},"properties":{"DAUID":"46110173","DGUID":"2021S051246110173","LANDAREA":0.166,"PRUID":"46","CMA":"Winnipeg"}},
{"type":"Feature","geometry":{"type":"Polygon","coordinates":[[[-97.1607433499587,49.913707554335325],[-97.17005503888205,49.91667313436471],[-97.17054050314427,49.91288071026409],[-97.17089549424986,49.90957900661962],[-97.1652063167453,49.90788719384361],[-97.1620770494579,49.90690692918034],[-97.1613155296554,49.90802245310934],[-97.15977011969888,49.90746619881904],[-97.1596424197059,49.90899329819334],[-97.1563118143906,49.90794198680432],[-97.1555940967736,49.908866004021675],[-97.1525795861827,49.90792750368363],[-97.15081915767367,49.9105397981104],[-97.1607433499587,49.913707554335325]]]},"properties":{"DAUID":"46110174","DGUID":"2021S051246110174","LANDAREA":0.8444,"PRUID":"46","CMA":"Winnipeg"}},
{"type":"Feature","geometry":{"type":"Polygon","coordinates":[[[-97.15459538838566,49.905836793451265],[-97.1525795861827,49.90792750368363],[-97.1555940967736,49.908866004021675],[-97.1563118143906,49.90794198680432],[-97.1596424197059,49.90899329819334],[-97.15977011969888,49.90746619881904],[-97.15459538838566,49.905836793451265]]]},"properties":{"DAUID":"46110175","DGUID":"2021S051246110175","LANDAREA":0.0971,"PRUID":"46","CMA":"Winnipeg"}},
{"type":"Feature","geometry":{"type":"Polygon","coordinates":[[[-97.15081915767367,49.9105397981104],[-97.1525795861827,49.90792750368363],[-97.15459538838566,49.905836793451265],[-97.15500141254387,49.90505170092739],[-97.14866930431374,49.903041359998724],[-97.14762539030318,49.90454729682703],[-97.14497759907434,49.908681982343886],[-97.15081915767367,49.9105397981104]]]},"properties":{"DAUID":"46110176","DGUID":"2021S051246110176","LANDAREA":0.3315,"PRUID":"46","CMA":"Winnipeg"}},
{"type":"Feature","geometry":{"type":"Polygon","coordinates":[[[-97.1659093942438,49.94388509568382],[-97.1694903062191,49.94502111101661],[-97.17388381881337,49.9464215960509],[-97.17495621911137,49.94504599978929],[-97.16540988662766,49.942357112752724],[-97.16452559345738,49.94362039350512],[-97.1659093942438,49.94388509568382]]]},"properties":{"DAUID":"46110177","DGUID":"2021S051246110177","LANDAREA":0.118,"PRUID":"46","CMA":"Winnipeg"}},
{"type":"Feature","geometry":{"type":"Polygon","coordinates":[[[-97.1694903062191,49.94502111101661],[-97.16840630111544,49.94640719711812],[-97.16946668241965,49.94674780948831],[-97.16780359210307,49.948331610779135],[-97.17054619504658,49.949895004480034],[-97.171566685464,49.949083599649924],[-97.17337080231444,49.947088194737894],[-97.17388381881337,49.9464215960509],[-97.1694903062191,49.94502111101661]]]},"properties":{"DAUID":"46110178","DGUID":"2021S051246110178","LANDAREA":0.1259,"PRUID":"46","CMA":"Winnipeg"}},
{"type":"Feature","geometry":{"type":"Polygon","coordinates":[[[-97.16840630111544,49.94640719711812],[-97.16609981334658,49.94878141097128],[-97.1676993998646,49.949607190039835],[-97.17022698108137,49.9516980023314],[-97.17253849082587,49.949557612949995],[-97.171566685464,49.949083599649924],[-97.17054619504658,49.949895004480034],[-97.16780359210307,49.948331610779135],[-97.16946668241965,49.94674780948831],[-97.16840630111544,49.94640719711812]]]},"properties":{"DAUID":"46110179","DGUID":"2021S051246110179","LANDAREA":0.0876,"PRUID":"46","CMA":"Winnipeg"}},
{"type":"Feature","geometry":{"type":"Polygon","coordinates":[[[-97.171566685464,49.949083599649924],[-97.17253849082587,49.949557612949995],[-97.17515218365611,49.950849110274476],[-97.1769316984834,49.94913208908178],[-97.17843871023804,49.94872399960989],[-97.17337080231444,49.947088194737894],[-97.171566685464,49.949083599649924]]]},"properties":{"DAUID":"46110180","DGUID":"2021S051246110180","LANDAREA":0.1042,"PRUID":"46","CMA":"Winnipeg"}},
{"type":"Feature","geometry":{"type":"Polygon","coordinates":[[[-97.17388381881337,49.9464215960509],[-97.17337080231444,49.947088194737894],[-97.17843871023804,49.94872399960989],[-97.17959459936134,49.94727599796325],[-97.18112431085123,49.9477406861934],[-97.1811081852559,49.94890979559567],[-97.18255810157235,49.94890560030167],[-97.18257758903576,49.94764659153201],[-97.17495621911137,49.94504599978929],[-97.17388381881337,49.9464215960509]]]},"properties":{"DAUID":"46110181","DGUID":"2021S051246110181","LANDAREA":0.1293,"PRUID":"46","CMA":"Winnipeg"}},
{"type":"Feature","geometry":{"type":"Polygon","coordinates":[[[-97.17515218365611,49.950849110274476],[-97.17844711178303,49.95182739712787],[-97.18379819707945,49.95188430499702],[-97.18255810157235,49.94890560030167],[-97.1811081852559,49.94890979559567],[-97.18112431085123,49.9477406861934],[-97.17959459936134,49.94727599796325],[-97.17843871023804,49.94872399960989],[-97.1769316984834,49.94913208908178],[-97.17515218365611,49.950849110274476]]]},"properties":{"DAUID":"46110182","DGUID":"2021S051246110182","LANDAREA":0.1781,"PRUID":"46","CMA":"Winnipeg"}},
{"type":"Feature","geometry":{"type":"Polygon","coordinates":[[[-97.17022698108137,49.9516980023314],[-97.17105660704651,49.953716896261035],[-97.17108809665508,49.95509361030738],[-97.17594198511485,49.95503521152639],[-97.17839668429284,49.95501081322549],[-97.1783877941542,49.9541381062878],[-97.17837209204342,49.95344530631846],[-97.18064858735441,49.953337106466385],[-97.18057580154803,49.95267928845206],[-97.17834490372277,49.95268930773143],[-97.17844711178303,49.95182739712787],[-97.17515218365611,49.950849110274476],[-97.17253849082587,49.949557612949995],[-97.17022698108137,49.9516980023314]]]},"properties":{"DAUID":"46110183","DGUID":"2021S051246110183","LANDAREA":0.2699,"PRUID":"46","CMA":"Winnipeg"}},
{"type":"Feature","geometry":{"type":"Polygon","coordinates":[[[-97.17844711178303,49.95182739712787],[-97.17834490372277,49.95268930773143],[-97.18057580154803,49.95267928845206],[-97.18064858735441,49.953337106466385],[-97.17837209204342,49.95344530631846],[-97.1783877941542,49.9541381062878],[-97.18187310415799,49.95413890128083],[-97.18207878433005,49.954969596719486],[-97.18386359586273,49.95496160073967],[-97.18379819707945,49.95188430499702],[-97.17844711178303,49.95182739712787]]]},"properties":{"DAUID":"46110184","DGUID":"2021S051246110184","LANDAREA":0.0965,"PRUID":"46","CMA":"Winnipeg"}},
{"type":"Feature","geometry":{"type":"Polygon","coordinates":[[[-97.17594198511485,49.95503521152639],[-97.17594001056443,49.95582670431883],[-97.17718321442405,49.95687169049426],[-97.18007539647763,49.95781661169651],[-97.1804750982863,49.95498039960194],[-97.18207878433005,49.954969596719486],[-97.18187310415799,49.95413890128083],[-97.1783877941542,49.9541381062878],[-97.17839668429284,49.95501081322549],[-97.17594198511485,49.95503521152639]]]},"properties":{"DAUID":"46110185","DGUID":"2021S051246110185","LANDAREA":0.0947,"PRUID":"46","CMA":"Winnipeg"}},
{"type":"Feature","geometry":{"type":"Polygon","coordinates":[[[-97.18207878433005,49.954969596719486],[-97.1804750982863,49.95498039960194],[-97.18007539647763,49.95781661169651],[-97.17986581194755,49.95856880621209],[-97.1831405146297,49.95935779106463],[-97.1838916024927,49.95718378831731],[-97.18386359586273,49.95496160073967],[-97.18207878433005,49.954969596719486]]]},"properties":{"DAUID":"46110186","DGUID":"2021S051246110186","LANDAREA":0.1139,"PRUID":"46","CMA":"Winnipeg"}},
{"type":"Feature","geometry":{"type":"Polygon","coordinates":[[[-97.17594001056443,49.95582670431883],[-97.1747404197124,49.95584379692137],[-97.17417310874592,49.95757091121707],[-97.17470699791359,49.958568704885266],[-97.17984731949149,49.96016960421741],[-97.18265878129071,49.96067249037781],[-97.1831405146297,49.95935779106463],[-97.17986581194755,49.95856880621209],[-97.18007539647763,49.95781661169651],[-97.17718321442405,49.95687169049426],[-97.17594001056443,49.95582670431883]]]},"properties":{"DAUID":"46110187","DGUID":"2021S051246110187","LANDAREA":0.1512,"PRUID":"46","CMA":"Winnipeg"}},
{"type":"Feature","geometry":{"type":"Polygon","coordinates":[[[-97.17470699791359,49.958568704885266],[-97.17313780325442,49.960612804517375],[-97.17618338616917,49.961560296634104],[-97.17559539166764,49.962360591960895],[-97.18005162877292,49.96380707810541],[-97.18113284227834,49.963070652023234],[-97.18265878129071,49.96067249037781],[-97.17984731949149,49.96016960421741],[-97.17470699791359,49.958568704885266]]]},"properties":{"DAUID":"46110188","DGUID":"2021S051246110188","LANDAREA":0.203,"PRUID":"46","CMA":"Winnipeg"}},
{"type":"Feature","geometry":{"type":"Polygon","coordinates":[[[-97.18005162877292,49.96380707810541],[-97.18026160313364,49.96387521192982],[-97.18447770008763,49.9652431946569],[-97.18599171811199,49.96251460922561],[-97.18605860520061,49.96073470282363],[-97.18265878129071,49.96067249037781],[-97.18113284227834,49.963070652023234],[-97.18005162877292,49.96380707810541]]]},"properties":{"DAUID":"46110189","DGUID":"2021S051246110189","LANDAREA":0.1361,"PRUID":"46","CMA":"Winnipeg"}},
{"type":"Feature","geometry":{"type":"Polygon","coordinates":[[[-97.18447770008763,49.9652431946569],[-97.18898188827144,49.96670468834445],[-97.18944392011193,49.96601360779643],[-97.18951578660109,49.96075268961755],[-97.18605860520061,49.96073470282363],[-97.18599171811199,49.96251460922561],[-97.18447770008763,49.9652431946569]]]},"properties":{"DAUID":"46110190","DGUID":"2021S051246110190","LANDAREA":0.169,"PRUID":"46","CMA":"Winnipeg"}},
{"type":"Feature","geometry":{"type":"Polygon","coordinates":[[[-97.1831405146297,49.95935779106463],[-97.18265878129071,49.96067249037781],[-97.18605860520061,49.96073470282363],[-97.18951578660109,49.96075268961755],[-97.1894481809887,49.958466994304764],[-97.18793201051584,49.958371400644786],[-97.1878969851184,49.95707550095543],[-97.1838916024927,49.95718378831731],[-97.1831405146297,49.95935779106463]]]},"properties":{"DAUID":"46110191","DGUID":"2021S051246110191","LANDAREA":0.1587,"PRUID":"46","CMA":"Winnipeg"}},
{"type":"Feature","geometry":{"type":"Polygon","coordinates":[[[-97.1894481809887,49.958466994304764],[-97.19125618512808,49.95821639921439],[-97.1904023093458,49.95570249549592],[-97.1878673816659,49.9556358887616],[-97.1878969851184,49.95707550095543],[-97.18793201051584,49.958371400644786],[-97.1894481809887,49.958466994304764]]]},"properties":{"DAUID":"46110192","DGUID":"2021S051246110192","LANDAREA":0.0669,"PRUID":"46","CMA":"Winnipeg"}},
{"type":"Feature","geometry":{"type":"Polygon","coordinates":[[[-97.18951578660109,49.96075268961755],[-97.19426627506434,49.960692653161544],[-97.19465648746984,49.955141513089025],[-97.19508670224606,49.95517481184216],[-97.19509283513946,49.95165018440769],[-97.18965861299871,49.94969907098429],[-97.18570311070141,49.94867599691969],[-97.18535160447888,49.949129203992726],[-97.1884493883141,49.95015809735233],[-97.18904959987628,49.951624598197036],[-97.18961351135015,49.95331550153315],[-97.18858530199165,49.95359629201862],[-97.18901379224366,49.95483580574844],[-97.18778499504185,49.95486100340624],[-97.1878673816659,49.9556358887616],[-97.1904023093458,49.95570249549592],[-97.19125618512808,49.95821639921439],[-97.1894481809887,49.958466994304764],[-97.18951578660109,49.96075268961755]]]},"properties":{"DAUID":"46110193","DGUID":"2021S051246110193","LANDAREA":0.4401,"PRUID":"46","CMA":"Winnipeg"}},
{"type":"Feature","geometry":{"type":"Polygon","coordinates":[[[-97.18386359586273,49.95496160073967],[-97.1838916024927,49.95718378831731],[-97.1878969851184,49.95707550095543],[-97.1878673816659,49.9556358887616],[-97.18778499504185,49.95486100340624],[-97.18517611891465,49.95491019393919],[-97.18498380889869,49.95186689469588],[-97.18379819707945,49.95188430499702],[-97.18386359586273,49.95496160073967]]]},"properties":{"DAUID":"46110194","DGUID":"2021S051246110194","LANDAREA":0.1019,"PRUID":"46","CMA":"Winnipeg"}},
{"type":"Feature","geometry":{"type":"Polygon","coordinates":[[[-97.18904959987628,49.951624598197036],[-97.18498380889869,49.95186689469588],[-97.18517611891465,49.95491019393919],[-97.18778499504185,49.95486100340624],[-97.18901379224366,49.95483580574844],[-97.18858530199165,49.95359629201862],[-97.18961351135015,49.95331550153315],[-97.18904959987628,49.951624598197036]]]},"properties":{"DAUID":"46110195","DGUID":"2021S051246110195","LANDAREA":0.0997,"PRUID":"46","CMA":"Winnipeg"}},
{"type":"Feature","geometry":{"type":"Polygon","coordinates":[[[-97.18255810157235,49.94890560030167],[-97.18379819707945,49.95188430499702],[-97.18498380889869,49.95186689469588],[-97.18904959987628,49.951624598197036],[-97.1884493883141,49.95015809735233],[-97.18535160447888,49.949129203992726],[-97.18570311070141,49.94867599691969],[-97.18257758903576,49.94764659153201],[-97.18255810157235,49.94890560030167]]]},"properties":{"DAUID":"46110196","DGUID":"2021S051246110196","LANDAREA":0.1313,"PRUID":"46","CMA":"Winnipeg"}},
{"type":"Feature","geometry":{"type":"Polygon","coordinates":[[[-97.19508670224606,49.95517481184216],[-97.19762649514084,49.955200506578834],[-97.19844740145638,49.954190699448034],[-97.19742938177986,49.95307749310941],[-97.19745901606309,49.95004660552279],[-97.1977703059745,49.94954779672633],[-97.19506171187082,49.94928980044941],[-97.19509283513946,49.95165018440769],[-97.19508670224606,49.95517481184216]]]},"properties":{"DAUID":"46110197","DGUID":"2021S051246110197","LANDAREA":0.1237,"PRUID":"46","CMA":"Winnipeg"}},
{"type":"Feature","geometry":{"type":"Polygon","coordinates":[[[-97.19844740145638,49.954190699448034],[-97.20001619508743,49.95436789222652],[-97.20001340369062,49.95220009312925],[-97.20222378801026,49.951991491819676],[-97.1996991936723,49.9505311871409],[-97.1977703059745,49.94954779672633],[-97.19745901606309,49.95004660552279],[-97.19742938177986,49.95307749310941],[-97.19844740145638,49.954190699448034]]]},"properties":{"DAUID":"46110198","DGUID":"2021S051246110198","LANDAREA":0.0941,"PRUID":"46","CMA":"Winnipeg"}},
{"type":"Feature","geometry":{"type":"Polygon","coordinates":[[[-97.1996991936723,49.9505311871409],[-97.2017342097736,49.949042599543986],[-97.20120941799104,49.94816199092122],[-97.20100430837032,49.94655768878548],[-97.19832818234626,49.946552101143986],[-97.19823200658402,49.94726120950827],[-97.19626601398035,49.94727570724432],[-97.19623819939446,49.94802180195094],[-97.19821708276557,49.948034599130196],[-97.1977703059745,49.94954779672633],[-97.1996991936723,49.9505311871409]]]},"properties":{"DAUID":"46110199","DGUID":"2021S051246110199","LANDAREA":0.0998,"PRUID":"46","CMA":"Winnipeg"}},
{"type":"Feature","geometry":{"type":"Polygon","coordinates":[[[-97.20222378801026,49.951991491819676],[-97.20312460664056,49.95250920759805],[-97.20553280461436,49.9518539043291],[-97.20554500077155,49.94852599313408],[-97.20539530902086,49.94655380785636],[-97.20248201433724,49.946553602763636],[-97.20232268227274,49.94783740920789],[-97.20120941799104,49.94816199092122],[-97.2017342097736,49.949042599543986],[-97.1996991936723,49.9505311871409],[-97.20222378801026,49.951991491819676]]]},"properties":{"DAUID":"46110200","DGUID":"2021S051246110200","LANDAREA":0.1591,"PRUID":"46","CMA":"Winnipeg"}},
{"type":"Feature","geometry":{"type":"Polygon","coordinates":[[[-97.1977703059745,49.94954779672633],[-97.19821708276557,49.948034599130196],[-97.19623819939446,49.94802180195094],[-97.19626601398035,49.94727570724432],[-97.19823200658402,49.94726120950827],[-97.19832818234626,49.946552101143986],[-97.20100430837032,49.94655768878548],[-97.20120941799104,49.94816199092122],[-97.20232268227274,49.94783740920789],[-97.20248201433724,49.946553602763636],[-97.20539530902086,49.94655380785636],[-97.20554500077155,49.94852599313408],[-97.20679950633475,49.948527392295695],[-97.20674111481028,49.94597199864573],[-97.19503068153286,49.94601509076533],[-97.19506171187082,49.94928980044941],[-97.1977703059745,49.94954779672633]]]},"properties":{"DAUID":"46110201","DGUID":"2021S051246110201","LANDAREA":0.1435,"PRUID":"46","CMA":"Winnipeg"}},
{"type":"Feature","geometry":{"type":"Polygon","coordinates":[[[-97.20674111481028,49.94597199864573],[-97.20680740154307,49.94456081009995],[-97.20507941215305,49.94455201030425],[-97.20499659343002,49.94527931272668],[-97.20248571038059,49.945330400193306],[-97.20106540214582,49.94454379438329],[-97.19954700365324,49.9445201903934],[-97.19745841767816,49.94371421223724],[-97.19503100574676,49.943397588423515],[-97.19503068153286,49.94601509076533],[-97.20674111481028,49.94597199864573]]]},"properties":{"DAUID":"46110202","DGUID":"2021S051246110202","LANDAREA":0.1436,"PRUID":"46","CMA":"Winnipeg"}},
{"type":"Feature","geometry":{"type":"Polygon","coordinates":[[[-97.19954700365324,49.9445201903934],[-97.19952669936664,49.94281989661782],[-97.20004358407238,49.94166759824077],[-97.19767380900075,49.94167571197461],[-97.1978435823785,49.93936670022119],[-97.19792819026678,49.93859439333598],[-97.19502968505127,49.93858530663663],[-97.19503100574676,49.943397588423515],[-97.19745841767816,49.94371421223724],[-97.19954700365324,49.9445201903934]]]},"properties":{"DAUID":"46110203","DGUID":"2021S051246110203","LANDAREA":0.1456,"PRUID":"46","CMA":"Winnipeg"}},
{"type":"Feature","geometry":{"type":"Polygon","coordinates":[[[-97.20106540214582,49.94454379438329],[-97.20106758530135,49.942987690622886],[-97.20225301574452,49.94297009454079],[-97.20223138707036,49.940927907328174],[-97.20055919426517,49.94091999287918],[-97.20004358407238,49.94166759824077],[-97.19952669936664,49.94281989661782],[-97.19954700365324,49.9445201903934],[-97.20106540214582,49.94454379438329]]]},"properties":{"DAUID":"46110204","DGUID":"2021S051246110204","LANDAREA":0.0568,"PRUID":"46","CMA":"Winnipeg"}},
{"type":"Feature","geometry":{"type":"Polygon","coordinates":[[[-97.20004358407238,49.94166759824077],[-97.20055919426517,49.94091999287918],[-97.20085340328839,49.94013299476586],[-97.20297159498428,49.940138893945196],[-97.20308129599228,49.9394389929948],[-97.20095151655778,49.939370010702625],[-97.1978435823785,49.93936670022119],[-97.19767380900075,49.94167571197461],[-97.20004358407238,49.94166759824077]]]},"properties":{"DAUID":"46110205","DGUID":"2021S051246110205","LANDAREA":0.0679,"PRUID":"46","CMA":"Winnipeg"}},
{"type":"Feature","geometry":{"type":"Polygon","coordinates":[[[-97.20225301574452,49.94297009454079],[-97.20341288034845,49.94288919742833],[-97.20349359961777,49.9414692034508],[-97.20440280082262,49.93988219137056],[-97.20440639588509,49.93865899366719],[-97.20096629941953,49.93859659698423],[-97.20095151655778,49.939370010702625],[-97.20308129599228,49.9394389929948],[-97.20297159498428,49.940138893945196],[-97.20085340328839,49.94013299476586],[-97.20055919426517,49.94091999287918],[-97.20223138707036,49.940927907328174],[-97.20225301574452,49.94297009454079]]]},"properties":{"DAUID":"46110206","DGUID":"2021S051246110206","LANDAREA":0.0707,"PRUID":"46","CMA":"Winnipeg"}},
{"type":"Feature","geometry":{"type":"Polygon","coordinates":[[[-97.1978435823785,49.93936670022119],[-97.20095151655778,49.939370010702625],[-97.20096629941953,49.93859659698423],[-97.2008353116091,49.93687660100785],[-97.19789378576337,49.936902896263014],[-97.19792819026678,49.93859439333598],[-97.1978435823785,49.93936670022119]]]},"properties":{"DAUID":"46110207","DGUID":"2021S051246110207","LANDAREA":0.0606,"PRUID":"46","CMA":"Winnipeg"}},
{"type":"Feature","geometry":{"type":"Polygon","coordinates":[[[-97.20440639588509,49.93865899366719],[-97.20677228243908,49.9387495082669],[-97.20677751380803,49.937859109460504],[-97.20677189819772,49.93500758929536],[-97.20677359066029,49.933460502731855],[-97.20438229295502,49.933684399736514],[-97.20405820814585,49.93528049403562],[-97.19789968334506,49.93524789778921],[-97.19789378576337,49.936902896263014],[-97.2008353116091,49.93687660100785],[-97.20096629941953,49.93859659698423],[-97.20440639588509,49.93865899366719]]]},"properties":{"DAUID":"46110208","DGUID":"2021S051246110208","LANDAREA":0.2289,"PRUID":"46","CMA":"Winnipeg"}},
{"type":"Feature","geometry":{"type":"Polygon","coordinates":[[[-97.19792819026678,49.93859439333598],[-97.19789378576337,49.936902896263014],[-97.19789968334506,49.93524789778921],[-97.19502791034027,49.93527519445378],[-97.19502968505127,49.93858530663663],[-97.19792819026678,49.93859439333598]]]},"properties":{"DAUID":"46110209","DGUID":"2021S051246110209","LANDAREA":0.0765,"PRUID":"46","CMA":"Winnipeg"}},
{"type":"Feature","geometry":{"type":"Polygon","coordinates":[[[-97.20438229295502,49.933684399736514],[-97.20103770141243,49.933686508512906],[-97.19500319434111,49.93370069260906],[-97.19502791034027,49.93527519445378],[-97.19789968334506,49.93524789778921],[-97.20405820814585,49.93528049403562],[-97.20438229295502,49.933684399736514]]]},"properties":{"DAUID":"46110210","DGUID":"2021S051246110210","LANDAREA":0.1168,"PRUID":"46","CMA":"Winnipeg"}},
{"type":"Feature","geometry":{"type":"Polygon","coordinates":[[[-97.1949998044671,49.933043995925345],[-97.19500319434111,49.93370069260906],[-97.20103770141243,49.933686508512906],[-97.2010044044358,49.93121239754437],[-97.19499898451292,49.93120000793313],[-97.1949998044671,49.933043995925345]]]},"properties":{"DAUID":"46110211","DGUID":"2021S051246110211","LANDAREA":0.1196,"PRUID":"46","CMA":"Winnipeg"}},
{"type":"Feature","geometry":{"type":"Polygon","coordinates":[[[-97.20677359066029,49.933460502731855],[-97.20675921975594,49.931220599304396],[-97.2010044044358,49.93121239754437],[-97.20103770141243,49.933686508512906],[-97.20438229295502,49.933684399736514],[-97.20677359066029,49.933460502731855]]]},"properties":{"DAUID":"46110212","DGUID":"2021S051246110212","LANDAREA":0.1117,"PRUID":"46","CMA":"Winnipeg"}},
{"type":"Feature","geometry":{"type":"Polygon","coordinates":[[[-97.20677189819772,49.93500758929536],[-97.20977098465121,49.934928095016865],[-97.20976772028148,49.93125810204051],[-97.20675921975594,49.931220599304396],[-97.20677359066029,49.933460502731855],[-97.20677189819772,49.93500758929536]]]},"properties":{"DAUID":"46110213","DGUID":"2021S051246110213","LANDAREA":0.0893,"PRUID":"46","CMA":"Winnipeg"}},
{"type":"Feature","geometry":{"type":"Polygon","coordinates":[[[-97.20977098465121,49.934928095016865],[-97.21094130671712,49.934937098310755],[-97.21446739820105,49.934928511389394],[-97.215530498371,49.93519670944849],[-97.21702808078415,49.933888491831404],[-97.21184380430742,49.931263099244866],[-97.20976772028148,49.93125810204051],[-97.20977098465121,49.934928095016865]]]},"properties":{"DAUID":"46110214","DGUID":"2021S051246110214","LANDAREA":0.1534,"PRUID":"46","CMA":"Winnipeg"}},
{"type":"Feature","geometry":{"type":"Polygon","coordinates":[[[-97.21094130671712,49.934937098310755],[-97.21096831146879,49.93646670597386],[-97.21325380664535,49.93646589217013],[-97.21322620325093,49.93796769686814],[-97.21480338452058,49.938657593769264],[-97.21598740191686,49.937920206791304],[-97.21509109587612,49.93615240686348],[-97.215530498371,49.93519670944849],[-97.21446739820105,49.934928511389394],[-97.21094130671712,49.934937098310755]]]},"properties":{"DAUID":"46110215","DGUID":"2021S051246110215","LANDAREA":0.0843,"PRUID":"46","CMA":"Winnipeg"}},
{"type":"Feature","geometry":{"type":"Polygon","coordinates":[[[-97.20677228243908,49.9387495082669],[-97.21116529440218,49.93867350523553],[-97.21380410014748,49.939298799354795],[-97.21480338452058,49.938657593769264],[-97.21322620325093,49.93796769686814],[-97.21325380664535,49.93646589217013],[-97.21096831146879,49.93646670597386],[-97.21094581484073,49.93782460034935],[-97.20677751380803,49.937859109460504],[-97.20677228243908,49.9387495082669]]]},"properties":{"DAUID":"46110216","DGUID":"2021S051246110216","LANDAREA":0.0794,"PRUID":"46","CMA":"Winnipeg"}},
{"type":"Feature","geometry":{"type":"Polygon","coordinates":[[[-97.20677751380803,49.937859109460504],[-97.21094581484073,49.93782460034935],[-97.21096831146879,49.93646670597386],[-97.21094130671712,49.934937098310755],[-97.20977098465121,49.934928095016865],[-97.20677189819772,49.93500758929536],[-97.20677751380803,49.937859109460504]]]},"properties":{"DAUID":"46110217","DGUID":"2021S051246110217","LANDAREA":0.0966,"PRUID":"46","CMA":"Winnipeg"}},
{"type":"Feature","geometry":{"type":"Polygon","coordinates":[[[-97.20677228243908,49.9387495082669],[-97.20712281204969,49.943576196581624],[-97.20851061786078,49.942986002087295],[-97.20997460777086,49.94297260784505],[-97.21005231112123,49.94050019639491],[-97.21109878206914,49.939715890171584],[-97.21116529440218,49.93867350523553],[-97.20677228243908,49.9387495082669]]]},"properties":{"DAUID":"46110218","DGUID":"2021S051246110218","LANDAREA":0.1206,"PRUID":"46","CMA":"Winnipeg"}},
{"type":"Feature","geometry":{"type":"Polygon","coordinates":[[[-97.20674111481028,49.94597199864573],[-97.21737540193051,49.94600100359928],[-97.2175586027025,49.944438707210736],[-97.21298600331684,49.94445829353944],[-97.21262670410704,49.942869587632636],[-97.21614811948652,49.94073810272303],[-97.21380410014748,49.939298799354795],[-97.21116529440218,49.93867350523553],[-97.21109878206914,49.939715890171584],[-97.21005231112123,49.94050019639491],[-97.20997460777086,49.94297260784505],[-97.20851061786078,49.942986002087295],[-97.20712281204969,49.943576196581624],[-97.20680740154307,49.94456081009995],[-97.20674111481028,49.94597199864573]]]},"properties":{"DAUID":"46110219","DGUID":"2021S051246110219","LANDAREA":0.2983,"PRUID":"46","CMA":"Winnipeg"}},
{"type":"Feature","geometry":{"type":"Polygon","coordinates":[[[-97.20680740154307,49.94456081009995],[-97.20712281204969,49.943576196581624],[-97.20677228243908,49.9387495082669],[-97.20440639588509,49.93865899366719],[-97.20440280082262,49.93988219137056],[-97.20349359961777,49.9414692034508],[-97.20341288034845,49.94288919742833],[-97.20225301574452,49.94297009454079],[-97.20106758530135,49.942987690622886],[-97.20106540214582,49.94454379438329],[-97.20248571038059,49.945330400193306],[-97.20499659343002,49.94527931272668],[-97.20507941215305,49.94455201030425],[-97.20680740154307,49.94456081009995]]]},"properties":{"DAUID":"46110220","DGUID":"2021S051246110220","LANDAREA":0.1625,"PRUID":"46","CMA":"Winnipeg"}},
{"type":"Feature","geometry":{"type":"Polygon","coordinates":[[[-97.2175586027025,49.944438707210736],[-97.21755530299129,49.942261906483054],[-97.21614811948652,49.94073810272303],[-97.21262670410704,49.942869587632636],[-97.21298600331684,49.94445829353944],[-97.2175586027025,49.944438707210736]]]},"properties":{"DAUID":"46110221","DGUID":"2021S051246110221","LANDAREA":0.1046,"PRUID":"46","CMA":"Winnipeg"}},
{"type":"Feature","geometry":{"type":"Polygon","coordinates":[[[-97.21737540193051,49.94600100359928],[-97.21984261016586,49.94600290638314],[-97.21989521895435,49.94306240428007],[-97.2198968054343,49.942261892269755],[-97.21755530299129,49.942261906483054],[-97.2175586027025,49.944438707210736],[-97.21737540193051,49.94600100359928]]]},"properties":{"DAUID":"46110222","DGUID":"2021S051246110222","LANDAREA":0.0708,"PRUID":"46","CMA":"Winnipeg"}},
{"type":"Feature","geometry":{"type":"Polygon","coordinates":[[[-97.21984261016586,49.94600290638314],[-97.229446416028,49.9460060116136],[-97.22944291896215,49.94230009294721],[-97.22501150313795,49.942277288669956],[-97.2249418179895,49.94455199818123],[-97.22346420940741,49.94455629027587],[-97.22230318512125,49.943908896205606],[-97.22231970149831,49.943081592195995],[-97.21989521895435,49.94306240428007],[-97.21984261016586,49.94600290638314]]]},"properties":{"DAUID":"46110223","DGUID":"2021S051246110223","LANDAREA":0.2269,"PRUID":"46","CMA":"Winnipeg"}},
{"type":"Feature","geometry":{"type":"Polygon","coordinates":[[[-97.21989521895435,49.94306240428007],[-97.22231970149831,49.943081592195995],[-97.22230318512125,49.943908896205606],[-97.22346420940741,49.94455629027587],[-97.2249418179895,49.94455199818123],[-97.22501150313795,49.942277288669956],[-97.22944291896215,49.94230009294721],[-97.22918259116726,49.9404121917053],[-97.22631731702114,49.93860039847635],[-97.22371007997535,49.940521398014695],[-97.21997638007615,49.940482092273314],[-97.21906128357902,49.9399733002132],[-97.21826110425637,49.940509705439595],[-97.2196622973156,49.94143969951964],[-97.2198968054343,49.942261892269755],[-97.21989521895435,49.94306240428007]]]},"properties":{"DAUID":"46110224","DGUID":"2021S051246110224","LANDAREA":0.2479,"PRUID":"46","CMA":"Winnipeg"}},
{"type":"Feature","geometry":{"type":"Polygon","coordinates":[[[-97.21480338452058,49.938657593769264],[-97.21380410014748,49.939298799354795],[-97.21614811948652,49.94073810272303],[-97.21755530299129,49.942261906483054],[-97.2198968054343,49.942261892269755],[-97.2196622973156,49.94143969951964],[-97.21826110425637,49.940509705439595],[-97.21906128357902,49.9399733002132],[-97.2171171927687,49.93864819791349],[-97.21752879405285,49.93618090481208],[-97.21509109587612,49.93615240686348],[-97.21598740191686,49.937920206791304],[-97.21480338452058,49.938657593769264]]]},"properties":{"DAUID":"46110225","DGUID":"2021S051246110225","LANDAREA":0.1323,"PRUID":"46","CMA":"Winnipeg"}},
{"type":"Feature","geometry":{"type":"Polygon","coordinates":[[[-97.215530498371,49.93519670944849],[-97.21509109587612,49.93615240686348],[-97.21752879405285,49.93618090481208],[-97.2171171927687,49.93864819791349],[-97.21906128357902,49.9399733002132],[-97.21997638007615,49.940482092273314],[-97.22371007997535,49.940521398014695],[-97.22631731702114,49.93860039847635],[-97.22918259116726,49.9404121917053],[-97.22962611431356,49.93996419259961],[-97.22961617847824,49.93300538614694],[-97.22161289982665,49.93087994575932],[-97.21831749174531,49.93115242815634],[-97.21184380430742,49.931263099244866],[-97.21702808078415,49.933888491831404],[-97.215530498371,49.93519670944849]]]},"properties":{"DAUID":"46110226","DGUID":"2021S051246110226","LANDAREA":0.8911,"PRUID":"46","CMA":"Winnipeg"}},
{"type":"Feature","geometry":{"type":"Polygon","coordinates":[[[-97.22961617847824,49.93300538614694],[-97.2295659821859,49.91650460206119],[-97.21112488084064,49.91642840563925],[-97.20258252069648,49.91651220894418],[-97.20261068392739,49.91725020098584],[-97.20443631353233,49.917233501089775],[-97.2040309921975,49.919143195525535],[-97.20244790075242,49.91863290973451],[-97.20185089011598,49.91932520043399],[-97.19930428733728,49.91850321041546],[-97.1988061131583,49.91916109354563],[-97.20299160436043,49.92049431029137],[-97.20347520709855,49.91985410884104],[-97.20661598630025,49.92081129478759],[-97.2066496820529,49.92440969310202],[-97.20666937967772,49.92800799198734],[-97.20736274385911,49.928857200052185],[-97.21184380430742,49.931263099244866],[-97.21831749174531,49.93115242815634],[-97.22161289982665,49.93087994575932],[-97.22961617847824,49.93300538614694]]]},"properties":{"DAUID":"46110227","DGUID":"2021S051246110227","LANDAREA":2.7667,"PRUID":"46","CMA":"Winnipeg"}},
{"type":"Feature","geometry":{"type":"Polygon","coordinates":[[[-97.19501159121201,49.921539696147526],[-97.19502787759107,49.923813376935655],[-97.19499898451292,49.93120000793313],[-97.2010044044358,49.93121239754437],[-97.20675921975594,49.931220599304396],[-97.20976772028148,49.93125810204051],[-97.21184380430742,49.931263099244866],[-97.20736274385911,49.928857200052185],[-97.20666937967772,49.92800799198734],[-97.2066496820529,49.92440969310202],[-97.1970929038272,49.92139220450499],[-97.19499998625675,49.92072989784187],[-97.19501159121201,49.921539696147526]]]},"properties":{"DAUID":"46110228","DGUID":"2021S051246110228","LANDAREA":0.7867,"PRUID":"46","CMA":"Winnipeg"}},
{"type":"Feature","geometry":{"type":"Polygon","coordinates":[[[-97.20299160436043,49.92049431029137],[-97.20188058510631,49.92189829862428],[-97.19773779558432,49.92053870110796],[-97.1970929038272,49.92139220450499],[-97.2066496820529,49.92440969310202],[-97.20661598630025,49.92081129478759],[-97.20347520709855,49.91985410884104],[-97.20299160436043,49.92049431029137]]]},"properties":{"DAUID":"46110229","DGUID":"2021S051246110229","LANDAREA":0.1564,"PRUID":"46","CMA":"Winnipeg"}},
{"type":"Feature","geometry":{"type":"Polygon","coordinates":[[[-97.19498900454312,49.918786899430614],[-97.19499998625675,49.92072989784187],[-97.1970929038272,49.92139220450499],[-97.19773779558432,49.92053870110796],[-97.20188058510631,49.92189829862428],[-97.20299160436043,49.92049431029137],[-97.1988061131583,49.91916109354563],[-97.19500698606278,49.917932591277236],[-97.19498900454312,49.918786899430614]]]},"properties":{"DAUID":"46110230","DGUID":"2021S051246110230","LANDAREA":0.1242,"PRUID":"46","CMA":"Winnipeg"}},
{"type":"Feature","geometry":{"type":"Polygon","coordinates":[[[-97.19496249586531,49.91651070896714],[-97.19500971534612,49.91711411074267],[-97.19500698606278,49.917932591277236],[-97.1988061131583,49.91916109354563],[-97.19930428733728,49.91850321041546],[-97.20185089011598,49.91932520043399],[-97.20244790075242,49.91863290973451],[-97.2040309921975,49.919143195525535],[-97.20443631353233,49.917233501089775],[-97.20261068392739,49.91725020098584],[-97.20258252069648,49.91651220894418],[-97.19886319942607,49.91650840978222],[-97.19496249586531,49.91651070896714]]]},"properties":{"DAUID":"46110231","DGUID":"2021S051246110231","LANDAREA":0.1584,"PRUID":"46","CMA":"Winnipeg"}},
{"type":"Feature","geometry":{"type":"Polygon","coordinates":[[[-97.20084279335978,49.89101150946847],[-97.20057038785788,49.894218491678394],[-97.20997098631491,49.89454389432802],[-97.21028858330477,49.890851893553446],[-97.21280530945114,49.89094470458069],[-97.21314338289937,49.887819607385126],[-97.20841589541693,49.887656687803506],[-97.20109248316037,49.88724970449264],[-97.20084279335978,49.89101150946847]]]},"properties":{"DAUID":"46110238","DGUID":"2021S051246110238","LANDAREA":0.5803,"PRUID":"46","CMA":"Winnipeg"}},
{"type":"Feature","geometry":{"type":"Polygon","coordinates":[[[-97.21314338289937,49.887819607385126],[-97.21436690407407,49.88786550943217],[-97.21470271352443,49.88404779299305],[-97.21242289586161,49.88395868767454],[-97.20875280558941,49.88382109216734],[-97.20841589541693,49.887656687803506],[-97.21314338289937,49.887819607385126]]]},"properties":{"DAUID":"46110239","DGUID":"2021S051246110239","LANDAREA":0.183,"PRUID":"46","CMA":"Winnipeg"}},
{"type":"Feature","geometry":{"type":"Polygon","coordinates":[[[-97.21436690407407,49.88786550943217],[-97.2192202930036,49.88801210250352],[-97.21955439102851,49.884230388626534],[-97.21840060049936,49.884185594092436],[-97.21716331449183,49.88413959314616],[-97.21470271352443,49.88404779299305],[-97.21436690407407,49.88786550943217]]]},"properties":{"DAUID":"46110240","DGUID":"2021S051246110240","LANDAREA":0.1484,"PRUID":"46","CMA":"Winnipeg"}},
{"type":"Feature","geometry":{"type":"Polygon","coordinates":[[[-97.21716331449183,49.88413959314616],[-97.21769749313256,49.87870589143281],[-97.21517620460595,49.878756993330946],[-97.21470271352443,49.88404779299305],[-97.21716331449183,49.88413959314616]]]},"properties":{"DAUID":"46110241","DGUID":"2021S051246110241","LANDAREA":0.1069,"PRUID":"46","CMA":"Winnipeg"}},
{"type":"Feature","geometry":{"type":"Polygon","coordinates":[[[-97.21470271352443,49.88404779299305],[-97.21517620460595,49.878756993330946],[-97.21399239969159,49.8787748052203],[-97.21284958741003,49.878811088313554],[-97.21242289586161,49.88395868767454],[-97.21470271352443,49.88404779299305]]]},"properties":{"DAUID":"46110242","DGUID":"2021S051246110242","LANDAREA":0.0962,"PRUID":"46","CMA":"Winnipeg"}},
{"type":"Feature","geometry":{"type":"Polygon","coordinates":[[[-97.21242289586161,49.88395868767454],[-97.21284958741003,49.878811088313554],[-97.21058961246905,49.87894718932866],[-97.20913750489945,49.87906869667539],[-97.20875280558941,49.88382109216734],[-97.21242289586161,49.88395868767454]]]},"properties":{"DAUID":"46110243","DGUID":"2021S051246110243","LANDAREA":0.1463,"PRUID":"46","CMA":"Winnipeg"}},
{"type":"Feature","geometry":{"type":"Polygon","coordinates":[[[-97.20913750489945,49.87906869667539],[-97.20467300641997,49.879719204791954],[-97.206065587679,49.88233130432566],[-97.20608350337683,49.883725791622695],[-97.20875280558941,49.88382109216734],[-97.20913750489945,49.87906869667539]]]},"properties":{"DAUID":"46110244","DGUID":"2021S051246110244","LANDAREA":0.1178,"PRUID":"46","CMA":"Winnipeg"}},
{"type":"Feature","geometry":{"type":"Polygon","coordinates":[[[-97.2013696993484,49.883580803570354],[-97.20608350337683,49.883725791622695],[-97.206065587679,49.88233130432566],[-97.20467300641997,49.879719204791954],[-97.20164597975005,49.880265997320166],[-97.2013696993484,49.883580803570354]]]},"properties":{"DAUID":"46110245","DGUID":"2021S051246110245","LANDAREA":0.1221,"PRUID":"46","CMA":"Winnipeg"}},
{"type":"Feature","geometry":{"type":"Polygon","coordinates":[[[-97.20109248316037,49.88724970449264],[-97.20841589541693,49.887656687803506],[-97.20875280558941,49.88382109216734],[-97.20608350337683,49.883725791622695],[-97.2013696993484,49.883580803570354],[-97.20109248316037,49.88724970449264]]]},"properties":{"DAUID":"46110246","DGUID":"2021S051246110246","LANDAREA":0.2244,"PRUID":"46","CMA":"Winnipeg"}},
{"type":"Feature","geometry":{"type":"Polygon","coordinates":[[[-97.20164597975005,49.880265997320166],[-97.20467300641997,49.879719204791954],[-97.20913750489945,49.87906869667539],[-97.21058961246905,49.87894718932866],[-97.21092401219474,49.875174389587606],[-97.21421280125872,49.87544099518881],[-97.21806309228552,49.87482570588072],[-97.21915539928241,49.87464460676957],[-97.21923996032493,49.87347420196843],[-97.2153516212445,49.87428029208734],[-97.21275046462488,49.87423573266788],[-97.21032516731474,49.8736720967846],[-97.20824805365552,49.87442032887079],[-97.20806901797118,49.87653134480083],[-97.20630525528918,49.87698752910161],[-97.20292926564305,49.87685352160071],[-97.20143104621056,49.877126449598784],[-97.20188669024489,49.87828180595045],[-97.20164597975005,49.880265997320166]]]},"properties":{"DAUID":"46110247","DGUID":"2021S051246110247","LANDAREA":0.2622,"PRUID":"46","CMA":"Winnipeg"}},
{"type":"Feature","geometry":{"type":"Polygon","coordinates":[[[-97.21399239969159,49.8787748052203],[-97.21421280125872,49.87544099518881],[-97.21092401219474,49.875174389587606],[-97.21058961246905,49.87894718932866],[-97.21284958741003,49.878811088313554],[-97.21399239969159,49.8787748052203]]]},"properties":{"DAUID":"46110248","DGUID":"2021S051246110248","LANDAREA":0.0927,"PRUID":"46","CMA":"Winnipeg"}},
{"type":"Feature","geometry":{"type":"Polygon","coordinates":[[[-97.21769749313256,49.87870589143281],[-97.21806309228552,49.87482570588072],[-97.21421280125872,49.87544099518881],[-97.21399239969159,49.8787748052203],[-97.21517620460595,49.878756993330946],[-97.21769749313256,49.87870589143281]]]},"properties":{"DAUID":"46110249","DGUID":"2021S051246110249","LANDAREA":0.1074,"PRUID":"46","CMA":"Winnipeg"}},
{"type":"Feature","geometry":{"type":"Polygon","coordinates":[[[-97.21806309228552,49.87482570588072],[-97.21769749313256,49.87870589143281],[-97.22488392398411,49.87856412761373],[-97.22493755070916,49.87387399980014],[-97.22289146803443,49.873247036416366],[-97.21923996032493,49.87347420196843],[-97.21915539928241,49.87464460676957],[-97.21806309228552,49.87482570588072]]]},"properties":{"DAUID":"46110250","DGUID":"2021S051246110250","LANDAREA":0.2649,"PRUID":"46","CMA":"Winnipeg"}},
{"type":"Feature","geometry":{"type":"Polygon","coordinates":[[[-97.21840060049936,49.884185594092436],[-97.21867639704543,49.881230487897234],[-97.22441157125084,49.88147079404944],[-97.22448706247631,49.87916993512705],[-97.22488392398411,49.87856412761373],[-97.21769749313256,49.87870589143281],[-97.21716331449183,49.88413959314616],[-97.21840060049936,49.884185594092436]]]},"properties":{"DAUID":"46110251","DGUID":"2021S051246110251","LANDAREA":0.1777,"PRUID":"46","CMA":"Winnipeg"}},
{"type":"Feature","geometry":{"type":"Polygon","coordinates":[[[-97.21955439102851,49.884230388626534],[-97.22412790453069,49.884408497724934],[-97.22441157125084,49.88147079404944],[-97.21867639704543,49.881230487897234],[-97.21840060049936,49.884185594092436],[-97.21955439102851,49.884230388626534]]]},"properties":{"DAUID":"46110252","DGUID":"2021S051246110252","LANDAREA":0.1355,"PRUID":"46","CMA":"Winnipeg"}},
{"type":"Feature","geometry":{"type":"Polygon","coordinates":[[[-97.2192202930036,49.88801210250352],[-97.22375350415813,49.88816260186803],[-97.22412790453069,49.884408497724934],[-97.21955439102851,49.884230388626534],[-97.2192202930036,49.88801210250352]]]},"properties":{"DAUID":"46110253","DGUID":"2021S051246110253","LANDAREA":0.1377,"PRUID":"46","CMA":"Winnipeg"}},
{"type":"Feature","geometry":{"type":"Polygon","coordinates":[[[-97.22375350415813,49.88816260186803],[-97.2235296536609,49.88966593269996],[-97.23288831337729,49.889552360277264],[-97.23294202433915,49.88867288341835],[-97.23729229966023,49.887900294186686],[-97.23756271609145,49.88493590296976],[-97.2314112868708,49.88471769801397],[-97.22412790453069,49.884408497724934],[-97.22375350415813,49.88816260186803]]]},"properties":{"DAUID":"46110254","DGUID":"2021S051246110254","LANDAREA":0.4877,"PRUID":"46","CMA":"Winnipeg"}},
{"type":"Feature","geometry":{"type":"Polygon","coordinates":[[[-97.22412790453069,49.884408497724934],[-97.2314112868708,49.88471769801397],[-97.23164498074112,49.881752901206625],[-97.23048650669419,49.88171730180231],[-97.22441157125084,49.88147079404944],[-97.22412790453069,49.884408497724934]]]},"properties":{"DAUID":"46110255","DGUID":"2021S051246110255","LANDAREA":0.1717,"PRUID":"46","CMA":"Winnipeg"}},
{"type":"Feature","geometry":{"type":"Polygon","coordinates":[[[-97.23756271609145,49.88493590296976],[-97.23781020142208,49.88197799280282],[-97.23512048701203,49.88187790045419],[-97.23164498074112,49.881752901206625],[-97.2314112868708,49.88471769801397],[-97.23756271609145,49.88493590296976]]]},"properties":{"DAUID":"46110256","DGUID":"2021S051246110256","LANDAREA":0.1464,"PRUID":"46","CMA":"Winnipeg"}},
{"type":"Feature","geometry":{"type":"Polygon","coordinates":[[[-97.23164498074112,49.881752901206625],[-97.23512048701203,49.88187790045419],[-97.23537939191013,49.878976393008884],[-97.23428041916867,49.87895970410912],[-97.23442549124331,49.8772708131665],[-97.23264801627802,49.87727200531625],[-97.23097220800203,49.87730808962521],[-97.23048650669419,49.88171730180231],[-97.23164498074112,49.881752901206625]]]},"properties":{"DAUID":"46110257","DGUID":"2021S051246110257","LANDAREA":0.151,"PRUID":"46","CMA":"Winnipeg"}},
{"type":"Feature","geometry":{"type":"Polygon","coordinates":[[[-97.23781020142208,49.88197799280282],[-97.24058358171615,49.88208680643979],[-97.24085551175082,49.87920361130279],[-97.24103340125923,49.87660669048748],[-97.23829371222159,49.87692490907463],[-97.23813101279652,49.879099204343994],[-97.23537939191013,49.878976393008884],[-97.23512048701203,49.88187790045419],[-97.23781020142208,49.88197799280282]]]},"properties":{"DAUID":"46110258","DGUID":"2021S051246110258","LANDAREA":0.1786,"PRUID":"46","CMA":"Winnipeg"}},
{"type":"Feature","geometry":{"type":"Polygon","coordinates":[[[-97.23537939191013,49.878976393008884],[-97.23813101279652,49.879099204343994],[-97.23829371222159,49.87692490907463],[-97.24103340125923,49.87660669048748],[-97.24053733236198,49.87495277669261],[-97.23756269593096,49.87558937801261],[-97.23269577499886,49.87546628970106],[-97.23264801627802,49.87727200531625],[-97.23442549124331,49.8772708131665],[-97.23428041916867,49.87895970410912],[-97.23537939191013,49.878976393008884]]]},"properties":{"DAUID":"46110259","DGUID":"2021S051246110259","LANDAREA":0.135,"PRUID":"46","CMA":"Winnipeg"}},
{"type":"Feature","geometry":{"type":"Polygon","coordinates":[[[-97.24103340125923,49.87660669048748],[-97.24556051282795,49.87612671031634],[-97.24998401305676,49.875815691809166],[-97.25271868873412,49.87563209574717],[-97.25343109232345,49.875561898461534],[-97.2535554147623,49.87443040315432],[-97.25838889994078,49.87316289130769],[-97.25974529845448,49.872985398759084],[-97.26315388078476,49.87314413471241],[-97.26376325668836,49.87201141005192],[-97.25971692427463,49.87173919099638],[-97.2563234633504,49.872648157400555],[-97.25251701687898,49.87360078844659],[-97.24852369613748,49.87397877782783],[-97.24591420051635,49.873948535326925],[-97.24352071226951,49.87508614486333],[-97.24053733236198,49.87495277669261],[-97.24103340125923,49.87660669048748]]]},"properties":{"DAUID":"46110260","DGUID":"2021S051246110260","LANDAREA":0.1972,"PRUID":"46","CMA":"Winnipeg"}},
{"type":"Feature","geometry":{"type":"Polygon","coordinates":[[[-97.24085551175082,49.87920361130279],[-97.24530309544345,49.87938791025454],[-97.24556051282795,49.87612671031634],[-97.24103340125923,49.87660669048748],[-97.24085551175082,49.87920361130279]]]},"properties":{"DAUID":"46110261","DGUID":"2021S051246110261","LANDAREA":0.1054,"PRUID":"46","CMA":"Winnipeg"}},
{"type":"Feature","geometry":{"type":"Polygon","coordinates":[[[-97.24556051282795,49.87612671031634],[-97.24530309544345,49.87938791025454],[-97.2497097012504,49.879553486880155],[-97.24998401305676,49.875815691809166],[-97.24556051282795,49.87612671031634]]]},"properties":{"DAUID":"46110262","DGUID":"2021S051246110262","LANDAREA":0.1231,"PRUID":"46","CMA":"Winnipeg"}},
{"type":"Feature","geometry":{"type":"Polygon","coordinates":[[[-97.24998401305676,49.875815691809166],[-97.2497097012504,49.879553486880155],[-97.25250338242783,49.879667594570506],[-97.25271868873412,49.87563209574717],[-97.24998401305676,49.875815691809166]]]},"properties":{"DAUID":"46110263","DGUID":"2021S051246110263","LANDAREA":0.0857,"PRUID":"46","CMA":"Winnipeg"}},
{"type":"Feature","geometry":{"type":"Polygon","coordinates":[[[-97.24530309544345,49.87938791025454],[-97.2450463864017,49.88224441140014],[-97.25412411024405,49.882588387782306],[-97.25436600899256,49.87974060430109],[-97.25250338242783,49.879667594570506],[-97.2497097012504,49.879553486880155],[-97.24530309544345,49.87938791025454]]]},"properties":{"DAUID":"46110264","DGUID":"2021S051246110264","LANDAREA":0.207,"PRUID":"46","CMA":"Winnipeg"}},
{"type":"Feature","geometry":{"type":"Polygon","coordinates":[[[-97.2450463864017,49.88224441140014],[-97.24478771240685,49.885154898923176],[-97.24925108419528,49.88530330162976],[-97.25386599747827,49.885498906996766],[-97.25412411024405,49.882588387782306],[-97.2450463864017,49.88224441140014]]]},"properties":{"DAUID":"46110265","DGUID":"2021S051246110265","LANDAREA":0.2118,"PRUID":"46","CMA":"Winnipeg"}},
{"type":"Feature","geometry":{"type":"Polygon","coordinates":[[[-97.24058358171615,49.88208680643979],[-97.24029748374157,49.88497889905245],[-97.24478771240685,49.885154898923176],[-97.2450463864017,49.88224441140014],[-97.24530309544345,49.87938791025454],[-97.24085551175082,49.87920361130279],[-97.24058358171615,49.88208680643979]]]},"properties":{"DAUID":"46110266","DGUID":"2021S051246110266","LANDAREA":0.207,"PRUID":"46","CMA":"Winnipeg"}},
{"type":"Feature","geometry":{"type":"Polygon","coordinates":[[[-97.23729229966023,49.887900294186686],[-97.2390755161297,49.888720207463784],[-97.24049147051828,49.88820353855851],[-97.24066201046591,49.885807764327176],[-97.24029748374157,49.88497889905245],[-97.24058358171615,49.88208680643979],[-97.23781020142208,49.88197799280282],[-97.23756271609145,49.88493590296976],[-97.23729229966023,49.887900294186686]]]},"properties":{"DAUID":"46110267","DGUID":"2021S051246110267","LANDAREA":0.1524,"PRUID":"46","CMA":"Winnipeg"}},
{"type":"Feature","geometry":{"type":"Polygon","coordinates":[[[-97.24925108419528,49.88530330162976],[-97.24847604719166,49.88579245813512],[-97.24829883279428,49.8886371585539],[-97.2489342991479,49.88905841247516],[-97.2535469028506,49.88932588715603],[-97.25386599747827,49.885498906996766],[-97.24925108419528,49.88530330162976]]]},"properties":{"DAUID":"46110272","DGUID":"2021S051246110272","LANDAREA":0.1591,"PRUID":"46","CMA":"Winnipeg"}},
{"type":"Feature","geometry":{"type":"Polygon","coordinates":[[[-97.2535469028506,49.88932588715603],[-97.25753628630156,49.889502887765936],[-97.26161318712016,49.88963500883376],[-97.26175141917535,49.88765920996285],[-97.26188461135918,49.88588921051202],[-97.25386599747827,49.885498906996766],[-97.2535469028506,49.88932588715603]]]},"properties":{"DAUID":"46110273","DGUID":"2021S051246110273","LANDAREA":0.2451,"PRUID":"46","CMA":"Winnipeg"}},
{"type":"Feature","geometry":{"type":"Polygon","coordinates":[[[-97.25386599747827,49.885498906996766],[-97.26188461135918,49.88588921051202],[-97.26212998385896,49.88293360360184],[-97.25412411024405,49.882588387782306],[-97.25386599747827,49.885498906996766]]]},"properties":{"DAUID":"46110274","DGUID":"2021S051246110274","LANDAREA":0.1874,"PRUID":"46","CMA":"Winnipeg"}},
{"type":"Feature","geometry":{"type":"Polygon","coordinates":[[[-97.26188461135918,49.88588921051202],[-97.26609928498682,49.8859883103769],[-97.26621030607197,49.88599899390754],[-97.26646639988184,49.8831244030712],[-97.26212998385896,49.88293360360184],[-97.26188461135918,49.88588921051202]]]},"properties":{"DAUID":"46110275","DGUID":"2021S051246110275","LANDAREA":0.1008,"PRUID":"46","CMA":"Winnipeg"}},
{"type":"Feature","geometry":{"type":"Polygon","coordinates":[[[-97.26621030607197,49.88599899390754],[-97.26898001458984,49.88640919948387],[-97.26957461279484,49.88029250957741],[-97.26501418881617,49.880143408494],[-97.26242869174074,49.88004169910303],[-97.26212998385896,49.88293360360184],[-97.26646639988184,49.8831244030712],[-97.26621030607197,49.88599899390754]]]},"properties":{"DAUID":"46110276","DGUID":"2021S051246110276","LANDAREA":0.2342,"PRUID":"46","CMA":"Winnipeg"}},
{"type":"Feature","geometry":{"type":"Polygon","coordinates":[[[-97.26898001458984,49.88640919948387],[-97.27268631521086,49.88748990992926],[-97.2727618101188,49.88654649594974],[-97.27145240305369,49.88617618993197],[-97.27162079089514,49.884190799576295],[-97.27287549231364,49.883750805343304],[-97.27309128881348,49.88146739288324],[-97.27155270151691,49.88025010211877],[-97.26957461279484,49.88029250957741],[-97.26898001458984,49.88640919948387]]]},"properties":{"DAUID":"46110277","DGUID":"2021S051246110277","LANDAREA":0.1639,"PRUID":"46","CMA":"Winnipeg"}},
{"type":"Feature","geometry":{"type":"Polygon","coordinates":[[[-97.2727618101188,49.88654649594974],[-97.27633949852019,49.886941612680886],[-97.27700519806864,49.88623190394911],[-97.27839528488266,49.88628850270929],[-97.27869960991131,49.8828209932002],[-97.27888866127876,49.88045693062227],[-97.27892918428451,49.87949631289995],[-97.27398771056043,49.87832539148568],[-97.27393291396059,49.87986280208619],[-97.27155270151691,49.88025010211877],[-97.27309128881348,49.88146739288324],[-97.27287549231364,49.883750805343304],[-97.27162079089514,49.884190799576295],[-97.27145240305369,49.88617618993197],[-97.2727618101188,49.88654649594974]]]},"properties":{"DAUID":"46110278","DGUID":"2021S051246110278","LANDAREA":0.3755,"PRUID":"46","CMA":"Winnipeg"}},
{"type":"Feature","geometry":{"type":"Polygon","coordinates":[[[-97.27268631521086,49.88748990992926],[-97.27331161134823,49.88869550818243],[-97.27727219260284,49.88889841276309],[-97.27820391476129,49.88971281050985],[-97.27820779105242,49.88798299906301],[-97.27839528488266,49.88628850270929],[-97.27700519806864,49.88623190394911],[-97.27633949852019,49.886941612680886],[-97.2727618101188,49.88654649594974],[-97.27268631521086,49.88748990992926]]]},"properties":{"DAUID":"46110279","DGUID":"2021S051246110279","LANDAREA":0.0995,"PRUID":"46","CMA":"Winnipeg"}},
{"type":"Feature","geometry":{"type":"Polygon","coordinates":[[[-97.27839528488266,49.88628850270929],[-97.27820779105242,49.88798299906301],[-97.2858718886682,49.88823429680345],[-97.285371187583,49.88743530023268],[-97.28314638400309,49.88735740098231],[-97.28229638052129,49.884241589721235],[-97.28051742022424,49.88416129933],[-97.2806202902676,49.882831496421524],[-97.27869960991131,49.8828209932002],[-97.27839528488266,49.88628850270929]]]},"properties":{"DAUID":"46110280","DGUID":"2021S051246110280","LANDAREA":0.1767,"PRUID":"46","CMA":"Winnipeg"}},
{"type":"Feature","geometry":{"type":"Polygon","coordinates":[[[-97.27820391476129,49.88971281050985],[-97.27815300133686,49.89035958736128],[-97.27998670496417,49.89047680734982],[-97.28003268582138,49.88996481088108],[-97.28323100183206,49.89007508808213],[-97.28411800699595,49.89058299431337],[-97.28509968351207,49.89038170526156],[-97.28597571814896,49.891986690910535],[-97.28713860692861,49.892174810745274],[-97.28579321276679,49.88927650014405],[-97.2858718886682,49.88823429680345],[-97.27820779105242,49.88798299906301],[-97.27820391476129,49.88971281050985]]]},"properties":{"DAUID":"46110281","DGUID":"2021S051246110281","LANDAREA":0.1472,"PRUID":"46","CMA":"Winnipeg"}},
{"type":"Feature","geometry":{"type":"Polygon","coordinates":[[[-97.27998670496417,49.89047680734982],[-97.2800584061657,49.8931582882633],[-97.28612729742413,49.89556890006258],[-97.28748689859009,49.89452759263079],[-97.28613329998505,49.8946114957105],[-97.28297859211888,49.89326459381923],[-97.28453888125681,49.89166860280499],[-97.28411800699595,49.89058299431337],[-97.28323100183206,49.89007508808213],[-97.28003268582138,49.88996481088108],[-97.27998670496417,49.89047680734982]]]},"properties":{"DAUID":"46110282","DGUID":"2021S051246110282","LANDAREA":0.1458,"PRUID":"46","CMA":"Winnipeg"}},
{"type":"Feature","geometry":{"type":"Polygon","coordinates":[[[-97.28411800699595,49.89058299431337],[-97.28453888125681,49.89166860280499],[-97.28297859211888,49.89326459381923],[-97.28613329998505,49.8946114957105],[-97.28748689859009,49.89452759263079],[-97.28828019317832,49.89453929586909],[-97.28896219687681,49.893329481782644],[-97.2880976408375,49.89182512093548],[-97.28689050636385,49.88856271088882],[-97.28701371232006,49.888199402993585],[-97.2858718886682,49.88823429680345],[-97.28579321276679,49.88927650014405],[-97.28713860692861,49.892174810745274],[-97.28597571814896,49.891986690910535],[-97.28509968351207,49.89038170526156],[-97.28411800699595,49.89058299431337]]]},"properties":{"DAUID":"46110283","DGUID":"2021S051246110283","LANDAREA":0.1341,"PRUID":"46","CMA":"Winnipeg"}},
{"type":"Feature","geometry":{"type":"Polygon","coordinates":[[[-97.28896219687681,49.893329481782644],[-97.29048208402864,49.89290780295522],[-97.29252617919704,49.892982888592876],[-97.29301408526426,49.88823170001261],[-97.29000980092219,49.88815149034968],[-97.28881398387158,49.888106907974866],[-97.28701371232006,49.888199402993585],[-97.28689050636385,49.88856271088882],[-97.2880976408375,49.89182512093548],[-97.28896219687681,49.893329481782644]]]},"properties":{"DAUID":"46110284","DGUID":"2021S051246110284","LANDAREA":0.1941,"PRUID":"46","CMA":"Winnipeg"}},
{"type":"Feature","geometry":{"type":"Polygon","coordinates":[[[-97.29252617919704,49.892982888592876],[-97.29554358232483,49.89309920581722],[-97.2971566112432,49.89315890863578],[-97.30097441425026,49.89268420128904],[-97.30049830965258,49.89117509441193],[-97.2989871828002,49.89138681279101],[-97.29885720568386,49.89231139833052],[-97.29525860269194,49.892492409296],[-97.29556999830547,49.88839529943426],[-97.29301408526426,49.88823170001261],[-97.29252617919704,49.892982888592876]]]},"properties":{"DAUID":"46110285","DGUID":"2021S051246110285","LANDAREA":0.1463,"PRUID":"46","CMA":"Winnipeg"}},
{"type":"Feature","geometry":{"type":"Polygon","coordinates":[[[-97.30049830965258,49.89117509441193],[-97.30052920224631,49.88871100998639],[-97.29665000983346,49.88856410994998],[-97.29556999830547,49.88839529943426],[-97.29525860269194,49.892492409296],[-97.29885720568386,49.89231139833052],[-97.2989871828002,49.89138681279101],[-97.30049830965258,49.89117509441193]]]},"properties":{"DAUID":"46110286","DGUID":"2021S051246110286","LANDAREA":0.136,"PRUID":"46","CMA":"Winnipeg"}},
{"type":"Feature","geometry":{"type":"Polygon","coordinates":[[[-97.30049830965258,49.89117509441193],[-97.3037447812943,49.89070989053938],[-97.30411149405091,49.88700040695908],[-97.30072448955988,49.886717002542376],[-97.30052920224631,49.88871100998639],[-97.30049830965258,49.89117509441193]]]},"properties":{"DAUID":"46110287","DGUID":"2021S051246110287","LANDAREA":0.1123,"PRUID":"46","CMA":"Winnipeg"}},
{"type":"Feature","geometry":{"type":"Polygon","coordinates":[[[-97.30097441425026,49.89268420128904],[-97.30631300530726,49.891999792480874],[-97.30714380344311,49.88628020797104],[-97.30137428123516,49.886051910153405],[-97.30064639619772,49.8861671025651],[-97.30072448955988,49.886717002542376],[-97.30411149405091,49.88700040695908],[-97.3037447812943,49.89070989053938],[-97.30049830965258,49.89117509441193],[-97.30097441425026,49.89268420128904]]]},"properties":{"DAUID":"46110288","DGUID":"2021S051246110288","LANDAREA":0.1916,"PRUID":"46","CMA":"Winnipeg"}},
{"type":"Feature","geometry":{"type":"Polygon","coordinates":[[[-97.30631300530726,49.891999792480874],[-97.3079956151908,49.89177949480532],[-97.30840489977294,49.88883509187639],[-97.31123160327327,49.888822409267235],[-97.3113800955459,49.88735840210062],[-97.30934039194888,49.886366189654765],[-97.30714380344311,49.88628020797104],[-97.30631300530726,49.891999792480874]]]},"properties":{"DAUID":"46110289","DGUID":"2021S051246110289","LANDAREA":0.1183,"PRUID":"46","CMA":"Winnipeg"}},
{"type":"Feature","geometry":{"type":"Polygon","coordinates":[[[-97.30631300530726,49.891999792480874],[-97.30586098752454,49.89590489122351],[-97.30658328184994,49.895932513013534],[-97.30885300956136,49.89592968738509],[-97.3089616202721,49.89481590475306],[-97.30917260865965,49.892363301656054],[-97.31145208392064,49.89247749086981],[-97.31158871449499,49.891355202321925],[-97.3079956151908,49.89177949480532],[-97.30631300530726,49.891999792480874]]]},"properties":{"DAUID":"46110291","DGUID":"2021S051246110291","LANDAREA":0.1099,"PRUID":"46","CMA":"Winnipeg"}},
{"type":"Feature","geometry":{"type":"Polygon","coordinates":[[[-97.3089616202721,49.89481590475306],[-97.31263981115262,49.894752502792755],[-97.31251168440991,49.89602789541895],[-97.31519531240069,49.89613890143861],[-97.31563389562565,49.891539896761714],[-97.31158871449499,49.891355202321925],[-97.31145208392064,49.89247749086981],[-97.30917260865965,49.892363301656054],[-97.3089616202721,49.89481590475306]]]},"properties":{"DAUID":"46110292","DGUID":"2021S051246110292","LANDAREA":0.1793,"PRUID":"46","CMA":"Winnipeg"}},
{"type":"Feature","geometry":{"type":"Polygon","coordinates":[[[-97.30658328184994,49.895932513013534],[-97.30765539209663,49.896730691589134],[-97.3098980194536,49.89670950377328],[-97.30962198891228,49.898630305978735],[-97.31074840362119,49.898673690183436],[-97.31095679978156,49.897093706975426],[-97.31239001825128,49.89712350516018],[-97.31251168440991,49.89602789541895],[-97.31263981115262,49.894752502792755],[-97.3089616202721,49.89481590475306],[-97.30885300956136,49.89592968738509],[-97.30658328184994,49.895932513013534]]]},"properties":{"DAUID":"46110293","DGUID":"2021S051246110293","LANDAREA":0.1202,"PRUID":"46","CMA":"Winnipeg"}},
{"type":"Feature","geometry":{"type":"Polygon","coordinates":[[[-97.30586098752454,49.89590489122351],[-97.30578549285057,49.89962670383375],[-97.31497038647792,49.8989960106783],[-97.31519531240069,49.89613890143861],[-97.31251168440991,49.89602789541895],[-97.31239001825128,49.89712350516018],[-97.31095679978156,49.897093706975426],[-97.31074840362119,49.898673690183436],[-97.30962198891228,49.898630305978735],[-97.3098980194536,49.89670950377328],[-97.30765539209663,49.896730691589134],[-97.30658328184994,49.895932513013534],[-97.30586098752454,49.89590489122351]]]},"properties":{"DAUID":"46110294","DGUID":"2021S051246110294","LANDAREA":0.1625,"PRUID":"46","CMA":"Winnipeg"}},
{"type":"Feature","geometry":{"type":"Polygon","coordinates":[[[-97.30097441425026,49.89268420128904],[-97.30260951437306,49.895289704492825],[-97.30299551528529,49.895799092987396],[-97.30284579232806,49.898477397341175],[-97.30286890050712,49.90017613926162],[-97.30578549285057,49.89962670383375],[-97.30586098752454,49.89590489122351],[-97.30631300530726,49.891999792480874],[-97.30097441425026,49.89268420128904]]]},"properties":{"DAUID":"46110295","DGUID":"2021S051246110295","LANDAREA":0.218,"PRUID":"46","CMA":"Winnipeg"}},
{"type":"Feature","geometry":{"type":"Polygon","coordinates":[[[-97.29554358232483,49.89309920581722],[-97.29534038316692,49.8945173958667],[-97.29605800359045,49.89588619830844],[-97.29968949779845,49.8959664901599],[-97.30260951437306,49.895289704492825],[-97.30097441425026,49.89268420128904],[-97.2971566112432,49.89315890863578],[-97.29554358232483,49.89309920581722]]]},"properties":{"DAUID":"46110296","DGUID":"2021S051246110296","LANDAREA":0.1431,"PRUID":"46","CMA":"Winnipeg"}},
{"type":"Feature","geometry":{"type":"Polygon","coordinates":[[[-97.28896219687681,49.893329481782644],[-97.28927691248508,49.89429401372817],[-97.29221981414486,49.89630861516593],[-97.29338860991791,49.89774487189697],[-97.29575294551249,49.898905106459125],[-97.2972433625489,49.90035057324583],[-97.29736637029293,49.90052659010601],[-97.30286890050712,49.90017613926162],[-97.30284579232806,49.898477397341175],[-97.29752691734069,49.898858111238354],[-97.29439070265562,49.897759610035344],[-97.29350289390251,49.896874000424376],[-97.29605800359045,49.89588619830844],[-97.29534038316692,49.8945173958667],[-97.29554358232483,49.89309920581722],[-97.29252617919704,49.892982888592876],[-97.29048208402864,49.89290780295522],[-97.28896219687681,49.893329481782644]]]},"properties":{"DAUID":"46110297","DGUID":"2021S051246110297","LANDAREA":0.2524,"PRUID":"46","CMA":"Winnipeg"}},
{"type":"Feature","geometry":{"type":"Polygon","coordinates":[[[-97.30260951437306,49.895289704492825],[-97.29968949779845,49.8959664901599],[-97.29605800359045,49.89588619830844],[-97.29350289390251,49.896874000424376],[-97.29439070265562,49.897759610035344],[-97.29752691734069,49.898858111238354],[-97.30284579232806,49.898477397341175],[-97.30299551528529,49.895799092987396],[-97.30260951437306,49.895289704492825]]]},"properties":{"DAUID":"46110298","DGUID":"2021S051246110298","LANDAREA":0.188,"PRUID":"46","CMA":"Winnipeg"}},
{"type":"Feature","geometry":{"type":"Polygon","coordinates":[[[-97.28828019317832,49.89453929586909],[-97.28780821548553,49.89975329717678],[-97.2877124910913,49.90099890989452],[-97.2972433625489,49.90035057324583],[-97.29575294551249,49.898905106459125],[-97.29338860991791,49.89774487189697],[-97.29221981414486,49.89630861516593],[-97.28927691248508,49.89429401372817],[-97.28896219687681,49.893329481782644],[-97.28828019317832,49.89453929586909]]]},"properties":{"DAUID":"46110299","DGUID":"2021S051246110299","LANDAREA":0.2791,"PRUID":"46","CMA":"Winnipeg"}},
{"type":"Feature","geometry":{"type":"Polygon","coordinates":[[[-97.2972433625489,49.90035057324583],[-97.2877124910913,49.90099890989452],[-97.28780821548553,49.89975329717678],[-97.2868882990084,49.89836910067146],[-97.28548686012189,49.89773588965796],[-97.28258560998175,49.89766631097585],[-97.28043740260956,49.899730211537495],[-97.2804926586554,49.90164387075838],[-97.29736637029293,49.90052659010601],[-97.2972433625489,49.90035057324583]]]},"properties":{"DAUID":"46110300","DGUID":"2021S051246110300","LANDAREA":0.192,"PRUID":"46","CMA":"Winnipeg"}},
{"type":"Feature","geometry":{"type":"Polygon","coordinates":[[[-97.27815300133686,49.89035958736128],[-97.27727658331379,49.89933250939611],[-97.27684338321654,49.90171869775228],[-97.27681705341412,49.901898485387804],[-97.2804926586554,49.90164387075838],[-97.28043740260956,49.899730211537495],[-97.28258560998175,49.89766631097585],[-97.28548686012189,49.89773588965796],[-97.2868882990084,49.89836910067146],[-97.28780821548553,49.89975329717678],[-97.28828019317832,49.89453929586909],[-97.28748689859009,49.89452759263079],[-97.28612729742413,49.89556890006258],[-97.2800584061657,49.8931582882633],[-97.27998670496417,49.89047680734982],[-97.27815300133686,49.89035958736128]]]},"properties":{"DAUID":"46110301","DGUID":"2021S051246110301","LANDAREA":0.4834,"PRUID":"46","CMA":"Winnipeg"}},
{"type":"Feature","geometry":{"type":"Polygon","coordinates":[[[-97.25753628630156,49.889502887765936],[-97.25791721662335,49.89631810051959],[-97.25760948035591,49.8988574054088],[-97.26316553910303,49.89911317965509],[-97.26467282804099,49.898913701497044],[-97.26430673260919,49.90256084720443],[-97.27684338321654,49.90171869775228],[-97.27727658331379,49.89933250939611],[-97.27815300133686,49.89035958736128],[-97.27820391476129,49.88971281050985],[-97.27727219260284,49.88889841276309],[-97.27331161134823,49.88869550818243],[-97.27268631521086,49.88748990992926],[-97.26898001458984,49.88640919948387],[-97.26621030607197,49.88599899390754],[-97.26609928498682,49.8859883103769],[-97.26651708605073,49.887928501437756],[-97.26792759070241,49.88936180602584],[-97.26570388193967,49.890416890697715],[-97.26364958446604,49.88985549357711],[-97.26360791306367,49.88791189427542],[-97.26175141917535,49.88765920996285],[-97.26161318712016,49.88963500883376],[-97.25753628630156,49.889502887765936]]]},"properties":{"DAUID":"46110302","DGUID":"2021S051246110302","LANDAREA":1.9975,"PRUID":"46","CMA":"Winnipeg"}},
{"type":"Feature","geometry":{"type":"Polygon","coordinates":[[[-97.26175141917535,49.88765920996285],[-97.26360791306367,49.88791189427542],[-97.26364958446604,49.88985549357711],[-97.26570388193967,49.890416890697715],[-97.26792759070241,49.88936180602584],[-97.26651708605073,49.887928501437756],[-97.26609928498682,49.8859883103769],[-97.26188461135918,49.88588921051202],[-97.26175141917535,49.88765920996285]]]},"properties":{"DAUID":"46110303","DGUID":"2021S051246110303","LANDAREA":0.1333,"PRUID":"46","CMA":"Winnipeg"}},
{"type":"Feature","geometry":{"type":"Polygon","coordinates":[[[-97.30578549285057,49.89962670383375],[-97.30286890050712,49.90017613926162],[-97.29736637029293,49.90052659010601],[-97.2804926586554,49.90164387075838],[-97.27681705341412,49.901898485387804],[-97.27401980915553,49.90209877123624],[-97.27177479470127,49.90256895268342],[-97.26886468324746,49.90372184830478],[-97.2672334101627,49.90474546204616],[-97.2649898143876,49.907306846809604],[-97.26436468299863,49.909393354968934],[-97.26381082147837,49.91602028719208],[-97.26252870039944,49.93121885373119],[-97.29826659627292,49.931259503978],[-97.2981602470031,49.92888136964712],[-97.30993205924143,49.92874988435016],[-97.32023038707118,49.92877601000029],[-97.32039954831775,49.927257641546795],[-97.31942621622763,49.92304998861498],[-97.31909910463916,49.919636195730135],[-97.32067949943944,49.91143779640852],[-97.32195250807264,49.898836488663235],[-97.31771889758974,49.89884709626464],[-97.31765668506624,49.89823448873052],[-97.32002620661538,49.89816989255691],[-97.3190049203286,49.897102706670644],[-97.31932209697145,49.89398609684963],[-97.31807050012328,49.8939409963667],[-97.31785229588262,49.89621349273497],[-97.31519531240069,49.89613890143861],[-97.31497038647792,49.8989960106783],[-97.30578549285057,49.89962670383375]]]},"properties":{"DAUID":"46110306","DGUID":"2021S051246110306","LANDAREA":13.3372,"PRUID":"46","CMA":"Winnipeg"}},
{"type":"Feature","geometry":{"type":"Polygon","coordinates":[[[-97.31519531240069,49.89613890143861],[-97.31785229588262,49.89621349273497],[-97.31807050012328,49.8939409963667],[-97.31932209697145,49.89398609684963],[-97.3207156108842,49.89395228977548],[-97.32078139263649,49.89246009284147],[-97.31957280756852,49.89157909655841],[-97.31563389562565,49.891539896761714],[-97.31519531240069,49.89613890143861]]]},"properties":{"DAUID":"46110307","DGUID":"2021S051246110307","LANDAREA":0.1393,"PRUID":"46","CMA":"Winnipeg"}},
{"type":"Feature","geometry":{"type":"Polygon","coordinates":[[[-97.31957280756852,49.89157909655841],[-97.31978229358602,49.8891535012406],[-97.31590269775499,49.88901630057416],[-97.31563389562565,49.891539896761714],[-97.31957280756852,49.89157909655841]]]},"properties":{"DAUID":"46110308","DGUID":"2021S051246110308","LANDAREA":0.0843,"PRUID":"46","CMA":"Winnipeg"}},
{"type":"Feature","geometry":{"type":"Polygon","coordinates":[[[-97.31978229358602,49.8891535012406],[-97.3200088859189,49.8866381935363],[-97.3187847037292,49.88661151214905],[-97.31899659946025,49.884518806287836],[-97.31636972007438,49.88439970456754],[-97.31590269775499,49.88901630057416],[-97.31978229358602,49.8891535012406]]]},"properties":{"DAUID":"46110309","DGUID":"2021S051246110309","LANDAREA":0.122,"PRUID":"46","CMA":"Winnipeg"}},
{"type":"Feature","geometry":{"type":"Polygon","coordinates":[[[-97.3200088859189,49.8866381935363],[-97.3215126208254,49.88663300900605],[-97.32168971070757,49.884737711395964],[-97.32325800816749,49.88487729219323],[-97.32333690807486,49.883403290061295],[-97.32274958696868,49.882675211949795],[-97.32080568341087,49.88253010641467],[-97.32090851528694,49.88117339930739],[-97.31665917937421,49.881678394427894],[-97.31636972007438,49.88439970456754],[-97.31899659946025,49.884518806287836],[-97.3187847037292,49.88661151214905],[-97.3200088859189,49.8866381935363]]]},"properties":{"DAUID":"46110310","DGUID":"2021S051246110310","LANDAREA":0.1917,"PRUID":"46","CMA":"Winnipeg"}},
{"type":"Feature","geometry":{"type":"Polygon","coordinates":[[[-97.30934039194888,49.886366189654765],[-97.30975400025461,49.882495412343395],[-97.30717067681091,49.88279031361847],[-97.30714380344311,49.88628020797104],[-97.30934039194888,49.886366189654765]]]},"properties":{"DAUID":"46110312","DGUID":"2021S051246110312","LANDAREA":0.0692,"PRUID":"46","CMA":"Winnipeg"}},
{"type":"Feature","geometry":{"type":"Polygon","coordinates":[[[-97.30714380344311,49.88628020797104],[-97.30717067681091,49.88279031361847],[-97.30213371812275,49.88305869504617],[-97.3006342092644,49.8829467971239],[-97.30064639619772,49.8861671025651],[-97.30137428123516,49.886051910153405],[-97.30714380344311,49.88628020797104]]]},"properties":{"DAUID":"46110313","DGUID":"2021S051246110313","LANDAREA":0.1696,"PRUID":"46","CMA":"Winnipeg"}},
{"type":"Feature","geometry":{"type":"Polygon","coordinates":[[[-97.30717067681091,49.88279031361847],[-97.30761848374688,49.878677398992814],[-97.30272611554632,49.87847099496381],[-97.30213371812275,49.88305869504617],[-97.30717067681091,49.88279031361847]]]},"properties":{"DAUID":"46110314","DGUID":"2021S051246110314","LANDAREA":0.1745,"PRUID":"46","CMA":"Winnipeg"}},
{"type":"Feature","geometry":{"type":"Polygon","coordinates":[[[-97.30213371812275,49.88305869504617],[-97.30272611554632,49.87847099496381],[-97.29933498086521,49.87832230273998],[-97.29704829441056,49.87803688747741],[-97.29700749698671,49.87880090429124],[-97.29925118556913,49.87912160569102],[-97.29916871512106,49.879885011094366],[-97.29698100902898,49.87955600938727],[-97.29674730276984,49.880263210400116],[-97.29323279834568,49.87966280880238],[-97.29303279469515,49.88178270944546],[-97.2936140004073,49.88188119417114],[-97.29725511971714,49.88244740884458],[-97.3006342092644,49.8829467971239],[-97.30213371812275,49.88305869504617]]]},"properties":{"DAUID":"46110315","DGUID":"2021S051246110315","LANDAREA":0.249,"PRUID":"46","CMA":"Winnipeg"}},
{"type":"Feature","geometry":{"type":"Polygon","coordinates":[[[-97.29933498086521,49.87832230273998],[-97.29955021370992,49.87615770884468],[-97.29727949608522,49.875818500436516],[-97.29732278568028,49.874982702133295],[-97.2937508189198,49.87444440545078],[-97.29333909685879,49.878621010708855],[-97.29323279834568,49.87966280880238],[-97.29674730276984,49.880263210400116],[-97.29698100902898,49.87955600938727],[-97.29916871512106,49.879885011094366],[-97.29925118556913,49.87912160569102],[-97.29700749698671,49.87880090429124],[-97.29704829441056,49.87803688747741],[-97.29933498086521,49.87832230273998]]]},"properties":{"DAUID":"46110316","DGUID":"2021S051246110316","LANDAREA":0.2083,"PRUID":"46","CMA":"Winnipeg"}},
{"type":"Feature","geometry":{"type":"Polygon","coordinates":[[[-97.29955021370992,49.87615770884468],[-97.29998188708353,49.87218830313385],[-97.29468709078246,49.87196659768538],[-97.29313960389804,49.87243851006842],[-97.2937508189198,49.87444440545078],[-97.29732278568028,49.874982702133295],[-97.29727949608522,49.875818500436516],[-97.29955021370992,49.87615770884468]]]},"properties":{"DAUID":"46110317","DGUID":"2021S051246110317","LANDAREA":0.1532,"PRUID":"46","CMA":"Winnipeg"}},
{"type":"Feature","geometry":{"type":"Polygon","coordinates":[[[-97.30761848374688,49.878677398992814],[-97.30793221221329,49.87567771228644],[-97.30308239934867,49.875453908925735],[-97.30334508696536,49.87232749554958],[-97.29998188708353,49.87218830313385],[-97.29955021370992,49.87615770884468],[-97.29933498086521,49.87832230273998],[-97.30272611554632,49.87847099496381],[-97.30761848374688,49.878677398992814]]]},"properties":{"DAUID":"46110318","DGUID":"2021S051246110318","LANDAREA":0.2865,"PRUID":"46","CMA":"Winnipeg"}},
{"type":"Feature","geometry":{"type":"Polygon","coordinates":[[[-97.30793221221329,49.87567771228644],[-97.30846971506945,49.87025260689115],[-97.30726360057665,49.87011810950225],[-97.30735911402805,49.8685813037069],[-97.30618177916605,49.86842018880647],[-97.30581798944358,49.87245358912144],[-97.30334508696536,49.87232749554958],[-97.30308239934867,49.875453908925735],[-97.30793221221329,49.87567771228644]]]},"properties":{"DAUID":"46110319","DGUID":"2021S051246110319","LANDAREA":0.1838,"PRUID":"46","CMA":"Winnipeg"}},
{"type":"Feature","geometry":{"type":"Polygon","coordinates":[[[-97.30334508696536,49.87232749554958],[-97.30581798944358,49.87245358912144],[-97.30618177916605,49.86842018880647],[-97.30627421328643,49.86736920767996],[-97.3051136981957,49.867127301330214],[-97.3048356960554,49.86990270810337],[-97.30370629149361,49.869166609223186],[-97.30031050538173,49.86877500810649],[-97.30018481379815,49.869978492961714],[-97.29998188708353,49.87218830313385],[-97.30334508696536,49.87232749554958]]]},"properties":{"DAUID":"46110320","DGUID":"2021S051246110320","LANDAREA":0.1644,"PRUID":"46","CMA":"Winnipeg"}},
{"type":"Feature","geometry":{"type":"Polygon","coordinates":[[[-97.30846971506945,49.87025260689115],[-97.3087007789284,49.867620489044356],[-97.30835370621563,49.86637281521237],[-97.30282899521723,49.8654924883504],[-97.30068042049169,49.8646049778146],[-97.30063339974305,49.865919403017244],[-97.30031050538173,49.86877500810649],[-97.30370629149361,49.869166609223186],[-97.3048356960554,49.86990270810337],[-97.3051136981957,49.867127301330214],[-97.30627421328643,49.86736920767996],[-97.30618177916605,49.86842018880647],[-97.30735911402805,49.8685813037069],[-97.30726360057665,49.87011810950225],[-97.30846971506945,49.87025260689115]]]},"properties":{"DAUID":"46110321","DGUID":"2021S051246110321","LANDAREA":0.1844,"PRUID":"46","CMA":"Winnipeg"}},
{"type":"Feature","geometry":{"type":"Polygon","coordinates":[[[-97.30031050538173,49.86877500810649],[-97.30063339974305,49.865919403017244],[-97.29836629563282,49.8654903076404],[-97.298262290587,49.86646929762514],[-97.29460521196975,49.866388502820996],[-97.29438639939382,49.868256306938356],[-97.29549849366437,49.86829059562459],[-97.29546049977115,49.86976520798683],[-97.30018481379815,49.869978492961714],[-97.30031050538173,49.86877500810649]]]},"properties":{"DAUID":"46110322","DGUID":"2021S051246110322","LANDAREA":0.1639,"PRUID":"46","CMA":"Winnipeg"}},
{"type":"Feature","geometry":{"type":"Polygon","coordinates":[[[-97.30068042049169,49.8646049778146],[-97.29773082569264,49.8638659128268],[-97.29163158445705,49.86395534104613],[-97.28981933596063,49.86359396171612],[-97.28972485904771,49.86531109542567],[-97.2916311208042,49.865490210289124],[-97.29118431339522,49.86947740509207],[-97.29427791705909,49.869360995126485],[-97.29438639939382,49.868256306938356],[-97.29460521196975,49.866388502820996],[-97.298262290587,49.86646929762514],[-97.29836629563282,49.8654903076404],[-97.30063339974305,49.865919403017244],[-97.30068042049169,49.8646049778146]]]},"properties":{"DAUID":"46110323","DGUID":"2021S051246110323","LANDAREA":0.222,"PRUID":"46","CMA":"Winnipeg"}},
{"type":"Feature","geometry":{"type":"Polygon","coordinates":[[[-97.29998188708353,49.87218830313385],[-97.30018481379815,49.869978492961714],[-97.29546049977115,49.86976520798683],[-97.29549849366437,49.86829059562459],[-97.29438639939382,49.868256306938356],[-97.29427791705909,49.869360995126485],[-97.29118431339522,49.86947740509207],[-97.29263469278722,49.87175651326643],[-97.29313960389804,49.87243851006842],[-97.29468709078246,49.87196659768538],[-97.29998188708353,49.87218830313385]]]},"properties":{"DAUID":"46110324","DGUID":"2021S051246110324","LANDAREA":0.1699,"PRUID":"46","CMA":"Winnipeg"}},
{"type":"Feature","geometry":{"type":"Polygon","coordinates":[[[-97.2937508189198,49.87444440545078],[-97.29313960389804,49.87243851006842],[-97.29263469278722,49.87175651326643],[-97.29001390484065,49.87187969844266],[-97.28987591457478,49.8726333051947],[-97.28964481493452,49.87484259594067],[-97.28876750374857,49.87643080839546],[-97.29044890246841,49.87650959392186],[-97.29023988369708,49.8784854122024],[-97.29333909685879,49.878621010708855],[-97.2937508189198,49.87444440545078]]]},"properties":{"DAUID":"46110325","DGUID":"2021S051246110325","LANDAREA":0.1914,"PRUID":"46","CMA":"Winnipeg"}},
{"type":"Feature","geometry":{"type":"Polygon","coordinates":[[[-97.28987591457478,49.8726333051947],[-97.28865249405996,49.872597205153156],[-97.28744189102096,49.87141000924454],[-97.2857905843222,49.87166449046223],[-97.28504321813007,49.87311961003299],[-97.28395189276279,49.87406590561894],[-97.28565441013289,49.875116487246885],[-97.28467831565179,49.8755608086328],[-97.28439499049522,49.87805719760732],[-97.28867510448978,49.8782554019799],[-97.29023988369708,49.8784854122024],[-97.29044890246841,49.87650959392186],[-97.28876750374857,49.87643080839546],[-97.28964481493452,49.87484259594067],[-97.28987591457478,49.8726333051947]]]},"properties":{"DAUID":"46110326","DGUID":"2021S051246110326","LANDAREA":0.2709,"PRUID":"46","CMA":"Winnipeg"}},
{"type":"Feature","geometry":{"type":"Polygon","coordinates":[[[-97.28981933596063,49.86359396171612],[-97.2871338269801,49.8621933984674],[-97.2867402199332,49.860770793945235],[-97.28530335615723,49.85969682979501],[-97.28223304800485,49.85900402474584],[-97.2802165161402,49.85937657954162],[-97.27824532993907,49.86070661547336],[-97.2778418631395,49.86172173430921],[-97.27893003558506,49.864783709437546],[-97.2801174611167,49.86687832836214],[-97.28033518209762,49.86798754101167],[-97.27925615500726,49.86964411211539],[-97.27986135068672,49.87001238700335],[-97.27954432662986,49.87558888278886],[-97.2791088046048,49.87953491218505],[-97.28100329501554,49.879886912066006],[-97.28144759670792,49.87599870402721],[-97.28266991850668,49.876070707264105],[-97.28249161559299,49.87795700016648],[-97.28439499049522,49.87805719760732],[-97.28467831565179,49.8755608086328],[-97.28565441013289,49.875116487246885],[-97.28395189276279,49.87406590561894],[-97.28504321813007,49.87311961003299],[-97.2857905843222,49.87166449046223],[-97.28744189102096,49.87141000924454],[-97.28865249405996,49.872597205153156],[-97.28987591457478,49.8726333051947],[-97.29001390484065,49.87187969844266],[-97.29263469278722,49.87175651326643],[-97.29118431339522,49.86947740509207],[-97.2916311208042,49.865490210289124],[-97.28972485904771,49.86531109542567],[-97.28981933596063,49.86359396171612]]]},"properties":{"DAUID":"46110327","DGUID":"2021S051246110327","LANDAREA":1.1925,"PRUID":"46","CMA":"Winnipeg"}},
{"type":"Feature","geometry":{"type":"Polygon","coordinates":[[[-97.28439499049522,49.87805719760732],[-97.28249161559299,49.87795700016648],[-97.28266991850668,49.876070707264105],[-97.28144759670792,49.87599870402721],[-97.28100329501554,49.879886912066006],[-97.28544661129048,49.880591304164675],[-97.28683090414408,49.88080970933346],[-97.28838118417875,49.88105749919714],[-97.28867510448978,49.8782554019799],[-97.28439499049522,49.87805719760732]]]},"properties":{"DAUID":"46110328","DGUID":"2021S051246110328","LANDAREA":0.1625,"PRUID":"46","CMA":"Winnipeg"}},
{"type":"Feature","geometry":{"type":"Polygon","coordinates":[[[-97.27888866127876,49.88045693062227],[-97.27996303677442,49.881528887099755],[-97.28214010161886,49.882040103886816],[-97.28324099755032,49.88304000963596],[-97.28355989448008,49.88516434905119],[-97.28705446041326,49.887374770946664],[-97.28701371232006,49.888199402993585],[-97.28881398387158,49.888106907974866],[-97.28897058807829,49.886436111274534],[-97.28695421861231,49.88637040943471],[-97.28569519929671,49.88536230606167],[-97.28577428762942,49.88391529768866],[-97.28919490506641,49.88402878751845],[-97.28937648998148,49.88210370349794],[-97.2893711858929,49.88120400112031],[-97.28838118417875,49.88105749919714],[-97.28683090414408,49.88080970933346],[-97.28669993622434,49.88270184469468],[-97.28516854841048,49.8824792366813],[-97.28544661129048,49.880591304164675],[-97.28100329501554,49.879886912066006],[-97.2791088046048,49.87953491218505],[-97.27892918428451,49.87949631289995],[-97.27888866127876,49.88045693062227]]]},"properties":{"DAUID":"46110329","DGUID":"2021S051246110329","LANDAREA":0.2587,"PRUID":"46","CMA":"Winnipeg"}},
{"type":"Feature","geometry":{"type":"Polygon","coordinates":[[[-97.27869960991131,49.8828209932002],[-97.2806202902676,49.882831496421524],[-97.28051742022424,49.88416129933],[-97.28229638052129,49.884241589721235],[-97.28314638400309,49.88735740098231],[-97.285371187583,49.88743530023268],[-97.2858718886682,49.88823429680345],[-97.28701371232006,49.888199402993585],[-97.28705446041326,49.887374770946664],[-97.28355989448008,49.88516434905119],[-97.28324099755032,49.88304000963596],[-97.28214010161886,49.882040103886816],[-97.27996303677442,49.881528887099755],[-97.27888866127876,49.88045693062227],[-97.27869960991131,49.8828209932002]]]},"properties":{"DAUID":"46110330","DGUID":"2021S051246110330","LANDAREA":0.1195,"PRUID":"46","CMA":"Winnipeg"}},
{"type":"Feature","geometry":{"type":"Polygon","coordinates":[[[-97.28544661129048,49.880591304164675],[-97.28516854841048,49.8824792366813],[-97.28669993622434,49.88270184469468],[-97.28683090414408,49.88080970933346],[-97.28544661129048,49.880591304164675]]]},"properties":{"DAUID":"46110331","DGUID":"2021S051246110331","LANDAREA":0.0228,"PRUID":"46","CMA":"Winnipeg"}},
{"type":"Feature","geometry":{"type":"Polygon","coordinates":[[[-97.29323279834568,49.87966280880238],[-97.29333909685879,49.878621010708855],[-97.29023988369708,49.8784854122024],[-97.28867510448978,49.8782554019799],[-97.28838118417875,49.88105749919714],[-97.2893711858929,49.88120400112031],[-97.29303279469515,49.88178270944546],[-97.29323279834568,49.87966280880238]]]},"properties":{"DAUID":"46110332","DGUID":"2021S051246110332","LANDAREA":0.1098,"PRUID":"46","CMA":"Winnipeg"}},
{"type":"Feature","geometry":{"type":"Polygon","coordinates":[[[-97.29301408526426,49.88823170001261],[-97.2936140004073,49.88188119417114],[-97.29303279469515,49.88178270944546],[-97.2893711858929,49.88120400112031],[-97.28937648998148,49.88210370349794],[-97.29053721658039,49.88242328708385],[-97.29000980092219,49.88815149034968],[-97.29301408526426,49.88823170001261]]]},"properties":{"DAUID":"46110333","DGUID":"2021S051246110333","LANDAREA":0.1677,"PRUID":"46","CMA":"Winnipeg"}},
{"type":"Feature","geometry":{"type":"Polygon","coordinates":[[[-97.29000980092219,49.88815149034968],[-97.29053721658039,49.88242328708385],[-97.28937648998148,49.88210370349794],[-97.28919490506641,49.88402878751845],[-97.28577428762942,49.88391529768866],[-97.28569519929671,49.88536230606167],[-97.28695421861231,49.88637040943471],[-97.28897058807829,49.886436111274534],[-97.28881398387158,49.888106907974866],[-97.29000980092219,49.88815149034968]]]},"properties":{"DAUID":"46110334","DGUID":"2021S051246110334","LANDAREA":0.1168,"PRUID":"46","CMA":"Winnipeg"}},
{"type":"Feature","geometry":{"type":"Polygon","coordinates":[[[-97.29556999830547,49.88839529943426],[-97.29665000983346,49.88856410994998],[-97.29725511971714,49.88244740884458],[-97.2936140004073,49.88188119417114],[-97.29301408526426,49.88823170001261],[-97.29556999830547,49.88839529943426]]]},"properties":{"DAUID":"46110335","DGUID":"2021S051246110335","LANDAREA":0.1816,"PRUID":"46","CMA":"Winnipeg"}},
{"type":"Feature","geometry":{"type":"Polygon","coordinates":[[[-97.30052920224631,49.88871100998639],[-97.30072448955988,49.886717002542376],[-97.30064639619772,49.8861671025651],[-97.3006342092644,49.8829467971239],[-97.29725511971714,49.88244740884458],[-97.29665000983346,49.88856410994998],[-97.30052920224631,49.88871100998639]]]},"properties":{"DAUID":"46110336","DGUID":"2021S051246110336","LANDAREA":0.1721,"PRUID":"46","CMA":"Winnipeg"}},
{"type":"Feature","geometry":{"type":"Polygon","coordinates":[[[-97.26315388078476,49.87314413471241],[-97.2658373951251,49.87309470811127],[-97.26726779675307,49.873961607009704],[-97.26952081486401,49.87478679743182],[-97.26958649561867,49.876065096454035],[-97.2703574990685,49.87747080322664],[-97.27176488449867,49.87781560531936],[-97.27398771056043,49.87832539148568],[-97.27892918428451,49.87949631289995],[-97.2791088046048,49.87953491218505],[-97.27954432662986,49.87558888278886],[-97.27986135068672,49.87001238700335],[-97.27925615500726,49.86964411211539],[-97.27709716810554,49.86994686932944],[-97.27441394633797,49.869554659715014],[-97.27154339241342,49.86984638466479],[-97.26897301379374,49.87076441726436],[-97.26783709216222,49.871494581089976],[-97.26597146973324,49.87194265744156],[-97.26376325668836,49.87201141005192],[-97.26315388078476,49.87314413471241]],[[-97.27281970469292,49.87087818898896],[-97.27508140742822,49.871460606867444],[-97.27812361761845,49.871622809945286],[-97.2777824094653,49.87495478949516],[-97.27415511332256,49.87480189442072],[-97.27324200957551,49.87425759910277],[-97.27322839548268,49.8730790986833],[-97.27158921786264,49.872991704330104],[-97.27175778749302,49.87099731326962],[-97.27281970469292,49.87087818898896]]]},"properties":{"DAUID":"46110337","DGUID":"2021S051246110337","LANDAREA":0.5431,"PRUID":"46","CMA":"Winnipeg"}},
{"type":"Feature","geometry":{"type":"Polygon","coordinates":[[[-97.27281970469292,49.87087818898896],[-97.27175778749302,49.87099731326962],[-97.27158921786264,49.872991704330104],[-97.27322839548268,49.8730790986833],[-97.27324200957551,49.87425759910277],[-97.27415511332256,49.87480189442072],[-97.2777824094653,49.87495478949516],[-97.27812361761845,49.871622809945286],[-97.27508140742822,49.871460606867444],[-97.27281970469292,49.87087818898896]]]},"properties":{"DAUID":"46110338","DGUID":"2021S051246110338","LANDAREA":0.1584,"PRUID":"46","CMA":"Winnipeg"}},
{"type":"Feature","geometry":{"type":"Polygon","coordinates":[[[-97.26957461279484,49.88029250957741],[-97.27155270151691,49.88025010211877],[-97.27176488449867,49.87781560531936],[-97.2703574990685,49.87747080322664],[-97.26958649561867,49.876065096454035],[-97.26952081486401,49.87478679743182],[-97.26726779675307,49.873961607009704],[-97.2670625197319,49.87658500620604],[-97.26619325570772,49.87708414622062],[-97.26594941664837,49.87963027853633],[-97.26501418881617,49.880143408494],[-97.26957461279484,49.88029250957741]]]},"properties":{"DAUID":"46110339","DGUID":"2021S051246110339","LANDAREA":0.1975,"PRUID":"46","CMA":"Winnipeg"}},
{"type":"Feature","geometry":{"type":"Polygon","coordinates":[[[-97.27398771056043,49.87832539148568],[-97.27176488449867,49.87781560531936],[-97.27155270151691,49.88025010211877],[-97.27393291396059,49.87986280208619],[-97.27398771056043,49.87832539148568]]]},"properties":{"DAUID":"46110340","DGUID":"2021S051246110340","LANDAREA":0.0362,"PRUID":"46","CMA":"Winnipeg"}},
{"type":"Feature","geometry":{"type":"Polygon","coordinates":[[[-97.26501418881617,49.880143408494],[-97.26594941664837,49.87963027853633],[-97.26619325570772,49.87708414622062],[-97.2670625197319,49.87658500620604],[-97.26726779675307,49.873961607009704],[-97.2658373951251,49.87309470811127],[-97.26315388078476,49.87314413471241],[-97.26287090100058,49.87547889705538],[-97.26242869174074,49.88004169910303],[-97.26501418881617,49.880143408494]]]},"properties":{"DAUID":"46110341","DGUID":"2021S051246110341","LANDAREA":0.2137,"PRUID":"46","CMA":"Winnipeg"}},
{"type":"Feature","geometry":{"type":"Polygon","coordinates":[[[-97.26287090100058,49.87547889705538],[-97.26010539998245,49.87496969690884],[-97.25785831909704,49.8751427929038],[-97.25743798505088,49.87985880670205],[-97.26242869174074,49.88004169910303],[-97.26287090100058,49.87547889705538]]]},"properties":{"DAUID":"46110342","DGUID":"2021S051246110342","LANDAREA":0.194,"PRUID":"46","CMA":"Winnipeg"}},
{"type":"Feature","geometry":{"type":"Polygon","coordinates":[[[-97.25343109232345,49.875561898461534],[-97.25785831909704,49.8751427929038],[-97.26010539998245,49.87496969690884],[-97.26287090100058,49.87547889705538],[-97.26315388078476,49.87314413471241],[-97.25974529845448,49.872985398759084],[-97.25838889994078,49.87316289130769],[-97.2535554147623,49.87443040315432],[-97.25343109232345,49.875561898461534]]]},"properties":{"DAUID":"46110343","DGUID":"2021S051246110343","LANDAREA":0.1353,"PRUID":"46","CMA":"Winnipeg"}},
{"type":"Feature","geometry":{"type":"Polygon","coordinates":[[[-97.25271868873412,49.87563209574717],[-97.25250338242783,49.879667594570506],[-97.25436600899256,49.87974060430109],[-97.25743798505088,49.87985880670205],[-97.25785831909704,49.8751427929038],[-97.25343109232345,49.875561898461534],[-97.25271868873412,49.87563209574717]]]},"properties":{"DAUID":"46110344","DGUID":"2021S051246110344","LANDAREA":0.176,"PRUID":"46","CMA":"Winnipeg"}},
{"type":"Feature","geometry":{"type":"Polygon","coordinates":[[[-97.25412411024405,49.882588387782306],[-97.26212998385896,49.88293360360184],[-97.26242869174074,49.88004169910303],[-97.25743798505088,49.87985880670205],[-97.25436600899256,49.87974060430109],[-97.25412411024405,49.882588387782306]]]},"properties":{"DAUID":"46110345","DGUID":"2021S051246110345","LANDAREA":0.1852,"PRUID":"46","CMA":"Winnipeg"}},
{"type":"Feature","geometry":{"type":"Polygon","coordinates":[[[-97.26376325668836,49.87201141005192],[-97.26484101592392,49.87010330436518],[-97.26551219213175,49.86792380495505],[-97.26071939739175,49.86834059096895],[-97.25810899461693,49.868562302987016],[-97.25646938480895,49.868492592032894],[-97.2563234633504,49.872648157400555],[-97.25971692427463,49.87173919099638],[-97.26376325668836,49.87201141005192]]]},"properties":{"DAUID":"46110346","DGUID":"2021S051246110346","LANDAREA":0.2247,"PRUID":"46","CMA":"Winnipeg"}},
{"type":"Feature","geometry":{"type":"Polygon","coordinates":[[[-97.2563234633504,49.872648157400555],[-97.25646938480895,49.868492592032894],[-97.24987171522055,49.86814129471565],[-97.24852369613748,49.87397877782783],[-97.25251701687898,49.87360078844659],[-97.2563234633504,49.872648157400555]]]},"properties":{"DAUID":"46110347","DGUID":"2021S051246110347","LANDAREA":0.2622,"PRUID":"46","CMA":"Winnipeg"}},
{"type":"Feature","geometry":{"type":"Polygon","coordinates":[[[-97.25810899461693,49.868562302987016],[-97.25835678268069,49.86593050892844],[-97.25334008071079,49.865737999919176],[-97.25351109337744,49.86369880686648],[-97.25239911209808,49.86366399507561],[-97.2522588824775,49.86484921152048],[-97.25020309882281,49.864746189246354],[-97.24987171522055,49.86814129471565],[-97.25646938480895,49.868492592032894],[-97.25810899461693,49.868562302987016]]]},"properties":{"DAUID":"46110348","DGUID":"2021S051246110348","LANDAREA":0.2051,"PRUID":"46","CMA":"Winnipeg"}},
{"type":"Feature","geometry":{"type":"Polygon","coordinates":[[[-97.26071939739175,49.86834059096895],[-97.26097370454094,49.86513319439722],[-97.2594597062913,49.86505650944928],[-97.25955728427562,49.86388869273245],[-97.25351109337744,49.86369880686648],[-97.25334008071079,49.865737999919176],[-97.25835678268069,49.86593050892844],[-97.25810899461693,49.868562302987016],[-97.26071939739175,49.86834059096895]]]},"properties":{"DAUID":"46110349","DGUID":"2021S051246110349","LANDAREA":0.1623,"PRUID":"46","CMA":"Winnipeg"}},
{"type":"Feature","geometry":{"type":"Polygon","coordinates":[[[-97.25955728427562,49.86388869273245],[-97.25996850391566,49.85902849593079],[-97.2564952096628,49.85888638899176],[-97.25378508776089,49.8588006114418],[-97.25351109337744,49.86369880686648],[-97.25955728427562,49.86388869273245]]]},"properties":{"DAUID":"46110350","DGUID":"2021S051246110350","LANDAREA":0.2389,"PRUID":"46","CMA":"Winnipeg"}},
{"type":"Feature","geometry":{"type":"Polygon","coordinates":[[[-97.25351109337744,49.86369880686648],[-97.25378508776089,49.8588006114418],[-97.25072760566457,49.85870050199375],[-97.25020309882281,49.864746189246354],[-97.2522588824775,49.86484921152048],[-97.25239911209808,49.86366399507561],[-97.25351109337744,49.86369880686648]]]},"properties":{"DAUID":"46110351","DGUID":"2021S051246110351","LANDAREA":0.1424,"PRUID":"46","CMA":"Winnipeg"}},
{"type":"Feature","geometry":{"type":"Polygon","coordinates":[[[-97.2564952096628,49.85888638899176],[-97.25701199541318,49.8534162091305],[-97.25428799449817,49.853339298468605],[-97.25413009611707,49.855018898817136],[-97.2526053931975,49.854860991414704],[-97.25160609472422,49.85479199105806],[-97.25117541374854,49.85747500897386],[-97.25072760566457,49.85870050199375],[-97.25378508776089,49.8588006114418],[-97.2564952096628,49.85888638899176]]]},"properties":{"DAUID":"46110352","DGUID":"2021S051246110352","LANDAREA":0.2049,"PRUID":"46","CMA":"Winnipeg"}},
{"type":"Feature","geometry":{"type":"Polygon","coordinates":[[[-97.25996850391566,49.85902849593079],[-97.26056799464507,49.85240820237585],[-97.25708021380863,49.85229288714151],[-97.25701199541318,49.8534162091305],[-97.2564952096628,49.85888638899176],[-97.25996850391566,49.85902849593079]]]},"properties":{"DAUID":"46110353","DGUID":"2021S051246110353","LANDAREA":0.1837,"PRUID":"46","CMA":"Winnipeg"}},
{"type":"Feature","geometry":{"type":"Polygon","coordinates":[[[-97.25996850391566,49.85902849593079],[-97.26569279819931,49.85925830975584],[-97.265910309854,49.85667999808715],[-97.2631727832163,49.856585002087016],[-97.26325291693114,49.8559025990361],[-97.26595128001415,49.85592499764024],[-97.26607911083755,49.85468560024117],[-97.26479949953003,49.85467550183761],[-97.26491019985316,49.85352579379762],[-97.26347930164117,49.8534682912516],[-97.26355520289555,49.85251600798594],[-97.26056799464507,49.85240820237585],[-97.25996850391566,49.85902849593079]]]},"properties":{"DAUID":"46110354","DGUID":"2021S051246110354","LANDAREA":0.255,"PRUID":"46","CMA":"Winnipeg"}},
{"type":"Feature","geometry":{"type":"Polygon","coordinates":[[[-97.26569279819931,49.85925830975584],[-97.27070791284247,49.859477104902034],[-97.2713071883239,49.85282080523393],[-97.26627820369991,49.85261969064203],[-97.26355520289555,49.85251600798594],[-97.26347930164117,49.8534682912516],[-97.26491019985316,49.85352579379762],[-97.26479949953003,49.85467550183761],[-97.26607911083755,49.85468560024117],[-97.26595128001415,49.85592499764024],[-97.26325291693114,49.8559025990361],[-97.2631727832163,49.856585002087016],[-97.265910309854,49.85667999808715],[-97.26569279819931,49.85925830975584]]]},"properties":{"DAUID":"46110355","DGUID":"2021S051246110355","LANDAREA":0.3167,"PRUID":"46","CMA":"Winnipeg"}},
{"type":"Feature","geometry":{"type":"Polygon","coordinates":[[[-97.26627820369991,49.85261969064203],[-97.26705888869024,49.84518360650112],[-97.26132308902423,49.84493579522078],[-97.26096351812976,49.84836639847443],[-97.26221070072367,49.84927569482561],[-97.26205629221408,49.851638991715504],[-97.26355520289555,49.85251600798594],[-97.26627820369991,49.85261969064203]]]},"properties":{"DAUID":"46110356","DGUID":"2021S051246110356","LANDAREA":0.2972,"PRUID":"46","CMA":"Winnipeg"}},
{"type":"Feature","geometry":{"type":"Polygon","coordinates":[[[-97.26056799464507,49.85240820237585],[-97.26355520289555,49.85251600798594],[-97.26205629221408,49.851638991715504],[-97.26221070072367,49.84927569482561],[-97.26096351812976,49.84836639847443],[-97.25744848600532,49.84824170052176],[-97.25708021380863,49.85229288714151],[-97.26056799464507,49.85240820237585]]]},"properties":{"DAUID":"46110357","DGUID":"2021S051246110357","LANDAREA":0.16,"PRUID":"46","CMA":"Winnipeg"}},
{"type":"Feature","geometry":{"type":"Polygon","coordinates":[[[-97.26705888869024,49.84518360650112],[-97.27208588851673,49.84542050429796],[-97.27194858456096,49.841288090505614],[-97.2554729141143,49.84284199690868],[-97.25476551646649,49.84819231155519],[-97.25744848600532,49.84824170052176],[-97.26096351812976,49.84836639847443],[-97.26132308902423,49.84493579522078],[-97.26705888869024,49.84518360650112]]]},"properties":{"DAUID":"46110358","DGUID":"2021S051246110358","LANDAREA":0.5707,"PRUID":"46","CMA":"Winnipeg"}},
{"type":"Feature","geometry":{"type":"Polygon","coordinates":[[[-97.2526053931975,49.854860991414704],[-97.25273780717512,49.853504794527055],[-97.25166740819932,49.853479605930495],[-97.25181439045532,49.85210560098032],[-97.25438468713271,49.85219830675441],[-97.25476551646649,49.84819231155519],[-97.2554729141143,49.84284199690868],[-97.25157499359106,49.84319999518124],[-97.25083070693631,49.857463296330074],[-97.25117541374854,49.85747500897386],[-97.25160609472422,49.85479199105806],[-97.2526053931975,49.854860991414704]]]},"properties":{"DAUID":"46110359","DGUID":"2021S051246110359","LANDAREA":0.2903,"PRUID":"46","CMA":"Winnipeg"}},
{"type":"Feature","geometry":{"type":"Polygon","coordinates":[[[-97.25701199541318,49.8534162091305],[-97.25708021380863,49.85229288714151],[-97.25744848600532,49.84824170052176],[-97.25476551646649,49.84819231155519],[-97.25438468713271,49.85219830675441],[-97.25181439045532,49.85210560098032],[-97.25166740819932,49.853479605930495],[-97.25273780717512,49.853504794527055],[-97.2526053931975,49.854860991414704],[-97.25413009611707,49.855018898817136],[-97.25428799449817,49.853339298468605],[-97.25701199541318,49.8534162091305]]]},"properties":{"DAUID":"46110360","DGUID":"2021S051246110360","LANDAREA":0.1577,"PRUID":"46","CMA":"Winnipeg"}},
{"type":"Feature","geometry":{"type":"Polygon","coordinates":[[[-97.25117541374854,49.85747500897386],[-97.25083070693631,49.857463296330074],[-97.25157499359106,49.84319999518124],[-97.23163488126839,49.84506219167976],[-97.2130104075442,49.84680170438572],[-97.21275991621671,49.850700396468135],[-97.21569019278027,49.850457711957795],[-97.21506888094416,49.84768670048739],[-97.21892229610232,49.84730519798344],[-97.21891448168874,49.850165490682464],[-97.22178030076907,49.850164505994826],[-97.22614839301137,49.85054630486855],[-97.22890750938433,49.85118218705364],[-97.23104641349353,49.85127780729612],[-97.23031770390892,49.85802069180316],[-97.25072760566457,49.85870050199375],[-97.25117541374854,49.85747500897386]]]},"properties":{"DAUID":"46110361","DGUID":"2021S051246110361","LANDAREA":2.875,"PRUID":"46","CMA":"Winnipeg"}},
{"type":"Feature","geometry":{"type":"Polygon","coordinates":[[[-97.22178030076907,49.850164505994826],[-97.22142851411459,49.85368519630411],[-97.22592730999521,49.85392500028909],[-97.2255283945225,49.85759790685376],[-97.22699419266091,49.8578452132773],[-97.23031770390892,49.85802069180316],[-97.23104641349353,49.85127780729612],[-97.22890750938433,49.85118218705364],[-97.22614839301137,49.85054630486855],[-97.22178030076907,49.850164505994826]]]},"properties":{"DAUID":"46110362","DGUID":"2021S051246110362","LANDAREA":0.3907,"PRUID":"46","CMA":"Winnipeg"}},
{"type":"Feature","geometry":{"type":"Polygon","coordinates":[[[-97.22142851411459,49.85368519630411],[-97.22030660452162,49.85468439900053],[-97.21602761509627,49.85451958768519],[-97.21578058185519,49.85593711038613],[-97.21319561890469,49.85586120302505],[-97.2133025065663,49.856735394026906],[-97.2172508969979,49.856814211731844],[-97.21719601751597,49.85755099800383],[-97.22005389924733,49.85739700423087],[-97.22209071007143,49.857248392157295],[-97.2255283945225,49.85759790685376],[-97.22592730999521,49.85392500028909],[-97.22142851411459,49.85368519630411]]]},"properties":{"DAUID":"46110363","DGUID":"2021S051246110363","LANDAREA":0.2685,"PRUID":"46","CMA":"Winnipeg"}},
{"type":"Feature","geometry":{"type":"Polygon","coordinates":[[[-97.21891448168874,49.850165490682464],[-97.21866571987515,49.85239239984177],[-97.21634340827222,49.851610096086105],[-97.21459911936086,49.852132011083],[-97.2143742937454,49.854458210598686],[-97.21602761509627,49.85451958768519],[-97.22030660452162,49.85468439900053],[-97.22142851411459,49.85368519630411],[-97.22178030076907,49.850164505994826],[-97.21891448168874,49.850165490682464]]]},"properties":{"DAUID":"46110364","DGUID":"2021S051246110364","LANDAREA":0.1751,"PRUID":"46","CMA":"Winnipeg"}},
{"type":"Feature","geometry":{"type":"Polygon","coordinates":[[[-97.21569019278027,49.850457711957795],[-97.21634340827222,49.851610096086105],[-97.21866571987515,49.85239239984177],[-97.21891448168874,49.850165490682464],[-97.21892229610232,49.84730519798344],[-97.21506888094416,49.84768670048739],[-97.21569019278027,49.850457711957795]]]},"properties":{"DAUID":"46110365","DGUID":"2021S051246110365","LANDAREA":0.1278,"PRUID":"46","CMA":"Winnipeg"}},
{"type":"Feature","geometry":{"type":"Polygon","coordinates":[[[-97.21275991621671,49.850700396468135],[-97.21214459276605,49.857572105343834],[-97.21719601751597,49.85755099800383],[-97.2172508969979,49.856814211731844],[-97.2133025065663,49.856735394026906],[-97.21319561890469,49.85586120302505],[-97.21578058185519,49.85593711038613],[-97.21602761509627,49.85451958768519],[-97.2143742937454,49.854458210598686],[-97.21459911936086,49.852132011083],[-97.21634340827222,49.851610096086105],[-97.21569019278027,49.850457711957795],[-97.21275991621671,49.850700396468135]]]},"properties":{"DAUID":"46110366","DGUID":"2021S051246110366","LANDAREA":0.1553,"PRUID":"46","CMA":"Winnipeg"}},
{"type":"Feature","geometry":{"type":"Polygon","coordinates":[[[-97.21275991621671,49.850700396468135],[-97.20717701354033,49.850443190610974],[-97.20655988125468,49.85734190620406],[-97.20592809804904,49.86425830359756],[-97.20714358869603,49.86450189318684],[-97.20775408003344,49.86154299565696],[-97.21170129836584,49.8616669974225],[-97.21213829014306,49.858498501062506],[-97.21214459276605,49.857572105343834],[-97.21275991621671,49.850700396468135]]]},"properties":{"DAUID":"46110367","DGUID":"2021S051246110367","LANDAREA":0.5269,"PRUID":"46","CMA":"Winnipeg"}},
{"type":"Feature","geometry":{"type":"Polygon","coordinates":[[[-97.20717701354033,49.850443190610974],[-97.20256571806091,49.850245889909026],[-97.20224329491458,49.85368600044387],[-97.20189170378853,49.85716158718014],[-97.20655988125468,49.85734190620406],[-97.20717701354033,49.850443190610974]]]},"properties":{"DAUID":"46110368","DGUID":"2021S051246110368","LANDAREA":0.2575,"PRUID":"46","CMA":"Winnipeg"}},
{"type":"Feature","geometry":{"type":"Polygon","coordinates":[[[-97.19608571371043,49.85691926740546],[-97.19553630833856,49.86383184782491],[-97.19786920098696,49.86393530701495],[-97.19820720904227,49.860459506284386],[-97.20156951066849,49.86059270867984],[-97.20189170378853,49.85716158718014],[-97.19608571371043,49.85691926740546]]]},"properties":{"DAUID":"46110370","DGUID":"2021S051246110370","LANDAREA":0.2256,"PRUID":"46","CMA":"Winnipeg"}},
{"type":"Feature","geometry":{"type":"Polygon","coordinates":[[[-97.19786920098696,49.86393530701495],[-97.20119001430898,49.86406789586887],[-97.20156951066849,49.86059270867984],[-97.19820720904227,49.860459506284386],[-97.19786920098696,49.86393530701495]]]},"properties":{"DAUID":"46110371","DGUID":"2021S051246110371","LANDAREA":0.0934,"PRUID":"46","CMA":"Winnipeg"}},
{"type":"Feature","geometry":{"type":"Polygon","coordinates":[[[-97.19553630833856,49.86383184782491],[-97.19525762613875,49.86725471299052],[-97.20086870470759,49.86747199154256],[-97.20267301781003,49.86749699591242],[-97.20301021314928,49.86414110956557],[-97.20119001430898,49.86406789586887],[-97.19786920098696,49.86393530701495],[-97.19553630833856,49.86383184782491]]]},"properties":{"DAUID":"46110373","DGUID":"2021S051246110373","LANDAREA":0.2039,"PRUID":"46","CMA":"Winnipeg"}},
{"type":"Feature","geometry":{"type":"Polygon","coordinates":[[[-97.20086870470759,49.86747199154256],[-97.20053151289831,49.87092979916455],[-97.20225630648451,49.87170319801174],[-97.20521668972009,49.87181200620535],[-97.20539569782493,49.869611009082185],[-97.20574588230957,49.86617140295409],[-97.20427260986212,49.86612160644784],[-97.20448271298083,49.86420891135888],[-97.20301021314928,49.86414110956557],[-97.20267301781003,49.86749699591242],[-97.20086870470759,49.86747199154256]]]},"properties":{"DAUID":"46110374","DGUID":"2021S051246110374","LANDAREA":0.2057,"PRUID":"46","CMA":"Winnipeg"}},
{"type":"Feature","geometry":{"type":"Polygon","coordinates":[[[-97.19525762613875,49.86725471299052],[-97.19498440583156,49.870695992510164],[-97.20053151289831,49.87092979916455],[-97.20086870470759,49.86747199154256],[-97.19525762613875,49.86725471299052]]]},"properties":{"DAUID":"46110375","DGUID":"2021S051246110375","LANDAREA":0.1538,"PRUID":"46","CMA":"Winnipeg"}},
{"type":"Feature","geometry":{"type":"Polygon","coordinates":[[[-97.19498440583156,49.870695992510164],[-97.19470627674748,49.874197527546166],[-97.2002351885152,49.87440629634952],[-97.20053151289831,49.87092979916455],[-97.19498440583156,49.870695992510164]]]},"properties":{"DAUID":"46110376","DGUID":"2021S051246110376","LANDAREA":0.1553,"PRUID":"46","CMA":"Winnipeg"}},
{"type":"Feature","geometry":{"type":"Polygon","coordinates":[[[-97.20143104621056,49.877126449598784],[-97.20292926564305,49.87685352160071],[-97.2023524813428,49.87586040503972],[-97.20425449719612,49.87374008759391],[-97.20275271264019,49.87295218678039],[-97.20225630648451,49.87170319801174],[-97.20053151289831,49.87092979916455],[-97.2002351885152,49.87440629634952],[-97.19470627674748,49.874197527546166],[-97.19452051597615,49.87652917461887],[-97.19436900878165,49.87838839284607],[-97.19624387007511,49.878425775574804],[-97.20143104621056,49.877126449598784]]]},"properties":{"DAUID":"46110377","DGUID":"2021S051246110377","LANDAREA":0.2662,"PRUID":"46","CMA":"Winnipeg"}},
{"type":"Feature","geometry":{"type":"Polygon","coordinates":[[[-97.19498440583156,49.870695992510164],[-97.19049798914996,49.87053081066008],[-97.19022789608552,49.87403459025183],[-97.18999249552628,49.87698129524354],[-97.19452051597615,49.87652917461887],[-97.19470627674748,49.874197527546166],[-97.19498440583156,49.870695992510164]]]},"properties":{"DAUID":"46110378","DGUID":"2021S051246110378","LANDAREA":0.2244,"PRUID":"46","CMA":"Winnipeg"}},
{"type":"Feature","geometry":{"type":"Polygon","coordinates":[[[-97.19022789608552,49.87403459025183],[-97.1850841938845,49.87387319618625],[-97.18474250955411,49.87778969790679],[-97.18999249552628,49.87698129524354],[-97.19022789608552,49.87403459025183]]]},"properties":{"DAUID":"46110379","DGUID":"2021S051246110379","LANDAREA":0.1404,"PRUID":"46","CMA":"Winnipeg"}},
{"type":"Feature","geometry":{"type":"Polygon","coordinates":[[[-97.19049798914996,49.87053081066008],[-97.1879271879396,49.87042760945976],[-97.18536929798529,49.870351599815564],[-97.1850841938845,49.87387319618625],[-97.19022789608552,49.87403459025183],[-97.19049798914996,49.87053081066008]]]},"properties":{"DAUID":"46110380","DGUID":"2021S051246110380","LANDAREA":0.1451,"PRUID":"46","CMA":"Winnipeg"}},
{"type":"Feature","geometry":{"type":"Polygon","coordinates":[[[-97.18536929798529,49.870351599815564],[-97.18264478502304,49.87026401117347],[-97.1812549156932,49.87021519202966],[-97.18097021370328,49.87371881115753],[-97.1850841938845,49.87387319618625],[-97.18536929798529,49.870351599815564]]]},"properties":{"DAUID":"46110381","DGUID":"2021S051246110381","LANDAREA":0.1161,"PRUID":"46","CMA":"Winnipeg"}},
{"type":"Feature","geometry":{"type":"Polygon","coordinates":[[[-97.1879271879396,49.87042760945976],[-97.1882104153439,49.866951005735885],[-97.18434669663671,49.8668185905168],[-97.18295721708716,49.866760806932405],[-97.18264478502304,49.87026401117347],[-97.18536929798529,49.870351599815564],[-97.1879271879396,49.87042760945976]]]},"properties":{"DAUID":"46110382","DGUID":"2021S051246110382","LANDAREA":0.1472,"PRUID":"46","CMA":"Winnipeg"}},
{"type":"Feature","geometry":{"type":"Polygon","coordinates":[[[-97.18264478502304,49.87026401117347],[-97.18295721708716,49.866760806932405],[-97.17737130075126,49.86653820864011],[-97.17711238187216,49.870087196807056],[-97.1812549156932,49.87021519202966],[-97.18264478502304,49.87026401117347]]]},"properties":{"DAUID":"46110383","DGUID":"2021S051246110383","LANDAREA":0.1571,"PRUID":"46","CMA":"Winnipeg"}},
{"type":"Feature","geometry":{"type":"Polygon","coordinates":[[[-97.18434669663671,49.8668185905168],[-97.18466880931318,49.86342350936969],[-97.183251582716,49.8633653002939],[-97.17762498832835,49.86312410248779],[-97.17737130075126,49.86653820864011],[-97.18295721708716,49.866760806932405],[-97.18434669663671,49.8668185905168]]]},"properties":{"DAUID":"46110384","DGUID":"2021S051246110384","LANDAREA":0.1909,"PRUID":"46","CMA":"Winnipeg"}},
{"type":"Feature","geometry":{"type":"Polygon","coordinates":[[[-97.17762498832835,49.86312410248779],[-97.1748599038945,49.86301760030152],[-97.17208939651321,49.864530087773595],[-97.17333831298025,49.86609688759902],[-97.17113949573425,49.86683580175489],[-97.1718586867578,49.86769269033738],[-97.17530139962929,49.86650551036097],[-97.17737130075126,49.86653820864011],[-97.17762498832835,49.86312410248779]]]},"properties":{"DAUID":"46110385","DGUID":"2021S051246110385","LANDAREA":0.1431,"PRUID":"46","CMA":"Winnipeg"}},
{"type":"Feature","geometry":{"type":"Polygon","coordinates":[[[-97.17737130075126,49.86653820864011],[-97.17530139962929,49.86650551036097],[-97.1718586867578,49.86769269033738],[-97.16975849098432,49.8683970963581],[-97.17104751206604,49.8700096007547],[-97.1731897788908,49.86929678921488],[-97.17427880988855,49.869943596013485],[-97.17711238187216,49.870087196807056],[-97.17737130075126,49.86653820864011]]]},"properties":{"DAUID":"46110386","DGUID":"2021S051246110386","LANDAREA":0.1517,"PRUID":"46","CMA":"Winnipeg"}},
{"type":"Feature","geometry":{"type":"Polygon","coordinates":[[[-97.17208939651321,49.864530087773595],[-97.16780409673407,49.86598260412468],[-97.16905401058104,49.86752250981987],[-97.16688390005535,49.868234791526],[-97.16763008945686,49.869110090279754],[-97.1696138040013,49.87148910528254],[-97.17171340923154,49.87080270945648],[-97.17104751206604,49.8700096007547],[-97.16975849098432,49.8683970963581],[-97.1718586867578,49.86769269033738],[-97.17113949573425,49.86683580175489],[-97.17333831298025,49.86609688759902],[-97.17208939651321,49.864530087773595]]]},"properties":{"DAUID":"46110387","DGUID":"2021S051246110387","LANDAREA":0.1565,"PRUID":"46","CMA":"Winnipeg"}},
{"type":"Feature","geometry":{"type":"Polygon","coordinates":[[[-97.16780409673407,49.86598260412468],[-97.16358981493919,49.867391111456364],[-97.16557189082222,49.86980610937467],[-97.16763008945686,49.869110090279754],[-97.16688390005535,49.868234791526],[-97.16905401058104,49.86752250981987],[-97.16780409673407,49.86598260412468]]]},"properties":{"DAUID":"46110388","DGUID":"2021S051246110388","LANDAREA":0.0842,"PRUID":"46","CMA":"Winnipeg"}},
{"type":"Feature","geometry":{"type":"Polygon","coordinates":[[[-97.16780409673407,49.86598260412468],[-97.16652848535773,49.864388300274115],[-97.16439991624226,49.86511020542534],[-97.16330997990622,49.86376159442348],[-97.15902589679942,49.86517780293874],[-97.1614050996019,49.868120994514854],[-97.16358981493919,49.867391111456364],[-97.16780409673407,49.86598260412468]]]},"properties":{"DAUID":"46110389","DGUID":"2021S051246110389","LANDAREA":0.1615,"PRUID":"46","CMA":"Winnipeg"}},
{"type":"Feature","geometry":{"type":"Polygon","coordinates":[[[-97.16358981493919,49.867391111456364],[-97.1614050996019,49.868120994514854],[-97.15931930721219,49.868807503647275],[-97.16118821503478,49.87126580382485],[-97.16557189082222,49.86980610937467],[-97.16358981493919,49.867391111456364]]]},"properties":{"DAUID":"46110390","DGUID":"2021S051246110390","LANDAREA":0.1061,"PRUID":"46","CMA":"Winnipeg"}},
{"type":"Feature","geometry":{"type":"Polygon","coordinates":[[[-97.15902589679942,49.86517780293874],[-97.15736580668417,49.86309159269202],[-97.15522319497283,49.86381309092754],[-97.1569395824529,49.8658823138221],[-97.15931930721219,49.868807503647275],[-97.1614050996019,49.868120994514854],[-97.15902589679942,49.86517780293874]]]},"properties":{"DAUID":"46110391","DGUID":"2021S051246110391","LANDAREA":0.1067,"PRUID":"46","CMA":"Winnipeg"}},
{"type":"Feature","geometry":{"type":"Polygon","coordinates":[[[-97.1569395824529,49.8658823138221],[-97.15266901230824,49.8672984869681],[-97.15052609892787,49.868019893565084],[-97.15104419853444,49.86866680519024],[-97.15321451683315,49.86795479895755],[-97.15377230583395,49.868656300942305],[-97.15588661315067,49.86795239586421],[-97.15713408032882,49.86954628888],[-97.15931930721219,49.868807503647275],[-97.1569395824529,49.8658823138221]]]},"properties":{"DAUID":"46110392","DGUID":"2021S051246110392","LANDAREA":0.1081,"PRUID":"46","CMA":"Winnipeg"}},
{"type":"Feature","geometry":{"type":"Polygon","coordinates":[[[-97.15104419853444,49.86866680519024],[-97.15225391540132,49.8701523069686],[-97.15439650219237,49.869439801477824],[-97.15503359391737,49.8702505114773],[-97.15713408032882,49.86954628888],[-97.15588661315067,49.86795239586421],[-97.15377230583395,49.868656300942305],[-97.15321451683315,49.86795479895755],[-97.15104419853444,49.86866680519024]]]},"properties":{"DAUID":"46110393","DGUID":"2021S051246110393","LANDAREA":0.0662,"PRUID":"46","CMA":"Winnipeg"}},
{"type":"Feature","geometry":{"type":"Polygon","coordinates":[[[-97.15104419853444,49.86866680519024],[-97.1489019893201,49.869370188931505],[-97.15073411926328,49.8716842111163],[-97.1529052819875,49.870954193861415],[-97.15503359391737,49.8702505114773],[-97.15439650219237,49.869439801477824],[-97.15225391540132,49.8701523069686],[-97.15104419853444,49.86866680519024]]]},"properties":{"DAUID":"46110394","DGUID":"2021S051246110394","LANDAREA":0.0676,"PRUID":"46","CMA":"Winnipeg"}},
{"type":"Feature","geometry":{"type":"Polygon","coordinates":[[[-97.15503359391737,49.8702505114773],[-97.1529052819875,49.870954193861415],[-97.15410089001315,49.872448391195306],[-97.15690371016724,49.872672908082514],[-97.15624081480904,49.87180790919655],[-97.15832769280247,49.8710944885503],[-97.15713408032882,49.86954628888],[-97.15503359391737,49.8702505114773]]]},"properties":{"DAUID":"46110395","DGUID":"2021S051246110395","LANDAREA":0.0744,"PRUID":"46","CMA":"Winnipeg"}},
{"type":"Feature","geometry":{"type":"Polygon","coordinates":[[[-97.15073411926328,49.8716842111163],[-97.1514267853719,49.8724958114642],[-97.14927021464429,49.87320788886129],[-97.14989508535483,49.873973497000506],[-97.1507944005952,49.874842395172884],[-97.15229609680061,49.8730582937713],[-97.15410089001315,49.872448391195306],[-97.1529052819875,49.870954193861415],[-97.15073411926328,49.8716842111163]]]},"properties":{"DAUID":"46110396","DGUID":"2021S051246110396","LANDAREA":0.0579,"PRUID":"46","CMA":"Winnipeg"}},
{"type":"Feature","geometry":{"type":"Polygon","coordinates":[[[-97.1507944005952,49.874842395172884],[-97.15048600616912,49.87562899918805],[-97.15152841590928,49.87748960916507],[-97.15291404456222,49.87693678761503],[-97.15235025436827,49.875008948789706],[-97.15433672553732,49.87380400959903],[-97.15410089001315,49.872448391195306],[-97.15229609680061,49.8730582937713],[-97.1507944005952,49.874842395172884]]]},"properties":{"DAUID":"46110397","DGUID":"2021S051246110397","LANDAREA":0.0562,"PRUID":"46","CMA":"Winnipeg"}},
{"type":"Feature","geometry":{"type":"Polygon","coordinates":[[[-97.14989508535483,49.873973497000506],[-97.14706200284128,49.874899693327485],[-97.14839049064804,49.87655800948723],[-97.14954052059439,49.87815050993801],[-97.15071031567481,49.8777734003554],[-97.15152841590928,49.87748960916507],[-97.15048600616912,49.87562899918805],[-97.1507944005952,49.874842395172884],[-97.14989508535483,49.873973497000506]]]},"properties":{"DAUID":"46110398","DGUID":"2021S051246110398","LANDAREA":0.078,"PRUID":"46","CMA":"Winnipeg"}},
{"type":"Feature","geometry":{"type":"Polygon","coordinates":[[[-97.15152841590928,49.87748960916507],[-97.15071031567481,49.8777734003554],[-97.15128348871124,49.87853119535487],[-97.15345093371484,49.87777765199211],[-97.15291404456222,49.87693678761503],[-97.15152841590928,49.87748960916507]]]},"properties":{"DAUID":"46110399","DGUID":"2021S051246110399","LANDAREA":0.0138,"PRUID":"46","CMA":"Winnipeg"}},
{"type":"Feature","geometry":{"type":"Polygon","coordinates":[[[-97.15045050508729,49.87983679735299],[-97.14712498053328,49.88016279506723],[-97.1480577657323,49.881593066415434],[-97.14930652323784,49.881713095364006],[-97.15121021049085,49.88068840056695],[-97.15045050508729,49.87983679735299]]]},"properties":{"DAUID":"46110402","DGUID":"2021S051246110402","LANDAREA":0.0382,"PRUID":"46","CMA":"Winnipeg"}},
{"type":"Feature","geometry":{"type":"Polygon","coordinates":[[[-97.14839049064804,49.87655800948723],[-97.14479564472732,49.87772563846608],[-97.14564116906546,49.87825776272917],[-97.14712498053328,49.88016279506723],[-97.15045050508729,49.87983679735299],[-97.14954052059439,49.87815050993801],[-97.14839049064804,49.87655800948723]]]},"properties":{"DAUID":"46110403","DGUID":"2021S051246110403","LANDAREA":0.0901,"PRUID":"46","CMA":"Winnipeg"}},
{"type":"Feature","geometry":{"type":"Polygon","coordinates":[[[-97.14479564472732,49.87772563846608],[-97.14117098844216,49.87897909228635],[-97.14091738183102,49.879055996911006],[-97.14213619399905,49.880667598848476],[-97.14369408212792,49.881061391741646],[-97.14712498053328,49.88016279506723],[-97.14564116906546,49.87825776272917],[-97.14479564472732,49.87772563846608]]]},"properties":{"DAUID":"46110404","DGUID":"2021S051246110404","LANDAREA":0.0925,"PRUID":"46","CMA":"Winnipeg"}},
{"type":"Feature","geometry":{"type":"Polygon","coordinates":[[[-97.14712498053328,49.88016279506723],[-97.14369408212792,49.881061391741646],[-97.14252768724526,49.881348489714995],[-97.14033825499033,49.88316873962271],[-97.14260331788259,49.882372135827595],[-97.1480577657323,49.881593066415434],[-97.14712498053328,49.88016279506723]]]},"properties":{"DAUID":"46110405","DGUID":"2021S051246110405","LANDAREA":0.0473,"PRUID":"46","CMA":"Winnipeg"}},
{"type":"Feature","geometry":{"type":"Polygon","coordinates":[[[-97.14213619399905,49.880667598848476],[-97.13695971501903,49.882428502949686],[-97.13781892794057,49.88427218653973],[-97.14033825499033,49.88316873962271],[-97.14252768724526,49.881348489714995],[-97.14369408212792,49.881061391741646],[-97.14213619399905,49.880667598848476]]]},"properties":{"DAUID":"46110406","DGUID":"2021S051246110406","LANDAREA":0.0734,"PRUID":"46","CMA":"Winnipeg"}},
{"type":"Feature","geometry":{"type":"Polygon","coordinates":[[[-97.14091738183102,49.879055996911006],[-97.13763119451534,49.88017261074832],[-97.13695971501903,49.882428502949686],[-97.14213619399905,49.880667598848476],[-97.14091738183102,49.879055996911006]]]},"properties":{"DAUID":"46110407","DGUID":"2021S051246110407","LANDAREA":0.0687,"PRUID":"46","CMA":"Winnipeg"}},
{"type":"Feature","geometry":{"type":"Polygon","coordinates":[[[-97.14117098844216,49.87897909228635],[-97.13988409357665,49.877330313089715],[-97.14329811039418,49.8761438036856],[-97.14202201631048,49.87457621076195],[-97.14080875911507,49.87305587637544],[-97.14018860746624,49.87228378858708],[-97.13736934850306,49.87351111451522],[-97.13705929799423,49.875655286328204],[-97.13584932524026,49.87746206366385],[-97.13325822134965,49.880217213081],[-97.13130700923189,49.8819461518523],[-97.13011933087961,49.88292751500365],[-97.13103348750857,49.88363461644577],[-97.13415810624763,49.88248730491946],[-97.1346899042913,49.88309979509356],[-97.13695971501903,49.882428502949686],[-97.13763119451534,49.88017261074832],[-97.14091738183102,49.879055996911006],[-97.14117098844216,49.87897909228635]]]},"properties":{"DAUID":"46110408","DGUID":"2021S051246110408","LANDAREA":0.3205,"PRUID":"46","CMA":"Winnipeg"}},
{"type":"Feature","geometry":{"type":"Polygon","coordinates":[[[-97.14479564472732,49.87772563846608],[-97.14329811039418,49.8761438036856],[-97.13988409357665,49.877330313089715],[-97.14117098844216,49.87897909228635],[-97.14479564472732,49.87772563846608]]]},"properties":{"DAUID":"46110409","DGUID":"2021S051246110409","LANDAREA":0.0584,"PRUID":"46","CMA":"Winnipeg"}},
{"type":"Feature","geometry":{"type":"Polygon","coordinates":[[[-97.14706200284128,49.874899693327485],[-97.14329811039418,49.8761438036856],[-97.14479564472732,49.87772563846608],[-97.14839049064804,49.87655800948723],[-97.14706200284128,49.874899693327485]]]},"properties":{"DAUID":"46110410","DGUID":"2021S051246110410","LANDAREA":0.0628,"PRUID":"46","CMA":"Winnipeg"}},
{"type":"Feature","geometry":{"type":"Polygon","coordinates":[[[-97.14927021464429,49.87320788886129],[-97.14645081658529,49.87414339114324],[-97.14578629266231,49.87332320755568],[-97.14202201631048,49.87457621076195],[-97.14329811039418,49.8761438036856],[-97.14706200284128,49.874899693327485],[-97.14989508535483,49.873973497000506],[-97.14927021464429,49.87320788886129]]]},"properties":{"DAUID":"46110411","DGUID":"2021S051246110411","LANDAREA":0.0814,"PRUID":"46","CMA":"Winnipeg"}},
{"type":"Feature","geometry":{"type":"Polygon","coordinates":[[[-97.14202201631048,49.87457621076195],[-97.14578629266231,49.87332320755568],[-97.14863348023623,49.872388195372565],[-97.14796861508367,49.871576997139854],[-97.14512179195056,49.87250299615482],[-97.1439392937091,49.87103590653717],[-97.1415900979267,49.87173330916124],[-97.14080875911507,49.87305587637544],[-97.14202201631048,49.87457621076195]]]},"properties":{"DAUID":"46110412","DGUID":"2021S051246110412","LANDAREA":0.1059,"PRUID":"46","CMA":"Winnipeg"}},
{"type":"Feature","geometry":{"type":"Polygon","coordinates":[[[-97.15073411926328,49.8716842111163],[-97.14863348023623,49.872388195372565],[-97.14578629266231,49.87332320755568],[-97.14645081658529,49.87414339114324],[-97.14927021464429,49.87320788886129],[-97.1514267853719,49.8724958114642],[-97.15073411926328,49.8716842111163]]]},"properties":{"DAUID":"46110413","DGUID":"2021S051246110413","LANDAREA":0.0411,"PRUID":"46","CMA":"Winnipeg"}},
{"type":"Feature","geometry":{"type":"Polygon","coordinates":[[[-97.1489019893201,49.869370188931505],[-97.1439392937091,49.87103590653717],[-97.14512179195056,49.87250299615482],[-97.14796861508367,49.871576997139854],[-97.14863348023623,49.872388195372565],[-97.15073411926328,49.8716842111163],[-97.1489019893201,49.869370188931505]]]},"properties":{"DAUID":"46110414","DGUID":"2021S051246110414","LANDAREA":0.0934,"PRUID":"46","CMA":"Winnipeg"}},
{"type":"Feature","geometry":{"type":"Polygon","coordinates":[[[-97.15052609892787,49.868019893565084],[-97.14879580203532,49.865959398690904],[-97.14455281365801,49.86737571184216],[-97.14546729027583,49.868568701515166],[-97.14321521353313,49.869593988347646],[-97.1439392937091,49.87103590653717],[-97.1489019893201,49.869370188931505],[-97.15104419853444,49.86866680519024],[-97.15052609892787,49.868019893565084]]]},"properties":{"DAUID":"46110415","DGUID":"2021S051246110415","LANDAREA":0.155,"PRUID":"46","CMA":"Winnipeg"}},
{"type":"Feature","geometry":{"type":"Polygon","coordinates":[[[-97.15266901230824,49.8672984869681],[-97.1506484110881,49.86481960713498],[-97.15276288630267,49.864106710557685],[-97.14994001071179,49.860778499819176],[-97.15430880175057,49.85932801060413],[-97.15322969097444,49.85806950211976],[-97.15206189518301,49.856584705709196],[-97.15277838460817,49.855309802393805],[-97.15239665313062,49.85418258955698],[-97.15083946852907,49.85606515189443],[-97.1415900979267,49.87173330916124],[-97.1439392937091,49.87103590653717],[-97.14321521353313,49.869593988347646],[-97.14546729027583,49.868568701515166],[-97.14455281365801,49.86737571184216],[-97.14879580203532,49.865959398690904],[-97.15052609892787,49.868019893565084],[-97.15266901230824,49.8672984869681]]]},"properties":{"DAUID":"46110416","DGUID":"2021S051246110416","LANDAREA":0.4415,"PRUID":"46","CMA":"Winnipeg"}},
{"type":"Feature","geometry":{"type":"Polygon","coordinates":[[[-97.15522319497283,49.86381309092754],[-97.15276288630267,49.864106710557685],[-97.1506484110881,49.86481960713498],[-97.15266901230824,49.8672984869681],[-97.1569395824529,49.8658823138221],[-97.15522319497283,49.86381309092754]]]},"properties":{"DAUID":"46110417","DGUID":"2021S051246110417","LANDAREA":0.1076,"PRUID":"46","CMA":"Winnipeg"}},
{"type":"Feature","geometry":{"type":"Polygon","coordinates":[[[-97.15736580668417,49.86309159269202],[-97.15668841321393,49.862244302148866],[-97.15430880175057,49.85932801060413],[-97.14994001071179,49.860778499819176],[-97.15276288630267,49.864106710557685],[-97.15522319497283,49.86381309092754],[-97.15736580668417,49.86309159269202]]]},"properties":{"DAUID":"46110418","DGUID":"2021S051246110418","LANDAREA":0.1566,"PRUID":"46","CMA":"Winnipeg"}},
{"type":"Feature","geometry":{"type":"Polygon","coordinates":[[[-97.15430880175057,49.85932801060413],[-97.15668841321393,49.862244302148866],[-97.16086798916294,49.86085710886435],[-97.15903930624562,49.858602703641374],[-97.15693928567376,49.85930689494831],[-97.15639451113502,49.858632588249485],[-97.15535708561474,49.857374805384836],[-97.15322969097444,49.85806950211976],[-97.15430880175057,49.85932801060413]]]},"properties":{"DAUID":"46110419","DGUID":"2021S051246110419","LANDAREA":0.137,"PRUID":"46","CMA":"Winnipeg"}},
{"type":"Feature","geometry":{"type":"Polygon","coordinates":[[[-97.16330997990622,49.86376159442348],[-97.16271179460423,49.863023489275726],[-97.16488039003579,49.86234730449648],[-97.16304411216132,49.86013240628322],[-97.16086798916294,49.86085710886435],[-97.15668841321393,49.862244302148866],[-97.15736580668417,49.86309159269202],[-97.15902589679942,49.86517780293874],[-97.16330997990622,49.86376159442348]]]},"properties":{"DAUID":"46110420","DGUID":"2021S051246110420","LANDAREA":0.1743,"PRUID":"46","CMA":"Winnipeg"}},
{"type":"Feature","geometry":{"type":"Polygon","coordinates":[[[-97.16086798916294,49.86085710886435],[-97.16304411216132,49.86013240628322],[-97.1673144128343,49.85869780027949],[-97.1703588136129,49.85766649769947],[-97.16764220750204,49.8556992869473],[-97.16116770875088,49.85788090095723],[-97.16060889406646,49.85720639285148],[-97.15639451113502,49.858632588249485],[-97.15693928567376,49.85930689494831],[-97.15903930624562,49.858602703641374],[-97.16086798916294,49.86085710886435]]]},"properties":{"DAUID":"46110421","DGUID":"2021S051246110421","LANDAREA":0.2498,"PRUID":"46","CMA":"Winnipeg"}},
{"type":"Feature","geometry":{"type":"Polygon","coordinates":[[[-97.16488039003579,49.86234730449648],[-97.1669813887256,49.86161598885638],[-97.1664234996651,49.86091449987902],[-97.16858071894758,49.86016609632456],[-97.1673144128343,49.85869780027949],[-97.16304411216132,49.86013240628322],[-97.16488039003579,49.86234730449648]]]},"properties":{"DAUID":"46110422","DGUID":"2021S051246110422","LANDAREA":0.0807,"PRUID":"46","CMA":"Winnipeg"}},
{"type":"Feature","geometry":{"type":"Polygon","coordinates":[[[-97.1673144128343,49.85869780027949],[-97.16858071894758,49.86016609632456],[-97.1664234996651,49.86091449987902],[-97.1669813887256,49.86161598885638],[-97.16753821580954,49.862344404554456],[-97.17083679574584,49.861218106488465],[-97.17275318995816,49.86058270252657],[-97.17101031896107,49.858468411548735],[-97.1703588136129,49.85766649769947],[-97.1673144128343,49.85869780027949]]]},"properties":{"DAUID":"46110423","DGUID":"2021S051246110423","LANDAREA":0.1215,"PRUID":"46","CMA":"Winnipeg"}},
{"type":"Feature","geometry":{"type":"Polygon","coordinates":[[[-97.17208939651321,49.864530087773595],[-97.17226709328585,49.863138601334036],[-97.17083679574584,49.861218106488465],[-97.16753821580954,49.862344404554456],[-97.1669813887256,49.86161598885638],[-97.16488039003579,49.86234730449648],[-97.16271179460423,49.863023489275726],[-97.16330997990622,49.86376159442348],[-97.16439991624226,49.86511020542534],[-97.16652848535773,49.864388300274115],[-97.16780409673407,49.86598260412468],[-97.17208939651321,49.864530087773595]]]},"properties":{"DAUID":"46110424","DGUID":"2021S051246110424","LANDAREA":0.2109,"PRUID":"46","CMA":"Winnipeg"}},
{"type":"Feature","geometry":{"type":"Polygon","coordinates":[[[-97.17762498832835,49.86312410248779],[-97.17792208685148,49.85966560907773],[-97.17514939038345,49.85976591322502],[-97.17275318995816,49.86058270252657],[-97.17083679574584,49.861218106488465],[-97.17226709328585,49.863138601334036],[-97.17208939651321,49.864530087773595],[-97.1748599038945,49.86301760030152],[-97.17762498832835,49.86312410248779]]]},"properties":{"DAUID":"46110425","DGUID":"2021S051246110425","LANDAREA":0.1683,"PRUID":"46","CMA":"Winnipeg"}},
{"type":"Feature","geometry":{"type":"Polygon","coordinates":[[[-97.17275318995816,49.86058270252657],[-97.17514939038345,49.85976591322502],[-97.17792208685148,49.85966560907773],[-97.17823369073616,49.85618950768981],[-97.17543950577712,49.856127501649745],[-97.17534869086633,49.85706159715085],[-97.17101031896107,49.858468411548735],[-97.17275318995816,49.86058270252657]]]},"properties":{"DAUID":"46110426","DGUID":"2021S051246110426","LANDAREA":0.1485,"PRUID":"46","CMA":"Winnipeg"}},
{"type":"Feature","geometry":{"type":"Polygon","coordinates":[[[-97.17101031896107,49.858468411548735],[-97.17534869086633,49.85706159715085],[-97.17543950577712,49.856127501649745],[-97.1703588136129,49.85766649769947],[-97.17101031896107,49.858468411548735]]]},"properties":{"DAUID":"46110427","DGUID":"2021S051246110427","LANDAREA":0.0384,"PRUID":"46","CMA":"Winnipeg"}},
{"type":"Feature","geometry":{"type":"Polygon","coordinates":[[[-97.15322969097444,49.85806950211976],[-97.15535708561474,49.857374805384836],[-97.15639451113502,49.858632588249485],[-97.16060889406646,49.85720639285148],[-97.15959858157352,49.85596700269971],[-97.16607450936407,49.85378060764318],[-97.16764220750204,49.8556992869473],[-97.1703588136129,49.85766649769947],[-97.17543950577712,49.856127501649745],[-97.17576968248838,49.85304920139068],[-97.17402088321269,49.85365809876603],[-97.1734803170345,49.85298679051733],[-97.17270059314721,49.8520186032715],[-97.17592151737351,49.851457700593954],[-97.17867500011839,49.851483009307984],[-97.17910410347767,49.84696480592086],[-97.17402400498291,49.84680429813411],[-97.1721610888249,49.845299803844114],[-97.16166588924298,49.84878579387014],[-97.15276151787887,49.85173850184328],[-97.1519500173878,49.851860508027535],[-97.15180190760859,49.85318940104257],[-97.15239665313062,49.85418258955698],[-97.15277838460817,49.855309802393805],[-97.15206189518301,49.856584705709196],[-97.15322969097444,49.85806950211976]]]},"properties":{"DAUID":"46110428","DGUID":"2021S051246110428","LANDAREA":1.6255,"PRUID":"46","CMA":"Winnipeg"}},
{"type":"Feature","geometry":{"type":"Polygon","coordinates":[[[-97.16764220750204,49.8556992869473],[-97.16607450936407,49.85378060764318],[-97.15959858157352,49.85596700269971],[-97.16060889406646,49.85720639285148],[-97.16116770875088,49.85788090095723],[-97.16764220750204,49.8556992869473]]]},"properties":{"DAUID":"46110429","DGUID":"2021S051246110429","LANDAREA":0.1158,"PRUID":"46","CMA":"Winnipeg"}},
{"type":"Feature","geometry":{"type":"Polygon","coordinates":[[[-97.16166588924298,49.84878579387014],[-97.15942529199606,49.84588080129426],[-97.1557323882102,49.84715329890252],[-97.15488199240082,49.84610540551184],[-97.1528210855341,49.84616249676101],[-97.1526966135779,49.848423902439414],[-97.15256390039596,49.84999030085101],[-97.1519500173878,49.851860508027535],[-97.15276151787887,49.85173850184328],[-97.16166588924298,49.84878579387014]]]},"properties":{"DAUID":"46110430","DGUID":"2021S051246110430","LANDAREA":0.2652,"PRUID":"46","CMA":"Winnipeg"}},
{"type":"Feature","geometry":{"type":"Polygon","coordinates":[[[-97.1721610888249,49.845299803844114],[-97.17124869388644,49.843853324147794],[-97.16994845051134,49.84436091464052],[-97.16823649559629,49.84387959460357],[-97.16766491681612,49.843177899246385],[-97.16580651739977,49.84376918928723],[-97.16523629300343,49.84303149060407],[-97.16099580892765,49.84444849929088],[-97.16156629316922,49.84517721007732],[-97.15942529199606,49.84588080129426],[-97.16166588924298,49.84878579387014],[-97.1721610888249,49.845299803844114]]]},"properties":{"DAUID":"46110431","DGUID":"2021S051246110431","LANDAREA":0.3012,"PRUID":"46","CMA":"Winnipeg"}},
{"type":"Feature","geometry":{"type":"Polygon","coordinates":[[[-97.15942529199606,49.84588080129426],[-97.16156629316922,49.84517721007732],[-97.16099580892765,49.84444849929088],[-97.15998570876759,49.843209095841495],[-97.16160988854652,49.84256029928137],[-97.16061480281114,49.84129419104468],[-97.1589231916489,49.84188801030377],[-97.1577009860154,49.8403754120246],[-97.15460814625199,49.84137321150052],[-97.15323319816488,49.84155461074782],[-97.15310558951846,49.84344150593999],[-97.1528210855341,49.84616249676101],[-97.15488199240082,49.84610540551184],[-97.1557323882102,49.84715329890252],[-97.15942529199606,49.84588080129426]]]},"properties":{"DAUID":"46110432","DGUID":"2021S051246110432","LANDAREA":0.3193,"PRUID":"46","CMA":"Winnipeg"}},
{"type":"Feature","geometry":{"type":"Polygon","coordinates":[[[-97.1577009860154,49.8403754120246],[-97.16833670584367,49.836810990233346],[-97.16797779415556,49.83637361208184],[-97.16258599753151,49.8381708051155],[-97.16192289367038,49.83734650464515],[-97.16236371902231,49.83624081055425],[-97.15484389760945,49.83877993294152],[-97.15460814625199,49.84137321150052],[-97.1577009860154,49.8403754120246]]]},"properties":{"DAUID":"46110433","DGUID":"2021S051246110433","LANDAREA":0.1813,"PRUID":"46","CMA":"Winnipeg"}},
{"type":"Feature","geometry":{"type":"Polygon","coordinates":[[[-97.16236371902231,49.83624081055425],[-97.16670291203607,49.83477930495134],[-97.16443211300681,49.83194591109341],[-97.1551810012831,49.83504724644596],[-97.15484389760945,49.83877993294152],[-97.16236371902231,49.83624081055425]]]},"properties":{"DAUID":"46110434","DGUID":"2021S051246110434","LANDAREA":0.3048,"PRUID":"46","CMA":"Winnipeg"}},
{"type":"Feature","geometry":{"type":"Polygon","coordinates":[[[-97.15460814625199,49.84137321150052],[-97.15484389760945,49.83877993294152],[-97.1551810012831,49.83504724644596],[-97.15559572210063,49.83042514770715],[-97.15473589597568,49.8307160882205],[-97.15423149086143,49.83630311039667],[-97.15087271970923,49.837419097195045],[-97.1512659182661,49.83879769006214],[-97.15323319816488,49.84155461074782],[-97.15460814625199,49.84137321150052]]]},"properties":{"DAUID":"46110435","DGUID":"2021S051246110435","LANDAREA":0.1549,"PRUID":"46","CMA":"Winnipeg"}},
{"type":"Feature","geometry":{"type":"Polygon","coordinates":[[[-97.15473589597568,49.8307160882205],[-97.1507159154616,49.83206960892027],[-97.1501395112331,49.834149610992114],[-97.15040659830238,49.835437804435465],[-97.150801508692,49.837117208906015],[-97.1483640115776,49.83794178843912],[-97.14875809884191,49.839639202795915],[-97.1512659182661,49.83879769006214],[-97.15087271970923,49.837419097195045],[-97.15423149086143,49.83630311039667],[-97.15473589597568,49.8307160882205]]]},"properties":{"DAUID":"46110436","DGUID":"2021S051246110436","LANDAREA":0.2137,"PRUID":"46","CMA":"Winnipeg"}},
{"type":"Feature","geometry":{"type":"Polygon","coordinates":[[[-97.1507159154616,49.83206960892027],[-97.14306059627923,49.83478960747398],[-97.14307541575347,49.83622009896589],[-97.14410890988323,49.837558887214826],[-97.15040659830238,49.835437804435465],[-97.1501395112331,49.834149610992114],[-97.1507159154616,49.83206960892027]]]},"properties":{"DAUID":"46110437","DGUID":"2021S051246110437","LANDAREA":0.1737,"PRUID":"46","CMA":"Winnipeg"}},
{"type":"Feature","geometry":{"type":"Polygon","coordinates":[[[-97.1507159154616,49.83206960892027],[-97.15097740060162,49.83129269245271],[-97.14984541503104,49.83019463710292],[-97.14823204596219,49.8303311550672],[-97.14749727110627,49.831295871089765],[-97.14544518912709,49.832163033171625],[-97.14292224381919,49.8322260892764],[-97.13881007261021,49.831395530775914],[-97.13482950670654,49.831214596108616],[-97.13210076531527,49.83228824861164],[-97.13123828886985,49.83355515283486],[-97.13116112476462,49.834882908643344],[-97.13303836983673,49.83719225153182],[-97.13628411942635,49.839405530316355],[-97.13763746244379,49.84124533854852],[-97.14206250652711,49.84160089129337],[-97.14257321681471,49.83807400281497],[-97.14410890988323,49.837558887214826],[-97.14307541575347,49.83622009896589],[-97.14306059627923,49.83478960747398],[-97.1507159154616,49.83206960892027]]]},"properties":{"DAUID":"46110438","DGUID":"2021S051246110438","LANDAREA":0.7056,"PRUID":"46","CMA":"Winnipeg"}},
{"type":"Feature","geometry":{"type":"Polygon","coordinates":[[[-97.15040659830238,49.835437804435465],[-97.14410890988323,49.837558887214826],[-97.14257321681471,49.83807400281497],[-97.14206250652711,49.84160089129337],[-97.1426734090456,49.841628710923516],[-97.14408031241977,49.841210508536335],[-97.14875809884191,49.839639202795915],[-97.1483640115776,49.83794178843912],[-97.150801508692,49.837117208906015],[-97.15040659830238,49.835437804435465]]]},"properties":{"DAUID":"46110439","DGUID":"2021S051246110439","LANDAREA":0.2083,"PRUID":"46","CMA":"Winnipeg"}},
{"type":"Feature","geometry":{"type":"Polygon","coordinates":[[[-97.15323319816488,49.84155461074782],[-97.1512659182661,49.83879769006214],[-97.14875809884191,49.839639202795915],[-97.14408031241977,49.841210508536335],[-97.14751340959415,49.845277200706434],[-97.15310558951846,49.84344150593999],[-97.15323319816488,49.84155461074782]]]},"properties":{"DAUID":"46110440","DGUID":"2021S051246110440","LANDAREA":0.2854,"PRUID":"46","CMA":"Winnipeg"}},
{"type":"Feature","geometry":{"type":"Polygon","coordinates":[[[-97.1426734090456,49.841628710923516],[-97.14153329579186,49.84306759054563],[-97.14248718430923,49.845034788651226],[-97.13861078648411,49.8463669045046],[-97.13934621119164,49.84750309309826],[-97.14229109414768,49.847973101930016],[-97.14526481219889,49.846968308018006],[-97.14808329429903,49.84601490733926],[-97.14751340959415,49.845277200706434],[-97.14408031241977,49.841210508536335],[-97.1426734090456,49.841628710923516]]]},"properties":{"DAUID":"46110441","DGUID":"2021S051246110441","LANDAREA":0.2509,"PRUID":"46","CMA":"Winnipeg"}},
{"type":"Feature","geometry":{"type":"Polygon","coordinates":[[[-97.1528210855341,49.84616249676101],[-97.15310558951846,49.84344150593999],[-97.14751340959415,49.845277200706434],[-97.14808329429903,49.84601490733926],[-97.14526481219889,49.846968308018006],[-97.14699190799986,49.84727479094653],[-97.1526966135779,49.848423902439414],[-97.1528210855341,49.84616249676101]]]},"properties":{"DAUID":"46110442","DGUID":"2021S051246110442","LANDAREA":0.1557,"PRUID":"46","CMA":"Winnipeg"}},
{"type":"Feature","geometry":{"type":"Polygon","coordinates":[[[-97.1526966135779,49.848423902439414],[-97.14699190799986,49.84727479094653],[-97.14555418988766,49.847764511481486],[-97.14829291597493,49.85145130382843],[-97.15256390039596,49.84999030085101],[-97.1526966135779,49.848423902439414]]]},"properties":{"DAUID":"46110443","DGUID":"2021S051246110443","LANDAREA":0.1442,"PRUID":"46","CMA":"Winnipeg"}},
{"type":"Feature","geometry":{"type":"Polygon","coordinates":[[[-97.1519500173878,49.851860508027535],[-97.15256390039596,49.84999030085101],[-97.14829291597493,49.85145130382843],[-97.14555418988766,49.847764511481486],[-97.14699190799986,49.84727479094653],[-97.14526481219889,49.846968308018006],[-97.14229109414768,49.847973101930016],[-97.13934621119164,49.84750309309826],[-97.13861078648411,49.8463669045046],[-97.13527041015948,49.84750050412016],[-97.12931998509994,49.8495009937858],[-97.12701019361522,49.84814989690731],[-97.1253322903777,49.84942561192935],[-97.12989616469785,49.85194528188288],[-97.13309627471392,49.85256804290408],[-97.13507167333206,49.85248062265788],[-97.13685780511818,49.85197869063034],[-97.14013175061037,49.85058983266775],[-97.14262137540524,49.85006077269783],[-97.14485852047828,49.850582339807964],[-97.14546541946517,49.85195016945304],[-97.14380325557886,49.85348403998412],[-97.14190318808588,49.854155606188804],[-97.1430124135502,49.85541208731085],[-97.14505121411217,49.854727607854805],[-97.15077459135262,49.85276819549533],[-97.15180190760859,49.85318940104257],[-97.1519500173878,49.851860508027535]]]},"properties":{"DAUID":"46110444","DGUID":"2021S051246110444","LANDAREA":0.6123,"PRUID":"46","CMA":"Winnipeg"}},
{"type":"Feature","geometry":{"type":"Polygon","coordinates":[[[-97.1430124135502,49.85541208731085],[-97.14078061219253,49.85616140517388],[-97.14277431184357,49.858594996793016],[-97.14330640856305,49.85923319760602],[-97.14637869736147,49.85821200594174],[-97.14695008845146,49.85709669977942],[-97.14505121411217,49.854727607854805],[-97.1430124135502,49.85541208731085]]]},"properties":{"DAUID":"46110445","DGUID":"2021S051246110445","LANDAREA":0.1466,"PRUID":"46","CMA":"Winnipeg"}},
{"type":"Feature","geometry":{"type":"Polygon","coordinates":[[[-97.14078061219253,49.85616140517388],[-97.14007720154187,49.85563739595324],[-97.13840911324532,49.8559613904679],[-97.13515101771853,49.85602589834749],[-97.13656570842704,49.857586897884694],[-97.13725631194488,49.858443507586024],[-97.13851721280324,49.860028894684916],[-97.14277431184357,49.858594996793016],[-97.14078061219253,49.85616140517388]]]},"properties":{"DAUID":"46110446","DGUID":"2021S051246110446","LANDAREA":0.1468,"PRUID":"46","CMA":"Winnipeg"}},
{"type":"Feature","geometry":{"type":"Polygon","coordinates":[[[-97.14277431184357,49.858594996793016],[-97.13851721280324,49.860028894684916],[-97.13952628763755,49.861286400128485],[-97.14013769166074,49.86203381235654],[-97.14230930322316,49.86128609102509],[-97.14518500753103,49.86031569041929],[-97.14637869736147,49.85821200594174],[-97.14330640856305,49.85923319760602],[-97.14277431184357,49.858594996793016]]]},"properties":{"DAUID":"46110447","DGUID":"2021S051246110447","LANDAREA":0.1158,"PRUID":"46","CMA":"Winnipeg"}},
{"type":"Feature","geometry":{"type":"Polygon","coordinates":[[[-97.14080875911507,49.87305587637544],[-97.1415900979267,49.87173330916124],[-97.15083946852907,49.85606515189443],[-97.15239665313062,49.85418258955698],[-97.15180190760859,49.85318940104257],[-97.15077459135262,49.85276819549533],[-97.14505121411217,49.854727607854805],[-97.14695008845146,49.85709669977942],[-97.14637869736147,49.85821200594174],[-97.14518500753103,49.86031569041929],[-97.14230930322316,49.86128609102509],[-97.14366499029981,49.86294491333666],[-97.14145198563988,49.86368299379417],[-97.1419694909594,49.864338989995645],[-97.13915048864894,49.86527420482957],[-97.14021231270648,49.86661349173064],[-97.13660388769628,49.8678059051405],[-97.14018860746624,49.87228378858708],[-97.14080875911507,49.87305587637544]]]},"properties":{"DAUID":"46110448","DGUID":"2021S051246110448","LANDAREA":0.6654,"PRUID":"46","CMA":"Winnipeg"}},
{"type":"Feature","geometry":{"type":"Polygon","coordinates":[[[-97.14013769166074,49.86203381235654],[-97.13758451468662,49.8632970911918],[-97.13864648194081,49.864627398967805],[-97.13915048864894,49.86527420482957],[-97.1419694909594,49.864338989995645],[-97.14145198563988,49.86368299379417],[-97.14366499029981,49.86294491333666],[-97.14230930322316,49.86128609102509],[-97.14013769166074,49.86203381235654]]]},"properties":{"DAUID":"46110449","DGUID":"2021S051246110449","LANDAREA":0.0969,"PRUID":"46","CMA":"Winnipeg"}},
{"type":"Feature","geometry":{"type":"Polygon","coordinates":[[[-97.13952628763755,49.861286400128485],[-97.13673461241113,49.86223998853288],[-97.13305508758091,49.86347609104854],[-97.135037205942,49.86584669407629],[-97.13864648194081,49.864627398967805],[-97.13758451468662,49.8632970911918],[-97.14013769166074,49.86203381235654],[-97.13952628763755,49.861286400128485]]]},"properties":{"DAUID":"46110450","DGUID":"2021S051246110450","LANDAREA":0.1122,"PRUID":"46","CMA":"Winnipeg"}},
{"type":"Feature","geometry":{"type":"Polygon","coordinates":[[[-97.13915048864894,49.86527420482957],[-97.13864648194081,49.864627398967805],[-97.135037205942,49.86584669407629],[-97.13660388769628,49.8678059051405],[-97.14021231270648,49.86661349173064],[-97.13915048864894,49.86527420482957]]]},"properties":{"DAUID":"46110451","DGUID":"2021S051246110451","LANDAREA":0.0723,"PRUID":"46","CMA":"Winnipeg"}},
{"type":"Feature","geometry":{"type":"Polygon","coordinates":[[[-97.14018860746624,49.87228378858708],[-97.13660388769628,49.8678059051405],[-97.135037205942,49.86584669407629],[-97.13189390523331,49.866884510259396],[-97.12760998854158,49.868263594637845],[-97.12336691070803,49.86966119255537],[-97.12455016496551,49.870980957663974],[-97.13007625957898,49.87014082991675],[-97.13321579682294,49.87012097365463],[-97.13488744858417,49.87050066880905],[-97.13677113784844,49.871646234346755],[-97.13736934850306,49.87351111451522],[-97.14018860746624,49.87228378858708]]]},"properties":{"DAUID":"46110452","DGUID":"2021S051246110452","LANDAREA":0.2754,"PRUID":"46","CMA":"Winnipeg"}},
{"type":"Feature","geometry":{"type":"Polygon","coordinates":[[[-97.13305508758091,49.86347609104854],[-97.13244350122268,49.86273759414784],[-97.12932779440217,49.86378481088187],[-97.13189390523331,49.866884510259396],[-97.135037205942,49.86584669407629],[-97.13305508758091,49.86347609104854]]]},"properties":{"DAUID":"46110453","DGUID":"2021S051246110453","LANDAREA":0.0992,"PRUID":"46","CMA":"Winnipeg"}},
{"type":"Feature","geometry":{"type":"Polygon","coordinates":[[[-97.13189390523331,49.866884510259396],[-97.12932779440217,49.86378481088187],[-97.1229980065665,49.8658951917418],[-97.1236077903039,49.866678712751266],[-97.12576451597604,49.86596700429333],[-97.12760998854158,49.868263594637845],[-97.13189390523331,49.866884510259396]]]},"properties":{"DAUID":"46110454","DGUID":"2021S051246110454","LANDAREA":0.1501,"PRUID":"46","CMA":"Winnipeg"}},
{"type":"Feature","geometry":{"type":"Polygon","coordinates":[[[-97.12932779440217,49.86378481088187],[-97.12729708243127,49.86124239056249],[-97.1230541851511,49.862648890766046],[-97.11883792112742,49.864082711608475],[-97.1215051974809,49.86742719558886],[-97.1236077903039,49.866678712751266],[-97.1229980065665,49.8658951917418],[-97.12932779440217,49.86378481088187]]]},"properties":{"DAUID":"46110455","DGUID":"2021S051246110455","LANDAREA":0.2346,"PRUID":"46","CMA":"Winnipeg"}},
{"type":"Feature","geometry":{"type":"Polygon","coordinates":[[[-97.12760998854158,49.868263594637845],[-97.12576451597604,49.86596700429333],[-97.1236077903039,49.866678712751266],[-97.1215051974809,49.86742719558886],[-97.12336691070803,49.86966119255537],[-97.12760998854158,49.868263594637845]]]},"properties":{"DAUID":"46110456","DGUID":"2021S051246110456","LANDAREA":0.0992,"PRUID":"46","CMA":"Winnipeg"}},
{"type":"Feature","geometry":{"type":"Polygon","coordinates":[[[-97.12336691070803,49.86966119255537],[-97.1215051974809,49.86742719558886],[-97.11883792112742,49.864082711608475],[-97.1230541851511,49.862648890766046],[-97.12066408788961,49.85969580113804],[-97.12392470646624,49.85813850556717],[-97.12612028818005,49.857490388067134],[-97.12724979885148,49.85670810221759],[-97.12656999641055,49.85566863154571],[-97.12124265364814,49.857242827598334],[-97.11907503352523,49.85830158313593],[-97.11688064117939,49.859868691152585],[-97.11527574485596,49.861867453613655],[-97.11292627001362,49.8660254390156],[-97.11250655743389,49.86750234671789],[-97.11323238973019,49.86897533306359],[-97.11611605888433,49.870386256141174],[-97.11720192794336,49.8708110589035],[-97.12051235320789,49.87116911149349],[-97.12455016496551,49.870980957663974],[-97.12336691070803,49.86966119255537]]]},"properties":{"DAUID":"46110457","DGUID":"2021S051246110457","LANDAREA":0.6004,"PRUID":"46","CMA":"Winnipeg"}},
{"type":"Feature","geometry":{"type":"Polygon","coordinates":[[[-97.12729708243127,49.86124239056249],[-97.12601219197849,49.8595664873116],[-97.12902370022812,49.858688707120855],[-97.12724979885148,49.85670810221759],[-97.12612028818005,49.857490388067134],[-97.12392470646624,49.85813850556717],[-97.12066408788961,49.85969580113804],[-97.1230541851511,49.862648890766046],[-97.12729708243127,49.86124239056249]]]},"properties":{"DAUID":"46110458","DGUID":"2021S051246110458","LANDAREA":0.1874,"PRUID":"46","CMA":"Winnipeg"}},
{"type":"Feature","geometry":{"type":"Polygon","coordinates":[[[-97.13244350122268,49.86273759414784],[-97.13139410510513,49.861443391939524],[-97.1299575159486,49.85972919549583],[-97.12902370022812,49.858688707120855],[-97.12601219197849,49.8595664873116],[-97.12729708243127,49.86124239056249],[-97.12932779440217,49.86378481088187],[-97.13244350122268,49.86273759414784]]]},"properties":{"DAUID":"46110459","DGUID":"2021S051246110459","LANDAREA":0.1304,"PRUID":"46","CMA":"Winnipeg"}},
{"type":"Feature","geometry":{"type":"Polygon","coordinates":[[[-97.13673461241113,49.86223998853288],[-97.13503140598742,49.860215696417896],[-97.13139410510513,49.861443391939524],[-97.13244350122268,49.86273759414784],[-97.13305508758091,49.86347609104854],[-97.13673461241113,49.86223998853288]]]},"properties":{"DAUID":"46110460","DGUID":"2021S051246110460","LANDAREA":0.076,"PRUID":"46","CMA":"Winnipeg"}},
{"type":"Feature","geometry":{"type":"Polygon","coordinates":[[[-97.13656570842704,49.857586897884694],[-97.1299575159486,49.85972919549583],[-97.13139410510513,49.861443391939524],[-97.13503140598742,49.860215696417896],[-97.13439438288097,49.85941391053461],[-97.13725631194488,49.858443507586024],[-97.13656570842704,49.857586897884694]]]},"properties":{"DAUID":"46110461","DGUID":"2021S051246110461","LANDAREA":0.0876,"PRUID":"46","CMA":"Winnipeg"}},
{"type":"Feature","geometry":{"type":"Polygon","coordinates":[[[-97.13725631194488,49.858443507586024],[-97.13439438288097,49.85941391053461],[-97.13503140598742,49.860215696417896],[-97.13673461241113,49.86223998853288],[-97.13952628763755,49.861286400128485],[-97.13851721280324,49.860028894684916],[-97.13725631194488,49.858443507586024]]]},"properties":{"DAUID":"46110462","DGUID":"2021S051246110462","LANDAREA":0.0822,"PRUID":"46","CMA":"Winnipeg"}},
{"type":"Feature","geometry":{"type":"Polygon","coordinates":[[[-97.14190318808588,49.854155606188804],[-97.13902248133353,49.8547069682573],[-97.13068410799245,49.854960042057705],[-97.12656999641055,49.85566863154571],[-97.12724979885148,49.85670810221759],[-97.12902370022812,49.858688707120855],[-97.1299575159486,49.85972919549583],[-97.13656570842704,49.857586897884694],[-97.13515101771853,49.85602589834749],[-97.13840911324532,49.8559613904679],[-97.14007720154187,49.85563739595324],[-97.14078061219253,49.85616140517388],[-97.1430124135502,49.85541208731085],[-97.14190318808588,49.854155606188804]]]},"properties":{"DAUID":"46110463","DGUID":"2021S051246110463","LANDAREA":0.2454,"PRUID":"46","CMA":"Winnipeg"}},
{"type":"Feature","geometry":{"type":"Polygon","coordinates":[[[-97.1253322903777,49.84942561192935],[-97.12066120733441,49.846579063128544],[-97.11937830665637,49.84459654563539],[-97.11934960833658,49.84373970211745],[-97.11651171286422,49.844462605006996],[-97.11778820582072,49.84732089485909],[-97.11838630331953,49.848486903107066],[-97.12085961864966,49.85035309662439],[-97.12414680896568,49.85240319189598],[-97.12587051117332,49.85459890106125],[-97.12656999641055,49.85566863154571],[-97.13068410799245,49.854960042057705],[-97.13902248133353,49.8547069682573],[-97.14190318808588,49.854155606188804],[-97.14380325557886,49.85348403998412],[-97.14546541946517,49.85195016945304],[-97.14485852047828,49.850582339807964],[-97.14262137540524,49.85006077269783],[-97.14013175061037,49.85058983266775],[-97.13685780511818,49.85197869063034],[-97.13507167333206,49.85248062265788],[-97.13309627471392,49.85256804290408],[-97.12989616469785,49.85194528188288],[-97.1253322903777,49.84942561192935]]]},"properties":{"DAUID":"46110464","DGUID":"2021S051246110464","LANDAREA":0.5156,"PRUID":"46","CMA":"Winnipeg"}},
{"type":"Feature","geometry":{"type":"Polygon","coordinates":[[[-97.13763746244379,49.84124533854852],[-97.1367850609886,49.84274629873404],[-97.13354805206282,49.84369100317397],[-97.12996093058112,49.84326565663197],[-97.1279158931195,49.842477346032574],[-97.1239891489269,49.84151834891426],[-97.12106222075023,49.84196324977249],[-97.11934960833658,49.84373970211745],[-97.11937830665637,49.84459654563539],[-97.12066120733441,49.846579063128544],[-97.1253322903777,49.84942561192935],[-97.12701019361522,49.84814989690731],[-97.12427498992852,49.846576492421775],[-97.12321860146676,49.84548001051577],[-97.12600441553852,49.843582094318926],[-97.12925350972205,49.84517278674733],[-97.13367168155953,49.84530701040355],[-97.13527041015948,49.84750050412016],[-97.13861078648411,49.8463669045046],[-97.14248718430923,49.845034788651226],[-97.14153329579186,49.84306759054563],[-97.1426734090456,49.841628710923516],[-97.14206250652711,49.84160089129337],[-97.13763746244379,49.84124533854852]]]},"properties":{"DAUID":"46110465","DGUID":"2021S051246110465","LANDAREA":0.4886,"PRUID":"46","CMA":"Winnipeg"}},
{"type":"Feature","geometry":{"type":"Polygon","coordinates":[[[-97.13527041015948,49.84750050412016],[-97.13367168155953,49.84530701040355],[-97.12925350972205,49.84517278674733],[-97.12600441553852,49.843582094318926],[-97.12321860146676,49.84548001051577],[-97.12427498992852,49.846576492421775],[-97.12701019361522,49.84814989690731],[-97.12931998509994,49.8495009937858],[-97.13527041015948,49.84750050412016]]]},"properties":{"DAUID":"46110466","DGUID":"2021S051246110466","LANDAREA":0.2992,"PRUID":"46","CMA":"Winnipeg"}},
{"type":"Feature","geometry":{"type":"Polygon","coordinates":[[[-97.13116112476462,49.834882908643344],[-97.12813439266158,49.834891310174015],[-97.12938370054339,49.83675539727294],[-97.1282703901022,49.83713330779036],[-97.12717098585883,49.837511312862716],[-97.12876599095173,49.83946040203011],[-97.12766758847332,49.83980769157145],[-97.12659348104796,49.83877919783779],[-97.1230454924504,49.83989119973849],[-97.12161699780698,49.839427312619144],[-97.11772561386617,49.8407854123306],[-97.11795610783679,49.84201251126461],[-97.11651171286422,49.844462605006996],[-97.11934960833658,49.84373970211745],[-97.12106222075023,49.84196324977249],[-97.1239891489269,49.84151834891426],[-97.1279158931195,49.842477346032574],[-97.12996093058112,49.84326565663197],[-97.13354805206282,49.84369100317397],[-97.1367850609886,49.84274629873404],[-97.13763746244379,49.84124533854852],[-97.13628411942635,49.839405530316355],[-97.13303836983673,49.83719225153182],[-97.13116112476462,49.834882908643344]]]},"properties":{"DAUID":"46110467","DGUID":"2021S051246110467","LANDAREA":0.5235,"PRUID":"46","CMA":"Winnipeg"}},
{"type":"Feature","geometry":{"type":"Polygon","coordinates":[[[-97.1282703901022,49.83713330779036],[-97.1277379932716,49.83651301250667],[-97.1247364884389,49.8375259087891],[-97.12376568501345,49.83637679825574],[-97.12017172020381,49.83760480043426],[-97.12161699780698,49.839427312619144],[-97.1230454924504,49.83989119973849],[-97.12659348104796,49.83877919783779],[-97.12766758847332,49.83980769157145],[-97.12876599095173,49.83946040203011],[-97.12717098585883,49.837511312862716],[-97.1282703901022,49.83713330779036]]]},"properties":{"DAUID":"46110468","DGUID":"2021S051246110468","LANDAREA":0.1391,"PRUID":"46","CMA":"Winnipeg"}},
{"type":"Feature","geometry":{"type":"Polygon","coordinates":[[[-97.12813439266158,49.834891310174015],[-97.12796659527507,49.833836098405705],[-97.128705790314,49.83161728940079],[-97.12700059498647,49.83220141304684],[-97.1264360051554,49.83313681132016],[-97.12339271644139,49.834157904887725],[-97.12475219307987,49.83604191067545],[-97.12376568501345,49.83637679825574],[-97.1247364884389,49.8375259087891],[-97.1277379932716,49.83651301250667],[-97.1282703901022,49.83713330779036],[-97.12938370054339,49.83675539727294],[-97.12813439266158,49.834891310174015]]]},"properties":{"DAUID":"46110469","DGUID":"2021S051246110469","LANDAREA":0.1413,"PRUID":"46","CMA":"Winnipeg"}},
{"type":"Feature","geometry":{"type":"Polygon","coordinates":[[[-97.12376568501345,49.83637679825574],[-97.12475219307987,49.83604191067545],[-97.12339271644139,49.834157904887725],[-97.1264360051554,49.83313681132016],[-97.12700059498647,49.83220141304684],[-97.12178679653087,49.83397000304132],[-97.12111381751474,49.833392407374134],[-97.11770338780445,49.8345514038245],[-97.11823461778079,49.83519869349987],[-97.12017172020381,49.83760480043426],[-97.12376568501345,49.83637679825574]]]},"properties":{"DAUID":"46110470","DGUID":"2021S051246110470","LANDAREA":0.161,"PRUID":"46","CMA":"Winnipeg"}},
{"type":"Feature","geometry":{"type":"Polygon","coordinates":[[[-97.128705790314,49.83161728940079],[-97.12789239046178,49.83035378880647],[-97.12503520414374,49.831243092187044],[-97.12450429208806,49.830586907593684],[-97.12130719105257,49.831632493619914],[-97.12074999685392,49.830939792413844],[-97.11604231060065,49.83256349232094],[-97.11719869522406,49.833940496329156],[-97.11770338780445,49.8345514038245],[-97.12111381751474,49.833392407374134],[-97.12178679653087,49.83397000304132],[-97.12700059498647,49.83220141304684],[-97.128705790314,49.83161728940079]]]},"properties":{"DAUID":"46110471","DGUID":"2021S051246110471","LANDAREA":0.2037,"PRUID":"46","CMA":"Winnipeg"}},
{"type":"Feature","geometry":{"type":"Polygon","coordinates":[[[-97.11604231060065,49.83256349232094],[-97.11418440157438,49.83313590339448],[-97.11406369171276,49.83337680261767],[-97.11313969106483,49.83532271119672],[-97.11719869522406,49.833940496329156],[-97.11604231060065,49.83256349232094]]]},"properties":{"DAUID":"46110472","DGUID":"2021S051246110472","LANDAREA":0.0424,"PRUID":"46","CMA":"Winnipeg"}},
{"type":"Feature","geometry":{"type":"Polygon","coordinates":[[[-97.11770338780445,49.8345514038245],[-97.11719869522406,49.833940496329156],[-97.11313969106483,49.83532271119672],[-97.11289631034046,49.835858500150785],[-97.1123837861383,49.83723540514996],[-97.11823461778079,49.83519869349987],[-97.11770338780445,49.8345514038245]]]},"properties":{"DAUID":"46110473","DGUID":"2021S051246110473","LANDAREA":0.0656,"PRUID":"46","CMA":"Winnipeg"}},
{"type":"Feature","geometry":{"type":"Polygon","coordinates":[[[-97.11406369171276,49.83337680261767],[-97.11031581136511,49.83462900315889],[-97.11095451352296,49.83536808865542],[-97.11289631034046,49.835858500150785],[-97.11313969106483,49.83532271119672],[-97.11406369171276,49.83337680261767]]]},"properties":{"DAUID":"46110474","DGUID":"2021S051246110474","LANDAREA":0.0372,"PRUID":"46","CMA":"Winnipeg"}},
{"type":"Feature","geometry":{"type":"Polygon","coordinates":[[[-97.11418440157438,49.83313590339448],[-97.11490549634087,49.830682993732374],[-97.1147805034478,49.829250689463244],[-97.10778908122062,49.83166440265293],[-97.10402649410845,49.832934204924484],[-97.09994850393608,49.83444149330474],[-97.09215350773808,49.83709289115311],[-97.09281250420128,49.83837210332748],[-97.10181941287553,49.8353176907601],[-97.10873271535401,49.83278619194493],[-97.11031581136511,49.83462900315889],[-97.11406369171276,49.83337680261767],[-97.11418440157438,49.83313590339448]]]},"properties":{"DAUID":"46110477","DGUID":"2021S051246110477","LANDAREA":0.3656,"PRUID":"46","CMA":"Winnipeg"}},
{"type":"Feature","geometry":{"type":"Polygon","coordinates":[[[-97.10402649410845,49.832934204924484],[-97.10220439862245,49.83258949066203],[-97.10061188650623,49.83028770349174],[-97.09753839783609,49.83171241190356],[-97.09570600331438,49.832339000926204],[-97.09741152073843,49.83423800683279],[-97.09924360433455,49.83362039954399],[-97.09994850393608,49.83444149330474],[-97.10402649410845,49.832934204924484]]]},"properties":{"DAUID":"46110478","DGUID":"2021S051246110478","LANDAREA":0.1381,"PRUID":"46","CMA":"Winnipeg"}},
{"type":"Feature","geometry":{"type":"Polygon","coordinates":[[[-97.10778908122062,49.83166440265293],[-97.1041660082936,49.82723349558312],[-97.10205171628877,49.82796350453579],[-97.10288848637501,49.828966709545554],[-97.10061188650623,49.83028770349174],[-97.10220439862245,49.83258949066203],[-97.10402649410845,49.832934204924484],[-97.10778908122062,49.83166440265293]]]},"properties":{"DAUID":"46110479","DGUID":"2021S051246110479","LANDAREA":0.1779,"PRUID":"46","CMA":"Winnipeg"}},
{"type":"Feature","geometry":{"type":"Polygon","coordinates":[[[-97.10061188650623,49.83028770349174],[-97.10288848637501,49.828966709545554],[-97.10205171628877,49.82796350453579],[-97.09918990920933,49.828959990567206],[-97.09779371726508,49.82768679324498],[-97.09501659679682,49.82864859239925],[-97.0961308918238,49.830016208659025],[-97.09753839783609,49.83171241190356],[-97.10061188650623,49.83028770349174]]]},"properties":{"DAUID":"46110480","DGUID":"2021S051246110480","LANDAREA":0.1271,"PRUID":"46","CMA":"Winnipeg"}},
{"type":"Feature","geometry":{"type":"Polygon","coordinates":[[[-97.1041660082936,49.82723349558312],[-97.10246789154087,49.82514589912235],[-97.10192380210616,49.82448030149959],[-97.0978083072435,49.82589698729656],[-97.09723400183952,49.825293892204684],[-97.0933715944534,49.82663359482246],[-97.09441920764088,49.827928209100165],[-97.09501659679682,49.82864859239925],[-97.09779371726508,49.82768679324498],[-97.09918990920933,49.828959990567206],[-97.10205171628877,49.82796350453579],[-97.1041660082936,49.82723349558312]]]},"properties":{"DAUID":"46110481","DGUID":"2021S051246110481","LANDAREA":0.2111,"PRUID":"46","CMA":"Winnipeg"}},
{"type":"Feature","geometry":{"type":"Polygon","coordinates":[[[-97.10192380210616,49.82448030149959],[-97.10055708594525,49.82281179080689],[-97.09926331121443,49.82318639754314],[-97.09574799350034,49.82347939187894],[-97.09723400183952,49.825293892204684],[-97.0978083072435,49.82589698729656],[-97.10192380210616,49.82448030149959]]]},"properties":{"DAUID":"46110482","DGUID":"2021S051246110482","LANDAREA":0.0858,"PRUID":"46","CMA":"Winnipeg"}},
{"type":"Feature","geometry":{"type":"Polygon","coordinates":[[[-97.09723400183952,49.825293892204684],[-97.09574799350034,49.82347939187894],[-97.0948048873923,49.821296088652986],[-97.09015389222873,49.822892595120145],[-97.091800797124,49.824853697572024],[-97.0933715944534,49.82663359482246],[-97.09723400183952,49.825293892204684]]]},"properties":{"DAUID":"46110483","DGUID":"2021S051246110483","LANDAREA":0.1595,"PRUID":"46","CMA":"Winnipeg"}},
{"type":"Feature","geometry":{"type":"Polygon","coordinates":[[[-97.10055708594525,49.82281179080689],[-97.09910819006127,49.82086819240628],[-97.09925270127317,49.81825990885782],[-97.09778720217867,49.81588438704544],[-97.09614971729437,49.816433809065394],[-97.09826538846505,49.819203095669025],[-97.09721063287502,49.8196178260643],[-97.09525051018727,49.82021499664839],[-97.0948048873923,49.821296088652986],[-97.09574799350034,49.82347939187894],[-97.09926331121443,49.82318639754314],[-97.10055708594525,49.82281179080689]]]},"properties":{"DAUID":"46110484","DGUID":"2021S051246110484","LANDAREA":0.1644,"PRUID":"46","CMA":"Winnipeg"}},
{"type":"Feature","geometry":{"type":"Polygon","coordinates":[[[-97.09614971729437,49.816433809065394],[-97.09512039264546,49.81680369809175],[-97.09405186550143,49.817151723804216],[-97.0951252122022,49.81844989419008],[-97.0965707728793,49.81881021308503],[-97.09721063287502,49.8196178260643],[-97.09826538846505,49.819203095669025],[-97.09614971729437,49.816433809065394]]]},"properties":{"DAUID":"46110485","DGUID":"2021S051246110485","LANDAREA":0.058,"PRUID":"46","CMA":"Winnipeg"}},
{"type":"Feature","geometry":{"type":"Polygon","coordinates":[[[-97.0948048873923,49.821296088652986],[-97.09525051018727,49.82021499664839],[-97.09721063287502,49.8196178260643],[-97.0965707728793,49.81881021308503],[-97.0951252122022,49.81844989419008],[-97.09405186550143,49.817151723804216],[-97.08920729597047,49.81832049929614],[-97.0859834740889,49.81944659576078],[-97.08449071477577,49.82077859184532],[-97.08527460323941,49.82146281234285],[-97.09227760260991,49.819095703868484],[-97.09341201443038,49.819240288949906],[-97.09383278962612,49.82056050898417],[-97.08810961859953,49.82255310632017],[-97.08846739382668,49.82299981247656],[-97.09015389222873,49.822892595120145],[-97.0948048873923,49.821296088652986]]]},"properties":{"DAUID":"46110486","DGUID":"2021S051246110486","LANDAREA":0.2145,"PRUID":"46","CMA":"Winnipeg"}},
{"type":"Feature","geometry":{"type":"Polygon","coordinates":[[[-97.08449071477577,49.82077859184532],[-97.08217220802491,49.821899908938974],[-97.08362349951996,49.824641090745615],[-97.08846739382668,49.82299981247656],[-97.08810961859953,49.82255310632017],[-97.09383278962612,49.82056050898417],[-97.09341201443038,49.819240288949906],[-97.09227760260991,49.819095703868484],[-97.08527460323941,49.82146281234285],[-97.08449071477577,49.82077859184532]]]},"properties":{"DAUID":"46110487","DGUID":"2021S051246110487","LANDAREA":0.2102,"PRUID":"46","CMA":"Winnipeg"}},
{"type":"Feature","geometry":{"type":"Polygon","coordinates":[[[-97.0859834740889,49.81944659576078],[-97.08427389446163,49.81772479180599],[-97.08234269758285,49.81835609468373],[-97.08195793606147,49.817624322949925],[-97.0874801637671,49.81573320652765],[-97.08714729178247,49.81522409308109],[-97.07982500132512,49.81772181101321],[-97.08217220802491,49.821899908938974],[-97.08449071477577,49.82077859184532],[-97.0859834740889,49.81944659576078]]]},"properties":{"DAUID":"46110488","DGUID":"2021S051246110488","LANDAREA":0.1465,"PRUID":"46","CMA":"Winnipeg"}},
{"type":"Feature","geometry":{"type":"Polygon","coordinates":[[[-97.08920729597047,49.81832049929614],[-97.0874801637671,49.81573320652765],[-97.08195793606147,49.817624322949925],[-97.08234269758285,49.81835609468373],[-97.08427389446163,49.81772479180599],[-97.0859834740889,49.81944659576078],[-97.08920729597047,49.81832049929614]]]},"properties":{"DAUID":"46110489","DGUID":"2021S051246110489","LANDAREA":0.1032,"PRUID":"46","CMA":"Winnipeg"}},
{"type":"Feature","geometry":{"type":"Polygon","coordinates":[[[-97.09778720217867,49.81588438704544],[-97.09653869455141,49.81405340347358],[-97.09464078556391,49.81189141216647],[-97.09055799492026,49.813688192629975],[-97.09204808762107,49.815035090663486],[-97.09392190357406,49.81440031224487],[-97.09512039264546,49.81680369809175],[-97.09614971729437,49.816433809065394],[-97.09778720217867,49.81588438704544]]]},"properties":{"DAUID":"46110491","DGUID":"2021S051246110491","LANDAREA":0.1337,"PRUID":"46","CMA":"Winnipeg"}},
{"type":"Feature","geometry":{"type":"Polygon","coordinates":[[[-97.09778720217867,49.81588438704544],[-97.09961643252065,49.81534807865951],[-97.10083890001223,49.81526050764929],[-97.10056510329248,49.813375996849416],[-97.09944139102706,49.81438300999966],[-97.09804770831109,49.81482790611108],[-97.09644789259734,49.812732692539655],[-97.09833609676731,49.81208009821391],[-97.09783189433584,49.81146919520792],[-97.10005699971711,49.81073209779809],[-97.09984239526763,49.81195190158519],[-97.10095889218869,49.812195098283404],[-97.10137629459679,49.81076269768488],[-97.10059188995152,49.80985031132486],[-97.09464078556391,49.81189141216647],[-97.09653869455141,49.81405340347358],[-97.09778720217867,49.81588438704544]]]},"properties":{"DAUID":"46110492","DGUID":"2021S051246110492","LANDAREA":0.1149,"PRUID":"46","CMA":"Winnipeg"}},
{"type":"Feature","geometry":{"type":"Polygon","coordinates":[[[-97.10056510329248,49.813375996849416],[-97.10095889218869,49.812195098283404],[-97.09984239526763,49.81195190158519],[-97.10005699971711,49.81073209779809],[-97.09783189433584,49.81146919520792],[-97.09833609676731,49.81208009821391],[-97.09644789259734,49.812732692539655],[-97.09804770831109,49.81482790611108],[-97.09944139102706,49.81438300999966],[-97.10056510329248,49.813375996849416]]]},"properties":{"DAUID":"46110493","DGUID":"2021S051246110493","LANDAREA":0.0756,"PRUID":"46","CMA":"Winnipeg"}},
{"type":"Feature","geometry":{"type":"Polygon","coordinates":[[[-97.10095889218869,49.812195098283404],[-97.10056510329248,49.813375996849416],[-97.10083890001223,49.81526050764929],[-97.10287864601757,49.81534437673061],[-97.10296271385351,49.8146296075601],[-97.10547260188922,49.814077009363544],[-97.10354740939904,49.81176069398523],[-97.10406979588355,49.81013220397501],[-97.1075086910469,49.8089201003616],[-97.10657951421452,49.80779850513539],[-97.10059188995152,49.80985031132486],[-97.10137629459679,49.81076269768488],[-97.10095889218869,49.812195098283404]]]},"properties":{"DAUID":"46110494","DGUID":"2021S051246110494","LANDAREA":0.1865,"PRUID":"46","CMA":"Winnipeg"}},
{"type":"Feature","geometry":{"type":"Polygon","coordinates":[[[-97.10547260188922,49.814077009363544],[-97.10587829910526,49.812941311014335],[-97.10775088928558,49.81233321148825],[-97.10881829519911,49.81276440158424],[-97.10945397911192,49.811364854626454],[-97.10870210277814,49.81039679767896],[-97.1075086910469,49.8089201003616],[-97.10406979588355,49.81013220397501],[-97.10354740939904,49.81176069398523],[-97.10547260188922,49.814077009363544]]]},"properties":{"DAUID":"46110495","DGUID":"2021S051246110495","LANDAREA":0.1447,"PRUID":"46","CMA":"Winnipeg"}},
{"type":"Feature","geometry":{"type":"Polygon","coordinates":[[[-97.09961643252065,49.81534807865951],[-97.09977310313703,49.816916107328126],[-97.10289251056953,49.81677829439831],[-97.10651250658697,49.815569202956894],[-97.10606999655906,49.81479739313908],[-97.10724691999751,49.81420500596805],[-97.1080396914805,49.813480307737485],[-97.10881829519911,49.81276440158424],[-97.10775088928558,49.81233321148825],[-97.10587829910526,49.812941311014335],[-97.10547260188922,49.814077009363544],[-97.10296271385351,49.8146296075601],[-97.10287864601757,49.81534437673061],[-97.10083890001223,49.81526050764929],[-97.09961643252065,49.81534807865951]]]},"properties":{"DAUID":"46110496","DGUID":"2021S051246110496","LANDAREA":0.1205,"PRUID":"46","CMA":"Winnipeg"}},
{"type":"Feature","geometry":{"type":"Polygon","coordinates":[[[-97.10881829519911,49.81276440158424],[-97.1080396914805,49.813480307737485],[-97.1098587045796,49.814247610687026],[-97.11103229320236,49.81409579192653],[-97.11217129444543,49.809832706116794],[-97.11185748796836,49.80932389436209],[-97.10870210277814,49.81039679767896],[-97.10945397911192,49.811364854626454],[-97.10881829519911,49.81276440158424]]]},"properties":{"DAUID":"46110497","DGUID":"2021S051246110497","LANDAREA":0.0893,"PRUID":"46","CMA":"Winnipeg"}},
{"type":"Feature","geometry":{"type":"Polygon","coordinates":[[[-97.10490619202614,49.80580119850616],[-97.10657951421452,49.80779850513539],[-97.1116490077645,49.80610919773755],[-97.11440691340795,49.80602738947403],[-97.11582121106579,49.802821911531126],[-97.11571240408371,49.80132688739161],[-97.11378911698554,49.8018264050602],[-97.11443298851063,49.80278129906884],[-97.11206508801436,49.8032734993762],[-97.11024221650575,49.80404428690126],[-97.10927501923892,49.80354280814309],[-97.1079971080952,49.80459241072697],[-97.10490619202614,49.80580119850616]]]},"properties":{"DAUID":"46110500","DGUID":"2021S051246110500","LANDAREA":0.2309,"PRUID":"46","CMA":"Winnipeg"}},
{"type":"Feature","geometry":{"type":"Polygon","coordinates":[[[-97.11378911698554,49.8018264050602],[-97.11243441314089,49.80128258961788],[-97.10968999525022,49.80109390511895],[-97.10863538595844,49.800339110647826],[-97.10811309063466,49.798907293171574],[-97.10562929708655,49.79896269268931],[-97.10103930929829,49.80105850664678],[-97.10490619202614,49.80580119850616],[-97.1079971080952,49.80459241072697],[-97.10927501923892,49.80354280814309],[-97.11024221650575,49.80404428690126],[-97.11206508801436,49.8032734993762],[-97.11443298851063,49.80278129906884],[-97.11378911698554,49.8018264050602]]]},"properties":{"DAUID":"46110501","DGUID":"2021S051246110501","LANDAREA":0.3481,"PRUID":"46","CMA":"Winnipeg"}},
{"type":"Feature","geometry":{"type":"Polygon","coordinates":[[[-97.11243441314089,49.80128258961788],[-97.11364210201084,49.80096038675738],[-97.11339761398307,49.79974210823693],[-97.11234309218408,49.798707744354836],[-97.11022530291619,49.79805331286482],[-97.10933069273474,49.79890219796187],[-97.10811309063466,49.798907293171574],[-97.10863538595844,49.800339110647826],[-97.10968999525022,49.80109390511895],[-97.11243441314089,49.80128258961788]]]},"properties":{"DAUID":"46110502","DGUID":"2021S051246110502","LANDAREA":0.1043,"PRUID":"46","CMA":"Winnipeg"}},
{"type":"Feature","geometry":{"type":"Polygon","coordinates":[[[-97.10657951421452,49.80779850513539],[-97.10490619202614,49.80580119850616],[-97.10385041889472,49.806143691651386],[-97.1001088845017,49.80656819744135],[-97.09914780654545,49.80697520838659],[-97.09838268981173,49.80841079817001],[-97.10059188995152,49.80985031132486],[-97.10657951421452,49.80779850513539]]]},"properties":{"DAUID":"46110504","DGUID":"2021S051246110504","LANDAREA":0.1511,"PRUID":"46","CMA":"Winnipeg"}},
{"type":"Feature","geometry":{"type":"Polygon","coordinates":[[[-97.10059188995152,49.80985031132486],[-97.09838268981173,49.80841079817001],[-97.09914780654545,49.80697520838659],[-97.1001088845017,49.80656819744135],[-97.09923539990018,49.80544740965074],[-97.09633220289345,49.805759606597725],[-97.09596170557398,49.80811920765801],[-97.09401029336478,49.8082579959322],[-97.0924420192017,49.8089068999098],[-97.09464078556391,49.81189141216647],[-97.10059188995152,49.80985031132486]]]},"properties":{"DAUID":"46110505","DGUID":"2021S051246110505","LANDAREA":0.2023,"PRUID":"46","CMA":"Winnipeg"}},
{"type":"Feature","geometry":{"type":"Polygon","coordinates":[[[-97.09633220289345,49.805759606597725],[-97.09481031101744,49.803458799167316],[-97.09294851624362,49.80459340123347],[-97.09209549391448,49.80328489649721],[-97.09107958250611,49.80352108928061],[-97.09182688953838,49.805034100373845],[-97.09081858728224,49.80530000331387],[-97.09238961005282,49.80882499563301],[-97.0924420192017,49.8089068999098],[-97.09401029336478,49.8082579959322],[-97.09596170557398,49.80811920765801],[-97.09633220289345,49.805759606597725]]]},"properties":{"DAUID":"46110506","DGUID":"2021S051246110506","LANDAREA":0.1747,"PRUID":"46","CMA":"Winnipeg"}},
{"type":"Feature","geometry":{"type":"Polygon","coordinates":[[[-97.04260609147502,49.798702589239504],[-97.04300760168783,49.800463401871646],[-97.04307389102036,49.80399070876156],[-97.04358831152646,49.81088070807837],[-97.0432613256039,49.812323496311954],[-97.03821191802518,49.812109879039454],[-97.03901397724741,49.818387383309876],[-97.07041029327819,49.807525607264076],[-97.07006918566078,49.80701610101547],[-97.07206161153057,49.80619480200518],[-97.07209658256106,49.80216550778407],[-97.072560287525,49.801687488205005],[-97.08309871903403,49.798066392376825],[-97.08379191191388,49.79740320571142],[-97.08387919548811,49.787446900267526],[-97.08390620309534,49.78464988711974],[-97.05991320829672,49.792652092705175],[-97.05717568668022,49.788837189177],[-97.05533899157729,49.789597910419666],[-97.05538078032194,49.797226601672406],[-97.0514202855242,49.79757380268612],[-97.04406611699173,49.7976478109911],[-97.04260609147502,49.798702589239504]]]},"properties":{"DAUID":"46110509","DGUID":"2021S051246110509","LANDAREA":5.6813,"PRUID":"46","CMA":"Winnipeg"}},
{"type":"Feature","geometry":{"type":"Polygon","coordinates":[[[-97.05733208463741,49.83873619766811],[-97.05729091868211,49.840804406424134],[-97.06512111419411,49.840818508946576],[-97.06585438685084,49.83882481326335],[-97.06740571235194,49.839638688373554],[-97.06903891671844,49.83953450955516],[-97.06798289087692,49.838113688160995],[-97.06961521406652,49.837637196092345],[-97.07033191117368,49.83710041026237],[-97.07037751373412,49.83525720553234],[-97.06932820099706,49.83401630468472],[-97.07122090798951,49.833283298031844],[-97.07076588861342,49.832219702469196],[-97.06927199471745,49.831937499467934],[-97.0680786903401,49.83291609208082],[-97.06424901886396,49.8349352076068],[-97.06531441961562,49.836324105218736],[-97.06356411681881,49.837297404606815],[-97.06253789214892,49.836520887641306],[-97.05876311449042,49.8384274046263],[-97.05733208463741,49.83873619766811]]]},"properties":{"DAUID":"46110514","DGUID":"2021S051246110514","LANDAREA":0.4092,"PRUID":"46","CMA":"Winnipeg"}},
{"type":"Feature","geometry":{"type":"Polygon","coordinates":[[[-97.05729091868211,49.840804406424134],[-97.04948251817255,49.84025050770408],[-97.04953630269222,49.84444309738853],[-97.0543295068717,49.84458670902986],[-97.05431938368204,49.84414570521998],[-97.05428338627186,49.842615891963874],[-97.05954090114727,49.84262309972373],[-97.0600846854125,49.84293810292865],[-97.06024679767658,49.845837208021905],[-97.0641832859942,49.84584011288322],[-97.06448901791678,49.84515259073276],[-97.06155060170302,49.84488759730418],[-97.06160061209744,49.84259460410777],[-97.06555009656874,49.842615702275616],[-97.06710550183529,49.84407190904519],[-97.07079827982993,49.84460108995101],[-97.07304349077626,49.84445860561714],[-97.07778461672578,49.84344901187875],[-97.07644689893007,49.840806339581334],[-97.06512111419411,49.840818508946576],[-97.05729091868211,49.840804406424134]]]},"properties":{"DAUID":"46110515","DGUID":"2021S051246110515","LANDAREA":0.6788,"PRUID":"46","CMA":"Winnipeg"}},
{"type":"Feature","geometry":{"type":"Polygon","coordinates":[[[-97.06448901791678,49.84515259073276],[-97.06598700358076,49.84421510138046],[-97.06710550183529,49.84407190904519],[-97.06555009656874,49.842615702275616],[-97.06160061209744,49.84259460410777],[-97.06155060170302,49.84488759730418],[-97.06448901791678,49.84515259073276]]]},"properties":{"DAUID":"46110516","DGUID":"2021S051246110516","LANDAREA":0.0883,"PRUID":"46","CMA":"Winnipeg"}},
{"type":"Feature","geometry":{"type":"Polygon","coordinates":[[[-97.06710550183529,49.84407190904519],[-97.06598700358076,49.84421510138046],[-97.06448901791678,49.84515259073276],[-97.0641832859942,49.84584011288322],[-97.06475770506732,49.84782860513967],[-97.06461218635803,49.84938240104845],[-97.06715468393331,49.84981160145462],[-97.07036272129962,49.85099840942464],[-97.07178799641004,49.85049138772523],[-97.07155411004256,49.84832869106677],[-97.07375239893146,49.848320298619505],[-97.0740399074302,49.850187088414245],[-97.07741249369039,49.85038700773497],[-97.07698078044969,49.84794218974326],[-97.07677701301785,49.84712021112995],[-97.07395529022624,49.84741520143781],[-97.0739536148956,49.84675850514385],[-97.07640308188792,49.84637640863957],[-97.07606990676486,49.84566030842652],[-97.07376551033327,49.84589179175131],[-97.07304349077626,49.84445860561714],[-97.07079827982993,49.84460108995101],[-97.06710550183529,49.84407190904519]]]},"properties":{"DAUID":"46110517","DGUID":"2021S051246110517","LANDAREA":0.4394,"PRUID":"46","CMA":"Winnipeg"}},
{"type":"Feature","geometry":{"type":"Polygon","coordinates":[[[-97.05431938368204,49.84414570521998],[-97.05640370018163,49.84419870876045],[-97.05765409389647,49.844930310713096],[-97.05564749651818,49.84710040275226],[-97.05909130109869,49.848291595390286],[-97.05909300272398,49.845817897443204],[-97.06024679767658,49.845837208021905],[-97.0600846854125,49.84293810292865],[-97.05954090114727,49.84262309972373],[-97.05428338627186,49.842615891963874],[-97.05431938368204,49.84414570521998]]]},"properties":{"DAUID":"46110519","DGUID":"2021S051246110519","LANDAREA":0.159,"PRUID":"46","CMA":"Winnipeg"}},
{"type":"Feature","geometry":{"type":"Polygon","coordinates":[[[-97.05034830056768,49.85606948793032],[-97.05603928613485,49.8598711018671],[-97.05690081100649,49.85955278994385],[-97.0527503980853,49.856883491080005],[-97.0584037146766,49.85677150774761],[-97.05846947900471,49.85894938864102],[-97.05954590693689,49.85882349372349],[-97.05953140845227,49.85675439523624],[-97.06061558789763,49.85678151232361],[-97.06066299386295,49.85872530069703],[-97.06528258243341,49.858721508439615],[-97.06526379378249,49.858145495385095],[-97.06509689852477,49.85605580823043],[-97.05034830056768,49.85606948793032]]]},"properties":{"DAUID":"46110521","DGUID":"2021S051246110521","LANDAREA":0.2028,"PRUID":"46","CMA":"Winnipeg"}},
{"type":"Feature","geometry":{"type":"Polygon","coordinates":[[[-97.05846947900471,49.85894938864102],[-97.05690081100649,49.85955278994385],[-97.05603928613485,49.8598711018671],[-97.05703398027659,49.860705991595474],[-97.06003468517186,49.86260059442347],[-97.06233808031382,49.86137090456349],[-97.0652760985549,49.861321001060716],[-97.06528258243341,49.858721508439615],[-97.06066299386295,49.85872530069703],[-97.06061558789763,49.85678151232361],[-97.05953140845227,49.85675439523624],[-97.05954590693689,49.85882349372349],[-97.05846947900471,49.85894938864102]]]},"properties":{"DAUID":"46110522","DGUID":"2021S051246110522","LANDAREA":0.206,"PRUID":"46","CMA":"Winnipeg"}},
{"type":"Feature","geometry":{"type":"Polygon","coordinates":[[[-97.05690081100649,49.85955278994385],[-97.05846947900471,49.85894938864102],[-97.0584037146766,49.85677150774761],[-97.0527503980853,49.856883491080005],[-97.05690081100649,49.85955278994385]]]},"properties":{"DAUID":"46110523","DGUID":"2021S051246110523","LANDAREA":0.0794,"PRUID":"46","CMA":"Winnipeg"}},
{"type":"Feature","geometry":{"type":"Polygon","coordinates":[[[-97.06003468517186,49.86260059442347],[-97.06405288345849,49.86546530225815],[-97.06459319057113,49.86517749857947],[-97.06839409037933,49.86513300247871],[-97.06868199109825,49.86105399238067],[-97.0652760985549,49.861321001060716],[-97.06233808031382,49.86137090456349],[-97.06003468517186,49.86260059442347]]]},"properties":{"DAUID":"46110524","DGUID":"2021S051246110524","LANDAREA":0.2157,"PRUID":"46","CMA":"Winnipeg"}},
{"type":"Feature","geometry":{"type":"Polygon","coordinates":[[[-97.06528258243341,49.858721508439615],[-97.0652760985549,49.861321001060716],[-97.06868199109825,49.86105399238067],[-97.0722299816078,49.86105911122728],[-97.07220818826684,49.85671410817078],[-97.06863149849742,49.85673550754202],[-97.06864589685497,49.858121012948146],[-97.06759020396782,49.85807638952698],[-97.06753241149612,49.85673509986401],[-97.06643288114786,49.856743805159375],[-97.0664497111368,49.858066396399764],[-97.06526379378249,49.858145495385095],[-97.06528258243341,49.858721508439615]]]},"properties":{"DAUID":"46110525","DGUID":"2021S051246110525","LANDAREA":0.2066,"PRUID":"46","CMA":"Winnipeg"}},
{"type":"Feature","geometry":{"type":"Polygon","coordinates":[[[-97.06526379378249,49.858145495385095],[-97.0664497111368,49.858066396399764],[-97.06643288114786,49.856743805159375],[-97.06753241149612,49.85673509986401],[-97.06759020396782,49.85807638952698],[-97.06864589685497,49.858121012948146],[-97.06863149849742,49.85673550754202],[-97.07220818826684,49.85671410817078],[-97.07351591581639,49.85671779970915],[-97.07352850930315,49.85814829765751],[-97.07578400518571,49.85741219106356],[-97.07852891693199,49.85766460080681],[-97.07852957910619,49.85694499629298],[-97.07860769664597,49.85602879686482],[-97.06509689852477,49.85605580823043],[-97.06526379378249,49.858145495385095]]]},"properties":{"DAUID":"46110526","DGUID":"2021S051246110526","LANDAREA":0.1402,"PRUID":"46","CMA":"Winnipeg"}},
{"type":"Feature","geometry":{"type":"Polygon","coordinates":[[[-97.0722299816078,49.86105911122728],[-97.07582049574495,49.86104679649533],[-97.07578599519273,49.85981391058002],[-97.07842830366918,49.85984870120799],[-97.07852891693199,49.85766460080681],[-97.07578400518571,49.85741219106356],[-97.07352850930315,49.85814829765751],[-97.07351591581639,49.85671779970915],[-97.07220818826684,49.85671410817078],[-97.0722299816078,49.86105911122728]]]},"properties":{"DAUID":"46110527","DGUID":"2021S051246110527","LANDAREA":0.1583,"PRUID":"46","CMA":"Winnipeg"}},
{"type":"Feature","geometry":{"type":"Polygon","coordinates":[[[-97.07852891693199,49.85766460080681],[-97.07842830366918,49.85984870120799],[-97.07578599519273,49.85981391058002],[-97.07582049574495,49.86104679649533],[-97.07827140070914,49.86099749889216],[-97.08193668241655,49.86050049488489],[-97.08517799117661,49.85981648914714],[-97.08357290355092,49.856776600313665],[-97.07852957910619,49.85694499629298],[-97.07852891693199,49.85766460080681]]]},"properties":{"DAUID":"46110528","DGUID":"2021S051246110528","LANDAREA":0.2038,"PRUID":"46","CMA":"Winnipeg"}},
{"type":"Feature","geometry":{"type":"Polygon","coordinates":[[[-97.06839409037933,49.86513300247871],[-97.07225760502375,49.865260306533216],[-97.07224959600556,49.863712989340556],[-97.07824710496446,49.86371358880035],[-97.07827140070914,49.86099749889216],[-97.07582049574495,49.86104679649533],[-97.0722299816078,49.86105911122728],[-97.06868199109825,49.86105399238067],[-97.06839409037933,49.86513300247871]]]},"properties":{"DAUID":"46110529","DGUID":"2021S051246110529","LANDAREA":0.2514,"PRUID":"46","CMA":"Winnipeg"}},
{"type":"Feature","geometry":{"type":"Polygon","coordinates":[[[-97.07225760502375,49.865260306533216],[-97.0734664094563,49.86530729566008],[-97.07695731698564,49.86535630230474],[-97.07825209625246,49.86534180778504],[-97.07824710496446,49.86371358880035],[-97.07224959600556,49.863712989340556],[-97.07225760502375,49.865260306533216]]]},"properties":{"DAUID":"46110530","DGUID":"2021S051246110530","LANDAREA":0.0776,"PRUID":"46","CMA":"Winnipeg"}},
{"type":"Feature","geometry":{"type":"Polygon","coordinates":[[[-97.0734664094563,49.86530729566008],[-97.07355989216846,49.867503689917264],[-97.07469681620628,49.867612609738075],[-97.07526358221179,49.86945701353859],[-97.07800381176293,49.86949340438254],[-97.07819179230484,49.86826421154076],[-97.07710878461631,49.867499693452515],[-97.07695731698564,49.86535630230474],[-97.0734664094563,49.86530729566008]]]},"properties":{"DAUID":"46110531","DGUID":"2021S051246110531","LANDAREA":0.1099,"PRUID":"46","CMA":"Winnipeg"}},
{"type":"Feature","geometry":{"type":"Polygon","coordinates":[[[-97.07695731698564,49.86535630230474],[-97.07710878461631,49.867499693452515],[-97.07819179230484,49.86826421154076],[-97.07800381176293,49.86949340438254],[-97.07798670494937,49.870977397814954],[-97.08084000133701,49.870970710286635],[-97.08076189014682,49.86943120565574],[-97.08229551563099,49.86934199694444],[-97.08199710099477,49.86811139706909],[-97.08052609367441,49.86730450438671],[-97.07825779706134,49.86695200082928],[-97.07825209625246,49.86534180778504],[-97.07695731698564,49.86535630230474]]]},"properties":{"DAUID":"46110532","DGUID":"2021S051246110532","LANDAREA":0.1174,"PRUID":"46","CMA":"Winnipeg"}},
{"type":"Feature","geometry":{"type":"Polygon","coordinates":[[[-97.07225760502375,49.865260306533216],[-97.07224631294848,49.86938879223263],[-97.07028591311791,49.87029509610714],[-97.07141431464096,49.87175870747141],[-97.0714005581685,49.87390288214407],[-97.07414159639177,49.8735220915148],[-97.08089760884074,49.87349768739424],[-97.08084000133701,49.870970710286635],[-97.07798670494937,49.870977397814954],[-97.07800381176293,49.86949340438254],[-97.07526358221179,49.86945701353859],[-97.07469681620628,49.867612609738075],[-97.07355989216846,49.867503689917264],[-97.0734664094563,49.86530729566008],[-97.07225760502375,49.865260306533216]]]},"properties":{"DAUID":"46110533","DGUID":"2021S051246110533","LANDAREA":0.3504,"PRUID":"46","CMA":"Winnipeg"}},
{"type":"Feature","geometry":{"type":"Polygon","coordinates":[[[-97.08089760884074,49.87349768739424],[-97.0871471513177,49.87341544391422],[-97.08796860839527,49.873013408233746],[-97.08671788828124,49.87296581158639],[-97.08667990627909,49.871813803853414],[-97.08797820175877,49.871007708931],[-97.08084000133701,49.870970710286635],[-97.08089760884074,49.87349768739424]]]},"properties":{"DAUID":"46110534","DGUID":"2021S051246110534","LANDAREA":0.1258,"PRUID":"46","CMA":"Winnipeg"}},
{"type":"Feature","geometry":{"type":"Polygon","coordinates":[[[-97.08084000133701,49.870970710286635],[-97.08797820175877,49.871007708931],[-97.0879856064549,49.87011729104311],[-97.08783349128382,49.86938619487722],[-97.08985609183591,49.86891579247349],[-97.08957388307185,49.86830850416348],[-97.08758201628036,49.86870739574112],[-97.08368403672405,49.86983198422636],[-97.08076189014682,49.86943120565574],[-97.08084000133701,49.870970710286635]]]},"properties":{"DAUID":"46110535","DGUID":"2021S051246110535","LANDAREA":0.1018,"PRUID":"46","CMA":"Winnipeg"}},
{"type":"Feature","geometry":{"type":"Polygon","coordinates":[[[-97.08796860839527,49.873013408233746],[-97.08853649674778,49.873387033090445],[-97.09314058281227,49.87340342876313],[-97.09379416473521,49.87466941239401],[-97.09516370334859,49.87481419102655],[-97.09309899104437,49.8710290948644],[-97.09092860145537,49.87101139141211],[-97.09024639760104,49.86960589902875],[-97.0879856064549,49.87011729104311],[-97.08797820175877,49.871007708931],[-97.08667990627909,49.871813803853414],[-97.08671788828124,49.87296581158639],[-97.08796860839527,49.873013408233746]]]},"properties":{"DAUID":"46110536","DGUID":"2021S051246110536","LANDAREA":0.16,"PRUID":"46","CMA":"Winnipeg"}},
{"type":"Feature","geometry":{"type":"Polygon","coordinates":[[[-97.09379416473521,49.87466941239401],[-97.09750938036287,49.88192673659276],[-97.09877437747194,49.88193517843355],[-97.09760748764552,49.87954961146436],[-97.1005030916987,49.8795431056463],[-97.10025790306437,49.87474318767348],[-97.09516370334859,49.87481419102655],[-97.09379416473521,49.87466941239401]]]},"properties":{"DAUID":"46110538","DGUID":"2021S051246110538","LANDAREA":0.2292,"PRUID":"46","CMA":"Winnipeg"}},
{"type":"Feature","geometry":{"type":"Polygon","coordinates":[[[-97.09877437747194,49.88193517843355],[-97.10217250310396,49.88205309415368],[-97.10779781358826,49.882019093191396],[-97.10766601464522,49.88111750307183],[-97.10679299060699,49.8738981074585],[-97.10380826843145,49.87491943687322],[-97.10025790306437,49.87474318767348],[-97.1005030916987,49.8795431056463],[-97.09760748764552,49.87954961146436],[-97.09877437747194,49.88193517843355]]]},"properties":{"DAUID":"46110539","DGUID":"2021S051246110539","LANDAREA":0.433,"PRUID":"46","CMA":"Winnipeg"}},
{"type":"Feature","geometry":{"type":"Polygon","coordinates":[[[-97.10766601464522,49.88111750307183],[-97.11076069116226,49.88100599539071],[-97.1106498050117,49.879924800687085],[-97.11038181341767,49.87751880205385],[-97.11010499077108,49.875337402657],[-97.10972648701416,49.87291158856035],[-97.10679299060699,49.8738981074585],[-97.10766601464522,49.88111750307183]]]},"properties":{"DAUID":"46110540","DGUID":"2021S051246110540","LANDAREA":0.1914,"PRUID":"46","CMA":"Winnipeg"}},
{"type":"Feature","geometry":{"type":"Polygon","coordinates":[[[-97.1106498050117,49.879924800687085],[-97.11285810300511,49.88005070347387],[-97.1170003191222,49.8798481958429],[-97.11677621619806,49.87738000694848],[-97.11452941317849,49.878242899390955],[-97.11442600901853,49.87732379780651],[-97.11038181341767,49.87751880205385],[-97.1106498050117,49.879924800687085]]]},"properties":{"DAUID":"46110541","DGUID":"2021S051246110541","LANDAREA":0.1211,"PRUID":"46","CMA":"Winnipeg"}},
{"type":"Feature","geometry":{"type":"Polygon","coordinates":[[[-97.11038181341767,49.87751880205385],[-97.11442600901853,49.87732379780651],[-97.11452941317849,49.878242899390955],[-97.11677621619806,49.87738000694848],[-97.11981740400589,49.87720449318151],[-97.11971330966625,49.8759434993182],[-97.11902861784526,49.875653501774266],[-97.11705250283731,49.87456899275494],[-97.11611418777333,49.87507549391863],[-97.11010499077108,49.875337402657],[-97.11038181341767,49.87751880205385]]]},"properties":{"DAUID":"46110542","DGUID":"2021S051246110542","LANDAREA":0.1715,"PRUID":"46","CMA":"Winnipeg"}},
{"type":"Feature","geometry":{"type":"Polygon","coordinates":[[[-97.1170003191222,49.8798481958429],[-97.1170902152413,49.88075820118127],[-97.1202415140195,49.880620504271114],[-97.11981740400589,49.87720449318151],[-97.11677621619806,49.87738000694848],[-97.1170003191222,49.8798481958429]]]},"properties":{"DAUID":"46110543","DGUID":"2021S051246110543","LANDAREA":0.0872,"PRUID":"46","CMA":"Winnipeg"}},
{"type":"Feature","geometry":{"type":"Polygon","coordinates":[[[-97.11076069116226,49.88100599539071],[-97.11089319290281,49.88188970296161],[-97.11414130731936,49.88177170837456],[-97.11718110074095,49.88164120923654],[-97.1203460927529,49.88151271084886],[-97.1202415140195,49.880620504271114],[-97.1170902152413,49.88075820118127],[-97.1170003191222,49.8798481958429],[-97.11285810300511,49.88005070347387],[-97.1106498050117,49.879924800687085],[-97.11076069116226,49.88100599539071]]]},"properties":{"DAUID":"46110544","DGUID":"2021S051246110544","LANDAREA":0.1161,"PRUID":"46","CMA":"Winnipeg"}},
{"type":"Feature","geometry":{"type":"Polygon","coordinates":[[[-97.11414130731936,49.88177170837456],[-97.11424439595079,49.882699893128056],[-97.11258499388175,49.8827718086275],[-97.11389749444943,49.88445721282875],[-97.11540350115126,49.88439179486482],[-97.11745360686986,49.88429920665096],[-97.11726988372465,49.88257809826023],[-97.11718110074095,49.88164120923654],[-97.11414130731936,49.88177170837456]]]},"properties":{"DAUID":"46110545","DGUID":"2021S051246110545","LANDAREA":0.0803,"PRUID":"46","CMA":"Winnipeg"}},
{"type":"Feature","geometry":{"type":"Polygon","coordinates":[[[-97.11089319290281,49.88188970296161],[-97.1112756022705,49.884576509971104],[-97.11389749444943,49.88445721282875],[-97.11258499388175,49.8827718086275],[-97.11424439595079,49.882699893128056],[-97.11414130731936,49.88177170837456],[-97.11089319290281,49.88188970296161]]]},"properties":{"DAUID":"46110546","DGUID":"2021S051246110546","LANDAREA":0.0531,"PRUID":"46","CMA":"Winnipeg"}},
{"type":"Feature","geometry":{"type":"Polygon","coordinates":[[[-97.11389749444943,49.88445721282875],[-97.1112756022705,49.884576509971104],[-97.11174110348267,49.88834400836086],[-97.11311961499825,49.88833938771645],[-97.11445671456578,49.88832519313131],[-97.11401689533643,49.88532270036478],[-97.11550831111816,49.88527500109645],[-97.11540350115126,49.88439179486482],[-97.11389749444943,49.88445721282875]]]},"properties":{"DAUID":"46110547","DGUID":"2021S051246110547","LANDAREA":0.0917,"PRUID":"46","CMA":"Winnipeg"}},
{"type":"Feature","geometry":{"type":"Polygon","coordinates":[[[-97.11445671456578,49.88832519313131],[-97.11732651069782,49.88828189731924],[-97.11688850324899,49.88522549188675],[-97.11550831111816,49.88527500109645],[-97.11401689533643,49.88532270036478],[-97.11445671456578,49.88832519313131]]]},"properties":{"DAUID":"46110548","DGUID":"2021S051246110548","LANDAREA":0.0696,"PRUID":"46","CMA":"Winnipeg"}},
{"type":"Feature","geometry":{"type":"Polygon","coordinates":[[[-97.11540350115126,49.88439179486482],[-97.11550831111816,49.88527500109645],[-97.11688850324899,49.88522549188675],[-97.11732651069782,49.88828189731924],[-97.1188305208402,49.8882704103173],[-97.11998270886995,49.887281594558644],[-97.11974798225992,49.885082994947105],[-97.12054908442481,49.88416948819359],[-97.11745360686986,49.88429920665096],[-97.11540350115126,49.88439179486482]]]},"properties":{"DAUID":"46110549","DGUID":"2021S051246110549","LANDAREA":0.0969,"PRUID":"46","CMA":"Winnipeg"}},
{"type":"Feature","geometry":{"type":"Polygon","coordinates":[[[-97.11732651069782,49.88828189731924],[-97.11758689782009,49.89017508959408],[-97.1190633133244,49.889803293317065],[-97.12416699262279,49.88959819857811],[-97.12389069601905,49.88703008919999],[-97.11998270886995,49.887281594558644],[-97.1188305208402,49.8882704103173],[-97.11732651069782,49.88828189731924]]]},"properties":{"DAUID":"46110550","DGUID":"2021S051246110550","LANDAREA":0.1246,"PRUID":"46","CMA":"Winnipeg"}},
{"type":"Feature","geometry":{"type":"Polygon","coordinates":[[[-97.11998270886995,49.887281594558644],[-97.12389069601905,49.88703008919999],[-97.12341940191814,49.88230909081672],[-97.12040818314624,49.88242219282698],[-97.12054908442481,49.88416948819359],[-97.11974798225992,49.885082994947105],[-97.11998270886995,49.887281594558644]]]},"properties":{"DAUID":"46110551","DGUID":"2021S051246110551","LANDAREA":0.1318,"PRUID":"46","CMA":"Winnipeg"}},
{"type":"Feature","geometry":{"type":"Polygon","coordinates":[[[-97.13130700923189,49.8819461518523],[-97.12788828228264,49.881220990630894],[-97.1203460927529,49.88151271084886],[-97.11718110074095,49.88164120923654],[-97.11726988372465,49.88257809826023],[-97.12040818314624,49.88242219282698],[-97.12341940191814,49.88230909081672],[-97.12389069601905,49.88703008919999],[-97.12416699262279,49.88959819857811],[-97.12563549384605,49.88935934529258],[-97.12543398862454,49.887958085373626],[-97.12597486644913,49.88660910100153],[-97.12691085200528,49.88585982557162],[-97.13011933087961,49.88292751500365],[-97.13130700923189,49.8819461518523]]]},"properties":{"DAUID":"46110552","DGUID":"2021S051246110552","LANDAREA":0.2198,"PRUID":"46","CMA":"Winnipeg"}},
{"type":"Feature","geometry":{"type":"Polygon","coordinates":[[[-97.11745360686986,49.88429920665096],[-97.12054908442481,49.88416948819359],[-97.12040818314624,49.88242219282698],[-97.11726988372465,49.88257809826023],[-97.11745360686986,49.88429920665096]]]},"properties":{"DAUID":"46110553","DGUID":"2021S051246110553","LANDAREA":0.0435,"PRUID":"46","CMA":"Winnipeg"}},
{"type":"Feature","geometry":{"type":"Polygon","coordinates":[[[-97.11981740400589,49.87720449318151],[-97.1202415140195,49.880620504271114],[-97.1203460927529,49.88151271084886],[-97.12788828228264,49.881220990630894],[-97.12556269357064,49.87872770296198],[-97.12294591706267,49.877291095972566],[-97.11971330966625,49.8759434993182],[-97.11981740400589,49.87720449318151]]]},"properties":{"DAUID":"46110554","DGUID":"2021S051246110554","LANDAREA":0.2092,"PRUID":"46","CMA":"Winnipeg"}},
{"type":"Feature","geometry":{"type":"Polygon","coordinates":[[[-97.12556269357064,49.87872770296198],[-97.12572519134005,49.877048290301914],[-97.12708770255209,49.8770883006073],[-97.12749669747247,49.87155390082754],[-97.12471351671235,49.87190469094739],[-97.12447021060744,49.87530990190062],[-97.1230935165229,49.875278609104825],[-97.12294591706267,49.877291095972566],[-97.12556269357064,49.87872770296198]]]},"properties":{"DAUID":"46110555","DGUID":"2021S051246110555","LANDAREA":0.1565,"PRUID":"46","CMA":"Winnipeg"}},
{"type":"Feature","geometry":{"type":"Polygon","coordinates":[[[-97.12556269357064,49.87872770296198],[-97.12838491764644,49.87881830915417],[-97.12849200659481,49.877129001045596],[-97.12992438444476,49.87716109095905],[-97.13034561021988,49.87130310433883],[-97.12749669747247,49.87155390082754],[-97.12708770255209,49.8770883006073],[-97.12572519134005,49.877048290301914],[-97.12556269357064,49.87872770296198]]]},"properties":{"DAUID":"46110556","DGUID":"2021S051246110556","LANDAREA":0.1668,"PRUID":"46","CMA":"Winnipeg"}},
{"type":"Feature","geometry":{"type":"Polygon","coordinates":[[[-97.13736934850306,49.87351111451522],[-97.13677113784844,49.871646234346755],[-97.13488744858417,49.87050066880905],[-97.13321579682294,49.87012097365463],[-97.13007625957898,49.87014082991675],[-97.12455016496551,49.870980957663974],[-97.12051235320789,49.87116911149349],[-97.11720192794336,49.8708110589035],[-97.11611605888433,49.870386256141174],[-97.11343550259825,49.87166768698499],[-97.11504090629177,49.872971210766856],[-97.11760838885387,49.872086400093494],[-97.12196468688651,49.872085106147935],[-97.12471351671235,49.87190469094739],[-97.12749669747247,49.87155390082754],[-97.13034561021988,49.87130310433883],[-97.13214291490114,49.87125109014626],[-97.13264589926668,49.87300430298629],[-97.13527269635473,49.873100489163406],[-97.13506480594218,49.87560680866255],[-97.13237429517669,49.87896359333227],[-97.12978891884728,49.8788680105714],[-97.12992438444476,49.87716109095905],[-97.12849200659481,49.877129001045596],[-97.12838491764644,49.87881830915417],[-97.12556269357064,49.87872770296198],[-97.12788828228264,49.881220990630894],[-97.13130700923189,49.8819461518523],[-97.13325822134965,49.880217213081],[-97.13584932524026,49.87746206366385],[-97.13705929799423,49.875655286328204],[-97.13736934850306,49.87351111451522]]]},"properties":{"DAUID":"46110557","DGUID":"2021S051246110557","LANDAREA":0.3045,"PRUID":"46","CMA":"Winnipeg"}},
{"type":"Feature","geometry":{"type":"Polygon","coordinates":[[[-97.12992438444476,49.87716109095905],[-97.12978891884728,49.8788680105714],[-97.13237429517669,49.87896359333227],[-97.13506480594218,49.87560680866255],[-97.13527269635473,49.873100489163406],[-97.13264589926668,49.87300430298629],[-97.13214291490114,49.87125109014626],[-97.13034561021988,49.87130310433883],[-97.12992438444476,49.87716109095905]]]},"properties":{"DAUID":"46110558","DGUID":"2021S051246110558","LANDAREA":0.2415,"PRUID":"46","CMA":"Winnipeg"}},
{"type":"Feature","geometry":{"type":"Polygon","coordinates":[[[-97.11971330966625,49.8759434993182],[-97.12294591706267,49.877291095972566],[-97.1230935165229,49.875278609104825],[-97.12447021060744,49.87530990190062],[-97.12471351671235,49.87190469094739],[-97.12196468688651,49.872085106147935],[-97.1217634831372,49.87368299178312],[-97.11955191552047,49.87364709031677],[-97.11828089709265,49.87412118895769],[-97.11902861784526,49.875653501774266],[-97.11971330966625,49.8759434993182]]]},"properties":{"DAUID":"46110559","DGUID":"2021S051246110559","LANDAREA":0.1471,"PRUID":"46","CMA":"Winnipeg"}},
{"type":"Feature","geometry":{"type":"Polygon","coordinates":[[[-97.11902861784526,49.875653501774266],[-97.11828089709265,49.87412118895769],[-97.11955191552047,49.87364709031677],[-97.1217634831372,49.87368299178312],[-97.12196468688651,49.872085106147935],[-97.11760838885387,49.872086400093494],[-97.11504090629177,49.872971210766856],[-97.11705250283731,49.87456899275494],[-97.11902861784526,49.875653501774266]]]},"properties":{"DAUID":"46110560","DGUID":"2021S051246110560","LANDAREA":0.1015,"PRUID":"46","CMA":"Winnipeg"}},
{"type":"Feature","geometry":{"type":"Polygon","coordinates":[[[-97.11010499077108,49.875337402657],[-97.11611418777333,49.87507549391863],[-97.11705250283731,49.87456899275494],[-97.11504090629177,49.872971210766856],[-97.11343550259825,49.87166768698499],[-97.10972648701416,49.87291158856035],[-97.11010499077108,49.875337402657]]]},"properties":{"DAUID":"46110561","DGUID":"2021S051246110561","LANDAREA":0.1392,"PRUID":"46","CMA":"Winnipeg"}},
{"type":"Feature","geometry":{"type":"Polygon","coordinates":[[[-97.11527574485596,49.861867453613655],[-97.1111070827395,49.863210410549186],[-97.11085010384387,49.864447495392234],[-97.11071981530706,49.867375788444974],[-97.1071433010768,49.86849779960683],[-97.10767301666381,49.86919010797139],[-97.10773920475694,49.87034251043324],[-97.10972648701416,49.87291158856035],[-97.11343550259825,49.87166768698499],[-97.11611605888433,49.870386256141174],[-97.11323238973019,49.86897533306359],[-97.11250655743389,49.86750234671789],[-97.11292627001362,49.8660254390156],[-97.11527574485596,49.861867453613655]]]},"properties":{"DAUID":"46110562","DGUID":"2021S051246110562","LANDAREA":0.228,"PRUID":"46","CMA":"Winnipeg"}},
{"type":"Feature","geometry":{"type":"Polygon","coordinates":[[[-97.10972648701416,49.87291158856035],[-97.10773920475694,49.87034251043324],[-97.10767301666381,49.86919010797139],[-97.10393800909672,49.87038839021547],[-97.10383359664274,49.8712772014787],[-97.10511168720198,49.87169389804169],[-97.10679299060699,49.8738981074585],[-97.10972648701416,49.87291158856035]]]},"properties":{"DAUID":"46110563","DGUID":"2021S051246110563","LANDAREA":0.1216,"PRUID":"46","CMA":"Winnipeg"}},
{"type":"Feature","geometry":{"type":"Polygon","coordinates":[[[-97.10679299060699,49.8738981074585],[-97.10511168720198,49.87169389804169],[-97.10383359664274,49.8712772014787],[-97.10393800909672,49.87038839021547],[-97.10767301666381,49.86919010797139],[-97.1071433010768,49.86849779960683],[-97.10553719721494,49.86651060532989],[-97.10223779408712,49.86760799935422],[-97.09894211640612,49.86612379918595],[-97.09860131957466,49.864526099865714],[-97.09570983498905,49.86541743700522],[-97.0977527705475,49.865537437008236],[-97.09755451625094,49.86686901657472],[-97.0994256277288,49.866870499090126],[-97.09916610545726,49.868190616026084],[-97.10126371848152,49.867687269470906],[-97.10153168380411,49.86975033219169],[-97.10311978211779,49.86993073858525],[-97.10269227596454,49.87114466291265],[-97.100976949344,49.8727110322454],[-97.10247442599938,49.87286900520839],[-97.10389790671988,49.87389227541397],[-97.10380826843145,49.87491943687322],[-97.10679299060699,49.8738981074585]]]},"properties":{"DAUID":"46110564","DGUID":"2021S051246110564","LANDAREA":0.2443,"PRUID":"46","CMA":"Winnipeg"}},
{"type":"Feature","geometry":{"type":"Polygon","coordinates":[[[-97.11085010384387,49.864447495392234],[-97.10995110204689,49.863236495658185],[-97.10442241657691,49.86512518917139],[-97.10553719721494,49.86651060532989],[-97.1071433010768,49.86849779960683],[-97.11071981530706,49.867375788444974],[-97.11085010384387,49.864447495392234]]]},"properties":{"DAUID":"46110565","DGUID":"2021S051246110565","LANDAREA":0.1675,"PRUID":"46","CMA":"Winnipeg"}},
{"type":"Feature","geometry":{"type":"Polygon","coordinates":[[[-97.10553719721494,49.86651060532989],[-97.10442241657691,49.86512518917139],[-97.10284390177515,49.8631474032403],[-97.09860131957466,49.864526099865714],[-97.09894211640612,49.86612379918595],[-97.10223779408712,49.86760799935422],[-97.10553719721494,49.86651060532989]]]},"properties":{"DAUID":"46110566","DGUID":"2021S051246110566","LANDAREA":0.1474,"PRUID":"46","CMA":"Winnipeg"}},
{"type":"Feature","geometry":{"type":"Polygon","coordinates":[[[-97.10995110204689,49.863236495658185],[-97.10845490429773,49.861287195287915],[-97.10284390177515,49.8631474032403],[-97.10442241657691,49.86512518917139],[-97.10995110204689,49.863236495658185]]]},"properties":{"DAUID":"46110567","DGUID":"2021S051246110567","LANDAREA":0.1103,"PRUID":"46","CMA":"Winnipeg"}},
{"type":"Feature","geometry":{"type":"Polygon","coordinates":[[[-97.10845490429773,49.861287195287915],[-97.10731729487658,49.859775392989214],[-97.10690689012603,49.85923799934882],[-97.10132218243363,49.86114359686027],[-97.10284390177515,49.8631474032403],[-97.10845490429773,49.861287195287915]]]},"properties":{"DAUID":"46110568","DGUID":"2021S051246110568","LANDAREA":0.1136,"PRUID":"46","CMA":"Winnipeg"}},
{"type":"Feature","geometry":{"type":"Polygon","coordinates":[[[-97.09860131957466,49.864526099865714],[-97.10284390177515,49.8631474032403],[-97.10132218243363,49.86114359686027],[-97.10690689012603,49.85923799934882],[-97.1050259108094,49.85681460619694],[-97.10388721558554,49.855338698994125],[-97.10147921529911,49.856783494756584],[-97.09868661707328,49.85774518670267],[-97.09488922673339,49.85802464341551],[-97.09716711946022,49.858797379786886],[-97.09540369931457,49.859888115502876],[-97.09709955957182,49.86018477475815],[-97.09720156326303,49.86102846112601],[-97.09529505624144,49.862383599157425],[-97.09718921888937,49.862736005529776],[-97.09634104913862,49.86367559726972],[-97.09570983498905,49.86541743700522],[-97.09860131957466,49.864526099865714]]]},"properties":{"DAUID":"46110569","DGUID":"2021S051246110569","LANDAREA":0.4285,"PRUID":"46","CMA":"Winnipeg"}},
{"type":"Feature","geometry":{"type":"Polygon","coordinates":[[[-97.10388721558554,49.855338698994125],[-97.1029050950567,49.8541263118563],[-97.09941868340707,49.855400503701865],[-97.09621953250414,49.8562479614302],[-97.09724683104193,49.85747334328624],[-97.09541347587532,49.857450876927516],[-97.09488922673339,49.85802464341551],[-97.09868661707328,49.85774518670267],[-97.10147921529911,49.856783494756584],[-97.10388721558554,49.855338698994125]]]},"properties":{"DAUID":"46110570","DGUID":"2021S051246110570","LANDAREA":0.1164,"PRUID":"46","CMA":"Winnipeg"}},
{"type":"Feature","geometry":{"type":"Polygon","coordinates":[[[-97.1029050950567,49.8541263118563],[-97.10193839072585,49.852878192429515],[-97.10170080065095,49.85255039086216],[-97.10111055209909,49.85310004047658],[-97.09771523534884,49.85435907137723],[-97.09633811262863,49.85554781641337],[-97.09621953250414,49.8562479614302],[-97.09941868340707,49.855400503701865],[-97.1029050950567,49.8541263118563]]]},"properties":{"DAUID":"46110571","DGUID":"2021S051246110571","LANDAREA":0.069,"PRUID":"46","CMA":"Winnipeg"}},
{"type":"Feature","geometry":{"type":"Polygon","coordinates":[[[-97.10170080065095,49.85255039086216],[-97.10081508193925,49.851366604557874],[-97.10027400032148,49.85062010833799],[-97.09892910590727,49.85113923080437],[-97.09896756062125,49.852143027908305],[-97.09612317348372,49.85292973582268],[-97.09647420612738,49.85414950207991],[-97.09771523534884,49.85435907137723],[-97.10111055209909,49.85310004047658],[-97.10170080065095,49.85255039086216]]]},"properties":{"DAUID":"46110572","DGUID":"2021S051246110572","LANDAREA":0.0728,"PRUID":"46","CMA":"Winnipeg"}},
{"type":"Feature","geometry":{"type":"Polygon","coordinates":[[[-97.10027400032148,49.85062010833799],[-97.09949390801411,49.84958190615015],[-97.09732540069491,49.85024790502724],[-97.09553611017566,49.847636889407404],[-97.09546832462172,49.84876131944293],[-97.09598081210169,49.850981717458325],[-97.09717113853617,49.8520366948471],[-97.09892910590727,49.85113923080437],[-97.10027400032148,49.85062010833799]]]},"properties":{"DAUID":"46110573","DGUID":"2021S051246110573","LANDAREA":0.0575,"PRUID":"46","CMA":"Winnipeg"}},
{"type":"Feature","geometry":{"type":"Polygon","coordinates":[[[-97.09949390801411,49.84958190615015],[-97.09875521781183,49.84851589749258],[-97.10105578263374,49.84770950003547],[-97.10051080124485,49.847061897426606],[-97.0982969098093,49.84782619394566],[-97.09765271432622,49.84687109439708],[-97.09553611017566,49.847636889407404],[-97.09732540069491,49.85024790502724],[-97.09949390801411,49.84958190615015]]]},"properties":{"DAUID":"46110574","DGUID":"2021S051246110574","LANDAREA":0.0701,"PRUID":"46","CMA":"Winnipeg"}},
{"type":"Feature","geometry":{"type":"Polygon","coordinates":[[[-97.10081508193925,49.851366604557874],[-97.10583548715792,49.84963169420597],[-97.10538389273111,49.84908459803086],[-97.10353741361683,49.84685958874606],[-97.10105578263374,49.84770950003547],[-97.09875521781183,49.84851589749258],[-97.09949390801411,49.84958190615015],[-97.10027400032148,49.85062010833799],[-97.10081508193925,49.851366604557874]]]},"properties":{"DAUID":"46110575","DGUID":"2021S051246110575","LANDAREA":0.14,"PRUID":"46","CMA":"Winnipeg"}},
{"type":"Feature","geometry":{"type":"Polygon","coordinates":[[[-97.10105578263374,49.84770950003547],[-97.10353741361683,49.84685958874606],[-97.10028409637039,49.8429113922622],[-97.0960965881772,49.84434489508133],[-97.09765271432622,49.84687109439708],[-97.0982969098093,49.84782619394566],[-97.10051080124485,49.847061897426606],[-97.10105578263374,49.84770950003547]]]},"properties":{"DAUID":"46110576","DGUID":"2021S051246110576","LANDAREA":0.1683,"PRUID":"46","CMA":"Winnipeg"}},
{"type":"Feature","geometry":{"type":"Polygon","coordinates":[[[-97.10353741361683,49.84685958874606],[-97.1059478988827,49.84604449099858],[-97.10367741696811,49.84328189856256],[-97.1056226919293,49.84262099748225],[-97.10365729996822,49.84024121143206],[-97.09532558740685,49.84308190048432],[-97.0960965881772,49.84434489508133],[-97.10028409637039,49.8429113922622],[-97.10353741361683,49.84685958874606]]]},"properties":{"DAUID":"46110577","DGUID":"2021S051246110577","LANDAREA":0.224,"PRUID":"46","CMA":"Winnipeg"}},
{"type":"Feature","geometry":{"type":"Polygon","coordinates":[[[-97.10365729996822,49.84024121143206],[-97.10782981579753,49.83881618749365],[-97.1062637924002,49.83689260067352],[-97.10405080449905,49.83764798790296],[-97.10458110971857,49.83831329135698],[-97.09950204166604,49.840292823035995],[-97.09887091852457,49.83945810009743],[-97.09416868964544,49.84102099340011],[-97.09532558740685,49.84308190048432],[-97.10365729996822,49.84024121143206]]]},"properties":{"DAUID":"46110578","DGUID":"2021S051246110578","LANDAREA":0.1999,"PRUID":"46","CMA":"Winnipeg"}},
{"type":"Feature","geometry":{"type":"Polygon","coordinates":[[[-97.09416868964544,49.84102099340011],[-97.09281250420128,49.83837210332748],[-97.08870753176251,49.83954645589884],[-97.08716337555023,49.84181292626717],[-97.08580834298913,49.84246307858361],[-97.08625277140591,49.8437013005086],[-97.08790274682036,49.843159199703834],[-97.09007891994987,49.84493480156256],[-97.09532558740685,49.84308190048432],[-97.09416868964544,49.84102099340011]]]},"properties":{"DAUID":"46110580","DGUID":"2021S051246110580","LANDAREA":0.2725,"PRUID":"46","CMA":"Winnipeg"}},
{"type":"Feature","geometry":{"type":"Polygon","coordinates":[[[-97.09553611017566,49.847636889407404],[-97.09765271432622,49.84687109439708],[-97.0960965881772,49.84434489508133],[-97.09532558740685,49.84308190048432],[-97.09007891994987,49.84493480156256],[-97.09056533114942,49.846340773411214],[-97.09334257489739,49.84710476312544],[-97.09396764558967,49.84848028701613],[-97.09546832462172,49.84876131944293],[-97.09553611017566,49.847636889407404]]]},"properties":{"DAUID":"46110581","DGUID":"2021S051246110581","LANDAREA":0.1809,"PRUID":"46","CMA":"Winnipeg"}},
{"type":"Feature","geometry":{"type":"Polygon","coordinates":[[[-97.07741249369039,49.85038700773497],[-97.07836529915527,49.852318787546686],[-97.08271977969822,49.85196809814618],[-97.08291200444586,49.85273590742562],[-97.08649640660292,49.85215651053096],[-97.08559029657616,49.85009059030414],[-97.08193830463543,49.850623904350876],[-97.081566019745,49.8498352077386],[-97.08381889863323,49.84950360729993],[-97.08352470244638,49.848149488640274],[-97.08079879141104,49.848131392743596],[-97.08049080214458,49.84747860251752],[-97.07698078044969,49.84794218974326],[-97.07741249369039,49.85038700773497]]]},"properties":{"DAUID":"46110584","DGUID":"2021S051246110584","LANDAREA":0.2475,"PRUID":"46","CMA":"Winnipeg"}},
{"type":"Feature","geometry":{"type":"Polygon","coordinates":[[[-97.07304349077626,49.84445860561714],[-97.07376551033327,49.84589179175131],[-97.07606990676486,49.84566030842652],[-97.07640308188792,49.84637640863957],[-97.0739536148956,49.84675850514385],[-97.07395529022624,49.84741520143781],[-97.07677701301785,49.84712021112995],[-97.07698078044969,49.84794218974326],[-97.08049080214458,49.84747860251752],[-97.08566920315187,49.84633201259705],[-97.08619328874006,49.84503629771062],[-97.08523989195548,49.84487660202541],[-97.08123931791717,49.84579090001081],[-97.08040870042018,49.8435823971228],[-97.07778461672578,49.84344901187875],[-97.07304349077626,49.84445860561714]]]},"properties":{"DAUID":"46110585","DGUID":"2021S051246110585","LANDAREA":0.2529,"PRUID":"46","CMA":"Winnipeg"}},
{"type":"Feature","geometry":{"type":"Polygon","coordinates":[[[-97.09621953250414,49.8562479614302],[-97.0890756934928,49.85624680329147],[-97.08840190329485,49.85604679728824],[-97.0842030869893,49.8552669102318],[-97.08326140425739,49.85339829651362],[-97.08291200444586,49.85273590742562],[-97.08271977969822,49.85196809814618],[-97.07836529915527,49.852318787546686],[-97.07868447335034,49.85602994361808],[-97.08500640640611,49.8560626992587],[-97.08793779941921,49.856524903767294],[-97.09091569130524,49.857572513323746],[-97.09488922673339,49.85802464341551],[-97.09541347587532,49.857450876927516],[-97.09724683104193,49.85747334328624],[-97.09621953250414,49.8562479614302]]]},"properties":{"DAUID":"46110586","DGUID":"2021S051246110586","LANDAREA":0.2608,"PRUID":"46","CMA":"Winnipeg"}},
{"type":"Feature","geometry":{"type":"Polygon","coordinates":[[[-97.06461218635803,49.84938240104845],[-97.06366209520237,49.85087770857555],[-97.06571648274611,49.852036411211856],[-97.06434460392572,49.85259809660726],[-97.06513280578875,49.85376271065561],[-97.06509689852477,49.85605580823043],[-97.07860769664597,49.85602879686482],[-97.07868447335034,49.85602994361808],[-97.07836529915527,49.852318787546686],[-97.07741249369039,49.85038700773497],[-97.0740399074302,49.850187088414245],[-97.07375239893146,49.848320298619505],[-97.07155411004256,49.84832869106677],[-97.07178799641004,49.85049138772523],[-97.07036272129962,49.85099840942464],[-97.06715468393331,49.84981160145462],[-97.06461218635803,49.84938240104845]]]},"properties":{"DAUID":"46110587","DGUID":"2021S051246110587","LANDAREA":0.5994,"PRUID":"46","CMA":"Winnipeg"}},
{"type":"Feature","geometry":{"type":"Polygon","coordinates":[[[-97.08840190329485,49.85604679728824],[-97.0870087996535,49.85292050254569],[-97.08326140425739,49.85339829651362],[-97.0842030869893,49.8552669102318],[-97.08840190329485,49.85604679728824]]]},"properties":{"DAUID":"46110588","DGUID":"2021S051246110588","LANDAREA":0.0799,"PRUID":"46","CMA":"Winnipeg"}},
{"type":"Feature","geometry":{"type":"Polygon","coordinates":[[[-97.07852957910619,49.85694499629298],[-97.08357290355092,49.856776600313665],[-97.08517799117661,49.85981648914714],[-97.08655420406697,49.86000790421035],[-97.09491166184068,49.860076144178706],[-97.09540369931457,49.859888115502876],[-97.09716711946022,49.858797379786886],[-97.09488922673339,49.85802464341551],[-97.09091569130524,49.857572513323746],[-97.08793779941921,49.856524903767294],[-97.08500640640611,49.8560626992587],[-97.07868447335034,49.85602994361808],[-97.07860769664597,49.85602879686482],[-97.07852957910619,49.85694499629298]]]},"properties":{"DAUID":"46110589","DGUID":"2021S051246110589","LANDAREA":0.2946,"PRUID":"46","CMA":"Winnipeg"}},
{"type":"Feature","geometry":{"type":"Polygon","coordinates":[[[-97.07827140070914,49.86099749889216],[-97.07824710496446,49.86371358880035],[-97.07825209625246,49.86534180778504],[-97.07825779706134,49.86695200082928],[-97.08052609367441,49.86730450438671],[-97.08318520199143,49.867276499296885],[-97.08349430909877,49.86649900051675],[-97.08634308607228,49.865898503605756],[-97.08361260252926,49.86140081087175],[-97.08197671567288,49.86159860872639],[-97.08193668241655,49.86050049488489],[-97.07827140070914,49.86099749889216]]]},"properties":{"DAUID":"46110591","DGUID":"2021S051246110591","LANDAREA":0.3224,"PRUID":"46","CMA":"Winnipeg"}},
{"type":"Feature","geometry":{"type":"Polygon","coordinates":[[[-97.08076189014682,49.86943120565574],[-97.08368403672405,49.86983198422636],[-97.08758201628036,49.86870739574112],[-97.08634308607228,49.865898503605756],[-97.08349430909877,49.86649900051675],[-97.08318520199143,49.867276499296885],[-97.08052609367441,49.86730450438671],[-97.08199710099477,49.86811139706909],[-97.08229551563099,49.86934199694444],[-97.08076189014682,49.86943120565574]]]},"properties":{"DAUID":"46110592","DGUID":"2021S051246110592","LANDAREA":0.1402,"PRUID":"46","CMA":"Winnipeg"}},
{"type":"Feature","geometry":{"type":"Polygon","coordinates":[[[-97.06961521406652,49.837637196092345],[-97.07088991246202,49.838404894540595],[-97.07159458615801,49.83970460321577],[-97.07443179258259,49.839624297730914],[-97.07347938879153,49.837457489181915],[-97.07033191117368,49.83710041026237],[-97.06961521406652,49.837637196092345]]]},"properties":{"DAUID":"46110594","DGUID":"2021S051246110594","LANDAREA":0.0582,"PRUID":"46","CMA":"Winnipeg"}},
{"type":"Feature","geometry":{"type":"Polygon","coordinates":[[[-97.09215350773808,49.83709289115311],[-97.09101471888651,49.834933307123144],[-97.0898104869364,49.833375289941316],[-97.08716128724586,49.83425808922575],[-97.08570655628603,49.834199477632865],[-97.08633755322198,49.83492126719244],[-97.08805798812823,49.83471086908761],[-97.08693487132513,49.83679508258135],[-97.08876534021353,49.836691683017676],[-97.08870753176251,49.83954645589884],[-97.09281250420128,49.83837210332748],[-97.09215350773808,49.83709289115311]]]},"properties":{"DAUID":"46110595","DGUID":"2021S051246110595","LANDAREA":0.1564,"PRUID":"46","CMA":"Winnipeg"}},
{"type":"Feature","geometry":{"type":"Polygon","coordinates":[[[-97.0898104869364,49.833375289941316],[-97.0885105907182,49.83177970098182],[-97.08739681025828,49.83040310498709],[-97.0860860240647,49.83050038356371],[-97.08475190300987,49.83156252268775],[-97.08724792599709,49.83375466697466],[-97.08570655628603,49.834199477632865],[-97.08716128724586,49.83425808922575],[-97.0898104869364,49.833375289941316]]]},"properties":{"DAUID":"46110596","DGUID":"2021S051246110596","LANDAREA":0.0866,"PRUID":"46","CMA":"Winnipeg"}},
{"type":"Feature","geometry":{"type":"Polygon","coordinates":[[[-97.09994850393608,49.83444149330474],[-97.09924360433455,49.83362039954399],[-97.09741152073843,49.83423800683279],[-97.09570600331438,49.832339000926204],[-97.09753839783609,49.83171241190356],[-97.0961308918238,49.830016208659025],[-97.09248001003957,49.83126948685603],[-97.09179571310433,49.83063750897279],[-97.0885105907182,49.83177970098182],[-97.0898104869364,49.833375289941316],[-97.09101471888651,49.834933307123144],[-97.09215350773808,49.83709289115311],[-97.09994850393608,49.83444149330474]]]},"properties":{"DAUID":"46110597","DGUID":"2021S051246110597","LANDAREA":0.3195,"PRUID":"46","CMA":"Winnipeg"}},
{"type":"Feature","geometry":{"type":"Polygon","coordinates":[[[-97.09501659679682,49.82864859239925],[-97.09441920764088,49.827928209100165],[-97.09271578608045,49.82739639058225],[-97.0884479895528,49.82913409655731],[-97.08901871449528,49.829827208329164],[-97.08739681025828,49.83040310498709],[-97.0885105907182,49.83177970098182],[-97.09179571310433,49.83063750897279],[-97.09248001003957,49.83126948685603],[-97.0961308918238,49.830016208659025],[-97.09501659679682,49.82864859239925]]]},"properties":{"DAUID":"46110598","DGUID":"2021S051246110598","LANDAREA":0.1622,"PRUID":"46","CMA":"Winnipeg"}},
{"type":"Feature","geometry":{"type":"Polygon","coordinates":[[[-97.0933715944534,49.82663359482246],[-97.091800797124,49.824853697572024],[-97.08492338440448,49.82718699003476],[-97.08739681025828,49.83040310498709],[-97.08901871449528,49.829827208329164],[-97.0884479895528,49.82913409655731],[-97.09271578608045,49.82739639058225],[-97.09441920764088,49.827928209100165],[-97.0933715944534,49.82663359482246]]]},"properties":{"DAUID":"46110599","DGUID":"2021S051246110599","LANDAREA":0.1894,"PRUID":"46","CMA":"Winnipeg"}},
{"type":"Feature","geometry":{"type":"Polygon","coordinates":[[[-97.09015389222873,49.822892595120145],[-97.08846739382668,49.82299981247656],[-97.08362349951996,49.824641090745615],[-97.08492338440448,49.82718699003476],[-97.091800797124,49.824853697572024],[-97.09015389222873,49.822892595120145]]]},"properties":{"DAUID":"46110600","DGUID":"2021S051246110600","LANDAREA":0.1569,"PRUID":"46","CMA":"Winnipeg"}},
{"type":"Feature","geometry":{"type":"Polygon","coordinates":[[[-97.08217220802491,49.821899908938974],[-97.08140704617027,49.82211353064595],[-97.08010256490114,49.82378234364702],[-97.08205064590516,49.82350540923424],[-97.0825305825948,49.82411987644862],[-97.08059728435613,49.82670503447083],[-97.08202298692309,49.82796384165015],[-97.08465415543603,49.829148240779055],[-97.0860860240647,49.83050038356371],[-97.08739681025828,49.83040310498709],[-97.08492338440448,49.82718699003476],[-97.08362349951996,49.824641090745615],[-97.08217220802491,49.821899908938974]]]},"properties":{"DAUID":"46110601","DGUID":"2021S051246110601","LANDAREA":0.1494,"PRUID":"46","CMA":"Winnipeg"}},
{"type":"Feature","geometry":{"type":"Polygon","coordinates":[[[-97.1056226919293,49.84262099748225],[-97.11220599870738,49.840371794564994],[-97.11221201174598,49.838788698180636],[-97.1123837861383,49.83723540514996],[-97.10782981579753,49.83881618749365],[-97.10365729996822,49.84024121143206],[-97.1056226919293,49.84262099748225]]]},"properties":{"DAUID":"46110602","DGUID":"2021S051246110602","LANDAREA":0.1857,"PRUID":"46","CMA":"Winnipeg"}},
{"type":"Feature","geometry":{"type":"Polygon","coordinates":[[[-97.1059478988827,49.84604449099858],[-97.11258800168454,49.84377808737092],[-97.11220599870738,49.840371794564994],[-97.1056226919293,49.84262099748225],[-97.10367741696811,49.84328189856256],[-97.1059478988827,49.84604449099858]]]},"properties":{"DAUID":"46110603","DGUID":"2021S051246110603","LANDAREA":0.2156,"PRUID":"46","CMA":"Winnipeg"}},
{"type":"Feature","geometry":{"type":"Polygon","coordinates":[[[-97.11772561386617,49.8407854123306],[-97.11521490596947,49.837749209429425],[-97.11221201174598,49.838788698180636],[-97.11220599870738,49.840371794564994],[-97.11258800168454,49.84377808737092],[-97.11275459895917,49.845570897575],[-97.11651171286422,49.844462605006996],[-97.11795610783679,49.84201251126461],[-97.11772561386617,49.8407854123306]]]},"properties":{"DAUID":"46110604","DGUID":"2021S051246110604","LANDAREA":0.251,"PRUID":"46","CMA":"Winnipeg"}},
{"type":"Feature","geometry":{"type":"Polygon","coordinates":[[[-97.12161699780698,49.839427312619144],[-97.12017172020381,49.83760480043426],[-97.11823461778079,49.83519869349987],[-97.1123837861383,49.83723540514996],[-97.11221201174598,49.838788698180636],[-97.11521490596947,49.837749209429425],[-97.11772561386617,49.8407854123306],[-97.12161699780698,49.839427312619144]]]},"properties":{"DAUID":"46110605","DGUID":"2021S051246110605","LANDAREA":0.2005,"PRUID":"46","CMA":"Winnipeg"}},
{"type":"Feature","geometry":{"type":"Polygon","coordinates":[[[-97.11651171286422,49.844462605006996],[-97.11275459895917,49.845570897575],[-97.11221790515475,49.84934909653071],[-97.11778820582072,49.84732089485909],[-97.11651171286422,49.844462605006996]]]},"properties":{"DAUID":"46110606","DGUID":"2021S051246110606","LANDAREA":0.1321,"PRUID":"46","CMA":"Winnipeg"}},
{"type":"Feature","geometry":{"type":"Polygon","coordinates":[[[-97.11778820582072,49.84732089485909],[-97.11221790515475,49.84934909653071],[-97.11175430264183,49.85267869195758],[-97.11731400627808,49.85066429875111],[-97.12085961864966,49.85035309662439],[-97.11838630331953,49.848486903107066],[-97.11778820582072,49.84732089485909]]]},"properties":{"DAUID":"46110607","DGUID":"2021S051246110607","LANDAREA":0.1739,"PRUID":"46","CMA":"Winnipeg"}},
{"type":"Feature","geometry":{"type":"Polygon","coordinates":[[[-97.11275459895917,49.845570897575],[-97.10712931395493,49.847493987588095],[-97.1077525089456,49.84827779203668],[-97.10942630458072,49.85030200493009],[-97.11221790515475,49.84934909653071],[-97.11275459895917,49.845570897575]]]},"properties":{"DAUID":"46110608","DGUID":"2021S051246110608","LANDAREA":0.1213,"PRUID":"46","CMA":"Winnipeg"}},
{"type":"Feature","geometry":{"type":"Polygon","coordinates":[[[-97.10538389273111,49.84908459803086],[-97.1077525089456,49.84827779203668],[-97.10712931395493,49.847493987588095],[-97.11275459895917,49.845570897575],[-97.11258800168454,49.84377808737092],[-97.1059478988827,49.84604449099858],[-97.10353741361683,49.84685958874606],[-97.10538389273111,49.84908459803086]]]},"properties":{"DAUID":"46110609","DGUID":"2021S051246110609","LANDAREA":0.145,"PRUID":"46","CMA":"Winnipeg"}},
{"type":"Feature","geometry":{"type":"Polygon","coordinates":[[[-97.10193839072585,49.852878192429515],[-97.1057891791543,49.85152888880459],[-97.10942630458072,49.85030200493009],[-97.1077525089456,49.84827779203668],[-97.10538389273111,49.84908459803086],[-97.10583548715792,49.84963169420597],[-97.10081508193925,49.851366604557874],[-97.10170080065095,49.85255039086216],[-97.10193839072585,49.852878192429515]]]},"properties":{"DAUID":"46110610","DGUID":"2021S051246110610","LANDAREA":0.1255,"PRUID":"46","CMA":"Winnipeg"}},
{"type":"Feature","geometry":{"type":"Polygon","coordinates":[[[-97.1050259108094,49.85681460619694],[-97.10897611029134,49.85542190779529],[-97.1057891791543,49.85152888880459],[-97.10193839072585,49.852878192429515],[-97.1029050950567,49.8541263118563],[-97.10388721558554,49.855338698994125],[-97.1050259108094,49.85681460619694]]]},"properties":{"DAUID":"46110611","DGUID":"2021S051246110611","LANDAREA":0.1572,"PRUID":"46","CMA":"Winnipeg"}},
{"type":"Feature","geometry":{"type":"Polygon","coordinates":[[[-97.11221790515475,49.84934909653071],[-97.10942630458072,49.85030200493009],[-97.1057891791543,49.85152888880459],[-97.10897611029134,49.85542190779529],[-97.11182290841961,49.85448781170887],[-97.11175430264183,49.85267869195758],[-97.11221790515475,49.84934909653071]]]},"properties":{"DAUID":"46110612","DGUID":"2021S051246110612","LANDAREA":0.1801,"PRUID":"46","CMA":"Winnipeg"}},
{"type":"Feature","geometry":{"type":"Polygon","coordinates":[[[-97.10731729487658,49.859775392989214],[-97.11208251792044,49.85818009680807],[-97.11210690221671,49.85791061078204],[-97.11190079423746,49.85534360488441],[-97.11182290841961,49.85448781170887],[-97.10897611029134,49.85542190779529],[-97.1050259108094,49.85681460619694],[-97.10690689012603,49.85923799934882],[-97.10731729487658,49.859775392989214]]]},"properties":{"DAUID":"46110613","DGUID":"2021S051246110613","LANDAREA":0.1762,"PRUID":"46","CMA":"Winnipeg"}},
{"type":"Feature","geometry":{"type":"Polygon","coordinates":[[[-97.11210690221671,49.85791061078204],[-97.11912582003406,49.85559610112119],[-97.11770409205211,49.85387291021375],[-97.11687820606662,49.85364360779499],[-97.11190079423746,49.85534360488441],[-97.11210690221671,49.85791061078204]]]},"properties":{"DAUID":"46110614","DGUID":"2021S051246110614","LANDAREA":0.133,"PRUID":"46","CMA":"Winnipeg"}},
{"type":"Feature","geometry":{"type":"Polygon","coordinates":[[[-97.12656999641055,49.85566863154571],[-97.12587051117332,49.85459890106125],[-97.12443029144171,49.854782493583464],[-97.11973749912045,49.85632558817534],[-97.11912582003406,49.85559610112119],[-97.11210690221671,49.85791061078204],[-97.11208251792044,49.85818009680807],[-97.1111070827395,49.863210410549186],[-97.11527574485596,49.861867453613655],[-97.11688064117939,49.859868691152585],[-97.11907503352523,49.85830158313593],[-97.12124265364814,49.857242827598334],[-97.12656999641055,49.85566863154571]]]},"properties":{"DAUID":"46110615","DGUID":"2021S051246110615","LANDAREA":0.2562,"PRUID":"46","CMA":"Winnipeg"}},
{"type":"Feature","geometry":{"type":"Polygon","coordinates":[[[-97.1111070827395,49.863210410549186],[-97.11208251792044,49.85818009680807],[-97.10731729487658,49.859775392989214],[-97.10845490429773,49.861287195287915],[-97.10995110204689,49.863236495658185],[-97.11085010384387,49.864447495392234],[-97.1111070827395,49.863210410549186]]]},"properties":{"DAUID":"46110616","DGUID":"2021S051246110616","LANDAREA":0.1122,"PRUID":"46","CMA":"Winnipeg"}},
{"type":"Feature","geometry":{"type":"Polygon","coordinates":[[[-97.12085961864966,49.85035309662439],[-97.11731400627808,49.85066429875111],[-97.11175430264183,49.85267869195758],[-97.11182290841961,49.85448781170887],[-97.11190079423746,49.85534360488441],[-97.11687820606662,49.85364360779499],[-97.11770409205211,49.85387291021375],[-97.11912582003406,49.85559610112119],[-97.11973749912045,49.85632558817534],[-97.12443029144171,49.854782493583464],[-97.12587051117332,49.85459890106125],[-97.12414680896568,49.85240319189598],[-97.12085961864966,49.85035309662439]]]},"properties":{"DAUID":"46110617","DGUID":"2021S051246110617","LANDAREA":0.3812,"PRUID":"46","CMA":"Winnipeg"}},
{"type":"Feature","geometry":{"type":"Polygon","coordinates":[[[-97.13695971501903,49.882428502949686],[-97.1346899042913,49.88309979509356],[-97.13415810624763,49.88248730491946],[-97.13103348750857,49.88363461644577],[-97.13011933087961,49.88292751500365],[-97.12691085200528,49.88585982557162],[-97.13263328436157,49.885670729713084],[-97.13618709349421,49.88495504759407],[-97.13781892794057,49.88427218653973],[-97.13695971501903,49.882428502949686]]]},"properties":{"DAUID":"46110618","DGUID":"2021S051246110618","LANDAREA":0.1288,"PRUID":"46","CMA":"Winnipeg"}},
{"type":"Feature","geometry":{"type":"Polygon","coordinates":[[[-97.14236160303584,49.88893771105061],[-97.14314269465788,49.89035341082511],[-97.14444910166378,49.890050511025315],[-97.14366699932341,49.88866179845666],[-97.14236160303584,49.88893771105061]]]},"properties":{"DAUID":"46110630","DGUID":"2021S051246110630","LANDAREA":0.0164,"PRUID":"46","CMA":"Winnipeg"}},
{"type":"Feature","geometry":{"type":"Polygon","coordinates":[[[-97.14236160303584,49.88893771105061],[-97.13966630375099,49.88951509696415],[-97.14044549196832,49.8909757908653],[-97.13794451546673,49.89156529628662],[-97.13963390712289,49.89506449447784],[-97.14336081459855,49.89373898930096],[-97.14961441124184,49.89150929026851],[-97.15075840372558,49.89108680988354],[-97.14961838401659,49.8888559089563],[-97.14985090368128,49.887510297315785],[-97.14366699932341,49.88866179845666],[-97.14444910166378,49.890050511025315],[-97.14314269465788,49.89035341082511],[-97.14236160303584,49.88893771105061]]]},"properties":{"DAUID":"46110631","DGUID":"2021S051246110631","LANDAREA":0.3967,"PRUID":"46","CMA":"Winnipeg"}},
{"type":"Feature","geometry":{"type":"Polygon","coordinates":[[[-97.1487141138807,49.8953898055792],[-97.14809049814681,49.894219492691285],[-97.14945409504769,49.893881510913936],[-97.15044868406109,49.893050098710845],[-97.14961441124184,49.89150929026851],[-97.14336081459855,49.89373898930096],[-97.14428189883168,49.8954988038411],[-97.14610019821271,49.89601370525563],[-97.14740679652898,49.89571070670152],[-97.1487141138807,49.8953898055792]]]},"properties":{"DAUID":"46110632","DGUID":"2021S051246110632","LANDAREA":0.139,"PRUID":"46","CMA":"Winnipeg"}},
{"type":"Feature","geometry":{"type":"Polygon","coordinates":[[[-97.15206569322069,49.89331148927813],[-97.15075840372558,49.89108680988354],[-97.14961441124184,49.89150929026851],[-97.15044868406109,49.893050098710845],[-97.14945409504769,49.893881510913936],[-97.15206569322069,49.89331148927813]]]},"properties":{"DAUID":"46110633","DGUID":"2021S051246110633","LANDAREA":0.0319,"PRUID":"46","CMA":"Winnipeg"}},
{"type":"Feature","geometry":{"type":"Polygon","coordinates":[[[-97.1538253986401,49.892808795527564],[-97.15596799187703,49.892851890180445],[-97.15869398112217,49.892931195981575],[-97.1590303134494,49.88848400678791],[-97.1576239020245,49.88885748823464],[-97.15620348764337,49.88923059066771],[-97.15441969326486,49.88975061070704],[-97.15429610445102,49.889785299537664],[-97.15075840372558,49.89108680988354],[-97.15206569322069,49.89331148927813],[-97.1538253986401,49.892808795527564]]]},"properties":{"DAUID":"46110634","DGUID":"2021S051246110634","LANDAREA":0.1998,"PRUID":"46","CMA":"Winnipeg"}},
{"type":"Feature","geometry":{"type":"Polygon","coordinates":[[[-97.15075840372558,49.89108680988354],[-97.15429610445102,49.889785299537664],[-97.15182460186783,49.889053010760534],[-97.14961838401659,49.8888559089563],[-97.15075840372558,49.89108680988354]]]},"properties":{"DAUID":"46110635","DGUID":"2021S051246110635","LANDAREA":0.0481,"PRUID":"46","CMA":"Winnipeg"}},
{"type":"Feature","geometry":{"type":"Polygon","coordinates":[[[-97.15620348764337,49.88923059066771],[-97.15643621816835,49.885681304560585],[-97.15543538245595,49.88563839779169],[-97.15411438935105,49.88559939765561],[-97.15399432209846,49.888967818713716],[-97.15441969326486,49.88975061070704],[-97.15620348764337,49.88923059066771]]]},"properties":{"DAUID":"46110636","DGUID":"2021S051246110636","LANDAREA":0.0689,"PRUID":"46","CMA":"Winnipeg"}},
{"type":"Feature","geometry":{"type":"Polygon","coordinates":[[[-97.15441969326486,49.88975061070704],[-97.15399432209846,49.888967818713716],[-97.15411438935105,49.88559939765561],[-97.15211220421102,49.88553150376479],[-97.15182460186783,49.889053010760534],[-97.15429610445102,49.889785299537664],[-97.15441969326486,49.88975061070704]]]},"properties":{"DAUID":"46110637","DGUID":"2021S051246110637","LANDAREA":0.061,"PRUID":"46","CMA":"Winnipeg"}},
{"type":"Feature","geometry":{"type":"Polygon","coordinates":[[[-97.14961838401659,49.8888559089563],[-97.15182460186783,49.889053010760534],[-97.15211220421102,49.88553150376479],[-97.14971611676383,49.88557419142042],[-97.14985090368128,49.887510297315785],[-97.14961838401659,49.8888559089563]]]},"properties":{"DAUID":"46110638","DGUID":"2021S051246110638","LANDAREA":0.059,"PRUID":"46","CMA":"Winnipeg"}},
{"type":"Feature","geometry":{"type":"Polygon","coordinates":[[[-97.1480577657323,49.881593066415434],[-97.14834519984802,49.88283588951541],[-97.14971611676383,49.88557419142042],[-97.15211220421102,49.88553150376479],[-97.15411438935105,49.88559939765561],[-97.15437828629148,49.88232941122747],[-97.15671270676596,49.88170990098371],[-97.15689650780408,49.87907731258053],[-97.15496919203825,49.8792931024149],[-97.15438852657824,49.880780239526146],[-97.1522928451394,49.881527148395655],[-97.14930652323784,49.881713095364006],[-97.1480577657323,49.881593066415434]]]},"properties":{"DAUID":"46110639","DGUID":"2021S051246110639","LANDAREA":0.2064,"PRUID":"46","CMA":"Winnipeg"}},
{"type":"Feature","geometry":{"type":"Polygon","coordinates":[[[-97.15543538245595,49.88563839779169],[-97.15671270676596,49.88170990098371],[-97.15437828629148,49.88232941122747],[-97.15411438935105,49.88559939765561],[-97.15543538245595,49.88563839779169]]]},"properties":{"DAUID":"46110640","DGUID":"2021S051246110640","LANDAREA":0.0559,"PRUID":"46","CMA":"Winnipeg"}},
{"type":"Feature","geometry":{"type":"Polygon","coordinates":[[[-97.15643621816835,49.885681304560585],[-97.15785388142179,49.8857397909982],[-97.15812999563474,49.88177739563911],[-97.15671270676596,49.88170990098371],[-97.15543538245595,49.88563839779169],[-97.15643621816835,49.885681304560585]]]},"properties":{"DAUID":"46110641","DGUID":"2021S051246110641","LANDAREA":0.0555,"PRUID":"46","CMA":"Winnipeg"}},
{"type":"Feature","geometry":{"type":"Polygon","coordinates":[[[-97.1590303134494,49.88848400678791],[-97.15946459384229,49.88182561059029],[-97.15812999563474,49.88177739563911],[-97.15785388142179,49.8857397909982],[-97.1576239020245,49.88885748823464],[-97.1590303134494,49.88848400678791]]]},"properties":{"DAUID":"46110642","DGUID":"2021S051246110642","LANDAREA":0.0747,"PRUID":"46","CMA":"Winnipeg"}},
{"type":"Feature","geometry":{"type":"Polygon","coordinates":[[[-97.1576239020245,49.88885748823464],[-97.15785388142179,49.8857397909982],[-97.15643621816835,49.885681304560585],[-97.15620348764337,49.88923059066771],[-97.1576239020245,49.88885748823464]]]},"properties":{"DAUID":"46110643","DGUID":"2021S051246110643","LANDAREA":0.0377,"PRUID":"46","CMA":"Winnipeg"}},
{"type":"Feature","geometry":{"type":"Polygon","coordinates":[[[-97.16052201970143,49.888066905388925],[-97.1657412955184,49.88663849628547],[-97.16614501150656,49.88653208915145],[-97.16628320403117,49.884830096933236],[-97.16365241890864,49.885553007940786],[-97.16067631458866,49.88583859581341],[-97.16086538806616,49.882693399748334],[-97.15946459384229,49.88182561059029],[-97.1590303134494,49.88848400678791],[-97.16052201970143,49.888066905388925]]]},"properties":{"DAUID":"46110644","DGUID":"2021S051246110644","LANDAREA":0.1532,"PRUID":"46","CMA":"Winnipeg"}},
{"type":"Feature","geometry":{"type":"Polygon","coordinates":[[[-97.16365241890864,49.885553007940786],[-97.16388170643238,49.88281320153545],[-97.16086538806616,49.882693399748334],[-97.16067631458866,49.88583859581341],[-97.16365241890864,49.885553007940786]]]},"properties":{"DAUID":"46110645","DGUID":"2021S051246110645","LANDAREA":0.0733,"PRUID":"46","CMA":"Winnipeg"}},
{"type":"Feature","geometry":{"type":"Polygon","coordinates":[[[-97.16628320403117,49.884830096933236],[-97.16631419931471,49.88401200207604],[-97.16615261390697,49.88203058717057],[-97.16392658052533,49.88199529816392],[-97.16388170643238,49.88281320153545],[-97.16365241890864,49.885553007940786],[-97.16628320403117,49.884830096933236]]]},"properties":{"DAUID":"46110646","DGUID":"2021S051246110646","LANDAREA":0.0596,"PRUID":"46","CMA":"Winnipeg"}},
{"type":"Feature","geometry":{"type":"Polygon","coordinates":[[[-97.16631419931471,49.88401200207604],[-97.16953691143289,49.883829098735625],[-97.16969080762264,49.881600698943565],[-97.1675207971418,49.881557501521606],[-97.16615261390697,49.88203058717057],[-97.16631419931471,49.88401200207604]]]},"properties":{"DAUID":"46110647","DGUID":"2021S051246110647","LANDAREA":0.0642,"PRUID":"46","CMA":"Winnipeg"}},
{"type":"Feature","geometry":{"type":"Polygon","coordinates":[[[-97.1681745101661,49.88598441156525],[-97.17098680990267,49.88524619323937],[-97.17256978458802,49.884983290485096],[-97.17160558611471,49.88386800779926],[-97.17173518816796,49.88165099738017],[-97.17067820415608,49.88162530147],[-97.16969080762264,49.881600698943565],[-97.16953691143289,49.883829098735625],[-97.16631419931471,49.88401200207604],[-97.16628320403117,49.884830096933236],[-97.16614501150656,49.88653208915145],[-97.1681745101661,49.88598441156525]]]},"properties":{"DAUID":"46110648","DGUID":"2021S051246110648","LANDAREA":0.1269,"PRUID":"46","CMA":"Winnipeg"}},
{"type":"Feature","geometry":{"type":"Polygon","coordinates":[[[-97.16969080762264,49.881600698943565],[-97.17067820415608,49.88162530147],[-97.17084420999834,49.879442191670314],[-97.16628189689551,49.87935211074281],[-97.16615261390697,49.88203058717057],[-97.1675207971418,49.881557501521606],[-97.16969080762264,49.881600698943565]]]},"properties":{"DAUID":"46110649","DGUID":"2021S051246110649","LANDAREA":0.0816,"PRUID":"46","CMA":"Winnipeg"}},
{"type":"Feature","geometry":{"type":"Polygon","coordinates":[[[-97.17173518816796,49.88165099738017],[-97.17190108825999,49.8794678106988],[-97.17527998161547,49.87956600733682],[-97.17534598437352,49.87744429121397],[-97.17098339012962,49.87723160604021],[-97.17084420999834,49.879442191670314],[-97.17067820415608,49.88162530147],[-97.17173518816796,49.88165099738017]]]},"properties":{"DAUID":"46110650","DGUID":"2021S051246110650","LANDAREA":0.095,"PRUID":"46","CMA":"Winnipeg"}},
{"type":"Feature","geometry":{"type":"Polygon","coordinates":[[[-97.17173518816796,49.88165099738017],[-97.17510018630429,49.88174900428931],[-97.17527998161547,49.87956600733682],[-97.17190108825999,49.8794678106988],[-97.17173518816796,49.88165099738017]]]},"properties":{"DAUID":"46110651","DGUID":"2021S051246110651","LANDAREA":0.0592,"PRUID":"46","CMA":"Winnipeg"}},
{"type":"Feature","geometry":{"type":"Polygon","coordinates":[[[-97.17864078580618,49.87977180460557],[-97.17534598437352,49.87744429121397],[-97.17527998161547,49.87956600733682],[-97.17510018630429,49.88174900428931],[-97.17846500689096,49.88185590711283],[-97.17864078580618,49.87977180460557]]]},"properties":{"DAUID":"46110652","DGUID":"2021S051246110652","LANDAREA":0.0855,"PRUID":"46","CMA":"Winnipeg"}},
{"type":"Feature","geometry":{"type":"Polygon","coordinates":[[[-97.17484988294017,49.884695410820015],[-97.17510018630429,49.88174900428931],[-97.17173518816796,49.88165099738017],[-97.17160558611471,49.88386800779926],[-97.17256978458802,49.884983290485096],[-97.17484988294017,49.884695410820015]]]},"properties":{"DAUID":"46110653","DGUID":"2021S051246110653","LANDAREA":0.0759,"PRUID":"46","CMA":"Winnipeg"}},
{"type":"Feature","geometry":{"type":"Polygon","coordinates":[[[-97.17547883401092,49.87645887482989],[-97.17127286276327,49.87619949038611],[-97.16914142953117,49.87670784833661],[-97.16636601777162,49.877866831756066],[-97.16628189689551,49.87935211074281],[-97.17084420999834,49.879442191670314],[-97.17098339012962,49.87723160604021],[-97.17534598437352,49.87744429121397],[-97.17547883401092,49.87645887482989]]]},"properties":{"DAUID":"46110654","DGUID":"2021S051246110654","LANDAREA":0.1068,"PRUID":"46","CMA":"Winnipeg"}},
{"type":"Feature","geometry":{"type":"Polygon","coordinates":[[[-97.16615261390697,49.88203058717057],[-97.16628189689551,49.87935211074281],[-97.16636601777162,49.877866831756066],[-97.16365037590177,49.878633588021685],[-97.16212984851914,49.878374622272695],[-97.161193387248,49.87919049027687],[-97.15986649340991,49.87894460964721],[-97.1595933126395,49.88027149354617],[-97.16248208325258,49.880443306229225],[-97.16404707961387,49.87991938907582],[-97.16392658052533,49.88199529816392],[-97.16615261390697,49.88203058717057]]]},"properties":{"DAUID":"46110655","DGUID":"2021S051246110655","LANDAREA":0.1092,"PRUID":"46","CMA":"Winnipeg"}},
{"type":"Feature","geometry":{"type":"Polygon","coordinates":[[[-97.16086538806616,49.882693399748334],[-97.16388170643238,49.88281320153545],[-97.16392658052533,49.88199529816392],[-97.16404707961387,49.87991938907582],[-97.16248208325258,49.880443306229225],[-97.1595933126395,49.88027149354617],[-97.15946459384229,49.88182561059029],[-97.16086538806616,49.882693399748334]]]},"properties":{"DAUID":"46110656","DGUID":"2021S051246110656","LANDAREA":0.077,"PRUID":"46","CMA":"Winnipeg"}},
{"type":"Feature","geometry":{"type":"Polygon","coordinates":[[[-97.15291404456222,49.87693678761503],[-97.15345093371484,49.87777765199211],[-97.15496919203825,49.8792931024149],[-97.15689650780408,49.87907731258053],[-97.15834738811655,49.87899239224021],[-97.15812999563474,49.88177739563911],[-97.15946459384229,49.88182561059029],[-97.1595933126395,49.88027149354617],[-97.15986649340991,49.87894460964721],[-97.161193387248,49.87919049027687],[-97.16212984851914,49.878374622272695],[-97.16053420361474,49.87748678004787],[-97.15933380366758,49.87574294047876],[-97.15742865828273,49.87414528395278],[-97.15433672553732,49.87380400959903],[-97.15235025436827,49.875008948789706],[-97.15291404456222,49.87693678761503]]]},"properties":{"DAUID":"46110657","DGUID":"2021S051246110657","LANDAREA":0.2604,"PRUID":"46","CMA":"Winnipeg"}},
{"type":"Feature","geometry":{"type":"Polygon","coordinates":[[[-97.15671270676596,49.88170990098371],[-97.15812999563474,49.88177739563911],[-97.15834738811655,49.87899239224021],[-97.15689650780408,49.87907731258053],[-97.15671270676596,49.88170990098371]]]},"properties":{"DAUID":"46110658","DGUID":"2021S051246110658","LANDAREA":0.031,"PRUID":"46","CMA":"Winnipeg"}},
{"type":"Feature","geometry":{"type":"Polygon","coordinates":[[[-97.15410089001315,49.872448391195306],[-97.15433672553732,49.87380400959903],[-97.15742865828273,49.87414528395278],[-97.15933380366758,49.87574294047876],[-97.16053420361474,49.87748678004787],[-97.16212984851914,49.878374622272695],[-97.16362540676938,49.87635971247012],[-97.16712868565759,49.87500291026787],[-97.16574259352268,49.87337989242028],[-97.16491638911754,49.87241329581049],[-97.16202260714336,49.87348279430011],[-97.15907451509763,49.8719518975952],[-97.15690371016724,49.872672908082514],[-97.15410089001315,49.872448391195306]]]},"properties":{"DAUID":"46110659","DGUID":"2021S051246110659","LANDAREA":0.2629,"PRUID":"46","CMA":"Winnipeg"}},
{"type":"Feature","geometry":{"type":"Polygon","coordinates":[[[-97.16763008945686,49.869110090279754],[-97.16557189082222,49.86980610937467],[-97.16118821503478,49.87126580382485],[-97.15907451509763,49.8719518975952],[-97.16202260714336,49.87348279430011],[-97.16491638911754,49.87241329581049],[-97.16574259352268,49.87337989242028],[-97.16787260859104,49.87263101030515],[-97.1696138040013,49.87148910528254],[-97.16763008945686,49.869110090279754]]]},"properties":{"DAUID":"46110660","DGUID":"2021S051246110660","LANDAREA":0.1836,"PRUID":"46","CMA":"Winnipeg"}},
{"type":"Feature","geometry":{"type":"Polygon","coordinates":[[[-97.15931930721219,49.868807503647275],[-97.15713408032882,49.86954628888],[-97.15832769280247,49.8710944885503],[-97.15624081480904,49.87180790919655],[-97.15690371016724,49.872672908082514],[-97.15907451509763,49.8719518975952],[-97.16118821503478,49.87126580382485],[-97.15931930721219,49.868807503647275]]]},"properties":{"DAUID":"46110661","DGUID":"2021S051246110661","LANDAREA":0.0717,"PRUID":"46","CMA":"Winnipeg"}},
{"type":"Feature","geometry":{"type":"Polygon","coordinates":[[[-97.1696138040013,49.87148910528254],[-97.16787260859104,49.87263101030515],[-97.16574259352268,49.87337989242028],[-97.16712868565759,49.87500291026787],[-97.16362540676938,49.87635971247012],[-97.16212984851914,49.878374622272695],[-97.16365037590177,49.878633588021685],[-97.16636601777162,49.877866831756066],[-97.16914142953117,49.87670784833661],[-97.17127286276327,49.87619949038611],[-97.17547883401092,49.87645887482989],[-97.17672369760137,49.87523519076011],[-97.17530318704667,49.874888989029444],[-97.17539639437041,49.87352319221007],[-97.17265789589922,49.87343508926276],[-97.1727164937344,49.872248695379064],[-97.17171340923154,49.87080270945648],[-97.1696138040013,49.87148910528254]]]},"properties":{"DAUID":"46110662","DGUID":"2021S051246110662","LANDAREA":0.3551,"PRUID":"46","CMA":"Winnipeg"}},
{"type":"Feature","geometry":{"type":"Polygon","coordinates":[[[-97.17104751206604,49.8700096007547],[-97.17171340923154,49.87080270945648],[-97.1727164937344,49.872248695379064],[-97.17265789589922,49.87343508926276],[-97.17539639437041,49.87352319221007],[-97.17530318704667,49.874888989029444],[-97.17672369760137,49.87523519076011],[-97.1768559016052,49.8735731964436],[-97.17711238187216,49.870087196807056],[-97.17427880988855,49.869943596013485],[-97.1731897788908,49.86929678921488],[-97.17104751206604,49.8700096007547]]]},"properties":{"DAUID":"46110663","DGUID":"2021S051246110663","LANDAREA":0.158,"PRUID":"46","CMA":"Winnipeg"}},
{"type":"Feature","geometry":{"type":"Polygon","coordinates":[[[-97.1812549156932,49.87021519202966],[-97.17711238187216,49.870087196807056],[-97.1768559016052,49.8735731964436],[-97.18097021370328,49.87371881115753],[-97.1812549156932,49.87021519202966]]]},"properties":{"DAUID":"46110664","DGUID":"2021S051246110664","LANDAREA":0.1158,"PRUID":"46","CMA":"Winnipeg"}},
{"type":"Feature","geometry":{"type":"Polygon","coordinates":[[[-97.19436900878165,49.87838839284607],[-97.19452051597615,49.87652917461887],[-97.18999249552628,49.87698129524354],[-97.18474250955411,49.87778969790679],[-97.1850841938845,49.87387319618625],[-97.18097021370328,49.87371881115753],[-97.1768559016052,49.8735731964436],[-97.17672369760137,49.87523519076011],[-97.17547883401092,49.87645887482989],[-97.17707777047994,49.87701058294607],[-97.18005504867654,49.87889909652644],[-97.1835760590901,49.87947378788488],[-97.19070349676858,49.87806283885765],[-97.19436900878165,49.87838839284607]]]},"properties":{"DAUID":"46110665","DGUID":"2021S051246110665","LANDAREA":0.3806,"PRUID":"46","CMA":"Winnipeg"}},
{"type":"Feature","geometry":{"type":"Polygon","coordinates":[[[-97.14801721720741,49.8968628073534],[-97.14740679652898,49.89571070670152],[-97.14610019821271,49.89601370525563],[-97.14428189883168,49.8954988038411],[-97.14336081459855,49.89373898930096],[-97.13963390712289,49.89506449447784],[-97.13935211701717,49.89514999320472],[-97.14768768998636,49.89782899560246],[-97.14801721720741,49.8968628073534]]]},"properties":{"DAUID":"46110666","DGUID":"2021S051246110666","LANDAREA":0.0971,"PRUID":"46","CMA":"Winnipeg"}},
{"type":"Feature","geometry":{"type":"Polygon","coordinates":[[[-97.14525831425607,49.90090249551745],[-97.1472668061059,49.90154619939677],[-97.14868738516515,49.89972499871054],[-97.14765530424484,49.899402609660356],[-97.14863728830836,49.898123097386694],[-97.14768768998636,49.89782899560246],[-97.13935211701717,49.89514999320472],[-97.13826508565431,49.8955373111612],[-97.13898591894338,49.89851719361166],[-97.13876570673392,49.89881050964381],[-97.14126889489724,49.89962420706406],[-97.14525831425607,49.90090249551745]]]},"properties":{"DAUID":"46110667","DGUID":"2021S051246110667","LANDAREA":0.2861,"PRUID":"46","CMA":"Winnipeg"}},
{"type":"Feature","geometry":{"type":"Polygon","coordinates":[[[-97.14126889489724,49.89962420706406],[-97.13876570673392,49.89881050964381],[-97.13645602078306,49.901651809846676],[-97.13913881241919,49.90250448957797],[-97.14126889489724,49.89962420706406]]]},"properties":{"DAUID":"46110668","DGUID":"2021S051246110668","LANDAREA":0.0728,"PRUID":"46","CMA":"Winnipeg"}},
{"type":"Feature","geometry":{"type":"Polygon","coordinates":[[[-97.13645602078306,49.901651809846676],[-97.13876570673392,49.89881050964381],[-97.13898591894338,49.89851719361166],[-97.13826508565431,49.8955373111612],[-97.13518218252743,49.894597203662755],[-97.13445333979014,49.89405046706351],[-97.13008438140722,49.89299208062816],[-97.12855080288887,49.892926588566624],[-97.13084614657346,49.895438000156574],[-97.13115977713065,49.89797535385714],[-97.12972466986893,49.89925648763268],[-97.12639095214506,49.90047544267399],[-97.12380776024804,49.90092387539133],[-97.11416911557109,49.900344723468386],[-97.11055098794846,49.900695480566704],[-97.10928094144707,49.90141644686861],[-97.10860724631644,49.90269422044011],[-97.11764536663802,49.903240581938135],[-97.12199755814443,49.90380924605804],[-97.12844037041265,49.9048140773208],[-97.13418056546054,49.905581422708956],[-97.13483419624903,49.90362259633193],[-97.13645602078306,49.901651809846676]]]},"properties":{"DAUID":"46110669","DGUID":"2021S051246110669","LANDAREA":0.9489,"PRUID":"46","CMA":"Winnipeg"}},
{"type":"Feature","geometry":{"type":"Polygon","coordinates":[[[-97.13329220951569,49.90857198786717],[-97.13418056546054,49.905581422708956],[-97.12844037041265,49.9048140773208],[-97.12199755814443,49.90380924605804],[-97.120724096528,49.90726260161446],[-97.12328089999207,49.90849139064801],[-97.1273697904939,49.90612879358091],[-97.13014469931429,49.908206510889805],[-97.13146011192322,49.90912720976394],[-97.13311169882978,49.909279712668095],[-97.13329220951569,49.90857198786717]]]},"properties":{"DAUID":"46110670","DGUID":"2021S051246110670","LANDAREA":0.3188,"PRUID":"46","CMA":"Winnipeg"}},
{"type":"Feature","geometry":{"type":"Polygon","coordinates":[[[-97.12328089999207,49.90849139064801],[-97.1257123005896,49.90972699323749],[-97.12702839278195,49.90991020030502],[-97.13014469931429,49.908206510889805],[-97.1273697904939,49.90612879358091],[-97.12328089999207,49.90849139064801]]]},"properties":{"DAUID":"46110671","DGUID":"2021S051246110671","LANDAREA":0.1051,"PRUID":"46","CMA":"Winnipeg"}},
{"type":"Feature","geometry":{"type":"Polygon","coordinates":[[[-97.13311169882978,49.909279712668095],[-97.13146011192322,49.90912720976394],[-97.13014469931429,49.908206510889805],[-97.12702839278195,49.90991020030502],[-97.1257123005896,49.90972699323749],[-97.12328089999207,49.90849139064801],[-97.12291501179264,49.908583484968126],[-97.12595607975635,49.91044163345961],[-97.12748811502341,49.91261168449199],[-97.13232129682218,49.912433195232346],[-97.13311169882978,49.909279712668095]]]},"properties":{"DAUID":"46110672","DGUID":"2021S051246110672","LANDAREA":0.182,"PRUID":"46","CMA":"Winnipeg"}},
{"type":"Feature","geometry":{"type":"Polygon","coordinates":[[[-97.12638305850311,49.91241043188922],[-97.12555581894121,49.912359936227794],[-97.11748569631858,49.91066409071226],[-97.11616530094261,49.91237869904684],[-97.11594460422369,49.912680992122034],[-97.12108841953022,49.91437460660101],[-97.12056209380441,49.91501371275989],[-97.12416548536882,49.91620538771203],[-97.12259991843362,49.91742139898323],[-97.12456799393027,49.91806302937271],[-97.12638404570595,49.9164565992946],[-97.12698499629471,49.91442885083801],[-97.12638305850311,49.91241043188922]]]},"properties":{"DAUID":"46110674","DGUID":"2021S051246110674","LANDAREA":0.2628,"PRUID":"46","CMA":"Winnipeg"}},
{"type":"Feature","geometry":{"type":"Polygon","coordinates":[[[-97.12056209380441,49.91501371275989],[-97.1195051959425,49.91639979315469],[-97.11781981244613,49.91854018774513],[-97.11810189491479,49.9197134946689],[-97.12131690689105,49.91935050237848],[-97.12437759932678,49.918197908721396],[-97.12456799393027,49.91806302937271],[-97.12259991843362,49.91742139898323],[-97.12416548536882,49.91620538771203],[-97.12056209380441,49.91501371275989]]]},"properties":{"DAUID":"46110676","DGUID":"2021S051246110676","LANDAREA":0.1177,"PRUID":"46","CMA":"Winnipeg"}},
{"type":"Feature","geometry":{"type":"Polygon","coordinates":[[[-97.1195051959425,49.91639979315469],[-97.11443520133162,49.914745092574165],[-97.11345798948331,49.91714700637438],[-97.11781981244613,49.91854018774513],[-97.1195051959425,49.91639979315469]]]},"properties":{"DAUID":"46110677","DGUID":"2021S051246110677","LANDAREA":0.1058,"PRUID":"46","CMA":"Winnipeg"}},
{"type":"Feature","geometry":{"type":"Polygon","coordinates":[[[-97.11594460422369,49.912680992122034],[-97.11443520133162,49.914745092574165],[-97.1195051959425,49.91639979315469],[-97.12056209380441,49.91501371275989],[-97.12108841953022,49.91437460660101],[-97.11594460422369,49.912680992122034]]]},"properties":{"DAUID":"46110678","DGUID":"2021S051246110678","LANDAREA":0.1042,"PRUID":"46","CMA":"Winnipeg"}},
{"type":"Feature","geometry":{"type":"Polygon","coordinates":[[[-97.11616530094261,49.91237869904684],[-97.11312778400566,49.91133089100131],[-97.11199150981183,49.91260768896767],[-97.10940061394155,49.91581260142965],[-97.11345798948331,49.91714700637438],[-97.11443520133162,49.914745092574165],[-97.11594460422369,49.912680992122034],[-97.11616530094261,49.91237869904684]]]},"properties":{"DAUID":"46110679","DGUID":"2021S051246110679","LANDAREA":0.1564,"PRUID":"46","CMA":"Winnipeg"}},
{"type":"Feature","geometry":{"type":"Polygon","coordinates":[[[-97.12638305850311,49.91241043188922],[-97.12494077490007,49.91088286772393],[-97.12193898312626,49.90923249663699],[-97.12032340067103,49.90853179533512],[-97.11912470362978,49.9093505020348],[-97.11757930005933,49.909334395778004],[-97.11441409461868,49.90870728900362],[-97.11416831659609,49.90929688819995],[-97.11312778400566,49.91133089100131],[-97.11616530094261,49.91237869904684],[-97.11748569631858,49.91066409071226],[-97.12555581894121,49.912359936227794],[-97.12638305850311,49.91241043188922]]]},"properties":{"DAUID":"46110680","DGUID":"2021S051246110680","LANDAREA":0.1708,"PRUID":"46","CMA":"Winnipeg"}},
{"type":"Feature","geometry":{"type":"Polygon","coordinates":[[[-97.11312778400566,49.91133089100131],[-97.11416831659609,49.90929688819995],[-97.11022720395617,49.90856709845392],[-97.10812209089346,49.90968419924382],[-97.1060605946787,49.910397112635195],[-97.10638129951431,49.91074409406661],[-97.11199150981183,49.91260768896767],[-97.11312778400566,49.91133089100131]]]},"properties":{"DAUID":"46110681","DGUID":"2021S051246110681","LANDAREA":0.1448,"PRUID":"46","CMA":"Winnipeg"}},
{"type":"Feature","geometry":{"type":"Polygon","coordinates":[[[-97.12032340067103,49.90853179533512],[-97.1163594769136,49.90650232820275],[-97.11362021701632,49.905635128060545],[-97.1111617996146,49.90781779865971],[-97.11022720395617,49.90856709845392],[-97.11416831659609,49.90929688819995],[-97.11441409461868,49.90870728900362],[-97.11757930005933,49.909334395778004],[-97.11912470362978,49.9093505020348],[-97.12032340067103,49.90853179533512]]]},"properties":{"DAUID":"46110682","DGUID":"2021S051246110682","LANDAREA":0.1326,"PRUID":"46","CMA":"Winnipeg"}},
{"type":"Feature","geometry":{"type":"Polygon","coordinates":[[[-97.11022720395617,49.90856709845392],[-97.1111617996146,49.90781779865971],[-97.1079283024843,49.907162408813484],[-97.10755798555651,49.908082796996666],[-97.10403150981435,49.907440500540545],[-97.10344330060268,49.90894209390414],[-97.10586409747806,49.90936849991498],[-97.10441505790847,49.91081125386849],[-97.1060605946787,49.910397112635195],[-97.10812209089346,49.90968419924382],[-97.11022720395617,49.90856709845392]]]},"properties":{"DAUID":"46110683","DGUID":"2021S051246110683","LANDAREA":0.1021,"PRUID":"46","CMA":"Winnipeg"}},
{"type":"Feature","geometry":{"type":"Polygon","coordinates":[[[-97.11362021701632,49.905635128060545],[-97.11022538777458,49.904506817754054],[-97.10905801227528,49.90384582220857],[-97.10860724631644,49.90269422044011],[-97.1062335184414,49.902516735528806],[-97.10510588231742,49.904903508433684],[-97.108607205971,49.905473407769506],[-97.1079283024843,49.907162408813484],[-97.1111617996146,49.90781779865971],[-97.11362021701632,49.905635128060545]]]},"properties":{"DAUID":"46110684","DGUID":"2021S051246110684","LANDAREA":0.1176,"PRUID":"46","CMA":"Winnipeg"}},
{"type":"Feature","geometry":{"type":"Polygon","coordinates":[[[-97.10860724631644,49.90269422044011],[-97.10905801227528,49.90384582220857],[-97.11022538777458,49.904506817754054],[-97.11362021701632,49.905635128060545],[-97.1163594769136,49.90650232820275],[-97.12032340067103,49.90853179533512],[-97.12193898312626,49.90923249663699],[-97.12291501179264,49.908583484968126],[-97.12328089999207,49.90849139064801],[-97.120724096528,49.90726260161446],[-97.12199755814443,49.90380924605804],[-97.11764536663802,49.903240581938135],[-97.10860724631644,49.90269422044011]]]},"properties":{"DAUID":"46110685","DGUID":"2021S051246110685","LANDAREA":0.2177,"PRUID":"46","CMA":"Winnipeg"}},
{"type":"Feature","geometry":{"type":"Polygon","coordinates":[[[-97.1079283024843,49.907162408813484],[-97.108607205971,49.905473407769506],[-97.10510588231742,49.904903508433684],[-97.10485427976971,49.90563699837175],[-97.10403150981435,49.907440500540545],[-97.10755798555651,49.908082796996666],[-97.1079283024843,49.907162408813484]]]},"properties":{"DAUID":"46110686","DGUID":"2021S051246110686","LANDAREA":0.0771,"PRUID":"46","CMA":"Winnipeg"}},
{"type":"Feature","geometry":{"type":"Polygon","coordinates":[[[-97.1062335184414,49.902516735528806],[-97.09510333119589,49.904365484866176],[-97.09451750278133,49.90570139769436],[-97.09945499231044,49.906582990000956],[-97.10203289609127,49.90513209883189],[-97.10485427976971,49.90563699837175],[-97.10510588231742,49.904903508433684],[-97.1062335184414,49.902516735528806]]]},"properties":{"DAUID":"46110687","DGUID":"2021S051246110687","LANDAREA":0.1987,"PRUID":"46","CMA":"Winnipeg"}},
{"type":"Feature","geometry":{"type":"Polygon","coordinates":[[[-97.10403150981435,49.907440500540545],[-97.10485427976971,49.90563699837175],[-97.10203289609127,49.90513209883189],[-97.09945499231044,49.906582990000956],[-97.09694909223997,49.90853389325762],[-97.09340420060808,49.911332004433746],[-97.09358104418749,49.91142387890479],[-97.09636200845594,49.911352044020994],[-97.10112599060555,49.91078391208847],[-97.10320302277526,49.910930339886775],[-97.10344330060268,49.90894209390414],[-97.10403150981435,49.907440500540545]]]},"properties":{"DAUID":"46110688","DGUID":"2021S051246110688","LANDAREA":0.2979,"PRUID":"46","CMA":"Winnipeg"}},
{"type":"Feature","geometry":{"type":"Polygon","coordinates":[[[-97.09510333119589,49.904365484866176],[-97.08837754312292,49.90545025429724],[-97.08173143815631,49.90652724319168],[-97.08090695455265,49.906852998475],[-97.08603740906273,49.90601150062297],[-97.0890013876514,49.90678000385944],[-97.088612195521,49.90746620892379],[-97.09122378747938,49.90834579016866],[-97.0921880915025,49.90706688922554],[-97.09694909223997,49.90853389325762],[-97.09945499231044,49.906582990000956],[-97.09451750278133,49.90570139769436],[-97.09510333119589,49.904365484866176]]]},"properties":{"DAUID":"46110689","DGUID":"2021S051246110689","LANDAREA":0.2173,"PRUID":"46","CMA":"Winnipeg"}},
{"type":"Feature","geometry":{"type":"Polygon","coordinates":[[[-97.09694909223997,49.90853389325762],[-97.0921880915025,49.90706688922554],[-97.09122378747938,49.90834579016866],[-97.08980189730912,49.91013928875445],[-97.09340420060808,49.911332004433746],[-97.09694909223997,49.90853389325762]]]},"properties":{"DAUID":"46110690","DGUID":"2021S051246110690","LANDAREA":0.1314,"PRUID":"46","CMA":"Winnipeg"}},
{"type":"Feature","geometry":{"type":"Polygon","coordinates":[[[-97.08090695455265,49.906852998475],[-97.08066019410253,49.907091895722914],[-97.08483880433666,49.90849229147887],[-97.08980189730912,49.91013928875445],[-97.09122378747938,49.90834579016866],[-97.088612195521,49.90746620892379],[-97.0890013876514,49.90678000385944],[-97.08603740906273,49.90601150062297],[-97.08090695455265,49.906852998475]]]},"properties":{"DAUID":"46110691","DGUID":"2021S051246110691","LANDAREA":0.1646,"PRUID":"46","CMA":"Winnipeg"}},
{"type":"Feature","geometry":{"type":"Polygon","coordinates":[[[-97.08483880433666,49.90849229147887],[-97.08224420383364,49.91069818742211],[-97.08101790084723,49.91211709810098],[-97.08499131503706,49.91343309531268],[-97.08980189730912,49.91013928875445],[-97.08483880433666,49.90849229147887]]]},"properties":{"DAUID":"46110692","DGUID":"2021S051246110692","LANDAREA":0.1806,"PRUID":"46","CMA":"Winnipeg"}},
{"type":"Feature","geometry":{"type":"Polygon","coordinates":[[[-97.08066019410253,49.907091895722914],[-97.07890461158779,49.90851109567066],[-97.07708681076305,49.9107925867737],[-97.0765449185336,49.911458310520196],[-97.08049001344848,49.91278301123209],[-97.08101790084723,49.91211709810098],[-97.08224420383364,49.91069818742211],[-97.08483880433666,49.90849229147887],[-97.08066019410253,49.907091895722914]]]},"properties":{"DAUID":"46110693","DGUID":"2021S051246110693","LANDAREA":0.1858,"PRUID":"46","CMA":"Winnipeg"}},
{"type":"Feature","geometry":{"type":"Polygon","coordinates":[[[-97.08101790084723,49.91211709810098],[-97.08049001344848,49.91278301123209],[-97.07893510210782,49.91475409981382],[-97.08295188956279,49.916035003219804],[-97.08499131503706,49.91343309531268],[-97.08101790084723,49.91211709810098]]]},"properties":{"DAUID":"46110694","DGUID":"2021S051246110694","LANDAREA":0.1048,"PRUID":"46","CMA":"Winnipeg"}},
{"type":"Feature","geometry":{"type":"Polygon","coordinates":[[[-97.0765449185336,49.911458310520196],[-97.07499029643903,49.913420408219814],[-97.07101708136219,49.91210398828388],[-97.06945121571296,49.913993909237725],[-97.07739689515194,49.91665360011252],[-97.07893510210782,49.91475409981382],[-97.08049001344848,49.91278301123209],[-97.0765449185336,49.911458310520196]]]},"properties":{"DAUID":"46110695","DGUID":"2021S051246110695","LANDAREA":0.2322,"PRUID":"46","CMA":"Winnipeg"}},
{"type":"Feature","geometry":{"type":"Polygon","coordinates":[[[-97.07893510210782,49.91475409981382],[-97.07739689515194,49.91665360011252],[-97.07633839843739,49.91804820480851],[-97.07710869689079,49.9186457036413],[-97.08012090301673,49.91962210553861],[-97.08072199914206,49.91886749389695],[-97.08295188956279,49.916035003219804],[-97.07893510210782,49.91475409981382]]]},"properties":{"DAUID":"46110696","DGUID":"2021S051246110696","LANDAREA":0.1434,"PRUID":"46","CMA":"Winnipeg"}},
{"type":"Feature","geometry":{"type":"Polygon","coordinates":[[[-97.08295188956279,49.916035003219804],[-97.08072199914206,49.91886749389695],[-97.08323768188188,49.91971674733861],[-97.08787423733165,49.916026655894235],[-97.08916117953065,49.91488169231329],[-97.08499131503706,49.91343309531268],[-97.08295188956279,49.916035003219804]]]},"properties":{"DAUID":"46110697","DGUID":"2021S051246110697","LANDAREA":0.1862,"PRUID":"46","CMA":"Winnipeg"}},
{"type":"Feature","geometry":{"type":"Polygon","coordinates":[[[-97.07710869689079,49.9186457036413],[-97.07583118275308,49.920513890248984],[-97.08010701314447,49.92184400310816],[-97.08038124872954,49.92191002321123],[-97.08323768188188,49.91971674733861],[-97.08072199914206,49.91886749389695],[-97.08012090301673,49.91962210553861],[-97.07710869689079,49.9186457036413]]]},"properties":{"DAUID":"46110698","DGUID":"2021S051246110698","LANDAREA":0.1066,"PRUID":"46","CMA":"Winnipeg"}},
{"type":"Feature","geometry":{"type":"Polygon","coordinates":[[[-97.08323768188188,49.91971674733861],[-97.08038124872954,49.92191002321123],[-97.08538888858303,49.92344218944809],[-97.0878960905111,49.9202902938962],[-97.09243129249619,49.92186721026145],[-97.09387949564454,49.92011900424369],[-97.0949893137553,49.91988539574903],[-97.09654241772819,49.919362203782285],[-97.09434770910318,49.91813879480198],[-97.08787423733165,49.916026655894235],[-97.08323768188188,49.91971674733861]]]},"properties":{"DAUID":"46110699","DGUID":"2021S051246110699","LANDAREA":0.4151,"PRUID":"46","CMA":"Winnipeg"}},
{"type":"Feature","geometry":{"type":"Polygon","coordinates":[[[-97.08538888858303,49.92344218944809],[-97.08993860126938,49.92501041130225],[-97.09243129249619,49.92186721026145],[-97.0878960905111,49.9202902938962],[-97.08538888858303,49.92344218944809]]]},"properties":{"DAUID":"46110700","DGUID":"2021S051246110700","LANDAREA":0.1454,"PRUID":"46","CMA":"Winnipeg"}},
{"type":"Feature","geometry":{"type":"Polygon","coordinates":[[[-97.08538888858303,49.92344218944809],[-97.08277778647904,49.92674518953482],[-97.0873567157298,49.92828700172549],[-97.08993860126938,49.92501041130225],[-97.08538888858303,49.92344218944809]]]},"properties":{"DAUID":"46110701","DGUID":"2021S051246110701","LANDAREA":0.152,"PRUID":"46","CMA":"Winnipeg"}},
{"type":"Feature","geometry":{"type":"Polygon","coordinates":[[[-97.0873567157298,49.92828700172549],[-97.08682938333365,49.92893489796704],[-97.09142319538665,49.93045879647206],[-97.09246480625717,49.92913570006151],[-97.09455928661069,49.92655261334662],[-97.08993860126938,49.92501041130225],[-97.0873567157298,49.92828700172549]]]},"properties":{"DAUID":"46110702","DGUID":"2021S051246110702","LANDAREA":0.182,"PRUID":"46","CMA":"Winnipeg"}},
{"type":"Feature","geometry":{"type":"Polygon","coordinates":[[[-97.08993860126938,49.92501041130225],[-97.09455928661069,49.92655261334662],[-97.09823111302765,49.927782189476105],[-97.10076630879605,49.9246125872117],[-97.09707961562204,49.923409708020884],[-97.09243129249619,49.92186721026145],[-97.08993860126938,49.92501041130225]]]},"properties":{"DAUID":"46110703","DGUID":"2021S051246110703","LANDAREA":0.2652,"PRUID":"46","CMA":"Winnipeg"}},
{"type":"Feature","geometry":{"type":"Polygon","coordinates":[[[-97.09246480625717,49.92913570006151],[-97.09616471665124,49.93036589790383],[-97.09666288212976,49.9297444011435],[-97.10062471310802,49.93105070182493],[-97.10120708804654,49.930412589419696],[-97.10234349400365,49.92915390149155],[-97.09823111302765,49.927782189476105],[-97.09455928661069,49.92655261334662],[-97.09246480625717,49.92913570006151]]]},"properties":{"DAUID":"46110704","DGUID":"2021S051246110704","LANDAREA":0.1762,"PRUID":"46","CMA":"Winnipeg"}},
{"type":"Feature","geometry":{"type":"Polygon","coordinates":[[[-97.09823111302765,49.927782189476105],[-97.10234349400365,49.92915390149155],[-97.1044806077951,49.92695060913422],[-97.10527799061654,49.9260986007589],[-97.10076630879605,49.9246125872117],[-97.09823111302765,49.927782189476105]]]},"properties":{"DAUID":"46110705","DGUID":"2021S051246110705","LANDAREA":0.1389,"PRUID":"46","CMA":"Winnipeg"}},
{"type":"Feature","geometry":{"type":"Polygon","coordinates":[[[-97.10120708804654,49.930412589419696],[-97.10545800416347,49.931813400980865],[-97.10599971258851,49.931147599337784],[-97.10850358259309,49.931970998273506],[-97.10880119676692,49.93041980894532],[-97.10806088722778,49.93011079664722],[-97.1079305168827,49.92810279406361],[-97.1044806077951,49.92695060913422],[-97.10234349400365,49.92915390149155],[-97.10120708804654,49.930412589419696]]]},"properties":{"DAUID":"46110706","DGUID":"2021S051246110706","LANDAREA":0.1811,"PRUID":"46","CMA":"Winnipeg"}},
{"type":"Feature","geometry":{"type":"Polygon","coordinates":[[[-97.10989182872245,49.92714002707541],[-97.1109281239292,49.92414136282069],[-97.10805270559631,49.92320250722207],[-97.10527799061654,49.9260986007589],[-97.1044806077951,49.92695060913422],[-97.1079305168827,49.92810279406361],[-97.10806088722778,49.93011079664722],[-97.10880119676692,49.93041980894532],[-97.10850358259309,49.931970998273506],[-97.10858601453182,49.93378040194323],[-97.1078397935745,49.93575610529311],[-97.10705250481436,49.936642692113274],[-97.10410839811082,49.937440202794384],[-97.10077818417926,49.93636019965392],[-97.1000135928532,49.93702229426148],[-97.09785488370753,49.93627630762319],[-97.09624581867514,49.93750019208038],[-97.09587968839975,49.93830380618545],[-97.09825481880394,49.93921530477156],[-97.1006768295132,49.9400057155581],[-97.10104361482462,49.93991374116664],[-97.10636185275463,49.93870257846557],[-97.1096199526895,49.93718164876566],[-97.11087596032215,49.93580114092728],[-97.11146615354379,49.93344734722926],[-97.11122841590665,49.93195480259879],[-97.11016767607207,49.92923674373003],[-97.10989182872245,49.92714002707541]]]},"properties":{"DAUID":"46110707","DGUID":"2021S051246110707","LANDAREA":0.3699,"PRUID":"46","CMA":"Winnipeg"}},
{"type":"Feature","geometry":{"type":"Polygon","coordinates":[[[-97.10545800416347,49.931813400980865],[-97.10526058843061,49.9325836909932],[-97.10370709897786,49.93452819907168],[-97.10200679980724,49.93488720847835],[-97.10077818417926,49.93636019965392],[-97.10410839811082,49.937440202794384],[-97.10705250481436,49.936642692113274],[-97.1078397935745,49.93575610529311],[-97.10858601453182,49.93378040194323],[-97.10850358259309,49.931970998273506],[-97.10599971258851,49.931147599337784],[-97.10545800416347,49.931813400980865]]]},"properties":{"DAUID":"46110708","DGUID":"2021S051246110708","LANDAREA":0.2106,"PRUID":"46","CMA":"Winnipeg"}},
{"type":"Feature","geometry":{"type":"Polygon","coordinates":[[[-97.10062471310802,49.93105070182493],[-97.09947330158319,49.9323360882856],[-97.09812031870166,49.933429301347324],[-97.10200679980724,49.93488720847835],[-97.10370709897786,49.93452819907168],[-97.10526058843061,49.9325836909932],[-97.10545800416347,49.931813400980865],[-97.10120708804654,49.930412589419696],[-97.10062471310802,49.93105070182493]]]},"properties":{"DAUID":"46110709","DGUID":"2021S051246110709","LANDAREA":0.1562,"PRUID":"46","CMA":"Winnipeg"}},
{"type":"Feature","geometry":{"type":"Polygon","coordinates":[[[-97.10077818417926,49.93636019965392],[-97.10200679980724,49.93488720847835],[-97.09812031870166,49.933429301347324],[-97.09362121410564,49.93690839996122],[-97.09306641383574,49.93754689334759],[-97.09587968839975,49.93830380618545],[-97.09624581867514,49.93750019208038],[-97.09785488370753,49.93627630762319],[-97.1000135928532,49.93702229426148],[-97.10077818417926,49.93636019965392]]]},"properties":{"DAUID":"46110710","DGUID":"2021S051246110710","LANDAREA":0.1546,"PRUID":"46","CMA":"Winnipeg"}},
{"type":"Feature","geometry":{"type":"Polygon","coordinates":[[[-97.09947330158319,49.9323360882856],[-97.09562210682238,49.931049608101034],[-97.09329262016982,49.933934699365594],[-97.09150339354355,49.93619000766049],[-97.09362121410564,49.93690839996122],[-97.09812031870166,49.933429301347324],[-97.09947330158319,49.9323360882856]]]},"properties":{"DAUID":"46110711","DGUID":"2021S051246110711","LANDAREA":0.1574,"PRUID":"46","CMA":"Winnipeg"}},
{"type":"Feature","geometry":{"type":"Polygon","coordinates":[[[-97.09142319538665,49.93045879647206],[-97.0895925969113,49.93270439769544],[-97.09329262016982,49.933934699365594],[-97.09562210682238,49.931049608101034],[-97.09947330158319,49.9323360882856],[-97.10062471310802,49.93105070182493],[-97.09666288212976,49.9297444011435],[-97.09616471665124,49.93036589790383],[-97.09246480625717,49.92913570006151],[-97.09142319538665,49.93045879647206]]]},"properties":{"DAUID":"46110712","DGUID":"2021S051246110712","LANDAREA":0.1849,"PRUID":"46","CMA":"Winnipeg"}},
{"type":"Feature","geometry":{"type":"Polygon","coordinates":[[[-97.09362121410564,49.93690839996122],[-97.09150339354355,49.93619000766049],[-97.09329262016982,49.933934699365594],[-97.0895925969113,49.93270439769544],[-97.08728941271859,49.93561680451498],[-97.09100321415973,49.93685631221778],[-97.09306641383574,49.93754689334759],[-97.09362121410564,49.93690839996122]]]},"properties":{"DAUID":"46110713","DGUID":"2021S051246110713","LANDAREA":0.1224,"PRUID":"46","CMA":"Winnipeg"}},
{"type":"Feature","geometry":{"type":"Polygon","coordinates":[[[-97.08728941271859,49.93561680451498],[-97.08473778681243,49.938812905178196],[-97.09028251495052,49.94063139196776],[-97.09079240167189,49.940073101860406],[-97.09163759924876,49.9391425049194],[-97.08968469849604,49.9384806880774],[-97.09100321415973,49.93685631221778],[-97.08728941271859,49.93561680451498]]]},"properties":{"DAUID":"46110714","DGUID":"2021S051246110714","LANDAREA":0.1489,"PRUID":"46","CMA":"Winnipeg"}},
{"type":"Feature","geometry":{"type":"Polygon","coordinates":[[[-97.09587968839975,49.93830380618545],[-97.09306641383574,49.93754689334759],[-97.09100321415973,49.93685631221778],[-97.08968469849604,49.9384806880774],[-97.09163759924876,49.9391425049194],[-97.09079240167189,49.940073101860406],[-97.09449128422605,49.9413483135382],[-97.09545238746021,49.94030259361047],[-97.09825481880394,49.93921530477156],[-97.09587968839975,49.93830380618545]]]},"properties":{"DAUID":"46110715","DGUID":"2021S051246110715","LANDAREA":0.1465,"PRUID":"46","CMA":"Winnipeg"}},
{"type":"Feature","geometry":{"type":"Polygon","coordinates":[[[-97.09825481880394,49.93921530477156],[-97.09545238746021,49.94030259361047],[-97.09449128422605,49.9413483135382],[-97.09079240167189,49.940073101860406],[-97.09028251495052,49.94063139196776],[-97.08876531550821,49.942342393864784],[-97.08747978713203,49.94383239121842],[-97.08708551302215,49.94428460954837],[-97.09761531134153,49.94766444807751],[-97.09617312835294,49.94391502031033],[-97.09632978841093,49.942437701368064],[-97.09830279166063,49.94082618908897],[-97.1006768295132,49.9400057155581],[-97.09825481880394,49.93921530477156]]]},"properties":{"DAUID":"46110716","DGUID":"2021S051246110716","LANDAREA":0.3224,"PRUID":"46","CMA":"Winnipeg"}},
{"type":"Feature","geometry":{"type":"Polygon","coordinates":[[[-97.08473778681243,49.938812905178196],[-97.0841074924774,49.93959398814534],[-97.0833458129575,49.940525901545435],[-97.08876531550821,49.942342393864784],[-97.09028251495052,49.94063139196776],[-97.08473778681243,49.938812905178196]]]},"properties":{"DAUID":"46110717","DGUID":"2021S051246110717","LANDAREA":0.0963,"PRUID":"46","CMA":"Winnipeg"}},
{"type":"Feature","geometry":{"type":"Polygon","coordinates":[[[-97.08876531550821,49.942342393864784],[-97.0833458129575,49.940525901545435],[-97.07876490581477,49.939010906601766],[-97.07817948121034,49.93971179108901],[-97.07753409739719,49.94051959551691],[-97.08747978713203,49.94383239121842],[-97.08876531550821,49.942342393864784]]]},"properties":{"DAUID":"46110718","DGUID":"2021S051246110718","LANDAREA":0.1524,"PRUID":"46","CMA":"Winnipeg"}},
{"type":"Feature","geometry":{"type":"Polygon","coordinates":[[[-97.0841074924774,49.93959398814534],[-97.07951340055934,49.93806080328478],[-97.07876490581477,49.939010906601766],[-97.0833458129575,49.940525901545435],[-97.0841074924774,49.93959398814534]]]},"properties":{"DAUID":"46110719","DGUID":"2021S051246110719","LANDAREA":0.0437,"PRUID":"46","CMA":"Winnipeg"}},
{"type":"Feature","geometry":{"type":"Polygon","coordinates":[[[-97.08728941271859,49.93561680451498],[-97.0826806156619,49.93411050324867],[-97.07951340055934,49.93806080328478],[-97.0841074924774,49.93959398814534],[-97.08473778681243,49.938812905178196],[-97.08728941271859,49.93561680451498]]]},"properties":{"DAUID":"46110720","DGUID":"2021S051246110720","LANDAREA":0.1844,"PRUID":"46","CMA":"Winnipeg"}},
{"type":"Feature","geometry":{"type":"Polygon","coordinates":[[[-97.0826806156619,49.93411050324867],[-97.07595541572326,49.93186719436899],[-97.07491400795585,49.933172187985015],[-97.0795213967265,49.934705800893234],[-97.07739471476944,49.937369111998855],[-97.07951340055934,49.93806080328478],[-97.0826806156619,49.93411050324867]]]},"properties":{"DAUID":"46110721","DGUID":"2021S051246110721","LANDAREA":0.1446,"PRUID":"46","CMA":"Winnipeg"}},
{"type":"Feature","geometry":{"type":"Polygon","coordinates":[[[-97.08277778647904,49.92674518953482],[-97.07718141424311,49.924871495088084],[-97.07437639466468,49.92708269562021],[-97.07652071507592,49.9278199033299],[-97.07536898523223,49.92944679589316],[-97.07375510716393,49.92938411144637],[-97.07345239853355,49.93103408711287],[-97.07595541572326,49.93186719436899],[-97.0826806156619,49.93411050324867],[-97.08728941271859,49.93561680451498],[-97.0895925969113,49.93270439769544],[-97.09142319538665,49.93045879647206],[-97.08682938333365,49.92893489796704],[-97.0873567157298,49.92828700172549],[-97.08277778647904,49.92674518953482]]]},"properties":{"DAUID":"46110722","DGUID":"2021S051246110722","LANDAREA":0.8158,"PRUID":"46","CMA":"Winnipeg"}},
{"type":"Feature","geometry":{"type":"Polygon","coordinates":[[[-97.07595541572326,49.93186719436899],[-97.07345239853355,49.93103408711287],[-97.0702485627306,49.929836065987914],[-97.06660333575356,49.93272505270553],[-97.06288694029685,49.93567736243712],[-97.06332500792823,49.93582170861734],[-97.06629038027617,49.93346049899522],[-97.06769558798618,49.93316909774248],[-97.0704734942015,49.93409690596181],[-97.0725760170997,49.93239579805066],[-97.07491400795585,49.933172187985015],[-97.07595541572326,49.93186719436899]]]},"properties":{"DAUID":"46110723","DGUID":"2021S051246110723","LANDAREA":0.1736,"PRUID":"46","CMA":"Winnipeg"}},
{"type":"Feature","geometry":{"type":"Polygon","coordinates":[[[-97.07491400795585,49.933172187985015],[-97.0725760170997,49.93239579805066],[-97.0704734942015,49.93409690596181],[-97.07077889246973,49.93517230090635],[-97.07438219216739,49.93637459316444],[-97.07534488031484,49.93669639099763],[-97.07739471476944,49.937369111998855],[-97.0795213967265,49.934705800893234],[-97.07491400795585,49.933172187985015]]]},"properties":{"DAUID":"46110724","DGUID":"2021S051246110724","LANDAREA":0.198,"PRUID":"46","CMA":"Winnipeg"}},
{"type":"Feature","geometry":{"type":"Polygon","coordinates":[[[-97.07876490581477,49.939010906601766],[-97.07951340055934,49.93806080328478],[-97.07838657018503,49.93878904298674],[-97.07498564088819,49.93778987233365],[-97.07534488031484,49.93669639099763],[-97.07438219216739,49.93637459316444],[-97.07333780607642,49.93810229396227],[-97.07817948121034,49.93971179108901],[-97.07876490581477,49.939010906601766]]]},"properties":{"DAUID":"46110727","DGUID":"2021S051246110727","LANDAREA":0.0515,"PRUID":"46","CMA":"Winnipeg"}},
{"type":"Feature","geometry":{"type":"Polygon","coordinates":[[[-97.07739471476944,49.937369111998855],[-97.07534488031484,49.93669639099763],[-97.07498564088819,49.93778987233365],[-97.07838657018503,49.93878904298674],[-97.07951340055934,49.93806080328478],[-97.07739471476944,49.937369111998855]]]},"properties":{"DAUID":"46110728","DGUID":"2021S051246110728","LANDAREA":0.0331,"PRUID":"46","CMA":"Winnipeg"}},
{"type":"Feature","geometry":{"type":"Polygon","coordinates":[[[-97.07044938639945,49.93818921305717],[-97.0693627162627,49.93957430411319],[-97.07645998817719,49.941941003852236],[-97.07697579577048,49.941239005045475],[-97.07753409739719,49.94051959551691],[-97.07044938639945,49.93818921305717]]]},"properties":{"DAUID":"46110729","DGUID":"2021S051246110729","LANDAREA":0.0979,"PRUID":"46","CMA":"Winnipeg"}},
{"type":"Feature","geometry":{"type":"Polygon","coordinates":[[[-97.0693627162627,49.93957430411319],[-97.0679235939697,49.941403300535434],[-97.07104629524855,49.94243579750576],[-97.07011739397373,49.94370659308873],[-97.07202768367914,49.94438601179261],[-97.07353551455742,49.943277704466],[-97.07462719017406,49.943862498105844],[-97.07645998817719,49.941941003852236],[-97.0693627162627,49.93957430411319]]]},"properties":{"DAUID":"46110730","DGUID":"2021S051246110730","LANDAREA":0.1617,"PRUID":"46","CMA":"Winnipeg"}},
{"type":"Feature","geometry":{"type":"Polygon","coordinates":[[[-97.07044938639945,49.93818921305717],[-97.06626829406513,49.93679729246531],[-97.06402069139574,49.939674111878006],[-97.06233749834406,49.940635502374306],[-97.06489129706982,49.94194641107002],[-97.06580531862168,49.940702408155985],[-97.0679235939697,49.941403300535434],[-97.0693627162627,49.93957430411319],[-97.07044938639945,49.93818921305717]]]},"properties":{"DAUID":"46110731","DGUID":"2021S051246110731","LANDAREA":0.1671,"PRUID":"46","CMA":"Winnipeg"}},
{"type":"Feature","geometry":{"type":"Polygon","coordinates":[[[-97.0679235939697,49.941403300535434],[-97.06580531862168,49.940702408155985],[-97.06489129706982,49.94194641107002],[-97.06233749834406,49.940635502374306],[-97.06402069139574,49.939674111878006],[-97.06303698430864,49.93918100154528],[-97.06152528169488,49.94003720106818],[-97.06027889492805,49.93914390033746],[-97.06122698928586,49.93844009505521],[-97.06037615379087,49.93767201477808],[-97.05694795642916,49.94035706530456],[-97.05779471721964,49.940613406973156],[-97.05956580535445,49.94128179287112],[-97.07251220323201,49.94551849143532],[-97.07462719017406,49.943862498105844],[-97.07353551455742,49.943277704466],[-97.07202768367914,49.94438601179261],[-97.07011739397373,49.94370659308873],[-97.07104629524855,49.94243579750576],[-97.0679235939697,49.941403300535434]]]},"properties":{"DAUID":"46110732","DGUID":"2021S051246110732","LANDAREA":0.2689,"PRUID":"46","CMA":"Winnipeg"}},
{"type":"Feature","geometry":{"type":"Polygon","coordinates":[[[-97.06288694029685,49.93567736243712],[-97.06037615379087,49.93767201477808],[-97.06122698928586,49.93844009505521],[-97.06027889492805,49.93914390033746],[-97.06152528169488,49.94003720106818],[-97.06303698430864,49.93918100154528],[-97.06402069139574,49.939674111878006],[-97.06626829406513,49.93679729246531],[-97.06332500792823,49.93582170861734],[-97.06288694029685,49.93567736243712]]]},"properties":{"DAUID":"46110733","DGUID":"2021S051246110733","LANDAREA":0.1205,"PRUID":"46","CMA":"Winnipeg"}},
{"type":"Feature","geometry":{"type":"Polygon","coordinates":[[[-97.06037615379087,49.93767201477808],[-97.06288694029685,49.93567736243712],[-97.0607061058658,49.93718108707387],[-97.05694179810953,49.935831804020815],[-97.05694718508286,49.93431169557833],[-97.06038508266379,49.93545771320897],[-97.06083559970014,49.9349975086516],[-97.04969698835886,49.931293592211695],[-97.04815081341127,49.930934789925544],[-97.04638779480584,49.93111189791326],[-97.04663060550573,49.931655711612585],[-97.0490172909367,49.93259538859063],[-97.04496388600185,49.933930393119496],[-97.04426370870932,49.9343593054025],[-97.0453244844786,49.93500690690597],[-97.04989871029188,49.93354571163626],[-97.05128309598226,49.934117712948286],[-97.05044640525448,49.93482329421026],[-97.0527757058535,49.93546510625231],[-97.04950311031082,49.93782070669221],[-97.05116001453351,49.939242795208685],[-97.05285929880782,49.93788610060155],[-97.05391379311385,49.93800281259842],[-97.0551607018532,49.93957080006463],[-97.05390401884618,49.94066510573901],[-97.05570269350504,49.94130378108037],[-97.05694795642916,49.94035706530456],[-97.06037615379087,49.93767201477808]]]},"properties":{"DAUID":"46110734","DGUID":"2021S051246110734","LANDAREA":0.4125,"PRUID":"46","CMA":"Winnipeg"}},
{"type":"Feature","geometry":{"type":"Polygon","coordinates":[[[-97.05116001453351,49.939242795208685],[-97.05050848879084,49.940536113145455],[-97.05177660060468,49.94123210194484],[-97.05297431408127,49.940217804193615],[-97.05390401884618,49.94066510573901],[-97.0551607018532,49.93957080006463],[-97.05391379311385,49.93800281259842],[-97.05285929880782,49.93788610060155],[-97.05116001453351,49.939242795208685]]]},"properties":{"DAUID":"46110735","DGUID":"2021S051246110735","LANDAREA":0.0659,"PRUID":"46","CMA":"Winnipeg"}},
{"type":"Feature","geometry":{"type":"Polygon","coordinates":[[[-97.05390401884618,49.94066510573901],[-97.05297431408127,49.940217804193615],[-97.05177660060468,49.94123210194484],[-97.05050848879084,49.940536113145455],[-97.04945438703803,49.940752291359395],[-97.04791270748478,49.9416528093276],[-97.04695641289145,49.94255420404538],[-97.05169421359282,49.94461648324527],[-97.05268073400195,49.943783894677956],[-97.05570269350504,49.94130378108037],[-97.05390401884618,49.94066510573901]]]},"properties":{"DAUID":"46110736","DGUID":"2021S051246110736","LANDAREA":0.1664,"PRUID":"46","CMA":"Winnipeg"}},
{"type":"Feature","geometry":{"type":"Polygon","coordinates":[[[-97.05694795642916,49.94035706530456],[-97.05570269350504,49.94130378108037],[-97.05268073400195,49.943783894677956],[-97.0531298024652,49.94396190600496],[-97.06020828027981,49.94714829026746],[-97.06127280371177,49.945978701542266],[-97.06152658625867,49.94451679760278],[-97.06220689860235,49.94388950640828],[-97.05648489504716,49.94164390344397],[-97.05779471721964,49.940613406973156],[-97.05694795642916,49.94035706530456]]]},"properties":{"DAUID":"46110737","DGUID":"2021S051246110737","LANDAREA":0.225,"PRUID":"46","CMA":"Winnipeg"}},
{"type":"Feature","geometry":{"type":"Polygon","coordinates":[[[-97.05169421359282,49.94461648324527],[-97.04842491154534,49.947208105667514],[-97.05710910139211,49.95107220073815],[-97.05793048781042,49.95144570169401],[-97.05849548328656,49.950915511144345],[-97.05425509166052,49.94890150818399],[-97.05581120920903,49.94729950390672],[-97.0532380144824,49.94612289671144],[-97.05389190582689,49.945117493653576],[-97.0531298024652,49.94396190600496],[-97.05268073400195,49.943783894677956],[-97.05169421359282,49.94461648324527]]]},"properties":{"DAUID":"46110738","DGUID":"2021S051246110738","LANDAREA":0.1804,"PRUID":"46","CMA":"Winnipeg"}},
{"type":"Feature","geometry":{"type":"Polygon","coordinates":[[[-97.0531298024652,49.94396190600496],[-97.05389190582689,49.945117493653576],[-97.0532380144824,49.94612289671144],[-97.05581120920903,49.94729950390672],[-97.05425509166052,49.94890150818399],[-97.05849548328656,49.950915511144345],[-97.05793048781042,49.95144570169401],[-97.06424261355015,49.9543036880031],[-97.06812499012206,49.95065360792486],[-97.06020828027981,49.94714829026746],[-97.0531298024652,49.94396190600496]]]},"properties":{"DAUID":"46110739","DGUID":"2021S051246110739","LANDAREA":0.4824,"PRUID":"46","CMA":"Winnipeg"}},
{"type":"Feature","geometry":{"type":"Polygon","coordinates":[[[-97.06020828027981,49.94714829026746],[-97.06812499012206,49.95065360792486],[-97.07101140377989,49.946797799212526],[-97.06764269335362,49.94598610656924],[-97.06220689860235,49.94388950640828],[-97.06152658625867,49.94451679760278],[-97.06127280371177,49.945978701542266],[-97.06020828027981,49.94714829026746]]]},"properties":{"DAUID":"46110740","DGUID":"2021S051246110740","LANDAREA":0.2897,"PRUID":"46","CMA":"Winnipeg"}},
{"type":"Feature","geometry":{"type":"Polygon","coordinates":[[[-97.05779471721964,49.940613406973156],[-97.05648489504716,49.94164390344397],[-97.06220689860235,49.94388950640828],[-97.06764269335362,49.94598610656924],[-97.07101140377989,49.946797799212526],[-97.07251220323201,49.94551849143532],[-97.05956580535445,49.94128179287112],[-97.05779471721964,49.940613406973156]]]},"properties":{"DAUID":"46110741","DGUID":"2021S051246110741","LANDAREA":0.211,"PRUID":"46","CMA":"Winnipeg"}},
{"type":"Feature","geometry":{"type":"Polygon","coordinates":[[[-97.07101140377989,49.946797799212526],[-97.07635428282137,49.948793497217395],[-97.08055778037148,49.95035628990844],[-97.08255570244098,49.948842201140735],[-97.07251220323201,49.94551849143532],[-97.07101140377989,49.946797799212526]]]},"properties":{"DAUID":"46110742","DGUID":"2021S051246110742","LANDAREA":0.158,"PRUID":"46","CMA":"Winnipeg"}},
{"type":"Feature","geometry":{"type":"Polygon","coordinates":[[[-97.06812499012206,49.95065360792486],[-97.07037239378968,49.95162650790723],[-97.07159890042604,49.95058550655764],[-97.07355808668176,49.95144560382696],[-97.07635428282137,49.948793497217395],[-97.07101140377989,49.946797799212526],[-97.06812499012206,49.95065360792486]]]},"properties":{"DAUID":"46110743","DGUID":"2021S051246110743","LANDAREA":0.172,"PRUID":"46","CMA":"Winnipeg"}},
{"type":"Feature","geometry":{"type":"Polygon","coordinates":[[[-97.07635428282137,49.948793497217395],[-97.07355808668176,49.95144560382696],[-97.07159890042604,49.95058550655764],[-97.07037239378968,49.95162650790723],[-97.07586690144605,49.954029508861815],[-97.08055778037148,49.95035628990844],[-97.07635428282137,49.948793497217395]]]},"properties":{"DAUID":"46110744","DGUID":"2021S051246110744","LANDAREA":0.1916,"PRUID":"46","CMA":"Winnipeg"}},
{"type":"Feature","geometry":{"type":"Polygon","coordinates":[[[-97.06424261355015,49.9543036880031],[-97.07162821510128,49.957530107910785],[-97.07586690144605,49.954029508861815],[-97.07037239378968,49.95162650790723],[-97.06812499012206,49.95065360792486],[-97.06424261355015,49.9543036880031]]]},"properties":{"DAUID":"46110746","DGUID":"2021S051246110746","LANDAREA":0.3204,"PRUID":"46","CMA":"Winnipeg"}},
{"type":"Feature","geometry":{"type":"Polygon","coordinates":[[[-97.08747978713203,49.94383239121842],[-97.07753409739719,49.94051959551691],[-97.07697579577048,49.941239005045475],[-97.08539681066823,49.94398689713522],[-97.08689591537811,49.944497410920285],[-97.08708551302215,49.94428460954837],[-97.08747978713203,49.94383239121842]]]},"properties":{"DAUID":"46110751","DGUID":"2021S051246110751","LANDAREA":0.0706,"PRUID":"46","CMA":"Winnipeg"}},
{"type":"Feature","geometry":{"type":"Polygon","coordinates":[[[-97.07645998817719,49.941941003852236],[-97.07462719017406,49.943862498105844],[-97.07570649304367,49.944411208793554],[-97.08020391268681,49.94593390429059],[-97.08116621507791,49.94592279706105],[-97.0843510862565,49.94504900565931],[-97.08539681066823,49.94398689713522],[-97.07697579577048,49.941239005045475],[-97.07645998817719,49.941941003852236]]]},"properties":{"DAUID":"46110752","DGUID":"2021S051246110752","LANDAREA":0.2186,"PRUID":"46","CMA":"Winnipeg"}},
{"type":"Feature","geometry":{"type":"Polygon","coordinates":[[[-97.07251220323201,49.94551849143532],[-97.08255570244098,49.948842201140735],[-97.08383939190323,49.94775710985631],[-97.08689591537811,49.944497410920285],[-97.08539681066823,49.94398689713522],[-97.0843510862565,49.94504900565931],[-97.08116621507791,49.94592279706105],[-97.08020391268681,49.94593390429059],[-97.07570649304367,49.944411208793554],[-97.07462719017406,49.943862498105844],[-97.07251220323201,49.94551849143532]]]},"properties":{"DAUID":"46110753","DGUID":"2021S051246110753","LANDAREA":0.2373,"PRUID":"46","CMA":"Winnipeg"}},
{"type":"Feature","geometry":{"type":"Polygon","coordinates":[[[-97.10312579566275,49.96179443089856],[-97.10073538704255,49.96048410919201],[-97.09944621306668,49.96029199635084],[-97.0987512806822,49.962358497168026],[-97.09718988949984,49.96341229554043],[-97.09616001620219,49.963008587307264],[-97.09574140585221,49.96478269380515],[-97.09714949648526,49.96549092359956],[-97.10312579566275,49.96179443089856]]]},"properties":{"DAUID":"46110758","DGUID":"2021S051246110758","LANDAREA":0.1249,"PRUID":"46","CMA":"Winnipeg"}},
{"type":"Feature","geometry":{"type":"Polygon","coordinates":[[[-97.09714949648526,49.96549092359956],[-97.09574140585221,49.96478269380515],[-97.09616001620219,49.963008587307264],[-97.09519259661747,49.96243498792344],[-97.09337211065058,49.96369140337969],[-97.08988700472466,49.96683619406756],[-97.0866082860474,49.965365700876255],[-97.08791890420463,49.964069299743024],[-97.08456318355412,49.96253880697541],[-97.08190690772372,49.964086791861035],[-97.09222507812498,49.96854814054699],[-97.09714949648526,49.96549092359956]]]},"properties":{"DAUID":"46110759","DGUID":"2021S051246110759","LANDAREA":0.27,"PRUID":"46","CMA":"Winnipeg"}},
{"type":"Feature","geometry":{"type":"Polygon","coordinates":[[[-97.09519259661747,49.96243498792344],[-97.09119508395642,49.9605612937186],[-97.08920558952522,49.9618598111875],[-97.08718962052053,49.96100800735019],[-97.08456318355412,49.96253880697541],[-97.08791890420463,49.964069299743024],[-97.0866082860474,49.965365700876255],[-97.08988700472466,49.96683619406756],[-97.09337211065058,49.96369140337969],[-97.09519259661747,49.96243498792344]]]},"properties":{"DAUID":"46110760","DGUID":"2021S051246110760","LANDAREA":0.2613,"PRUID":"46","CMA":"Winnipeg"}},
{"type":"Feature","geometry":{"type":"Polygon","coordinates":[[[-97.11759276909571,49.95282667020338],[-97.11267807197193,49.95149962472414],[-97.11052341690551,49.95051560418385],[-97.10607921711936,49.94973248727063],[-97.10312921111792,49.951726205763336],[-97.09933858437621,49.954173699330866],[-97.10221319061323,49.9555251006734],[-97.09884499062704,49.9585641980533],[-97.09808810522753,49.96008089903891],[-97.09944621306668,49.96029199635084],[-97.10073538704255,49.96048410919201],[-97.10312579566275,49.96179443089856],[-97.11759276909571,49.95282667020338]]]},"properties":{"DAUID":"46110762","DGUID":"2021S051246110762","LANDAREA":0.9228,"PRUID":"46","CMA":"Winnipeg"}},
{"type":"Feature","geometry":{"type":"Polygon","coordinates":[[[-97.11001469787958,49.94677441220303],[-97.10607921711936,49.94973248727063],[-97.11052341690551,49.95051560418385],[-97.11218381069307,49.94833890795594],[-97.11721288443297,49.94996139864346],[-97.117723207877,49.949274508705784],[-97.11520931526603,49.94844439085083],[-97.11001469787958,49.94677441220303]]]},"properties":{"DAUID":"46110763","DGUID":"2021S051246110763","LANDAREA":0.1361,"PRUID":"46","CMA":"Winnipeg"}},
{"type":"Feature","geometry":{"type":"Polygon","coordinates":[[[-97.12227370294279,49.94991877953757],[-97.11821210086616,49.948595693632356],[-97.11570621521722,49.947783400909096],[-97.11520931526603,49.94844439085083],[-97.117723207877,49.949274508705784],[-97.11721288443297,49.94996139864346],[-97.11218381069307,49.94833890795594],[-97.11052341690551,49.95051560418385],[-97.11267807197193,49.95149962472414],[-97.11759276909571,49.95282667020338],[-97.12227370294279,49.94991877953757]]]},"properties":{"DAUID":"46110765","DGUID":"2021S051246110765","LANDAREA":0.2442,"PRUID":"46","CMA":"Winnipeg"}},
{"type":"Feature","geometry":{"type":"Polygon","coordinates":[[[-97.1272159314586,49.946841505048674],[-97.12365108483665,49.94560169086448],[-97.12114548425211,49.944796491924876],[-97.12007371889182,49.94619139234082],[-97.11821210086616,49.948595693632356],[-97.12227370294279,49.94991877953757],[-97.1272159314586,49.946841505048674]]]},"properties":{"DAUID":"46110766","DGUID":"2021S051246110766","LANDAREA":0.198,"PRUID":"46","CMA":"Winnipeg"}},
{"type":"Feature","geometry":{"type":"Polygon","coordinates":[[[-97.06424261355015,49.9543036880031],[-97.06257621314712,49.95587700666749],[-97.06018591917142,49.95811280073104],[-97.06680119421713,49.96108369363833],[-97.07038500863996,49.958633802651235],[-97.07162821510128,49.957530107910785],[-97.06424261355015,49.9543036880031]]]},"properties":{"DAUID":"46110767","DGUID":"2021S051246110767","LANDAREA":0.3194,"PRUID":"46","CMA":"Winnipeg"}},
{"type":"Feature","geometry":{"type":"Polygon","coordinates":[[[-97.05710910139211,49.95107220073815],[-97.05573981463445,49.9525334022738],[-97.05668480409395,49.95295398937201],[-97.05886260488334,49.95426780452292],[-97.06257621314712,49.95587700666749],[-97.06424261355015,49.9543036880031],[-97.05793048781042,49.95144570169401],[-97.05710910139211,49.95107220073815]]]},"properties":{"DAUID":"46110768","DGUID":"2021S051246110768","LANDAREA":0.1277,"PRUID":"46","CMA":"Winnipeg"}},
{"type":"Feature","geometry":{"type":"Polygon","coordinates":[[[-97.06257621314712,49.95587700666749],[-97.05886260488334,49.95426780452292],[-97.05668480409395,49.95295398937201],[-97.05552759395074,49.953995997355705],[-97.05320011900777,49.952940490286515],[-97.05172061367642,49.95436388855711],[-97.06018591917142,49.95811280073104],[-97.06257621314712,49.95587700666749]]]},"properties":{"DAUID":"46110769","DGUID":"2021S051246110769","LANDAREA":0.2036,"PRUID":"46","CMA":"Winnipeg"}},
{"type":"Feature","geometry":{"type":"Polygon","coordinates":[[[-97.05573981463445,49.9525334022738],[-97.05445468888942,49.952250996671815],[-97.05156520669014,49.95096120043945],[-97.05066559336923,49.95183648998748],[-97.04892610185036,49.95106970937838],[-97.0474887168794,49.95248470725532],[-97.05172061367642,49.95436388855711],[-97.05320011900777,49.952940490286515],[-97.05552759395074,49.953995997355705],[-97.05668480409395,49.95295398937201],[-97.05573981463445,49.9525334022738]]]},"properties":{"DAUID":"46110770","DGUID":"2021S051246110770","LANDAREA":0.1223,"PRUID":"46","CMA":"Winnipeg"}},
{"type":"Feature","geometry":{"type":"Polygon","coordinates":[[[-97.04842491154534,49.947208105667514],[-97.04688501397185,49.94836691050988],[-97.05042280672062,49.94990750183589],[-97.05156520669014,49.95096120043945],[-97.05445468888942,49.952250996671815],[-97.05573981463445,49.9525334022738],[-97.05710910139211,49.95107220073815],[-97.04842491154534,49.947208105667514]]]},"properties":{"DAUID":"46110771","DGUID":"2021S051246110771","LANDAREA":0.1494,"PRUID":"46","CMA":"Winnipeg"}},
{"type":"Feature","geometry":{"type":"Polygon","coordinates":[[[-97.05156520669014,49.95096120043945],[-97.05042280672062,49.94990750183589],[-97.04688501397185,49.94836691050988],[-97.04391127827378,49.950729587190764],[-97.04413301989493,49.95100690569687],[-97.0474887168794,49.95248470725532],[-97.04892610185036,49.95106970937838],[-97.05066559336923,49.95183648998748],[-97.05156520669014,49.95096120043945]]]},"properties":{"DAUID":"46110772","DGUID":"2021S051246110772","LANDAREA":0.1297,"PRUID":"46","CMA":"Winnipeg"}},
{"type":"Feature","geometry":{"type":"Polygon","coordinates":[[[-97.04695641289145,49.94255420404538],[-97.0453561012983,49.94207749153481],[-97.04309798054395,49.94226680684434],[-97.04307548886331,49.94343910059627],[-97.04001629262832,49.942092191636384],[-97.04058040947483,49.9415606984433],[-97.0373794162516,49.940188703407436],[-97.03947918392834,49.9379035124983],[-97.03861491777369,49.9375651042019],[-97.03240690082491,49.9458789105469],[-97.04305653918696,49.95096212076332],[-97.04391127827378,49.950729587190764],[-97.04688501397185,49.94836691050988],[-97.04842491154534,49.947208105667514],[-97.05169421359282,49.94461648324527],[-97.04695641289145,49.94255420404538]]]},"properties":{"DAUID":"46110773","DGUID":"2021S051246110773","LANDAREA":0.8786,"PRUID":"46","CMA":"Winnipeg"}},
{"type":"Feature","geometry":{"type":"Polygon","coordinates":[[[-97.04791270748478,49.9416528093276],[-97.03947918392834,49.9379035124983],[-97.0373794162516,49.940188703407436],[-97.04058040947483,49.9415606984433],[-97.04001629262832,49.942092191636384],[-97.04307548886331,49.94343910059627],[-97.04309798054395,49.94226680684434],[-97.0453561012983,49.94207749153481],[-97.04695641289145,49.94255420404538],[-97.04791270748478,49.9416528093276]]]},"properties":{"DAUID":"46110774","DGUID":"2021S051246110774","LANDAREA":0.2018,"PRUID":"46","CMA":"Winnipeg"}},
{"type":"Feature","geometry":{"type":"Polygon","coordinates":[[[-97.04426370870932,49.9343593054025],[-97.04258650265028,49.93379129632452],[-97.04434800597973,49.931932105851374],[-97.0454050093043,49.93129329588478],[-97.04434079068788,49.93107739264312],[-97.0400919114642,49.935512202932536],[-97.03861491777369,49.9375651042019],[-97.03947918392834,49.9379035124983],[-97.04791270748478,49.9416528093276],[-97.04945438703803,49.940752291359395],[-97.04812320493423,49.93989339650925],[-97.04766871337176,49.938725290729636],[-97.04538318645405,49.93768839944096],[-97.04337351645928,49.93569358961658],[-97.0453244844786,49.93500690690597],[-97.04426370870932,49.9343593054025]]]},"properties":{"DAUID":"46110775","DGUID":"2021S051246110775","LANDAREA":0.2829,"PRUID":"46","CMA":"Winnipeg"}},
{"type":"Feature","geometry":{"type":"Polygon","coordinates":[[[-97.04950311031082,49.93782070669221],[-97.04636118286511,49.935905897131896],[-97.0453244844786,49.93500690690597],[-97.04337351645928,49.93569358961658],[-97.04538318645405,49.93768839944096],[-97.04766871337176,49.938725290729636],[-97.04812320493423,49.93989339650925],[-97.04945438703803,49.940752291359395],[-97.05050848879084,49.940536113145455],[-97.05116001453351,49.939242795208685],[-97.04950311031082,49.93782070669221]]]},"properties":{"DAUID":"46110776","DGUID":"2021S051246110776","LANDAREA":0.145,"PRUID":"46","CMA":"Winnipeg"}},
{"type":"Feature","geometry":{"type":"Polygon","coordinates":[[[-97.0453244844786,49.93500690690597],[-97.04636118286511,49.935905897131896],[-97.04950311031082,49.93782070669221],[-97.0527757058535,49.93546510625231],[-97.05044640525448,49.93482329421026],[-97.05128309598226,49.934117712948286],[-97.04989871029188,49.93354571163626],[-97.0453244844786,49.93500690690597]]]},"properties":{"DAUID":"46110777","DGUID":"2021S051246110777","LANDAREA":0.1311,"PRUID":"46","CMA":"Winnipeg"}},
{"type":"Feature","geometry":{"type":"Polygon","coordinates":[[[-97.04638779480584,49.93111189791326],[-97.0454050093043,49.93129329588478],[-97.04434800597973,49.931932105851374],[-97.04258650265028,49.93379129632452],[-97.04426370870932,49.9343593054025],[-97.04496388600185,49.933930393119496],[-97.0490172909367,49.93259538859063],[-97.04663060550573,49.931655711612585],[-97.04638779480584,49.93111189791326]]]},"properties":{"DAUID":"46110778","DGUID":"2021S051246110778","LANDAREA":0.0786,"PRUID":"46","CMA":"Winnipeg"}},
{"type":"Feature","geometry":{"type":"Polygon","coordinates":[[[-97.06660333575356,49.93272505270553],[-97.05898930434303,49.93014009356097],[-97.0583584184625,49.92901929812262],[-97.0576273171977,49.929528800860524],[-97.05402460047345,49.93075460872919],[-97.05354098638526,49.93030581211821],[-97.05161299635031,49.92663040619004],[-97.05304279159101,49.925035297016464],[-97.0514204059765,49.9244953033857],[-97.04536530625292,49.93089680751861],[-97.0454050093043,49.93129329588478],[-97.04638779480584,49.93111189791326],[-97.04815081341127,49.930934789925544],[-97.04969698835886,49.931293592211695],[-97.06083559970014,49.9349975086516],[-97.06038508266379,49.93545771320897],[-97.05694718508286,49.93431169557833],[-97.05694179810953,49.935831804020815],[-97.0607061058658,49.93718108707387],[-97.06288694029685,49.93567736243712],[-97.06660333575356,49.93272505270553]]]},"properties":{"DAUID":"46110779","DGUID":"2021S051246110779","LANDAREA":0.6738,"PRUID":"46","CMA":"Winnipeg"}},
{"type":"Feature","geometry":{"type":"Polygon","coordinates":[[[-97.0583584184625,49.92901929812262],[-97.05696120496407,49.92842020667773],[-97.05516848948719,49.92622231074813],[-97.05304279159101,49.925035297016464],[-97.05161299635031,49.92663040619004],[-97.05354098638526,49.93030581211821],[-97.05402460047345,49.93075460872919],[-97.0576273171977,49.929528800860524],[-97.0583584184625,49.92901929812262]]]},"properties":{"DAUID":"46110780","DGUID":"2021S051246110780","LANDAREA":0.1527,"PRUID":"46","CMA":"Winnipeg"}},
{"type":"Feature","geometry":{"type":"Polygon","coordinates":[[[-97.0702485627306,49.929836065987914],[-97.07098301173356,49.92937009748816],[-97.06361170197208,49.92693041041799],[-97.05906019475108,49.92542399856512],[-97.05259859982557,49.923264799778195],[-97.0514204059765,49.9244953033857],[-97.05304279159101,49.925035297016464],[-97.05516848948719,49.92622231074813],[-97.05696120496407,49.92842020667773],[-97.0583584184625,49.92901929812262],[-97.05898930434303,49.93014009356097],[-97.06660333575356,49.93272505270553],[-97.0702485627306,49.929836065987914]]]},"properties":{"DAUID":"46110781","DGUID":"2021S051246110781","LANDAREA":0.5185,"PRUID":"46","CMA":"Winnipeg"}},
{"type":"Feature","geometry":{"type":"Polygon","coordinates":[[[-97.05713039755051,49.92109210972731],[-97.05571670287786,49.922642506765975],[-97.05688210139333,49.92380440418247],[-97.05958891117008,49.92474930884325],[-97.06188758206994,49.92232310949545],[-97.06089849646476,49.92197369976821],[-97.05878331311288,49.92121870167754],[-97.05713039755051,49.92109210972731]]]},"properties":{"DAUID":"46110782","DGUID":"2021S051246110782","LANDAREA":0.1066,"PRUID":"46","CMA":"Winnipeg"}},
{"type":"Feature","geometry":{"type":"Polygon","coordinates":[[[-97.05906019475108,49.92542399856512],[-97.05958891117008,49.92474930884325],[-97.05688210139333,49.92380440418247],[-97.05571670287786,49.922642506765975],[-97.05713039755051,49.92109210972731],[-97.05533120474715,49.92045019040179],[-97.05336728730265,49.92251309413129],[-97.05259859982557,49.923264799778195],[-97.05906019475108,49.92542399856512]]]},"properties":{"DAUID":"46110783","DGUID":"2021S051246110783","LANDAREA":0.0912,"PRUID":"46","CMA":"Winnipeg"}},
{"type":"Feature","geometry":{"type":"Polygon","coordinates":[[[-97.06089849646476,49.92197369976821],[-97.06140251676752,49.92121759972852],[-97.05798310234033,49.919981998969575],[-97.06041690255154,49.91765698896779],[-97.058702685904,49.91698070508417],[-97.05533120474715,49.92045019040179],[-97.05713039755051,49.92109210972731],[-97.05878331311288,49.92121870167754],[-97.06089849646476,49.92197369976821]]]},"properties":{"DAUID":"46110784","DGUID":"2021S051246110784","LANDAREA":0.091,"PRUID":"46","CMA":"Winnipeg"}},
{"type":"Feature","geometry":{"type":"Polygon","coordinates":[[[-97.06188758206994,49.92232310949545],[-97.06475818410524,49.91917781190201],[-97.06041690255154,49.91765698896779],[-97.05798310234033,49.919981998969575],[-97.06140251676752,49.92121759972852],[-97.06089849646476,49.92197369976821],[-97.06188758206994,49.92232310949545]]]},"properties":{"DAUID":"46110785","DGUID":"2021S051246110785","LANDAREA":0.1246,"PRUID":"46","CMA":"Winnipeg"}},
{"type":"Feature","geometry":{"type":"Polygon","coordinates":[[[-97.06041690255154,49.91765698896779],[-97.06475818410524,49.91917781190201],[-97.06602438981727,49.91757531266592],[-97.06393791509821,49.91675488927233],[-97.0599170108553,49.91552698767111],[-97.058702685904,49.91698070508417],[-97.06041690255154,49.91765698896779]]]},"properties":{"DAUID":"46110786","DGUID":"2021S051246110786","LANDAREA":0.0996,"PRUID":"46","CMA":"Winnipeg"}},
{"type":"Feature","geometry":{"type":"Polygon","coordinates":[[[-97.06393791509821,49.91675488927233],[-97.06571551088683,49.916144399916355],[-97.06405841696547,49.91543309447417],[-97.0647903879348,49.914545913304785],[-97.06154590369795,49.913475212142366],[-97.0599170108553,49.91552698767111],[-97.06393791509821,49.91675488927233]]]},"properties":{"DAUID":"46110787","DGUID":"2021S051246110787","LANDAREA":0.0803,"PRUID":"46","CMA":"Winnipeg"}},
{"type":"Feature","geometry":{"type":"Polygon","coordinates":[[[-97.06602438981727,49.91757531266592],[-97.06767607984709,49.91553849672589],[-97.0647903879348,49.914545913304785],[-97.06405841696547,49.91543309447417],[-97.06571551088683,49.916144399916355],[-97.06393791509821,49.91675488927233],[-97.06602438981727,49.91757531266592]]]},"properties":{"DAUID":"46110788","DGUID":"2021S051246110788","LANDAREA":0.0433,"PRUID":"46","CMA":"Winnipeg"}},
{"type":"Feature","geometry":{"type":"Polygon","coordinates":[[[-97.0647903879348,49.914545913304785],[-97.06767607984709,49.91553849672589],[-97.06945121571296,49.913993909237725],[-97.0651662176057,49.91258951097726],[-97.06278289547765,49.91180481056703],[-97.06154590369795,49.913475212142366],[-97.0647903879348,49.914545913304785]]]},"properties":{"DAUID":"46110789","DGUID":"2021S051246110789","LANDAREA":0.1073,"PRUID":"46","CMA":"Winnipeg"}},
{"type":"Feature","geometry":{"type":"Polygon","coordinates":[[[-97.07101708136219,49.91210398828388],[-97.07255898073784,49.9101147899753],[-97.07019459007672,49.90932891087053],[-97.06861031869455,49.909590303018376],[-97.06755839263467,49.90977071260042],[-97.0651662176057,49.91258951097726],[-97.06945121571296,49.913993909237725],[-97.07101708136219,49.91210398828388]]]},"properties":{"DAUID":"46110790","DGUID":"2021S051246110790","LANDAREA":0.1475,"PRUID":"46","CMA":"Winnipeg"}},
{"type":"Feature","geometry":{"type":"Polygon","coordinates":[[[-97.0651662176057,49.91258951097726],[-97.06755839263467,49.90977071260042],[-97.06861031869455,49.909590303018376],[-97.06834489152162,49.908911299827466],[-97.06440340342009,49.909601089301695],[-97.06278289547765,49.91180481056703],[-97.0651662176057,49.91258951097726]]]},"properties":{"DAUID":"46110791","DGUID":"2021S051246110791","LANDAREA":0.0795,"PRUID":"46","CMA":"Winnipeg"}},
{"type":"Feature","geometry":{"type":"Polygon","coordinates":[[[-97.07255898073784,49.9101147899753],[-97.07304420480389,49.90947519103407],[-97.06892080780801,49.908093288328786],[-97.0661043910358,49.907119912197615],[-97.06440340342009,49.909601089301695],[-97.06834489152162,49.908911299827466],[-97.06861031869455,49.909590303018376],[-97.07019459007672,49.90932891087053],[-97.07255898073784,49.9101147899753]]]},"properties":{"DAUID":"46110792","DGUID":"2021S051246110792","LANDAREA":0.0778,"PRUID":"46","CMA":"Winnipeg"}},
{"type":"Feature","geometry":{"type":"Polygon","coordinates":[[[-97.07081101297578,49.90575009272992],[-97.07205528927057,49.904232587935944],[-97.07302630048764,49.90468051011228],[-97.0718416076612,49.90610009055893],[-97.07295470400524,49.90647839751947],[-97.07418431892613,49.904978601159186],[-97.07675518509464,49.90582189875053],[-97.0775689069199,49.90567349224017],[-97.07447888871572,49.90438275218246],[-97.06918688283795,49.90287500709065],[-97.06784310212623,49.90473820086052],[-97.07081101297578,49.90575009272992]]]},"properties":{"DAUID":"46110795","DGUID":"2021S051246110795","LANDAREA":0.0988,"PRUID":"46","CMA":"Winnipeg"}},
{"type":"Feature","geometry":{"type":"Polygon","coordinates":[[[-97.07708681076305,49.9107925867737],[-97.07304420480389,49.90947519103407],[-97.07255898073784,49.9101147899753],[-97.07101708136219,49.91210398828388],[-97.07499029643903,49.913420408219814],[-97.0765449185336,49.911458310520196],[-97.07708681076305,49.9107925867737]]]},"properties":{"DAUID":"46110798","DGUID":"2021S051246110798","LANDAREA":0.1132,"PRUID":"46","CMA":"Winnipeg"}},
{"type":"Feature","geometry":{"type":"Polygon","coordinates":[[[-97.08837754312292,49.90545025429724],[-97.0874754102673,49.90451510944812],[-97.08281531328696,49.90367349198608],[-97.08200430784986,49.90568449590008],[-97.08034169950427,49.906035587830566],[-97.07786550601354,49.90521960787346],[-97.0775689069199,49.90567349224017],[-97.08173143815631,49.90652724319168],[-97.08837754312292,49.90545025429724]]]},"properties":{"DAUID":"46110799","DGUID":"2021S051246110799","LANDAREA":0.096,"PRUID":"46","CMA":"Winnipeg"}},
{"type":"Feature","geometry":{"type":"Polygon","coordinates":[[[-97.08281531328696,49.90367349198608],[-97.08313679460505,49.9029412100818],[-97.0791539147178,49.90223660142172],[-97.07539231753798,49.90157160085046],[-97.07509930984689,49.90228630362788],[-97.07491431194924,49.90308380657556],[-97.07849470233349,49.90375490434077],[-97.07786550601354,49.90521960787346],[-97.08034169950427,49.906035587830566],[-97.08200430784986,49.90568449590008],[-97.08281531328696,49.90367349198608]]]},"properties":{"DAUID":"46110800","DGUID":"2021S051246110800","LANDAREA":0.156,"PRUID":"46","CMA":"Winnipeg"}},
{"type":"Feature","geometry":{"type":"Polygon","coordinates":[[[-97.0775689069199,49.90567349224017],[-97.07786550601354,49.90521960787346],[-97.07849470233349,49.90375490434077],[-97.07491431194924,49.90308380657556],[-97.07509930984689,49.90228630362788],[-97.07255570252039,49.90181229385589],[-97.07184821135355,49.90314078782504],[-97.06952379759082,49.902409504462575],[-97.06918688283795,49.90287500709065],[-97.07447888871572,49.90438275218246],[-97.0775689069199,49.90567349224017]]]},"properties":{"DAUID":"46110801","DGUID":"2021S051246110801","LANDAREA":0.1047,"PRUID":"46","CMA":"Winnipeg"}},
{"type":"Feature","geometry":{"type":"Polygon","coordinates":[[[-97.0791539147178,49.90223660142172],[-97.0807775093761,49.898521592312555],[-97.07708548236789,49.89786669607176],[-97.07620428534493,49.899714104307215],[-97.07201380668269,49.89898778899178],[-97.06952379759082,49.902409504462575],[-97.07184821135355,49.90314078782504],[-97.07255570252039,49.90181229385589],[-97.07509930984689,49.90228630362788],[-97.07539231753798,49.90157160085046],[-97.0791539147178,49.90223660142172]]]},"properties":{"DAUID":"46110802","DGUID":"2021S051246110802","LANDAREA":0.2465,"PRUID":"46","CMA":"Winnipeg"}},
{"type":"Feature","geometry":{"type":"Polygon","coordinates":[[[-97.0874754102673,49.90451510944812],[-97.08859441376693,49.90192489872401],[-97.09266029998753,49.902648510295734],[-97.09383082511309,49.89893926322791],[-97.09471501277906,49.89702449197987],[-97.07894531023238,49.89416458911593],[-97.07760660558111,49.89526679242236],[-97.07201380668269,49.89898778899178],[-97.07620428534493,49.899714104307215],[-97.07708548236789,49.89786669607176],[-97.0807775093761,49.898521592312555],[-97.0791539147178,49.90223660142172],[-97.08313679460505,49.9029412100818],[-97.08281531328696,49.90367349198608],[-97.0874754102673,49.90451510944812]]]},"properties":{"DAUID":"46110803","DGUID":"2021S051246110803","LANDAREA":0.9823,"PRUID":"46","CMA":"Winnipeg"}},
{"type":"Feature","geometry":{"type":"Polygon","coordinates":[[[-97.1062335184414,49.902516735528806],[-97.10518305613945,49.90212007170239],[-97.10478426363534,49.901101577131634],[-97.10532551537048,49.89894340771399],[-97.09471501277906,49.89702449197987],[-97.09383082511309,49.89893926322791],[-97.09266029998753,49.902648510295734],[-97.08859441376693,49.90192489872401],[-97.0874754102673,49.90451510944812],[-97.08837754312292,49.90545025429724],[-97.09510333119589,49.904365484866176],[-97.1062335184414,49.902516735528806]]]},"properties":{"DAUID":"46110804","DGUID":"2021S051246110804","LANDAREA":0.6506,"PRUID":"46","CMA":"Winnipeg"}},
{"type":"Feature","geometry":{"type":"Polygon","coordinates":[[[-97.12855080288887,49.892926588566624],[-97.1271017011711,49.89103743166492],[-97.12502319788105,49.89146840284611],[-97.1265584050204,49.893999389621484],[-97.12398498540738,49.894650388970014],[-97.12450961568427,49.89548641021709],[-97.12128799409726,49.89633379648288],[-97.1208202131365,49.89547170033025],[-97.11638838701272,49.89664110054584],[-97.1150073896,49.895989003335664],[-97.11335569368575,49.894423899542375],[-97.10913719291248,49.895479595856365],[-97.11008459142616,49.89724909679393],[-97.10863541908746,49.89763020984295],[-97.10903339232009,49.89849119493949],[-97.10646416268536,49.899037629505585],[-97.10532551537048,49.89894340771399],[-97.10478426363534,49.901101577131634],[-97.10518305613945,49.90212007170239],[-97.1062335184414,49.902516735528806],[-97.10860724631644,49.90269422044011],[-97.10928094144707,49.90141644686861],[-97.11055098794846,49.900695480566704],[-97.11416911557109,49.900344723468386],[-97.12380776024804,49.90092387539133],[-97.12639095214506,49.90047544267399],[-97.12972466986893,49.89925648763268],[-97.13115977713065,49.89797535385714],[-97.13084614657346,49.895438000156574],[-97.12855080288887,49.892926588566624]]]},"properties":{"DAUID":"46110805","DGUID":"2021S051246110805","LANDAREA":0.8604,"PRUID":"46","CMA":"Winnipeg"}},
{"type":"Feature","geometry":{"type":"Polygon","coordinates":[[[-97.11335569368575,49.894423899542375],[-97.11644899684188,49.893655689080305],[-97.11477471685063,49.89088500382423],[-97.11345242130764,49.89123231164692],[-97.11170779324242,49.891868607892285],[-97.10692075514123,49.89269173081456],[-97.10503521055088,49.892489194300836],[-97.1031460833961,49.89288809985617],[-97.1054606386646,49.897343677027024],[-97.10532551537048,49.89894340771399],[-97.10646416268536,49.899037629505585],[-97.10903339232009,49.89849119493949],[-97.10863541908746,49.89763020984295],[-97.11008459142616,49.89724909679393],[-97.10913719291248,49.895479595856365],[-97.11335569368575,49.894423899542375]]]},"properties":{"DAUID":"46110806","DGUID":"2021S051246110806","LANDAREA":0.3894,"PRUID":"46","CMA":"Winnipeg"}},
{"type":"Feature","geometry":{"type":"Polygon","coordinates":[[[-97.1208202131365,49.89547170033025],[-97.11930348038143,49.89293749260847],[-97.11644899684188,49.893655689080305],[-97.11335569368575,49.894423899542375],[-97.1150073896,49.895989003335664],[-97.11638838701272,49.89664110054584],[-97.1208202131365,49.89547170033025]]]},"properties":{"DAUID":"46110807","DGUID":"2021S051246110807","LANDAREA":0.1267,"PRUID":"46","CMA":"Winnipeg"}},
{"type":"Feature","geometry":{"type":"Polygon","coordinates":[[[-97.12502319788105,49.89146840284611],[-97.11930348038143,49.89293749260847],[-97.1208202131365,49.89547170033025],[-97.12128799409726,49.89633379648288],[-97.12450961568427,49.89548641021709],[-97.12398498540738,49.894650388970014],[-97.1265584050204,49.893999389621484],[-97.12502319788105,49.89146840284611]]]},"properties":{"DAUID":"46110808","DGUID":"2021S051246110808","LANDAREA":0.1581,"PRUID":"46","CMA":"Winnipeg"}},
{"type":"Feature","geometry":{"type":"Polygon","coordinates":[[[-97.11758689782009,49.89017508959408],[-97.11477471685063,49.89088500382423],[-97.11644899684188,49.893655689080305],[-97.11930348038143,49.89293749260847],[-97.12502319788105,49.89146840284611],[-97.1271017011711,49.89103743166492],[-97.12563549384605,49.88935934529258],[-97.12416699262279,49.88959819857811],[-97.1190633133244,49.889803293317065],[-97.11758689782009,49.89017508959408]]]},"properties":{"DAUID":"46110809","DGUID":"2021S051246110809","LANDAREA":0.2129,"PRUID":"46","CMA":"Winnipeg"}},
{"type":"Feature","geometry":{"type":"Polygon","coordinates":[[[-97.12563549384605,49.88935934529258],[-97.1271017011711,49.89103743166492],[-97.12855080288887,49.892926588566624],[-97.13008438140722,49.89299208062816],[-97.13445333979014,49.89405046706351],[-97.13518218252743,49.894597203662755],[-97.13826508565431,49.8955373111612],[-97.13935211701717,49.89514999320472],[-97.13963390712289,49.89506449447784],[-97.13794451546673,49.89156529628662],[-97.14044549196832,49.8909757908653],[-97.13966630375099,49.88951509696415],[-97.1355781166253,49.890403308207354],[-97.13475909361188,49.888959492528144],[-97.13263328436157,49.885670729713084],[-97.12691085200528,49.88585982557162],[-97.12597486644913,49.88660910100153],[-97.12543398862454,49.887958085373626],[-97.12563549384605,49.88935934529258]]]},"properties":{"DAUID":"46110810","DGUID":"2021S051246110810","LANDAREA":0.5754,"PRUID":"46","CMA":"Winnipeg"}},
{"type":"Feature","geometry":{"type":"Polygon","coordinates":[[[-97.11311961499825,49.88833938771645],[-97.11345242130764,49.89123231164692],[-97.11477471685063,49.89088500382423],[-97.11758689782009,49.89017508959408],[-97.11732651069782,49.88828189731924],[-97.11445671456578,49.88832519313131],[-97.11311961499825,49.88833938771645]]]},"properties":{"DAUID":"46110811","DGUID":"2021S051246110811","LANDAREA":0.0808,"PRUID":"46","CMA":"Winnipeg"}},
{"type":"Feature","geometry":{"type":"Polygon","coordinates":[[[-97.1112756022705,49.884576509971104],[-97.10732891248311,49.88475489864284],[-97.10525968796253,49.8857616068078],[-97.10266969714839,49.88564707128686],[-97.09968449050783,49.886165190871274],[-97.1031460833961,49.89288809985617],[-97.10503521055088,49.892489194300836],[-97.10692075514123,49.89269173081456],[-97.11170779324242,49.891868607892285],[-97.11345242130764,49.89123231164692],[-97.11311961499825,49.88833938771645],[-97.11174110348267,49.88834400836086],[-97.1112756022705,49.884576509971104]]]},"properties":{"DAUID":"46110812","DGUID":"2021S051246110812","LANDAREA":0.6205,"PRUID":"46","CMA":"Winnipeg"}},
{"type":"Feature","geometry":{"type":"Polygon","coordinates":[[[-97.10217250310396,49.88205309415368],[-97.10287280520782,49.88371960436221],[-97.10266969714839,49.88564707128686],[-97.10525968796253,49.8857616068078],[-97.10732891248311,49.88475489864284],[-97.1112756022705,49.884576509971104],[-97.11089319290281,49.88188970296161],[-97.11076069116226,49.88100599539071],[-97.10766601464522,49.88111750307183],[-97.10779781358826,49.882019093191396],[-97.10217250310396,49.88205309415368]]]},"properties":{"DAUID":"46110813","DGUID":"2021S051246110813","LANDAREA":0.2228,"PRUID":"46","CMA":"Winnipeg"}},
{"type":"Feature","geometry":{"type":"Polygon","coordinates":[[[-97.09750938036287,49.88192673659276],[-97.09968449050783,49.886165190871274],[-97.10266969714839,49.88564707128686],[-97.10287280520782,49.88371960436221],[-97.10217250310396,49.88205309415368],[-97.09877437747194,49.88193517843355],[-97.09750938036287,49.88192673659276]]]},"properties":{"DAUID":"46110814","DGUID":"2021S051246110814","LANDAREA":0.1268,"PRUID":"46","CMA":"Winnipeg"}},
{"type":"Feature","geometry":{"type":"Polygon","coordinates":[[[-97.06405288345849,49.86546530225815],[-97.07028591311791,49.87029509610714],[-97.07224631294848,49.86938879223263],[-97.07225760502375,49.865260306533216],[-97.06839409037933,49.86513300247871],[-97.06459319057113,49.86517749857947],[-97.06405288345849,49.86546530225815]]]},"properties":{"DAUID":"46110816","DGUID":"2021S051246110816","LANDAREA":0.2036,"PRUID":"46","CMA":"Winnipeg"}},
{"type":"Feature","geometry":{"type":"Polygon","coordinates":[[[-97.07894531023238,49.89416458911593],[-97.07369130595379,49.89323190677816],[-97.07103469445829,49.893090151783525],[-97.06181710067222,49.891670517728194],[-97.05958250134735,49.89035500423695],[-97.05243661327374,49.889593494056435],[-97.04297510931735,49.888034330589036],[-97.04226891088967,49.88969209826173],[-97.04172880315222,49.890996202945985],[-97.04424439302859,49.8914525015877],[-97.04665021071574,49.891870798867274],[-97.04715648810556,49.89070999574162],[-97.04830741839743,49.8908282958595],[-97.0477974949379,49.892079110643245],[-97.04895861325801,49.892287507561264],[-97.04949708771872,49.89101929987705],[-97.05061620615827,49.89123599412499],[-97.05006418942604,49.89249499485874],[-97.05214009272183,49.892808797263804],[-97.05444360561164,49.89265850309568],[-97.05732970294831,49.89325569015887],[-97.05848181206382,49.89473221088801],[-97.05777530081417,49.89637540571317],[-97.06877780552418,49.89842120423356],[-97.07201380668269,49.89898778899178],[-97.07760660558111,49.89526679242236],[-97.07894531023238,49.89416458911593]]]},"properties":{"DAUID":"46110817","DGUID":"2021S051246110817","LANDAREA":1.1786,"PRUID":"46","CMA":"Winnipeg"}},
{"type":"Feature","geometry":{"type":"Polygon","coordinates":[[[-97.04424439302859,49.8914525015877],[-97.04368751483649,49.89282828926593],[-97.04795991221526,49.893574998693815],[-97.04983229151323,49.89306678896729],[-97.05006418942604,49.89249499485874],[-97.05061620615827,49.89123599412499],[-97.04949708771872,49.89101929987705],[-97.04895861325801,49.892287507561264],[-97.0477974949379,49.892079110643245],[-97.04830741839743,49.8908282958595],[-97.04715648810556,49.89070999574162],[-97.04665021071574,49.891870798867274],[-97.04424439302859,49.8914525015877]]]},"properties":{"DAUID":"46110818","DGUID":"2021S051246110818","LANDAREA":0.0893,"PRUID":"46","CMA":"Winnipeg"}},
{"type":"Feature","geometry":{"type":"Polygon","coordinates":[[[-97.04172880315222,49.890996202945985],[-97.04136361806488,49.89176360982393],[-97.03911901558027,49.89149180391959],[-97.03896721541906,49.89248770965651],[-97.04053609650082,49.89362960571759],[-97.04185799024299,49.89365198950654],[-97.04180210223154,49.89537810766149],[-97.05167188933041,49.89544538870903],[-97.05777530081417,49.89637540571317],[-97.05848181206382,49.89473221088801],[-97.05732970294831,49.89325569015887],[-97.05444360561164,49.89265850309568],[-97.05214009272183,49.892808797263804],[-97.05006418942604,49.89249499485874],[-97.04983229151323,49.89306678896729],[-97.04795991221526,49.893574998693815],[-97.04368751483649,49.89282828926593],[-97.04424439302859,49.8914525015877],[-97.04172880315222,49.890996202945985]]]},"properties":{"DAUID":"46110819","DGUID":"2021S051246110819","LANDAREA":0.4064,"PRUID":"46","CMA":"Winnipeg"}},
{"type":"Feature","geometry":{"type":"Polygon","coordinates":[[[-97.04226891088967,49.88969209826173],[-97.0372109164106,49.88876098781475],[-97.0367891866051,49.88920360421878],[-97.03667870824005,49.89226910098771],[-97.03896721541906,49.89248770965651],[-97.03911901558027,49.89149180391959],[-97.04136361806488,49.89176360982393],[-97.04172880315222,49.890996202945985],[-97.04226891088967,49.88969209826173]]]},"properties":{"DAUID":"46110820","DGUID":"2021S051246110820","LANDAREA":0.1167,"PRUID":"46","CMA":"Winnipeg"}},
{"type":"Feature","geometry":{"type":"Polygon","coordinates":[[[-97.04297510931735,49.888034330589036],[-97.0393235597697,49.887432208935486],[-97.02813596543847,49.88745887934445],[-97.02849498386111,49.88979139187402],[-97.03091198849913,49.89027329029565],[-97.0337319821739,49.890429108579426],[-97.03354790175493,49.891190494298606],[-97.03139821454582,49.890983086443434],[-97.03143019619743,49.89361929160395],[-97.04053609650082,49.89362960571759],[-97.03896721541906,49.89248770965651],[-97.03667870824005,49.89226910098771],[-97.0367891866051,49.88920360421878],[-97.0372109164106,49.88876098781475],[-97.04226891088967,49.88969209826173],[-97.04297510931735,49.888034330589036]]]},"properties":{"DAUID":"46110821","DGUID":"2021S051246110821","LANDAREA":0.4193,"PRUID":"46","CMA":"Winnipeg"}},
{"type":"Feature","geometry":{"type":"Polygon","coordinates":[[[-97.04053609650082,49.89362960571759],[-97.03143019619743,49.89361929160395],[-97.03139821454582,49.890983086443434],[-97.03354790175493,49.891190494298606],[-97.0337319821739,49.890429108579426],[-97.03091198849913,49.89027329029565],[-97.02849498386111,49.88979139187402],[-97.02850561095393,49.89123979602435],[-97.02533181225195,49.89122179641321],[-97.02529140226405,49.89357779990321],[-97.0253015094959,49.89759999048608],[-97.02832573884687,49.89842230417436],[-97.03113672179043,49.900168187246855],[-97.03401146099299,49.900879017147936],[-97.03794032954822,49.901370782819626],[-97.04169878470849,49.89614879914344],[-97.04180210223154,49.89537810766149],[-97.04185799024299,49.89365198950654],[-97.04053609650082,49.89362960571759]]]},"properties":{"DAUID":"46110822","DGUID":"2021S051246110822","LANDAREA":0.9301,"PRUID":"46","CMA":"Winnipeg"}},
{"type":"Feature","geometry":{"type":"Polygon","coordinates":[[[-97.02529140226405,49.89357779990321],[-97.01612180837292,49.89342119171211],[-97.01621259399008,49.89595938770773],[-97.02087750777184,49.895958187711834],[-97.02086690622257,49.89757710310243],[-97.0253015094959,49.89759999048608],[-97.02529140226405,49.89357779990321]]]},"properties":{"DAUID":"46110823","DGUID":"2021S051246110823","LANDAREA":0.2392,"PRUID":"46","CMA":"Winnipeg"}},
{"type":"Feature","geometry":{"type":"Polygon","coordinates":[[[-97.01621259399008,49.89595938770773],[-97.01623480057226,49.89915309164504],[-97.01629220945657,49.900809102013106],[-97.01739199420268,49.90081900317182],[-97.0177777083581,49.89922439935005],[-97.02089850509483,49.89918778861191],[-97.02086690622257,49.89757710310243],[-97.02087750777184,49.895958187711834],[-97.01621259399008,49.89595938770773]]]},"properties":{"DAUID":"46110824","DGUID":"2021S051246110824","LANDAREA":0.1363,"PRUID":"46","CMA":"Winnipeg"}},
{"type":"Feature","geometry":{"type":"Polygon","coordinates":[[[-97.02086690622257,49.89757710310243],[-97.02089850509483,49.89918778861191],[-97.0177777083581,49.89922439935005],[-97.01739199420268,49.90081900317182],[-97.02535659243874,49.900846999962226],[-97.0253015094959,49.89759999048608],[-97.02086690622257,49.89757710310243]]]},"properties":{"DAUID":"46110825","DGUID":"2021S051246110825","LANDAREA":0.159,"PRUID":"46","CMA":"Winnipeg"}},
{"type":"Feature","geometry":{"type":"Polygon","coordinates":[[[-97.01629220945657,49.900809102013106],[-97.01625088323382,49.90317420036891],[-97.01620380228943,49.90466200855302],[-97.0163261512803,49.90577231023878],[-97.02528422401329,49.903167133636074],[-97.02535659243874,49.900846999962226],[-97.01739199420268,49.90081900317182],[-97.01629220945657,49.900809102013106]]]},"properties":{"DAUID":"46110826","DGUID":"2021S051246110826","LANDAREA":0.2648,"PRUID":"46","CMA":"Winnipeg"}},
{"type":"Feature","geometry":{"type":"Polygon","coordinates":[[[-97.01623480057226,49.89915309164504],[-97.01208710072018,49.8990999976699],[-97.01212967948366,49.90077379351898],[-97.01208751783774,49.903156790078164],[-97.01625088323382,49.90317420036891],[-97.01629220945657,49.900809102013106],[-97.01623480057226,49.89915309164504]]]},"properties":{"DAUID":"46110827","DGUID":"2021S051246110827","LANDAREA":0.1344,"PRUID":"46","CMA":"Winnipeg"}},
{"type":"Feature","geometry":{"type":"Polygon","coordinates":[[[-97.01625088323382,49.90317420036891],[-97.01208751783774,49.903156790078164],[-97.01212967948366,49.90077379351898],[-97.0080094051047,49.9007300991192],[-97.00799880151608,49.90233998866452],[-97.00550689250366,49.902315207911286],[-97.0054958142296,49.903092992633],[-97.00547399669459,49.90462700956967],[-97.00793770999701,49.904671996280484],[-97.01620380228943,49.90466200855302],[-97.01625088323382,49.90317420036891]]]},"properties":{"DAUID":"46110828","DGUID":"2021S051246110828","LANDAREA":0.2252,"PRUID":"46","CMA":"Winnipeg"}},
{"type":"Feature","geometry":{"type":"Polygon","coordinates":[[[-97.01208710072018,49.8990999976699],[-97.01202768838147,49.89749779232762],[-97.00799071193859,49.89746449229997],[-97.00551230688544,49.89745789799341],[-97.00551769764047,49.8990140971089],[-97.00551070529608,49.89985959127442],[-97.00800278242383,49.89987540782532],[-97.0080094051047,49.9007300991192],[-97.01212967948366,49.90077379351898],[-97.01208710072018,49.8990999976699]]]},"properties":{"DAUID":"46110829","DGUID":"2021S051246110829","LANDAREA":0.1546,"PRUID":"46","CMA":"Winnipeg"}},
{"type":"Feature","geometry":{"type":"Polygon","coordinates":[[[-97.0080094051047,49.9007300991192],[-97.00800278242383,49.89987540782532],[-97.00551070529608,49.89985959127442],[-97.00551769764047,49.8990140971089],[-97.00250931620612,49.89902531229045],[-97.0024676828172,49.90307230493781],[-97.0054958142296,49.903092992633],[-97.00550689250366,49.902315207911286],[-97.00799880151608,49.90233998866452],[-97.0080094051047,49.9007300991192]]]},"properties":{"DAUID":"46110830","DGUID":"2021S051246110830","LANDAREA":0.1466,"PRUID":"46","CMA":"Winnipeg"}},
{"type":"Feature","geometry":{"type":"Polygon","coordinates":[[[-97.00799071193859,49.89746449229997],[-97.00788201324781,49.89334290001709],[-97.00243939141932,49.89334839532224],[-97.00248002941592,49.8966590989917],[-97.00250931620612,49.89902531229045],[-97.00551769764047,49.8990140971089],[-97.00551230688544,49.89745789799341],[-97.00799071193859,49.89746449229997]]]},"properties":{"DAUID":"46110831","DGUID":"2021S051246110831","LANDAREA":0.2178,"PRUID":"46","CMA":"Winnipeg"}},
{"type":"Feature","geometry":{"type":"Polygon","coordinates":[[[-97.01202768838147,49.89749779232762],[-97.01196069254127,49.89336789607377],[-97.00788201324781,49.89334290001709],[-97.00799071193859,49.89746449229997],[-97.01202768838147,49.89749779232762]]]},"properties":{"DAUID":"46110832","DGUID":"2021S051246110832","LANDAREA":0.1336,"PRUID":"46","CMA":"Winnipeg"}},
{"type":"Feature","geometry":{"type":"Polygon","coordinates":[[[-97.01612180837292,49.89342119171211],[-97.01196069254127,49.89336789607377],[-97.01202768838147,49.89749779232762],[-97.01208710072018,49.8990999976699],[-97.01623480057226,49.89915309164504],[-97.01621259399008,49.89595938770773],[-97.01612180837292,49.89342119171211]]]},"properties":{"DAUID":"46110833","DGUID":"2021S051246110833","LANDAREA":0.1915,"PRUID":"46","CMA":"Winnipeg"}},
{"type":"Feature","geometry":{"type":"Polygon","coordinates":[[[-97.0393235597697,49.887432208935486],[-97.03137571114705,49.8860623953235],[-97.02601581656081,49.88606119707315],[-97.02071561587739,49.88596180376954],[-96.99892650724094,49.885992510573026],[-96.99893041160101,49.88387870531378],[-96.98126568491479,49.88384220157463],[-96.98127418510016,49.88597418831478],[-96.9669210169911,49.88596621093727],[-96.96062461163805,49.886053510875406],[-96.9559965249759,49.885961293737616],[-96.95674611894958,49.891781015180044],[-96.9566361330789,49.89313230699704],[-96.95909953606422,49.893179422019976],[-96.96819381357926,49.89337099105409],[-96.98011340260688,49.893437989471764],[-96.98885929000068,49.8934011986064],[-96.99338548528299,49.8933806947301],[-96.99791159970519,49.893360012629984],[-97.00243939141932,49.89334839532224],[-97.00788201324781,49.89334290001709],[-97.01196069254127,49.89336789607377],[-97.01612180837292,49.89342119171211],[-97.02529140226405,49.89357779990321],[-97.02533181225195,49.89122179641321],[-97.02850561095393,49.89123979602435],[-97.02849498386111,49.88979139187402],[-97.02813596543847,49.88745887934445],[-97.0393235597697,49.887432208935486]]]},"properties":{"DAUID":"46110834","DGUID":"2021S051246110834","LANDAREA":4.5636,"PRUID":"46","CMA":"Winnipeg"}},
{"type":"Feature","geometry":{"type":"Polygon","coordinates":[[[-97.02601581656081,49.88606119707315],[-97.02690548298013,49.88438529737197],[-97.0269738898934,49.876902492747405],[-97.02691961759345,49.87106184986677],[-96.98264558320419,49.87111110053171],[-96.98129700092491,49.87107859709667],[-96.98126568491479,49.88384220157463],[-96.99893041160101,49.88387870531378],[-96.99892650724094,49.885992510573026],[-97.02071561587739,49.88596180376954],[-97.02601581656081,49.88606119707315]]]},"properties":{"DAUID":"46110835","DGUID":"2021S051246110835","LANDAREA":5.1324,"PRUID":"46","CMA":"Winnipeg"}},
{"type":"Feature","geometry":{"type":"Polygon","coordinates":[[[-97.00243939141932,49.89334839532224],[-96.99791159970519,49.893360012629984],[-96.99797942082566,49.89508820892173],[-96.99566729845515,49.89510229769419],[-96.9957134079388,49.89667720727186],[-96.99798310610359,49.89668038734551],[-96.99797440218762,49.89587969051866],[-97.00021489074467,49.895864405350686],[-97.00019780726643,49.89666469318013],[-97.00248002941592,49.8966590989917],[-97.00243939141932,49.89334839532224]]]},"properties":{"DAUID":"46110836","DGUID":"2021S051246110836","LANDAREA":0.1351,"PRUID":"46","CMA":"Winnipeg"}},
{"type":"Feature","geometry":{"type":"Polygon","coordinates":[[[-96.99338548528299,49.8933806947301],[-96.99343768948502,49.89749240125965],[-96.99572171169092,49.89748689807925],[-96.9957134079388,49.89667720727186],[-96.99566729845515,49.89510229769419],[-96.99797942082566,49.89508820892173],[-96.99791159970519,49.893360012629984],[-96.99338548528299,49.8933806947301]]]},"properties":{"DAUID":"46110837","DGUID":"2021S051246110837","LANDAREA":0.106,"PRUID":"46","CMA":"Winnipeg"}},
{"type":"Feature","geometry":{"type":"Polygon","coordinates":[[[-97.00248002941592,49.8966590989917],[-97.00019780726643,49.89666469318013],[-97.00021489074467,49.895864405350686],[-96.99797440218762,49.89587969051866],[-96.99798310610359,49.89668038734551],[-96.9957134079388,49.89667720727186],[-96.99572171169092,49.89748689807925],[-96.99343768948502,49.89749240125965],[-96.99348859151542,49.90089259818655],[-96.99803418914996,49.90082808815074],[-96.9980315070112,49.89988359972694],[-97.00005794215755,49.89902706685938],[-97.00250931620612,49.89902531229045],[-97.00248002941592,49.8966590989917]]]},"properties":{"DAUID":"46110838","DGUID":"2021S051246110838","LANDAREA":0.247,"PRUID":"46","CMA":"Winnipeg"}},
{"type":"Feature","geometry":{"type":"Polygon","coordinates":[[[-96.99343768948502,49.89749240125965],[-96.98891108104571,49.89751290574697],[-96.98895071323227,49.90091369906512],[-96.99348859151542,49.90089259818655],[-96.99343768948502,49.89749240125965]]]},"properties":{"DAUID":"46110839","DGUID":"2021S051246110839","LANDAREA":0.1234,"PRUID":"46","CMA":"Winnipeg"}},
{"type":"Feature","geometry":{"type":"Polygon","coordinates":[[[-96.99348859151542,49.90089259818655],[-96.98895071323227,49.90091369906512],[-96.98892352049023,49.90324300652719],[-96.98891959550852,49.90400749898908],[-96.99335041756981,49.90395841133729],[-96.99446529642981,49.90394169337413],[-96.995415996333,49.903517405454245],[-96.9953813888672,49.90166379584997],[-96.99801608390736,49.90160139191847],[-96.99803418914996,49.90082808815074],[-96.99348859151542,49.90089259818655]]]},"properties":{"DAUID":"46110840","DGUID":"2021S051246110840","LANDAREA":0.1745,"PRUID":"46","CMA":"Winnipeg"}},
{"type":"Feature","geometry":{"type":"Polygon","coordinates":[[[-96.99446529642981,49.90394169337413],[-96.99451819949589,49.904680187336986],[-96.99794490325729,49.90466748799167],[-97.00242438907505,49.90462499619264],[-97.0024676828172,49.90307230493781],[-96.99799501314834,49.9031212006487],[-96.99801608390736,49.90160139191847],[-96.9953813888672,49.90166379584997],[-96.995415996333,49.903517405454245],[-96.99446529642981,49.90394169337413]]]},"properties":{"DAUID":"46110841","DGUID":"2021S051246110841","LANDAREA":0.1234,"PRUID":"46","CMA":"Winnipeg"}},
{"type":"Feature","geometry":{"type":"Polygon","coordinates":[[[-97.00250931620612,49.89902531229045],[-97.00005794215755,49.89902706685938],[-96.9980315070112,49.89988359972694],[-96.99803418914996,49.90082808815074],[-96.99801608390736,49.90160139191847],[-96.99799501314834,49.9031212006487],[-97.0024676828172,49.90307230493781],[-97.00250931620612,49.89902531229045]]]},"properties":{"DAUID":"46110842","DGUID":"2021S051246110842","LANDAREA":0.1359,"PRUID":"46","CMA":"Winnipeg"}},
{"type":"Feature","geometry":{"type":"Polygon","coordinates":[[[-96.99335041756981,49.90395841133729],[-96.9934193014342,49.90632531008763],[-96.99430310531015,49.90785179070569],[-96.99789890482018,49.90779700232832],[-96.99794490325729,49.90466748799167],[-96.99451819949589,49.904680187336986],[-96.99446529642981,49.90394169337413],[-96.99335041756981,49.90395841133729]]]},"properties":{"DAUID":"46110843","DGUID":"2021S051246110843","LANDAREA":0.1117,"PRUID":"46","CMA":"Winnipeg"}},
{"type":"Feature","geometry":{"type":"Polygon","coordinates":[[[-96.99794490325729,49.90466748799167],[-96.99789890482018,49.90779700232832],[-96.99790469090127,49.90832780615044],[-97.00244171105541,49.9083952080586],[-97.00240558447813,49.90693019976897],[-97.00242438907505,49.90462499619264],[-96.99794490325729,49.90466748799167]]]},"properties":{"DAUID":"46110844","DGUID":"2021S051246110844","LANDAREA":0.1335,"PRUID":"46","CMA":"Winnipeg"}},
{"type":"Feature","geometry":{"type":"Polygon","coordinates":[[[-96.98891959550852,49.90400749898908],[-96.98887620345853,49.906390506180024],[-96.98884649872797,49.90810800005051],[-96.99790469090127,49.90832780615044],[-96.99789890482018,49.90779700232832],[-96.99430310531015,49.90785179070569],[-96.9934193014342,49.90632531008763],[-96.99335041756981,49.90395841133729],[-96.98891959550852,49.90400749898908]]]},"properties":{"DAUID":"46110845","DGUID":"2021S051246110845","LANDAREA":0.1759,"PRUID":"46","CMA":"Winnipeg"}},
{"type":"Feature","geometry":{"type":"Polygon","coordinates":[[[-96.99790469090127,49.90832780615044],[-96.98884649872797,49.90810800005051],[-96.98887620345853,49.906390506180024],[-96.98763709287789,49.90637799720767],[-96.9876393142485,49.90766430107245],[-96.98640810602909,49.90779581266681],[-96.98577650470311,49.905572089573255],[-96.98275491229496,49.905555488427595],[-96.98329111313137,49.907057987124404],[-96.97935119210102,49.90701639397022],[-96.97969250058044,49.90851550287588],[-96.97952471362987,49.915528800771554],[-96.99647381420309,49.91563409384218],[-97.00238128336075,49.91561009631925],[-97.00245614175971,49.90980242284397],[-97.00244171105541,49.9083952080586],[-96.99790469090127,49.90832780615044]]]},"properties":{"DAUID":"46110846","DGUID":"2021S051246110846","LANDAREA":1.4578,"PRUID":"46","CMA":"Winnipeg"}},
{"type":"Feature","geometry":{"type":"Polygon","coordinates":[[[-96.98892352049023,49.90324300652719],[-96.98686340860688,49.90321618857802],[-96.98681851563589,49.90396199703885],[-96.98275241863384,49.90394530855009],[-96.98275491229496,49.905555488427595],[-96.98577650470311,49.905572089573255],[-96.98640810602909,49.90779581266681],[-96.9876393142485,49.90766430107245],[-96.98763709287789,49.90637799720767],[-96.98887620345853,49.906390506180024],[-96.98891959550852,49.90400749898908],[-96.98892352049023,49.90324300652719]]]},"properties":{"DAUID":"46110847","DGUID":"2021S051246110847","LANDAREA":0.1258,"PRUID":"46","CMA":"Winnipeg"}},
{"type":"Feature","geometry":{"type":"Polygon","coordinates":[[[-96.98275491229496,49.905555488427595],[-96.98275241863384,49.90394530855009],[-96.98181921989543,49.903947109982894],[-96.98183181042619,49.9016444901571],[-96.97957580333929,49.90164119376777],[-96.97907609704875,49.90393530093165],[-96.97908821779711,49.90631018793173],[-96.97935119210102,49.90701639397022],[-96.98329111313137,49.907057987124404],[-96.98275491229496,49.905555488427595]]]},"properties":{"DAUID":"46110848","DGUID":"2021S051246110848","LANDAREA":0.1421,"PRUID":"46","CMA":"Winnipeg"}},
{"type":"Feature","geometry":{"type":"Polygon","coordinates":[[[-96.98895071323227,49.90091369906512],[-96.98381379957301,49.90086949071374],[-96.97980369285679,49.90085360792626],[-96.97957580333929,49.90164119376777],[-96.98183181042619,49.9016444901571],[-96.98181921989543,49.903947109982894],[-96.98275241863384,49.90394530855009],[-96.98681851563589,49.90396199703885],[-96.98686340860688,49.90321618857802],[-96.98892352049023,49.90324300652719],[-96.98895071323227,49.90091369906512]]]},"properties":{"DAUID":"46110849","DGUID":"2021S051246110849","LANDAREA":0.1755,"PRUID":"46","CMA":"Winnipeg"}},
{"type":"Feature","geometry":{"type":"Polygon","coordinates":[[[-96.98381379957301,49.90086949071374],[-96.98372541869448,49.89597461119103],[-96.98015951565844,49.89600239797483],[-96.9788082883843,49.8960148939676],[-96.97978360820578,49.89800181067179],[-96.97980369285679,49.90085360792626],[-96.98381379957301,49.90086949071374]]]},"properties":{"DAUID":"46110850","DGUID":"2021S051246110850","LANDAREA":0.1639,"PRUID":"46","CMA":"Winnipeg"}},
{"type":"Feature","geometry":{"type":"Polygon","coordinates":[[[-96.98891108104571,49.89751290574697],[-96.98888021733498,49.895911193689685],[-96.98372541869448,49.89597461119103],[-96.98381379957301,49.90086949071374],[-96.98895071323227,49.90091369906512],[-96.98891108104571,49.89751290574697]]]},"properties":{"DAUID":"46110851","DGUID":"2021S051246110851","LANDAREA":0.2033,"PRUID":"46","CMA":"Winnipeg"}},
{"type":"Feature","geometry":{"type":"Polygon","coordinates":[[[-96.98011340260688,49.893437989471764],[-96.98015951565844,49.89600239797483],[-96.98372541869448,49.89597461119103],[-96.98888021733498,49.895911193689685],[-96.98885929000068,49.8934011986064],[-96.98011340260688,49.893437989471764]]]},"properties":{"DAUID":"46110852","DGUID":"2021S051246110852","LANDAREA":0.177,"PRUID":"46","CMA":"Winnipeg"}},
{"type":"Feature","geometry":{"type":"Polygon","coordinates":[[[-96.98885929000068,49.8934011986064],[-96.98888021733498,49.895911193689685],[-96.98891108104571,49.89751290574697],[-96.99343768948502,49.89749240125965],[-96.99338548528299,49.8933806947301],[-96.98885929000068,49.8934011986064]]]},"properties":{"DAUID":"46110853","DGUID":"2021S051246110853","LANDAREA":0.1491,"PRUID":"46","CMA":"Winnipeg"}},
{"type":"Feature","geometry":{"type":"Polygon","coordinates":[[[-96.97907609704875,49.90393530093165],[-96.97772539579299,49.90392969212603],[-96.97777090099598,49.90250929292856],[-96.97560210416898,49.902417404625126],[-96.97397081681585,49.90312650257895],[-96.97389521193082,49.90460041040168],[-96.97286381180884,49.90461840064382],[-96.97285621318768,49.90546380204804],[-96.97498591111314,49.90549200774835],[-96.9763032100045,49.906297601985244],[-96.97908821779711,49.90631018793173],[-96.97907609704875,49.90393530093165]]]},"properties":{"DAUID":"46110858","DGUID":"2021S051246110858","LANDAREA":0.1292,"PRUID":"46","CMA":"Winnipeg"}},
{"type":"Feature","geometry":{"type":"Polygon","coordinates":[[[-96.97285621318768,49.90546380204804],[-96.97000281308091,49.90508998973521],[-96.96813339708436,49.906820301205194],[-96.96833791189866,49.90758849472725],[-96.9707191165042,49.907603199116984],[-96.97184301869852,49.90803670836509],[-96.97418540946477,49.907978692006935],[-96.97424148204924,49.90630659155938],[-96.97498591111314,49.90549200774835],[-96.97285621318768,49.90546380204804]]]},"properties":{"DAUID":"46110859","DGUID":"2021S051246110859","LANDAREA":0.1044,"PRUID":"46","CMA":"Winnipeg"}},
{"type":"Feature","geometry":{"type":"Polygon","coordinates":[[[-97.01620380228943,49.90466200855302],[-97.00793770999701,49.904671996280484],[-97.00787767984413,49.90697040083311],[-97.00240558447813,49.90693019976897],[-97.00244171105541,49.9083952080586],[-97.00245614175971,49.90980242284397],[-97.0163261512803,49.90577231023878],[-97.01620380228943,49.90466200855302]]]},"properties":{"DAUID":"46110862","DGUID":"2021S051246110862","LANDAREA":0.2455,"PRUID":"46","CMA":"Winnipeg"}},
{"type":"Feature","geometry":{"type":"Polygon","coordinates":[[[-97.0054958142296,49.903092992633],[-97.0024676828172,49.90307230493781],[-97.00242438907505,49.90462499619264],[-97.00240558447813,49.90693019976897],[-97.00787767984413,49.90697040083311],[-97.00793770999701,49.904671996280484],[-97.00547399669459,49.90462700956967],[-97.0054958142296,49.903092992633]]]},"properties":{"DAUID":"46110863","DGUID":"2021S051246110863","LANDAREA":0.1392,"PRUID":"46","CMA":"Winnipeg"}},
{"type":"Feature","geometry":{"type":"Polygon","coordinates":[[[-97.00238128336075,49.91561009631925],[-97.0137361405145,49.91570321191408],[-97.01393480639885,49.911077194151055],[-97.0169506137608,49.91090389057988],[-97.01841059750532,49.90960659765561],[-97.0179630925877,49.9089692948653],[-97.01606368582411,49.90875690935044],[-97.01713861293327,49.90767790789732],[-97.0163261512803,49.90577231023878],[-97.00245614175971,49.90980242284397],[-97.00238128336075,49.91561009631925]]]},"properties":{"DAUID":"46110864","DGUID":"2021S051246110864","LANDAREA":0.8048,"PRUID":"46","CMA":"Winnipeg"}},
{"type":"Feature","geometry":{"type":"Polygon","coordinates":[[[-97.0137361405145,49.91570321191408],[-97.01987230295914,49.91574829821556],[-97.01992379697711,49.91448981246544],[-97.01804461723175,49.91445769742298],[-97.01799281374575,49.913683293177655],[-97.0169066193751,49.91367370251214],[-97.0169506137608,49.91090389057988],[-97.01393480639885,49.911077194151055],[-97.0137361405145,49.91570321191408]]]},"properties":{"DAUID":"46110865","DGUID":"2021S051246110865","LANDAREA":0.152,"PRUID":"46","CMA":"Winnipeg"}},
{"type":"Feature","geometry":{"type":"Polygon","coordinates":[[[-97.0169506137608,49.91090389057988],[-97.0169066193751,49.91367370251214],[-97.01799281374575,49.913683293177655],[-97.02511258182341,49.91374040787161],[-97.02519618147353,49.90926640638564],[-97.025202193334,49.90914808856367],[-97.02171488689834,49.909528108033605],[-97.02138358206825,49.90877590192236],[-97.01841059750532,49.90960659765561],[-97.0169506137608,49.91090389057988]]]},"properties":{"DAUID":"46110866","DGUID":"2021S051246110866","LANDAREA":0.2554,"PRUID":"46","CMA":"Winnipeg"}},
{"type":"Feature","geometry":{"type":"Polygon","coordinates":[[[-97.01987230295914,49.91574829821556],[-97.02370490850821,49.915705709805],[-97.02522929852415,49.91539630113771],[-97.02511258182341,49.91374040787161],[-97.01799281374575,49.913683293177655],[-97.01804461723175,49.91445769742298],[-97.01992379697711,49.91448981246544],[-97.01987230295914,49.91574829821556]]]},"properties":{"DAUID":"46110867","DGUID":"2021S051246110867","LANDAREA":0.0947,"PRUID":"46","CMA":"Winnipeg"}},
{"type":"Feature","geometry":{"type":"Polygon","coordinates":[[[-97.02519618147353,49.90926640638564],[-97.02794151777907,49.909175511603934],[-97.03119770944396,49.90863468889854],[-97.0310509117349,49.90772610434519],[-97.0317807888824,49.90621839269154],[-97.03142219937656,49.90476409385863],[-97.03002201649659,49.90255449255144],[-97.02698578088255,49.903582193983915],[-97.02526630962507,49.903741910974006],[-97.02524560314872,49.905655287263734],[-97.025202193334,49.90914808856367],[-97.02519618147353,49.90926640638564]]]},"properties":{"DAUID":"46110869","DGUID":"2021S051246110869","LANDAREA":0.2555,"PRUID":"46","CMA":"Winnipeg"}},
{"type":"Feature","geometry":{"type":"Polygon","coordinates":[[[-97.01841059750532,49.90960659765561],[-97.02138358206825,49.90877590192236],[-97.02171488689834,49.909528108033605],[-97.025202193334,49.90914808856367],[-97.02524560314872,49.905655287263734],[-97.02298901368484,49.90596079347494],[-97.02005870623599,49.90677430491905],[-97.02093790717377,49.90809359699024],[-97.0179630925877,49.9089692948653],[-97.01841059750532,49.90960659765561]]]},"properties":{"DAUID":"46110870","DGUID":"2021S051246110870","LANDAREA":0.1314,"PRUID":"46","CMA":"Winnipeg"}},
{"type":"Feature","geometry":{"type":"Polygon","coordinates":[[[-97.0163261512803,49.90577231023878],[-97.01713861293327,49.90767790789732],[-97.01606368582411,49.90875690935044],[-97.0179630925877,49.9089692948653],[-97.02093790717377,49.90809359699024],[-97.02005870623599,49.90677430491905],[-97.02298901368484,49.90596079347494],[-97.02524560314872,49.905655287263734],[-97.02526630962507,49.903741910974006],[-97.02528422401329,49.903167133636074],[-97.0163261512803,49.90577231023878]]]},"properties":{"DAUID":"46110871","DGUID":"2021S051246110871","LANDAREA":0.198,"PRUID":"46","CMA":"Winnipeg"}},
{"type":"Feature","geometry":{"type":"Polygon","coordinates":[[[-97.04192849067054,49.920800307937085],[-97.04115421253908,49.91996871114746],[-97.03888179132299,49.91897680884106],[-97.0404121934639,49.917995209491195],[-97.03799378245807,49.91717179333665],[-97.03637301195425,49.916946400968264],[-97.03716240938854,49.918776811049234],[-97.03701580485769,49.92067229465836],[-97.04192849067054,49.920800307937085]]]},"properties":{"DAUID":"46110873","DGUID":"2021S051246110873","LANDAREA":0.0913,"PRUID":"46","CMA":"Winnipeg"}},
{"type":"Feature","geometry":{"type":"Polygon","coordinates":[[[-97.02509590439443,49.92257471129931],[-97.03542108657535,49.92557280302384],[-97.03540475402012,49.92326487475877],[-97.03789691795893,49.92333180905424],[-97.04013879773751,49.924736892840514],[-97.04063259777965,49.92424149932476],[-97.04420338698728,49.924832507389596],[-97.04429171542377,49.92334090806906],[-97.04732731383118,49.92338298932299],[-97.04737968447319,49.92243039775932],[-97.04492887998089,49.922398096513774],[-97.04491389471791,49.92139040459715],[-97.04188399346954,49.92155519209738],[-97.04183732049414,49.92236390891684],[-97.03128019978233,49.922275108148746],[-97.02709829921899,49.92164630219891],[-97.02507658386935,49.92100019797393],[-97.02509590439443,49.92257471129931]]]},"properties":{"DAUID":"46110874","DGUID":"2021S051246110874","LANDAREA":0.337,"PRUID":"46","CMA":"Winnipeg"}},
{"type":"Feature","geometry":{"type":"Polygon","coordinates":[[[-97.05533120474715,49.92045019040179],[-97.058702685904,49.91698070508417],[-97.0580153147148,49.91675329302018],[-97.05960489370291,49.91498089490921],[-97.05733360015194,49.91430418740971],[-97.0562052189248,49.9146541030861],[-97.05364388208456,49.916698097237465],[-97.05246660116454,49.91824329371499],[-97.04968023126824,49.917317803647585],[-97.04862928015929,49.91827035119483],[-97.0476637902216,49.91995021069653],[-97.04443141846957,49.920230909567735],[-97.0442586941675,49.92071370195516],[-97.04192849067054,49.920800307937085],[-97.04188399346954,49.92155519209738],[-97.04491389471791,49.92139040459715],[-97.04492887998089,49.922398096513774],[-97.04737968447319,49.92243039775932],[-97.05336728730265,49.92251309413129],[-97.05533120474715,49.92045019040179]]]},"properties":{"DAUID":"46110875","DGUID":"2021S051246110875","LANDAREA":0.4636,"PRUID":"46","CMA":"Winnipeg"}},
{"type":"Feature","geometry":{"type":"Polygon","coordinates":[[[-97.03861491777369,49.9375651042019],[-97.0400919114642,49.935512202932536],[-97.04434079068788,49.93107739264312],[-97.0454050093043,49.93129329588478],[-97.04536530625292,49.93089680751861],[-97.0514204059765,49.9244953033857],[-97.05259859982557,49.923264799778195],[-97.05336728730265,49.92251309413129],[-97.04737968447319,49.92243039775932],[-97.04732731383118,49.92338298932299],[-97.04429171542377,49.92334090806906],[-97.04420338698728,49.924832507389596],[-97.04063259777965,49.92424149932476],[-97.04013879773751,49.924736892840514],[-97.03789691795893,49.92333180905424],[-97.03540475402012,49.92326487475877],[-97.03542108657535,49.92557280302384],[-97.02509590439443,49.92257471129931],[-97.02468865129732,49.92574297023546],[-97.02484397716144,49.93064194816143],[-96.99770478274851,49.93044049468363],[-97.02368924773181,49.94208132044992],[-97.03240690082491,49.9458789105469],[-97.03861491777369,49.9375651042019]]]},"properties":{"DAUID":"46110877","DGUID":"2021S051246110877","LANDAREA":3.9945,"PRUID":"46","CMA":"Winnipeg"}},
{"type":"Feature","geometry":{"type":"Polygon","coordinates":[[[-97.04463049069594,49.856054097096404],[-97.04940241500906,49.856062598603586],[-97.04950661580872,49.850712186409694],[-97.04728039895983,49.850719694202276],[-97.04661381412252,49.84965609617375],[-97.04530469335893,49.84934610182716],[-97.0410089865982,49.84927360707156],[-97.03891259474568,49.850200600004264],[-97.0391962802799,49.852472191014556],[-97.04447075976987,49.853811541899866],[-97.0457136060597,49.855054490497885],[-97.04463049069594,49.856054097096404]]]},"properties":{"DAUID":"46110878","DGUID":"2021S051246110878","LANDAREA":0.3918,"PRUID":"46","CMA":"Winnipeg"}},
{"type":"Feature","geometry":{"type":"Polygon","coordinates":[[[-97.04948251817255,49.84025050770408],[-97.02686671683949,49.83975393586177],[-97.02692428919967,49.852506791822435],[-97.02676971631604,49.855132498064464],[-97.0336557127122,49.85598539434885],[-97.04463049069594,49.856054097096404],[-97.0457136060597,49.855054490497885],[-97.04447075976987,49.853811541899866],[-97.0391962802799,49.852472191014556],[-97.03891259474568,49.850200600004264],[-97.0410089865982,49.84927360707156],[-97.04530469335893,49.84934610182716],[-97.04661381412252,49.84965609617375],[-97.04728039895983,49.850719694202276],[-97.04950661580872,49.850712186409694],[-97.04953630269222,49.84444309738853],[-97.04948251817255,49.84025050770408]]]},"properties":{"DAUID":"46110879","DGUID":"2021S051246110879","LANDAREA":2.4735,"PRUID":"46","CMA":"Winnipeg"}},
{"type":"Feature","geometry":{"type":"Polygon","coordinates":[[[-97.06945121571296,49.913993909237725],[-97.06767607984709,49.91553849672589],[-97.06602438981727,49.91757531266592],[-97.07583118275308,49.920513890248984],[-97.07710869689079,49.9186457036413],[-97.07633839843739,49.91804820480851],[-97.07739689515194,49.91665360011252],[-97.06945121571296,49.913993909237725]]]},"properties":{"DAUID":"46110881","DGUID":"2021S051246110881","LANDAREA":0.3241,"PRUID":"46","CMA":"Winnipeg"}},
{"type":"Feature","geometry":{"type":"Polygon","coordinates":[[[-97.06475818410524,49.91917781190201],[-97.06684780412937,49.91987829417031],[-97.07029070254862,49.92088010537697],[-97.07007678816669,49.92274750940619],[-97.0707691905935,49.92355058960836],[-97.07304490168133,49.92273389212121],[-97.07434591095617,49.92225180675571],[-97.07583118275308,49.920513890248984],[-97.06602438981727,49.91757531266592],[-97.06475818410524,49.91917781190201]]]},"properties":{"DAUID":"46110882","DGUID":"2021S051246110882","LANDAREA":0.2114,"PRUID":"46","CMA":"Winnipeg"}},
{"type":"Feature","geometry":{"type":"Polygon","coordinates":[[[-97.06188758206994,49.92232310949545],[-97.06555081172424,49.923391691049865],[-97.06589741463156,49.92238998671677],[-97.06809271200551,49.92219279331517],[-97.06817789301758,49.92110580655906],[-97.06636350301572,49.92049090195557],[-97.06684780412937,49.91987829417031],[-97.06475818410524,49.91917781190201],[-97.06188758206994,49.92232310949545]]]},"properties":{"DAUID":"46110883","DGUID":"2021S051246110883","LANDAREA":0.1145,"PRUID":"46","CMA":"Winnipeg"}},
{"type":"Feature","geometry":{"type":"Polygon","coordinates":[[[-97.06684780412937,49.91987829417031],[-97.06636350301572,49.92049090195557],[-97.06817789301758,49.92110580655906],[-97.06809271200551,49.92219279331517],[-97.06589741463156,49.92238998671677],[-97.06555081172424,49.923391691049865],[-97.06729409462693,49.9247429927398],[-97.0707691905935,49.92355058960836],[-97.07007678816669,49.92274750940619],[-97.07029070254862,49.92088010537697],[-97.06684780412937,49.91987829417031]]]},"properties":{"DAUID":"46110884","DGUID":"2021S051246110884","LANDAREA":0.1021,"PRUID":"46","CMA":"Winnipeg"}},
{"type":"Feature","geometry":{"type":"Polygon","coordinates":[[[-97.06361170197208,49.92693041041799],[-97.06445749376415,49.92599099809522],[-97.06650741359373,49.92664590297126],[-97.06837158897113,49.92602031086747],[-97.06729409462693,49.9247429927398],[-97.06555081172424,49.923391691049865],[-97.06188758206994,49.92232310949545],[-97.05958891117008,49.92474930884325],[-97.05906019475108,49.92542399856512],[-97.06361170197208,49.92693041041799]]]},"properties":{"DAUID":"46110885","DGUID":"2021S051246110885","LANDAREA":0.1935,"PRUID":"46","CMA":"Winnipeg"}},
{"type":"Feature","geometry":{"type":"Polygon","coordinates":[[[-97.0707691905935,49.92355058960836],[-97.06729409462693,49.9247429927398],[-97.06837158897113,49.92602031086747],[-97.0691179150286,49.926869287036],[-97.07242251880746,49.9257639027223],[-97.07434750134396,49.926407497474244],[-97.07872130859896,49.92293610151047],[-97.07749748552322,49.92252899809197],[-97.0750680023399,49.92371200680672],[-97.07304490168133,49.92273389212121],[-97.0707691905935,49.92355058960836]]]},"properties":{"DAUID":"46110886","DGUID":"2021S051246110886","LANDAREA":0.1911,"PRUID":"46","CMA":"Winnipeg"}},
{"type":"Feature","geometry":{"type":"Polygon","coordinates":[[[-97.08010701314447,49.92184400310816],[-97.07872130859896,49.92293610151047],[-97.07434750134396,49.926407497474244],[-97.07242251880746,49.9257639027223],[-97.0691179150286,49.926869287036],[-97.06837158897113,49.92602031086747],[-97.06650741359373,49.92664590297126],[-97.06445749376415,49.92599099809522],[-97.06361170197208,49.92693041041799],[-97.07098301173356,49.92937009748816],[-97.08038124872954,49.92191002321123],[-97.08010701314447,49.92184400310816]]]},"properties":{"DAUID":"46110887","DGUID":"2021S051246110887","LANDAREA":0.1714,"PRUID":"46","CMA":"Winnipeg"}},
{"type":"Feature","geometry":{"type":"Polygon","coordinates":[[[-97.08038124872954,49.92191002321123],[-97.07098301173356,49.92937009748816],[-97.0702485627306,49.929836065987914],[-97.07345239853355,49.93103408711287],[-97.07375510716393,49.92938411144637],[-97.07536898523223,49.92944679589316],[-97.07652071507592,49.9278199033299],[-97.07437639466468,49.92708269562021],[-97.07718141424311,49.924871495088084],[-97.08277778647904,49.92674518953482],[-97.08538888858303,49.92344218944809],[-97.08038124872954,49.92191002321123]]]},"properties":{"DAUID":"46110888","DGUID":"2021S051246110888","LANDAREA":0.2833,"PRUID":"46","CMA":"Winnipeg"}},
{"type":"Feature","geometry":{"type":"Polygon","coordinates":[[[-97.07583118275308,49.920513890248984],[-97.07434591095617,49.92225180675571],[-97.07304490168133,49.92273389212121],[-97.0750680023399,49.92371200680672],[-97.07749748552322,49.92252899809197],[-97.07872130859896,49.92293610151047],[-97.08010701314447,49.92184400310816],[-97.07583118275308,49.920513890248984]]]},"properties":{"DAUID":"46110889","DGUID":"2021S051246110889","LANDAREA":0.0876,"PRUID":"46","CMA":"Winnipeg"}},
{"type":"Feature","geometry":{"type":"Polygon","coordinates":[[[-97.10527799061654,49.9260986007589],[-97.10805270559631,49.92320250722207],[-97.10319868164174,49.92156710345506],[-97.10076630879605,49.9246125872117],[-97.10527799061654,49.9260986007589]]]},"properties":{"DAUID":"46110890","DGUID":"2021S051246110890","LANDAREA":0.1436,"PRUID":"46","CMA":"Winnipeg"}},
{"type":"Feature","geometry":{"type":"Polygon","coordinates":[[[-97.0949893137553,49.91988539574903],[-97.09936258417257,49.92133340615],[-97.09854311515063,49.92162578918811],[-97.09707961562204,49.923409708020884],[-97.10076630879605,49.9246125872117],[-97.10319868164174,49.92156710345506],[-97.10061371412361,49.920697211823075],[-97.09654241772819,49.919362203782285],[-97.0949893137553,49.91988539574903]]]},"properties":{"DAUID":"46110891","DGUID":"2021S051246110891","LANDAREA":0.1398,"PRUID":"46","CMA":"Winnipeg"}},
{"type":"Feature","geometry":{"type":"Polygon","coordinates":[[[-97.09243129249619,49.92186721026145],[-97.09707961562204,49.923409708020884],[-97.09854311515063,49.92162578918811],[-97.09936258417257,49.92133340615],[-97.0949893137553,49.91988539574903],[-97.09387949564454,49.92011900424369],[-97.09243129249619,49.92186721026145]]]},"properties":{"DAUID":"46110892","DGUID":"2021S051246110892","LANDAREA":0.1043,"PRUID":"46","CMA":"Winnipeg"}},
{"type":"Feature","geometry":{"type":"Polygon","coordinates":[[[-97.09654241772819,49.919362203782285],[-97.10061371412361,49.920697211823075],[-97.10290211765779,49.91776630200635],[-97.10342941917145,49.917109299004046],[-97.09944220964866,49.915766805845855],[-97.09872469666642,49.91665450003579],[-97.09434770910318,49.91813879480198],[-97.09654241772819,49.919362203782285]]]},"properties":{"DAUID":"46110893","DGUID":"2021S051246110893","LANDAREA":0.1859,"PRUID":"46","CMA":"Winnipeg"}},
{"type":"Feature","geometry":{"type":"Polygon","coordinates":[[[-97.10805270559631,49.92320250722207],[-97.10949409043977,49.92161599618935],[-97.10576698917542,49.92037678829917],[-97.1068215872028,49.919062710516975],[-97.10290211765779,49.91776630200635],[-97.10061371412361,49.920697211823075],[-97.10319868164174,49.92156710345506],[-97.10805270559631,49.92320250722207]]]},"properties":{"DAUID":"46110894","DGUID":"2021S051246110894","LANDAREA":0.175,"PRUID":"46","CMA":"Winnipeg"}},
{"type":"Feature","geometry":{"type":"Polygon","coordinates":[[[-97.10290211765779,49.91776630200635],[-97.1068215872028,49.919062710516975],[-97.10733529035241,49.91839650016034],[-97.10940061394155,49.91581260142965],[-97.10546699533982,49.91452509445222],[-97.10342941917145,49.917109299004046],[-97.10290211765779,49.91776630200635]]]},"properties":{"DAUID":"46110895","DGUID":"2021S051246110895","LANDAREA":0.1282,"PRUID":"46","CMA":"Winnipeg"}},
{"type":"Feature","geometry":{"type":"Polygon","coordinates":[[[-97.10940061394155,49.91581260142965],[-97.10733529035241,49.91839650016034],[-97.11126930513109,49.91968400343681],[-97.11345798948331,49.91714700637438],[-97.10940061394155,49.91581260142965]]]},"properties":{"DAUID":"46110896","DGUID":"2021S051246110896","LANDAREA":0.1039,"PRUID":"46","CMA":"Winnipeg"}},
{"type":"Feature","geometry":{"type":"Polygon","coordinates":[[[-97.11781981244613,49.91854018774513],[-97.11345798948331,49.91714700637438],[-97.11126930513109,49.91968400343681],[-97.10733529035241,49.91839650016034],[-97.1068215872028,49.919062710516975],[-97.10576698917542,49.92037678829917],[-97.10949409043977,49.92161599618935],[-97.10805270559631,49.92320250722207],[-97.1109281239292,49.92414136282069],[-97.11273803339957,49.92192084453056],[-97.11565121379249,49.92033538843864],[-97.11810189491479,49.9197134946689],[-97.11781981244613,49.91854018774513]]]},"properties":{"DAUID":"46110897","DGUID":"2021S051246110897","LANDAREA":0.2347,"PRUID":"46","CMA":"Winnipeg"}},
{"type":"Feature","geometry":{"type":"Polygon","coordinates":[[[-97.11220519055516,49.9278216948204],[-97.11303919362737,49.92609031285501],[-97.11584618234959,49.9269993887117],[-97.1165949151438,49.92602209955779],[-97.1130598051205,49.92484929298625],[-97.1147045169041,49.92269020652794],[-97.11826938744478,49.92380959179944],[-97.11875451672718,49.923160789434114],[-97.11970851296037,49.92191699418658],[-97.11691406643524,49.92079374539703],[-97.12183696781624,49.920022134871516],[-97.12392337437637,49.919390236128656],[-97.12575423801259,49.91825249487992],[-97.12437759932678,49.918197908721396],[-97.12131690689105,49.91935050237848],[-97.11810189491479,49.9197134946689],[-97.11565121379249,49.92033538843864],[-97.11273803339957,49.92192084453056],[-97.1109281239292,49.92414136282069],[-97.10989182872245,49.92714002707541],[-97.11220519055516,49.9278216948204]]]},"properties":{"DAUID":"46110898","DGUID":"2021S051246110898","LANDAREA":0.1734,"PRUID":"46","CMA":"Winnipeg"}},
{"type":"Feature","geometry":{"type":"Polygon","coordinates":[[[-97.1165949151438,49.92602209955779],[-97.11719799584958,49.92520438872172],[-97.11826938744478,49.92380959179944],[-97.1147045169041,49.92269020652794],[-97.1130598051205,49.92484929298625],[-97.1165949151438,49.92602209955779]]]},"properties":{"DAUID":"46110899","DGUID":"2021S051246110899","LANDAREA":0.0776,"PRUID":"46","CMA":"Winnipeg"}},
{"type":"Feature","geometry":{"type":"Polygon","coordinates":[[[-97.11826938744478,49.92380959179944],[-97.11719799584958,49.92520438872172],[-97.12402529969673,49.927356894636304],[-97.12519369866074,49.925252988421924],[-97.12229031476492,49.92431550185256],[-97.11875451672718,49.923160789434114],[-97.11826938744478,49.92380959179944]]]},"properties":{"DAUID":"46110900","DGUID":"2021S051246110900","LANDAREA":0.1329,"PRUID":"46","CMA":"Winnipeg"}},
{"type":"Feature","geometry":{"type":"Polygon","coordinates":[[[-97.11584618234959,49.9269993887117],[-97.12293470681382,49.92924619225486],[-97.12348829708762,49.92826569045343],[-97.12402529969673,49.927356894636304],[-97.11719799584958,49.92520438872172],[-97.1165949151438,49.92602209955779],[-97.11584618234959,49.9269993887117]]]},"properties":{"DAUID":"46110901","DGUID":"2021S051246110901","LANDAREA":0.1236,"PRUID":"46","CMA":"Winnipeg"}},
{"type":"Feature","geometry":{"type":"Polygon","coordinates":[[[-97.12402529969673,49.927356894636304],[-97.12348829708762,49.92826569045343],[-97.1268182165492,49.92935398710322],[-97.12828698166084,49.9274077958926],[-97.12934211734951,49.92606659029747],[-97.12544821646543,49.92479839274437],[-97.12519369866074,49.925252988421924],[-97.12402529969673,49.927356894636304]]]},"properties":{"DAUID":"46110902","DGUID":"2021S051246110902","LANDAREA":0.1178,"PRUID":"46","CMA":"Winnipeg"}},
{"type":"Feature","geometry":{"type":"Polygon","coordinates":[[[-97.12493909703267,49.931815194924],[-97.12751299917356,49.93263940762756],[-97.12989539096111,49.92941269397612],[-97.13081891207214,49.92823119609721],[-97.12828698166084,49.9274077958926],[-97.1268182165492,49.92935398710322],[-97.12348829708762,49.92826569045343],[-97.12293470681382,49.92924619225486],[-97.12193279662243,49.93100200996952],[-97.12493909703267,49.931815194924]]]},"properties":{"DAUID":"46110903","DGUID":"2021S051246110903","LANDAREA":0.1881,"PRUID":"46","CMA":"Winnipeg"}},
{"type":"Feature","geometry":{"type":"Polygon","coordinates":[[[-97.1167308833176,49.929325505034974],[-97.12193279662243,49.93100200996952],[-97.12293470681382,49.92924619225486],[-97.11584618234959,49.9269993887117],[-97.11303919362737,49.92609031285501],[-97.11220519055516,49.9278216948204],[-97.1167308833176,49.929325505034974]]]},"properties":{"DAUID":"46110904","DGUID":"2021S051246110904","LANDAREA":0.1589,"PRUID":"46","CMA":"Winnipeg"}},
{"type":"Feature","geometry":{"type":"Polygon","coordinates":[[[-97.129935114406,49.93342510153209],[-97.13498689038695,49.93504460113228],[-97.13652799899678,49.93302749693673],[-97.13147710386727,49.931390099448706],[-97.13238641219382,49.930217410045614],[-97.12989539096111,49.92941269397612],[-97.12751299917356,49.93263940762756],[-97.129935114406,49.93342510153209]]]},"properties":{"DAUID":"46110905","DGUID":"2021S051246110905","LANDAREA":0.1799,"PRUID":"46","CMA":"Winnipeg"}},
{"type":"Feature","geometry":{"type":"Polygon","coordinates":[[[-97.13652799899678,49.93302749693673],[-97.13836170668806,49.930646290564546],[-97.13331020613492,49.9290268924853],[-97.13238641219382,49.930217410045614],[-97.13147710386727,49.931390099448706],[-97.13652799899678,49.93302749693673]]]},"properties":{"DAUID":"46110906","DGUID":"2021S051246110906","LANDAREA":0.1199,"PRUID":"46","CMA":"Winnipeg"}},
{"type":"Feature","geometry":{"type":"Polygon","coordinates":[[[-97.13836170668806,49.930646290564546],[-97.13938881026814,49.92930451227786],[-97.13685631289836,49.92849029653435],[-97.13751719652487,49.92761041277381],[-97.13502561735399,49.92682379182237],[-97.13331020613492,49.9290268924853],[-97.13836170668806,49.930646290564546]]]},"properties":{"DAUID":"46110907","DGUID":"2021S051246110907","LANDAREA":0.0891,"PRUID":"46","CMA":"Winnipeg"}},
{"type":"Feature","geometry":{"type":"Polygon","coordinates":[[[-97.13907568138814,49.93381499004424],[-97.14192141138318,49.9301186909319],[-97.14261008840472,49.92923928974608],[-97.1400635936092,49.9284248958516],[-97.13938881026814,49.92930451227786],[-97.13836170668806,49.930646290564546],[-97.13652799899678,49.93302749693673],[-97.13907568138814,49.93381499004424]]]},"properties":{"DAUID":"46110908","DGUID":"2021S051246110908","LANDAREA":0.1153,"PRUID":"46","CMA":"Winnipeg"}},
{"type":"Feature","geometry":{"type":"Polygon","coordinates":[[[-97.13938881026814,49.92930451227786],[-97.1400635936092,49.9284248958516],[-97.14261008840472,49.92923928974608],[-97.14395889099899,49.927497787480135],[-97.13886589275661,49.92587810937713],[-97.13637459258493,49.925082489410975],[-97.13502561735399,49.92682379182237],[-97.13751719652487,49.92761041277381],[-97.13685631289836,49.92849029653435],[-97.13938881026814,49.92930451227786]]]},"properties":{"DAUID":"46110909","DGUID":"2021S051246110909","LANDAREA":0.1534,"PRUID":"46","CMA":"Winnipeg"}},
{"type":"Feature","geometry":{"type":"Polygon","coordinates":[[[-97.14088840394926,49.92328400193482],[-97.13886589275661,49.92587810937713],[-97.14395889099899,49.927497787480135],[-97.1453376039746,49.92570290678491],[-97.14279131417901,49.924888591303485],[-97.14340681355839,49.92409791138514],[-97.14088840394926,49.92328400193482]]]},"properties":{"DAUID":"46110910","DGUID":"2021S051246110910","LANDAREA":0.1109,"PRUID":"46","CMA":"Winnipeg"}},
{"type":"Feature","geometry":{"type":"Polygon","coordinates":[[[-97.14162128574166,49.92234229490639],[-97.13914448326223,49.9215379929395],[-97.1377812883869,49.923288105166],[-97.1353042179466,49.92249269468753],[-97.13391129770051,49.92428730484161],[-97.13637459258493,49.925082489410975],[-97.13886589275661,49.92587810937713],[-97.14088840394926,49.92328400193482],[-97.14162128574166,49.92234229490639]]]},"properties":{"DAUID":"46110911","DGUID":"2021S051246110911","LANDAREA":0.132,"PRUID":"46","CMA":"Winnipeg"}},
{"type":"Feature","geometry":{"type":"Polygon","coordinates":[[[-97.12989539096111,49.92941269397612],[-97.13238641219382,49.930217410045614],[-97.13331020613492,49.9290268924853],[-97.13502561735399,49.92682379182237],[-97.13637459258493,49.925082489410975],[-97.13391129770051,49.92428730484161],[-97.13081891207214,49.92823119609721],[-97.12989539096111,49.92941269397612]]]},"properties":{"DAUID":"46110912","DGUID":"2021S051246110912","LANDAREA":0.1274,"PRUID":"46","CMA":"Winnipeg"}},
{"type":"Feature","geometry":{"type":"Polygon","coordinates":[[[-97.12828698166084,49.9274077958926],[-97.13081891207214,49.92823119609721],[-97.13391129770051,49.92428730484161],[-97.1313799018259,49.92345489772419],[-97.12934211734951,49.92606659029747],[-97.12828698166084,49.9274077958926]]]},"properties":{"DAUID":"46110913","DGUID":"2021S051246110913","LANDAREA":0.1,"PRUID":"46","CMA":"Winnipeg"}},
{"type":"Feature","geometry":{"type":"Polygon","coordinates":[[[-97.12934211734951,49.92606659029747],[-97.1313799018259,49.92345489772419],[-97.12699738776388,49.92221489207947],[-97.12544821646543,49.92479839274437],[-97.12934211734951,49.92606659029747]]]},"properties":{"DAUID":"46110914","DGUID":"2021S051246110914","LANDAREA":0.1046,"PRUID":"46","CMA":"Winnipeg"}},
{"type":"Feature","geometry":{"type":"Polygon","coordinates":[[[-97.13275850011316,49.92166919617178],[-97.13024081402934,49.920846000885],[-97.12949348192939,49.921796397720335],[-97.1277458044367,49.92123750671443],[-97.12699738776388,49.92221489207947],[-97.1313799018259,49.92345489772419],[-97.13391129770051,49.92428730484161],[-97.1353042179466,49.92249269468753],[-97.13275850011316,49.92166919617178]]]},"properties":{"DAUID":"46110915","DGUID":"2021S051246110915","LANDAREA":0.1078,"PRUID":"46","CMA":"Winnipeg"}},
{"type":"Feature","geometry":{"type":"Polygon","coordinates":[[[-97.12519369866074,49.925252988421924],[-97.12544821646543,49.92479839274437],[-97.12699738776388,49.92221489207947],[-97.1277458044367,49.92123750671443],[-97.12624628614918,49.92074549132655],[-97.12559089203926,49.92155951299002],[-97.12428228750468,49.92181119461385],[-97.12229031476492,49.92431550185256],[-97.12519369866074,49.925252988421924]]]},"properties":{"DAUID":"46110916","DGUID":"2021S051246110916","LANDAREA":0.0921,"PRUID":"46","CMA":"Winnipeg"}},
{"type":"Feature","geometry":{"type":"Polygon","coordinates":[[[-97.11875451672718,49.923160789434114],[-97.12229031476492,49.92431550185256],[-97.12428228750468,49.92181119461385],[-97.12559089203926,49.92155951299002],[-97.12624628614918,49.92074549132655],[-97.1277458044367,49.92123750671443],[-97.12913738603326,49.91947900999644],[-97.12575423801259,49.91825249487992],[-97.12392337437637,49.919390236128656],[-97.12183696781624,49.920022134871516],[-97.11691406643524,49.92079374539703],[-97.11970851296037,49.92191699418658],[-97.11875451672718,49.923160789434114]]]},"properties":{"DAUID":"46110917","DGUID":"2021S051246110917","LANDAREA":0.2408,"PRUID":"46","CMA":"Winnipeg"}},
{"type":"Feature","geometry":{"type":"Polygon","coordinates":[[[-97.13413670881188,49.91989229511631],[-97.13161911063548,49.91906919153825],[-97.13258658931596,49.917825498197985],[-97.13080979412915,49.91730219683981],[-97.12913738603326,49.91947900999644],[-97.1277458044367,49.92123750671443],[-97.12949348192939,49.921796397720335],[-97.13024081402934,49.920846000885],[-97.13275850011316,49.92166919617178],[-97.13413670881188,49.91989229511631]]]},"properties":{"DAUID":"46110918","DGUID":"2021S051246110918","LANDAREA":0.1135,"PRUID":"46","CMA":"Winnipeg"}},
{"type":"Feature","geometry":{"type":"Polygon","coordinates":[[[-97.14395889099899,49.927497787480135],[-97.14690481725636,49.92843550341223],[-97.14889888599494,49.92584980304153],[-97.14340681355839,49.92409791138514],[-97.14279131417901,49.924888591303485],[-97.1453376039746,49.92570290678491],[-97.14395889099899,49.927497787480135]]]},"properties":{"DAUID":"46110919","DGUID":"2021S051246110919","LANDAREA":0.0959,"PRUID":"46","CMA":"Winnipeg"}},
{"type":"Feature","geometry":{"type":"Polygon","coordinates":[[[-97.14340681355839,49.92409791138514],[-97.14889888599494,49.92584980304153],[-97.14966289100752,49.92409000997819],[-97.14466709690487,49.922481008380096],[-97.14340681355839,49.92409791138514]]]},"properties":{"DAUID":"46110920","DGUID":"2021S051246110920","LANDAREA":0.085,"PRUID":"46","CMA":"Winnipeg"}},
{"type":"Feature","geometry":{"type":"Polygon","coordinates":[[[-97.15097711065441,49.926521598723895],[-97.152678984059,49.92428199591605],[-97.15014749437722,49.923441105987514],[-97.14966289100752,49.92409000997819],[-97.14889888599494,49.92584980304153],[-97.14690481725636,49.92843550341223],[-97.14898309374531,49.92910729798088],[-97.15097711065441,49.926521598723895]]]},"properties":{"DAUID":"46110921","DGUID":"2021S051246110921","LANDAREA":0.1059,"PRUID":"46","CMA":"Winnipeg"}},
{"type":"Feature","geometry":{"type":"Polygon","coordinates":[[[-97.14466709690487,49.922481008380096],[-97.14966289100752,49.92409000997819],[-97.15014749437722,49.923441105987514],[-97.15076330217164,49.92264130562447],[-97.1457672810906,49.92104138860099],[-97.14466709690487,49.922481008380096]]]},"properties":{"DAUID":"46110922","DGUID":"2021S051246110922","LANDAREA":0.0719,"PRUID":"46","CMA":"Winnipeg"}},
{"type":"Feature","geometry":{"type":"Polygon","coordinates":[[[-97.15432059452984,49.92215831201845],[-97.1517889130016,49.92132640982796],[-97.14677899768819,49.91972629626853],[-97.1457672810906,49.92104138860099],[-97.15076330217164,49.92264130562447],[-97.15014749437722,49.923441105987514],[-97.152678984059,49.92428199591605],[-97.15432059452984,49.92215831201845]]]},"properties":{"DAUID":"46110923","DGUID":"2021S051246110923","LANDAREA":0.1191,"PRUID":"46","CMA":"Winnipeg"}},
{"type":"Feature","geometry":{"type":"Polygon","coordinates":[[[-97.14192141138318,49.9301186909319],[-97.14695998452547,49.93171949071905],[-97.14898309374531,49.92910729798088],[-97.14690481725636,49.92843550341223],[-97.14395889099899,49.927497787480135],[-97.14261008840472,49.92923928974608],[-97.14192141138318,49.9301186909319]]]},"properties":{"DAUID":"46110924","DGUID":"2021S051246110924","LANDAREA":0.1313,"PRUID":"46","CMA":"Winnipeg"}},
{"type":"Feature","geometry":{"type":"Polygon","coordinates":[[[-97.14510989428132,49.93576680318702],[-97.1465775877665,49.93623790686052],[-97.14817779033122,49.93412260766553],[-97.14934771606863,49.93341268875168],[-97.15009759765579,49.93166170762307],[-97.15143191613147,49.93211470068196],[-97.1535197101063,49.93181519760904],[-97.15432380909297,49.93082948869124],[-97.15323631369465,49.93047940693422],[-97.14898309374531,49.92910729798088],[-97.14695998452547,49.93171949071905],[-97.14409959542446,49.93544260238476],[-97.14510989428132,49.93576680318702]]]},"properties":{"DAUID":"46110925","DGUID":"2021S051246110925","LANDAREA":0.1989,"PRUID":"46","CMA":"Winnipeg"}},
{"type":"Feature","geometry":{"type":"Polygon","coordinates":[[[-97.14409959542446,49.93544260238476],[-97.14695998452547,49.93171949071905],[-97.14192141138318,49.9301186909319],[-97.13907568138814,49.93381499004424],[-97.14409959542446,49.93544260238476]]]},"properties":{"DAUID":"46110926","DGUID":"2021S051246110926","LANDAREA":0.186,"PRUID":"46","CMA":"Winnipeg"}},
{"type":"Feature","geometry":{"type":"Polygon","coordinates":[[[-97.15391819369202,49.93487979769978],[-97.14934771606863,49.93341268875168],[-97.14817779033122,49.93412260766553],[-97.1465775877665,49.93623790686052],[-97.1518504059763,49.937932096144195],[-97.15391819369202,49.93487979769978]]]},"properties":{"DAUID":"46110927","DGUID":"2021S051246110927","LANDAREA":0.1488,"PRUID":"46","CMA":"Winnipeg"}},
{"type":"Feature","geometry":{"type":"Polygon","coordinates":[[[-97.14383498544149,49.939791994114],[-97.1478006108877,49.94105169888073],[-97.14955198556932,49.93899279424651],[-97.15072181022771,49.93938028935971],[-97.15460101656441,49.940350590929015],[-97.15553991391444,49.93912419616231],[-97.1518504059763,49.937932096144195],[-97.1465775877665,49.93623790686052],[-97.14383498544149,49.939791994114]]]},"properties":{"DAUID":"46110928","DGUID":"2021S051246110928","LANDAREA":0.2056,"PRUID":"46","CMA":"Winnipeg"}},
{"type":"Feature","geometry":{"type":"Polygon","coordinates":[[[-97.15075051793158,49.94372528653311],[-97.15273790970042,49.94351409619619],[-97.1554103963954,49.94433921294899],[-97.15795930346071,49.94146539877437],[-97.15903801553071,49.940223186111545],[-97.15553991391444,49.93912419616231],[-97.15460101656441,49.940350590929015],[-97.15072181022771,49.93938028935971],[-97.14788620098108,49.94281609280108],[-97.15075051793158,49.94372528653311]]]},"properties":{"DAUID":"46110929","DGUID":"2021S051246110929","LANDAREA":0.2841,"PRUID":"46","CMA":"Winnipeg"}},
{"type":"Feature","geometry":{"type":"Polygon","coordinates":[[[-97.11199150981183,49.91260768896767],[-97.10638129951431,49.91074409406661],[-97.1060605946787,49.910397112635195],[-97.10441505790847,49.91081125386849],[-97.10320302277526,49.910930339886775],[-97.10301230910706,49.911408707928224],[-97.10690310525997,49.91271358908286],[-97.10546699533982,49.91452509445222],[-97.10940061394155,49.91581260142965],[-97.11199150981183,49.91260768896767]]]},"properties":{"DAUID":"46110930","DGUID":"2021S051246110930","LANDAREA":0.1769,"PRUID":"46","CMA":"Winnipeg"}},
{"type":"Feature","geometry":{"type":"Polygon","coordinates":[[[-97.09636200845594,49.911352044020994],[-97.10154859174888,49.91321069771401],[-97.10546699533982,49.91452509445222],[-97.10690310525997,49.91271358908286],[-97.10301230910706,49.911408707928224],[-97.10320302277526,49.910930339886775],[-97.10112599060555,49.91078391208847],[-97.09636200845594,49.911352044020994]]]},"properties":{"DAUID":"46110931","DGUID":"2021S051246110931","LANDAREA":0.1422,"PRUID":"46","CMA":"Winnipeg"}},
{"type":"Feature","geometry":{"type":"Polygon","coordinates":[[[-97.10344330060268,49.90894209390414],[-97.10320302277526,49.910930339886775],[-97.10441505790847,49.91081125386849],[-97.10586409747806,49.90936849991498],[-97.10344330060268,49.90894209390414]]]},"properties":{"DAUID":"46110933","DGUID":"2021S051246110933","LANDAREA":0.0325,"PRUID":"46","CMA":"Winnipeg"}},
{"type":"Feature","geometry":{"type":"Polygon","coordinates":[[[-97.09358104418749,49.91142387890479],[-97.08916117953065,49.91488169231329],[-97.08787423733165,49.916026655894235],[-97.09434770910318,49.91813879480198],[-97.09872469666642,49.91665450003579],[-97.09944220964866,49.915766805845855],[-97.10154859174888,49.91321069771401],[-97.09636200845594,49.911352044020994],[-97.09358104418749,49.91142387890479]]]},"properties":{"DAUID":"46110934","DGUID":"2021S051246110934","LANDAREA":0.439,"PRUID":"46","CMA":"Winnipeg"}},
{"type":"Feature","geometry":{"type":"Polygon","coordinates":[[[-97.10342941917145,49.917109299004046],[-97.10546699533982,49.91452509445222],[-97.10154859174888,49.91321069771401],[-97.09944220964866,49.915766805845855],[-97.10342941917145,49.917109299004046]]]},"properties":{"DAUID":"46110935","DGUID":"2021S051246110935","LANDAREA":0.1034,"PRUID":"46","CMA":"Winnipeg"}},
{"type":"Feature","geometry":{"type":"Polygon","coordinates":[[[-97.09340420060808,49.911332004433746],[-97.08980189730912,49.91013928875445],[-97.08499131503706,49.91343309531268],[-97.08916117953065,49.91488169231329],[-97.09358104418749,49.91142387890479],[-97.09340420060808,49.911332004433746]]]},"properties":{"DAUID":"46110936","DGUID":"2021S051246110936","LANDAREA":0.156,"PRUID":"46","CMA":"Winnipeg"}},
{"type":"Feature","geometry":{"type":"Polygon","coordinates":[[[-97.03906013620607,49.79694431963708],[-97.04147590841316,49.79778390766666],[-97.04260609147502,49.798702589239504],[-97.04406611699173,49.7976478109911],[-97.0514202855242,49.79757380268612],[-97.05538078032194,49.797226601672406],[-97.05533899157729,49.789597910419666],[-97.05717568668022,49.788837189177],[-97.05991320829672,49.792652092705175],[-97.08390620309534,49.78464988711974],[-97.08387919548811,49.787446900267526],[-97.12719398996218,49.772809488960746],[-97.12868680524944,49.76794920876642],[-97.12880750889855,49.766979689177504],[-97.12792751672097,49.761343490933015],[-97.12737288160402,49.75951748937243],[-97.12524521339597,49.757800900470826],[-97.12771359353681,49.75499839749813],[-97.13350973725983,49.75072965404036],[-97.13003140614975,49.74881655545614],[-97.12883817269012,49.7473332450154],[-97.12832729006513,49.745488039109006],[-97.12759913331817,49.7433709019709],[-97.12741997931266,49.74126944495906],[-97.12856588949131,49.73794566677744],[-97.12714616021155,49.73864975909931],[-97.12206389778466,49.74046586487514],[-97.08291711718101,49.7530138716517],[-97.08353129275118,49.75363256987221],[-97.08365398138024,49.76235566845315],[-97.04926843991501,49.774229236463334],[-97.04806629599945,49.77457559412877],[-97.04329650026662,49.779851192875874],[-97.04336918457302,49.7828747899859],[-97.04843285585596,49.7827903170979],[-97.04909751805872,49.78534049731657],[-97.04928349414125,49.788646673856206],[-97.04866290273524,49.79251280306745],[-97.04120209125473,49.79630409197774],[-97.03906013620607,49.79694431963708]]]},"properties":{"DAUID":"46110937","DGUID":"2021S051246110937","LANDAREA":17.7785,"PRUID":"46","CMA":"Winnipeg"}},
{"type":"Feature","geometry":{"type":"Polygon","coordinates":[[[-97.07041029327819,49.807525607264076],[-97.08843817675137,49.801404193219284],[-97.11546741719648,49.792246788967645],[-97.12111678901863,49.79024269149226],[-97.12639261115864,49.787827509596745],[-97.13509616312881,49.78468580912071],[-97.13126647778383,49.78108963095636],[-97.13134441937206,49.779809208063156],[-97.13429801455207,49.778454766837996],[-97.14038853721766,49.77786448665468],[-97.14699184978777,49.77688794978787],[-97.15167619805878,49.77554599030867],[-97.15321112538467,49.774314918760574],[-97.15457961516559,49.772567221833164],[-97.15398149700029,49.7708281881646],[-97.15114179331972,49.770364003156104],[-97.14936318385563,49.771196935126085],[-97.14658016570216,49.772997917970756],[-97.14333483710399,49.77429549974725],[-97.14103885592536,49.77404802455455],[-97.13976572793011,49.773129015050465],[-97.13943020544913,49.77187501849623],[-97.13938349924024,49.7679110322848],[-97.13956109007913,49.76568255777822],[-97.13968233946649,49.764136607358395],[-97.14051089949467,49.76150872082205],[-97.14088374340274,49.75894816640782],[-97.1407197438103,49.75774787515314],[-97.13911926234404,49.75505082729495],[-97.13650902961267,49.75253845990914],[-97.13350973725983,49.75072965404036],[-97.12771359353681,49.75499839749813],[-97.12524521339597,49.757800900470826],[-97.12737288160402,49.75951748937243],[-97.12792751672097,49.761343490933015],[-97.12880750889855,49.766979689177504],[-97.12868680524944,49.76794920876642],[-97.12719398996218,49.772809488960746],[-97.08387919548811,49.787446900267526],[-97.08379191191388,49.79740320571142],[-97.08309871903403,49.798066392376825],[-97.072560287525,49.801687488205005],[-97.07209658256106,49.80216550778407],[-97.07206161153057,49.80619480200518],[-97.07006918566078,49.80701610101547],[-97.07041029327819,49.807525607264076]]]},"properties":{"DAUID":"46110938","DGUID":"2021S051246110938","LANDAREA":8.7039,"PRUID":"46","CMA":"Winnipeg"}},
{"type":"Feature","geometry":{"type":"Polygon","coordinates":[[[-97.11440691340795,49.80602738947403],[-97.11310378682121,49.80944309370989],[-97.11343738014308,49.80889266824561],[-97.11950602633222,49.8068480888726],[-97.1194008584115,49.80799649513385],[-97.12532869542618,49.80602550319248],[-97.12705744872531,49.80526531242525],[-97.12869926558224,49.807060817560846],[-97.1295520731288,49.80646462605867],[-97.12976709471818,49.80455276046499],[-97.12782390368666,49.80298218651106],[-97.1216796769743,49.80056412998096],[-97.11878544082106,49.79909773294705],[-97.11679669414602,49.797405867660906],[-97.11624122566066,49.79480101618917],[-97.11830514897333,49.793066291989305],[-97.12174641036435,49.793386535746016],[-97.12365328007161,49.79465903114473],[-97.12550545879735,49.796912613417426],[-97.12814720924696,49.79756632018973],[-97.12958965161523,49.79722813413774],[-97.13104148683878,49.79575913795148],[-97.13289987335223,49.792418990001885],[-97.13601629980498,49.78829113939899],[-97.13604274889144,49.78629014477532],[-97.13509616312881,49.78468580912071],[-97.12639261115864,49.787827509596745],[-97.12111678901863,49.79024269149226],[-97.11546741719648,49.792246788967645],[-97.114576292672,49.795155798707874],[-97.11453510399859,49.796216491541216],[-97.11545728533736,49.79930789288587],[-97.11571240408371,49.80132688739161],[-97.11582121106579,49.802821911531126],[-97.11440691340795,49.80602738947403]]]},"properties":{"DAUID":"46110939","DGUID":"2021S051246110939","LANDAREA":1.4868,"PRUID":"46","CMA":"Winnipeg"}},
{"type":"Feature","geometry":{"type":"Polygon","coordinates":[[[-97.12814720924696,49.79756632018973],[-97.12927668281951,49.79879421330435],[-97.13594141036504,49.796409991612165],[-97.13596371292783,49.793657899808046],[-97.14013458340136,49.792510503236386],[-97.13921798484164,49.79104759146874],[-97.14053767926582,49.79069099215615],[-97.14183538389314,49.78873291192908],[-97.1392307920036,49.7885381938343],[-97.14001558387504,49.78727338986596],[-97.13955088154475,49.78526011260234],[-97.1389150985585,49.78444930271155],[-97.13663421720752,49.7841518053333],[-97.13509616312881,49.78468580912071],[-97.13604274889144,49.78629014477532],[-97.13601629980498,49.78829113939899],[-97.13289987335223,49.792418990001885],[-97.13104148683878,49.79575913795148],[-97.12958965161523,49.79722813413774],[-97.12814720924696,49.79756632018973]]]},"properties":{"DAUID":"46110940","DGUID":"2021S051246110940","LANDAREA":0.4141,"PRUID":"46","CMA":"Winnipeg"}},
{"type":"Feature","geometry":{"type":"Polygon","coordinates":[[[-97.14013458340136,49.792510503236386],[-97.1435592998123,49.79161199147041],[-97.14443352152097,49.79018680916741],[-97.14313961835599,49.7898692030898],[-97.14233081939099,49.7888578018351],[-97.14183538389314,49.78873291192908],[-97.14053767926582,49.79069099215615],[-97.13921798484164,49.79104759146874],[-97.14013458340136,49.792510503236386]]]},"properties":{"DAUID":"46110941","DGUID":"2021S051246110941","LANDAREA":0.0822,"PRUID":"46","CMA":"Winnipeg"}},
{"type":"Feature","geometry":{"type":"Polygon","coordinates":[[[-97.14183538389314,49.78873291192908],[-97.14233081939099,49.7888578018351],[-97.14370630486955,49.78667599301112],[-97.14271721582244,49.78529290074107],[-97.14377731144762,49.78445529130313],[-97.14270489653546,49.78307090788402],[-97.1389150985585,49.78444930271155],[-97.13955088154475,49.78526011260234],[-97.14001558387504,49.78727338986596],[-97.1392307920036,49.7885381938343],[-97.14183538389314,49.78873291192908]]]},"properties":{"DAUID":"46110942","DGUID":"2021S051246110942","LANDAREA":0.1406,"PRUID":"46","CMA":"Winnipeg"}},
{"type":"Feature","geometry":{"type":"Polygon","coordinates":[[[-97.14443352152097,49.79018680916741],[-97.14581908360054,49.78810410628197],[-97.14629188554197,49.78736510436006],[-97.14726728620468,49.785833499877285],[-97.14498450677382,49.78522129149283],[-97.14389741929214,49.78531180949413],[-97.14370630486955,49.78667599301112],[-97.14233081939099,49.7888578018351],[-97.14313961835599,49.7898692030898],[-97.14443352152097,49.79018680916741]]]},"properties":{"DAUID":"46110943","DGUID":"2021S051246110943","LANDAREA":0.1012,"PRUID":"46","CMA":"Winnipeg"}},
{"type":"Feature","geometry":{"type":"Polygon","coordinates":[[[-97.14629188554197,49.78736510436006],[-97.14884270433446,49.78751379576848],[-97.15144591660172,49.78664679955305],[-97.15284090169993,49.786498201442114],[-97.15286808100478,49.78432179221974],[-97.15224669356334,49.78349329574907],[-97.14798089164488,49.784972391187964],[-97.14726728620468,49.785833499877285],[-97.14629188554197,49.78736510436006]]]},"properties":{"DAUID":"46110944","DGUID":"2021S051246110944","LANDAREA":0.1304,"PRUID":"46","CMA":"Winnipeg"}},
{"type":"Feature","geometry":{"type":"Polygon","coordinates":[[[-97.14581908360054,49.78810410628197],[-97.14781289347708,49.78864870866062],[-97.1502384849242,49.791718799743535],[-97.15340529961097,49.790653990842046],[-97.15477040521831,49.79019900616345],[-97.15284410926708,49.7878744885549],[-97.15284090169993,49.786498201442114],[-97.15144591660172,49.78664679955305],[-97.14884270433446,49.78751379576848],[-97.14629188554197,49.78736510436006],[-97.14581908360054,49.78810410628197]]]},"properties":{"DAUID":"46110945","DGUID":"2021S051246110945","LANDAREA":0.1849,"PRUID":"46","CMA":"Winnipeg"}},
{"type":"Feature","geometry":{"type":"Polygon","coordinates":[[[-97.15694041230373,49.784230195461724],[-97.15730259579966,49.789375702863936],[-97.15938183575645,49.78867014998783],[-97.15980184528638,49.78397624165176],[-97.15694041230373,49.784230195461724]]]},"properties":{"DAUID":"46110947","DGUID":"2021S051246110947","LANDAREA":0.0975,"PRUID":"46","CMA":"Winnipeg"}},
{"type":"Feature","geometry":{"type":"Polygon","coordinates":[[[-97.15938183575645,49.78867014998783],[-97.16103271759422,49.788103697584326],[-97.1631217907803,49.786868501707225],[-97.16333330044255,49.78568450905152],[-97.16195681651259,49.783144096887035],[-97.16314729421617,49.78178669116213],[-97.16536331742687,49.78122808810838],[-97.16473799689092,49.779392210978486],[-97.16342098827519,49.778588805218924],[-97.16217199499931,49.77965740264106],[-97.16013284382731,49.780428538424374],[-97.15980184528638,49.78397624165176],[-97.15938183575645,49.78867014998783]]]},"properties":{"DAUID":"46110948","DGUID":"2021S051246110948","LANDAREA":0.2361,"PRUID":"46","CMA":"Winnipeg"}},
{"type":"Feature","geometry":{"type":"Polygon","coordinates":[[[-97.16333330044255,49.78568450905152],[-97.166441708969,49.78560789802412],[-97.16664421824294,49.78188710172971],[-97.16854421525737,49.78160229540176],[-97.16822901453445,49.78075179528019],[-97.16536331742687,49.78122808810838],[-97.16314729421617,49.78178669116213],[-97.16195681651259,49.783144096887035],[-97.16333330044255,49.78568450905152]]]},"properties":{"DAUID":"46110949","DGUID":"2021S051246110949","LANDAREA":0.1505,"PRUID":"46","CMA":"Winnipeg"}},
{"type":"Feature","geometry":{"type":"Polygon","coordinates":[[[-97.16103271759422,49.788103697584326],[-97.16346634963367,49.788266876694124],[-97.17023239237072,49.788047602323466],[-97.17023761095601,49.78721100439049],[-97.17183129341346,49.78714810361859],[-97.17268920937045,49.786264288338565],[-97.17267249208646,49.78449199660532],[-97.17035481152129,49.78442839766561],[-97.16979540523168,49.78563389883883],[-97.166441708969,49.78560789802412],[-97.16333330044255,49.78568450905152],[-97.1631217907803,49.786868501707225],[-97.16103271759422,49.788103697584326]]]},"properties":{"DAUID":"46110950","DGUID":"2021S051246110950","LANDAREA":0.2045,"PRUID":"46","CMA":"Winnipeg"}},
{"type":"Feature","geometry":{"type":"Polygon","coordinates":[[[-97.16536331742687,49.78122808810838],[-97.16822901453445,49.78075179528019],[-97.1695280192127,49.780565405051306],[-97.17271460662668,49.78041779703415],[-97.172719306296,49.77955441048104],[-97.17060748565137,49.779566013096385],[-97.17005489875957,49.77837890729778],[-97.16680678795214,49.77721219177493],[-97.16448191920551,49.77771500458039],[-97.16342098827519,49.778588805218924],[-97.16473799689092,49.779392210978486],[-97.16536331742687,49.78122808810838]]]},"properties":{"DAUID":"46110952","DGUID":"2021S051246110952","LANDAREA":0.1609,"PRUID":"46","CMA":"Winnipeg"}},
{"type":"Feature","geometry":{"type":"Polygon","coordinates":[[[-97.17271460662668,49.78041779703415],[-97.17375689837749,49.78040730100082],[-97.17372033848552,49.77572388357129],[-97.17243710434653,49.77560999457165],[-97.17234799355424,49.77465508829377],[-97.17111660379115,49.774527803291384],[-97.16705711258055,49.77610071046302],[-97.16680678795214,49.77721219177493],[-97.17005489875957,49.77837890729778],[-97.17060748565137,49.779566013096385],[-97.172719306296,49.77955441048104],[-97.17271460662668,49.78041779703415]]]},"properties":{"DAUID":"46110953","DGUID":"2021S051246110953","LANDAREA":0.1806,"PRUID":"46","CMA":"Winnipeg"}},
{"type":"Feature","geometry":{"type":"Polygon","coordinates":[[[-97.16342098827519,49.778588805218924],[-97.16448191920551,49.77771500458039],[-97.16680678795214,49.77721219177493],[-97.16705711258055,49.77610071046302],[-97.17111660379115,49.774527803291384],[-97.17234799355424,49.77465508829377],[-97.17243710434653,49.77560999457165],[-97.17372033848552,49.77572388357129],[-97.17377179794335,49.771142498088814],[-97.16055695516323,49.77575583541063],[-97.16037763937892,49.77773941251672],[-97.16013284382731,49.780428538424374],[-97.16217199499931,49.77965740264106],[-97.16342098827519,49.778588805218924]]]},"properties":{"DAUID":"46110954","DGUID":"2021S051246110954","LANDAREA":0.3642,"PRUID":"46","CMA":"Winnipeg"}},
{"type":"Feature","geometry":{"type":"Polygon","coordinates":[[[-97.17377179794335,49.771142498088814],[-97.17378048487434,49.769433503473756],[-97.17428011564176,49.767966199101295],[-97.17547120400867,49.76657270252122],[-97.17387908520632,49.76643970470822],[-97.17109690146714,49.76877950795649],[-97.17215421873577,49.76947090708036],[-97.17152990687849,49.770558399687566],[-97.16972648433176,49.770134208693726],[-97.17008771821102,49.76902449359192],[-97.16740958718069,49.769701703313565],[-97.16514331207584,49.770871191279966],[-97.1648591192858,49.77177519837765],[-97.16325771038242,49.77225360270907],[-97.1638863047306,49.77326201189909],[-97.16284139484014,49.77371319196942],[-97.16194651539345,49.77203489356544],[-97.16218770290297,49.77116620995503],[-97.160446592117,49.77093160290201],[-97.15835178805695,49.77159999486097],[-97.15658900819436,49.7715718881396],[-97.15628859301538,49.77326720970642],[-97.1564872174255,49.777183310683384],[-97.16055695516323,49.77575583541063],[-97.17377179794335,49.771142498088814]]]},"properties":{"DAUID":"46110955","DGUID":"2021S051246110955","LANDAREA":0.5011,"PRUID":"46","CMA":"Winnipeg"}},
{"type":"Feature","geometry":{"type":"Polygon","coordinates":[[[-97.16740958718069,49.769701703313565],[-97.16653718258793,49.76852759018611],[-97.16162841208659,49.76906139738303],[-97.16023209791969,49.76999269474077],[-97.160446592117,49.77093160290201],[-97.16218770290297,49.77116620995503],[-97.16194651539345,49.77203489356544],[-97.16284139484014,49.77371319196942],[-97.1638863047306,49.77326201189909],[-97.16325771038242,49.77225360270907],[-97.1648591192858,49.77177519837765],[-97.16514331207584,49.770871191279966],[-97.16740958718069,49.769701703313565]]]},"properties":{"DAUID":"46110956","DGUID":"2021S051246110956","LANDAREA":0.1522,"PRUID":"46","CMA":"Winnipeg"}},
{"type":"Feature","geometry":{"type":"Polygon","coordinates":[[[-97.160446592117,49.77093160290201],[-97.16023209791969,49.76999269474077],[-97.16162841208659,49.76906139738303],[-97.16653718258793,49.76852759018611],[-97.16610131317073,49.76793600427041],[-97.1644338990826,49.765750701463695],[-97.16328059081235,49.76613719540834],[-97.15845971005034,49.76802158666194],[-97.15637958522959,49.76867220985726],[-97.15658900819436,49.7715718881396],[-97.15835178805695,49.77159999486097],[-97.160446592117,49.77093160290201]]]},"properties":{"DAUID":"46110957","DGUID":"2021S051246110957","LANDAREA":0.2095,"PRUID":"46","CMA":"Winnipeg"}},
{"type":"Feature","geometry":{"type":"Polygon","coordinates":[[[-97.17008771821102,49.76902449359192],[-97.16844760965076,49.76684869425975],[-97.16743110357754,49.76655380900466],[-97.16610131317073,49.76793600427041],[-97.16653718258793,49.76852759018611],[-97.16740958718069,49.769701703313565],[-97.17008771821102,49.76902449359192]]]},"properties":{"DAUID":"46110958","DGUID":"2021S051246110958","LANDAREA":0.0582,"PRUID":"46","CMA":"Winnipeg"}},
{"type":"Feature","geometry":{"type":"Polygon","coordinates":[[[-97.17547120400867,49.76657270252122],[-97.17856409269257,49.764084801083726],[-97.17925318336957,49.76274598945212],[-97.17941958059768,49.76126479626374],[-97.17942621416836,49.75478830076644],[-97.16271168867355,49.76061410526269],[-97.1575372138938,49.76268179919443],[-97.1553677895332,49.763861603231256],[-97.15655749629879,49.76544569070854],[-97.15776991927451,49.76497030943983],[-97.1572440164906,49.764188303291974],[-97.1610771163067,49.762711096289564],[-97.1644338990826,49.765750701463695],[-97.16610131317073,49.76793600427041],[-97.16743110357754,49.76655380900466],[-97.16844760965076,49.76684869425975],[-97.17008771821102,49.76902449359192],[-97.16972648433176,49.770134208693726],[-97.17152990687849,49.770558399687566],[-97.17215421873577,49.76947090708036],[-97.17109690146714,49.76877950795649],[-97.17387908520632,49.76643970470822],[-97.17547120400867,49.76657270252122]]]},"properties":{"DAUID":"46110959","DGUID":"2021S051246110959","LANDAREA":1.3013,"PRUID":"46","CMA":"Winnipeg"}},
{"type":"Feature","geometry":{"type":"Polygon","coordinates":[[[-97.16328059081235,49.76613719540834],[-97.16183639072236,49.76466609474136],[-97.15982319410398,49.76502089397775],[-97.1592114063947,49.764309588186684],[-97.15776991927451,49.76497030943983],[-97.15655749629879,49.76544569070854],[-97.15845971005034,49.76802158666194],[-97.16328059081235,49.76613719540834]]]},"properties":{"DAUID":"46110960","DGUID":"2021S051246110960","LANDAREA":0.1133,"PRUID":"46","CMA":"Winnipeg"}},
{"type":"Feature","geometry":{"type":"Polygon","coordinates":[[[-97.1644338990826,49.765750701463695],[-97.1610771163067,49.762711096289564],[-97.1572440164906,49.764188303291974],[-97.15776991927451,49.76497030943983],[-97.1592114063947,49.764309588186684],[-97.15982319410398,49.76502089397775],[-97.16183639072236,49.76466609474136],[-97.16328059081235,49.76613719540834],[-97.1644338990826,49.765750701463695]]]},"properties":{"DAUID":"46110961","DGUID":"2021S051246110961","LANDAREA":0.0741,"PRUID":"46","CMA":"Winnipeg"}},
{"type":"Feature","geometry":{"type":"Polygon","coordinates":[[[-97.13746920522124,49.742445493411616],[-97.13830168353346,49.74426690418308],[-97.14490189715896,49.75391669712765],[-97.14899981419732,49.75896559854668],[-97.15294831252238,49.764677594222796],[-97.15346978254755,49.76520759702068],[-97.15637958522959,49.76867220985726],[-97.15845971005034,49.76802158666194],[-97.15655749629879,49.76544569070854],[-97.1553677895332,49.763861603231256],[-97.1575372138938,49.76268179919443],[-97.16271168867355,49.76061410526269],[-97.17942621416836,49.75478830076644],[-97.17941958059768,49.76126479626374],[-97.17925318336957,49.76274598945212],[-97.17856409269257,49.764084801083726],[-97.17547120400867,49.76657270252122],[-97.17428011564176,49.767966199101295],[-97.17378048487434,49.769433503473756],[-97.17377179794335,49.771142498088814],[-97.17773970032464,49.769774807974265],[-97.1824882098761,49.76869800227046],[-97.18782331303427,49.76826880923734],[-97.21371310822506,49.76819418650556],[-97.21374899443374,49.753613696009936],[-97.21436819066497,49.75338930201058],[-97.2191027882193,49.75338129305128],[-97.21938579905597,49.75285489283137],[-97.2193602096951,49.74066611126791],[-97.21962469824315,49.72395709036425],[-97.21987008887686,49.71363749141876],[-97.17930314438752,49.72787133190192],[-97.16993706636167,49.73109776096595],[-97.13746920522124,49.742445493411616]]]},"properties":{"DAUID":"46110962","DGUID":"2021S051246110962","LANDAREA":22.2389,"PRUID":"46","CMA":"Winnipeg"}},
{"type":"Feature","geometry":{"type":"Polygon","coordinates":[[[-97.15294831252238,49.764677594222796],[-97.14452729207541,49.76482190903789],[-97.14403290541192,49.765767409693915],[-97.14405380755764,49.76667628817402],[-97.14177437937522,49.76744928902304],[-97.14163109713441,49.76938099627906],[-97.15346978254755,49.76520759702068],[-97.15294831252238,49.764677594222796]]]},"properties":{"DAUID":"46110963","DGUID":"2021S051246110963","LANDAREA":0.196,"PRUID":"46","CMA":"Winnipeg"}},
{"type":"Feature","geometry":{"type":"Polygon","coordinates":[[[-97.12832729006513,49.745488039109006],[-97.12883817269012,49.7473332450154],[-97.13003140614975,49.74881655545614],[-97.13350973725983,49.75072965404036],[-97.13650902961267,49.75253845990914],[-97.13911926234404,49.75505082729495],[-97.1407197438103,49.75774787515314],[-97.14088374340274,49.75894816640782],[-97.14051089949467,49.76150872082205],[-97.13968233946649,49.764136607358395],[-97.13956109007913,49.76568255777822],[-97.14403290541192,49.765767409693915],[-97.14452729207541,49.76482190903789],[-97.15294831252238,49.764677594222796],[-97.14899981419732,49.75896559854668],[-97.14490189715896,49.75391669712765],[-97.13830168353346,49.74426690418308],[-97.13746920522124,49.742445493411616],[-97.13131479591483,49.744388197897855],[-97.12832729006513,49.745488039109006]]]},"properties":{"DAUID":"46110964","DGUID":"2021S051246110964","LANDAREA":1.3498,"PRUID":"46","CMA":"Winnipeg"}},
{"type":"Feature","geometry":{"type":"Polygon","coordinates":[[[-97.13509616312881,49.78468580912071],[-97.13663421720752,49.7841518053333],[-97.1564872174255,49.777183310683384],[-97.15628859301538,49.77326720970642],[-97.15658900819436,49.7715718881396],[-97.15637958522959,49.76867220985726],[-97.15346978254755,49.76520759702068],[-97.14163109713441,49.76938099627906],[-97.14177437937522,49.76744928902304],[-97.14405380755764,49.76667628817402],[-97.14403290541192,49.765767409693915],[-97.13956109007913,49.76568255777822],[-97.13938349924024,49.7679110322848],[-97.13943020544913,49.77187501849623],[-97.13976572793011,49.773129015050465],[-97.14103885592536,49.77404802455455],[-97.14333483710399,49.77429549974725],[-97.14658016570216,49.772997917970756],[-97.14936318385563,49.771196935126085],[-97.15114179331972,49.770364003156104],[-97.15398149700029,49.7708281881646],[-97.15457961516559,49.772567221833164],[-97.15321112538467,49.774314918760574],[-97.15167619805878,49.77554599030867],[-97.14699184978777,49.77688794978787],[-97.14038853721766,49.77786448665468],[-97.13429801455207,49.778454766837996],[-97.13134441937206,49.779809208063156],[-97.13126647778383,49.78108963095636],[-97.13509616312881,49.78468580912071]]]},"properties":{"DAUID":"46110965","DGUID":"2021S051246110965","LANDAREA":1.3113,"PRUID":"46","CMA":"Winnipeg"}},
{"type":"Feature","geometry":{"type":"Polygon","coordinates":[[[-97.1389150985585,49.78444930271155],[-97.14270489653546,49.78307090788402],[-97.14377731144762,49.78445529130313],[-97.1469034804481,49.7833540032291],[-97.14593628754491,49.78212419936113],[-97.15057450111925,49.780345308403405],[-97.15179458711849,49.78186701301892],[-97.15224669356334,49.78349329574907],[-97.15676621871668,49.78191021160924],[-97.15661301531502,49.7789932997706],[-97.16037763937892,49.77773941251672],[-97.16055695516323,49.77575583541063],[-97.1564872174255,49.777183310683384],[-97.13663421720752,49.7841518053333],[-97.1389150985585,49.78444930271155]]]},"properties":{"DAUID":"46110966","DGUID":"2021S051246110966","LANDAREA":0.4125,"PRUID":"46","CMA":"Winnipeg"}},
{"type":"Feature","geometry":{"type":"Polygon","coordinates":[[[-97.14370630486955,49.78667599301112],[-97.14389741929214,49.78531180949413],[-97.14498450677382,49.78522129149283],[-97.14726728620468,49.785833499877285],[-97.14798089164488,49.784972391187964],[-97.15224669356334,49.78349329574907],[-97.15179458711849,49.78186701301892],[-97.15057450111925,49.780345308403405],[-97.14593628754491,49.78212419936113],[-97.1469034804481,49.7833540032291],[-97.14377731144762,49.78445529130313],[-97.14271721582244,49.78529290074107],[-97.14370630486955,49.78667599301112]]]},"properties":{"DAUID":"46110967","DGUID":"2021S051246110967","LANDAREA":0.1974,"PRUID":"46","CMA":"Winnipeg"}},
{"type":"Feature","geometry":{"type":"Polygon","coordinates":[[[-97.15980184528638,49.78397624165176],[-97.16013284382731,49.780428538424374],[-97.16037763937892,49.77773941251672],[-97.15661301531502,49.7789932997706],[-97.15676621871668,49.78191021160924],[-97.15694041230373,49.784230195461724],[-97.15980184528638,49.78397624165176]]]},"properties":{"DAUID":"46110968","DGUID":"2021S051246110968","LANDAREA":0.151,"PRUID":"46","CMA":"Winnipeg"}},
{"type":"Feature","geometry":{"type":"Polygon","coordinates":[[[-97.17380900227347,49.80081810780275],[-97.17225848171029,49.80176509446673],[-97.1704285888063,49.80210430137431],[-97.16551481148433,49.80185639244151],[-97.16546518388829,49.80316889820326],[-97.16799031348256,49.80328079614795],[-97.17054651733646,49.803515290313946],[-97.17136830225901,49.804211788279055],[-97.17147171631748,49.80710149122279],[-97.173517003751,49.80710419905073],[-97.17349409928177,49.804384196430966],[-97.17381169184175,49.80236000773439],[-97.17380900227347,49.80081810780275]]]},"properties":{"DAUID":"46110973","DGUID":"2021S051246110973","LANDAREA":0.167,"PRUID":"46","CMA":"Winnipeg"}},
{"type":"Feature","geometry":{"type":"Polygon","coordinates":[[[-97.16799031348256,49.80328079614795],[-97.16789588450104,49.80463250336816],[-97.16896901730007,49.80669679708985],[-97.16757380933015,49.80752539811178],[-97.16810430212747,49.80818710647644],[-97.17148230949519,49.807924287861894],[-97.17147171631748,49.80710149122279],[-97.17136830225901,49.804211788279055],[-97.17054651733646,49.803515290313946],[-97.16799031348256,49.80328079614795]]]},"properties":{"DAUID":"46110974","DGUID":"2021S051246110974","LANDAREA":0.1131,"PRUID":"46","CMA":"Winnipeg"}},
{"type":"Feature","geometry":{"type":"Polygon","coordinates":[[[-97.16546518388829,49.80316889820326],[-97.1653706985479,49.80419318829717],[-97.16389071074938,49.8056228074242],[-97.16096221697433,49.80661309296802],[-97.16157898535998,49.807367000494274],[-97.16342549159927,49.80675260955854],[-97.16700098882384,49.8085685060576],[-97.16810430212747,49.80818710647644],[-97.16757380933015,49.80752539811178],[-97.16896901730007,49.80669679708985],[-97.16789588450104,49.80463250336816],[-97.16799031348256,49.80328079614795],[-97.16546518388829,49.80316889820326]]]},"properties":{"DAUID":"46110975","DGUID":"2021S051246110975","LANDAREA":0.1488,"PRUID":"46","CMA":"Winnipeg"}},
{"type":"Feature","geometry":{"type":"Polygon","coordinates":[[[-97.16810430212747,49.80818710647644],[-97.16700098882384,49.8085685060576],[-97.16342549159927,49.80675260955854],[-97.16157898535998,49.807367000494274],[-97.16237240966636,49.80841649503582],[-97.16261839881085,49.809741888546554],[-97.16211418322538,49.811182191213234],[-97.1627716035482,49.8133572888847],[-97.16576719511673,49.81275810268131],[-97.16782009981415,49.81234418829586],[-97.1671430982761,49.81067099100893],[-97.16927270929395,49.809444700387616],[-97.1714891961497,49.80941309221533],[-97.17148230949519,49.807924287861894],[-97.16810430212747,49.80818710647644]]]},"properties":{"DAUID":"46110976","DGUID":"2021S051246110976","LANDAREA":0.2395,"PRUID":"46","CMA":"Winnipeg"}},
{"type":"Feature","geometry":{"type":"Polygon","coordinates":[[[-97.16782009981415,49.81234418829586],[-97.16856430406918,49.81385008680817],[-97.1710164001974,49.81339510443004],[-97.16954861167436,49.811864797456295],[-97.17205761678476,49.81124479308501],[-97.1727072931163,49.80940901104462],[-97.1714891961497,49.80941309221533],[-97.16927270929395,49.809444700387616],[-97.1671430982761,49.81067099100893],[-97.16782009981415,49.81234418829586]]]},"properties":{"DAUID":"46110977","DGUID":"2021S051246110977","LANDAREA":0.1298,"PRUID":"46","CMA":"Winnipeg"}},
{"type":"Feature","geometry":{"type":"Polygon","coordinates":[[[-97.17147171631748,49.80710149122279],[-97.17148230949519,49.807924287861894],[-97.1714891961497,49.80941309221533],[-97.1727072931163,49.80940901104462],[-97.17205761678476,49.81124479308501],[-97.16954861167436,49.811864797456295],[-97.1710164001974,49.81339510443004],[-97.16856430406918,49.81385008680817],[-97.16782009981415,49.81234418829586],[-97.16576719511673,49.81275810268131],[-97.16642679965315,49.81431000972598],[-97.16275000345686,49.81500102580999],[-97.1620433040788,49.81350431003289],[-97.1609816164022,49.8137185034727],[-97.16163799189623,49.81526001203796],[-97.15794271625786,49.81600099290687],[-97.15794320659958,49.81528349657441],[-97.15945661292379,49.814858508229435],[-97.15902140424113,49.81411278785904],[-97.15702544957975,49.81470784804379],[-97.15665204987039,49.81887465406504],[-97.15559572210063,49.83042514770715],[-97.17917939064846,49.82250878830421],[-97.1791470041593,49.81707529897574],[-97.17864728915083,49.815574193791555],[-97.17689180465807,49.81345979251291],[-97.17437809471132,49.81044281088642],[-97.17369929504486,49.80890288992602],[-97.173517003751,49.80710419905073],[-97.17147171631748,49.80710149122279]]]},"properties":{"DAUID":"46110978","DGUID":"2021S051246110978","LANDAREA":2.3763,"PRUID":"46","CMA":"Winnipeg"}},
{"type":"Feature","geometry":{"type":"Polygon","coordinates":[[[-97.16211418322538,49.811182191213234],[-97.15969369477648,49.81101919154774],[-97.15962758456976,49.812156094168905],[-97.15821809732934,49.8126382068527],[-97.15902140424113,49.81411278785904],[-97.15945661292379,49.814858508229435],[-97.15794320659958,49.81528349657441],[-97.15794271625786,49.81600099290687],[-97.16163799189623,49.81526001203796],[-97.1609816164022,49.8137185034727],[-97.1620433040788,49.81350431003289],[-97.16275000345686,49.81500102580999],[-97.16642679965315,49.81431000972598],[-97.16576719511673,49.81275810268131],[-97.1627716035482,49.8133572888847],[-97.16211418322538,49.811182191213234]]]},"properties":{"DAUID":"46110979","DGUID":"2021S051246110979","LANDAREA":0.1572,"PRUID":"46","CMA":"Winnipeg"}},
{"type":"Feature","geometry":{"type":"Polygon","coordinates":[[[-97.16096221697433,49.80661309296802],[-97.1573332820566,49.80783670757024],[-97.15739715378211,49.81060264914611],[-97.15702544957975,49.81470784804379],[-97.15902140424113,49.81411278785904],[-97.15821809732934,49.8126382068527],[-97.15962758456976,49.812156094168905],[-97.15969369477648,49.81101919154774],[-97.16211418322538,49.811182191213234],[-97.16261839881085,49.809741888546554],[-97.16237240966636,49.80841649503582],[-97.16157898535998,49.807367000494274],[-97.16096221697433,49.80661309296802]]]},"properties":{"DAUID":"46110980","DGUID":"2021S051246110980","LANDAREA":0.2042,"PRUID":"46","CMA":"Winnipeg"}},
{"type":"Feature","geometry":{"type":"Polygon","coordinates":[[[-97.15702544957975,49.81470784804379],[-97.15147348605988,49.816574108938426],[-97.15199740799544,49.81846940039316],[-97.15224981242949,49.81956588033758],[-97.15665204987039,49.81887465406504],[-97.15702544957975,49.81470784804379]]]},"properties":{"DAUID":"46110983","DGUID":"2021S051246110983","LANDAREA":0.1412,"PRUID":"46","CMA":"Winnipeg"}},
{"type":"Feature","geometry":{"type":"Polygon","coordinates":[[[-97.15147348605988,49.816574108938426],[-97.15193930248871,49.813469203060045],[-97.14694090862035,49.81513440124331],[-97.1494631814166,49.81739129423891],[-97.15199740799544,49.81846940039316],[-97.15147348605988,49.816574108938426]]]},"properties":{"DAUID":"46110984","DGUID":"2021S051246110984","LANDAREA":0.1029,"PRUID":"46","CMA":"Winnipeg"}},
{"type":"Feature","geometry":{"type":"Polygon","coordinates":[[[-97.15199740799544,49.81846940039316],[-97.1494631814166,49.81739129423891],[-97.14694090862035,49.81513440124331],[-97.15193930248871,49.813469203060045],[-97.15254260944306,49.81111271093973],[-97.15362259313189,49.80905248908142],[-97.14273679393075,49.81274638827151],[-97.14330728779598,49.813457189883984],[-97.14031026143752,49.814377888637075],[-97.14164030683928,49.816210656878916],[-97.141846725759,49.817817429490155],[-97.14221581169002,49.819832915004035],[-97.14303586749632,49.822051515547074],[-97.14597928326059,49.82137969974869],[-97.15224981242949,49.81956588033758],[-97.15199740799544,49.81846940039316]]]},"properties":{"DAUID":"46110985","DGUID":"2021S051246110985","LANDAREA":0.6124,"PRUID":"46","CMA":"Winnipeg"}},
{"type":"Feature","geometry":{"type":"Polygon","coordinates":[[[-97.14823204596219,49.8303311550672],[-97.14853144152823,49.829430447466315],[-97.14804898492328,49.82769627775532],[-97.14328558946193,49.82258184942375],[-97.14303586749632,49.822051515547074],[-97.13820748814244,49.823189008977025],[-97.13748830820799,49.82343538845804],[-97.13845949668263,49.823867700637116],[-97.13789368778863,49.82556770577727],[-97.13414630552612,49.826838697572164],[-97.1334882154819,49.826234386620484],[-97.12951789196134,49.82787039279848],[-97.12393488504311,49.82984911288851],[-97.12450429208806,49.830586907593684],[-97.12503520414374,49.831243092187044],[-97.12789239046178,49.83035378880647],[-97.128705790314,49.83161728940079],[-97.12796659527507,49.833836098405705],[-97.12813439266158,49.834891310174015],[-97.13116112476462,49.834882908643344],[-97.13123828886985,49.83355515283486],[-97.13210076531527,49.83228824861164],[-97.13482950670654,49.831214596108616],[-97.13881007261021,49.831395530775914],[-97.14292224381919,49.8322260892764],[-97.14544518912709,49.832163033171625],[-97.14749727110627,49.831295871089765],[-97.14823204596219,49.8303311550672]]]},"properties":{"DAUID":"46110992","DGUID":"2021S051246110992","LANDAREA":0.9445,"PRUID":"46","CMA":"Winnipeg"}},
{"type":"Feature","geometry":{"type":"Polygon","coordinates":[[[-97.12450429208806,49.830586907593684],[-97.12393488504311,49.82984911288851],[-97.12951789196134,49.82787039279848],[-97.1334882154819,49.826234386620484],[-97.13414630552612,49.826838697572164],[-97.13789368778863,49.82556770577727],[-97.13845949668263,49.823867700637116],[-97.13748830820799,49.82343538845804],[-97.12530029742454,49.82762240508306],[-97.11851411610763,49.829428290277086],[-97.11490549634087,49.830682993732374],[-97.11418440157438,49.83313590339448],[-97.11604231060065,49.83256349232094],[-97.12074999685392,49.830939792413844],[-97.12130719105257,49.831632493619914],[-97.12450429208806,49.830586907593684]]]},"properties":{"DAUID":"46110993","DGUID":"2021S051246110993","LANDAREA":0.3883,"PRUID":"46","CMA":"Winnipeg"}},
{"type":"Feature","geometry":{"type":"Polygon","coordinates":[[[-97.11490549634087,49.830682993732374],[-97.11851411610763,49.829428290277086],[-97.12530029742454,49.82762240508306],[-97.13748830820799,49.82343538845804],[-97.13820748814244,49.823189008977025],[-97.13672960227564,49.82076349610034],[-97.13540550398186,49.82121001244167],[-97.13357430752664,49.821828200010806],[-97.13418579366073,49.822557611314366],[-97.12966281753414,49.82411278758642],[-97.1245476167293,49.825874098811404],[-97.1147805034478,49.829250689463244],[-97.11490549634087,49.830682993732374]]]},"properties":{"DAUID":"46110994","DGUID":"2021S051246110994","LANDAREA":0.3598,"PRUID":"46","CMA":"Winnipeg"}},
{"type":"Feature","geometry":{"type":"Polygon","coordinates":[[[-97.12966281753414,49.82411278758642],[-97.12890709540741,49.82207670602733],[-97.12747349823809,49.822116500859806],[-97.12544562072551,49.822785310867324],[-97.12279610308178,49.82370489079847],[-97.1245476167293,49.825874098811404],[-97.12966281753414,49.82411278758642]]]},"properties":{"DAUID":"46110995","DGUID":"2021S051246110995","LANDAREA":0.1177,"PRUID":"46","CMA":"Winnipeg"}},
{"type":"Feature","geometry":{"type":"Polygon","coordinates":[[[-97.13540550398186,49.82121001244167],[-97.13475328703859,49.820093093992874],[-97.13313138034006,49.818888600356715],[-97.12962221057758,49.82011831164469],[-97.12968761424361,49.82058708989899],[-97.12715048443316,49.8214816030036],[-97.12747349823809,49.822116500859806],[-97.12890709540741,49.82207670602733],[-97.12966281753414,49.82411278758642],[-97.13418579366073,49.822557611314366],[-97.13357430752664,49.821828200010806],[-97.13540550398186,49.82121001244167]]]},"properties":{"DAUID":"46110996","DGUID":"2021S051246110996","LANDAREA":0.1786,"PRUID":"46","CMA":"Winnipeg"}},
{"type":"Feature","geometry":{"type":"Polygon","coordinates":[[[-97.12747349823809,49.822116500859806],[-97.12715048443316,49.8214816030036],[-97.12968761424361,49.82058708989899],[-97.12962221057758,49.82011831164469],[-97.13313138034006,49.818888600356715],[-97.13425878954178,49.81849298892212],[-97.1321044027246,49.8173969032897],[-97.13100638240704,49.81702829228454],[-97.12663811100025,49.81783029692992],[-97.1281400026238,49.819977512092166],[-97.1278735917638,49.820395906477806],[-97.12426250002596,49.82138101174282],[-97.12544562072551,49.822785310867324],[-97.12747349823809,49.822116500859806]]]},"properties":{"DAUID":"46110997","DGUID":"2021S051246110997","LANDAREA":0.1606,"PRUID":"46","CMA":"Winnipeg"}},
{"type":"Feature","geometry":{"type":"Polygon","coordinates":[[[-97.14031026143752,49.814377888637075],[-97.13773504955115,49.81322705825691],[-97.13561840374574,49.81283516742583],[-97.13307528892695,49.81287987655805],[-97.13031106430249,49.81365405803604],[-97.12526540013609,49.81616919676638],[-97.12290588006017,49.8168027052206],[-97.11876288114013,49.81642992235589],[-97.11956898321593,49.81800370219981],[-97.12202498314906,49.81812440978637],[-97.12663811100025,49.81783029692992],[-97.13100638240704,49.81702829228454],[-97.1321044027246,49.8173969032897],[-97.13469411846974,49.81693489717932],[-97.13713248705288,49.81606560311864],[-97.13771941332145,49.817975386491646],[-97.141846725759,49.817817429490155],[-97.14164030683928,49.816210656878916],[-97.14031026143752,49.814377888637075]]]},"properties":{"DAUID":"46110998","DGUID":"2021S051246110998","LANDAREA":0.3858,"PRUID":"46","CMA":"Winnipeg"}},
{"type":"Feature","geometry":{"type":"Polygon","coordinates":[[[-97.141846725759,49.817817429490155],[-97.13771941332145,49.817975386491646],[-97.13713248705288,49.81606560311864],[-97.13469411846974,49.81693489717932],[-97.1321044027246,49.8173969032897],[-97.13425878954178,49.81849298892212],[-97.13313138034006,49.818888600356715],[-97.13475328703859,49.820093093992874],[-97.13540550398186,49.82121001244167],[-97.13672960227564,49.82076349610034],[-97.13820748814244,49.823189008977025],[-97.14303586749632,49.822051515547074],[-97.14221581169002,49.819832915004035],[-97.141846725759,49.817817429490155]]]},"properties":{"DAUID":"46110999","DGUID":"2021S051246110999","LANDAREA":0.2791,"PRUID":"46","CMA":"Winnipeg"}},
{"type":"Feature","geometry":{"type":"Polygon","coordinates":[[[-97.12663811100025,49.81783029692992],[-97.12202498314906,49.81812440978637],[-97.11956898321593,49.81800370219981],[-97.11310061446895,49.82024620053943],[-97.11326791059345,49.82095060744973],[-97.11586010821148,49.820075292116485],[-97.11645628295376,49.82083149192488],[-97.11793578656815,49.820324900241864],[-97.11864461630813,49.82104700492827],[-97.12277350417446,49.819620803072105],[-97.12357129639096,49.820560209358064],[-97.12426250002596,49.82138101174282],[-97.1278735917638,49.820395906477806],[-97.1281400026238,49.819977512092166],[-97.12663811100025,49.81783029692992]]]},"properties":{"DAUID":"46111000","DGUID":"2021S051246111000","LANDAREA":0.2421,"PRUID":"46","CMA":"Winnipeg"}},
{"type":"Feature","geometry":{"type":"Polygon","coordinates":[[[-97.11326791059345,49.82095060744973],[-97.11371438437956,49.8230536940715],[-97.11406479444926,49.824768510457346],[-97.11835598600786,49.823111201426244],[-97.12039201825885,49.82295529718412],[-97.12268231862788,49.8219759918171],[-97.12357129639096,49.820560209358064],[-97.12277350417446,49.819620803072105],[-97.11864461630813,49.82104700492827],[-97.11793578656815,49.820324900241864],[-97.11645628295376,49.82083149192488],[-97.11586010821148,49.820075292116485],[-97.11326791059345,49.82095060744973]]]},"properties":{"DAUID":"46111001","DGUID":"2021S051246111001","LANDAREA":0.2224,"PRUID":"46","CMA":"Winnipeg"}},
{"type":"Feature","geometry":{"type":"Polygon","coordinates":[[[-97.12544562072551,49.822785310867324],[-97.12426250002596,49.82138101174282],[-97.12357129639096,49.820560209358064],[-97.12268231862788,49.8219759918171],[-97.12039201825885,49.82295529718412],[-97.11835598600786,49.823111201426244],[-97.11406479444926,49.824768510457346],[-97.11438261650184,49.82660869903607],[-97.12279610308178,49.82370489079847],[-97.12544562072551,49.822785310867324]]]},"properties":{"DAUID":"46111002","DGUID":"2021S051246111002","LANDAREA":0.1674,"PRUID":"46","CMA":"Winnipeg"}},
{"type":"Feature","geometry":{"type":"Polygon","coordinates":[[[-97.1245476167293,49.825874098811404],[-97.12279610308178,49.82370489079847],[-97.11438261650184,49.82660869903607],[-97.1147805034478,49.829250689463244],[-97.1245476167293,49.825874098811404]]]},"properties":{"DAUID":"46111003","DGUID":"2021S051246111003","LANDAREA":0.2013,"PRUID":"46","CMA":"Winnipeg"}},
{"type":"Feature","geometry":{"type":"Polygon","coordinates":[[[-97.1147805034478,49.829250689463244],[-97.11438261650184,49.82660869903607],[-97.11406479444926,49.824768510457346],[-97.11371438437956,49.8230536940715],[-97.10625939104503,49.82561271040863],[-97.10518660817495,49.82424589749636],[-97.10246789154087,49.82514589912235],[-97.1041660082936,49.82723349558312],[-97.10778908122062,49.83166440265293],[-97.1147805034478,49.829250689463244]]]},"properties":{"DAUID":"46111004","DGUID":"2021S051246111004","LANDAREA":0.4896,"PRUID":"46","CMA":"Winnipeg"}},
{"type":"Feature","geometry":{"type":"Polygon","coordinates":[[[-97.11310061446895,49.82024620053943],[-97.1119036013056,49.82064049712439],[-97.10434880297446,49.823269701688],[-97.10518660817495,49.82424589749636],[-97.10625939104503,49.82561271040863],[-97.11371438437956,49.8230536940715],[-97.11326791059345,49.82095060744973],[-97.11310061446895,49.82024620053943]]]},"properties":{"DAUID":"46111005","DGUID":"2021S051246111005","LANDAREA":0.1956,"PRUID":"46","CMA":"Winnipeg"}},
{"type":"Feature","geometry":{"type":"Polygon","coordinates":[[[-97.10246789154087,49.82514589912235],[-97.10518660817495,49.82424589749636],[-97.10434880297446,49.823269701688],[-97.1119036013056,49.82064049712439],[-97.10919331840851,49.82026349993051],[-97.10771589752896,49.82035631195423],[-97.10055708594525,49.82281179080689],[-97.10192380210616,49.82448030149959],[-97.10246789154087,49.82514589912235]]]},"properties":{"DAUID":"46111006","DGUID":"2021S051246111006","LANDAREA":0.1519,"PRUID":"46","CMA":"Winnipeg"}},
{"type":"Feature","geometry":{"type":"Polygon","coordinates":[[[-97.10055708594525,49.82281179080689],[-97.10771589752896,49.82035631195423],[-97.10709448752141,49.81953659843273],[-97.10962970429699,49.818696507195014],[-97.1087484087003,49.81619020997962],[-97.10923218282716,49.81498399456205],[-97.10724691999751,49.81420500596805],[-97.10606999655906,49.81479739313908],[-97.10651250658697,49.815569202956894],[-97.10289251056953,49.81677829439831],[-97.09977310313703,49.816916107328126],[-97.09961643252065,49.81534807865951],[-97.09778720217867,49.81588438704544],[-97.09925270127317,49.81825990885782],[-97.09910819006127,49.82086819240628],[-97.10055708594525,49.82281179080689]]]},"properties":{"DAUID":"46111007","DGUID":"2021S051246111007","LANDAREA":0.4246,"PRUID":"46","CMA":"Winnipeg"}},
{"type":"Feature","geometry":{"type":"Polygon","coordinates":[[[-97.11310061446895,49.82024620053943],[-97.11219821426006,49.8153382118797],[-97.10923218282716,49.81498399456205],[-97.1087484087003,49.81619020997962],[-97.10962970429699,49.818696507195014],[-97.10709448752141,49.81953659843273],[-97.10771589752896,49.82035631195423],[-97.10919331840851,49.82026349993051],[-97.1119036013056,49.82064049712439],[-97.11310061446895,49.82024620053943]]]},"properties":{"DAUID":"46111008","DGUID":"2021S051246111008","LANDAREA":0.1824,"PRUID":"46","CMA":"Winnipeg"}},
{"type":"Feature","geometry":{"type":"Polygon","coordinates":[[[-97.11310378682121,49.80944309370989],[-97.1118966082077,49.8133182901574],[-97.11219821426006,49.8153382118797],[-97.11310061446895,49.82024620053943],[-97.11956898321593,49.81800370219981],[-97.11876288114013,49.81642992235589],[-97.11774877608526,49.81613597684409],[-97.11577827832703,49.81472383473838],[-97.11493257437189,49.81319087731273],[-97.11549926528633,49.81171727677671],[-97.11774528701775,49.81056954156109],[-97.12731962119688,49.807692402385015],[-97.12869926558224,49.807060817560846],[-97.12705744872531,49.80526531242525],[-97.12532869542618,49.80602550319248],[-97.1194008584115,49.80799649513385],[-97.11950602633222,49.8068480888726],[-97.11343738014308,49.80889266824561],[-97.11310378682121,49.80944309370989]]]},"properties":{"DAUID":"46111009","DGUID":"2021S051246111009","LANDAREA":0.4982,"PRUID":"46","CMA":"Winnipeg"}},
{"type":"Feature","geometry":{"type":"Polygon","coordinates":[[[-97.12869926558224,49.807060817560846],[-97.12731962119688,49.807692402385015],[-97.11774528701775,49.81056954156109],[-97.11549926528633,49.81171727677671],[-97.11493257437189,49.81319087731273],[-97.11577827832703,49.81472383473838],[-97.11774877608526,49.81613597684409],[-97.11876288114013,49.81642992235589],[-97.12290588006017,49.8168027052206],[-97.12526540013609,49.81616919676638],[-97.13031106430249,49.81365405803604],[-97.13307528892695,49.81287987655805],[-97.13561840374574,49.81283516742583],[-97.13773504955115,49.81322705825691],[-97.14031026143752,49.814377888637075],[-97.14330728779598,49.813457189883984],[-97.14273679393075,49.81274638827151],[-97.15362259313189,49.80905248908142],[-97.15686619540088,49.80269959377491],[-97.15694620159246,49.80169340696128],[-97.15613338396616,49.80186940777407],[-97.13978770504968,49.80736499321109],[-97.13753251846526,49.80455820595977],[-97.13607490656385,49.80342840480528],[-97.14053809408061,49.80192600142799],[-97.13989651974862,49.800899198280035],[-97.13761579016474,49.80166311058475],[-97.1325744163032,49.803381005947074],[-97.13101428600791,49.80058529027381],[-97.12927668281951,49.79879421330435],[-97.12814720924696,49.79756632018973],[-97.12550545879735,49.796912613417426],[-97.12365328007161,49.79465903114473],[-97.12174641036435,49.793386535746016],[-97.11830514897333,49.793066291989305],[-97.11624122566066,49.79480101618917],[-97.11679669414602,49.797405867660906],[-97.11878544082106,49.79909773294705],[-97.1216796769743,49.80056412998096],[-97.12782390368666,49.80298218651106],[-97.12976709471818,49.80455276046499],[-97.1295520731288,49.80646462605867],[-97.12869926558224,49.807060817560846]]]},"properties":{"DAUID":"46111010","DGUID":"2021S051246111010","LANDAREA":2.6156,"PRUID":"46","CMA":"Winnipeg"}},
{"type":"Feature","geometry":{"type":"Polygon","coordinates":[[[-97.12927668281951,49.79879421330435],[-97.13101428600791,49.80058529027381],[-97.1325744163032,49.803381005947074],[-97.13761579016474,49.80166311058475],[-97.13615470490822,49.79990359535875],[-97.1348311820247,49.800349998425396],[-97.13346568930176,49.79863690284061],[-97.13749219677241,49.79728049296965],[-97.13594141036504,49.796409991612165],[-97.12927668281951,49.79879421330435]]]},"properties":{"DAUID":"46111011","DGUID":"2021S051246111011","LANDAREA":0.215,"PRUID":"46","CMA":"Winnipeg"}},
{"type":"Feature","geometry":{"type":"Polygon","coordinates":[[[-97.13989651974862,49.800899198280035],[-97.14302250683733,49.79983391293402],[-97.14388670377022,49.800855305749295],[-97.14488621035113,49.80052051212773],[-97.14410629881323,49.79947349399661],[-97.14519019741982,49.799113108510326],[-97.14609608256572,49.80013500339073],[-97.14798462007214,49.7994456099388],[-97.14783199285596,49.79834579964126],[-97.14577000309554,49.7966667079211],[-97.1437291062375,49.797344608693734],[-97.14267981411666,49.79607749330984],[-97.14166578144035,49.796430006140916],[-97.14264570022404,49.797696108894854],[-97.14163198731647,49.7980396066577],[-97.13615470490822,49.79990359535875],[-97.13761579016474,49.80166311058475],[-97.13989651974862,49.800899198280035]]]},"properties":{"DAUID":"46111012","DGUID":"2021S051246111012","LANDAREA":0.234,"PRUID":"46","CMA":"Winnipeg"}},
{"type":"Feature","geometry":{"type":"Polygon","coordinates":[[[-97.13594141036504,49.796409991612165],[-97.13749219677241,49.79728049296965],[-97.13346568930176,49.79863690284061],[-97.1348311820247,49.800349998425396],[-97.13615470490822,49.79990359535875],[-97.14163198731647,49.7980396066577],[-97.14001381864023,49.796025709037025],[-97.14197129975238,49.7953465081826],[-97.14141318903985,49.79468090615505],[-97.13944321650429,49.79532389932917],[-97.13891281256294,49.79465881174243],[-97.14098521826622,49.7938824957182],[-97.14013458340136,49.792510503236386],[-97.13596371292783,49.793657899808046],[-97.13594141036504,49.796409991612165]]]},"properties":{"DAUID":"46111013","DGUID":"2021S051246111013","LANDAREA":0.2557,"PRUID":"46","CMA":"Winnipeg"}},
{"type":"Feature","geometry":{"type":"Polygon","coordinates":[[[-97.14013458340136,49.792510503236386],[-97.14098521826622,49.7938824957182],[-97.13891281256294,49.79465881174243],[-97.13944321650429,49.79532389932917],[-97.14141318903985,49.79468090615505],[-97.14197129975238,49.7953465081826],[-97.14001381864023,49.796025709037025],[-97.14163198731647,49.7980396066577],[-97.14264570022404,49.797696108894854],[-97.14166578144035,49.796430006140916],[-97.14267981411666,49.79607749330984],[-97.1437291062375,49.797344608693734],[-97.14577000309554,49.7966667079211],[-97.14695368233791,49.79623590455673],[-97.14473450023671,49.79358279156399],[-97.1435592998123,49.79161199147041],[-97.14013458340136,49.792510503236386]]]},"properties":{"DAUID":"46111014","DGUID":"2021S051246111014","LANDAREA":0.1964,"PRUID":"46","CMA":"Winnipeg"}},
{"type":"Feature","geometry":{"type":"Polygon","coordinates":[[[-97.1502384849242,49.791718799743535],[-97.14473450023671,49.79358279156399],[-97.14695368233791,49.79623590455673],[-97.14761451660782,49.797127996258325],[-97.1490521125759,49.79769060467563],[-97.15136059031154,49.79691791194698],[-97.15004838632319,49.795250899684405],[-97.15244339979618,49.79438959211237],[-97.1516983013384,49.793523204245815],[-97.15480889017134,49.79247528982935],[-97.15340529961097,49.790653990842046],[-97.1502384849242,49.791718799743535]]]},"properties":{"DAUID":"46111015","DGUID":"2021S051246111015","LANDAREA":0.2599,"PRUID":"46","CMA":"Winnipeg"}},
{"type":"Feature","geometry":{"type":"Polygon","coordinates":[[[-97.1435592998123,49.79161199147041],[-97.14473450023671,49.79358279156399],[-97.1502384849242,49.791718799743535],[-97.14781289347708,49.78864870866062],[-97.14581908360054,49.78810410628197],[-97.14443352152097,49.79018680916741],[-97.1435592998123,49.79161199147041]]]},"properties":{"DAUID":"46111016","DGUID":"2021S051246111016","LANDAREA":0.1695,"PRUID":"46","CMA":"Winnipeg"}},
{"type":"Feature","geometry":{"type":"Polygon","coordinates":[[[-97.15136059031154,49.79691791194698],[-97.15146688545858,49.797045592306866],[-97.15393008865291,49.79622129229764],[-97.15244339979618,49.79438959211237],[-97.15004838632319,49.795250899684405],[-97.15136059031154,49.79691791194698]]]},"properties":{"DAUID":"46111017","DGUID":"2021S051246111017","LANDAREA":0.0454,"PRUID":"46","CMA":"Winnipeg"}},
{"type":"Feature","geometry":{"type":"Polygon","coordinates":[[[-97.15146688545858,49.797045592306866],[-97.15215548857083,49.79793810419071],[-97.15461941246541,49.79709580433616],[-97.15393008865291,49.79622129229764],[-97.15146688545858,49.797045592306866]]]},"properties":{"DAUID":"46111018","DGUID":"2021S051246111018","LANDAREA":0.022,"PRUID":"46","CMA":"Winnipeg"}},
{"type":"Feature","geometry":{"type":"Polygon","coordinates":[[[-97.15340529961097,49.790653990842046],[-97.15480889017134,49.79247528982935],[-97.1516983013384,49.793523204245815],[-97.15244339979618,49.79438959211237],[-97.15393008865291,49.79622129229764],[-97.15461941246541,49.79709580433616],[-97.15718010654027,49.796264092370144],[-97.1571151310415,49.797975471463985],[-97.1585763142105,49.797716477854905],[-97.15886035864985,49.79455209711778],[-97.15938183575645,49.78867014998783],[-97.15730259579966,49.789375702863936],[-97.15477040521831,49.79019900616345],[-97.15340529961097,49.790653990842046]]]},"properties":{"DAUID":"46111019","DGUID":"2021S051246111019","LANDAREA":0.3279,"PRUID":"46","CMA":"Winnipeg"}},
{"type":"Feature","geometry":{"type":"Polygon","coordinates":[[[-97.15694620159246,49.80169340696128],[-97.15823106653603,49.80157171307466],[-97.1585763142105,49.797716477854905],[-97.1571151310415,49.797975471463985],[-97.15718010654027,49.796264092370144],[-97.15461941246541,49.79709580433616],[-97.15215548857083,49.79793810419071],[-97.15146688545858,49.797045592306866],[-97.15136059031154,49.79691791194698],[-97.1490521125759,49.79769060467563],[-97.14761451660782,49.797127996258325],[-97.14695368233791,49.79623590455673],[-97.14577000309554,49.7966667079211],[-97.14783199285596,49.79834579964126],[-97.14798462007214,49.7994456099388],[-97.14609608256572,49.80013500339073],[-97.14519019741982,49.799113108510326],[-97.14410629881323,49.79947349399661],[-97.14488621035113,49.80052051212773],[-97.14388670377022,49.800855305749295],[-97.14302250683733,49.79983391293402],[-97.13989651974862,49.800899198280035],[-97.14053809408061,49.80192600142799],[-97.13607490656385,49.80342840480528],[-97.13753251846526,49.80455820595977],[-97.13978770504968,49.80736499321109],[-97.15613338396616,49.80186940777407],[-97.15694620159246,49.80169340696128]]]},"properties":{"DAUID":"46111020","DGUID":"2021S051246111020","LANDAREA":0.9233,"PRUID":"46","CMA":"Winnipeg"}},
{"type":"Feature","geometry":{"type":"Polygon","coordinates":[[[-97.15362259313189,49.80905248908142],[-97.1573332820566,49.80783670757024],[-97.1576755119463,49.80753338760053],[-97.15823106653603,49.80157171307466],[-97.15694620159246,49.80169340696128],[-97.15686619540088,49.80269959377491],[-97.15362259313189,49.80905248908142]]]},"properties":{"DAUID":"46111021","DGUID":"2021S051246111021","LANDAREA":0.1206,"PRUID":"46","CMA":"Winnipeg"}},
{"type":"Feature","geometry":{"type":"Polygon","coordinates":[[[-97.16833670584367,49.836810990233346],[-97.17518720732788,49.83438248921387],[-97.17678040485771,49.83343610033334],[-97.1801575165772,49.83016100207572],[-97.17968681477001,49.82899330051474],[-97.17917939064846,49.82250878830421],[-97.15559572210063,49.83042514770715],[-97.1551810012831,49.83504724644596],[-97.16443211300681,49.83194591109341],[-97.16670291203607,49.83477930495134],[-97.16236371902231,49.83624081055425],[-97.16192289367038,49.83734650464515],[-97.16258599753151,49.8381708051155],[-97.16797779415556,49.83637361208184],[-97.16833670584367,49.836810990233346]]]},"properties":{"DAUID":"46111022","DGUID":"2021S051246111022","LANDAREA":1.5611,"PRUID":"46","CMA":"Winnipeg"}},
{"type":"Feature","geometry":{"type":"Polygon","coordinates":[[[-97.1801575165772,49.83016100207572],[-97.18073961202253,49.83243690716743],[-97.18050010050845,49.83362948960298],[-97.18399781538906,49.833810308722384],[-97.18423970704166,49.832965206260106],[-97.18210261359687,49.83285089811281],[-97.18219320643996,49.8320386980763],[-97.18449158769567,49.83217229028857],[-97.18469668895212,49.83137909257995],[-97.18192611314944,49.83122640855846],[-97.18176269962457,49.83011350706366],[-97.18302078452874,49.82904010295246],[-97.18558271551566,49.8276588972556],[-97.18710739321546,49.82980808852887],[-97.1885817891873,49.829825498320574],[-97.18988801738782,49.8297325946866],[-97.18933318844212,49.82879130899192],[-97.18796071594807,49.82878309743229],[-97.18677038768902,49.82711900288264],[-97.19002298967327,49.82619489179045],[-97.19118580992283,49.82764389821936],[-97.1922680915881,49.82728520972733],[-97.19152751490941,49.82635769967403],[-97.19324048567799,49.825783103502125],[-97.19390110611208,49.82644970837728],[-97.19606779537943,49.82561538797911],[-97.19453008972636,49.82369270015072],[-97.18848649491738,49.82570210779763],[-97.18377431690745,49.82733479349445],[-97.18221831929363,49.828232399528396],[-97.1801575165772,49.83016100207572]]]},"properties":{"DAUID":"46111024","DGUID":"2021S051246111024","LANDAREA":0.2745,"PRUID":"46","CMA":"Winnipeg"}},
{"type":"Feature","geometry":{"type":"Polygon","coordinates":[[[-97.18988801738782,49.8297325946866],[-97.19281917109662,49.828943413805206],[-97.19416529707537,49.82850671315101],[-97.1922680915881,49.82728520972733],[-97.19118580992283,49.82764389821936],[-97.19002298967327,49.82619489179045],[-97.18677038768902,49.82711900288264],[-97.18796071594807,49.82878309743229],[-97.18933318844212,49.82879130899192],[-97.18988801738782,49.8297325946866]]]},"properties":{"DAUID":"46111025","DGUID":"2021S051246111025","LANDAREA":0.1151,"PRUID":"46","CMA":"Winnipeg"}},
{"type":"Feature","geometry":{"type":"Polygon","coordinates":[[[-97.1885817891873,49.829825498320574],[-97.18851369534497,49.83242378910427],[-97.18722129828359,49.833362111093734],[-97.18423970704166,49.832965206260106],[-97.18399781538906,49.833810308722384],[-97.18603859793812,49.834118496037135],[-97.1872689120431,49.834725003524156],[-97.18615490438805,49.83623289081669],[-97.18480249459452,49.837084291633985],[-97.18301989788208,49.83689830583195],[-97.18299150289407,49.83876878818306],[-97.18341809867002,49.84074819578677],[-97.1843530144735,49.84140769591978],[-97.18840721427111,49.839239510658594],[-97.19165570774173,49.840888903428194],[-97.18957921052159,49.841729608690805],[-97.18915108051657,49.84264849729979],[-97.19064812114259,49.84235910964917],[-97.19375351230669,49.840907309489836],[-97.1948343105093,49.84025159303643],[-97.19669148925458,49.83915511096807],[-97.19701590220257,49.838105412818145],[-97.19553171343627,49.83806860307933],[-97.19402080880344,49.839408609415386],[-97.19170831721098,49.83857230502596],[-97.19023010104587,49.83750760435534],[-97.19003729837533,49.83537440659436],[-97.1913046029703,49.835058392895974],[-97.19118352200486,49.83329291953346],[-97.19281917109662,49.828943413805206],[-97.18988801738782,49.8297325946866],[-97.1885817891873,49.829825498320574]]]},"properties":{"DAUID":"46111027","DGUID":"2021S051246111027","LANDAREA":0.5148,"PRUID":"46","CMA":"Winnipeg"}},
{"type":"Feature","geometry":{"type":"Polygon","coordinates":[[[-97.18050010050845,49.83362948960298],[-97.1793340921717,49.8365346072511],[-97.17929257928913,49.83876929356507],[-97.18299150289407,49.83876878818306],[-97.18301989788208,49.83689830583195],[-97.18480249459452,49.837084291633985],[-97.18615490438805,49.83623289081669],[-97.1872689120431,49.834725003524156],[-97.18603859793812,49.834118496037135],[-97.18399781538906,49.833810308722384],[-97.18050010050845,49.83362948960298]]]},"properties":{"DAUID":"46111028","DGUID":"2021S051246111028","LANDAREA":0.2218,"PRUID":"46","CMA":"Winnipeg"}},
{"type":"Feature","geometry":{"type":"Polygon","coordinates":[[[-97.18299150289407,49.83876878818306],[-97.17929257928913,49.83876929356507],[-97.17925799975241,49.842632009366696],[-97.1813871127276,49.84274759252834],[-97.18325459554838,49.84362119480986],[-97.1854893836502,49.84191729937807],[-97.1843530144735,49.84140769591978],[-97.18341809867002,49.84074819578677],[-97.18299150289407,49.83876878818306]]]},"properties":{"DAUID":"46111029","DGUID":"2021S051246111029","LANDAREA":0.1547,"PRUID":"46","CMA":"Winnipeg"}},
{"type":"Feature","geometry":{"type":"Polygon","coordinates":[[[-97.1843530144735,49.84140769591978],[-97.1854893836502,49.84191729937807],[-97.18609100275916,49.84314890629814],[-97.18744899000858,49.84409590449451],[-97.18915108051657,49.84264849729979],[-97.18957921052159,49.841729608690805],[-97.19165570774173,49.840888903428194],[-97.18840721427111,49.839239510658594],[-97.1843530144735,49.84140769591978]]]},"properties":{"DAUID":"46111030","DGUID":"2021S051246111030","LANDAREA":0.1168,"PRUID":"46","CMA":"Winnipeg"}},
{"type":"Feature","geometry":{"type":"Polygon","coordinates":[[[-97.1948343105093,49.84025159303643],[-97.19644658283543,49.84189539914781],[-97.19823331184932,49.841904903624474],[-97.1998942012597,49.83882449516631],[-97.19701590220257,49.838105412818145],[-97.19669148925458,49.83915511096807],[-97.1948343105093,49.84025159303643]]]},"properties":{"DAUID":"46111032","DGUID":"2021S051246111032","LANDAREA":0.0894,"PRUID":"46","CMA":"Winnipeg"}},
{"type":"Feature","geometry":{"type":"Polygon","coordinates":[[[-97.2130104075442,49.84680170438572],[-97.20780290524007,49.846969287393016],[-97.20044600291374,49.84685869891611],[-97.19701301180365,49.846862548523276],[-97.19662839452434,49.84999406927722],[-97.19746820619781,49.85003180605037],[-97.20256571806091,49.850245889909026],[-97.20717701354033,49.850443190610974],[-97.21275991621671,49.850700396468135],[-97.2130104075442,49.84680170438572]]]},"properties":{"DAUID":"46111033","DGUID":"2021S051246111033","LANDAREA":0.436,"PRUID":"46","CMA":"Winnipeg"}},
{"type":"Feature","geometry":{"type":"Polygon","coordinates":[[[-97.20256571806091,49.850245889909026],[-97.19746820619781,49.85003180605037],[-97.19747980892546,49.8534591115136],[-97.20224329491458,49.85368600044387],[-97.20256571806091,49.850245889909026]]]},"properties":{"DAUID":"46111034","DGUID":"2021S051246111034","LANDAREA":0.1411,"PRUID":"46","CMA":"Winnipeg"}},
{"type":"Feature","geometry":{"type":"Polygon","coordinates":[[[-97.20224329491458,49.85368600044387],[-97.19747980892546,49.8534591115136],[-97.19746820619781,49.85003180605037],[-97.19662839452434,49.84999406927722],[-97.19608571371043,49.85691926740546],[-97.20189170378853,49.85716158718014],[-97.20224329491458,49.85368600044387]]]},"properties":{"DAUID":"46111035","DGUID":"2021S051246111035","LANDAREA":0.1946,"PRUID":"46","CMA":"Winnipeg"}},
{"type":"Feature","geometry":{"type":"Polygon","coordinates":[[[-97.19662839452434,49.84999406927722],[-97.19375970750221,49.849875103291986],[-97.19347799839034,49.85332480126158],[-97.18824159443645,49.85309911107816],[-97.18792969326277,49.85660229482263],[-97.19316751623958,49.85680100372219],[-97.19608571371043,49.85691926740546],[-97.19662839452434,49.84999406927722]]]},"properties":{"DAUID":"46111036","DGUID":"2021S051246111036","LANDAREA":0.3075,"PRUID":"46","CMA":"Winnipeg"}},
{"type":"Feature","geometry":{"type":"Polygon","coordinates":[[[-97.19375970750221,49.849875103291986],[-97.18972760523549,49.85019000873007],[-97.18840200800842,49.85104181003083],[-97.18824159443645,49.85309911107816],[-97.19347799839034,49.85332480126158],[-97.19375970750221,49.849875103291986]]]},"properties":{"DAUID":"46111037","DGUID":"2021S051246111037","LANDAREA":0.1258,"PRUID":"46","CMA":"Winnipeg"}},
{"type":"Feature","geometry":{"type":"Polygon","coordinates":[[[-97.17867500011839,49.851483009307984],[-97.18020539633038,49.85148010097841],[-97.18433731632767,49.85073529496851],[-97.18414420909326,49.852918091954415],[-97.18824159443645,49.85309911107816],[-97.18840200800842,49.85104181003083],[-97.18972760523549,49.85019000873007],[-97.19375970750221,49.849875103291986],[-97.19662839452434,49.84999406927722],[-97.19701301180365,49.846862548523276],[-97.19021928197711,49.84687010639059],[-97.18924522201488,49.84739818147086],[-97.18685246108438,49.84696016125915],[-97.1861716630381,49.846093504593846],[-97.18340483600399,49.84695005384517],[-97.17910410347767,49.84696480592086],[-97.17867500011839,49.851483009307984]]]},"properties":{"DAUID":"46111038","DGUID":"2021S051246111038","LANDAREA":0.6007,"PRUID":"46","CMA":"Winnipeg"}},
{"type":"Feature","geometry":{"type":"Polygon","coordinates":[[[-97.18824159443645,49.85309911107816],[-97.18414420909326,49.852918091954415],[-97.18278298089041,49.85286079484798],[-97.18249820105156,49.856373403701575],[-97.18387309742407,49.856439902010386],[-97.18792969326277,49.85660229482263],[-97.18824159443645,49.85309911107816]]]},"properties":{"DAUID":"46111039","DGUID":"2021S051246111039","LANDAREA":0.1535,"PRUID":"46","CMA":"Winnipeg"}},
{"type":"Feature","geometry":{"type":"Polygon","coordinates":[[[-97.17867500011839,49.851483009307984],[-97.17823369073616,49.85618950768981],[-97.18249820105156,49.856373403701575],[-97.18278298089041,49.85286079484798],[-97.18414420909326,49.852918091954415],[-97.18433731632767,49.85073529496851],[-97.18020539633038,49.85148010097841],[-97.17867500011839,49.851483009307984]]]},"properties":{"DAUID":"46111040","DGUID":"2021S051246111040","LANDAREA":0.1912,"PRUID":"46","CMA":"Winnipeg"}},
{"type":"Feature","geometry":{"type":"Polygon","coordinates":[[[-97.17823369073616,49.85618950768981],[-97.17867500011839,49.851483009307984],[-97.17592151737351,49.851457700593954],[-97.17585519067234,49.8521366879562],[-97.1734803170345,49.85298679051733],[-97.17402088321269,49.85365809876603],[-97.17576968248838,49.85304920139068],[-97.17543950577712,49.856127501649745],[-97.17823369073616,49.85618950768981]]]},"properties":{"DAUID":"46111041","DGUID":"2021S051246111041","LANDAREA":0.1183,"PRUID":"46","CMA":"Winnipeg"}},
{"type":"Feature","geometry":{"type":"Polygon","coordinates":[[[-97.1734803170345,49.85298679051733],[-97.17585519067234,49.8521366879562],[-97.17592151737351,49.851457700593954],[-97.17270059314721,49.8520186032715],[-97.1734803170345,49.85298679051733]]]},"properties":{"DAUID":"46111042","DGUID":"2021S051246111042","LANDAREA":0.0204,"PRUID":"46","CMA":"Winnipeg"}},
{"type":"Feature","geometry":{"type":"Polygon","coordinates":[[[-97.17792208685148,49.85966560907773],[-97.18357709944242,49.8598802916706],[-97.18387309742407,49.856439902010386],[-97.18249820105156,49.856373403701575],[-97.17823369073616,49.85618950768981],[-97.17792208685148,49.85966560907773]]]},"properties":{"DAUID":"46111043","DGUID":"2021S051246111043","LANDAREA":0.1567,"PRUID":"46","CMA":"Winnipeg"}},
{"type":"Feature","geometry":{"type":"Polygon","coordinates":[[[-97.18387309742407,49.856439902010386],[-97.18357709944242,49.8598802916706],[-97.18760650505072,49.86003340653457],[-97.18792969326277,49.85660229482263],[-97.18387309742407,49.856439902010386]]]},"properties":{"DAUID":"46111044","DGUID":"2021S051246111044","LANDAREA":0.1112,"PRUID":"46","CMA":"Winnipeg"}},
{"type":"Feature","geometry":{"type":"Polygon","coordinates":[[[-97.183251582716,49.8633653002939],[-97.18357709944242,49.8598802916706],[-97.17792208685148,49.85966560907773],[-97.17762498832835,49.86312410248779],[-97.183251582716,49.8633653002939]]]},"properties":{"DAUID":"46111045","DGUID":"2021S051246111045","LANDAREA":0.1577,"PRUID":"46","CMA":"Winnipeg"}},
{"type":"Feature","geometry":{"type":"Polygon","coordinates":[[[-97.18466880931318,49.86342350936969],[-97.18978290597919,49.863602410534014],[-97.19013511667787,49.86013589099506],[-97.18760650505072,49.86003340653457],[-97.18357709944242,49.8598802916706],[-97.183251582716,49.8633653002939],[-97.18466880931318,49.86342350936969]]]},"properties":{"DAUID":"46111046","DGUID":"2021S051246111046","LANDAREA":0.1832,"PRUID":"46","CMA":"Winnipeg"}},
{"type":"Feature","geometry":{"type":"Polygon","coordinates":[[[-97.1882104153439,49.866951005735885],[-97.18948861218134,49.86700699074313],[-97.18978290597919,49.863602410534014],[-97.18466880931318,49.86342350936969],[-97.18434669663671,49.8668185905168],[-97.1882104153439,49.866951005735885]]]},"properties":{"DAUID":"46111047","DGUID":"2021S051246111047","LANDAREA":0.1401,"PRUID":"46","CMA":"Winnipeg"}},
{"type":"Feature","geometry":{"type":"Polygon","coordinates":[[[-97.19553630833856,49.86383184782491],[-97.18978290597919,49.863602410534014],[-97.18948861218134,49.86700699074313],[-97.19525762613875,49.86725471299052],[-97.19553630833856,49.86383184782491]]]},"properties":{"DAUID":"46111048","DGUID":"2021S051246111048","LANDAREA":0.1578,"PRUID":"46","CMA":"Winnipeg"}},
{"type":"Feature","geometry":{"type":"Polygon","coordinates":[[[-97.19525762613875,49.86725471299052],[-97.18948861218134,49.86700699074313],[-97.1882104153439,49.866951005735885],[-97.1879271879396,49.87042760945976],[-97.19049798914996,49.87053081066008],[-97.19498440583156,49.870695992510164],[-97.19525762613875,49.86725471299052]]]},"properties":{"DAUID":"46111049","DGUID":"2021S051246111049","LANDAREA":0.1955,"PRUID":"46","CMA":"Winnipeg"}},
{"type":"Feature","geometry":{"type":"Polygon","coordinates":[[[-97.19608571371043,49.85691926740546],[-97.19316751623958,49.85680100372219],[-97.19284409478028,49.860250093582934],[-97.19013511667787,49.86013589099506],[-97.18978290597919,49.863602410534014],[-97.19553630833856,49.86383184782491],[-97.19608571371043,49.85691926740546]]]},"properties":{"DAUID":"46111050","DGUID":"2021S051246111050","LANDAREA":0.2399,"PRUID":"46","CMA":"Winnipeg"}},
{"type":"Feature","geometry":{"type":"Polygon","coordinates":[[[-97.18792969326277,49.85660229482263],[-97.18760650505072,49.86003340653457],[-97.19013511667787,49.86013589099506],[-97.19284409478028,49.860250093582934],[-97.19316751623958,49.85680100372219],[-97.18792969326277,49.85660229482263]]]},"properties":{"DAUID":"46111051","DGUID":"2021S051246111051","LANDAREA":0.1445,"PRUID":"46","CMA":"Winnipeg"}},
{"type":"Feature","geometry":{"type":"Polygon","coordinates":[[[-97.17925799975241,49.842632009366696],[-97.17910410347767,49.84696480592086],[-97.18340483600399,49.84695005384517],[-97.1861716630381,49.846093504593846],[-97.18685246108438,49.84696016125915],[-97.18924522201488,49.84739818147086],[-97.19021928197711,49.84687010639059],[-97.18760498787846,49.84668470364454],[-97.18325459554838,49.84362119480986],[-97.1813871127276,49.84274759252834],[-97.17925799975241,49.842632009366696]]]},"properties":{"DAUID":"46111052","DGUID":"2021S051246111052","LANDAREA":0.1924,"PRUID":"46","CMA":"Winnipeg"}},
{"type":"Feature","geometry":{"type":"Polygon","coordinates":[[[-97.17910410347767,49.84696480592086],[-97.17925799975241,49.842632009366696],[-97.17929257928913,49.83876929356507],[-97.1793340921717,49.8365346072511],[-97.18050010050845,49.83362948960298],[-97.18073961202253,49.83243690716743],[-97.1801575165772,49.83016100207572],[-97.17678040485771,49.83343610033334],[-97.17518720732788,49.83438248921387],[-97.16833670584367,49.836810990233346],[-97.1577009860154,49.8403754120246],[-97.1589231916489,49.84188801030377],[-97.16061480281114,49.84129419104468],[-97.16160988854652,49.84256029928137],[-97.15998570876759,49.843209095841495],[-97.16099580892765,49.84444849929088],[-97.16523629300343,49.84303149060407],[-97.16580651739977,49.84376918928723],[-97.16766491681612,49.843177899246385],[-97.16823649559629,49.84387959460357],[-97.16994845051134,49.84436091464052],[-97.17124869388644,49.843853324147794],[-97.1721610888249,49.845299803844114],[-97.17402400498291,49.84680429813411],[-97.17910410347767,49.84696480592086]]]},"properties":{"DAUID":"46111053","DGUID":"2021S051246111053","LANDAREA":1.3419,"PRUID":"46","CMA":"Winnipeg"}},
{"type":"Feature","geometry":{"type":"Polygon","coordinates":[[[-97.20341398229813,49.81613719326551],[-97.19987781130966,49.81731798675867],[-97.2014205960174,49.81931430494547],[-97.20522760057091,49.81802419978],[-97.20341398229813,49.81613719326551]]]},"properties":{"DAUID":"46111055","DGUID":"2021S051246111055","LANDAREA":0.0772,"PRUID":"46","CMA":"Winnipeg"}},
{"type":"Feature","geometry":{"type":"Polygon","coordinates":[[[-97.20509280545402,49.812320987056225],[-97.20751739591749,49.8127785018774],[-97.20734987986505,49.814820696339844],[-97.20995431268729,49.81396410285791],[-97.21100769118578,49.81418299768144],[-97.21143418539212,49.81203599202373],[-97.20972080564421,49.81208268957947],[-97.21080609235948,49.80990660634949],[-97.20874970495152,49.80938550349437],[-97.20659550482748,49.810891998237196],[-97.20509280545402,49.812320987056225]]]},"properties":{"DAUID":"46111057","DGUID":"2021S051246111057","LANDAREA":0.1413,"PRUID":"46","CMA":"Winnipeg"}},
{"type":"Feature","geometry":{"type":"Polygon","coordinates":[[[-97.2194581037471,49.811135406342274],[-97.21579478627999,49.810962097177196],[-97.21208218804205,49.8101789961701],[-97.21080609235948,49.80990660634949],[-97.20972080564421,49.81208268957947],[-97.21143418539212,49.81203599202373],[-97.21100769118578,49.81418299768144],[-97.21020079045763,49.815696912260755],[-97.20847420304878,49.81697640196526],[-97.20958631444104,49.8183871995354],[-97.21938829679011,49.81507120840652],[-97.219389944336,49.81470617520601],[-97.2194581037471,49.811135406342274]]]},"properties":{"DAUID":"46111058","DGUID":"2021S051246111058","LANDAREA":0.4352,"PRUID":"46","CMA":"Winnipeg"}},
{"type":"Feature","geometry":{"type":"Polygon","coordinates":[[[-97.20659550482748,49.810891998237196],[-97.20405989128413,49.809068712403715],[-97.2055382203061,49.80820591052938],[-97.20397831658887,49.80650059130844],[-97.20044108539393,49.80764270849724],[-97.20088981742441,49.80844679502265],[-97.1980159878604,49.80940521183157],[-97.19713891482412,49.81073720844422],[-97.19900429721409,49.81243830114677],[-97.19659290610655,49.81336330322931],[-97.19711709732817,49.814036488602085],[-97.19969731374329,49.81298999141854],[-97.20114318095368,49.81445230151573],[-97.20237668478728,49.81427498896527],[-97.20443982073753,49.81343250854338],[-97.20509280545402,49.812320987056225],[-97.20659550482748,49.810891998237196]]]},"properties":{"DAUID":"46111061","DGUID":"2021S051246111061","LANDAREA":0.341,"PRUID":"46","CMA":"Winnipeg"}},
{"type":"Feature","geometry":{"type":"Polygon","coordinates":[[[-97.23429280599,49.81448368730165],[-97.2337196008835,49.820681492638364],[-97.23163488126839,49.84506219167976],[-97.25157499359106,49.84319999518124],[-97.2554729141143,49.84284199690868],[-97.27194858456096,49.841288090505614],[-97.28349689160392,49.84017510791321],[-97.28763348273012,49.840011502124526],[-97.30323399619004,49.83935039927362],[-97.3088474064398,49.839108700603056],[-97.3202689970715,49.838618108697354],[-97.32448500953106,49.838967001050506],[-97.3299513046552,49.83814638688846],[-97.3468058046991,49.837380702899644],[-97.34902992794393,49.81129110998565],[-97.34912125489548,49.8091444910299],[-97.3340579172125,49.80907014752274],[-97.32743460717933,49.80910140574881],[-97.32663688207457,49.80905552328534],[-97.29955451918737,49.809037397696045],[-97.29960290686837,49.810828097939236],[-97.27672498029185,49.81078689212939],[-97.27653549096378,49.81260110571672],[-97.26597101319837,49.81260540709764],[-97.25507560080364,49.81253180185824],[-97.25391699740979,49.81228038753169],[-97.25362479006724,49.81460571262779],[-97.23429280599,49.81448368730165]]]},"properties":{"DAUID":"46111062","DGUID":"2021S051246111062","LANDAREA":26.3221,"PRUID":"46","CMA":"Winnipeg"}},
{"type":"Feature","geometry":{"type":"Polygon","coordinates":[[[-97.27208588851673,49.84542050429796],[-97.2716199074924,49.84951529092358],[-97.27339670470528,49.84962269209405],[-97.2732161948961,49.85156300490685],[-97.27475828522347,49.851621890773394],[-97.27533490708748,49.84558589200369],[-97.28068228744924,49.84580929972156],[-97.28007440044053,49.85314010390062],[-97.28638240721855,49.85336849072746],[-97.28660000389652,49.85115000982873],[-97.28763348273012,49.840011502124526],[-97.28349689160392,49.84017510791321],[-97.27194858456096,49.841288090505614],[-97.27208588851673,49.84542050429796]]]},"properties":{"DAUID":"46111063","DGUID":"2021S051246111063","LANDAREA":1.1419,"PRUID":"46","CMA":"Winnipeg"}},
{"type":"Feature","geometry":{"type":"Polygon","coordinates":[[[-97.2716199074924,49.84951529092358],[-97.2713071883239,49.85282080523393],[-97.27758701035428,49.85305820827537],[-97.28007440044053,49.85314010390062],[-97.28068228744924,49.84580929972156],[-97.27533490708748,49.84558589200369],[-97.27475828522347,49.851621890773394],[-97.2732161948961,49.85156300490685],[-97.27339670470528,49.84962269209405],[-97.2716199074924,49.84951529092358]]]},"properties":{"DAUID":"46111064","DGUID":"2021S051246111064","LANDAREA":0.3804,"PRUID":"46","CMA":"Winnipeg"}},
{"type":"Feature","geometry":{"type":"Polygon","coordinates":[[[-97.2713071883239,49.85282080523393],[-97.2716199074924,49.84951529092358],[-97.27208588851673,49.84542050429796],[-97.26705888869024,49.84518360650112],[-97.26627820369991,49.85261969064203],[-97.2713071883239,49.85282080523393]]]},"properties":{"DAUID":"46111065","DGUID":"2021S051246111065","LANDAREA":0.2982,"PRUID":"46","CMA":"Winnipeg"}},
{"type":"Feature","geometry":{"type":"Polygon","coordinates":[[[-97.27070791284247,49.859477104902034],[-97.27188930129556,49.8595126925143],[-97.27706699430007,49.85868129019341],[-97.27758701035428,49.85305820827537],[-97.2713071883239,49.85282080523393],[-97.27070791284247,49.859477104902034]]]},"properties":{"DAUID":"46111066","DGUID":"2021S051246111066","LANDAREA":0.3155,"PRUID":"46","CMA":"Winnipeg"}},
{"type":"Feature","geometry":{"type":"Polygon","coordinates":[[[-97.28007440044053,49.85314010390062],[-97.27758701035428,49.85305820827537],[-97.27706699430007,49.85868129019341],[-97.27786508675047,49.858540301001],[-97.28268020113231,49.857730211544954],[-97.28591578539462,49.858299805034925],[-97.28638240721855,49.85336849072746],[-97.28007440044053,49.85314010390062]]]},"properties":{"DAUID":"46111067","DGUID":"2021S051246111067","LANDAREA":0.3462,"PRUID":"46","CMA":"Winnipeg"}},
{"type":"Feature","geometry":{"type":"Polygon","coordinates":[[[-97.28638240721855,49.85336849072746],[-97.28591578539462,49.858299805034925],[-97.29274559670822,49.85953399108396],[-97.29346411527955,49.85809640745164],[-97.29377439037991,49.85481780352151],[-97.29227349258774,49.854768698190576],[-97.29241159593009,49.8524321023549],[-97.28983478391956,49.852124207127346],[-97.29051441338378,49.85100090964663],[-97.28660000389652,49.85115000982873],[-97.28638240721855,49.85336849072746]]]},"properties":{"DAUID":"46111068","DGUID":"2021S051246111068","LANDAREA":0.4018,"PRUID":"46","CMA":"Winnipeg"}},
{"type":"Feature","geometry":{"type":"Polygon","coordinates":[[[-97.29274559670822,49.85953399108396],[-97.2968519014595,49.860277987209706],[-97.29731712015882,49.85495980784413],[-97.29377439037991,49.85481780352151],[-97.29346411527955,49.85809640745164],[-97.29274559670822,49.85953399108396]]]},"properties":{"DAUID":"46111069","DGUID":"2021S051246111069","LANDAREA":0.1495,"PRUID":"46","CMA":"Winnipeg"}},
{"type":"Feature","geometry":{"type":"Polygon","coordinates":[[[-97.29377439037991,49.85481780352151],[-97.29731712015882,49.85495980784413],[-97.29775979011875,49.85028001079174],[-97.29051441338378,49.85100090964663],[-97.28983478391956,49.852124207127346],[-97.29241159593009,49.8524321023549],[-97.29227349258774,49.854768698190576],[-97.29377439037991,49.85481780352151]]]},"properties":{"DAUID":"46111070","DGUID":"2021S051246111070","LANDAREA":0.2005,"PRUID":"46","CMA":"Winnipeg"}},
{"type":"Feature","geometry":{"type":"Polygon","coordinates":[[[-97.29731712015882,49.85495980784413],[-97.30167930342662,49.85514081005331],[-97.30223619660214,49.84996788780503],[-97.29775979011875,49.85028001079174],[-97.29731712015882,49.85495980784413]]]},"properties":{"DAUID":"46111071","DGUID":"2021S051246111071","LANDAREA":0.1738,"PRUID":"46","CMA":"Winnipeg"}},
{"type":"Feature","geometry":{"type":"Polygon","coordinates":[[[-97.2968519014595,49.860277987209706],[-97.30120728486837,49.861061495872306],[-97.30167930342662,49.85514081005331],[-97.29731712015882,49.85495980784413],[-97.2968519014595,49.860277987209706]]]},"properties":{"DAUID":"46111072","DGUID":"2021S051246111072","LANDAREA":0.1978,"PRUID":"46","CMA":"Winnipeg"}},
{"type":"Feature","geometry":{"type":"Polygon","coordinates":[[[-97.30120728486837,49.861061495872306],[-97.30308740955974,49.86141290134774],[-97.30657160690475,49.862048501786276],[-97.30720871255342,49.85536560823503],[-97.30167930342662,49.85514081005331],[-97.30120728486837,49.861061495872306]]]},"properties":{"DAUID":"46111073","DGUID":"2021S051246111073","LANDAREA":0.2771,"PRUID":"46","CMA":"Winnipeg"}},
{"type":"Feature","geometry":{"type":"Polygon","coordinates":[[[-97.30657160690475,49.862048501786276],[-97.30816119855638,49.86235060606759],[-97.30829611132944,49.859285311038875],[-97.30993408340936,49.85859858817062],[-97.31110380224803,49.85737430249348],[-97.31118229135753,49.855522497161175],[-97.31025249452725,49.85425871326094],[-97.30865488163116,49.85419039183524],[-97.30859801305031,49.85542189180415],[-97.30720871255342,49.85536560823503],[-97.30657160690475,49.862048501786276]]]},"properties":{"DAUID":"46111074","DGUID":"2021S051246111074","LANDAREA":0.1693,"PRUID":"46","CMA":"Winnipeg"}},
{"type":"Feature","geometry":{"type":"Polygon","coordinates":[[[-97.31531098167522,49.8564190922532],[-97.31242171531558,49.85628709451158],[-97.31215681973498,49.8590987088922],[-97.31534468432756,49.8594509021981],[-97.31642442022674,49.858810004266616],[-97.31800949201497,49.85884199699116],[-97.31809881087997,49.85787179350455],[-97.31624150710377,49.85646858846598],[-97.31531098167522,49.8564190922532]]]},"properties":{"DAUID":"46111076","DGUID":"2021S051246111076","LANDAREA":0.115,"PRUID":"46","CMA":"Winnipeg"}},
{"type":"Feature","geometry":{"type":"Polygon","coordinates":[[[-97.31534468432756,49.8594509021981],[-97.3146181817677,49.860735595343364],[-97.31653549740003,49.8608175126331],[-97.31826509651601,49.86149920871758],[-97.3199330016046,49.86158218855417],[-97.32066829125897,49.861615001473346],[-97.32076358507703,49.858863896224975],[-97.3197124855538,49.8590825930977],[-97.31809881087997,49.85787179350455],[-97.31800949201497,49.85884199699116],[-97.31642442022674,49.858810004266616],[-97.31534468432756,49.8594509021981]]]},"properties":{"DAUID":"46111077","DGUID":"2021S051246111077","LANDAREA":0.1101,"PRUID":"46","CMA":"Winnipeg"}},
{"type":"Feature","geometry":{"type":"Polygon","coordinates":[[[-97.31809881087997,49.85787179350455],[-97.3197124855538,49.8590825930977],[-97.32076358507703,49.858863896224975],[-97.31897981028757,49.857344903289984],[-97.31987811021773,49.856314494562035],[-97.3210180988207,49.85633999464933],[-97.32111642103189,49.85510921120721],[-97.3199363158563,49.855038091689146],[-97.31706070448047,49.85571600461143],[-97.3153638178727,49.855700299196926],[-97.31531098167522,49.8564190922532],[-97.31624150710377,49.85646858846598],[-97.31809881087997,49.85787179350455]]]},"properties":{"DAUID":"46111078","DGUID":"2021S051246111078","LANDAREA":0.0893,"PRUID":"46","CMA":"Winnipeg"}},
{"type":"Feature","geometry":{"type":"Polygon","coordinates":[[[-97.3199330016046,49.86158218855417],[-97.31945608396627,49.86436155173577],[-97.32184841931016,49.86450149413487],[-97.32479459199803,49.86421130468819],[-97.32307428088784,49.85642380632115],[-97.3229207936792,49.85482950448993],[-97.32376868172481,49.84680920509789],[-97.3231131375905,49.846773445583736],[-97.32247506514507,49.84990993899363],[-97.32112423159083,49.85076777265922],[-97.31986408883837,49.85070149699852],[-97.31961588976479,49.8530455889571],[-97.3199363158563,49.855038091689146],[-97.32111642103189,49.85510921120721],[-97.3210180988207,49.85633999464933],[-97.31987811021773,49.856314494562035],[-97.31897981028757,49.857344903289984],[-97.32076358507703,49.858863896224975],[-97.32066829125897,49.861615001473346],[-97.3199330016046,49.86158218855417]]]},"properties":{"DAUID":"46111079","DGUID":"2021S051246111079","LANDAREA":0.4139,"PRUID":"46","CMA":"Winnipeg"}},
{"type":"Feature","geometry":{"type":"Polygon","coordinates":[[[-97.3199363158563,49.855038091689146],[-97.31961588976479,49.8530455889571],[-97.31986408883837,49.85070149699852],[-97.31409691498435,49.8505278120724],[-97.3129873966011,49.85043068866372],[-97.31404219357192,49.85130059835583],[-97.31384198731999,49.85345638765999],[-97.31545650863445,49.854235504083285],[-97.3153638178727,49.855700299196926],[-97.31706070448047,49.85571600461143],[-97.3199363158563,49.855038091689146]]]},"properties":{"DAUID":"46111080","DGUID":"2021S051246111080","LANDAREA":0.206,"PRUID":"46","CMA":"Winnipeg"}},
{"type":"Feature","geometry":{"type":"Polygon","coordinates":[[[-97.31118229135753,49.855522497161175],[-97.3124723790171,49.854830689674564],[-97.31427951934921,49.854875008614165],[-97.31545650863445,49.854235504083285],[-97.31384198731999,49.85345638765999],[-97.31404219357192,49.85130059835583],[-97.3129873966011,49.85043068866372],[-97.30772330640323,49.850192009010485],[-97.30720871255342,49.85536560823503],[-97.30859801305031,49.85542189180415],[-97.30865488163116,49.85419039183524],[-97.31025249452725,49.85425871326094],[-97.31118229135753,49.855522497161175]]]},"properties":{"DAUID":"46111081","DGUID":"2021S051246111081","LANDAREA":0.2423,"PRUID":"46","CMA":"Winnipeg"}},
{"type":"Feature","geometry":{"type":"Polygon","coordinates":[[[-97.30323399619004,49.83935039927362],[-97.30223619660214,49.84996788780503],[-97.30167930342662,49.85514081005331],[-97.30720871255342,49.85536560823503],[-97.30772330640323,49.850192009010485],[-97.30859765521508,49.841701201590524],[-97.30908730905959,49.840294319120204],[-97.3088474064398,49.839108700603056],[-97.30323399619004,49.83935039927362]]]},"properties":{"DAUID":"46111082","DGUID":"2021S051246111082","LANDAREA":0.7171,"PRUID":"46","CMA":"Winnipeg"}},
{"type":"Feature","geometry":{"type":"Polygon","coordinates":[[[-97.28763348273012,49.840011502124526],[-97.28660000389652,49.85115000982873],[-97.29051441338378,49.85100090964663],[-97.29775979011875,49.85028001079174],[-97.30223619660214,49.84996788780503],[-97.30323399619004,49.83935039927362],[-97.28763348273012,49.840011502124526]]]},"properties":{"DAUID":"46111083","DGUID":"2021S051246111083","LANDAREA":1.3593,"PRUID":"46","CMA":"Winnipeg"}},
{"type":"Feature","geometry":{"type":"Polygon","coordinates":[[[-97.3088474064398,49.839108700603056],[-97.30908730905959,49.840294319120204],[-97.30859765521508,49.841701201590524],[-97.30772330640323,49.850192009010485],[-97.3129873966011,49.85043068866372],[-97.31409691498435,49.8505278120724],[-97.31435410524348,49.84793199412178],[-97.31538280122774,49.84835169936955],[-97.31814811124252,49.848436895919086],[-97.31900010712032,49.84793650526438],[-97.32177738852718,49.84807569000275],[-97.32157240977612,49.8499797010402],[-97.31986408883837,49.85070149699852],[-97.32112423159083,49.85076777265922],[-97.32247506514507,49.84990993899363],[-97.3231131375905,49.846773445583736],[-97.32376868172481,49.84680920509789],[-97.32448500953106,49.838967001050506],[-97.3202689970715,49.838618108697354],[-97.3088474064398,49.839108700603056]]]},"properties":{"DAUID":"46111084","DGUID":"2021S051246111084","LANDAREA":1.2869,"PRUID":"46","CMA":"Winnipeg"}},
{"type":"Feature","geometry":{"type":"Polygon","coordinates":[[[-97.31986408883837,49.85070149699852],[-97.32157240977612,49.8499797010402],[-97.32177738852718,49.84807569000275],[-97.31900010712032,49.84793650526438],[-97.31814811124252,49.848436895919086],[-97.31538280122774,49.84835169936955],[-97.31435410524348,49.84793199412178],[-97.31409691498435,49.8505278120724],[-97.31986408883837,49.85070149699852]]]},"properties":{"DAUID":"46111085","DGUID":"2021S051246111085","LANDAREA":0.1391,"PRUID":"46","CMA":"Winnipeg"}},
{"type":"Feature","geometry":{"type":"Polygon","coordinates":[[[-97.45384454720187,49.80564504457027],[-97.42853140813938,49.80571405259466],[-97.41363259607736,49.80561749395611],[-97.41324729046433,49.80746591019445],[-97.40305810253231,49.80750579191244],[-97.36832594726305,49.80738934065697],[-97.36763492223774,49.809189169091724],[-97.34912125489548,49.8091444910299],[-97.34902992794393,49.81129110998565],[-97.3468058046991,49.837380702899644],[-97.3299513046552,49.83814638688846],[-97.32448500953106,49.838967001050506],[-97.32376868172481,49.84680920509789],[-97.3229207936792,49.85482950448993],[-97.32307428088784,49.85642380632115],[-97.32479459199803,49.86421130468819],[-97.325788547731,49.86893046436406],[-97.3275110770271,49.86832414209883],[-97.33160321879647,49.867376605020375],[-97.33658222408947,49.86593913472453],[-97.33959318580466,49.865323125408814],[-97.33889787914467,49.86738878848636],[-97.33776781275172,49.879086691889995],[-97.34660601776748,49.878021311868956],[-97.35599370179612,49.876847798507384],[-97.36645410755123,49.87597169717864],[-97.38514680373459,49.87542088817204],[-97.39965498719444,49.87568510800911],[-97.40418139629442,49.876017293202935],[-97.40462278394804,49.87571759779185],[-97.40510741277087,49.87072310920867],[-97.40474587376929,49.87071440267129],[-97.40526498690232,49.86678549119576],[-97.40954480344003,49.868670293700184],[-97.41031620805676,49.86089130766823],[-97.41419191342804,49.86105238735512],[-97.41465949924098,49.85654339811003],[-97.42392508193765,49.85698450412652],[-97.42303849098353,49.866695901503434],[-97.42703648409983,49.86485230560667],[-97.43058838093962,49.86431578905341],[-97.43401778739256,49.86498278772008],[-97.43592600585,49.86449591045252],[-97.4378460867535,49.862776797551476],[-97.44336090532686,49.85917209279015],[-97.44915299035915,49.857779911287345],[-97.44937020542741,49.85294753749775],[-97.45087033535347,49.83551656499437],[-97.45097685551967,49.83508581536188],[-97.45218847220069,49.82169742363262],[-97.45384454720187,49.80564504457027]]]},"properties":{"DAUID":"46111086","DGUID":"2021S051246111086","LANDAREA":57.2026,"PRUID":"46","CMA":"Winnipeg"}},
{"type":"Feature","geometry":{"type":"Polygon","coordinates":[[[-97.31945608396627,49.86436155173577],[-97.31652700494365,49.86386659009482],[-97.31753101437424,49.865005487814244],[-97.32066549277975,49.86570758880533],[-97.31951321288876,49.867633809390185],[-97.31869921137344,49.86823371191879],[-97.32018460045558,49.86874089458601],[-97.31994529120821,49.870824308968814],[-97.318569088335,49.870777410198954],[-97.31964160426607,49.87261642416822],[-97.32154503642215,49.87223188401376],[-97.32322566034227,49.870251904123265],[-97.325788547731,49.86893046436406],[-97.32479459199803,49.86421130468819],[-97.32184841931016,49.86450149413487],[-97.31945608396627,49.86436155173577]]]},"properties":{"DAUID":"46111087","DGUID":"2021S051246111087","LANDAREA":0.2978,"PRUID":"46","CMA":"Winnipeg"}},
{"type":"Feature","geometry":{"type":"Polygon","coordinates":[[[-97.31652700494365,49.86386659009482],[-97.3134439023222,49.86329111285399],[-97.31331320853306,49.865447992540155],[-97.31407331646264,49.867995607820205],[-97.31491240744202,49.86827760192928],[-97.31783159818933,49.86796918899221],[-97.31869921137344,49.86823371191879],[-97.31951321288876,49.867633809390185],[-97.32066549277975,49.86570758880533],[-97.31753101437424,49.865005487814244],[-97.31652700494365,49.86386659009482]]]},"properties":{"DAUID":"46111088","DGUID":"2021S051246111088","LANDAREA":0.1855,"PRUID":"46","CMA":"Winnipeg"}},
{"type":"Feature","geometry":{"type":"Polygon","coordinates":[[[-97.30835370621563,49.86637281521237],[-97.31125679960381,49.8666249537328],[-97.3119723821409,49.867289117683384],[-97.31299335178274,49.870434141242846],[-97.31637287502265,49.87235530981961],[-97.31964160426607,49.87261642416822],[-97.318569088335,49.870777410198954],[-97.31994529120821,49.870824308968814],[-97.32018460045558,49.86874089458601],[-97.31869921137344,49.86823371191879],[-97.31783159818933,49.86796918899221],[-97.31491240744202,49.86827760192928],[-97.31407331646264,49.867995607820205],[-97.31331320853306,49.865447992540155],[-97.30580619260066,49.864834790788656],[-97.30463531846414,49.86409799393617],[-97.30287199151432,49.86400029898651],[-97.30282899521723,49.8654924883504],[-97.30835370621563,49.86637281521237]]]},"properties":{"DAUID":"46111089","DGUID":"2021S051246111089","LANDAREA":0.2795,"PRUID":"46","CMA":"Winnipeg"}},
{"type":"Feature","geometry":{"type":"Polygon","coordinates":[[[-97.30975400025461,49.882495412343395],[-97.31665917937421,49.881678394427894],[-97.31704052033045,49.87912040680816],[-97.3202660090731,49.87923020340823],[-97.32043028664894,49.87770340754292],[-97.31915008613055,49.87760476357549],[-97.31936880495947,49.874602805214145],[-97.32017625909603,49.874160140440154],[-97.31964160426607,49.87261642416822],[-97.31637287502265,49.87235530981961],[-97.31299335178274,49.870434141242846],[-97.3119723821409,49.867289117683384],[-97.31125679960381,49.8666249537328],[-97.30835370621563,49.86637281521237],[-97.3087007789284,49.867620489044356],[-97.30846971506945,49.87025260689115],[-97.30793221221329,49.87567771228644],[-97.30761848374688,49.878677398992814],[-97.30717067681091,49.88279031361847],[-97.30975400025461,49.882495412343395]]]},"properties":{"DAUID":"46111090","DGUID":"2021S051246111090","LANDAREA":1.015,"PRUID":"46","CMA":"Winnipeg"}},
{"type":"Feature","geometry":{"type":"Polygon","coordinates":[[[-97.31964160426607,49.87261642416822],[-97.32017625909603,49.874160140440154],[-97.31936880495947,49.874602805214145],[-97.31915008613055,49.87760476357549],[-97.32043028664894,49.87770340754292],[-97.32175008794908,49.87777650221701],[-97.32206318561026,49.87476780716983],[-97.32610581539116,49.87498809642373],[-97.32629450055704,49.8711409925519],[-97.325788547731,49.86893046436406],[-97.32322566034227,49.870251904123265],[-97.32154503642215,49.87223188401376],[-97.31964160426607,49.87261642416822]]]},"properties":{"DAUID":"46111091","DGUID":"2021S051246111091","LANDAREA":0.2328,"PRUID":"46","CMA":"Winnipeg"}},
{"type":"Feature","geometry":{"type":"Polygon","coordinates":[[[-97.32090851528694,49.88117339930739],[-97.32550711628845,49.880628285922484],[-97.32610581539116,49.87498809642373],[-97.32206318561026,49.87476780716983],[-97.32175008794908,49.87777650221701],[-97.32043028664894,49.87770340754292],[-97.3202660090731,49.87923020340823],[-97.31704052033045,49.87912040680816],[-97.31665917937421,49.881678394427894],[-97.32090851528694,49.88117339930739]]]},"properties":{"DAUID":"46111092","DGUID":"2021S051246111092","LANDAREA":0.2922,"PRUID":"46","CMA":"Winnipeg"}},
{"type":"Feature","geometry":{"type":"Polygon","coordinates":[[[-97.32195250807264,49.898836488663235],[-97.3317039876864,49.898725304420395],[-97.34488601320041,49.89844361679847],[-97.34660601776748,49.878021311868956],[-97.33776781275172,49.879086691889995],[-97.33889787914467,49.86738878848636],[-97.33959318580466,49.865323125408814],[-97.33658222408947,49.86593913472453],[-97.33160321879647,49.867376605020375],[-97.3275110770271,49.86832414209883],[-97.325788547731,49.86893046436406],[-97.32629450055704,49.8711409925519],[-97.32610581539116,49.87498809642373],[-97.32550711628845,49.880628285922484],[-97.32090851528694,49.88117339930739],[-97.32080568341087,49.88253010641467],[-97.32274958696868,49.882675211949795],[-97.32333690807486,49.883403290061295],[-97.32325800816749,49.88487729219323],[-97.32168971070757,49.884737711395964],[-97.3215126208254,49.88663300900605],[-97.3200088859189,49.8866381935363],[-97.31978229358602,49.8891535012406],[-97.31957280756852,49.89157909655841],[-97.32078139263649,49.89246009284147],[-97.3207156108842,49.89395228977548],[-97.31932209697145,49.89398609684963],[-97.3190049203286,49.897102706670644],[-97.32002620661538,49.89816989255691],[-97.31765668506624,49.89823448873052],[-97.31771889758974,49.89884709626464],[-97.32195250807264,49.898836488663235]]]},"properties":{"DAUID":"46111093","DGUID":"2021S051246111093","LANDAREA":5.0326,"PRUID":"46","CMA":"Winnipeg"}},
{"type":"Feature","geometry":{"type":"Polygon","coordinates":[[[-97.44915299035915,49.857779911287345],[-97.44336090532686,49.85917209279015],[-97.4378460867535,49.862776797551476],[-97.43592600585,49.86449591045252],[-97.43401778739256,49.86498278772008],[-97.43058838093962,49.86431578905341],[-97.42703648409983,49.86485230560667],[-97.42303849098353,49.866695901503434],[-97.41960630854562,49.86867299449828],[-97.41862108600465,49.8690104028744],[-97.41421048681171,49.86940880821001],[-97.40954480344003,49.868670293700184],[-97.40526498690232,49.86678549119576],[-97.40474587376929,49.87071440267129],[-97.40510741277087,49.87072310920867],[-97.40462278394804,49.87571759779185],[-97.40418139629442,49.876017293202935],[-97.39965498719444,49.87568510800911],[-97.38514680373459,49.87542088817204],[-97.36645410755123,49.87597169717864],[-97.35599370179612,49.876847798507384],[-97.34660601776748,49.878021311868956],[-97.34488601320041,49.89844361679847],[-97.3317039876864,49.898725304420395],[-97.32195250807264,49.898836488663235],[-97.32067949943944,49.91143779640852],[-97.31909910463916,49.919636195730135],[-97.31942621622763,49.92304998861498],[-97.32039954831775,49.927257641546795],[-97.32673310223082,49.927392922933215],[-97.34954141828094,49.92703471080766],[-97.36671014066293,49.92736464257774],[-97.38946612771203,49.92760882612568],[-97.38950282906953,49.9258995490906],[-97.40674540173359,49.92538909407072],[-97.41203748656943,49.925461699700946],[-97.41221124268688,49.92325601201859],[-97.4272169568042,49.92318725873868],[-97.43664727457183,49.92334361446787],[-97.44411542807707,49.923295335650344],[-97.44723859933963,49.896325396475724],[-97.44816622727426,49.88323946523779],[-97.44859008390817,49.87971170970057],[-97.44933763568174,49.87073799394822],[-97.44785257410187,49.8716299009088],[-97.44915299035915,49.857779911287345]]]},"properties":{"DAUID":"46111094","DGUID":"2021S051246111094","LANDAREA":49.183,"PRUID":"46","CMA":"Winnipeg"}},
{"type":"Feature","geometry":{"type":"Polygon","coordinates":[[[-97.40954480344003,49.868670293700184],[-97.41421048681171,49.86940880821001],[-97.41862108600465,49.8690104028744],[-97.41960630854562,49.86867299449828],[-97.42303849098353,49.866695901503434],[-97.42392508193765,49.85698450412652],[-97.41465949924098,49.85654339811003],[-97.41419191342804,49.86105238735512],[-97.41031620805676,49.86089130766823],[-97.40954480344003,49.868670293700184]]]},"properties":{"DAUID":"46111095","DGUID":"2021S051246111095","LANDAREA":1.1418,"PRUID":"46","CMA":"Winnipeg"}},
{"type":"Feature","geometry":{"type":"Polygon","coordinates":[[[-97.30308740955974,49.86141290134774],[-97.30287199151432,49.86400029898651],[-97.30463531846414,49.86409799393617],[-97.30580619260066,49.864834790788656],[-97.31331320853306,49.865447992540155],[-97.3134439023222,49.86329111285399],[-97.30816119855638,49.86235060606759],[-97.30657160690475,49.862048501786276],[-97.30308740955974,49.86141290134774]]]},"properties":{"DAUID":"46111096","DGUID":"2021S051246111096","LANDAREA":0.216,"PRUID":"46","CMA":"Winnipeg"}},
{"type":"Feature","geometry":{"type":"Polygon","coordinates":[[[-97.3146181817677,49.860735595343364],[-97.3134439023222,49.86329111285399],[-97.31652700494365,49.86386659009482],[-97.31945608396627,49.86436155173577],[-97.3199330016046,49.86158218855417],[-97.31826509651601,49.86149920871758],[-97.31653549740003,49.8608175126331],[-97.3146181817677,49.860735595343364]]]},"properties":{"DAUID":"46111098","DGUID":"2021S051246111098","LANDAREA":0.129,"PRUID":"46","CMA":"Winnipeg"}},
{"type":"Feature","geometry":{"type":"Polygon","coordinates":[[[-97.30282899521723,49.8654924883504],[-97.30287199151432,49.86400029898651],[-97.30308740955974,49.86141290134774],[-97.30120728486837,49.861061495872306],[-97.2968519014595,49.860277987209706],[-97.29274559670822,49.85953399108396],[-97.28591578539462,49.858299805034925],[-97.28268020113231,49.857730211544954],[-97.27786508675047,49.858540301001],[-97.2802165161402,49.85937657954162],[-97.28223304800485,49.85900402474584],[-97.28530335615723,49.85969682979501],[-97.2867402199332,49.860770793945235],[-97.2871338269801,49.8621933984674],[-97.28981933596063,49.86359396171612],[-97.29163158445705,49.86395534104613],[-97.29773082569264,49.8638659128268],[-97.30068042049169,49.8646049778146],[-97.30282899521723,49.8654924883504]]]},"properties":{"DAUID":"46111099","DGUID":"2021S051246111099","LANDAREA":0.5142,"PRUID":"46","CMA":"Winnipeg"}},
{"type":"Feature","geometry":{"type":"Polygon","coordinates":[[[-97.2802165161402,49.85937657954162],[-97.27786508675047,49.858540301001],[-97.27409079960452,49.86645369056101],[-97.27300809934589,49.867157109364484],[-97.27000328333764,49.867517102026476],[-97.26551219213175,49.86792380495505],[-97.26484101592392,49.87010330436518],[-97.26376325668836,49.87201141005192],[-97.26597146973324,49.87194265744156],[-97.26783709216222,49.871494581089976],[-97.26897301379374,49.87076441726436],[-97.27154339241342,49.86984638466479],[-97.27441394633797,49.869554659715014],[-97.27709716810554,49.86994686932944],[-97.27925615500726,49.86964411211539],[-97.28033518209762,49.86798754101167],[-97.2801174611167,49.86687832836214],[-97.27893003558506,49.864783709437546],[-97.2778418631395,49.86172173430921],[-97.27824532993907,49.86070661547336],[-97.2802165161402,49.85937657954162]]]},"properties":{"DAUID":"46111100","DGUID":"2021S051246111100","LANDAREA":0.4658,"PRUID":"46","CMA":"Winnipeg"}},
{"type":"Feature","geometry":{"type":"Polygon","coordinates":[[[-97.27070791284247,49.859477104902034],[-97.27000328333764,49.867517102026476],[-97.27300809934589,49.867157109364484],[-97.27409079960452,49.86645369056101],[-97.27786508675047,49.858540301001],[-97.27706699430007,49.85868129019341],[-97.27188930129556,49.8595126925143],[-97.27070791284247,49.859477104902034]]]},"properties":{"DAUID":"46111101","DGUID":"2021S051246111101","LANDAREA":0.3431,"PRUID":"46","CMA":"Winnipeg"}},
{"type":"Feature","geometry":{"type":"Polygon","coordinates":[[[-97.26551219213175,49.86792380495505],[-97.27000328333764,49.867517102026476],[-97.27070791284247,49.859477104902034],[-97.26569279819931,49.85925830975584],[-97.26514301688239,49.865285708972515],[-97.26097370454094,49.86513319439722],[-97.26071939739175,49.86834059096895],[-97.26551219213175,49.86792380495505]]]},"properties":{"DAUID":"46111102","DGUID":"2021S051246111102","LANDAREA":0.4361,"PRUID":"46","CMA":"Winnipeg"}},
{"type":"Feature","geometry":{"type":"Polygon","coordinates":[[[-97.26097370454094,49.86513319439722],[-97.26514301688239,49.865285708972515],[-97.26569279819931,49.85925830975584],[-97.25996850391566,49.85902849593079],[-97.25955728427562,49.86388869273245],[-97.2594597062913,49.86505650944928],[-97.26097370454094,49.86513319439722]]]},"properties":{"DAUID":"46111103","DGUID":"2021S051246111103","LANDAREA":0.277,"PRUID":"46","CMA":"Winnipeg"}},
{"type":"Feature","geometry":{"type":"Polygon","coordinates":[[[-97.18710739321546,49.82980808852887],[-97.18519058397717,49.830552991947386],[-97.18469668895212,49.83137909257995],[-97.18449158769567,49.83217229028857],[-97.18219320643996,49.8320386980763],[-97.18210261359687,49.83285089811281],[-97.18423970704166,49.832965206260106],[-97.18722129828359,49.833362111093734],[-97.18851369534497,49.83242378910427],[-97.1885817891873,49.829825498320574],[-97.18710739321546,49.82980808852887]]]},"properties":{"DAUID":"46111104","DGUID":"2021S051246111104","LANDAREA":0.1136,"PRUID":"46","CMA":"Winnipeg"}},
{"type":"Feature","geometry":{"type":"Polygon","coordinates":[[[-97.18469668895212,49.83137909257995],[-97.18519058397717,49.830552991947386],[-97.18710739321546,49.82980808852887],[-97.18558271551566,49.8276588972556],[-97.18302078452874,49.82904010295246],[-97.18176269962457,49.83011350706366],[-97.18192611314944,49.83122640855846],[-97.18469668895212,49.83137909257995]]]},"properties":{"DAUID":"46111105","DGUID":"2021S051246111105","LANDAREA":0.0926,"PRUID":"46","CMA":"Winnipeg"}},
{"type":"Feature","geometry":{"type":"Polygon","coordinates":[[[-97.21923996032493,49.87347420196843],[-97.22289146803443,49.873247036416366],[-97.22493755070916,49.87387399980014],[-97.2298020945622,49.87546022400359],[-97.22972371767271,49.877607827697126],[-97.23097220800203,49.87730808962521],[-97.23264801627802,49.87727200531625],[-97.23269577499886,49.87546628970106],[-97.23756269593096,49.87558937801261],[-97.24053733236198,49.87495277669261],[-97.24352071226951,49.87508614486333],[-97.24591420051635,49.873948535326925],[-97.24852369613748,49.87397877782783],[-97.24987171522055,49.86814129471565],[-97.24038601513521,49.867610909865306],[-97.22760198673328,49.86709230019021],[-97.22027588317212,49.866881111035504],[-97.22000059345042,49.87020500253382],[-97.2198010913155,49.87260360110553],[-97.21280400956685,49.8736383120816],[-97.21102518518212,49.873188107168254],[-97.21145161441015,49.871818487122304],[-97.21080249007531,49.87130471290553],[-97.2109126091723,49.869831202395886],[-97.20845338171159,49.869721300002986],[-97.20539569782493,49.869611009082185],[-97.20521668972009,49.87181200620535],[-97.20225630648451,49.87170319801174],[-97.20275271264019,49.87295218678039],[-97.20425449719612,49.87374008759391],[-97.2023524813428,49.87586040503972],[-97.20292926564305,49.87685352160071],[-97.20630525528918,49.87698752910161],[-97.20806901797118,49.87653134480083],[-97.20824805365552,49.87442032887079],[-97.21032516731474,49.8736720967846],[-97.21275046462488,49.87423573266788],[-97.2153516212445,49.87428029208734],[-97.21923996032493,49.87347420196843]]]},"properties":{"DAUID":"46111106","DGUID":"2021S051246111106","LANDAREA":1.9868,"PRUID":"46","CMA":"Winnipeg"}},
{"type":"Feature","geometry":{"type":"Polygon","coordinates":[[[-97.22488392398411,49.87856412761373],[-97.22448706247631,49.87916993512705],[-97.22441157125084,49.88147079404944],[-97.23048650669419,49.88171730180231],[-97.23097220800203,49.87730808962521],[-97.22972371767271,49.877607827697126],[-97.2298020945622,49.87546022400359],[-97.22493755070916,49.87387399980014],[-97.22488392398411,49.87856412761373]]]},"properties":{"DAUID":"46111107","DGUID":"2021S051246111107","LANDAREA":0.2949,"PRUID":"46","CMA":"Winnipeg"}},
{"type":"Feature","geometry":{"type":"Polygon","coordinates":[[[-97.22000059345042,49.87020500253382],[-97.2109126091723,49.869831202395886],[-97.21080249007531,49.87130471290553],[-97.21145161441015,49.871818487122304],[-97.21102518518212,49.873188107168254],[-97.21280400956685,49.8736383120816],[-97.2198010913155,49.87260360110553],[-97.22000059345042,49.87020500253382]]]},"properties":{"DAUID":"46111108","DGUID":"2021S051246111108","LANDAREA":0.2229,"PRUID":"46","CMA":"Winnipeg"}},
{"type":"Feature","geometry":{"type":"Polygon","coordinates":[[[-97.22027588317212,49.866881111035504],[-97.21432840909485,49.86664570970886],[-97.21129912085502,49.86652711106058],[-97.2109126091723,49.869831202395886],[-97.22000059345042,49.87020500253382],[-97.22027588317212,49.866881111035504]]]},"properties":{"DAUID":"46111109","DGUID":"2021S051246111109","LANDAREA":0.2395,"PRUID":"46","CMA":"Winnipeg"}},
{"type":"Feature","geometry":{"type":"Polygon","coordinates":[[[-97.2109126091723,49.869831202395886],[-97.21129912085502,49.86652711106058],[-97.20878549684328,49.86563369830671],[-97.20845338171159,49.869721300002986],[-97.2109126091723,49.869831202395886]]]},"properties":{"DAUID":"46111110","DGUID":"2021S051246111110","LANDAREA":0.0725,"PRUID":"46","CMA":"Winnipeg"}},
{"type":"Feature","geometry":{"type":"Polygon","coordinates":[[[-97.20592809804904,49.86425830359756],[-97.20448271298083,49.86420891135888],[-97.20427260986212,49.86612160644784],[-97.20574588230957,49.86617140295409],[-97.20539569782493,49.869611009082185],[-97.20845338171159,49.869721300002986],[-97.20878549684328,49.86563369830671],[-97.20714358869603,49.86450189318684],[-97.20592809804904,49.86425830359756]]]},"properties":{"DAUID":"46111111","DGUID":"2021S051246111111","LANDAREA":0.141,"PRUID":"46","CMA":"Winnipeg"}},
{"type":"Feature","geometry":{"type":"Polygon","coordinates":[[[-97.20714358869603,49.86450189318684],[-97.20878549684328,49.86563369830671],[-97.21129912085502,49.86652711106058],[-97.21170129836584,49.8616669974225],[-97.20775408003344,49.86154299565696],[-97.20714358869603,49.86450189318684]]]},"properties":{"DAUID":"46111112","DGUID":"2021S051246111112","LANDAREA":0.1382,"PRUID":"46","CMA":"Winnipeg"}},
{"type":"Feature","geometry":{"type":"Polygon","coordinates":[[[-97.21170129836584,49.8616669974225],[-97.21129912085502,49.86652711106058],[-97.21432840909485,49.86664570970886],[-97.21462959334296,49.863385197513935],[-97.21566500792039,49.8633020933043],[-97.21584321395223,49.86103820418479],[-97.21278800689582,49.86087419946362],[-97.21295801300344,49.85852909016697],[-97.21213829014306,49.858498501062506],[-97.21170129836584,49.8616669974225]]]},"properties":{"DAUID":"46111113","DGUID":"2021S051246111113","LANDAREA":0.1739,"PRUID":"46","CMA":"Winnipeg"}},
{"type":"Feature","geometry":{"type":"Polygon","coordinates":[[[-97.21719601751597,49.85755099800383],[-97.21214459276605,49.857572105343834],[-97.21213829014306,49.858498501062506],[-97.21295801300344,49.85852909016697],[-97.21278800689582,49.86087419946362],[-97.21584321395223,49.86103820418479],[-97.21566500792039,49.8633020933043],[-97.21696230794835,49.863142194057296],[-97.21710800886473,49.8622090067988],[-97.21824071256638,49.861299890390114],[-97.21855321664046,49.85848029103038],[-97.21997548343238,49.8583941975225],[-97.22005389924733,49.85739700423087],[-97.21719601751597,49.85755099800383]]]},"properties":{"DAUID":"46111114","DGUID":"2021S051246111114","LANDAREA":0.1971,"PRUID":"46","CMA":"Winnipeg"}},
{"type":"Feature","geometry":{"type":"Polygon","coordinates":[[[-97.2255283945225,49.85759790685376],[-97.22209071007143,49.857248392157295],[-97.22005389924733,49.85739700423087],[-97.21997548343238,49.8583941975225],[-97.21855321664046,49.85848029103038],[-97.21824071256638,49.861299890390114],[-97.21710800886473,49.8622090067988],[-97.21906688636014,49.86267089226696],[-97.21894748345844,49.86402729848247],[-97.22485688108112,49.8645316976418],[-97.22525048502365,49.86024710846361],[-97.22678221285948,49.860216600375885],[-97.22699419266091,49.8578452132773],[-97.2255283945225,49.85759790685376]]]},"properties":{"DAUID":"46111115","DGUID":"2021S051246111115","LANDAREA":0.3871,"PRUID":"46","CMA":"Winnipeg"}},
{"type":"Feature","geometry":{"type":"Polygon","coordinates":[[[-97.22760198673328,49.86709230019021],[-97.22778760143996,49.86506229479302],[-97.22485688108112,49.8645316976418],[-97.21894748345844,49.86402729848247],[-97.21906688636014,49.86267089226696],[-97.21710800886473,49.8622090067988],[-97.21696230794835,49.863142194057296],[-97.21566500792039,49.8633020933043],[-97.21462959334296,49.863385197513935],[-97.21432840909485,49.86664570970886],[-97.22027588317212,49.866881111035504],[-97.22760198673328,49.86709230019021]]]},"properties":{"DAUID":"46111116","DGUID":"2021S051246111116","LANDAREA":0.32,"PRUID":"46","CMA":"Winnipeg"}},
{"type":"Feature","geometry":{"type":"Polygon","coordinates":[[[-97.25020309882281,49.864746189246354],[-97.25072760566457,49.85870050199375],[-97.23031770390892,49.85802069180316],[-97.22699419266091,49.8578452132773],[-97.22678221285948,49.860216600375885],[-97.22525048502365,49.86024710846361],[-97.22485688108112,49.8645316976418],[-97.22778760143996,49.86506229479302],[-97.22760198673328,49.86709230019021],[-97.24038601513521,49.867610909865306],[-97.24987171522055,49.86814129471565],[-97.25020309882281,49.864746189246354]]]},"properties":{"DAUID":"46111117","DGUID":"2021S051246111117","LANDAREA":1.7892,"PRUID":"46","CMA":"Winnipeg"}},
{"type":"Feature","geometry":{"type":"Polygon","coordinates":[[[-97.18898188827144,49.96670468834445],[-97.18992512335909,49.968125766918874],[-97.18790176943024,49.969012896222615],[-97.18656754733138,49.97017538018028],[-97.18373770972465,49.97164511078382],[-97.18387300801872,49.975461108730165],[-97.22938190747739,49.97550819680442],[-97.22940458744924,49.947525494664646],[-97.229446416028,49.9460060116136],[-97.21984261016586,49.94600290638314],[-97.21737540193051,49.94600100359928],[-97.20674111481028,49.94597199864573],[-97.20679950633475,49.948527392295695],[-97.20554500077155,49.94852599313408],[-97.20553280461436,49.9518539043291],[-97.20554600293096,49.95337420152768],[-97.20677250648467,49.953384191879486],[-97.20677729358962,49.960760094022056],[-97.19426627506434,49.960692653161544],[-97.18951578660109,49.96075268961755],[-97.18944392011193,49.96601360779643],[-97.18898188827144,49.96670468834445]]]},"properties":{"DAUID":"46111118","DGUID":"2021S051246111118","LANDAREA":7.6318,"PRUID":"46","CMA":"Winnipeg"}},
{"type":"Feature","geometry":{"type":"Polygon","coordinates":[[[-97.19426627506434,49.960692653161544],[-97.20677729358962,49.960760094022056],[-97.20677250648467,49.953384191879486],[-97.20554600293096,49.95337420152768],[-97.20553280461436,49.9518539043291],[-97.20312460664056,49.95250920759805],[-97.20222378801026,49.951991491819676],[-97.20001340369062,49.95220009312925],[-97.20001619508743,49.95436789222652],[-97.19844740145638,49.954190699448034],[-97.19762649514084,49.955200506578834],[-97.19508670224606,49.95517481184216],[-97.19465648746984,49.955141513089025],[-97.19426627506434,49.960692653161544]]]},"properties":{"DAUID":"46111119","DGUID":"2021S051246111119","LANDAREA":0.7016,"PRUID":"46","CMA":"Winnipeg"}},
{"type":"Feature","geometry":{"type":"Polygon","coordinates":[[[-97.17313780325442,49.960612804517375],[-97.17045219813745,49.959734011472214],[-97.17077748026995,49.95887559133621],[-97.16736380612167,49.95771530309289],[-97.16810071579056,49.95666560639097],[-97.17123921804439,49.95662520374416],[-97.17108809665508,49.95509361030738],[-97.16990279063866,49.95510190681198],[-97.16974701955147,49.95590000396766],[-97.1668179075814,49.955934692775486],[-97.16638979175595,49.9572951979371],[-97.1650422803341,49.95900089938135],[-97.17256439452485,49.961395396519066],[-97.17559539166764,49.962360591960895],[-97.17618338616917,49.961560296634104],[-97.17313780325442,49.960612804517375]]]},"properties":{"DAUID":"46111121","DGUID":"2021S051246111121","LANDAREA":0.1611,"PRUID":"46","CMA":"Winnipeg"}},
{"type":"Feature","geometry":{"type":"Polygon","coordinates":[[[-97.17470699791359,49.958568704885266],[-97.17205140342719,49.957636400666686],[-97.17123921804439,49.95662520374416],[-97.16810071579056,49.95666560639097],[-97.16736380612167,49.95771530309289],[-97.17077748026995,49.95887559133621],[-97.17045219813745,49.959734011472214],[-97.17313780325442,49.960612804517375],[-97.17470699791359,49.958568704885266]]]},"properties":{"DAUID":"46111122","DGUID":"2021S051246111122","LANDAREA":0.1141,"PRUID":"46","CMA":"Winnipeg"}},
{"type":"Feature","geometry":{"type":"Polygon","coordinates":[[[-97.17108809665508,49.95509361030738],[-97.17123921804439,49.95662520374416],[-97.17205140342719,49.957636400666686],[-97.17470699791359,49.958568704885266],[-97.17417310874592,49.95757091121707],[-97.1747404197124,49.95584379692137],[-97.17594001056443,49.95582670431883],[-97.17594198511485,49.95503521152639],[-97.17108809665508,49.95509361030738]]]},"properties":{"DAUID":"46111123","DGUID":"2021S051246111123","LANDAREA":0.0875,"PRUID":"46","CMA":"Winnipeg"}},
{"type":"Feature","geometry":{"type":"Polygon","coordinates":[[[-97.16990279063866,49.95510190681198],[-97.16781110045643,49.95511390167118],[-97.16760231337067,49.953635406003876],[-97.16627121681492,49.95344350255801],[-97.16584439167652,49.95513670990323],[-97.1668179075814,49.955934692775486],[-97.16974701955147,49.95590000396766],[-97.16990279063866,49.95510190681198]]]},"properties":{"DAUID":"46111124","DGUID":"2021S051246111124","LANDAREA":0.0427,"PRUID":"46","CMA":"Winnipeg"}},
{"type":"Feature","geometry":{"type":"Polygon","coordinates":[[[-97.1676993998646,49.949607190039835],[-97.16607018350533,49.95066079040518],[-97.16728689101721,49.95202930914737],[-97.16653639712538,49.953069887804276],[-97.16627121681492,49.95344350255801],[-97.16760231337067,49.953635406003876],[-97.16781110045643,49.95511390167118],[-97.16990279063866,49.95510190681198],[-97.17108809665508,49.95509361030738],[-97.17105660704651,49.953716896261035],[-97.17022698108137,49.9516980023314],[-97.1676993998646,49.949607190039835]]]},"properties":{"DAUID":"46111125","DGUID":"2021S051246111125","LANDAREA":0.1362,"PRUID":"46","CMA":"Winnipeg"}},
{"type":"Feature","geometry":{"type":"Polygon","coordinates":[[[-97.16627121681492,49.95344350255801],[-97.16653639712538,49.953069887804276],[-97.16552948466743,49.95278408854165],[-97.16470621361489,49.95390439682277],[-97.16228291675814,49.953839095486245],[-97.16219632000112,49.95245251074006],[-97.16084418809739,49.9524489890699],[-97.16084739005201,49.953096709590945],[-97.16087940239176,49.95518400799666],[-97.16584439167652,49.95513670990323],[-97.16627121681492,49.95344350255801]]]},"properties":{"DAUID":"46111126","DGUID":"2021S051246111126","LANDAREA":0.076,"PRUID":"46","CMA":"Winnipeg"}},
{"type":"Feature","geometry":{"type":"Polygon","coordinates":[[[-97.1617879008116,49.94743580189931],[-97.16609981334658,49.94878141097128],[-97.16840630111544,49.94640719711812],[-97.1694903062191,49.94502111101661],[-97.1659093942438,49.94388509568382],[-97.16407731648214,49.94624880873968],[-97.1623209084128,49.94661670972148],[-97.1617879008116,49.94743580189931]]]},"properties":{"DAUID":"46111129","DGUID":"2021S051246111129","LANDAREA":0.1565,"PRUID":"46","CMA":"Winnipeg"}},
{"type":"Feature","geometry":{"type":"Polygon","coordinates":[[[-97.16091871734614,49.95781118906995],[-97.16087940239176,49.95518400799666],[-97.16084739005201,49.953096709590945],[-97.1564529018969,49.952811092315656],[-97.15469170226423,49.955121690467756],[-97.15304168121165,49.955248413263554],[-97.16091871734614,49.95781118906995]]]},"properties":{"DAUID":"46111131","DGUID":"2021S051246111131","LANDAREA":0.1833,"PRUID":"46","CMA":"Winnipeg"}},
{"type":"Feature","geometry":{"type":"Polygon","coordinates":[[[-97.1668179075814,49.955934692775486],[-97.16584439167652,49.95513670990323],[-97.16087940239176,49.95518400799666],[-97.16091871734614,49.95781118906995],[-97.1650422803341,49.95900089938135],[-97.16638979175595,49.9572951979371],[-97.1668179075814,49.955934692775486]]]},"properties":{"DAUID":"46111132","DGUID":"2021S051246111132","LANDAREA":0.1441,"PRUID":"46","CMA":"Winnipeg"}},
{"type":"Feature","geometry":{"type":"Polygon","coordinates":[[[-97.20997098631491,49.89454389432802],[-97.21741318546795,49.89473949247769],[-97.21776969160676,49.8911111109836],[-97.22229791943403,49.889640815450996],[-97.2235296536609,49.88966593269996],[-97.22375350415813,49.88816260186803],[-97.2192202930036,49.88801210250352],[-97.21436690407407,49.88786550943217],[-97.21314338289937,49.887819607385126],[-97.21280530945114,49.89094470458069],[-97.21028858330477,49.890851893553446],[-97.20997098631491,49.89454389432802]]]},"properties":{"DAUID":"46111133","DGUID":"2021S051246111133","LANDAREA":0.4394,"PRUID":"46","CMA":"Winnipeg"}},
{"type":"Feature","geometry":{"type":"Polygon","coordinates":[[[-97.15559572210063,49.83042514770715],[-97.15665204987039,49.81887465406504],[-97.15224981242949,49.81956588033758],[-97.15268001164003,49.82395139405303],[-97.15183199675643,49.82832739912071],[-97.15097740060162,49.83129269245271],[-97.1507159154616,49.83206960892027],[-97.15473589597568,49.8307160882205],[-97.15559572210063,49.83042514770715]]]},"properties":{"DAUID":"46111134","DGUID":"2021S051246111134","LANDAREA":0.3788,"PRUID":"46","CMA":"Winnipeg"}},
{"type":"Feature","geometry":{"type":"Polygon","coordinates":[[[-97.15097740060162,49.83129269245271],[-97.15183199675643,49.82832739912071],[-97.15268001164003,49.82395139405303],[-97.15224981242949,49.81956588033758],[-97.14597928326059,49.82137969974869],[-97.14303586749632,49.822051515547074],[-97.14328558946193,49.82258184942375],[-97.14804898492328,49.82769627775532],[-97.14853144152823,49.829430447466315],[-97.14823204596219,49.8303311550672],[-97.14984541503104,49.83019463710292],[-97.15097740060162,49.83129269245271]]]},"properties":{"DAUID":"46111135","DGUID":"2021S051246111135","LANDAREA":0.3918,"PRUID":"46","CMA":"Winnipeg"}},
{"type":"Feature","geometry":{"type":"Polygon","coordinates":[[[-97.14954052059439,49.87815050993801],[-97.15045050508729,49.87983679735299],[-97.15121021049085,49.88068840056695],[-97.14930652323784,49.881713095364006],[-97.1522928451394,49.881527148395655],[-97.15438852657824,49.880780239526146],[-97.15496919203825,49.8792931024149],[-97.15345093371484,49.87777765199211],[-97.15128348871124,49.87853119535487],[-97.15071031567481,49.8777734003554],[-97.14954052059439,49.87815050993801]]]},"properties":{"DAUID":"46111136","DGUID":"2021S051246111136","LANDAREA":0.0957,"PRUID":"46","CMA":"Winnipeg"}},
{"type":"Feature","geometry":{"type":"Polygon","coordinates":[[[-97.15284090169993,49.786498201442114],[-97.15284410926708,49.7878744885549],[-97.15477040521831,49.79019900616345],[-97.15730259579966,49.789375702863936],[-97.15694041230373,49.784230195461724],[-97.15676621871668,49.78191021160924],[-97.15224669356334,49.78349329574907],[-97.15286808100478,49.78432179221974],[-97.15284090169993,49.786498201442114]]]},"properties":{"DAUID":"46111138","DGUID":"2021S051246111138","LANDAREA":0.2148,"PRUID":"46","CMA":"Winnipeg"}},
{"type":"Feature","geometry":{"type":"Polygon","coordinates":[[[-97.11289631034046,49.835858500150785],[-97.11095451352296,49.83536808865542],[-97.11031581136511,49.83462900315889],[-97.10873271535401,49.83278619194493],[-97.10181941287553,49.8353176907601],[-97.09281250420128,49.83837210332748],[-97.09416868964544,49.84102099340011],[-97.09887091852457,49.83945810009743],[-97.09950204166604,49.840292823035995],[-97.10458110971857,49.83831329135698],[-97.10405080449905,49.83764798790296],[-97.1062637924002,49.83689260067352],[-97.10782981579753,49.83881618749365],[-97.1123837861383,49.83723540514996],[-97.11289631034046,49.835858500150785]]]},"properties":{"DAUID":"46111139","DGUID":"2021S051246111139","LANDAREA":0.5431,"PRUID":"46","CMA":"Winnipeg"}},
{"type":"Feature","geometry":{"type":"Polygon","coordinates":[[[-97.30816119855638,49.86235060606759],[-97.3134439023222,49.86329111285399],[-97.3146181817677,49.860735595343364],[-97.31534468432756,49.8594509021981],[-97.31215681973498,49.8590987088922],[-97.31242171531558,49.85628709451158],[-97.31531098167522,49.8564190922532],[-97.3153638178727,49.855700299196926],[-97.31545650863445,49.854235504083285],[-97.31427951934921,49.854875008614165],[-97.3124723790171,49.854830689674564],[-97.31118229135753,49.855522497161175],[-97.31110380224803,49.85737430249348],[-97.30993408340936,49.85859858817062],[-97.30829611132944,49.859285311038875],[-97.30816119855638,49.86235060606759]]]},"properties":{"DAUID":"46111140","DGUID":"2021S051246111140","LANDAREA":0.2694,"PRUID":"46","CMA":"Winnipeg"}},
{"type":"Feature","geometry":{"type":"Polygon","coordinates":[[[-97.20655988125468,49.85734190620406],[-97.20189170378853,49.85716158718014],[-97.20156951066849,49.86059270867984],[-97.20119001430898,49.86406789586887],[-97.20301021314928,49.86414110956557],[-97.20448271298083,49.86420891135888],[-97.20592809804904,49.86425830359756],[-97.20655988125468,49.85734190620406]]]},"properties":{"DAUID":"46111141","DGUID":"2021S051246111141","LANDAREA":0.2605,"PRUID":"46","CMA":"Winnipeg"}},
{"type":"Feature","geometry":{"type":"Polygon","coordinates":[[[-97.07778461672578,49.84344901187875],[-97.08040870042018,49.8435823971228],[-97.08123931791717,49.84579090001081],[-97.08523989195548,49.84487660202541],[-97.08619328874006,49.84503629771062],[-97.08566920315187,49.84633201259705],[-97.08049080214458,49.84747860251752],[-97.08079879141104,49.848131392743596],[-97.08352470244638,49.848149488640274],[-97.08381889863323,49.84950360729993],[-97.081566019745,49.8498352077386],[-97.08193830463543,49.850623904350876],[-97.08559029657616,49.85009059030414],[-97.08649640660292,49.85215651053096],[-97.08291200444586,49.85273590742562],[-97.08326140425739,49.85339829651362],[-97.0870087996535,49.85292050254569],[-97.08840190329485,49.85604679728824],[-97.0890756934928,49.85624680329147],[-97.09621953250414,49.8562479614302],[-97.09633811262863,49.85554781641337],[-97.09771523534884,49.85435907137723],[-97.09647420612738,49.85414950207991],[-97.09612317348372,49.85292973582268],[-97.09896756062125,49.852143027908305],[-97.09892910590727,49.85113923080437],[-97.09717113853617,49.8520366948471],[-97.09598081210169,49.850981717458325],[-97.09546832462172,49.84876131944293],[-97.09396764558967,49.84848028701613],[-97.09334257489739,49.84710476312544],[-97.09056533114942,49.846340773411214],[-97.09007891994987,49.84493480156256],[-97.08790274682036,49.843159199703834],[-97.08625277140591,49.8437013005086],[-97.08580834298913,49.84246307858361],[-97.08716337555023,49.84181292626717],[-97.08870753176251,49.83954645589884],[-97.08500899854505,49.84051018731734],[-97.08175721528215,49.840789195447016],[-97.07644689893007,49.840806339581334],[-97.07778461672578,49.84344901187875]]]},"properties":{"DAUID":"46111143","DGUID":"2021S051246111143","LANDAREA":1.1964,"PRUID":"46","CMA":"Winnipeg"}},
{"type":"Feature","geometry":{"type":"Polygon","coordinates":[[[-97.08193668241655,49.86050049488489],[-97.08197671567288,49.86159860872639],[-97.08361260252926,49.86140081087175],[-97.08634308607228,49.865898503605756],[-97.08758201628036,49.86870739574112],[-97.08957388307185,49.86830850416348],[-97.08985609183591,49.86891579247349],[-97.08783349128382,49.86938619487722],[-97.0879856064549,49.87011729104311],[-97.09024639760104,49.86960589902875],[-97.09092860145537,49.87101139141211],[-97.09309899104437,49.8710290948644],[-97.09516370334859,49.87481419102655],[-97.10025790306437,49.87474318767348],[-97.10380826843145,49.87491943687322],[-97.10389790671988,49.87389227541397],[-97.10247442599938,49.87286900520839],[-97.100976949344,49.8727110322454],[-97.10269227596454,49.87114466291265],[-97.10311978211779,49.86993073858525],[-97.10153168380411,49.86975033219169],[-97.10126371848152,49.867687269470906],[-97.09916610545726,49.868190616026084],[-97.0994256277288,49.866870499090126],[-97.09755451625094,49.86686901657472],[-97.0977527705475,49.865537437008236],[-97.09570983498905,49.86541743700522],[-97.09634104913862,49.86367559726972],[-97.09718921888937,49.862736005529776],[-97.09529505624144,49.862383599157425],[-97.09720156326303,49.86102846112601],[-97.09709955957182,49.86018477475815],[-97.09540369931457,49.859888115502876],[-97.09491166184068,49.860076144178706],[-97.08655420406697,49.86000790421035],[-97.08517799117661,49.85981648914714],[-97.08193668241655,49.86050049488489]]]},"properties":{"DAUID":"46111144","DGUID":"2021S051246111144","LANDAREA":1.3023,"PRUID":"46","CMA":"Winnipeg"}},
{"type":"Feature","geometry":{"type":"Polygon","coordinates":[[[-97.08173143815631,49.90652724319168],[-97.0775689069199,49.90567349224017],[-97.07675518509464,49.90582189875053],[-97.07418431892613,49.904978601159186],[-97.07295470400524,49.90647839751947],[-97.0718416076612,49.90610009055893],[-97.07302630048764,49.90468051011228],[-97.07205528927057,49.904232587935944],[-97.07081101297578,49.90575009272992],[-97.06892080780801,49.908093288328786],[-97.07304420480389,49.90947519103407],[-97.07708681076305,49.9107925867737],[-97.07890461158779,49.90851109567066],[-97.08066019410253,49.907091895722914],[-97.08090695455265,49.906852998475],[-97.08173143815631,49.90652724319168]]]},"properties":{"DAUID":"46111145","DGUID":"2021S051246111145","LANDAREA":0.3236,"PRUID":"46","CMA":"Winnipeg"}},
{"type":"Feature","geometry":{"type":"Polygon","coordinates":[[[-97.17054050314427,49.91288071026409],[-97.17005503888205,49.91667313436471],[-97.178901493215,49.91949965813172],[-97.19502787759107,49.923813376935655],[-97.19501159121201,49.921539696147526],[-97.19027601256887,49.920017699397285],[-97.1877433906138,49.91919548922312],[-97.18624569491864,49.92124101336703],[-97.18369480870548,49.92053538755671],[-97.18368169860408,49.91791769408943],[-97.17839539157387,49.916242600354494],[-97.17892199406026,49.915576296468195],[-97.17054050314427,49.91288071026409]]]},"properties":{"DAUID":"46111146","DGUID":"2021S051246111146","LANDAREA":0.5258,"PRUID":"46","CMA":"Winnipeg"}},
{"type":"Feature","geometry":{"type":"Polygon","coordinates":[[[-97.13178000399785,49.914907103753904],[-97.13230298973302,49.912522012155826],[-97.13232129682218,49.912433195232346],[-97.12748811502341,49.91261168449199],[-97.12595607975635,49.91044163345961],[-97.12291501179264,49.908583484968126],[-97.12193898312626,49.90923249663699],[-97.12494077490007,49.91088286772393],[-97.12638305850311,49.91241043188922],[-97.12698499629471,49.91442885083801],[-97.12638404570595,49.9164565992946],[-97.12456799393027,49.91806302937271],[-97.12437759932678,49.918197908721396],[-97.12575423801259,49.91825249487992],[-97.12913738603326,49.91947900999644],[-97.13080979412915,49.91730219683981],[-97.13178000399785,49.914907103753904]]]},"properties":{"DAUID":"46111147","DGUID":"2021S051246111147","LANDAREA":0.2082,"PRUID":"46","CMA":"Winnipeg"}},
{"type":"Feature","geometry":{"type":"Polygon","coordinates":[[[-97.19074209903023,49.93175430684799],[-97.1901275879203,49.932536290877316],[-97.18760760290348,49.93173240602624],[-97.18702120225002,49.93250570632374],[-97.18954119346805,49.93330968755817],[-97.18838188101645,49.934865703015134],[-97.18570471096497,49.93453599881022],[-97.18499840073787,49.932564091992155],[-97.18302159945911,49.93139970152722],[-97.18352851237042,49.93385430565359],[-97.17495621911137,49.94504599978929],[-97.18257758903576,49.94764659153201],[-97.18570311070141,49.94867599691969],[-97.18965861299871,49.94969907098429],[-97.19509283513946,49.95165018440769],[-97.19506171187082,49.94928980044941],[-97.19503068153286,49.94601509076533],[-97.19503100574676,49.943397588423515],[-97.19502968505127,49.93858530663663],[-97.19502791034027,49.93527519445378],[-97.19500319434111,49.93370069260906],[-97.1949998044671,49.933043995925345],[-97.19074209903023,49.93175430684799]]]},"properties":{"DAUID":"46111148","DGUID":"2021S051246111148","LANDAREA":2.0295,"PRUID":"46","CMA":"Winnipeg"}},
{"type":"Feature","geometry":{"type":"Polygon","coordinates":[[[-97.07817948121034,49.93971179108901],[-97.07333780607642,49.93810229396227],[-97.07438219216739,49.93637459316444],[-97.07077889246973,49.93517230090635],[-97.0704734942015,49.93409690596181],[-97.06769558798618,49.93316909774248],[-97.06629038027617,49.93346049899522],[-97.06332500792823,49.93582170861734],[-97.06626829406513,49.93679729246531],[-97.07044938639945,49.93818921305717],[-97.07753409739719,49.94051959551691],[-97.07817948121034,49.93971179108901]]]},"properties":{"DAUID":"46111149","DGUID":"2021S051246111149","LANDAREA":0.2827,"PRUID":"46","CMA":"Winnipeg"}},
{"type":"Feature","geometry":{"type":"Polygon","coordinates":[[[-97.1573332820566,49.80783670757024],[-97.15362259313189,49.80905248908142],[-97.15254260944306,49.81111271093973],[-97.15193930248871,49.813469203060045],[-97.15147348605988,49.816574108938426],[-97.15702544957975,49.81470784804379],[-97.15739715378211,49.81060264914611],[-97.1573332820566,49.80783670757024]]]},"properties":{"DAUID":"46111150","DGUID":"2021S051246111150","LANDAREA":0.2754,"PRUID":"46","CMA":"Winnipeg"}},
{"type":"Feature","geometry":{"type":"Polygon","coordinates":[[[-97.1075086910469,49.8089201003616],[-97.10870210277814,49.81039679767896],[-97.11185748796836,49.80932389436209],[-97.11217129444543,49.809832706116794],[-97.11103229320236,49.81409579192653],[-97.1098587045796,49.814247610687026],[-97.1080396914805,49.813480307737485],[-97.10724691999751,49.81420500596805],[-97.10923218282716,49.81498399456205],[-97.11219821426006,49.8153382118797],[-97.1118966082077,49.8133182901574],[-97.11310378682121,49.80944309370989],[-97.11440691340795,49.80602738947403],[-97.1116490077645,49.80610919773755],[-97.10657951421452,49.80779850513539],[-97.1075086910469,49.8089201003616]]]},"properties":{"DAUID":"46111153","DGUID":"2021S051246111153","LANDAREA":0.2262,"PRUID":"46","CMA":"Winnipeg"}},
{"type":"Feature","geometry":{"type":"Polygon","coordinates":[[[-97.08055778037148,49.95035628990844],[-97.07586690144605,49.954029508861815],[-97.07162821510128,49.957530107910785],[-97.07038500863996,49.958633802651235],[-97.06680119421713,49.96108369363833],[-97.0701881396642,49.96282085395718],[-97.07301123298448,49.95987204505931],[-97.08182636148968,49.952898175458344],[-97.08411063202662,49.95164959108855],[-97.08730858540703,49.95069953454561],[-97.09494589599805,49.951286204750765],[-97.09611845651693,49.95037269585013],[-97.09298889955268,49.94939209124519],[-97.08383939190323,49.94775710985631],[-97.08255570244098,49.948842201140735],[-97.08055778037148,49.95035628990844]]]},"properties":{"DAUID":"46111154","DGUID":"2021S051246111154","LANDAREA":0.4627,"PRUID":"46","CMA":"Winnipeg"}},
{"type":"Feature","geometry":{"type":"Polygon","coordinates":[[[-97.08708551302215,49.94428460954837],[-97.08689591537811,49.944497410920285],[-97.08383939190323,49.94775710985631],[-97.09298889955268,49.94939209124519],[-97.09611845651693,49.95037269585013],[-97.09712823003711,49.95005878174355],[-97.09761531134153,49.94766444807751],[-97.08708551302215,49.94428460954837]]]},"properties":{"DAUID":"46111155","DGUID":"2021S051246111155","LANDAREA":0.32,"PRUID":"46","CMA":"Winnipeg"}},
{"type":"Feature","geometry":{"type":"Polygon","coordinates":[[[-97.17023239237072,49.788047602323466],[-97.17364248722495,49.78812950910483],[-97.17402288641779,49.78617379971996],[-97.17599606696703,49.78347727384348],[-97.17424005138164,49.782464766596874],[-97.17375689837749,49.78040730100082],[-97.17271460662668,49.78041779703415],[-97.1695280192127,49.780565405051306],[-97.17049199618249,49.783369096996324],[-97.17035481152129,49.78442839766561],[-97.17267249208646,49.78449199660532],[-97.17268920937045,49.786264288338565],[-97.17183129341346,49.78714810361859],[-97.17023761095601,49.78721100439049],[-97.17023239237072,49.788047602323466]]]},"properties":{"DAUID":"46111157","DGUID":"2021S051246111157","LANDAREA":0.2021,"PRUID":"46","CMA":"Winnipeg"}},
{"type":"Feature","geometry":{"type":"Polygon","coordinates":[[[-97.166441708969,49.78560789802412],[-97.16979540523168,49.78563389883883],[-97.17035481152129,49.78442839766561],[-97.17049199618249,49.783369096996324],[-97.1695280192127,49.780565405051306],[-97.16822901453445,49.78075179528019],[-97.16854421525737,49.78160229540176],[-97.16664421824294,49.78188710172971],[-97.166441708969,49.78560789802412]]]},"properties":{"DAUID":"46111158","DGUID":"2021S051246111158","LANDAREA":0.1255,"PRUID":"46","CMA":"Winnipeg"}},
{"type":"Feature","geometry":{"type":"Polygon","coordinates":[[[-97.04953630269222,49.84444309738853],[-97.04950661580872,49.850712186409694],[-97.04940241500906,49.856062598603586],[-97.05034830056768,49.85606948793032],[-97.06509689852477,49.85605580823043],[-97.06513280578875,49.85376271065561],[-97.06152288602661,49.8539271909521],[-97.06157661486269,49.848063300738154],[-97.06475770506732,49.84782860513967],[-97.0641832859942,49.84584011288322],[-97.06024679767658,49.845837208021905],[-97.05909300272398,49.845817897443204],[-97.05909130109869,49.848291595390286],[-97.05564749651818,49.84710040275226],[-97.05765409389647,49.844930310713096],[-97.05640370018163,49.84419870876045],[-97.05431938368204,49.84414570521998],[-97.0543295068717,49.84458670902986],[-97.04953630269222,49.84444309738853]]]},"properties":{"DAUID":"46111159","DGUID":"2021S051246111159","LANDAREA":1.0855,"PRUID":"46","CMA":"Winnipeg"}},
{"type":"Feature","geometry":{"type":"Polygon","coordinates":[[[-97.06475770506732,49.84782860513967],[-97.06157661486269,49.848063300738154],[-97.06152288602661,49.8539271909521],[-97.06513280578875,49.85376271065561],[-97.06434460392572,49.85259809660726],[-97.06571648274611,49.852036411211856],[-97.06366209520237,49.85087770857555],[-97.06461218635803,49.84938240104845],[-97.06475770506732,49.84782860513967]]]},"properties":{"DAUID":"46111160","DGUID":"2021S051246111160","LANDAREA":0.1348,"PRUID":"46","CMA":"Winnipeg"}},
{"type":"Feature","geometry":{"type":"Polygon","coordinates":[[[-97.3079956151908,49.89177949480532],[-97.31158871449499,49.891355202321925],[-97.31563389562565,49.891539896761714],[-97.31590269775499,49.88901630057416],[-97.31636972007438,49.88439970456754],[-97.31665917937421,49.881678394427894],[-97.30975400025461,49.882495412343395],[-97.30934039194888,49.886366189654765],[-97.3113800955459,49.88735840210062],[-97.31123160327327,49.888822409267235],[-97.30840489977294,49.88883509187639],[-97.3079956151908,49.89177949480532]]]},"properties":{"DAUID":"46111161","DGUID":"2021S051246111161","LANDAREA":0.4958,"PRUID":"46","CMA":"Winnipeg"}},
{"type":"Feature","geometry":{"type":"Polygon","coordinates":[[[-97.09512039264546,49.81680369809175],[-97.09392190357406,49.81440031224487],[-97.09204808762107,49.815035090663486],[-97.09055799492026,49.813688192629975],[-97.08714729178247,49.81522409308109],[-97.0874801637671,49.81573320652765],[-97.08920729597047,49.81832049929614],[-97.09405186550143,49.817151723804216],[-97.09512039264546,49.81680369809175]]]},"properties":{"DAUID":"46111162","DGUID":"2021S051246111162","LANDAREA":0.1688,"PRUID":"46","CMA":"Winnipeg"}},
{"type":"Feature","geometry":{"type":"Polygon","coordinates":[[[-97.09464078556391,49.81189141216647],[-97.0924420192017,49.8089068999098],[-97.09238961005282,49.80882499563301],[-97.08951061480532,49.80992898685705],[-97.09171958102671,49.812176956741126],[-97.08987856421527,49.81310799101934],[-97.08825219098772,49.81308662796973],[-97.08903101280636,49.81363610669094],[-97.08665248729719,49.814688255906454],[-97.08714729178247,49.81522409308109],[-97.09055799492026,49.813688192629975],[-97.09464078556391,49.81189141216647]]]},"properties":{"DAUID":"46111163","DGUID":"2021S051246111163","LANDAREA":0.1203,"PRUID":"46","CMA":"Winnipeg"}},
{"type":"Feature","geometry":{"type":"Polygon","coordinates":[[[-97.08951061480532,49.80992898685705],[-97.08669351600825,49.81044798839386],[-97.08664641729467,49.81183419204943],[-97.08825219098772,49.81308662796973],[-97.08987856421527,49.81310799101934],[-97.09171958102671,49.812176956741126],[-97.08951061480532,49.80992898685705]]]},"properties":{"DAUID":"46111164","DGUID":"2021S051246111164","LANDAREA":0.0824,"PRUID":"46","CMA":"Winnipeg"}},
{"type":"Feature","geometry":{"type":"Polygon","coordinates":[[[-97.08825219098772,49.81308662796973],[-97.08664641729467,49.81183419204943],[-97.08669351600825,49.81044798839386],[-97.08466729881555,49.810082903483995],[-97.08252144956198,49.81045815134119],[-97.08433911182829,49.812648693443],[-97.08665248729719,49.814688255906454],[-97.08903101280636,49.81363610669094],[-97.08825219098772,49.81308662796973]]]},"properties":{"DAUID":"46111165","DGUID":"2021S051246111165","LANDAREA":0.11,"PRUID":"46","CMA":"Winnipeg"}},
{"type":"Feature","geometry":{"type":"Polygon","coordinates":[[[-97.07651688359284,49.83509839390077],[-97.07505088178253,49.83540269219452],[-97.07568868944598,49.836453610694726],[-97.07492601136659,49.83694499434926],[-97.0763122169836,49.83955659793319],[-97.07882650457826,49.8396343014604],[-97.08113538975277,49.83877010725918],[-97.07947930386977,49.83753920649744],[-97.08042048600801,49.836702611776616],[-97.07907850397744,49.835812587809755],[-97.07702079398733,49.8357183912684],[-97.07651688359284,49.83509839390077]]]},"properties":{"DAUID":"46111167","DGUID":"2021S051246111167","LANDAREA":0.1442,"PRUID":"46","CMA":"Winnipeg"}},
{"type":"Feature","geometry":{"type":"Polygon","coordinates":[[[-97.19701590220257,49.838105412818145],[-97.19702708501987,49.83641209197215],[-97.19248478072062,49.8363609906113],[-97.19260438680953,49.834961387916536],[-97.1913046029703,49.835058392895974],[-97.19003729837533,49.83537440659436],[-97.19023010104587,49.83750760435534],[-97.19170831721098,49.83857230502596],[-97.19402080880344,49.839408609415386],[-97.19553171343627,49.83806860307933],[-97.19701590220257,49.838105412818145]]]},"properties":{"DAUID":"46111168","DGUID":"2021S051246111168","LANDAREA":0.1477,"PRUID":"46","CMA":"Winnipeg"}},
{"type":"Feature","geometry":{"type":"Polygon","coordinates":[[[-97.1922680915881,49.82728520972733],[-97.19416529707537,49.82850671315101],[-97.19281917109662,49.828943413805206],[-97.19118352200486,49.83329291953346],[-97.1913046029703,49.835058392895974],[-97.19260438680953,49.834961387916536],[-97.19248478072062,49.8363609906113],[-97.19702708501987,49.83641209197215],[-97.19753769359987,49.83335470149062],[-97.19835393890376,49.83177814116359],[-97.19887821678057,49.8304354958837],[-97.19857469729992,49.82879130973418],[-97.19757088906529,49.82744680920976],[-97.19606779537943,49.82561538797911],[-97.19390110611208,49.82644970837728],[-97.19324048567799,49.825783103502125],[-97.19152751490941,49.82635769967403],[-97.1922680915881,49.82728520972733]]]},"properties":{"DAUID":"46111169","DGUID":"2021S051246111169","LANDAREA":0.4711,"PRUID":"46","CMA":"Winnipeg"}},
{"type":"Feature","geometry":{"type":"Polygon","coordinates":[[[-97.21945731308422,49.80049769037645],[-97.21582567987299,49.79915738008608],[-97.20850918768824,49.801671861434116],[-97.20984591345635,49.804492291131055],[-97.21191938571874,49.80467950290239],[-97.21352639012575,49.803582403721094],[-97.21525060333691,49.804071005163486],[-97.21641780918047,49.80573650270202],[-97.21527479017112,49.80733799350141],[-97.21329198600647,49.80834189954134],[-97.21208218804205,49.8101789961701],[-97.21579478627999,49.810962097177196],[-97.2194581037471,49.811135406342274],[-97.21947559312011,49.80384061082381],[-97.22009438152216,49.80276059999076],[-97.2194621081046,49.80193349789347],[-97.21945731308422,49.80049769037645]]]},"properties":{"DAUID":"46111170","DGUID":"2021S051246111170","LANDAREA":0.5962,"PRUID":"46","CMA":"Winnipeg"}},
{"type":"Feature","geometry":{"type":"Polygon","coordinates":[[[-97.2055382203061,49.80820591052938],[-97.2063582088453,49.807735308209594],[-97.20507259414688,49.80621799907922],[-97.20614189372876,49.8058656982517],[-97.20721518227299,49.807177794055875],[-97.2086788002261,49.80695879589127],[-97.20863640953803,49.80531059559419],[-97.20984591345635,49.804492291131055],[-97.20850918768824,49.801671861434116],[-97.19104029945439,49.80772075082916],[-97.19104201652736,49.81012850109985],[-97.19579459953651,49.80996171141046],[-97.19713891482412,49.81073720844422],[-97.1980159878604,49.80940521183157],[-97.20088981742441,49.80844679502265],[-97.20044108539393,49.80764270849724],[-97.20397831658887,49.80650059130844],[-97.2055382203061,49.80820591052938]]]},"properties":{"DAUID":"46111171","DGUID":"2021S051246111171","LANDAREA":0.5561,"PRUID":"46","CMA":"Winnipeg"}},
{"type":"Feature","geometry":{"type":"Polygon","coordinates":[[[-97.19713891482412,49.81073720844422],[-97.19579459953651,49.80996171141046],[-97.19104201652736,49.81012850109985],[-97.19093799146657,49.810306798286824],[-97.19325011751592,49.811674108347134],[-97.19656589203092,49.81578369582238],[-97.20114318095368,49.81445230151573],[-97.19969731374329,49.81298999141854],[-97.19711709732817,49.814036488602085],[-97.19659290610655,49.81336330322931],[-97.19900429721409,49.81243830114677],[-97.19713891482412,49.81073720844422]]]},"properties":{"DAUID":"46111172","DGUID":"2021S051246111172","LANDAREA":0.1811,"PRUID":"46","CMA":"Winnipeg"}},
{"type":"Feature","geometry":{"type":"Polygon","coordinates":[[[-97.06892080780801,49.908093288328786],[-97.07081101297578,49.90575009272992],[-97.06784310212623,49.90473820086052],[-97.0661043910358,49.907119912197615],[-97.06892080780801,49.908093288328786]]]},"properties":{"DAUID":"46111175","DGUID":"2021S051246111175","LANDAREA":0.0689,"PRUID":"46","CMA":"Winnipeg"}},
{"type":"Feature","geometry":{"type":"Polygon","coordinates":[[[-97.11222511231625,49.94371620420309],[-97.1092368956337,49.94278600302118],[-97.10352509806651,49.94093871055648],[-97.10104361482462,49.93991374116664],[-97.1006768295132,49.9400057155581],[-97.09830279166063,49.94082618908897],[-97.09632978841093,49.942437701368064],[-97.09617312835294,49.94391502031033],[-97.09761531134153,49.94766444807751],[-97.09712823003711,49.95005878174355],[-97.10312921111792,49.951726205763336],[-97.10607921711936,49.94973248727063],[-97.11001469787958,49.94677441220303],[-97.11222511231625,49.94371620420309]]]},"properties":{"DAUID":"46111176","DGUID":"2021S051246111176","LANDAREA":0.8217,"PRUID":"46","CMA":"Winnipeg"}},
{"type":"Feature","geometry":{"type":"Polygon","coordinates":[[[-97.1999893946064,49.9012255009147],[-97.19886319942607,49.91650840978222],[-97.20258252069648,49.91651220894418],[-97.21112488084064,49.91642840563925],[-97.2295659821859,49.91650460206119],[-97.24551024326853,49.91593058293297],[-97.26381082147837,49.91602028719208],[-97.26436468299863,49.909393354968934],[-97.2649898143876,49.907306846809604],[-97.2672334101627,49.90474546204616],[-97.26886468324746,49.90372184830478],[-97.27177479470127,49.90256895268342],[-97.27401980915553,49.90209877123624],[-97.27681705341412,49.901898485387804],[-97.27684338321654,49.90171869775228],[-97.26430673260919,49.90256084720443],[-97.26467282804099,49.898913701497044],[-97.26316553910303,49.89911317965509],[-97.25760948035591,49.8988574054088],[-97.25791721662335,49.89631810051959],[-97.25753628630156,49.889502887765936],[-97.2535469028506,49.88932588715603],[-97.2489342991479,49.88905841247516],[-97.24829883279428,49.8886371585539],[-97.24847604719166,49.88579245813512],[-97.24925108419528,49.88530330162976],[-97.24478771240685,49.885154898923176],[-97.24029748374157,49.88497889905245],[-97.24066201046591,49.885807764327176],[-97.24049147051828,49.88820353855851],[-97.2390755161297,49.888720207463784],[-97.23729229966023,49.887900294186686],[-97.23294202433915,49.88867288341835],[-97.23288831337729,49.889552360277264],[-97.2235296536609,49.88966593269996],[-97.22229791943403,49.889640815450996],[-97.21776969160676,49.8911111109836],[-97.21741318546795,49.89473949247769],[-97.20997098631491,49.89454389432802],[-97.20057038785788,49.894218491678394],[-97.1999893946064,49.9012255009147]]]},"properties":{"DAUID":"46111177","DGUID":"2021S051246111177","LANDAREA":13.0662,"PRUID":"46","CMA":"Winnipeg"}},
{"type":"Feature","geometry":{"type":"Polygon","coordinates":[[[-97.14366699932341,49.88866179845666],[-97.14279281150513,49.88713659321446],[-97.14154269242593,49.88742240601236],[-97.14020879142998,49.887715804081765],[-97.13924220972768,49.88597829696473],[-97.13885537102404,49.885086329096914],[-97.13867851922643,49.88515471060361],[-97.13760408352822,49.88557819923111],[-97.1388599861296,49.88803600108974],[-97.13762421716028,49.888313000318064],[-97.13475909361188,49.888959492528144],[-97.1355781166253,49.890403308207354],[-97.13966630375099,49.88951509696415],[-97.14236160303584,49.88893771105061],[-97.14366699932341,49.88866179845666]]]},"properties":{"DAUID":"46111178","DGUID":"2021S051246111178","LANDAREA":0.1378,"PRUID":"46","CMA":"Winnipeg"}},
{"type":"Feature","geometry":{"type":"Polygon","coordinates":[[[-97.13760408352822,49.88557819923111],[-97.13638861046628,49.88605338965634],[-97.13762421716028,49.888313000318064],[-97.1388599861296,49.88803600108974],[-97.13760408352822,49.88557819923111]]]},"properties":{"DAUID":"46111179","DGUID":"2021S051246111179","LANDAREA":0.027,"PRUID":"46","CMA":"Winnipeg"}},
{"type":"Feature","geometry":{"type":"Polygon","coordinates":[[[-97.13263328436157,49.885670729713084],[-97.13475909361188,49.888959492528144],[-97.13762421716028,49.888313000318064],[-97.13638861046628,49.88605338965634],[-97.13760408352822,49.88557819923111],[-97.13867851922643,49.88515471060361],[-97.13781892794057,49.88427218653973],[-97.13618709349421,49.88495504759407],[-97.13263328436157,49.885670729713084]]]},"properties":{"DAUID":"46111180","DGUID":"2021S051246111180","LANDAREA":0.094,"PRUID":"46","CMA":"Winnipeg"}},
{"type":"Feature","geometry":{"type":"Polygon","coordinates":[[[-97.14033825499033,49.88316873962271],[-97.13781892794057,49.88427218653973],[-97.13867851922643,49.88515471060361],[-97.13885537102404,49.885086329096914],[-97.14006330089519,49.88461919286604],[-97.1412217975255,49.88417900644293],[-97.1427148053846,49.88699140106802],[-97.14302668367925,49.8862729702034],[-97.14198521184542,49.884378731300835],[-97.14249469114627,49.883659703132814],[-97.14376091755413,49.88331119915188],[-97.14260331788259,49.882372135827595],[-97.14033825499033,49.88316873962271]]]},"properties":{"DAUID":"46111181","DGUID":"2021S051246111181","LANDAREA":0.0567,"PRUID":"46","CMA":"Winnipeg"}},
{"type":"Feature","geometry":{"type":"Polygon","coordinates":[[[-97.13924220972768,49.88597829696473],[-97.14054779931216,49.88553800704304],[-97.14006330089519,49.88461919286604],[-97.13885537102404,49.885086329096914],[-97.13924220972768,49.88597829696473]]]},"properties":{"DAUID":"46111182","DGUID":"2021S051246111182","LANDAREA":0.01,"PRUID":"46","CMA":"Winnipeg"}},
{"type":"Feature","geometry":{"type":"Polygon","coordinates":[[[-97.14279281150513,49.88713659321446],[-97.1427148053846,49.88699140106802],[-97.1412217975255,49.88417900644293],[-97.14006330089519,49.88461919286604],[-97.14054779931216,49.88553800704304],[-97.14154269242593,49.88742240601236],[-97.14279281150513,49.88713659321446]]]},"properties":{"DAUID":"46111183","DGUID":"2021S051246111183","LANDAREA":0.0322,"PRUID":"46","CMA":"Winnipeg"}},
{"type":"Feature","geometry":{"type":"Polygon","coordinates":[[[-97.14154269242593,49.88742240601236],[-97.14054779931216,49.88553800704304],[-97.13924220972768,49.88597829696473],[-97.14020879142998,49.887715804081765],[-97.14154269242593,49.88742240601236]]]},"properties":{"DAUID":"46111184","DGUID":"2021S051246111184","LANDAREA":0.0225,"PRUID":"46","CMA":"Winnipeg"}},
{"type":"Feature","geometry":{"type":"Polygon","coordinates":[[[-97.14249469114627,49.883659703132814],[-97.14411311521987,49.88683390634841],[-97.14548931714495,49.88652310185956],[-97.14376091755413,49.88331119915188],[-97.14249469114627,49.883659703132814]]]},"properties":{"DAUID":"46111185","DGUID":"2021S051246111185","LANDAREA":0.038,"PRUID":"46","CMA":"Winnipeg"}},
{"type":"Feature","geometry":{"type":"Polygon","coordinates":[[[-97.14260331788259,49.882372135827595],[-97.14376091755413,49.88331119915188],[-97.14548931714495,49.88652310185956],[-97.14411311521987,49.88683390634841],[-97.14249469114627,49.883659703132814],[-97.14198521184542,49.884378731300835],[-97.14302668367925,49.8862729702034],[-97.1427148053846,49.88699140106802],[-97.14279281150513,49.88713659321446],[-97.14366699932341,49.88866179845666],[-97.14985090368128,49.887510297315785],[-97.14971611676383,49.88557419142042],[-97.14834519984802,49.88283588951541],[-97.1480577657323,49.881593066415434],[-97.14260331788259,49.882372135827595]]]},"properties":{"DAUID":"46111186","DGUID":"2021S051246111186","LANDAREA":0.2663,"PRUID":"46","CMA":"Winnipeg"}},
{"type":"Feature","geometry":{"type":"Polygon","coordinates":[[[-97.19453008972636,49.82369270015072],[-97.19268238311479,49.82138309060812],[-97.19116621033123,49.82188878751641],[-97.19146459640851,49.822678801495954],[-97.1870918117443,49.823920092678335],[-97.18848649491738,49.82570210779763],[-97.19453008972636,49.82369270015072]]]},"properties":{"DAUID":"46111187","DGUID":"2021S051246111187","LANDAREA":0.1159,"PRUID":"46","CMA":"Winnipeg"}},
{"type":"Feature","geometry":{"type":"Polygon","coordinates":[[[-97.19268238311479,49.82138309060812],[-97.19165980018332,49.8198293000378],[-97.18706897958013,49.82120409417425],[-97.18569728720671,49.82219759239495],[-97.1870918117443,49.823920092678335],[-97.19146459640851,49.822678801495954],[-97.19116621033123,49.82188878751641],[-97.19268238311479,49.82138309060812]]]},"properties":{"DAUID":"46111188","DGUID":"2021S051246111188","LANDAREA":0.1107,"PRUID":"46","CMA":"Winnipeg"}},
{"type":"Feature","geometry":{"type":"Polygon","coordinates":[[[-97.17917939064846,49.82250878830421],[-97.17968681477001,49.82899330051474],[-97.1801575165772,49.83016100207572],[-97.18221831929363,49.828232399528396],[-97.18377431690745,49.82733479349445],[-97.18848649491738,49.82570210779763],[-97.1870918117443,49.823920092678335],[-97.18569728720671,49.82219759239495],[-97.18706897958013,49.82120409417425],[-97.19165980018332,49.8198293000378],[-97.19268238311479,49.82138309060812],[-97.19453008972636,49.82369270015072],[-97.20107731296362,49.821384695958216],[-97.19656589203092,49.81578369582238],[-97.19325011751592,49.811674108347134],[-97.19093799146657,49.810306798286824],[-97.18905743489162,49.809977589155665],[-97.18542478563728,49.810544396285664],[-97.17689180465807,49.81345979251291],[-97.17864728915083,49.815574193791555],[-97.1791470041593,49.81707529897574],[-97.17917939064846,49.82250878830421]]]},"properties":{"DAUID":"46111189","DGUID":"2021S051246111189","LANDAREA":1.9075,"PRUID":"46","CMA":"Winnipeg"}},
{"type":"Feature","geometry":{"type":"Polygon","coordinates":[[[-97.16546518388829,49.80316889820326],[-97.16259331375524,49.80229940253368],[-97.16028551398806,49.80219249444831],[-97.15913311266375,49.80251178814941],[-97.15904548060574,49.80523950103965],[-97.16096221697433,49.80661309296802],[-97.16389071074938,49.8056228074242],[-97.1653706985479,49.80419318829717],[-97.16546518388829,49.80316889820326]]]},"properties":{"DAUID":"46111191","DGUID":"2021S051246111191","LANDAREA":0.155,"PRUID":"46","CMA":"Winnipeg"}},
{"type":"Feature","geometry":{"type":"Polygon","coordinates":[[[-97.17023239237072,49.788047602323466],[-97.16977958453558,49.78990920159959],[-97.166579197034,49.79135540657834],[-97.16721209105664,49.792131189387064],[-97.16295229890841,49.793582298812666],[-97.16330389938624,49.79432989785958],[-97.16101761780385,49.79508999892044],[-97.16365019801522,49.79825860858695],[-97.17373849555493,49.79493409770062],[-97.17364248722495,49.78812950910483],[-97.17023239237072,49.788047602323466]]]},"properties":{"DAUID":"46111192","DGUID":"2021S051246111192","LANDAREA":0.5421,"PRUID":"46","CMA":"Winnipeg"}},
{"type":"Feature","geometry":{"type":"Polygon","coordinates":[[[-97.15938183575645,49.78867014998783],[-97.15886035864985,49.79455209711778],[-97.1602683156683,49.79406020405457],[-97.16101761780385,49.79508999892044],[-97.16330389938624,49.79432989785958],[-97.16295229890841,49.793582298812666],[-97.16721209105664,49.792131189387064],[-97.166579197034,49.79135540657834],[-97.16977958453558,49.78990920159959],[-97.17023239237072,49.788047602323466],[-97.16346634963367,49.788266876694124],[-97.16103271759422,49.788103697584326],[-97.15938183575645,49.78867014998783]]]},"properties":{"DAUID":"46111193","DGUID":"2021S051246111193","LANDAREA":0.4083,"PRUID":"46","CMA":"Winnipeg"}},
{"type":"Feature","geometry":{"type":"Polygon","coordinates":[[[-97.08570655628603,49.834199477632865],[-97.08391978143425,49.833844404876295],[-97.08406027886923,49.835298592007824],[-97.08136350837151,49.83597928879493],[-97.0796706008337,49.83468520941518],[-97.07702079398733,49.8357183912684],[-97.07907850397744,49.835812587809755],[-97.08042048600801,49.836702611776616],[-97.07947930386977,49.83753920649744],[-97.08113538975277,49.83877010725918],[-97.08175721528215,49.840789195447016],[-97.08500899854505,49.84051018731734],[-97.08870753176251,49.83954645589884],[-97.08876534021353,49.836691683017676],[-97.08693487132513,49.83679508258135],[-97.08805798812823,49.83471086908761],[-97.08633755322198,49.83492126719244],[-97.08570655628603,49.834199477632865]]]},"properties":{"DAUID":"46111194","DGUID":"2021S051246111194","LANDAREA":0.3448,"PRUID":"46","CMA":"Winnipeg"}},
{"type":"Feature","geometry":{"type":"Polygon","coordinates":[[[-97.07033191117368,49.83710041026237],[-97.07347938879153,49.837457489181915],[-97.07443179258259,49.839624297730914],[-97.07159458615801,49.83970460321577],[-97.07088991246202,49.838404894540595],[-97.06961521406652,49.837637196092345],[-97.06798289087692,49.838113688160995],[-97.06903891671844,49.83953450955516],[-97.06740571235194,49.839638688373554],[-97.06585438685084,49.83882481326335],[-97.06512111419411,49.840818508946576],[-97.07644689893007,49.840806339581334],[-97.08175721528215,49.840789195447016],[-97.08113538975277,49.83877010725918],[-97.07882650457826,49.8396343014604],[-97.0763122169836,49.83955659793319],[-97.07492601136659,49.83694499434926],[-97.07568868944598,49.836453610694726],[-97.07505088178253,49.83540269219452],[-97.07651688359284,49.83509839390077],[-97.07623900535513,49.83439211217149],[-97.07353701269633,49.83443100211716],[-97.07235721082458,49.83164069933495],[-97.07158599338686,49.83134363665898],[-97.0688700816487,49.830679605283905],[-97.06636418375484,49.83057569039007],[-97.06643180299251,49.83132350326286],[-97.0680786903401,49.83291609208082],[-97.06927199471745,49.831937499467934],[-97.07076588861342,49.832219702469196],[-97.07122090798951,49.833283298031844],[-97.06932820099706,49.83401630468472],[-97.07037751373412,49.83525720553234],[-97.07033191117368,49.83710041026237]]]},"properties":{"DAUID":"46111195","DGUID":"2021S051246111195","LANDAREA":0.4558,"PRUID":"46","CMA":"Winnipeg"}},
{"type":"Feature","geometry":{"type":"Polygon","coordinates":[[[-97.07702079398733,49.8357183912684],[-97.0796706008337,49.83468520941518],[-97.08136350837151,49.83597928879493],[-97.08406027886923,49.835298592007824],[-97.08391978143425,49.833844404876295],[-97.07235721082458,49.83164069933495],[-97.07353701269633,49.83443100211716],[-97.07623900535513,49.83439211217149],[-97.07651688359284,49.83509839390077],[-97.07702079398733,49.8357183912684]]]},"properties":{"DAUID":"46111196","DGUID":"2021S051246111196","LANDAREA":0.2053,"PRUID":"46","CMA":"Winnipeg"}},
{"type":"Feature","geometry":{"type":"Polygon","coordinates":[[[-97.09081858728224,49.80530000331387],[-97.0885782115974,49.805721898095285],[-97.08513322070739,49.805674008501],[-97.08096530280713,49.80701850400164],[-97.08071639544934,49.80923609917065],[-97.07927709732157,49.8094719998325],[-97.08138840052763,49.81086220768929],[-97.08252144956198,49.81045815134119],[-97.08466729881555,49.810082903483995],[-97.08669351600825,49.81044798839386],[-97.08951061480532,49.80992898685705],[-97.09238961005282,49.80882499563301],[-97.09081858728224,49.80530000331387]]]},"properties":{"DAUID":"46111197","DGUID":"2021S051246111197","LANDAREA":0.3881,"PRUID":"46","CMA":"Winnipeg"}},
{"type":"Feature","geometry":{"type":"Polygon","coordinates":[[[-97.07927709732157,49.8094719998325],[-97.07648498846929,49.8090018029071],[-97.07533108396689,49.81006648999931],[-97.0768890838005,49.81086171128766],[-97.07898979603776,49.81111249848641],[-97.08138840052763,49.81086220768929],[-97.07927709732157,49.8094719998325]]]},"properties":{"DAUID":"46111198","DGUID":"2021S051246111198","LANDAREA":0.0591,"PRUID":"46","CMA":"Winnipeg"}},
{"type":"Feature","geometry":{"type":"Polygon","coordinates":[[[-97.07041029327819,49.807525607264076],[-97.07217478680286,49.80964180488835],[-97.07588260440066,49.81353091185423],[-97.07827470282496,49.81250468809031],[-97.07898979603776,49.81111249848641],[-97.0768890838005,49.81086171128766],[-97.07533108396689,49.81006648999931],[-97.07648498846929,49.8090018029071],[-97.07927709732157,49.8094719998325],[-97.08071639544934,49.80923609917065],[-97.08096530280713,49.80701850400164],[-97.08513322070739,49.805674008501],[-97.0885782115974,49.805721898095285],[-97.09081858728224,49.80530000331387],[-97.09016990010224,49.80348232471827],[-97.08843817675137,49.801404193219284],[-97.07041029327819,49.807525607264076]]]},"properties":{"DAUID":"46111199","DGUID":"2021S051246111199","LANDAREA":0.6465,"PRUID":"46","CMA":"Winnipeg"}},
{"type":"Feature","geometry":{"type":"Polygon","coordinates":[[[-97.06424901886396,49.8349352076068],[-97.06192441785977,49.834846201173356],[-97.05873839796801,49.83348859487638],[-97.05717550191818,49.833273488908375],[-97.05239190976864,49.83325619321239],[-97.0524177293181,49.8342449875278],[-97.0535913901736,49.835532679415415],[-97.05660535497712,49.83739357694712],[-97.05733208463741,49.83873619766811],[-97.05876311449042,49.8384274046263],[-97.06253789214892,49.836520887641306],[-97.06356411681881,49.837297404606815],[-97.06531441961562,49.836324105218736],[-97.06424901886396,49.8349352076068]]]},"properties":{"DAUID":"46111202","DGUID":"2021S051246111202","LANDAREA":0.312,"PRUID":"46","CMA":"Winnipeg"}},
{"type":"Feature","geometry":{"type":"Polygon","coordinates":[[[-97.0860860240647,49.83050038356371],[-97.08465415543603,49.829148240779055],[-97.08202298692309,49.82796384165015],[-97.08059728435613,49.82670503447083],[-97.0825305825948,49.82411987644862],[-97.08205064590516,49.82350540923424],[-97.08010256490114,49.82378234364702],[-97.07836813320645,49.823772948864814],[-97.07486970110637,49.82577323251697],[-97.07192772757989,49.82587014468639],[-97.06920032780695,49.82667512322836],[-97.0699626937576,49.828167101907106],[-97.07158599338686,49.83134363665898],[-97.07235721082458,49.83164069933495],[-97.08391978143425,49.833844404876295],[-97.08570655628603,49.834199477632865],[-97.08724792599709,49.83375466697466],[-97.08475190300987,49.83156252268775],[-97.0860860240647,49.83050038356371]]]},"properties":{"DAUID":"46111203","DGUID":"2021S051246111203","LANDAREA":0.7991,"PRUID":"46","CMA":"Winnipeg"}},
{"type":"Feature","geometry":{"type":"Polygon","coordinates":[[[-97.08140704617027,49.82211353064595],[-97.08122894399146,49.82165200497334],[-97.07818956031082,49.82197537975756],[-97.07840241000592,49.82004869625099],[-97.07626210039362,49.818894397596154],[-97.07696876976597,49.8184468408995],[-97.07091630541301,49.81989570406131],[-97.0655939146778,49.819625212795344],[-97.06920032780695,49.82667512322836],[-97.07192772757989,49.82587014468639],[-97.07486970110637,49.82577323251697],[-97.07836813320645,49.823772948864814],[-97.08010256490114,49.82378234364702],[-97.08140704617027,49.82211353064595]]]},"properties":{"DAUID":"46111204","DGUID":"2021S051246111204","LANDAREA":0.5734,"PRUID":"46","CMA":"Winnipeg"}},
{"type":"Feature","geometry":{"type":"Polygon","coordinates":[[[-97.0680786903401,49.83291609208082],[-97.06643180299251,49.83132350326286],[-97.06636418375484,49.83057569039007],[-97.06615809738247,49.82981670586876],[-97.06482160434693,49.829125689583364],[-97.06103181164161,49.82840741127443],[-97.06130659528385,49.82763610071255],[-97.05801429644654,49.82729191204521],[-97.05806019112599,49.828462109452666],[-97.05684260539017,49.829436012533776],[-97.05415219037765,49.82994851199557],[-97.05238749298672,49.829721000336605],[-97.05120230779654,49.83033971243761],[-97.0512833198014,49.83143851122707],[-97.0527850882153,49.83178760419782],[-97.05239190976864,49.83325619321239],[-97.05717550191818,49.833273488908375],[-97.05873839796801,49.83348859487638],[-97.06192441785977,49.834846201173356],[-97.06424901886396,49.8349352076068],[-97.0680786903401,49.83291609208082]]]},"properties":{"DAUID":"46111205","DGUID":"2021S051246111205","LANDAREA":0.6108,"PRUID":"46","CMA":"Winnipeg"}},
{"type":"Feature","geometry":{"type":"Polygon","coordinates":[[[-97.05733208463741,49.83873619766811],[-97.05470181092628,49.83877981031293],[-97.05343900084678,49.839399506647204],[-97.05284819918627,49.83799240713339],[-97.05100999305016,49.837708411639056],[-97.05103189445376,49.836487596767476],[-97.05241811155194,49.836494290681834],[-97.0535913901736,49.835532679415415],[-97.0524177293181,49.8342449875278],[-97.05239190976864,49.83325619321239],[-97.0527850882153,49.83178760419782],[-97.0512833198014,49.83143851122707],[-97.05120230779654,49.83033971243761],[-97.05238749298672,49.829721000336605],[-97.05415219037765,49.82994851199557],[-97.05684260539017,49.829436012533776],[-97.05806019112599,49.828462109452666],[-97.05801429644654,49.82729191204521],[-97.06130659528385,49.82763610071255],[-97.06103181164161,49.82840741127443],[-97.06482160434693,49.829125689583364],[-97.06615809738247,49.82981670586876],[-97.06636418375484,49.83057569039007],[-97.0688700816487,49.830679605283905],[-97.07158599338686,49.83134363665898],[-97.0699626937576,49.828167101907106],[-97.06756115958063,49.825814207950685],[-97.06379553749366,49.82635556595281],[-97.05799619135671,49.82550515168557],[-97.04961587562043,49.82540775499212],[-97.04948251817255,49.84025050770408],[-97.05729091868211,49.840804406424134],[-97.05733208463741,49.83873619766811]]]},"properties":{"DAUID":"46111206","DGUID":"2021S051246111206","LANDAREA":0.8489,"PRUID":"46","CMA":"Winnipeg"}},
{"type":"Feature","geometry":{"type":"Polygon","coordinates":[[[-97.06920032780695,49.82667512322836],[-97.0655939146778,49.819625212795344],[-97.06545286938656,49.819349769395515],[-97.050665114283,49.81948309771188],[-97.04952941236996,49.81955301386741],[-97.04961587562043,49.82540775499212],[-97.05799619135671,49.82550515168557],[-97.06379553749366,49.82635556595281],[-97.06756115958063,49.825814207950685],[-97.0699626937576,49.828167101907106],[-97.06920032780695,49.82667512322836]]]},"properties":{"DAUID":"46111207","DGUID":"2021S051246111207","LANDAREA":0.9056,"PRUID":"46","CMA":"Winnipeg"}},
{"type":"Feature","geometry":{"type":"Polygon","coordinates":[[[-97.04948251817255,49.84025050770408],[-97.04961587562043,49.82540775499212],[-97.04952941236996,49.81955301386741],[-97.04445298618772,49.819471804439495],[-97.03747121826753,49.819493609016675],[-97.03665849039426,49.81965079534925],[-97.0290597126067,49.82223829994751],[-97.02682831766441,49.82274900118542],[-97.02683250085052,49.826784006634746],[-97.02686671683949,49.83975393586177],[-97.04948251817255,49.84025050770408]]]},"properties":{"DAUID":"46111210","DGUID":"2021S051246111210","LANDAREA":3.5898,"PRUID":"46","CMA":"Winnipeg"}},
{"type":"Feature","geometry":{"type":"Polygon","coordinates":[[[-97.02616317823673,49.797578656168355],[-97.02635452414042,49.79868404188236],[-97.02658969762466,49.8060588046548],[-97.02682831766441,49.82274900118542],[-97.0290597126067,49.82223829994751],[-97.03665849039426,49.81965079534925],[-97.03747121826753,49.819493609016675],[-97.04445298618772,49.819471804439495],[-97.03872288738367,49.819253086894115],[-97.03901397724741,49.818387383309876],[-97.03821191802518,49.812109879039454],[-97.0432613256039,49.812323496311954],[-97.04358831152646,49.81088070807837],[-97.04307389102036,49.80399070876156],[-97.04300760168783,49.800463401871646],[-97.04260609147502,49.798702589239504],[-97.04147590841316,49.79778390766666],[-97.03906013620607,49.79694431963708],[-97.03711512163885,49.797595931378055],[-97.02616317823673,49.797578656168355]]]},"properties":{"DAUID":"46111211","DGUID":"2021S051246111211","LANDAREA":2.7621,"PRUID":"46","CMA":"Winnipeg"}},
{"type":"Feature","geometry":{"type":"Polygon","coordinates":[[[-97.0535913901736,49.835532679415415],[-97.05241811155194,49.836494290681834],[-97.05103189445376,49.836487596767476],[-97.05100999305016,49.837708411639056],[-97.05284819918627,49.83799240713339],[-97.05343900084678,49.839399506647204],[-97.05470181092628,49.83877981031293],[-97.05733208463741,49.83873619766811],[-97.05660535497712,49.83739357694712],[-97.0535913901736,49.835532679415415]]]},"properties":{"DAUID":"46111212","DGUID":"2021S051246111212","LANDAREA":0.1088,"PRUID":"46","CMA":"Winnipeg"}},
{"type":"Feature","geometry":{"type":"Polygon","coordinates":[[[-97.21080609235948,49.80990660634949],[-97.21208218804205,49.8101789961701],[-97.21329198600647,49.80834189954134],[-97.21527479017112,49.80733799350141],[-97.21641780918047,49.80573650270202],[-97.21525060333691,49.804071005163486],[-97.21352639012575,49.803582403721094],[-97.21191938571874,49.80467950290239],[-97.20984591345635,49.804492291131055],[-97.20863640953803,49.80531059559419],[-97.2086788002261,49.80695879589127],[-97.20915300602678,49.808259999418624],[-97.20874970495152,49.80938550349437],[-97.21080609235948,49.80990660634949]]]},"properties":{"DAUID":"46111213","DGUID":"2021S051246111213","LANDAREA":0.2639,"PRUID":"46","CMA":"Winnipeg"}},
{"type":"Feature","geometry":{"type":"Polygon","coordinates":[[[-97.20874970495152,49.80938550349437],[-97.20915300602678,49.808259999418624],[-97.2086788002261,49.80695879589127],[-97.20721518227299,49.807177794055875],[-97.20614189372876,49.8058656982517],[-97.20507259414688,49.80621799907922],[-97.2063582088453,49.807735308209594],[-97.2055382203061,49.80820591052938],[-97.20405989128413,49.809068712403715],[-97.20659550482748,49.810891998237196],[-97.20874970495152,49.80938550349437]]]},"properties":{"DAUID":"46111214","DGUID":"2021S051246111214","LANDAREA":0.1063,"PRUID":"46","CMA":"Winnipeg"}},
{"type":"Feature","geometry":{"type":"Polygon","coordinates":[[[-97.20509280545402,49.812320987056225],[-97.20443982073753,49.81343250854338],[-97.20237668478728,49.81427498896527],[-97.20382038271886,49.815265402538635],[-97.2059776841875,49.817779110821164],[-97.2063699189195,49.81945989526904],[-97.20958631444104,49.8183871995354],[-97.20847420304878,49.81697640196526],[-97.21020079045763,49.815696912260755],[-97.21100769118578,49.81418299768144],[-97.20995431268729,49.81396410285791],[-97.20734987986505,49.814820696339844],[-97.20751739591749,49.8127785018774],[-97.20509280545402,49.812320987056225]]]},"properties":{"DAUID":"46111215","DGUID":"2021S051246111215","LANDAREA":0.233,"PRUID":"46","CMA":"Winnipeg"}},
{"type":"Feature","geometry":{"type":"Polygon","coordinates":[[[-97.20114318095368,49.81445230151573],[-97.19656589203092,49.81578369582238],[-97.20107731296362,49.821384695958216],[-97.2063699189195,49.81945989526904],[-97.2059776841875,49.817779110821164],[-97.20382038271886,49.815265402538635],[-97.20237668478728,49.81427498896527],[-97.20114318095368,49.81445230151573]],[[-97.20341398229813,49.81613719326551],[-97.20522760057091,49.81802419978],[-97.2014205960174,49.81931430494547],[-97.19987781130966,49.81731798675867],[-97.20341398229813,49.81613719326551]]]},"properties":{"DAUID":"46111217","DGUID":"2021S051246111217","LANDAREA":0.251,"PRUID":"46","CMA":"Winnipeg"}},
{"type":"Feature","geometry":{"type":"Polygon","coordinates":[[[-97.08714729178247,49.81522409308109],[-97.08665248729719,49.814688255906454],[-97.08433911182829,49.812648693443],[-97.08252144956198,49.81045815134119],[-97.08138840052763,49.81086220768929],[-97.07898979603776,49.81111249848641],[-97.07827470282496,49.81250468809031],[-97.07588260440066,49.81353091185423],[-97.07217478680286,49.80964180488835],[-97.07196693222916,49.81312396105247],[-97.07118301472873,49.814380628845086],[-97.07147675488945,49.81576419026505],[-97.07284702043424,49.81689514234794],[-97.07441788047412,49.816073362274125],[-97.07696876976597,49.8184468408995],[-97.07626210039362,49.818894397596154],[-97.07840241000592,49.82004869625099],[-97.07818956031082,49.82197537975756],[-97.08122894399146,49.82165200497334],[-97.08140704617027,49.82211353064595],[-97.08217220802491,49.821899908938974],[-97.07982500132512,49.81772181101321],[-97.08714729178247,49.81522409308109]]]},"properties":{"DAUID":"46111218","DGUID":"2021S051246111218","LANDAREA":0.6808,"PRUID":"46","CMA":"Winnipeg"}},
{"type":"Feature","geometry":{"type":"Polygon","coordinates":[[[-97.03901397724741,49.818387383309876],[-97.03872288738367,49.819253086894115],[-97.04445298618772,49.819471804439495],[-97.04952941236996,49.81955301386741],[-97.050665114283,49.81948309771188],[-97.06545286938656,49.819349769395515],[-97.0655939146778,49.819625212795344],[-97.07091630541301,49.81989570406131],[-97.07696876976597,49.8184468408995],[-97.07441788047412,49.816073362274125],[-97.07284702043424,49.81689514234794],[-97.07147675488945,49.81576419026505],[-97.07118301472873,49.814380628845086],[-97.07196693222916,49.81312396105247],[-97.07217478680286,49.80964180488835],[-97.07041029327819,49.807525607264076],[-97.03901397724741,49.818387383309876]]]},"properties":{"DAUID":"46111219","DGUID":"2021S051246111219","LANDAREA":1.8561,"PRUID":"46","CMA":"Winnipeg"}},
{"type":"Feature","geometry":{"type":"Polygon","coordinates":[[[-97.16102868444116,49.97541590101821],[-97.18387300801872,49.975461108730165],[-97.18373770972465,49.97164511078382],[-97.18266330989994,49.970653764084176],[-97.18032388595024,49.970562738949546],[-97.17035840023131,49.96732298934205],[-97.16763851397619,49.96644680632532],[-97.16099288111563,49.96427969137697],[-97.16102868444116,49.97541590101821]]]},"properties":{"DAUID":"46111220","DGUID":"2021S051246111220","LANDAREA":1.3647,"PRUID":"46","CMA":"Winnipeg"}},
{"type":"Feature","geometry":{"type":"Polygon","coordinates":[[[-97.18026160313364,49.96387521192982],[-97.17890868920513,49.96565880729343],[-97.17889451794818,49.96798830158801],[-97.17752548752694,49.96795919429406],[-97.1750270141966,49.96732450058977],[-97.17353305592194,49.96733421149955],[-97.17120207901495,49.966586650752355],[-97.17035840023131,49.96732298934205],[-97.18032388595024,49.970562738949546],[-97.18266330989994,49.970653764084176],[-97.18373770972465,49.97164511078382],[-97.18656754733138,49.97017538018028],[-97.18790176943024,49.969012896222615],[-97.18992512335909,49.968125766918874],[-97.18898188827144,49.96670468834445],[-97.18447770008763,49.9652431946569],[-97.18026160313364,49.96387521192982]]]},"properties":{"DAUID":"46111221","DGUID":"2021S051246111221","LANDAREA":0.5152,"PRUID":"46","CMA":"Winnipeg"}},
{"type":"Feature","geometry":{"type":"Polygon","coordinates":[[[-97.17559539166764,49.962360591960895],[-97.17256439452485,49.961395396519066],[-97.17070241765371,49.963366107307785],[-97.16926389234449,49.962755505459945],[-97.16801967512515,49.96412529197476],[-97.16903968444517,49.964622913184805],[-97.16763851397619,49.96644680632532],[-97.17035840023131,49.96732298934205],[-97.17120207901495,49.966586650752355],[-97.17353305592194,49.96733421149955],[-97.1750270141966,49.96732450058977],[-97.17752548752694,49.96795919429406],[-97.17889451794818,49.96798830158801],[-97.17890868920513,49.96565880729343],[-97.18026160313364,49.96387521192982],[-97.18005162877292,49.96380707810541],[-97.17559539166764,49.962360591960895]]]},"properties":{"DAUID":"46111222","DGUID":"2021S051246111222","LANDAREA":0.4086,"PRUID":"46","CMA":"Winnipeg"}},
{"type":"Feature","geometry":{"type":"Polygon","coordinates":[[[-97.16099288111563,49.96427969137697],[-97.16763851397619,49.96644680632532],[-97.16903968444517,49.964622913184805],[-97.16801967512515,49.96412529197476],[-97.16926389234449,49.962755505459945],[-97.1663526886406,49.96157611069429],[-97.1648091844892,49.961830591301194],[-97.16343560053019,49.96091829190631],[-97.16110629591307,49.960206795823616],[-97.16099288111563,49.96427969137697]]]},"properties":{"DAUID":"46111223","DGUID":"2021S051246111223","LANDAREA":0.2516,"PRUID":"46","CMA":"Winnipeg"}},
{"type":"Feature","geometry":{"type":"Polygon","coordinates":[[[-97.16110629591307,49.960206795823616],[-97.16343560053019,49.96091829190631],[-97.1648091844892,49.961830591301194],[-97.1663526886406,49.96157611069429],[-97.16926389234449,49.962755505459945],[-97.17070241765371,49.963366107307785],[-97.17256439452485,49.961395396519066],[-97.1650422803341,49.95900089938135],[-97.16091871734614,49.95781118906995],[-97.16110629591307,49.960206795823616]]]},"properties":{"DAUID":"46111224","DGUID":"2021S051246111224","LANDAREA":0.2035,"PRUID":"46","CMA":"Winnipeg"}},
{"type":"Feature","geometry":{"type":"Polygon","coordinates":[[[-97.219389944336,49.81470617520601],[-97.21938829679011,49.81507120840652],[-97.20958631444104,49.8183871995354],[-97.2063699189195,49.81945989526904],[-97.20107731296362,49.821384695958216],[-97.20392169828298,49.8249189045341],[-97.2049425862673,49.82588819846933],[-97.20824430181723,49.82834988850692],[-97.20948688404013,49.83009619291245],[-97.20954748609762,49.83221999027711],[-97.20865680829287,49.84177308709851],[-97.20714811344283,49.841834394107],[-97.20078779090531,49.84271010958297],[-97.20044600291374,49.84685869891611],[-97.20780290524007,49.846969287393016],[-97.2130104075442,49.84680170438572],[-97.23163488126839,49.84506219167976],[-97.2337196008835,49.820681492638364],[-97.23429280599,49.81448368730165],[-97.22216478658814,49.81399411209447],[-97.219389944336,49.81470617520601]]]},"properties":{"DAUID":"46111225","DGUID":"2021S051246111225","LANDAREA":6.0142,"PRUID":"46","CMA":"Winnipeg"}},
{"type":"Feature","geometry":{"type":"Polygon","coordinates":[[[-97.18915108051657,49.84264849729979],[-97.18744899000858,49.84409590449451],[-97.18609100275916,49.84314890629814],[-97.1854893836502,49.84191729937807],[-97.18325459554838,49.84362119480986],[-97.18760498787846,49.84668470364454],[-97.19021928197711,49.84687010639059],[-97.19701301180365,49.846862548523276],[-97.20044600291374,49.84685869891611],[-97.20078779090531,49.84271010958297],[-97.19493490908273,49.842684000808674],[-97.19375351230669,49.840907309489836],[-97.19064812114259,49.84235910964917],[-97.18915108051657,49.84264849729979]]]},"properties":{"DAUID":"46111226","DGUID":"2021S051246111226","LANDAREA":0.5319,"PRUID":"46","CMA":"Winnipeg"}},
{"type":"Feature","geometry":{"type":"Polygon","coordinates":[[[-97.19375351230669,49.840907309489836],[-97.19493490908273,49.842684000808674],[-97.20078779090531,49.84271010958297],[-97.20714811344283,49.841834394107],[-97.20865680829287,49.84177308709851],[-97.20954748609762,49.83221999027711],[-97.20447400842953,49.83183757450257],[-97.20398457728396,49.832799471925384],[-97.19835393890376,49.83177814116359],[-97.19753769359987,49.83335470149062],[-97.19702708501987,49.83641209197215],[-97.19701590220257,49.838105412818145],[-97.1998942012597,49.83882449516631],[-97.19823331184932,49.841904903624474],[-97.19644658283543,49.84189539914781],[-97.1948343105093,49.84025159303643],[-97.19375351230669,49.840907309489836]]]},"properties":{"DAUID":"46111227","DGUID":"2021S051246111227","LANDAREA":0.9407,"PRUID":"46","CMA":"Winnipeg"}},
{"type":"Feature","geometry":{"type":"Polygon","coordinates":[[[-97.19835393890376,49.83177814116359],[-97.20398457728396,49.832799471925384],[-97.20447400842953,49.83183757450257],[-97.20954748609762,49.83221999027711],[-97.20948688404013,49.83009619291245],[-97.20824430181723,49.82834988850692],[-97.2049425862673,49.82588819846933],[-97.2004961163138,49.82694490216899],[-97.19757088906529,49.82744680920976],[-97.19857469729992,49.82879130973418],[-97.19887821678057,49.8304354958837],[-97.19835393890376,49.83177814116359]]]},"properties":{"DAUID":"46111228","DGUID":"2021S051246111228","LANDAREA":0.4531,"PRUID":"46","CMA":"Winnipeg"}},
{"type":"Feature","geometry":{"type":"Polygon","coordinates":[[[-97.19606779537943,49.82561538797911],[-97.19757088906529,49.82744680920976],[-97.2004961163138,49.82694490216899],[-97.2049425862673,49.82588819846933],[-97.20392169828298,49.8249189045341],[-97.20107731296362,49.821384695958216],[-97.19453008972636,49.82369270015072],[-97.19606779537943,49.82561538797911]]]},"properties":{"DAUID":"46111229","DGUID":"2021S051246111229","LANDAREA":0.2805,"PRUID":"46","CMA":"Winnipeg"}},
{"type":"Feature","geometry":{"type":"Polygon","coordinates":[[[-97.09154451976984,49.95842621125515],[-97.08731341354843,49.95647659025687],[-97.08631500467207,49.95739560126693],[-97.0845793876967,49.957915598651596],[-97.08412388251374,49.95709859030269],[-97.0811885960673,49.956582289435445],[-97.08021429872773,49.95724079348569],[-97.08275841629607,49.958830009875],[-97.08718962052053,49.96100800735019],[-97.09154451976984,49.95842621125515]]]},"properties":{"DAUID":"46111230","DGUID":"2021S051246111230","LANDAREA":0.1949,"PRUID":"46","CMA":"Winnipeg"}},
{"type":"Feature","geometry":{"type":"Polygon","coordinates":[[[-97.08456318355412,49.96253880697541],[-97.08718962052053,49.96100800735019],[-97.08275841629607,49.958830009875],[-97.08021429872773,49.95724079348569],[-97.0811885960673,49.956582289435445],[-97.08412388251374,49.95709859030269],[-97.0845793876967,49.957915598651596],[-97.08631500467207,49.95739560126693],[-97.08731341354843,49.95647659025687],[-97.09154451976984,49.95842621125515],[-97.09592678388881,49.956195591518046],[-97.09933858437621,49.954173699330866],[-97.10312921111792,49.951726205763336],[-97.09712823003711,49.95005878174355],[-97.09611845651693,49.95037269585013],[-97.09494589599805,49.951286204750765],[-97.08730858540703,49.95069953454561],[-97.08411063202662,49.95164959108855],[-97.08182636148968,49.952898175458344],[-97.07301123298448,49.95987204505931],[-97.08190690772372,49.964086791861035],[-97.08456318355412,49.96253880697541]]]},"properties":{"DAUID":"46111232","DGUID":"2021S051246111232","LANDAREA":1.1738,"PRUID":"46","CMA":"Winnipeg"}},
{"type":"Feature","geometry":{"type":"Polygon","coordinates":[[[-97.09944621306668,49.96029199635084],[-97.09808810522753,49.96008089903891],[-97.09884499062704,49.9585641980533],[-97.10221319061323,49.9555251006734],[-97.09933858437621,49.954173699330866],[-97.09592678388881,49.956195591518046],[-97.09154451976984,49.95842621125515],[-97.08718962052053,49.96100800735019],[-97.08920558952522,49.9618598111875],[-97.09119508395642,49.9605612937186],[-97.09519259661747,49.96243498792344],[-97.09616001620219,49.963008587307264],[-97.09718988949984,49.96341229554043],[-97.0987512806822,49.962358497168026],[-97.09944621306668,49.96029199635084]]]},"properties":{"DAUID":"46111234","DGUID":"2021S051246111234","LANDAREA":0.4294,"PRUID":"46","CMA":"Winnipeg"}},
{"type":"Feature","geometry":{"type":"Polygon","coordinates":[[[-96.97333109076197,49.89879749250028],[-96.97154819622946,49.89912629695383],[-96.97127429951038,49.89979119169619],[-96.96842921441849,49.899782303146885],[-96.96833231917006,49.90076109442201],[-96.97378971268934,49.90080258862983],[-96.97771551468023,49.90083520272279],[-96.97753539751575,49.899829089717215],[-96.97502848824067,49.89980290485981],[-96.97457388859253,49.89869770162228],[-96.97333109076197,49.89879749250028]]]},"properties":{"DAUID":"46111237","DGUID":"2021S051246111237","LANDAREA":0.0999,"PRUID":"46","CMA":"Winnipeg"}},
{"type":"Feature","geometry":{"type":"Polygon","coordinates":[[[-96.97957580333929,49.90164119376777],[-96.97980369285679,49.90085360792626],[-96.97771551468023,49.90083520272279],[-96.97378971268934,49.90080258862983],[-96.97400061318187,49.9024164076903],[-96.97156449766455,49.90239179950592],[-96.97102751334852,49.90456829256192],[-96.97286381180884,49.90461840064382],[-96.97389521193082,49.90460041040168],[-96.97397081681585,49.90312650257895],[-96.97560210416898,49.902417404625126],[-96.97777090099598,49.90250929292856],[-96.97772539579299,49.90392969212603],[-96.97907609704875,49.90393530093165],[-96.97957580333929,49.90164119376777]]]},"properties":{"DAUID":"46111238","DGUID":"2021S051246111238","LANDAREA":0.1395,"PRUID":"46","CMA":"Winnipeg"}},
{"type":"Feature","geometry":{"type":"Polygon","coordinates":[[[-96.97286381180884,49.90461840064382],[-96.97102751334852,49.90456829256192],[-96.97156449766455,49.90239179950592],[-96.97400061318187,49.9024164076903],[-96.97378971268934,49.90080258862983],[-96.96833231917006,49.90076109442201],[-96.96835289287581,49.903585910552614],[-96.97000281308091,49.90508998973521],[-96.97285621318768,49.90546380204804],[-96.97286381180884,49.90461840064382]]]},"properties":{"DAUID":"46111239","DGUID":"2021S051246111239","LANDAREA":0.1435,"PRUID":"46","CMA":"Winnipeg"}},
{"type":"Feature","geometry":{"type":"Polygon","coordinates":[[[-96.9566361330789,49.89313230699704],[-96.95603173725497,49.90055706889778],[-96.96476944524733,49.915578615775104],[-96.96682640883144,49.915787805462195],[-96.96870149968244,49.91551059135464],[-96.97952471362987,49.915528800771554],[-96.97969250058044,49.90851550287588],[-96.97935119210102,49.90701639397022],[-96.97908821779711,49.90631018793173],[-96.9763032100045,49.906297601985244],[-96.97498591111314,49.90549200774835],[-96.97424148204924,49.90630659155938],[-96.97418540946477,49.907978692006935],[-96.97184301869852,49.90803670836509],[-96.9707191165042,49.907603199116984],[-96.96833791189866,49.90758849472725],[-96.96813339708436,49.906820301205194],[-96.96698750083351,49.90757379613066],[-96.96464028677545,49.90741568889512],[-96.96303490351399,49.90452700115675],[-96.96181429139094,49.90341718914672],[-96.96102831360713,49.90191010534008],[-96.96357460239322,49.90196390757217],[-96.96404619181699,49.900685904051656],[-96.95946598495351,49.90066840933202],[-96.95910818818358,49.898898895774174],[-96.95909953606422,49.893179422019976],[-96.9566361330789,49.89313230699704]]]},"properties":{"DAUID":"46111240","DGUID":"2021S051246111240","LANDAREA":1.6055,"PRUID":"46","CMA":"Winnipeg"}},
{"type":"Feature","geometry":{"type":"Polygon","coordinates":[[[-96.95909953606422,49.893179422019976],[-96.95910818818358,49.898898895774174],[-96.95946598495351,49.90066840933202],[-96.96404619181699,49.900685904051656],[-96.96364899778018,49.8992817933771],[-96.96573988335369,49.898409189143756],[-96.97091410626437,49.89840198775629],[-96.97286531440706,49.89805270803519],[-96.97333109076197,49.89879749250028],[-96.97457388859253,49.89869770162228],[-96.97502848824067,49.89980290485981],[-96.97753539751575,49.899829089717215],[-96.97771551468023,49.90083520272279],[-96.97980369285679,49.90085360792626],[-96.97978360820578,49.89800181067179],[-96.9788082883843,49.8960148939676],[-96.98015951565844,49.89600239797483],[-96.98011340260688,49.893437989471764],[-96.96819381357926,49.89337099105409],[-96.95909953606422,49.893179422019976]]]},"properties":{"DAUID":"46111241","DGUID":"2021S051246111241","LANDAREA":0.9992,"PRUID":"46","CMA":"Winnipeg"}},
{"type":"Feature","geometry":{"type":"Polygon","coordinates":[[[-96.97333109076197,49.89879749250028],[-96.97286531440706,49.89805270803519],[-96.97091410626437,49.89840198775629],[-96.96573988335369,49.898409189143756],[-96.96364899778018,49.8992817933771],[-96.96404619181699,49.900685904051656],[-96.96833231917006,49.90076109442201],[-96.96842921441849,49.899782303146885],[-96.97127429951038,49.89979119169619],[-96.97154819622946,49.89912629695383],[-96.97333109076197,49.89879749250028]]]},"properties":{"DAUID":"46111243","DGUID":"2021S051246111243","LANDAREA":0.123,"PRUID":"46","CMA":"Winnipeg"}},
{"type":"Feature","geometry":{"type":"Polygon","coordinates":[[[-96.97000281308091,49.90508998973521],[-96.96835289287581,49.903585910552614],[-96.96833231917006,49.90076109442201],[-96.96404619181699,49.900685904051656],[-96.96357460239322,49.90196390757217],[-96.96102831360713,49.90191010534008],[-96.96181429139094,49.90341718914672],[-96.96303490351399,49.90452700115675],[-96.96464028677545,49.90741568889512],[-96.96698750083351,49.90757379613066],[-96.96813339708436,49.906820301205194],[-96.97000281308091,49.90508998973521]]]},"properties":{"DAUID":"46111244","DGUID":"2021S051246111244","LANDAREA":0.2795,"PRUID":"46","CMA":"Winnipeg"}},
{"type":"Feature","geometry":{"type":"Polygon","coordinates":[[[-97.16607018350533,49.95066079040518],[-97.16245909317595,49.949578306245975],[-97.1608158008704,49.9495342024998],[-97.16084418809739,49.9524489890699],[-97.16219632000112,49.95245251074006],[-97.16228291675814,49.953839095486245],[-97.16470621361489,49.95390439682277],[-97.16552948466743,49.95278408854165],[-97.16653639712538,49.953069887804276],[-97.16728689101721,49.95202930914737],[-97.16607018350533,49.95066079040518]]]},"properties":{"DAUID":"46111245","DGUID":"2021S051246111245","LANDAREA":0.1595,"PRUID":"46","CMA":"Winnipeg"}},
{"type":"Feature","geometry":{"type":"Polygon","coordinates":[[[-97.16083760345805,49.94713290035666],[-97.1608158008704,49.9495342024998],[-97.16245909317595,49.949578306245975],[-97.16607018350533,49.95066079040518],[-97.1676993998646,49.949607190039835],[-97.16609981334658,49.94878141097128],[-97.1617879008116,49.94743580189931],[-97.16083760345805,49.94713290035666]]]},"properties":{"DAUID":"46111247","DGUID":"2021S051246111247","LANDAREA":0.0927,"PRUID":"46","CMA":"Winnipeg"}},
{"type":"Feature","geometry":{"type":"Polygon","coordinates":[[[-97.15304168121165,49.955248413263554],[-97.15469170226423,49.955121690467756],[-97.1564529018969,49.952811092315656],[-97.16084739005201,49.953096709590945],[-97.16084418809739,49.9524489890699],[-97.1608158008704,49.9495342024998],[-97.16083760345805,49.94713290035666],[-97.15933630987385,49.94665939795567],[-97.15758900734068,49.94897931040578],[-97.15277249448921,49.94734650142003],[-97.15230598490409,49.94787880345517],[-97.14740928609653,49.953431505237376],[-97.15304168121165,49.955248413263554]]]},"properties":{"DAUID":"46111249","DGUID":"2021S051246111249","LANDAREA":0.54,"PRUID":"46","CMA":"Winnipeg"}},
{"type":"Feature","geometry":{"type":"Polygon","coordinates":[[[-97.0599170108553,49.91552698767111],[-97.06154590369795,49.913475212142366],[-97.06278289547765,49.91180481056703],[-97.06440340342009,49.909601089301695],[-97.0661043910358,49.907119912197615],[-97.06784310212623,49.90473820086052],[-97.06918688283795,49.90287500709065],[-97.06952379759082,49.902409504462575],[-97.07201380668269,49.89898778899178],[-97.06877780552418,49.89842120423356],[-97.0677830808228,49.90066239872505],[-97.06333190968279,49.90575130407384],[-97.06092270820945,49.90713229809201],[-97.05868389129455,49.90808420954228],[-97.05753321725587,49.90899150201478],[-97.05621670276713,49.91090329614911],[-97.05244601983938,49.911648898528796],[-97.04733380488341,49.91414441122283],[-97.0473689995337,49.91635033940048],[-97.04968023126824,49.917317803647585],[-97.05246660116454,49.91824329371499],[-97.05364388208456,49.916698097237465],[-97.0562052189248,49.9146541030861],[-97.05733360015194,49.91430418740971],[-97.05960489370291,49.91498089490921],[-97.0580153147148,49.91675329302018],[-97.058702685904,49.91698070508417],[-97.0599170108553,49.91552698767111]]]},"properties":{"DAUID":"46111250","DGUID":"2021S051246111250","LANDAREA":0.9623,"PRUID":"46","CMA":"Winnipeg"}},
{"type":"Feature","geometry":{"type":"Polygon","coordinates":[[[-97.05777530081417,49.89637540571317],[-97.05167188933041,49.89544538870903],[-97.04180210223154,49.89537810766149],[-97.04169878470849,49.89614879914344],[-97.03794032954822,49.901370782819626],[-97.04276910003952,49.90320042926098],[-97.04729998612758,49.904706023326746],[-97.04733380488341,49.91414441122283],[-97.05244601983938,49.911648898528796],[-97.05621670276713,49.91090329614911],[-97.05753321725587,49.90899150201478],[-97.05868389129455,49.90808420954228],[-97.06092270820945,49.90713229809201],[-97.06333190968279,49.90575130407384],[-97.0677830808228,49.90066239872505],[-97.06877780552418,49.89842120423356],[-97.05777530081417,49.89637540571317]]]},"properties":{"DAUID":"46111251","DGUID":"2021S051246111251","LANDAREA":2.4556,"PRUID":"46","CMA":"Winnipeg"}},
{"type":"Feature","geometry":{"type":"Polygon","coordinates":[[[-97.04192849067054,49.920800307937085],[-97.0442586941675,49.92071370195516],[-97.04443141846957,49.920230909567735],[-97.0476637902216,49.91995021069653],[-97.04862928015929,49.91827035119483],[-97.04968023126824,49.917317803647585],[-97.0473689995337,49.91635033940048],[-97.04733380488341,49.91414441122283],[-97.04487280103744,49.915343851226496],[-97.04354657174254,49.91400010929689],[-97.03940808667421,49.91403935414223],[-97.03664358124013,49.91440926355673],[-97.03634291178992,49.915821991911876],[-97.03529586869602,49.915861204406575],[-97.03560539849084,49.91399006004896],[-97.02522020714157,49.91566961444299],[-97.02507658386935,49.92100019797393],[-97.02709829921899,49.92164630219891],[-97.03128019978233,49.922275108148746],[-97.04183732049414,49.92236390891684],[-97.04188399346954,49.92155519209738],[-97.04192849067054,49.920800307937085]],[[-97.04192849067054,49.920800307937085],[-97.03701580485769,49.92067229465836],[-97.03716240938854,49.918776811049234],[-97.03637301195425,49.916946400968264],[-97.03799378245807,49.91717179333665],[-97.0404121934639,49.917995209491195],[-97.03888179132299,49.91897680884106],[-97.04115421253908,49.91996871114746],[-97.04192849067054,49.920800307937085]]]},"properties":{"DAUID":"46111252","DGUID":"2021S051246111252","LANDAREA":1.1955,"PRUID":"46","CMA":"Winnipeg"}},
{"type":"Feature","geometry":{"type":"Polygon","coordinates":[[[-97.0253015094959,49.89759999048608],[-97.02535659243874,49.900846999962226],[-97.02528422401329,49.903167133636074],[-97.02526630962507,49.903741910974006],[-97.02698578088255,49.903582193983915],[-97.03002201649659,49.90255449255144],[-97.03142219937656,49.90476409385863],[-97.0317807888824,49.90621839269154],[-97.0310509117349,49.90772610434519],[-97.03119770944396,49.90863468889854],[-97.02794151777907,49.909175511603934],[-97.02519618147353,49.90926640638564],[-97.02511258182341,49.91374040787161],[-97.02522929852415,49.91539630113771],[-97.02522020714157,49.91566961444299],[-97.03560539849084,49.91399006004896],[-97.03529586869602,49.915861204406575],[-97.03634291178992,49.915821991911876],[-97.03664358124013,49.91440926355673],[-97.03940808667421,49.91403935414223],[-97.04354657174254,49.91400010929689],[-97.04487280103744,49.915343851226496],[-97.04733380488341,49.91414441122283],[-97.04729998612758,49.904706023326746],[-97.04276910003952,49.90320042926098],[-97.03794032954822,49.901370782819626],[-97.03401146099299,49.900879017147936],[-97.03113672179043,49.900168187246855],[-97.02832573884687,49.89842230417436],[-97.0253015094959,49.89759999048608]]]},"properties":{"DAUID":"46111253","DGUID":"2021S051246111253","LANDAREA":2.0842,"PRUID":"46","CMA":"Winnipeg"}},
{"type":"Feature","geometry":{"type":"Polygon","coordinates":[[[-97.17380900227347,49.80081810780275],[-97.17373849555493,49.79493409770062],[-97.16365019801522,49.79825860858695],[-97.16101761780385,49.79508999892044],[-97.1602683156683,49.79406020405457],[-97.15886035864985,49.79455209711778],[-97.1585763142105,49.797716477854905],[-97.15823106653603,49.80157171307466],[-97.1576755119463,49.80753338760053],[-97.1573332820566,49.80783670757024],[-97.16096221697433,49.80661309296802],[-97.15904548060574,49.80523950103965],[-97.15913311266375,49.80251178814941],[-97.16028551398806,49.80219249444831],[-97.16259331375524,49.80229940253368],[-97.16546518388829,49.80316889820326],[-97.16551481148433,49.80185639244151],[-97.1704285888063,49.80210430137431],[-97.17225848171029,49.80176509446673],[-97.17380900227347,49.80081810780275]]]},"properties":{"DAUID":"46111254","DGUID":"2021S051246111254","LANDAREA":0.7816,"PRUID":"46","CMA":"Winnipeg"}},
{"type":"Feature","geometry":{"type":"Polygon","coordinates":[[[-97.173517003751,49.80710419905073],[-97.17369929504486,49.80890288992602],[-97.17437809471132,49.81044281088642],[-97.17689180465807,49.81345979251291],[-97.18542478563728,49.810544396285664],[-97.18905743489162,49.809977589155665],[-97.18983877010831,49.808353677744925],[-97.1912649640347,49.80429189938635],[-97.19352681575418,49.80171025000314],[-97.194262338078,49.79983149846352],[-97.19438798666327,49.796859107972615],[-97.19402540246409,49.79530120372607],[-97.18913926880535,49.79697571314999],[-97.18682273128042,49.79827961054092],[-97.18510617736518,49.79970733433744],[-97.18322120954821,49.80060609520874],[-97.17741049772468,49.802599365874144],[-97.17629132156378,49.80275404547182],[-97.17381169184175,49.80236000773439],[-97.17349409928177,49.804384196430966],[-97.173517003751,49.80710419905073]]]},"properties":{"DAUID":"46111255","DGUID":"2021S051246111255","LANDAREA":1.6625,"PRUID":"46","CMA":"Winnipeg"}},
{"type":"Feature","geometry":{"type":"Polygon","coordinates":[[[-97.17375689837749,49.78040730100082],[-97.17424005138164,49.782464766596874],[-97.17599606696703,49.78347727384348],[-97.17402288641779,49.78617379971996],[-97.17364248722495,49.78812950910483],[-97.17373849555493,49.79493409770062],[-97.17380900227347,49.80081810780275],[-97.17381169184175,49.80236000773439],[-97.17629132156378,49.80275404547182],[-97.17741049772468,49.802599365874144],[-97.18322120954821,49.80060609520874],[-97.18510617736518,49.79970733433744],[-97.18682273128042,49.79827961054092],[-97.18913926880535,49.79697571314999],[-97.19402540246409,49.79530120372607],[-97.1936117506839,49.79319188948017],[-97.19430902047891,49.7897096583995],[-97.19376331907301,49.78775233011063],[-97.18862240482217,49.77896082847396],[-97.1824882098761,49.76869800227046],[-97.17773970032464,49.769774807974265],[-97.17377179794335,49.771142498088814],[-97.17372033848552,49.77572388357129],[-97.17375689837749,49.78040730100082]]]},"properties":{"DAUID":"46111256","DGUID":"2021S051246111256","LANDAREA":4.0166,"PRUID":"46","CMA":"Winnipeg"}},
{"type":"Feature","geometry":{"type":"Polygon","coordinates":[[[-97.21371310822506,49.76819418650556],[-97.18782331303427,49.76826880923734],[-97.1824882098761,49.76869800227046],[-97.18862240482217,49.77896082847396],[-97.19376331907301,49.78775233011063],[-97.19430902047891,49.7897096583995],[-97.1936117506839,49.79319188948017],[-97.19402540246409,49.79530120372607],[-97.19438798666327,49.796859107972615],[-97.194262338078,49.79983149846352],[-97.19352681575418,49.80171025000314],[-97.1912649640347,49.80429189938635],[-97.18983877010831,49.808353677744925],[-97.18905743489162,49.809977589155665],[-97.19093799146657,49.810306798286824],[-97.19104201652736,49.81012850109985],[-97.19104029945439,49.80772075082916],[-97.20850918768824,49.801671861434116],[-97.21582567987299,49.79915738008608],[-97.21945731308422,49.80049769037645],[-97.21936061765997,49.797667906531665],[-97.21415370073426,49.797622992597404],[-97.21385638928847,49.79730881073435],[-97.21374540759062,49.78138980749016],[-97.21371310822506,49.76819418650556]]]},"properties":{"DAUID":"46111257","DGUID":"2021S051246111257","LANDAREA":6.704,"PRUID":"46","CMA":"Winnipeg"}},
{"type":"Feature","geometry":{"type":"Polygon","coordinates":[[[-97.10103930929829,49.80105850664678],[-97.09591288767145,49.80279120864955],[-97.09481031101744,49.803458799167316],[-97.09633220289345,49.805759606597725],[-97.09923539990018,49.80544740965074],[-97.1001088845017,49.80656819744135],[-97.10385041889472,49.806143691651386],[-97.10490619202614,49.80580119850616],[-97.10103930929829,49.80105850664678]]]},"properties":{"DAUID":"46111258","DGUID":"2021S051246111258","LANDAREA":0.2278,"PRUID":"46","CMA":"Winnipeg"}},
{"type":"Feature","geometry":{"type":"Polygon","coordinates":[[[-97.10103930929829,49.80105850664678],[-97.09988034726159,49.79964818184118],[-97.09913491558387,49.7990122681073],[-97.09433825613674,49.8006270277176],[-97.09591288767145,49.80279120864955],[-97.10103930929829,49.80105850664678]]]},"properties":{"DAUID":"46111259","DGUID":"2021S051246111259","LANDAREA":0.1087,"PRUID":"46","CMA":"Winnipeg"}},
{"type":"Feature","geometry":{"type":"Polygon","coordinates":[[[-97.10811309063466,49.798907293171574],[-97.10809591340696,49.79797288762195],[-97.10553285724922,49.79719712965941],[-97.10559344958949,49.79807812401621],[-97.10174272645853,49.79900646131338],[-97.10017739851506,49.79876415021603],[-97.09988034726159,49.79964818184118],[-97.10103930929829,49.80105850664678],[-97.10562929708655,49.79896269268931],[-97.10811309063466,49.798907293171574]]]},"properties":{"DAUID":"46111260","DGUID":"2021S051246111260","LANDAREA":0.1034,"PRUID":"46","CMA":"Winnipeg"}},
{"type":"Feature","geometry":{"type":"Polygon","coordinates":[[[-97.11571240408371,49.80132688739161],[-97.11545728533736,49.79930789288587],[-97.11453510399859,49.796216491541216],[-97.114576292672,49.795155798707874],[-97.11546741719648,49.792246788967645],[-97.08843817675137,49.801404193219284],[-97.09016990010224,49.80348232471827],[-97.09081858728224,49.80530000331387],[-97.09182688953838,49.805034100373845],[-97.09107958250611,49.80352108928061],[-97.09209549391448,49.80328489649721],[-97.09294851624362,49.80459340123347],[-97.09481031101744,49.803458799167316],[-97.09591288767145,49.80279120864955],[-97.09433825613674,49.8006270277176],[-97.09913491558387,49.7990122681073],[-97.09988034726159,49.79964818184118],[-97.10017739851506,49.79876415021603],[-97.10174272645853,49.79900646131338],[-97.10559344958949,49.79807812401621],[-97.10553285724922,49.79719712965941],[-97.10809591340696,49.79797288762195],[-97.10811309063466,49.798907293171574],[-97.10933069273474,49.79890219796187],[-97.11022530291619,49.79805331286482],[-97.11234309218408,49.798707744354836],[-97.11339761398307,49.79974210823693],[-97.11364210201084,49.80096038675738],[-97.11243441314089,49.80128258961788],[-97.11378911698554,49.8018264050602],[-97.11571240408371,49.80132688739161]]]},"properties":{"DAUID":"46111261","DGUID":"2021S051246111261","LANDAREA":0.6892,"PRUID":"46","CMA":"Winnipeg"}},
{"type":"Feature","geometry":{"type":"Polygon","coordinates":[[[-97.0714005581685,49.87390288214407],[-97.0713558890766,49.8753197928196],[-97.07201248746192,49.87805620138399],[-97.07215028725044,49.888837002044646],[-97.07185131160149,49.89083559332513],[-97.07103469445829,49.893090151783525],[-97.07369130595379,49.89323190677816],[-97.07894531023238,49.89416458911593],[-97.09471501277906,49.89702449197987],[-97.10532551537048,49.89894340771399],[-97.1054606386646,49.897343677027024],[-97.1031460833961,49.89288809985617],[-97.09968449050783,49.886165190871274],[-97.09750938036287,49.88192673659276],[-97.09379416473521,49.87466941239401],[-97.09314058281227,49.87340342876313],[-97.08853649674778,49.873387033090445],[-97.08796860839527,49.873013408233746],[-97.0871471513177,49.87341544391422],[-97.08089760884074,49.87349768739424],[-97.07414159639177,49.8735220915148],[-97.0714005581685,49.87390288214407]]]},"properties":{"DAUID":"46111262","DGUID":"2021S051246111262","LANDAREA":4.8504,"PRUID":"46","CMA":"Winnipeg"}},
{"type":"Feature","geometry":{"type":"Polygon","coordinates":[[[-97.05703398027659,49.860705991595474],[-97.05200448276058,49.859515492903114],[-97.0502388177429,49.85844240751982],[-97.04952711557985,49.85745889760875],[-97.04940241500906,49.856062598603586],[-97.04463049069594,49.856054097096404],[-97.0336557127122,49.85598539434885],[-97.02676971631604,49.855132498064464],[-97.02676496768129,49.86044249856947],[-97.02696020496904,49.863580389964966],[-97.02691961759345,49.87106184986677],[-97.0269738898934,49.876902492747405],[-97.02690548298013,49.88438529737197],[-97.02601581656081,49.88606119707315],[-97.03137571114705,49.8860623953235],[-97.0393235597697,49.887432208935486],[-97.04297510931735,49.888034330589036],[-97.05243661327374,49.889593494056435],[-97.05958250134735,49.89035500423695],[-97.06181710067222,49.891670517728194],[-97.07103469445829,49.893090151783525],[-97.07185131160149,49.89083559332513],[-97.07215028725044,49.888837002044646],[-97.07201248746192,49.87805620138399],[-97.0713558890766,49.8753197928196],[-97.0714005581685,49.87390288214407],[-97.07141431464096,49.87175870747141],[-97.07028591311791,49.87029509610714],[-97.06405288345849,49.86546530225815],[-97.06003468517186,49.86260059442347],[-97.05703398027659,49.860705991595474]]]},"properties":{"DAUID":"46111263","DGUID":"2021S051246111263","LANDAREA":10.4279,"PRUID":"46","CMA":"Winnipeg"}},
{"type":"Feature","geometry":{"type":"Polygon","coordinates":[[[-97.05034830056768,49.85606948793032],[-97.04940241500906,49.856062598603586],[-97.04952711557985,49.85745889760875],[-97.0502388177429,49.85844240751982],[-97.05200448276058,49.859515492903114],[-97.05703398027659,49.860705991595474],[-97.05603928613485,49.8598711018671],[-97.05034830056768,49.85606948793032]]]},"properties":{"DAUID":"46111264","DGUID":"2021S051246111264","LANDAREA":0.0913,"PRUID":"46","CMA":"Winnipeg"}},
{"type":"Feature","geometry":{"type":"Polygon","coordinates":[[[-96.70446089695812,50.062357000809435],[-96.75039841453868,50.06259278974421],[-96.77318581487387,50.0626452062435],[-96.77338328347886,50.047751795770765],[-96.77343820979223,50.03298281104701],[-96.75077269948467,50.03299529981518],[-96.72786131311513,50.03289060065077],[-96.7279993165778,50.01813209753925],[-96.70505340667773,50.01802221043653],[-96.70510320789364,50.0032078981982],[-96.66971969401803,50.0030061065469],[-96.64366491540784,50.00297439906287],[-96.6363010972338,50.00286949997891],[-96.63620748639813,50.01757500414123],[-96.63602699771799,50.03234170391148],[-96.63553499844257,50.06196220442232],[-96.63683630289876,50.061925805453704],[-96.65855709226729,50.062087303996485],[-96.68155209962389,50.06219830772596],[-96.70446089695812,50.062357000809435]]]},"properties":{"DAUID":"46120033","DGUID":"2021S051246120033","LANDAREA":51.0493,"PRUID":"46","CMA":"Winnipeg"}},
{"type":"Feature","geometry":{"type":"Polygon","coordinates":[[[-96.77343820979223,50.03298281104701],[-96.77339530668262,50.01821179777788],[-96.77342111778341,50.003460205365364],[-96.75100699013011,50.003468507733096],[-96.7510864094564,49.988609809118635],[-96.70636669403609,49.988390603499866],[-96.70520809985477,49.98840368914479],[-96.70533381136518,49.97374380317827],[-96.705406195012,49.95902890255977],[-96.6840682025064,49.95882949654576],[-96.67493631076655,49.95880860017727],[-96.63727489236688,49.958523993650736],[-96.63664889845747,49.95849329997519],[-96.63651202041244,49.9732430080526],[-96.6363010972338,50.00286949997891],[-96.64366491540784,50.00297439906287],[-96.66971969401803,50.0030061065469],[-96.70510320789364,50.0032078981982],[-96.70505340667773,50.01802221043653],[-96.7279993165778,50.01813209753925],[-96.72786131311513,50.03289060065077],[-96.75077269948467,50.03299529981518],[-96.77343820979223,50.03298281104701]]]},"properties":{"DAUID":"46120034","DGUID":"2021S051246120034","LANDAREA":42.9788,"PRUID":"46","CMA":"Winnipeg"}},
{"type":"Feature","geometry":{"type":"Polygon","coordinates":[[[-96.77342111778341,50.003460205365364],[-96.77348991489939,49.97418200214424],[-96.7736451823003,49.95933379636355],[-96.77374399066767,49.94631050620684],[-96.77388230767257,49.94119480612903],[-96.77394839150293,49.929780996346864],[-96.77408169730103,49.91509420870145],[-96.7514638996803,49.91497250054055],[-96.75137699419683,49.929714197583465],[-96.73669151929303,49.929671311649294],[-96.70561199228946,49.92947410854016],[-96.705406195012,49.95902890255977],[-96.70533381136518,49.97374380317827],[-96.70520809985477,49.98840368914479],[-96.70636669403609,49.988390603499866],[-96.7510864094564,49.988609809118635],[-96.75100699013011,50.003468507733096],[-96.77342111778341,50.003460205365364]]]},"properties":{"DAUID":"46120035","DGUID":"2021S051246120035","LANDAREA":37.0301,"PRUID":"46","CMA":"Winnipeg"}},
{"type":"Feature","geometry":{"type":"Polygon","coordinates":[[[-96.77318581487387,50.0626452062435],[-96.79794131401644,50.06269368762144],[-96.81913220519463,50.0628420873833],[-96.8192452128447,50.04740860596973],[-96.81931669251483,50.018400591183656],[-96.79621270912385,50.01808089759824],[-96.79631028682327,50.00343860420932],[-96.7963736975256,49.974277292966825],[-96.79652039165572,49.95946490082736],[-96.7736451823003,49.95933379636355],[-96.77348991489939,49.97418200214424],[-96.77342111778341,50.003460205365364],[-96.77339530668262,50.01821179777788],[-96.77343820979223,50.03298281104701],[-96.77338328347886,50.047751795770765],[-96.77318581487387,50.0626452062435]]]},"properties":{"DAUID":"46120036","DGUID":"2021S051246120036","LANDAREA":26.7165,"PRUID":"46","CMA":"Winnipeg"}},
{"type":"Feature","geometry":{"type":"Polygon","coordinates":[[[-96.81931669251483,50.018400591183656],[-96.8422869052852,50.01859631218808],[-96.84236711435452,50.009638698551306],[-96.84221581984832,49.98901890071397],[-96.8309770811251,49.98887230894157],[-96.81935609809527,49.98885220938927],[-96.81934148037588,49.97436969861509],[-96.7963736975256,49.974277292966825],[-96.79631028682327,50.00343860420932],[-96.79621270912385,50.01808089759824],[-96.81931669251483,50.018400591183656]]]},"properties":{"DAUID":"46120037","DGUID":"2021S051246120037","LANDAREA":13.4506,"PRUID":"46","CMA":"Winnipeg"}},
{"type":"Feature","geometry":{"type":"Polygon","coordinates":[[[-96.81913220519463,50.0628420873833],[-96.85330508809838,50.062975589827914],[-96.85379989523965,50.06253500734693],[-96.85379900489662,50.059737603216696],[-96.85433074511572,50.059287883599566],[-96.8591925823229,50.05919297556952],[-96.85942429707944,50.05524000571686],[-96.86497668555276,50.05512189672056],[-96.86505409996501,50.048242595248006],[-96.8650517876177,50.037277588231866],[-96.86332398802334,50.03309899933134],[-96.86448929709849,50.03106960183129],[-96.86448168032479,50.028721792328916],[-96.86361837932647,50.0261512926867],[-96.86397640686316,50.023432301156916],[-96.86516008886804,50.021924992788165],[-96.86492155718466,50.01913472394326],[-96.86512973772918,50.01300104013125],[-96.86514719561674,50.00647109420612],[-96.86488969389818,50.0050362091831],[-96.86391918328138,50.002688489833716],[-96.86498720539393,49.99874138718665],[-96.86515208465012,49.99439069211227],[-96.86499139296069,49.98919761144603],[-96.8652203079958,49.98434440693616],[-96.86516651602241,49.97452968747836],[-96.84565611700889,49.97447469066339],[-96.84211628562662,49.97440889855629],[-96.84221581984832,49.98901890071397],[-96.84236711435452,50.009638698551306],[-96.8422869052852,50.01859631218808],[-96.81931669251483,50.018400591183656],[-96.8192452128447,50.04740860596973],[-96.81913220519463,50.0628420873833]]]},"properties":{"DAUID":"46120038","DGUID":"2021S051246120038","LANDAREA":23.5315,"PRUID":"46","CMA":"Winnipeg"}},
{"type":"Feature","geometry":{"type":"Polygon","coordinates":[[[-96.86505409996501,50.048242595248006],[-96.87004438497338,50.0482438672883],[-96.87049903863509,50.04483694453773],[-96.87624228128273,50.04466516713523],[-96.87660806261194,50.04076704470054],[-96.8820381288356,50.04073985026914],[-96.8822144627072,50.037307441758806],[-96.88758219100781,50.03717672381606],[-96.88768021502248,50.03396898839281],[-96.89341857794047,50.033794006218855],[-96.89351849606666,50.03005872246541],[-96.89925121852306,50.02995609107368],[-96.89937027769687,50.02668710959383],[-96.90507413184758,50.026110046577415],[-96.90517063511012,50.0225341552541],[-96.91108257906838,50.02235886450199],[-96.91136599431422,50.01916123660248],[-96.91700296998849,50.01898544680457],[-96.91719788129046,50.015476209138725],[-96.9229066048658,50.01537333241959],[-96.92053299888285,50.01153410562956],[-96.92178519032672,50.01098078879589],[-96.93244936687788,50.01100716835427],[-96.93244095049648,50.00837820023716],[-96.93961862823964,50.008241858062206],[-96.94027435155462,50.003885069680145],[-96.94151851486576,50.00387579871443],[-96.94454861213674,50.00383959595445],[-96.94532310395535,50.003349604571525],[-96.9452881956483,50.001550012941365],[-96.94577760180658,50.00021839185579],[-96.95030720993627,50.000352493126535],[-96.95087879639901,50.00003878782005],[-96.95085208653866,49.996728093928716],[-96.9512509035273,49.996537300624915],[-96.95617761262592,49.99651630555694],[-96.95681800833695,49.99622169282286],[-96.95673430673911,49.99460159677325],[-96.95648138085787,49.989019704101224],[-96.96217478976284,49.988994001147084],[-96.96245151281958,49.988720010856824],[-96.96176330793023,49.97430681008726],[-96.95569798803501,49.97426300767421],[-96.95573378983826,49.9717719904424],[-96.944118807234,49.97171060801079],[-96.944266902141,49.96790830182886],[-96.93861741612815,49.96794290819156],[-96.93842428340186,49.966914097559446],[-96.93307019716951,49.96689070031706],[-96.93287199002476,49.97542348953973],[-96.93366358034413,49.98884929791773],[-96.92997819424423,49.988900510153265],[-96.91081378253897,49.98942040947732],[-96.86499139296069,49.98919761144603],[-96.86515208465012,49.99439069211227],[-96.86498720539393,49.99874138718665],[-96.86391918328138,50.002688489833716],[-96.86488969389818,50.0050362091831],[-96.86514719561674,50.00647109420612],[-96.86512973772918,50.01300104013125],[-96.86492155718466,50.01913472394326],[-96.86516008886804,50.021924992788165],[-96.86397640686316,50.023432301156916],[-96.86361837932647,50.0261512926867],[-96.86448168032479,50.028721792328916],[-96.86448929709849,50.03106960183129],[-96.86332398802334,50.03309899933134],[-96.8650517876177,50.037277588231866],[-96.86505409996501,50.048242595248006]]]},"properties":{"DAUID":"46120040","DGUID":"2021S051246120040","LANDAREA":27.9053,"PRUID":"46","CMA":"Winnipeg"}},
{"type":"Feature","geometry":{"type":"Polygon","coordinates":[[[-96.9559965249759,49.885961293737616],[-96.93389801294913,49.88596700322079],[-96.93422557993998,49.90046409702555],[-96.9340407848517,49.91522190320279],[-96.93370321856015,49.929959011431784],[-96.93353769280662,49.936108706746296],[-96.93322880027873,49.9596075054197],[-96.93307019716951,49.96689070031706],[-96.93842428340186,49.966914097559446],[-96.93861741612815,49.96794290819156],[-96.944266902141,49.96790830182886],[-96.944118807234,49.97171060801079],[-96.95573378983826,49.9717719904424],[-96.95569798803501,49.97426300767421],[-96.96176330793023,49.97430681008726],[-96.97889671811504,49.97449871135567],[-96.98138455926507,49.97425380256773],[-96.98614519188826,49.97427689498399],[-96.9901080036193,49.974558695140836],[-96.99025388983009,49.96737410508782],[-97.00148129123275,49.96734329250954],[-97.0018725112541,49.94509628758625],[-96.99027269905349,49.94506208274755],[-96.990401219427,49.93720738697496],[-96.99118773191402,49.93429756287963],[-96.99626587916872,49.93436658100991],[-96.99670162171088,49.932763011928486],[-96.9965847060379,49.93043299360731],[-96.99770478274851,49.93044049468363],[-97.02484397716144,49.93064194816143],[-97.02468865129732,49.92574297023546],[-97.02509590439443,49.92257471129931],[-97.02507658386935,49.92100019797393],[-97.02522020714157,49.91566961444299],[-97.02522929852415,49.91539630113771],[-97.02370490850821,49.915705709805],[-97.01987230295914,49.91574829821556],[-97.0137361405145,49.91570321191408],[-97.00238128336075,49.91561009631925],[-96.99647381420309,49.91563409384218],[-96.97952471362987,49.915528800771554],[-96.96870149968244,49.91551059135464],[-96.96682640883144,49.915787805462195],[-96.96476944524733,49.915578615775104],[-96.95603173725497,49.90055706889778],[-96.9566361330789,49.89313230699704],[-96.95674611894958,49.891781015180044],[-96.9559965249759,49.885961293737616]]]},"properties":{"DAUID":"46120041","DGUID":"2021S051246120041","LANDAREA":36.2559,"PRUID":"46","CMA":"Winnipeg"}},
{"type":"Feature","geometry":{"type":"Polygon","coordinates":[[[-96.84240910018579,49.93232670544734],[-96.8424044000254,49.93802861202298],[-96.85111429516219,49.938046491237195],[-96.85116871735545,49.933379003664726],[-96.84783868658822,49.93336220975644],[-96.84785809918422,49.93230108742956],[-96.84240910018579,49.93232670544734]]]},"properties":{"DAUID":"46120045","DGUID":"2021S051246120045","LANDAREA":0.3718,"PRUID":"46","CMA":"Winnipeg"}},
{"type":"Feature","geometry":{"type":"Polygon","coordinates":[[[-96.8424044000254,49.93802861202298],[-96.84239271045045,49.94016029608733],[-96.84467741438696,49.94018480901711],[-96.84465761666229,49.94437619681817],[-96.84234930306229,49.9451877929411],[-96.8448300926674,49.944883102639956],[-96.8652326867324,49.9449817054175],[-96.86531491131002,49.93019510810242],[-96.85294281761037,49.930146598067026],[-96.85287580446503,49.93322169108546],[-96.85116871735545,49.933379003664726],[-96.85111429516219,49.938046491237195],[-96.8424044000254,49.93802861202298]]]},"properties":{"DAUID":"46120046","DGUID":"2021S051246120046","LANDAREA":2.0251,"PRUID":"46","CMA":"Winnipeg"}},
{"type":"Feature","geometry":{"type":"Polygon","coordinates":[[[-96.8424044000254,49.93802861202298],[-96.84067879028069,49.93796949505391],[-96.84045781166697,49.940106302001865],[-96.83714059229011,49.940107398523814],[-96.83711841658534,49.94215790361108],[-96.83549520824133,49.9422985101209],[-96.83550141165966,49.941228189121034],[-96.83387278969145,49.94117979345761],[-96.83385111793699,49.94228580075152],[-96.83222040768769,49.94228229192071],[-96.83220288671767,49.94484560487901],[-96.81953400163033,49.9448059001038],[-96.81944051999157,49.95952940914595],[-96.84217731416629,49.95963991082674],[-96.84234930306229,49.9451877929411],[-96.84465761666229,49.94437619681817],[-96.84467741438696,49.94018480901711],[-96.84239271045045,49.94016029608733],[-96.8424044000254,49.93802861202298]]]},"properties":{"DAUID":"46120047","DGUID":"2021S051246120047","LANDAREA":3.0978,"PRUID":"46","CMA":"Winnipeg"}},
{"type":"Feature","geometry":{"type":"Polygon","coordinates":[[[-96.7736451823003,49.95933379636355],[-96.79652039165572,49.95946490082736],[-96.81944051999157,49.95952940914595],[-96.81953400163033,49.9448059001038],[-96.83220288671767,49.94484560487901],[-96.83222040768769,49.94228229192071],[-96.83385111793699,49.94228580075152],[-96.83387278969145,49.94117979345761],[-96.83550141165966,49.941228189121034],[-96.83549520824133,49.9422985101209],[-96.83711841658534,49.94215790361108],[-96.83714059229011,49.940107398523814],[-96.84045781166697,49.940106302001865],[-96.84067879028069,49.93796949505391],[-96.8424044000254,49.93802861202298],[-96.84240910018579,49.93232670544734],[-96.8424094867397,49.93011291021097],[-96.81961501984486,49.930046202767414],[-96.80243979737956,49.92990179610415],[-96.77394839150293,49.929780996346864],[-96.77388230767257,49.94119480612903],[-96.77374399066767,49.94631050620684],[-96.7736451823003,49.95933379636355]]]},"properties":{"DAUID":"46120048","DGUID":"2021S051246120048","LANDAREA":13.1154,"PRUID":"46","CMA":"Winnipeg"}},
{"type":"Feature","geometry":{"type":"Polygon","coordinates":[[[-96.705406195012,49.95902890255977],[-96.70561199228946,49.92947410854016],[-96.73669151929303,49.929671311649294],[-96.75137699419683,49.929714197583465],[-96.7514638996803,49.91497250054055],[-96.77408169730103,49.91509420870145],[-96.77420648650704,49.90028130093855],[-96.77432470369659,49.88621480514938],[-96.77516970456811,49.88570030396146],[-96.77518560311758,49.870822191351984],[-96.75178231277117,49.87067639387038],[-96.7518238006154,49.88446721256985],[-96.75174541325134,49.88555410887311],[-96.70598049333665,49.88531389138604],[-96.66025320949272,49.88516429029078],[-96.63728748764703,49.88504019670029],[-96.63715488002623,49.88975119059475],[-96.63686941464462,49.928929706294554],[-96.63664889845747,49.95849329997519],[-96.63727489236688,49.958523993650736],[-96.67493631076655,49.95880860017727],[-96.6840682025064,49.95882949654576],[-96.705406195012,49.95902890255977]]]},"properties":{"DAUID":"46120049","DGUID":"2021S051246120049","LANDAREA":64.4628,"PRUID":"46","CMA":"Winnipeg"}},
{"type":"Feature","geometry":{"type":"Polygon","coordinates":[[[-96.66025320949272,49.88516429029078],[-96.66044161743132,49.870325605664824],[-96.63748298835087,49.8702015956804],[-96.61601721527646,49.87000479787864],[-96.61511181780055,49.87030098932517],[-96.61503821491122,49.885070206201455],[-96.61253081425541,49.885099592478454],[-96.61261651593128,49.8898509965635],[-96.60406678974202,49.8898633914853],[-96.60407589342964,49.893614799577854],[-96.60438559210556,49.89382808993652],[-96.61269871799935,49.89382870979707],[-96.61305899010802,49.91417500041926],[-96.58983270073692,49.91425209888613],[-96.58993129486579,49.92903380358728],[-96.61330528400494,49.928932710581215],[-96.63686941464462,49.928929706294554],[-96.63715488002623,49.88975119059475],[-96.63728748764703,49.88504019670029],[-96.66025320949272,49.88516429029078]]]},"properties":{"DAUID":"46120050","DGUID":"2021S051246120050","LANDAREA":16.8419,"PRUID":"46","CMA":"Winnipeg"}},
{"type":"Feature","geometry":{"type":"Polygon","coordinates":[[[-96.63664889845747,49.95849329997519],[-96.63686941464462,49.928929706294554],[-96.61330528400494,49.928932710581215],[-96.58993129486579,49.92903380358728],[-96.58983270073692,49.91425209888613],[-96.56697189708352,49.914260212518336],[-96.5449148907628,49.914073993592226],[-96.54485831284714,49.907784807580526],[-96.54440971511265,49.895775188329445],[-96.54390949759478,49.885059800575405],[-96.5210497842412,49.88504079038699],[-96.49816070803097,49.885052691874826],[-96.49869488381682,49.89168500412138],[-96.49809320085288,49.89416378873782],[-96.49733548802303,49.89508300451527],[-96.49219149425333,49.89921780392806],[-96.49085201747965,49.90168059469],[-96.4891448852384,49.910684297772896],[-96.4893077807016,49.91317959255034],[-96.49309991302349,49.92117780985312],[-96.49404808773187,49.92546228822824],[-96.49506881131411,49.92754429967005],[-96.498029207476,49.93145839555853],[-96.49892379727657,49.93463519810543],[-96.49861620688486,49.97312069607168],[-96.52155868725836,49.97315459545359],[-96.5422159808169,49.97314459837225],[-96.56724889425537,49.973213696635334],[-96.5892732831904,49.97319701308841],[-96.59174350780336,49.972888511102084],[-96.63651202041244,49.9732430080526],[-96.63664889845747,49.95849329997519]]]},"properties":{"DAUID":"46120051","DGUID":"2021S051246120051","LANDAREA":71.9233,"PRUID":"46","CMA":"Winnipeg"}},
{"type":"Feature","geometry":{"type":"Polygon","coordinates":[[[-96.61253081425541,49.885099592478454],[-96.59220319146426,49.88511979046997],[-96.59231871839351,49.870276398422455],[-96.56946718148119,49.86989231002047],[-96.56973710804299,49.8403923076916],[-96.54697781814475,49.84018249416267],[-96.53337569281743,49.84015460917027],[-96.50579941466422,49.84003189478495],[-96.49999900850204,49.84004200530664],[-96.48009860514513,49.84022240155373],[-96.48013709664335,49.85579491120427],[-96.48006901472283,49.863520704231206],[-96.4801416906905,49.87415519362873],[-96.48011869593648,49.885021589434686],[-96.49816070803097,49.885052691874826],[-96.5210497842412,49.88504079038699],[-96.54390949759478,49.885059800575405],[-96.54440971511265,49.895775188329445],[-96.54485831284714,49.907784807580526],[-96.5449148907628,49.914073993592226],[-96.56697189708352,49.914260212518336],[-96.58983270073692,49.91425209888613],[-96.61305899010802,49.91417500041926],[-96.61269871799935,49.89382870979707],[-96.60438559210556,49.89382808993652],[-96.60407589342964,49.893614799577854],[-96.60406678974202,49.8898633914853],[-96.61261651593128,49.8898509965635],[-96.61253081425541,49.885099592478454]]]},"properties":{"DAUID":"46120052","DGUID":"2021S051246120052","LANDAREA":50.3909,"PRUID":"46","CMA":"Winnipeg"}},
{"type":"Feature","geometry":{"type":"Polygon","coordinates":[[[-96.4797333932769,49.79588320594083],[-96.47984601400908,49.81859999000095],[-96.4799848807132,49.83572200151136],[-96.48009860514513,49.84022240155373],[-96.49999900850204,49.84004200530664],[-96.50579941466422,49.84003189478495],[-96.53337569281743,49.84015460917027],[-96.54697781814475,49.84018249416267],[-96.56973710804299,49.8403923076916],[-96.56946718148119,49.86989231002047],[-96.59231871839351,49.870276398422455],[-96.59220319146426,49.88511979046997],[-96.61253081425541,49.885099592478454],[-96.61503821491122,49.885070206201455],[-96.61511181780055,49.87030098932517],[-96.61601721527646,49.87000479787864],[-96.63748298835087,49.8702015956804],[-96.63800700959123,49.82978619198279],[-96.63835889161282,49.802860490031826],[-96.63840918054105,49.79640259316196],[-96.61027400356423,49.79628430081956],[-96.58510819830559,49.796257088016425],[-96.56716008470434,49.79612439855419],[-96.5473610125667,49.79604870207709],[-96.50175020816017,49.795802487462325],[-96.4797333932769,49.79588320594083]]]},"properties":{"DAUID":"46120053","DGUID":"2021S051246120053","LANDAREA":74.8014,"PRUID":"46","CMA":"Winnipeg"}},
{"type":"Feature","geometry":{"type":"Polygon","coordinates":[[[-96.63840918054105,49.79640259316196],[-96.63835889161282,49.802860490031826],[-96.63800700959123,49.82978619198279],[-96.63748298835087,49.8702015956804],[-96.66044161743132,49.870325605664824],[-96.66025320949272,49.88516429029078],[-96.70598049333665,49.88531389138604],[-96.75174541325134,49.88555410887311],[-96.7518238006154,49.88446721256985],[-96.75178231277117,49.87067639387038],[-96.77518560311758,49.870822191351984],[-96.77527750976424,49.84125611062761],[-96.77546009593487,49.796965887439555],[-96.74644961288591,49.79683689000221],[-96.72973370158977,49.7967983090841],[-96.70525341853701,49.79667581161843],[-96.67925619912555,49.79659859763708],[-96.63840918054105,49.79640259316196]]]},"properties":{"DAUID":"46120054","DGUID":"2021S051246120054","LANDAREA":91.7147,"PRUID":"46","CMA":"Winnipeg"}},
{"type":"Feature","geometry":{"type":"Polygon","coordinates":[[[-96.36097914581246,49.97294583510832],[-96.37255923978259,49.97320680493047],[-96.37957569542615,49.97301010663776],[-96.38348841293667,49.973134407518124],[-96.38805408946853,49.973048497205745],[-96.41237930105827,49.97305420294107],[-96.42085048942327,49.9732250074343],[-96.429196995499,49.97312250962384],[-96.45208508324514,49.97313300661872],[-96.49861620688486,49.97312069607168],[-96.49892379727657,49.93463519810543],[-96.498029207476,49.93145839555853],[-96.49506881131411,49.92754429967005],[-96.49404808773187,49.92546228822824],[-96.49309991302349,49.92117780985312],[-96.4893077807016,49.91317959255034],[-96.4891448852384,49.910684297772896],[-96.49085201747965,49.90168059469],[-96.49219149425333,49.89921780392806],[-96.49733548802303,49.89508300451527],[-96.49809320085288,49.89416378873782],[-96.49869488381682,49.89168500412138],[-96.49816070803097,49.885052691874826],[-96.48011869593648,49.885021589434686],[-96.4801416906905,49.87415519362873],[-96.48006901472283,49.863520704231206],[-96.48013709664335,49.85579491120427],[-96.48009860514513,49.84022240155373],[-96.4799848807132,49.83572200151136],[-96.47984601400908,49.81859999000095],[-96.4797333932769,49.79588320594083],[-96.47141069881843,49.79585471147246],[-96.42971054609387,49.7958552722912],[-96.38410692522656,49.7960734089724],[-96.36571089003851,49.796054926376485],[-96.36560354565304,49.81288897284958],[-96.36551820977425,49.86378412768108],[-96.36552448219832,49.87008493924782],[-96.36571438169378,49.88484886405816],[-96.35674850236678,49.88509940329075],[-96.35851375375655,49.91641293463836],[-96.35965917116657,49.928156023196514],[-96.35944236534792,49.92886132993158],[-96.36063436561284,49.96586954814543],[-96.36097914581246,49.97294583510832]]]},"properties":{"DAUID":"46120055","DGUID":"2021S051246120055","LANDAREA":177.0093,"PRUID":"46","CMA":"Winnipeg"}},
{"type":"Feature","geometry":{"type":"Polygon","coordinates":[[[-96.9810666866758,49.79746651126349],[-96.96346090048236,49.79743720974634],[-96.93548671775662,49.79744581019586],[-96.88960508927865,49.79732960752873],[-96.88131198801597,49.79721522397691],[-96.87802969003135,49.79731600421726],[-96.85053189033752,49.797231805888025],[-96.84394110941531,49.797316297552726],[-96.84369541191994,49.82348831074229],[-96.84374378856926,49.84147101177512],[-96.86678979349826,49.84151078922134],[-96.89381020115967,49.84163629607634],[-96.90253189100142,49.84162360016137],[-96.93541800988956,49.841845404113],[-96.93555980641837,49.82055600008816],[-96.93615168866275,49.820368689179695],[-96.94493579038122,49.82404201280779],[-96.94663179233743,49.82503460237437],[-96.94988358537779,49.828366389559],[-96.95159847961804,49.82957519728988],[-96.96322380100875,49.83453860857355],[-96.96562368701211,49.83335739345645],[-96.9680633170532,49.835208191747775],[-96.97037801149865,49.836058400566664],[-96.97290701663458,49.83611170598337],[-96.97595058993082,49.83683051136926],[-96.98656048011148,49.84122509344233],[-96.98733051397102,49.840770800987066],[-96.98984379639448,49.841542998754605],[-97.00411369696603,49.841564807117905],[-97.00419321689799,49.83591708838497],[-97.004148005379,49.826733188066115],[-97.02683250085052,49.826784006634746],[-97.02682831766441,49.82274900118542],[-97.02658969762466,49.8060588046548],[-97.02635452414042,49.79868404188236],[-97.02616317823673,49.797578656168355],[-97.01980650884849,49.797324389116866],[-97.01872471073655,49.797505010963654],[-97.00863481634866,49.79752989840499],[-96.9810666866758,49.79746651126349]]]},"properties":{"DAUID":"46120065","DGUID":"2021S051246120065","LANDAREA":56.8119,"PRUID":"46","CMA":"Winnipeg"}},
{"type":"Feature","geometry":{"type":"Polygon","coordinates":[[[-96.98126568491479,49.88384220157463],[-96.98129700092491,49.87107859709667],[-96.98264558320419,49.87111110053171],[-97.02691961759345,49.87106184986677],[-97.02696020496904,49.863580389964966],[-97.02676496768129,49.86044249856947],[-97.02676971631604,49.855132498064464],[-97.02692428919967,49.852506791822435],[-97.02686671683949,49.83975393586177],[-97.02683250085052,49.826784006634746],[-97.004148005379,49.826733188066115],[-97.00419321689799,49.83591708838497],[-97.00411369696603,49.841564807117905],[-96.98984379639448,49.841542998754605],[-96.98733051397102,49.840770800987066],[-96.98656048011148,49.84122509344233],[-96.97595058993082,49.83683051136926],[-96.97290701663458,49.83611170598337],[-96.97037801149865,49.836058400566664],[-96.9680633170532,49.835208191747775],[-96.96562368701211,49.83335739345645],[-96.96322380100875,49.83453860857355],[-96.95159847961804,49.82957519728988],[-96.94988358537779,49.828366389559],[-96.94663179233743,49.82503460237437],[-96.94493579038122,49.82404201280779],[-96.93615168866275,49.820368689179695],[-96.93555980641837,49.82055600008816],[-96.93541800988956,49.841845404113],[-96.93527391369435,49.88308599466823],[-96.93395098655317,49.88505040656985],[-96.93389801294913,49.88596700322079],[-96.9559965249759,49.885961293737616],[-96.96062461163805,49.886053510875406],[-96.9669210169911,49.88596621093727],[-96.98127418510016,49.88597418831478],[-96.98126568491479,49.88384220157463]]]},"properties":{"DAUID":"46120066","DGUID":"2021S051246120066","LANDAREA":32.6523,"PRUID":"46","CMA":"Winnipeg"}},
{"type":"Feature","geometry":{"type":"Polygon","coordinates":[[[-96.7963736975256,49.974277292966825],[-96.81934148037588,49.97436969861509],[-96.81935609809527,49.98885220938927],[-96.8309770811251,49.98887230894157],[-96.84221581984832,49.98901890071397],[-96.84211628562662,49.97440889855629],[-96.84565611700889,49.97447469066339],[-96.86516651602241,49.97452968747836],[-96.8652203079958,49.98434440693616],[-96.86499139296069,49.98919761144603],[-96.91081378253897,49.98942040947732],[-96.92997819424423,49.988900510153265],[-96.93366358034413,49.98884929791773],[-96.93287199002476,49.97542348953973],[-96.93307019716951,49.96689070031706],[-96.93322880027873,49.9596075054197],[-96.93353769280662,49.936108706746296],[-96.93370321856015,49.929959011431784],[-96.91238051653295,49.93034158719423],[-96.86531491131002,49.93019510810242],[-96.8652326867324,49.9449817054175],[-96.8448300926674,49.944883102639956],[-96.84234930306229,49.9451877929411],[-96.84217731416629,49.95963991082674],[-96.81944051999157,49.95952940914595],[-96.79652039165572,49.95946490082736],[-96.7963736975256,49.974277292966825]]]},"properties":{"DAUID":"46120068","DGUID":"2021S051246120068","LANDAREA":45.2207,"PRUID":"46","CMA":"Winnipeg"}},
{"type":"Feature","geometry":{"type":"Polygon","coordinates":[[[-96.77546009593487,49.796965887439555],[-96.77527750976424,49.84125611062761],[-96.77518560311758,49.870822191351984],[-96.82818839331178,49.87105409795642],[-96.84365190709114,49.871036993112334],[-96.85496460811302,49.87109399336845],[-96.8666289837,49.871066411671755],[-96.86657058043522,49.88597059263401],[-96.86561031363692,49.885961910163914],[-96.86556081302471,49.89939089544539],[-96.86518210157062,49.90071519852392],[-96.85768151691357,49.900585898862786],[-96.77420648650704,49.90028130093855],[-96.77408169730103,49.91509420870145],[-96.77394839150293,49.929780996346864],[-96.80243979737956,49.92990179610415],[-96.81961501984486,49.930046202767414],[-96.8424094867397,49.93011291021097],[-96.85294281761037,49.930146598067026],[-96.86531491131002,49.93019510810242],[-96.91238051653295,49.93034158719423],[-96.93370321856015,49.929959011431784],[-96.9340407848517,49.91522190320279],[-96.93422557993998,49.90046409702555],[-96.93389801294913,49.88596700322079],[-96.93395098655317,49.88505040656985],[-96.93527391369435,49.88308599466823],[-96.93541800988956,49.841845404113],[-96.90253189100142,49.84162360016137],[-96.89381020115967,49.84163629607634],[-96.86678979349826,49.84151078922134],[-96.84374378856926,49.84147101177512],[-96.84369541191994,49.82348831074229],[-96.84394110941531,49.797316297552726],[-96.8393320926675,49.79721238889798],[-96.79379919267151,49.79706481111038],[-96.77546009593487,49.796965887439555]]]},"properties":{"DAUID":"46120069","DGUID":"2021S051246120069","LANDAREA":115.0886,"PRUID":"46","CMA":"Winnipeg"}},
{"type":"Feature","geometry":{"type":"Polygon","coordinates":[[[-96.77420648650704,49.90028130093855],[-96.85768151691357,49.900585898862786],[-96.86518210157062,49.90071519852392],[-96.86556081302471,49.89939089544539],[-96.86561031363692,49.885961910163914],[-96.86657058043522,49.88597059263401],[-96.8666289837,49.871066411671755],[-96.85496460811302,49.87109399336845],[-96.84365190709114,49.871036993112334],[-96.82818839331178,49.87105409795642],[-96.77518560311758,49.870822191351984],[-96.77516970456811,49.88570030396146],[-96.77432470369659,49.88621480514938],[-96.77420648650704,49.90028130093855]]]},"properties":{"DAUID":"46120070","DGUID":"2021S051246120070","LANDAREA":21.4966,"PRUID":"46","CMA":"Winnipeg"}},
{"type":"Feature","geometry":{"type":"Polygon","coordinates":[[[-96.85116871735545,49.933379003664726],[-96.85287580446503,49.93322169108546],[-96.85294281761037,49.930146598067026],[-96.8424094867397,49.93011291021097],[-96.84240910018579,49.93232670544734],[-96.84785809918422,49.93230108742956],[-96.84783868658822,49.93336220975644],[-96.85116871735545,49.933379003664726]]]},"properties":{"DAUID":"46120071","DGUID":"2021S051246120071","LANDAREA":0.2262,"PRUID":"46","CMA":"Winnipeg"}},
{"type":"Feature","geometry":{"type":"Polygon","coordinates":[[[-97.11342370329182,49.977961507641155],[-97.10657821035204,49.98676389421978],[-97.09998030253963,49.99523710655104],[-97.09970641559565,49.99510671105926],[-97.09391710510592,50.00177591042038],[-97.08760849955998,50.00988441296794],[-97.08647200596357,50.01179059173223],[-97.07682760471799,50.03204949018651],[-97.07247300991915,50.04106209435716],[-97.07093150110566,50.04457226557532],[-97.07038896421986,50.0450118513847],[-97.07145579998569,50.04553360147835],[-97.08041996881079,50.049404352801496],[-97.1087476083068,50.06212305107223],[-97.10871026110868,50.06373610528194],[-97.11283732426267,50.063649196440586],[-97.1150868934281,50.0638354900445],[-97.11509858120719,50.049632899220335],[-97.11530486939034,50.041388600273805],[-97.12103689309662,50.04136586569888],[-97.12128535112676,50.03420133891817],[-97.1238783649875,50.03423552132307],[-97.12405808802927,50.02708994070884],[-97.13013933492245,50.027105582433244],[-97.13027781786516,50.01981480253095],[-97.1386493045826,50.019691503410954],[-97.1837608789447,50.01954909582129],[-97.18388233546126,50.00513346632116],[-97.18346721080594,49.997399315874844],[-97.183476100681,49.990513914728155],[-97.18389648888825,49.99039291314589],[-97.18380494911719,49.982986127091834],[-97.18387300801872,49.975461108730165],[-97.16102868444116,49.97541590101821],[-97.16105378445657,49.98755939427165],[-97.1609743991759,49.99037358986586],[-97.15518540440738,49.99038099723609],[-97.15504169588749,49.99382901004203],[-97.14939858607175,49.993867204133416],[-97.14105118229493,49.990370797321084],[-97.14113121608642,49.98938260328899],[-97.13859863734142,49.98919089968365],[-97.11342370329182,49.977961507641155]]]},"properties":{"DAUID":"46130049","DGUID":"2021S051246130049","LANDAREA":38.6715,"PRUID":"46","CMA":"Winnipeg"}},
{"type":"Feature","geometry":{"type":"Polygon","coordinates":[[[-97.1150868934281,50.0638354900445],[-97.17507191996903,50.06388590472403],[-97.18391818673996,50.06385379277868],[-97.18460001996534,50.04912200790688],[-97.18383928755932,50.04537735168747],[-97.18381068773844,50.0256243153819],[-97.1837608789447,50.01954909582129],[-97.1386493045826,50.019691503410954],[-97.13027781786516,50.01981480253095],[-97.13013933492245,50.027105582433244],[-97.12405808802927,50.02708994070884],[-97.1238783649875,50.03423552132307],[-97.12128535112676,50.03420133891817],[-97.12103689309662,50.04136586569888],[-97.11530486939034,50.041388600273805],[-97.11509858120719,50.049632899220335],[-97.1150868934281,50.0638354900445]]]},"properties":{"DAUID":"46130050","DGUID":"2021S051246130050","LANDAREA":22.4885,"PRUID":"46","CMA":"Winnipeg"}},
{"type":"Feature","geometry":{"type":"Polygon","coordinates":[[[-97.10657821035204,49.98676389421978],[-97.0736667975942,49.97212679858624],[-97.07020459584079,49.97639590490205],[-97.06858861160161,49.97808700700322],[-97.06414921979032,49.97609700885827],[-97.0630007042356,49.97793986561963],[-97.06712990555039,49.979681796405494],[-97.05541740029572,49.992366805582115],[-97.05435988439754,49.99471470953954],[-97.05406170046793,50.002445409775525],[-97.05375638897597,50.00413130555519],[-97.05011881566556,50.01772500510041],[-97.04155059339456,50.01598897671137],[-97.04260229404044,50.018418441006034],[-97.0420899142083,50.02003167956614],[-97.03870905811996,50.02141156633272],[-97.03654989865788,50.02278514866273],[-97.03456655736157,50.024660962165456],[-97.0322466386342,50.02865676278964],[-97.03639404802246,50.030200395717735],[-97.04190539209378,50.032661292272145],[-97.04570475619028,50.03439573103362],[-97.07038896421986,50.0450118513847],[-97.07093150110566,50.04457226557532],[-97.07247300991915,50.04106209435716],[-97.07682760471799,50.03204949018651],[-97.08647200596357,50.01179059173223],[-97.08760849955998,50.00988441296794],[-97.09391710510592,50.00177591042038],[-97.09970641559565,49.99510671105926],[-97.09998030253963,49.99523710655104],[-97.10657821035204,49.98676389421978]]]},"properties":{"DAUID":"46130051","DGUID":"2021S051246130051","LANDAREA":19.331,"PRUID":"46","CMA":"Winnipeg"}},
{"type":"Feature","geometry":{"type":"Polygon","coordinates":[[[-97.0736667975942,49.97212679858624],[-97.06543699131677,49.96847391205353],[-97.06291879925483,49.97399257649555],[-97.0603365909314,49.97794598287895],[-97.0583022691652,49.979864033069894],[-97.0535816558287,49.98294267643093],[-97.05246997883411,49.98385876199984],[-97.05167185165453,49.98533231249746],[-97.0502247933041,49.98948448237408],[-97.04878813491523,49.991123217736074],[-97.04560680765152,49.992382557166366],[-97.04290767158973,49.99275601425489],[-97.04054248926941,49.99388164827587],[-97.03949500747834,49.99653956961146],[-97.03885056137024,49.99895654122842],[-97.03983551554045,50.00214467788104],[-97.04038702023728,50.0052660351936],[-97.04192046717516,50.010210232140636],[-97.04110722168691,50.01296532432929],[-97.04108154121201,50.01458974473381],[-97.04155059339456,50.01598897671137],[-97.05011881566556,50.01772500510041],[-97.05375638897597,50.00413130555519],[-97.05406170046793,50.002445409775525],[-97.05435988439754,49.99471470953954],[-97.05541740029572,49.992366805582115],[-97.06712990555039,49.979681796405494],[-97.0630007042356,49.97793986561963],[-97.06414921979032,49.97609700885827],[-97.06858861160161,49.97808700700322],[-97.07020459584079,49.97639590490205],[-97.0736667975942,49.97212679858624]]]},"properties":{"DAUID":"46130052","DGUID":"2021S051246130052","LANDAREA":3.2526,"PRUID":"46","CMA":"Winnipeg"}},
{"type":"Feature","geometry":{"type":"Polygon","coordinates":[[[-97.04155059339456,50.01598897671137],[-97.04108154121201,50.01458974473381],[-97.04110722168691,50.01296532432929],[-97.04192046717516,50.010210232140636],[-97.04038702023728,50.0052660351936],[-97.03983551554045,50.00214467788104],[-97.03885056137024,49.99895654122842],[-97.03949500747834,49.99653956961146],[-97.04054248926941,49.99388164827587],[-97.04290767158973,49.99275601425489],[-97.04560680765152,49.992382557166366],[-97.04456006540586,49.99122207055431],[-97.045336802252,49.989094104887116],[-97.04359051375965,49.98812020436737],[-97.04137998151808,49.99033159656736],[-97.03767998131093,49.98868590439958],[-97.03637251378112,49.98995910797732],[-97.0354952057668,49.9895754010209],[-97.03427380157196,49.99044519319837],[-97.032657595151,49.98970720461371],[-97.03181829091295,49.99027549079214],[-97.03057238554753,49.989560309297424],[-97.0321505161945,49.988115505998984],[-97.02913028333126,49.98677291074212],[-97.02746679209159,49.9883598002083],[-97.02221781433627,49.986057602944534],[-97.02104688364015,49.98739590085417],[-97.01742549231598,50.00828339941878],[-97.01711219104688,50.00877270313428],[-97.01375670837362,50.010604289622215],[-97.01004158856905,50.013364991757896],[-97.03111149081315,50.02277349097441],[-97.02969568338237,50.023936802254276],[-97.02576420117538,50.02583979037136],[-97.0322466386342,50.02865676278964],[-97.03456655736157,50.024660962165456],[-97.03654989865788,50.02278514866273],[-97.03870905811996,50.02141156633272],[-97.0420899142083,50.02003167956614],[-97.04260229404044,50.018418441006034],[-97.04155059339456,50.01598897671137]]]},"properties":{"DAUID":"46130053","DGUID":"2021S051246130053","LANDAREA":5.9437,"PRUID":"46","CMA":"Winnipeg"}},
{"type":"Feature","geometry":{"type":"Polygon","coordinates":[[[-97.03767998131093,49.98868590439958],[-97.03508929549992,49.987553697970625],[-97.0385583914771,49.98423931165909],[-97.03404480198547,49.98231199856325],[-97.03323871555939,49.9831808101195],[-97.03345410677211,49.98412008852849],[-97.03146409897259,49.984522187958426],[-97.02913028333126,49.98677291074212],[-97.0321505161945,49.988115505998984],[-97.03057238554753,49.989560309297424],[-97.03181829091295,49.99027549079214],[-97.032657595151,49.98970720461371],[-97.03427380157196,49.99044519319837],[-97.0354952057668,49.9895754010209],[-97.03637251378112,49.98995910797732],[-97.03767998131093,49.98868590439958]]]},"properties":{"DAUID":"46130054","DGUID":"2021S051246130054","LANDAREA":0.3231,"PRUID":"46","CMA":"Winnipeg"}},
{"type":"Feature","geometry":{"type":"Polygon","coordinates":[[[-97.02913028333126,49.98677291074212],[-97.03146409897259,49.984522187958426],[-97.03345410677211,49.98412008852849],[-97.03323871555939,49.9831808101195],[-97.03404480198547,49.98231199856325],[-97.02856740665331,49.97986919680344],[-97.02623040816592,49.979370695742794],[-97.02502448718718,49.9803967048825],[-97.02312229402872,49.97944669898322],[-97.0212522199573,49.97967269952266],[-97.01987450411563,49.98095339880622],[-97.02519319264478,49.98323889641983],[-97.02221781433627,49.986057602944534],[-97.02746679209159,49.9883598002083],[-97.02913028333126,49.98677291074212]]]},"properties":{"DAUID":"46130055","DGUID":"2021S051246130055","LANDAREA":0.5336,"PRUID":"46","CMA":"Winnipeg"}},
{"type":"Feature","geometry":{"type":"Polygon","coordinates":[[[-97.02623040816592,49.979370695742794],[-97.02523879894535,49.9789822893484],[-97.02247860734326,49.97697710865903],[-97.01767951201556,49.97552489221256],[-97.01358511876757,49.97820141135615],[-97.01987450411563,49.98095339880622],[-97.0212522199573,49.97967269952266],[-97.02312229402872,49.97944669898322],[-97.02502448718718,49.9803967048825],[-97.02623040816592,49.979370695742794]]]},"properties":{"DAUID":"46130056","DGUID":"2021S051246130056","LANDAREA":0.2668,"PRUID":"46","CMA":"Winnipeg"}},
{"type":"Feature","geometry":{"type":"Polygon","coordinates":[[[-97.027988714585,49.96365939645281],[-97.03011039214861,49.96463089141369],[-97.05544600649912,49.97574459993513],[-97.06156340588214,49.97102570416421],[-97.06385530994702,49.96778080422718],[-97.05465299630964,49.96358799822221],[-97.047456302038,49.95983308692226],[-97.0393983473798,49.95623397187374],[-97.03904082891115,49.956629836657974],[-97.04303271707447,49.95845509858502],[-97.04057440845004,49.960715498100306],[-97.03493361625645,49.95816439970565],[-97.027988714585,49.96365939645281]]]},"properties":{"DAUID":"46130058","DGUID":"2021S051246130058","LANDAREA":2.4826,"PRUID":"46","CMA":"Winnipeg"}},
{"type":"Feature","geometry":{"type":"Polygon","coordinates":[[[-97.06018591917142,49.95811280073104],[-97.05172061367642,49.95436388855711],[-97.0474887168794,49.95248470725532],[-97.04413301989493,49.95100690569687],[-97.03896158375828,49.95511131059667],[-97.0393983473798,49.95623397187374],[-97.047456302038,49.95983308692226],[-97.05465299630964,49.96358799822221],[-97.06385530994702,49.96778080422718],[-97.06543699131677,49.96847391205353],[-97.06759830728615,49.964901859997106],[-97.0701881396642,49.96282085395718],[-97.06680119421713,49.96108369363833],[-97.06018591917142,49.95811280073104]]]},"properties":{"DAUID":"46130059","DGUID":"2021S051246130059","LANDAREA":1.5648,"PRUID":"46","CMA":"Winnipeg"}},
{"type":"Feature","geometry":{"type":"Polygon","coordinates":[[[-97.0701881396642,49.96282085395718],[-97.06759830728615,49.964901859997106],[-97.06543699131677,49.96847391205353],[-97.0736667975942,49.97212679858624],[-97.07963521465626,49.96548861043802],[-97.08190690772372,49.964086791861035],[-97.07301123298448,49.95987204505931],[-97.0701881396642,49.96282085395718]]]},"properties":{"DAUID":"46130060","DGUID":"2021S051246130060","LANDAREA":0.7056,"PRUID":"46","CMA":"Winnipeg"}},
{"type":"Feature","geometry":{"type":"Polygon","coordinates":[[[-97.09222507812498,49.96854814054699],[-97.08190690772372,49.964086791861035],[-97.07963521465626,49.96548861043802],[-97.0736667975942,49.97212679858624],[-97.10657821035204,49.98676389421978],[-97.11342370329182,49.977961507641155],[-97.10893458612598,49.97615963265682],[-97.09222507812498,49.96854814054699]]]},"properties":{"DAUID":"46130061","DGUID":"2021S051246130061","LANDAREA":3.0441,"PRUID":"46","CMA":"Winnipeg"}},
{"type":"Feature","geometry":{"type":"Polygon","coordinates":[[[-97.04391127827378,49.950729587190764],[-97.04305653918696,49.95096212076332],[-97.03240690082491,49.9458789105469],[-97.02533179741859,49.95566249271326],[-97.02089289873206,49.96055210482978],[-97.027988714585,49.96365939645281],[-97.03493361625645,49.95816439970565],[-97.04057440845004,49.960715498100306],[-97.04303271707447,49.95845509858502],[-97.03904082891115,49.956629836657974],[-97.0393983473798,49.95623397187374],[-97.03896158375828,49.95511131059667],[-97.04413301989493,49.95100690569687],[-97.04391127827378,49.950729587190764]]]},"properties":{"DAUID":"46130062","DGUID":"2021S051246130062","LANDAREA":1.5844,"PRUID":"46","CMA":"Winnipeg"}},
{"type":"Feature","geometry":{"type":"Polygon","coordinates":[[[-96.99770478274851,49.93044049468363],[-96.9965847060379,49.93043299360731],[-96.99670162171088,49.932763011928486],[-96.99626587916872,49.93436658100991],[-96.99118773191402,49.93429756287963],[-96.990401219427,49.93720738697496],[-96.99027269905349,49.94506208274755],[-97.0018725112541,49.94509628758625],[-97.00148129123275,49.96734329250954],[-97.00341789430786,49.96738560910231],[-97.00630521366901,49.96872160226421],[-97.00568110924287,49.969313486861786],[-97.00497031607505,49.969975903212514],[-97.01357860408591,49.97395558806862],[-97.01015938869169,49.976712409422674],[-97.01358511876757,49.97820141135615],[-97.01767951201556,49.97552489221256],[-97.01503969216185,49.974376412738565],[-97.01706418249515,49.97228819881736],[-97.02359069188228,49.96714190181826],[-97.027988714585,49.96365939645281],[-97.02089289873206,49.96055210482978],[-97.02533179741859,49.95566249271326],[-97.03240690082491,49.9458789105469],[-97.02368924773181,49.94208132044992],[-96.99770478274851,49.93044049468363]]]},"properties":{"DAUID":"46130063","DGUID":"2021S051246130063","LANDAREA":7.7356,"PRUID":"46","CMA":"Winnipeg"}},
{"type":"Feature","geometry":{"type":"Polygon","coordinates":[[[-97.00568110924287,49.969313486861786],[-97.00316039588819,49.96821771186654],[-97.00242488449112,49.968465896486535],[-97.00193200755335,49.97026538716367],[-97.00357047923187,49.971112190228766],[-97.0019923161151,49.97251520425614],[-97.00395141195952,49.973367499300196],[-97.00319671181956,49.97441589263048],[-97.00582880567497,49.97552270695888],[-97.00793889424007,49.976440389122146],[-97.01015938869169,49.976712409422674],[-97.01357860408591,49.97395558806862],[-97.00497031607505,49.969975903212514],[-97.00568110924287,49.969313486861786]]]},"properties":{"DAUID":"46130064","DGUID":"2021S051246130064","LANDAREA":0.3716,"PRUID":"46","CMA":"Winnipeg"}},
{"type":"Feature","geometry":{"type":"Polygon","coordinates":[[[-96.95673430673911,49.99460159677325],[-96.96769879526329,49.99960610186804],[-96.97358258637526,50.002148605798546],[-96.97634191710412,50.00347220102338],[-97.0007233157302,49.98428591115091],[-97.00189341265359,49.982309090952164],[-97.00202890698745,49.979711891125184],[-97.0000020155831,49.97880400901514],[-97.00270551601189,49.977519810703015],[-97.00353099711242,49.977794804501215],[-97.00582880567497,49.97552270695888],[-97.00319671181956,49.97441589263048],[-97.00395141195952,49.973367499300196],[-97.0019923161151,49.97251520425614],[-97.00357047923187,49.971112190228766],[-97.00193200755335,49.97026538716367],[-97.00242488449112,49.968465896486535],[-97.00316039588819,49.96821771186654],[-97.00568110924287,49.969313486861786],[-97.00630521366901,49.96872160226421],[-97.00341789430786,49.96738560910231],[-97.00148129123275,49.96734329250954],[-96.99025388983009,49.96737410508782],[-96.9901080036193,49.974558695140836],[-96.98614519188826,49.97427689498399],[-96.98138455926507,49.97425380256773],[-96.97889671811504,49.97449871135567],[-96.96176330793023,49.97430681008726],[-96.96245151281958,49.988720010856824],[-96.96217478976284,49.988994001147084],[-96.95648138085787,49.989019704101224],[-96.95673430673911,49.99460159677325]]]},"properties":{"DAUID":"46130065","DGUID":"2021S051246130065","LANDAREA":7.2568,"PRUID":"46","CMA":"Winnipeg"}},
{"type":"Feature","geometry":{"type":"Polygon","coordinates":[[[-97.02221781433627,49.986057602944534],[-97.02519319264478,49.98323889641983],[-97.01987450411563,49.98095339880622],[-97.01358511876757,49.97820141135615],[-97.01015938869169,49.976712409422674],[-97.00793889424007,49.976440389122146],[-97.00582880567497,49.97552270695888],[-97.00353099711242,49.977794804501215],[-97.00270551601189,49.977519810703015],[-97.0000020155831,49.97880400901514],[-97.00202890698745,49.979711891125184],[-97.00189341265359,49.982309090952164],[-97.0007233157302,49.98428591115091],[-96.97634191710412,50.00347220102338],[-96.9925446939164,50.01084179969415],[-97.00007658624492,50.01405245309753],[-97.01191660289066,50.01930889126108],[-97.02576420117538,50.02583979037136],[-97.02969568338237,50.023936802254276],[-97.03111149081315,50.02277349097441],[-97.01004158856905,50.013364991757896],[-97.01375670837362,50.010604289622215],[-97.01711219104688,50.00877270313428],[-97.01742549231598,50.00828339941878],[-97.02104688364015,49.98739590085417],[-97.02221781433627,49.986057602944534]]]},"properties":{"DAUID":"46130066","DGUID":"2021S051246130066","LANDAREA":9.1286,"PRUID":"46","CMA":"Winnipeg"}},
{"type":"Feature","geometry":{"type":"Polygon","coordinates":[[[-96.85900470961843,50.16503548366486],[-96.85801388628299,50.16336885961857],[-96.8509641876694,50.157456976941916],[-96.85038102378192,50.154423395930756],[-96.85139902997363,50.151610895278885],[-96.85359189175647,50.14945668566891],[-96.85697091943915,50.14745703188],[-96.86086878352558,50.14574568728343],[-96.86618703518758,50.1431697779788],[-96.86902224761211,50.14132008589911],[-96.8637421111783,50.13780881183674],[-96.85688920117448,50.134884999884875],[-96.85445961839395,50.136953989784075],[-96.8515124814978,50.138698404958234],[-96.84716840664476,50.14287261191037],[-96.83940909004627,50.13957120575329],[-96.83416020242008,50.145158196277364],[-96.8312728016856,50.157310493546156],[-96.82972189942582,50.162804406292345],[-96.82939269971222,50.17223400644825],[-96.82981168492788,50.17411280108222],[-96.83274561991958,50.178916898540265],[-96.83328780717846,50.18055510748252],[-96.83303640851207,50.183014999826284],[-96.83168608098917,50.18530149035928],[-96.82878461069969,50.188116705454384],[-96.83301508623369,50.18998570082803],[-96.83612721908008,50.19056539907901],[-96.84278951846821,50.19106900915007],[-96.84273406361527,50.18892392262634],[-96.84166240598994,50.18503788939929],[-96.84244499272657,50.18248662853953],[-96.84543961333337,50.17996296066404],[-96.85317945007642,50.176531500043176],[-96.85709409082583,50.174193577037414],[-96.85922811388616,50.17060095485002],[-96.85972305515631,50.16816406304383],[-96.85957777286275,50.166334215979454],[-96.85900470961843,50.16503548366486]]]},"properties":{"DAUID":"46130096","DGUID":"2021S051246130096","LANDAREA":7.4381,"PRUID":"46","CMA":"Winnipeg"}},
{"type":"Feature","geometry":{"type":"Polygon","coordinates":[[[-96.83940909004627,50.13957120575329],[-96.82515509235004,50.13353918933642],[-96.82389629137354,50.13259810254573],[-96.81697788591848,50.129643799195804],[-96.81277799616636,50.1324521049718],[-96.80793080938078,50.130426806966355],[-96.80721438852196,50.12926189262782],[-96.80530521386774,50.12909089893838],[-96.8027849865766,50.12820669167291],[-96.79201028440242,50.123657604995046],[-96.7880816155436,50.122080608163536],[-96.7850117831633,50.12159929766941],[-96.7725325165799,50.12159439202851],[-96.7725507966423,50.136868298179195],[-96.74961671742498,50.136785788563394],[-96.74939299117798,50.166294293439506],[-96.74342911827166,50.16625950635825],[-96.74331078804238,50.18036140154946],[-96.74930028305664,50.18048660915876],[-96.7491950913584,50.19523641267528],[-96.78442929076095,50.19537431054005],[-96.78781749511178,50.19179590002405],[-96.7912198959273,50.18850561028798],[-96.79431601510656,50.18516430989405],[-96.79524739908712,50.18288829734504],[-96.79530318542773,50.176808805135806],[-96.79937389762308,50.17692199737675],[-96.80093998170979,50.17728450039527],[-96.82414719962438,50.18596099072679],[-96.82878461069969,50.188116705454384],[-96.83168608098917,50.18530149035928],[-96.83303640851207,50.183014999826284],[-96.83328780717846,50.18055510748252],[-96.83274561991958,50.178916898540265],[-96.82981168492788,50.17411280108222],[-96.82939269971222,50.17223400644825],[-96.82972189942582,50.162804406292345],[-96.8312728016856,50.157310493546156],[-96.83416020242008,50.145158196277364],[-96.83940909004627,50.13957120575329]]]},"properties":{"DAUID":"46130097","DGUID":"2021S051246130097","LANDAREA":38.9866,"PRUID":"46","CMA":"Winnipeg"}},
{"type":"Feature","geometry":{"type":"Polygon","coordinates":[[[-96.85688920117448,50.134884999884875],[-96.85383421510912,50.133416399542114],[-96.85315698556585,50.13228849322067],[-96.85361728978613,50.127943410775664],[-96.85615788292228,50.12463530069571],[-96.85981727989567,50.12289480504668],[-96.85944909184866,50.12236630975381],[-96.85642280006222,50.1208982036274],[-96.84338340540846,50.115304689877995],[-96.84148470611242,50.11428890776608],[-96.83993750070528,50.11323469086512],[-96.80825179584399,50.09981369430757],[-96.80665369557362,50.09928879492716],[-96.80684970865515,50.092240403348875],[-96.77293640661335,50.092089196310376],[-96.77292799302626,50.09980689963356],[-96.77264728183309,50.10917438850214],[-96.7725325165799,50.12159439202851],[-96.7850117831633,50.12159929766941],[-96.7880816155436,50.122080608163536],[-96.79201028440242,50.123657604995046],[-96.8027849865766,50.12820669167291],[-96.80530521386774,50.12909089893838],[-96.80721438852196,50.12926189262782],[-96.80793080938078,50.130426806966355],[-96.81277799616636,50.1324521049718],[-96.81697788591848,50.129643799195804],[-96.82389629137354,50.13259810254573],[-96.82515509235004,50.13353918933642],[-96.83940909004627,50.13957120575329],[-96.84716840664476,50.14287261191037],[-96.8515124814978,50.138698404958234],[-96.85445961839395,50.136953989784075],[-96.85688920117448,50.134884999884875]]]},"properties":{"DAUID":"46130098","DGUID":"2021S051246130098","LANDAREA":18.472,"PRUID":"46","CMA":"Winnipeg"}},
{"type":"Feature","geometry":{"type":"Polygon","coordinates":[[[-96.84148470611242,50.11428890776608],[-96.86008698553437,50.10178850205462],[-96.8626877056261,50.09991150793129],[-96.8636527976433,50.09865199126324],[-96.8640520004493,50.09722020356157],[-96.86431318023648,50.08914738978064],[-96.86485159404882,50.087727111885144],[-96.8719524145163,50.077657208928514],[-96.86388901124604,50.0776259977897],[-96.85894789932394,50.07746300363215],[-96.85717067539792,50.077724950439084],[-96.83680000571337,50.07762791014058],[-96.82569031437355,50.07695250584186],[-96.81348938508309,50.07692108924584],[-96.8054839032744,50.07714781187147],[-96.78503811448206,50.077074099604545],[-96.777615318026,50.077391002145475],[-96.77305111658343,50.077382807776516],[-96.77293640661335,50.092089196310376],[-96.80684970865515,50.092240403348875],[-96.80665369557362,50.09928879492716],[-96.80825179584399,50.09981369430757],[-96.83993750070528,50.11323469086512],[-96.84148470611242,50.11428890776608]]]},"properties":{"DAUID":"46130099","DGUID":"2021S051246130099","LANDAREA":17.6029,"PRUID":"46","CMA":"Winnipeg"}},
{"type":"Feature","geometry":{"type":"Polygon","coordinates":[[[-96.88959741006866,50.12601703267413],[-96.89184205667165,50.12416898681701],[-96.89404665858538,50.122792339096975],[-96.89901084552726,50.12173094109488],[-96.90111763337397,50.12074360002543],[-96.90361031832602,50.11796653365686],[-96.90541890710176,50.11651279821779],[-96.90694667269109,50.11594909516819],[-96.90980474733816,50.11570129852224],[-96.9122604289561,50.115848975084006],[-96.91675679187914,50.115790286465206],[-96.92209783370643,50.11510978573686],[-96.92653285440198,50.1130037759913],[-96.93008423658296,50.11076898471534],[-96.93099110803489,50.10960548271379],[-96.93241695524276,50.10686405208692],[-96.9336404984895,50.10532518049663],[-96.9360143422818,50.10357804297372],[-96.93861295182722,50.100264049023075],[-96.93995186770584,50.09651669189511],[-96.93947551773431,50.09421208144744],[-96.93833957583881,50.09225577127847],[-96.93750186251545,50.09066891231068],[-96.93741392295799,50.08867109350879],[-96.93905219163543,50.08673083489323],[-96.93948136461935,50.08528708094289],[-96.93905716236215,50.084306394440276],[-96.9326735817495,50.08474551311409],[-96.92606478949764,50.08563498881685],[-96.92685598421252,50.087708988967165],[-96.92867811011669,50.090197209282],[-96.93111881763626,50.09228259209165],[-96.93270731525962,50.095333192105386],[-96.93297871533436,50.096498406449996],[-96.93283880700064,50.100399700158476],[-96.93339450955098,50.102109601051126],[-96.9328493069933,50.103728003138016],[-96.93030458339419,50.10598531385213],[-96.92621071010757,50.108808603085905],[-96.90174530469216,50.09831250997723],[-96.89605998749569,50.09595210893062],[-96.87852170698596,50.088427601737514],[-96.87776451648325,50.08816188787697],[-96.88738969019808,50.08070078889595],[-96.88747390420188,50.07783289228389],[-96.8817157036547,50.077817888805264],[-96.8719524145163,50.077657208928514],[-96.86485159404882,50.087727111885144],[-96.86431318023648,50.08914738978064],[-96.8640520004493,50.09722020356157],[-96.8636527976433,50.09865199126324],[-96.8626877056261,50.09991150793129],[-96.86008698553437,50.10178850205462],[-96.84148470611242,50.11428890776608],[-96.84338340540846,50.115304689877995],[-96.85642280006222,50.1208982036274],[-96.85944909184866,50.12236630975381],[-96.85981727989567,50.12289480504668],[-96.85615788292228,50.12463530069571],[-96.85361728978613,50.127943410775664],[-96.85315698556585,50.13228849322067],[-96.85383421510912,50.133416399542114],[-96.85688920117448,50.134884999884875],[-96.8637421111783,50.13780881183674],[-96.86902224761211,50.14132008589911],[-96.87121223627247,50.139715763555856],[-96.8716184531654,50.13870768696904],[-96.87049789343959,50.13732443192633],[-96.86908469104432,50.13639133588051],[-96.86705683418997,50.13565252336568],[-96.86114591462194,50.13427769189787],[-96.85708283085,50.132882242032146],[-96.85559156995475,50.131291334429605],[-96.855606737179,50.12885837075568],[-96.85736843227487,50.12635056744289],[-96.85951636068602,50.12551880321001],[-96.86284225975622,50.124945234342434],[-96.86577852144156,50.12484372657332],[-96.87186693481445,50.12541457853293],[-96.879266604643,50.126722013247814],[-96.88285501660711,50.12712893365452],[-96.88750091262794,50.12679979783918],[-96.88959741006866,50.12601703267413]]]},"properties":{"DAUID":"46130100","DGUID":"2021S051246130100","LANDAREA":16.8897,"PRUID":"46","CMA":"Winnipeg"}},
{"type":"Feature","geometry":{"type":"Polygon","coordinates":[[[-96.92606478949764,50.08563498881685],[-96.92163728338693,50.08618550925364],[-96.9196319967719,50.08600560558251],[-96.91683558044791,50.08504700183255],[-96.91055350339359,50.08130910193663],[-96.90764671094597,50.08033020816608],[-96.89461230827136,50.07792659560727],[-96.89135239381793,50.07767859312935],[-96.9100560890039,50.063175198493084],[-96.91764449376946,50.057347910219924],[-96.91798441848431,50.056274592082346],[-96.91239459494594,50.05372759391014],[-96.90038751941302,50.06315360556482],[-96.88865169272452,50.06311150111911],[-96.88750314203602,50.0634953069771],[-96.88742451794293,50.07255873457514],[-96.88765140873085,50.07315869432705],[-96.8817157036547,50.077817888805264],[-96.88747390420188,50.07783289228389],[-96.88738969019808,50.08070078889595],[-96.87776451648325,50.08816188787697],[-96.87852170698596,50.088427601737514],[-96.89605998749569,50.09595210893062],[-96.90174530469216,50.09831250997723],[-96.92621071010757,50.108808603085905],[-96.93030458339419,50.10598531385213],[-96.9328493069933,50.103728003138016],[-96.93339450955098,50.102109601051126],[-96.93283880700064,50.100399700158476],[-96.93297871533436,50.096498406449996],[-96.93270731525962,50.095333192105386],[-96.93111881763626,50.09228259209165],[-96.92867811011669,50.090197209282],[-96.92685598421252,50.087708988967165],[-96.92606478949764,50.08563498881685]]]},"properties":{"DAUID":"46130101","DGUID":"2021S051246130101","LANDAREA":9.4597,"PRUID":"46","CMA":"Winnipeg"}},
{"type":"Feature","geometry":{"type":"Polygon","coordinates":[[[-96.77318581487387,50.0626452062435],[-96.77305111658343,50.077382807776516],[-96.777615318026,50.077391002145475],[-96.78503811448206,50.077074099604545],[-96.8054839032744,50.07714781187147],[-96.81348938508309,50.07692108924584],[-96.82569031437355,50.07695250584186],[-96.83680000571337,50.07762791014058],[-96.85717067539792,50.077724950439084],[-96.85894789932394,50.07746300363215],[-96.86388901124604,50.0776259977897],[-96.8719524145163,50.077657208928514],[-96.8817157036547,50.077817888805264],[-96.88765140873085,50.07315869432705],[-96.88742451794293,50.07255873457514],[-96.88750314203602,50.0634953069771],[-96.88865169272452,50.06311150111911],[-96.90038751941302,50.06315360556482],[-96.91239459494594,50.05372759391014],[-96.91571489746308,50.05093580327202],[-96.91646270168175,50.04979790139811],[-96.91686850268628,50.0478443093019],[-96.916176701124,50.0418860876173],[-96.91473048396776,50.04077180407243],[-96.94189980100369,50.01945299544538],[-96.93722081929529,50.01820050123863],[-96.92286421073057,50.01185470978317],[-96.92053299888285,50.01153410562956],[-96.9229066048658,50.01537333241959],[-96.91719788129046,50.015476209138725],[-96.91700296998849,50.01898544680457],[-96.91136599431422,50.01916123660248],[-96.91108257906838,50.02235886450199],[-96.90517063511012,50.0225341552541],[-96.90507413184758,50.026110046577415],[-96.89937027769687,50.02668710959383],[-96.89925121852306,50.02995609107368],[-96.89351849606666,50.03005872246541],[-96.89341857794047,50.033794006218855],[-96.88768021502248,50.03396898839281],[-96.88758219100781,50.03717672381606],[-96.8822144627072,50.037307441758806],[-96.8820381288356,50.04073985026914],[-96.87660806261194,50.04076704470054],[-96.87624228128273,50.04466516713523],[-96.87049903863509,50.04483694453773],[-96.87004438497338,50.0482438672883],[-96.86505409996501,50.048242595248006],[-96.86497668555276,50.05512189672056],[-96.85942429707944,50.05524000571686],[-96.8591925823229,50.05919297556952],[-96.85433074511572,50.059287883599566],[-96.85379900489662,50.059737603216696],[-96.85379989523965,50.06253500734693],[-96.85330508809838,50.062975589827914],[-96.81913220519463,50.0628420873833],[-96.79794131401644,50.06269368762144],[-96.77318581487387,50.0626452062435]]]},"properties":{"DAUID":"46130102","DGUID":"2021S051246130102","LANDAREA":27.5684,"PRUID":"46","CMA":"Winnipeg"}},
{"type":"Feature","geometry":{"type":"Polygon","coordinates":[[[-96.96769879526329,49.99960610186804],[-96.94231370406791,50.01956830437147],[-96.94189980100369,50.01945299544538],[-96.91473048396776,50.04077180407243],[-96.916176701124,50.0418860876173],[-96.91686850268628,50.0478443093019],[-96.91646270168175,50.04979790139811],[-96.91571489746308,50.05093580327202],[-96.91239459494594,50.05372759391014],[-96.91798441848431,50.056274592082346],[-96.91764449376946,50.057347910219924],[-96.9100560890039,50.063175198493084],[-96.89135239381793,50.07767859312935],[-96.89461230827136,50.07792659560727],[-96.90764671094597,50.08033020816608],[-96.91055350339359,50.08130910193663],[-96.91683558044791,50.08504700183255],[-96.9196319967719,50.08600560558251],[-96.92163728338693,50.08618550925364],[-96.92606478949764,50.08563498881685],[-96.9326735817495,50.08474551311409],[-96.93286909638215,50.08182560530602],[-96.93405219720597,50.07966988700843],[-96.931258492641,50.07832490847874],[-96.92945238091617,50.07612490174322],[-96.9291574134099,50.07421301038491],[-96.92800688312289,50.050643303972244],[-96.92790681585656,50.049400206483234],[-96.93047918304636,50.047404204588204],[-96.94739060839841,50.03769319525487],[-96.93804171543519,50.03358758766142],[-96.95027920852922,50.02397290083323],[-96.96221719386277,50.029238495181566],[-96.9778703785958,50.020256491939094],[-96.99142970411565,50.01247758791527],[-96.9925446939164,50.01084179969415],[-96.97634191710412,50.00347220102338],[-96.97358258637526,50.002148605798546],[-96.96769879526329,49.99960610186804]]]},"properties":{"DAUID":"46130103","DGUID":"2021S051246130103","LANDAREA":14.8495,"PRUID":"46","CMA":"Winnipeg"}},
{"type":"Feature","geometry":{"type":"Polygon","coordinates":[[[-96.93905716236215,50.084306394440276],[-96.93821734487253,50.083039935825745],[-96.93824501523565,50.08013769944204],[-96.93981682037284,50.07917130630184],[-96.94563799293392,50.0777712548154],[-96.94778346687175,50.07662809642402],[-96.94960438430732,50.07522969075046],[-96.9500767165944,50.07413575267152],[-96.94986155432532,50.07180842133453],[-96.95025643838696,50.070673958088655],[-96.95261934029485,50.06857547182964],[-96.95690335018813,50.06686894364881],[-96.96209135308125,50.06417633532287],[-96.96573563210826,50.063911252784195],[-96.97422414908368,50.0651203165755],[-96.97697489122731,50.064786457107246],[-96.9793480851967,50.06327052516192],[-96.98221356436665,50.05927891041321],[-96.9854308217005,50.056272388534566],[-96.98170200327881,50.05274109357631],[-96.97499290101136,50.05912760509534],[-96.97353390602095,50.059929587906666],[-96.9547849032583,50.06514159211051],[-96.95025321118243,50.06687859261145],[-96.94892828755425,50.06779959161635],[-96.94724670049331,50.070198496482206],[-96.9386047958968,50.07553230484195],[-96.93502221301846,50.07823899913241],[-96.93405219720597,50.07966988700843],[-96.93286909638215,50.08182560530602],[-96.9326735817495,50.08474551311409],[-96.93905716236215,50.084306394440276]]]},"properties":{"DAUID":"46130105","DGUID":"2021S051246130105","LANDAREA":1.256,"PRUID":"46","CMA":"Winnipeg"}},
{"type":"Feature","geometry":{"type":"Polygon","coordinates":[[[-97.02576420117538,50.02583979037136],[-97.00839129788407,50.030993810015865],[-97.00393940651905,50.03194271135192],[-96.97983138747006,50.02110019127012],[-96.9778703785958,50.020256491939094],[-96.96221719386277,50.029238495181566],[-96.94739060839841,50.03769319525487],[-96.94828001371283,50.03812269293005],[-96.9741173007659,50.049397707069794],[-96.98170200327881,50.05274109357631],[-96.9854308217005,50.056272388534566],[-96.98749069885393,50.05327870812288],[-96.98813532417168,50.049663360054836],[-96.98702556415407,50.046893911193976],[-96.98585273670898,50.04302568693812],[-96.98658764756713,50.040595188052855],[-96.98986255320882,50.03910780850093],[-96.99192292776863,50.03872043481441],[-96.99849868060596,50.03878134169377],[-97.00052868105325,50.038281298190796],[-97.00220063917742,50.0369808585398],[-97.0032151530582,50.03531559900436],[-97.00661693444714,50.033054096249096],[-97.00971151314255,50.03246266280913],[-97.01230357182294,50.032223870057656],[-97.01520637455376,50.03240938692096],[-97.02208442893007,50.033496513216036],[-97.02565983575307,50.03324800561017],[-97.02898949013631,50.03194450920731],[-97.0308500619457,50.030738398594636],[-97.0322466386342,50.02865676278964],[-97.02576420117538,50.02583979037136]]]},"properties":{"DAUID":"46130117","DGUID":"2021S051246130117","LANDAREA":7.6988,"PRUID":"46","CMA":"Winnipeg"}},
{"type":"Feature","geometry":{"type":"Polygon","coordinates":[[[-96.9925446939164,50.01084179969415],[-96.99142970411565,50.01247758791527],[-96.9778703785958,50.020256491939094],[-96.97983138747006,50.02110019127012],[-97.00393940651905,50.03194271135192],[-97.00839129788407,50.030993810015865],[-97.02576420117538,50.02583979037136],[-97.01191660289066,50.01930889126108],[-97.00007658624492,50.01405245309753],[-96.9925446939164,50.01084179969415]]]},"properties":{"DAUID":"46130118","DGUID":"2021S051246130118","LANDAREA":3.7795,"PRUID":"46","CMA":"Winnipeg"}},
{"type":"Feature","geometry":{"type":"Polygon","coordinates":[[[-96.9452881956483,50.001550012941365],[-96.94931356220135,50.00165585286499],[-96.94903559750671,50.004178589593245],[-96.95646250064537,50.00756720887107],[-96.95399469893044,50.00947560320588],[-96.95043419092782,50.00786559006866],[-96.95190211786291,50.0064973037075],[-96.95067420666741,50.00616079713091],[-96.94935159472801,50.007396702451345],[-96.94861188248484,50.00706880590446],[-96.95010840557651,50.005683012656206],[-96.949283095359,50.00539860178062],[-96.94784459366966,50.00673141176103],[-96.94151851486576,50.00387579871443],[-96.94027435155462,50.003885069680145],[-96.93961862823964,50.008241858062206],[-96.93244095049648,50.00837820023716],[-96.93244936687788,50.01100716835427],[-96.92178519032672,50.01098078879589],[-96.92053299888285,50.01153410562956],[-96.92286421073057,50.01185470978317],[-96.93722081929529,50.01820050123863],[-96.94189980100369,50.01945299544538],[-96.94231370406791,50.01956830437147],[-96.96769879526329,49.99960610186804],[-96.95673430673911,49.99460159677325],[-96.95681800833695,49.99622169282286],[-96.95617761262592,49.99651630555694],[-96.9512509035273,49.996537300624915],[-96.95085208653866,49.996728093928716],[-96.95087879639901,50.00003878782005],[-96.95030720993627,50.000352493126535],[-96.94577760180658,50.00021839185579],[-96.9452881956483,50.001550012941365]]]},"properties":{"DAUID":"46130121","DGUID":"2021S051246130121","LANDAREA":3.0477,"PRUID":"46","CMA":"Winnipeg"}},
{"type":"Feature","geometry":{"type":"Polygon","coordinates":[[[-96.94151851486576,50.00387579871443],[-96.94784459366966,50.00673141176103],[-96.949283095359,50.00539860178062],[-96.95010840557651,50.005683012656206],[-96.94861188248484,50.00706880590446],[-96.94935159472801,50.007396702451345],[-96.95067420666741,50.00616079713091],[-96.95190211786291,50.0064973037075],[-96.95043419092782,50.00786559006866],[-96.95399469893044,50.00947560320588],[-96.95646250064537,50.00756720887107],[-96.94903559750671,50.004178589593245],[-96.94931356220135,50.00165585286499],[-96.9452881956483,50.001550012941365],[-96.94532310395535,50.003349604571525],[-96.94454861213674,50.00383959595445],[-96.94151851486576,50.00387579871443]]]},"properties":{"DAUID":"46130122","DGUID":"2021S051246130122","LANDAREA":0.2906,"PRUID":"46","CMA":"Winnipeg"}},
{"type":"Feature","geometry":{"type":"Polygon","coordinates":[[[-96.62796920717798,50.2688047015187],[-96.65107851533233,50.269184296908485],[-96.67418129000785,50.269127401932764],[-96.70069081537467,50.26914239274592],[-96.70245621407761,50.269492207423745],[-96.70433031775943,50.26904351115013],[-96.72547989478886,50.25725340437879],[-96.72855960454996,50.255334692631095],[-96.73086878936512,50.25309519721507],[-96.74479991024302,50.23823699800617],[-96.74545369233526,50.237458208884526],[-96.75736780959194,50.224754104600954],[-96.77849618059378,50.20214209376781],[-96.78226088872906,50.19771661005004],[-96.78442929076095,50.19537431054005],[-96.7491950913584,50.19523641267528],[-96.74930028305664,50.18048660915876],[-96.74331078804238,50.18036140154946],[-96.74342911827166,50.16625950635825],[-96.74939299117798,50.166294293439506],[-96.74961671742498,50.136785788563394],[-96.7725507966423,50.136868298179195],[-96.7725325165799,50.12159439202851],[-96.77264728183309,50.10917438850214],[-96.77292799302626,50.09980689963356],[-96.77293640661335,50.092089196310376],[-96.77305111658343,50.077382807776516],[-96.77318581487387,50.0626452062435],[-96.75039841453868,50.06259278974421],[-96.70446089695812,50.062357000809435],[-96.70426388583422,50.06970220126955],[-96.71660999821309,50.06944571131599],[-96.7166120019582,50.07708130007563],[-96.71595789900563,50.08009601272937],[-96.71705176637417,50.090642175442824],[-96.71370231084948,50.09043846737451],[-96.71366679027777,50.09148720598121],[-96.7039158002003,50.09132000209347],[-96.70394491473958,50.093344311183834],[-96.70397521315027,50.10676440527739],[-96.70369140879589,50.12144909578364],[-96.7030214005646,50.1506533015284],[-96.68000411218607,50.150633695120305],[-96.67991721921625,50.16549330089503],[-96.67988751280791,50.18027170423553],[-96.679931814254,50.20536889502759],[-96.6798170993298,50.21235569162471],[-96.67991628275234,50.23948670899193],[-96.67416759896543,50.23945270146678],[-96.6271030658661,50.23935084275767],[-96.62791008936927,50.265783406741775],[-96.62796920717798,50.2688047015187]]]},"properties":{"DAUID":"46130123","DGUID":"2021S051246130123","LANDAREA":120.2636,"PRUID":"46","CMA":"Winnipeg"}},
{"type":"Feature","geometry":{"type":"Polygon","coordinates":[[[-96.84278951846821,50.19106900915007],[-96.83612721908008,50.19056539907901],[-96.83301508623369,50.18998570082803],[-96.82878461069969,50.188116705454384],[-96.82414719962438,50.18596099072679],[-96.80093998170979,50.17728450039527],[-96.79937389762308,50.17692199737675],[-96.79530318542773,50.176808805135806],[-96.79524739908712,50.18288829734504],[-96.79431601510656,50.18516430989405],[-96.7912198959273,50.18850561028798],[-96.78781749511178,50.19179590002405],[-96.78442929076095,50.19537431054005],[-96.78226088872906,50.19771661005004],[-96.77849618059378,50.20214209376781],[-96.75736780959194,50.224754104600954],[-96.74545369233526,50.237458208884526],[-96.74479991024302,50.23823699800617],[-96.73086878936512,50.25309519721507],[-96.72855960454996,50.255334692631095],[-96.72547989478886,50.25725340437879],[-96.70433031775943,50.26904351115013],[-96.70245621407761,50.269492207423745],[-96.70069081537467,50.26914239274592],[-96.67418129000785,50.269127401932764],[-96.67423950710226,50.295861607288536],[-96.67427990830087,50.29877678888781],[-96.68811250313773,50.29876499803598],[-96.67298336820286,50.31489329952832],[-96.67360948338204,50.31517737828885],[-96.67428160633958,50.317163000656436],[-96.67430599821456,50.328460600540765],[-96.66025420625404,50.32846638990986],[-96.6557167195645,50.33329519112629],[-96.6530932132766,50.33691219990316],[-96.65181248663352,50.33827794482612],[-96.65181399178498,50.34349990556679],[-96.65152254535278,50.36986737337865],[-96.64799298242622,50.370037552898246],[-96.64293323665073,50.375627752503256],[-96.64325420958826,50.37734322087328],[-96.64480269815863,50.37926891703746],[-96.64709292495913,50.38085116214907],[-96.64532624370915,50.382205601351544],[-96.64047458277822,50.38240064251932],[-96.64039978717705,50.38431054190108],[-96.63687447309552,50.38291182416805],[-96.63398816951346,50.38324444461946],[-96.632964568403,50.383034733235704],[-96.63195639036073,50.381317534737775],[-96.62871093543814,50.382639986663314],[-96.62892300786774,50.38480530286502],[-96.62936271632984,50.38491946503574],[-96.64044605124704,50.38502036573186],[-96.64080426987357,50.40285555502912],[-96.64272445908901,50.402383043883034],[-96.64429485295615,50.40093973298536],[-96.64635937351851,50.39960534577185],[-96.65002545014958,50.39832123903703],[-96.65103926933917,50.397739131265055],[-96.65087915372482,50.39656654856671],[-96.6518449741031,50.39610033421936],[-96.65505916216165,50.3971231301019],[-96.65622187662922,50.39580183974886],[-96.65835065657906,50.39486433813514],[-96.66062144117365,50.395755542215674],[-96.6668057646327,50.39575832611442],[-96.67433464542054,50.39387634824553],[-96.67837845353561,50.3933320398609],[-96.67966024210283,50.39287192994104],[-96.68636785260243,50.39208813247131],[-96.6920304466626,50.39079744114742],[-96.69506404114955,50.390331424367076],[-96.6965567711977,50.38943452933198],[-96.69700167703428,50.38823802485073],[-96.70073426272423,50.38960273794582],[-96.70420434241257,50.389707232209496],[-96.7059701531256,50.38941383963657],[-96.70766635162062,50.38969014596096],[-96.71138265014942,50.38891783346605],[-96.71697667697802,50.388888323574],[-96.71830994713598,50.38910343515243],[-96.72448346575634,50.38857684857776],[-96.73051954283969,50.388420439364985],[-96.73065587172503,50.38895372716855],[-96.7363555693141,50.38862413052179],[-96.74630736473564,50.38881744316169],[-96.75768147249053,50.38958154417743],[-96.75952877411952,50.38768385323834],[-96.76107344283592,50.38812502356212],[-96.76180375841963,50.38913483807006],[-96.76398107844294,50.389356547367825],[-96.76595074874648,50.38995663290135],[-96.76836956534652,50.38998053608385],[-96.77290625639553,50.39044534718801],[-96.77664885303527,50.39044504043648],[-96.77857697632204,50.39013104354943],[-96.7800716594383,50.38945802564142],[-96.78192817239876,50.387663045382716],[-96.7817455554323,50.386602632214725],[-96.78243167984638,50.38546443666624],[-96.79619995313473,50.383891336828064],[-96.79729713991566,50.385715531214196],[-96.8004400787728,50.38817662284518],[-96.80177374691043,50.3914309402737],[-96.80466126297154,50.39440872920276],[-96.80639466559617,50.39480572550364],[-96.80990757042375,50.39414783534747],[-96.81155417184524,50.39566753083318],[-96.8124834747912,50.397335540588465],[-96.81651065523467,50.39742924175919],[-96.82662126157274,50.39788842594826],[-96.83046885982016,50.39791084816601],[-96.83889343981969,50.39862533543327],[-96.84047527726256,50.3986547393965],[-96.85087194297466,50.39964344278198],[-96.85109676750888,50.39980492899446],[-96.86150746786855,50.400648937111846],[-96.86945734521977,50.40208563832795],[-96.8715288456954,50.40170983959321],[-96.87271413517425,50.400454863505814],[-96.87197670173731,50.39969127656975],[-96.87070838073592,50.39702987365731],[-96.86942976032324,50.39338125300239],[-96.86826888189155,50.39110383802047],[-96.86602470375195,50.38922382820078],[-96.86223273823823,50.38820356830524],[-96.85884193106891,50.38801882750825],[-96.85483025673,50.387390384600785],[-96.85268692803072,50.38632226845604],[-96.85186414472882,50.38484441462617],[-96.85196946708294,50.38328186699155],[-96.85355055367039,50.381743638359275],[-96.8562187062022,50.38028057514394],[-96.8572126845,50.37910126173936],[-96.85751168875669,50.37690702349351],[-96.85699566364836,50.37580306353039],[-96.85501650252144,50.374127851062084],[-96.852160807269,50.37124580778862],[-96.8503065079286,50.369039312738316],[-96.8484314138031,50.36614761796136],[-96.84657006777952,50.36285158334169],[-96.8457510109088,50.36031008085064],[-96.84527985402927,50.35750892278276],[-96.84521195864232,50.355413952473505],[-96.84466072061709,50.35350467614049],[-96.84350237363756,50.35154539015096],[-96.84021130901111,50.34884805819056],[-96.83965011173467,50.34733372508033],[-96.83663651204469,50.34406399041948],[-96.83156928604764,50.34117404479867],[-96.82867838057646,50.33926266836566],[-96.82618848484096,50.33700776016206],[-96.824995116937,50.33500982175475],[-96.8236300447991,50.33160817205308],[-96.82278394664975,50.32802664049975],[-96.82294303449264,50.324044864322836],[-96.82393479833367,50.32051467812717],[-96.82604008785655,50.31808227259789],[-96.83398589360863,50.3099140055858],[-96.83797970961476,50.30433117442285],[-96.83965715974652,50.30254727356376],[-96.84191746828226,50.30113879607317],[-96.84411109106784,50.30021925430115],[-96.84843230265577,50.29913201775557],[-96.85384552188681,50.298192066808944],[-96.85882499313708,50.296808240838416],[-96.86122059024218,50.29573651050916],[-96.86276525167675,50.29442436816039],[-96.86348469424956,50.29256698031519],[-96.86326271479327,50.28998821120052],[-96.86253541681293,50.28895247208688],[-96.85696876927433,50.28502442237619],[-96.85323134354256,50.28274411344459],[-96.84962808874222,50.279364424035556],[-96.84852043216979,50.27753847289022],[-96.8472510650026,50.27464828924243],[-96.84683515504454,50.27228178511116],[-96.84682564102458,50.26280578897699],[-96.84694818234772,50.260622113481425],[-96.84653100670131,50.25831302730103],[-96.84450500191906,50.254589077221375],[-96.84229564026577,50.251689393000646],[-96.83889479423244,50.24643325303929],[-96.83456774828737,50.24176059512229],[-96.83324582273377,50.238890645681785],[-96.83359516759003,50.23715929116061],[-96.83356410942007,50.232462847886175],[-96.83286224752402,50.229466006934565],[-96.83158757838399,50.22596822363252],[-96.8315462299299,50.22392818262398],[-96.83219542868599,50.22065978124522],[-96.83364398519949,50.217472274931616],[-96.83535810919743,50.21547835631729],[-96.83545748347387,50.21384355778893],[-96.83499793732865,50.213138042430636],[-96.83281620357124,50.20762007321505],[-96.83108719649896,50.20411917518014],[-96.83086811890871,50.20250522499387],[-96.83179329764116,50.20039609892715],[-96.83374139567046,50.198930747113074],[-96.83903681669265,50.19560863769458],[-96.8406650464484,50.19441161800124],[-96.84240382675908,50.19257856790087],[-96.84278951846821,50.19106900915007]]]},"properties":{"DAUID":"46130124","DGUID":"2021S051246130124","LANDAREA":156.9381,"PRUID":"46","CMA":"Winnipeg"}},
{"type":"Feature","geometry":{"type":"Polygon","coordinates":[[[-96.65181248663352,50.33827794482612],[-96.65198084137539,50.32422480209075],[-96.65221944415853,50.30923344095811],[-96.6286440486942,50.309297052524926],[-96.55460944247021,50.30958140977072],[-96.55464726469825,50.31893450873081],[-96.55474944081094,50.37121723307964],[-96.58221662520582,50.37126068888319],[-96.58191619890121,50.38244239909566],[-96.58185930270947,50.385108345332384],[-96.60904006732113,50.38496835977238],[-96.6172724043816,50.384854898751435],[-96.62892300786774,50.38480530286502],[-96.62871093543814,50.382639986663314],[-96.63195639036073,50.381317534737775],[-96.632964568403,50.383034733235704],[-96.63398816951346,50.38324444461946],[-96.63687447309552,50.38291182416805],[-96.64039978717705,50.38431054190108],[-96.64047458277822,50.38240064251932],[-96.64532624370915,50.382205601351544],[-96.64709292495913,50.38085116214907],[-96.64480269815863,50.37926891703746],[-96.64325420958826,50.37734322087328],[-96.64293323665073,50.375627752503256],[-96.64799298242622,50.370037552898246],[-96.65152254535278,50.36986737337865],[-96.65181399178498,50.34349990556679],[-96.65181248663352,50.33827794482612]],[[-96.63988629797285,50.37487936012452],[-96.63123588360311,50.37894140796593],[-96.62999182732268,50.37815745301797],[-96.63889576744494,50.37389457248374],[-96.63988629797285,50.37487936012452]],[[-96.6307352141857,50.37681577078457],[-96.6289463214231,50.37772484089604],[-96.62608701385736,50.37674188835801],[-96.63019522215544,50.37496286683554],[-96.63675930389037,50.371825579996134],[-96.63825112701515,50.37306586542573],[-96.6307352141857,50.37681577078457]]]},"properties":{"DAUID":"46130125","DGUID":"2021S051246130125","LANDAREA":53.0131,"PRUID":"46","CMA":"Winnipeg"}},
{"type":"Feature","geometry":{"type":"Polygon","coordinates":[[[-96.63988629797285,50.37487936012452],[-96.63889576744494,50.37389457248374],[-96.62999182732268,50.37815745301797],[-96.63123588360311,50.37894140796593],[-96.63988629797285,50.37487936012452]]]},"properties":{"DAUID":"46130126","DGUID":"2021S051246130126","LANDAREA":0.0976,"PRUID":"46","CMA":"Winnipeg"}},
{"type":"Feature","geometry":{"type":"Polygon","coordinates":[[[-96.6307352141857,50.37681577078457],[-96.63825112701515,50.37306586542573],[-96.63675930389037,50.371825579996134],[-96.63019522215544,50.37496286683554],[-96.62608701385736,50.37674188835801],[-96.6289463214231,50.37772484089604],[-96.6307352141857,50.37681577078457]]]},"properties":{"DAUID":"46130127","DGUID":"2021S051246130127","LANDAREA":0.1691,"PRUID":"46","CMA":"Winnipeg"}},
{"type":"Feature","geometry":{"type":"Polygon","coordinates":[[[-96.52736108066809,50.41593609730524],[-96.52552770304875,50.41412399990545],[-96.52433611788918,50.40997890066755],[-96.52182828154471,50.40678630683444],[-96.51889660244238,50.40524858725885],[-96.51592230800044,50.40425860569688],[-96.51384361938017,50.403908300989336],[-96.51376651618105,50.40027268690506],[-96.54513091366289,50.40008458974543],[-96.54644899193742,50.3999056118593],[-96.58191619890121,50.38244239909566],[-96.58221662520582,50.37126068888319],[-96.55474944081094,50.37121723307964],[-96.55464726469825,50.31893450873081],[-96.55460944247021,50.30958140977072],[-96.6286440486942,50.309297052524926],[-96.65221944415853,50.30923344095811],[-96.65198084137539,50.32422480209075],[-96.65181248663352,50.33827794482612],[-96.6530932132766,50.33691219990316],[-96.6557167195645,50.33329519112629],[-96.66025420625404,50.32846638990986],[-96.67430599821456,50.328460600540765],[-96.67428160633958,50.317163000656436],[-96.67360948338204,50.31517737828885],[-96.67298336820286,50.31489329952832],[-96.68811250313773,50.29876499803598],[-96.67427990830087,50.29877678888781],[-96.67423950710226,50.295861607288536],[-96.67418129000785,50.269127401932764],[-96.65107851533233,50.269184296908485],[-96.62796920717798,50.2688047015187],[-96.62825570707021,50.28365239016163],[-96.617594734697,50.2828485732627],[-96.60393530549707,50.28159416702641],[-96.56605471662684,50.281731087854254],[-96.5124555188096,50.281703602344514],[-96.50000321453184,50.28171891768535],[-96.49049569610095,50.28198182973136],[-96.48443410077083,50.282239107721566],[-96.46785068807067,50.282084001419015],[-96.44700871189556,50.28225748848731],[-96.4331257150244,50.28223939022125],[-96.42186868671708,50.28246690691349],[-96.40844369170969,50.282545989628716],[-96.3950433050309,50.282686997227216],[-96.35295451469861,50.282707093039726],[-96.35305998032602,50.308121403220525],[-96.35322418808677,50.321600112795934],[-96.35315818449195,50.32683388843228],[-96.35359169988364,50.32687069221452],[-96.37582379371624,50.32682620968345],[-96.37702169097741,50.32676331174242],[-96.39912709092201,50.32672051062269],[-96.4275957190584,50.32645469708287],[-96.44526489731504,50.326331706048876],[-96.44546320065218,50.34149301098491],[-96.4454335886675,50.37032181090769],[-96.44543159620497,50.39391599258761],[-96.4454910153364,50.40118529482839],[-96.44640091020491,50.40179900464351],[-96.44545548966562,50.4036762026307],[-96.44542291574028,50.41527010353577],[-96.48644581320146,50.41525570842493],[-96.49147049720888,50.41527419157885],[-96.49999998379016,50.416095199230476],[-96.51428959656461,50.416897598958926],[-96.51447730305556,50.416270339147964],[-96.52736108066809,50.41593609730524]]]},"properties":{"DAUID":"46130128","DGUID":"2021S051246130128","LANDAREA":181.0466,"PRUID":"46","CMA":"Winnipeg"}},
{"type":"Feature","geometry":{"type":"Polygon","coordinates":[[[-96.58303299767947,50.547818194116715],[-96.58627410213039,50.54788156956287],[-96.59595037269997,50.547703629088126],[-96.59548755237697,50.54037729060189],[-96.59953751352802,50.54044877299161],[-96.60122486603898,50.54234804845846],[-96.59965536325716,50.54379083561433],[-96.60008013753628,50.5465430355595],[-96.59980580250551,50.54777579575729],[-96.62940518268567,50.54756699446878],[-96.63076544287355,50.547702234542875],[-96.6299236714414,50.54567044795647],[-96.62834934546072,50.54356952462216],[-96.62785226267602,50.54166152833784],[-96.62889734019217,50.5382738256793],[-96.62784896049185,50.536102745797045],[-96.6275787712905,50.53389352707066],[-96.62625756838989,50.53266134388566],[-96.62360806261313,50.53118613829337],[-96.62217226341959,50.53083294586457],[-96.62127229872443,50.53130942153872],[-96.61541123781895,50.529734797281584],[-96.61545525322806,50.528033125341906],[-96.61853746518965,50.524831130921136],[-96.61795634306993,50.522921342500226],[-96.61483025938257,50.521679031433735],[-96.61394726684397,50.52072543305923],[-96.61279124715064,50.52210494967318],[-96.61114066678758,50.520982634646344],[-96.60960445082766,50.52150883374041],[-96.60670965724444,50.52072072733965],[-96.60488166827525,50.51753494311712],[-96.60435456367142,50.512343136109465],[-96.60489056969429,50.51039333314593],[-96.60497026643647,50.50770554305062],[-96.60414176143074,50.505682631481854],[-96.6025974600508,50.50359104117887],[-96.60265585703581,50.50104673136374],[-96.60050846969798,50.49778234235992],[-96.59877057012676,50.496181342159225],[-96.59837446967447,50.49509383733304],[-96.59429246094723,50.49189733630984],[-96.58846015579971,50.48709023161064],[-96.58562645107008,50.48515153737468],[-96.5830211459877,50.48205723742474],[-96.582213850218,50.47936894229586],[-96.58212176010174,50.476479739740284],[-96.58324616928549,50.47405653393397],[-96.58087173845495,50.47197432914697],[-96.58022854524498,50.470494728275575],[-96.57740046763845,50.468196224662485],[-96.57610066333173,50.467431528347745],[-96.57563306822557,50.46582972809311],[-96.57618244285814,50.464455943125],[-96.57592537726822,50.46231884860219],[-96.57387797025766,50.45882213150879],[-96.57458823635184,50.455679725196156],[-96.57358264380085,50.45412963576559],[-96.57392496574069,50.453498146213846],[-96.57341226644873,50.451679437305216],[-96.57277196437828,50.45125234039523],[-96.57433177139916,50.44912613675262],[-96.57437684359033,50.44824553634807],[-96.57816864434716,50.44406103076556],[-96.58478794245738,50.43744353132272],[-96.58915045854813,50.43474113757263],[-96.59255524699486,50.43300364581334],[-96.59449945088808,50.43104253371239],[-96.59354917653019,50.42965114068694],[-96.59494184152243,50.428866748749996],[-96.59780544288414,50.43027434710633],[-96.5994832533961,50.429814249184595],[-96.60503725888248,50.42774753886655],[-96.61322344414233,50.424844025304964],[-96.62016536321352,50.42301192749201],[-96.62323695063976,50.42296684761045],[-96.62547147733272,50.4234712445808],[-96.62620495200456,50.42499282816427],[-96.6277436717134,50.425195127106555],[-96.63004204192748,50.42752672779996],[-96.6312999685872,50.42743092861696],[-96.63247884748219,50.426240626418036],[-96.63035844679825,50.42499664902027],[-96.6305472562221,50.42389414847196],[-96.62922647320478,50.422994643644806],[-96.62762226861142,50.42283603374864],[-96.62698067278824,50.42130732501601],[-96.62767706282042,50.419909347950714],[-96.62608514968449,50.41683214054693],[-96.62778014721536,50.41488784964683],[-96.62975977232043,50.4140062351509],[-96.6316064617196,50.41367053999457],[-96.63291696805257,50.412797747443896],[-96.63533956841016,50.412626632714584],[-96.6340504711494,50.41095434189855],[-96.63447214667873,50.40969474589477],[-96.6338468454931,50.408683528716566],[-96.63448882958873,50.40745875897776],[-96.62886114100347,50.407594645757065],[-96.62878942084086,50.38878265529939],[-96.62892300786774,50.38480530286502],[-96.6172724043816,50.384854898751435],[-96.60904006732113,50.38496835977238],[-96.58185930270947,50.385108345332384],[-96.58191619890121,50.38244239909566],[-96.54644899193742,50.3999056118593],[-96.54513091366289,50.40008458974543],[-96.51376651618105,50.40027268690506],[-96.51384361938017,50.403908300989336],[-96.51592230800044,50.40425860569688],[-96.51889660244238,50.40524858725885],[-96.52182828154471,50.40678630683444],[-96.52433611788918,50.40997890066755],[-96.52552770304875,50.41412399990545],[-96.52736108066809,50.41593609730524],[-96.53758609444724,50.416013611932414],[-96.5376997100907,50.437823195549534],[-96.53767418517565,50.44374139221612],[-96.53780181124516,50.45213629131125],[-96.53781330573888,50.48906961134474],[-96.53759661429561,50.50353768836316],[-96.53727278640037,50.53306091152935],[-96.58302338031224,50.53310259115799],[-96.58303299767947,50.547818194116715]]]},"properties":{"DAUID":"46130129","DGUID":"2021S051246130129","LANDAREA":74.6089,"PRUID":"46","CMA":"Winnipeg"}},
{"type":"Feature","geometry":{"type":"Polygon","coordinates":[[[-96.62892300786774,50.38480530286502],[-96.62878942084086,50.38878265529939],[-96.62886114100347,50.407594645757065],[-96.63448882958873,50.40745875897776],[-96.6357781438861,50.40664502861497],[-96.63599107153695,50.4053361417062],[-96.63906245671068,50.403433125518305],[-96.64080426987357,50.40285555502912],[-96.64044605124704,50.38502036573186],[-96.62936271632984,50.38491946503574],[-96.62892300786774,50.38480530286502]]]},"properties":{"DAUID":"46130130","DGUID":"2021S051246130130","LANDAREA":1.9319,"PRUID":"46","CMA":"Winnipeg"}},
{"type":"Feature","geometry":{"type":"Polygon","coordinates":[[[-97.06543699131677,49.96847391205353],[-97.06385530994702,49.96778080422718],[-97.06156340588214,49.97102570416421],[-97.05544600649912,49.97574459993513],[-97.05388120495846,49.97719350275826],[-97.05155210246029,49.97568419890952],[-97.04889459078247,49.974609107615784],[-97.045873109935,49.9748281081601],[-97.04371551660535,49.97425519976421],[-97.0409674811436,49.97404369569232],[-97.03561120712061,49.971659404869705],[-97.03498151918465,49.97076441169011],[-97.03245032040711,49.97046331107095],[-97.02949309116215,49.968893102471014],[-97.02723768525458,49.968072811812455],[-97.02678361729244,49.96727369820207],[-97.02359069188228,49.96714190181826],[-97.01706418249515,49.97228819881736],[-97.01503969216185,49.974376412738565],[-97.01767951201556,49.97552489221256],[-97.02247860734326,49.97697710865903],[-97.02523879894535,49.9789822893484],[-97.02623040816592,49.979370695742794],[-97.02856740665331,49.97986919680344],[-97.03404480198547,49.98231199856325],[-97.0385583914771,49.98423931165909],[-97.03508929549992,49.987553697970625],[-97.03767998131093,49.98868590439958],[-97.04137998151808,49.99033159656736],[-97.04359051375965,49.98812020436737],[-97.045336802252,49.989094104887116],[-97.04456006540586,49.99122207055431],[-97.04560680765152,49.992382557166366],[-97.04878813491523,49.991123217736074],[-97.0502247933041,49.98948448237408],[-97.05167185165453,49.98533231249746],[-97.05246997883411,49.98385876199984],[-97.0535816558287,49.98294267643093],[-97.0583022691652,49.979864033069894],[-97.0603365909314,49.97794598287895],[-97.06291879925483,49.97399257649555],[-97.06543699131677,49.96847391205353]]]},"properties":{"DAUID":"46130131","DGUID":"2021S051246130131","LANDAREA":3.749,"PRUID":"46","CMA":"Winnipeg"}},
{"type":"Feature","geometry":{"type":"Polygon","coordinates":[[[-97.027988714585,49.96365939645281],[-97.02359069188228,49.96714190181826],[-97.02678361729244,49.96727369820207],[-97.02723768525458,49.968072811812455],[-97.02949309116215,49.968893102471014],[-97.03245032040711,49.97046331107095],[-97.03498151918465,49.97076441169011],[-97.03561120712061,49.971659404869705],[-97.0409674811436,49.97404369569232],[-97.04371551660535,49.97425519976421],[-97.045873109935,49.9748281081601],[-97.04889459078247,49.974609107615784],[-97.05155210246029,49.97568419890952],[-97.05388120495846,49.97719350275826],[-97.05544600649912,49.97574459993513],[-97.03011039214861,49.96463089141369],[-97.027988714585,49.96365939645281]]]},"properties":{"DAUID":"46130132","DGUID":"2021S051246130132","LANDAREA":0.8499,"PRUID":"46","CMA":"Winnipeg"}},
{"type":"Feature","geometry":{"type":"Polygon","coordinates":[[[-96.93405219720597,50.07966988700843],[-96.93502221301846,50.07823899913241],[-96.9386047958968,50.07553230484195],[-96.94724670049331,50.070198496482206],[-96.94892828755425,50.06779959161635],[-96.95025321118243,50.06687859261145],[-96.9547849032583,50.06514159211051],[-96.97353390602095,50.059929587906666],[-96.97499290101136,50.05912760509534],[-96.98170200327881,50.05274109357631],[-96.9741173007659,50.049397707069794],[-96.94828001371283,50.03812269293005],[-96.94739060839841,50.03769319525487],[-96.93047918304636,50.047404204588204],[-96.92790681585656,50.049400206483234],[-96.92800688312289,50.050643303972244],[-96.9291574134099,50.07421301038491],[-96.92945238091617,50.07612490174322],[-96.931258492641,50.07832490847874],[-96.93405219720597,50.07966988700843]]]},"properties":{"DAUID":"46130133","DGUID":"2021S051246130133","LANDAREA":9.4384,"PRUID":"46","CMA":"Winnipeg"}},
{"type":"Feature","geometry":{"type":"Polygon","coordinates":[[[-96.94739060839841,50.03769319525487],[-96.96221719386277,50.029238495181566],[-96.95027920852922,50.02397290083323],[-96.93804171543519,50.03358758766142],[-96.94739060839841,50.03769319525487]]]},"properties":{"DAUID":"46130134","DGUID":"2021S051246130134","LANDAREA":1.2715,"PRUID":"46","CMA":"Winnipeg"}},
{"type":"Feature","geometry":{"type":"Polygon","coordinates":[[[-97.229446416028,49.9460060116136],[-97.22940458744924,49.947525494664646],[-97.22938190747739,49.97550819680442],[-97.18387300801872,49.975461108730165],[-97.18380494911719,49.982986127091834],[-97.18389648888825,49.99039291314589],[-97.183476100681,49.990513914728155],[-97.18346721080594,49.997399315874844],[-97.18388233546126,50.00513346632116],[-97.1837608789447,50.01954909582129],[-97.18381068773844,50.0256243153819],[-97.18383928755932,50.04537735168747],[-97.18460001996534,50.04912200790688],[-97.18391818673996,50.06385379277868],[-97.2068607824631,50.0638867084102],[-97.25269072054346,50.063938211209994],[-97.28709120251023,50.06397440258381],[-97.32146801185601,50.06388300939084],[-97.34444061701709,50.06385330589091],[-97.34438770959424,50.062952999894975],[-97.3442118132885,50.03437460906872],[-97.3443581129201,50.019562497589256],[-97.34423448857267,50.004881405111895],[-97.34405569040915,49.999931694658585],[-97.3291151051107,49.99013810087454],[-97.32243188660624,49.990149601351554],[-97.3190737979996,49.990028995104375],[-97.31392319970259,49.988901905543145],[-97.3096097057272,49.98698618691224],[-97.31214540369307,49.9850891991022],[-97.31698900951088,49.980608290525836],[-97.31884690981957,49.97933101006435],[-97.31975350899394,49.97812978850252],[-97.32060851178315,49.97560590904106],[-97.32053461226327,49.95689549189086],[-97.31573071591522,49.955521593694634],[-97.2983688132316,49.950905687783454],[-97.29826659627292,49.931259503978],[-97.26252870039944,49.93121885373119],[-97.26381082147837,49.91602028719208],[-97.24551024326853,49.91593058293297],[-97.2295659821859,49.91650460206119],[-97.22961617847824,49.93300538614694],[-97.22962611431356,49.93996419259961],[-97.22918259116726,49.9404121917053],[-97.22944291896215,49.94230009294721],[-97.229446416028,49.9460060116136]]]},"properties":{"DAUID":"46140051","DGUID":"2021S051246140051","LANDAREA":140.9541,"PRUID":"46","CMA":"Winnipeg"}},
{"type":"Feature","geometry":{"type":"Polygon","coordinates":[[[-97.44411542807707,49.923295335650344],[-97.43664727457183,49.92334361446787],[-97.4272169568042,49.92318725873868],[-97.41221124268688,49.92325601201859],[-97.41203748656943,49.925461699700946],[-97.40674540173359,49.92538909407072],[-97.38950282906953,49.9258995490906],[-97.38946612771203,49.92760882612568],[-97.36671014066293,49.92736464257774],[-97.34954141828094,49.92703471080766],[-97.32673310223082,49.927392922933215],[-97.32039954831775,49.927257641546795],[-97.32023038707118,49.92877601000029],[-97.30993205924143,49.92874988435016],[-97.2981602470031,49.92888136964712],[-97.29826659627292,49.931259503978],[-97.2983688132316,49.950905687783454],[-97.31573071591522,49.955521593694634],[-97.32053461226327,49.95689549189086],[-97.32060851178315,49.97560590904106],[-97.31975350899394,49.97812978850252],[-97.31884690981957,49.97933101006435],[-97.31698900951088,49.980608290525836],[-97.31214540369307,49.9850891991022],[-97.3096097057272,49.98698618691224],[-97.31392319970259,49.988901905543145],[-97.3190737979996,49.990028995104375],[-97.32243188660624,49.990149601351554],[-97.3291151051107,49.99013810087454],[-97.34405569040915,49.999931694658585],[-97.34423448857267,50.004881405111895],[-97.3443581129201,50.019562497589256],[-97.3442118132885,50.03437460906872],[-97.34438770959424,50.062952999894975],[-97.34444061701709,50.06385330589091],[-97.3932490948301,50.063819695796816],[-97.43636970216352,50.06380609125368],[-97.43637091064701,50.057838991726435],[-97.43725930118246,50.05585791029177],[-97.4363745098207,50.053719591943825],[-97.43630418187601,50.04859800513838],[-97.43628148135075,50.021387000871215],[-97.43582180239268,50.00501910650045],[-97.43557751169091,49.987179405809854],[-97.44173311427461,49.988800387322335],[-97.44484631466892,49.98916601067257],[-97.44924849730259,49.99023231020716],[-97.4822172967977,49.99018260641994],[-97.48209940927315,49.97664419100352],[-97.48251738533982,49.960693194631055],[-97.51698511075203,49.960662305893635],[-97.51724563012317,49.95688750763638],[-97.51112023192682,49.95705249679062],[-97.51140242976905,49.95327530432028],[-97.50515011191023,49.953215159001026],[-97.50538114472874,49.94940551588392],[-97.49891471088361,49.94942944541256],[-97.4986040627985,49.945728495895274],[-97.49342358728201,49.945606783841704],[-97.49329409438452,49.94172593719792],[-97.48785921440134,49.941763968828646],[-97.48715528235866,49.934731443636814],[-97.4824128711388,49.93449645872089],[-97.48215075703479,49.930871871735455],[-97.47635218171051,49.930684337541834],[-97.47620457964766,49.92684020005007],[-97.47063450184608,49.92695565100815],[-97.47052475155024,49.923553534114106],[-97.45911320787494,49.923706406879354],[-97.44411542807707,49.923295335650344]]]},"properties":{"DAUID":"46140052","DGUID":"2021S051246140052","LANDAREA":146.0231,"PRUID":"46","CMA":"Winnipeg"}},
{"type":"Feature","geometry":{"type":"Polygon","coordinates":[[[-97.51698511075203,49.960662305893635],[-97.48251738533982,49.960693194631055],[-97.48209940927315,49.97664419100352],[-97.4822172967977,49.99018260641994],[-97.44924849730259,49.99023231020716],[-97.44484631466892,49.98916601067257],[-97.44173311427461,49.988800387322335],[-97.43557751169091,49.987179405809854],[-97.43582180239268,50.00501910650045],[-97.43628148135075,50.021387000871215],[-97.43630418187601,50.04859800513838],[-97.4363745098207,50.053719591943825],[-97.43725930118246,50.05585791029177],[-97.43637091064701,50.057838991726435],[-97.43636970216352,50.06380609125368],[-97.44863519347678,50.06379398907129],[-97.45179381347336,50.063061091059254],[-97.4547305142142,50.063791197539764],[-97.4593977043192,50.06378129062497],[-97.4823402938383,50.06380468824236],[-97.54317759071769,50.06380178975138],[-97.59719730494251,50.06375681118666],[-97.605215782018,50.06381740510699],[-97.62385589028517,50.06379709943651],[-97.6633978821287,50.063809489575775],[-97.66611571092552,50.06405659224725],[-97.68882956285735,50.06393384431056],[-97.72037809171019,50.06380409476577],[-97.72752272582417,50.06391404044036],[-97.73509119694951,50.06380348942844],[-97.73507269883207,50.04750549498706],[-97.73494581860243,50.04648779729067],[-97.7335612502182,50.0433338655625],[-97.73207176463805,50.043182458352206],[-97.7214392654072,50.0391262778628],[-97.69696945957499,50.029931636648314],[-97.68956843235509,50.02431672583009],[-97.67799280324554,50.01573964456363],[-97.6604727502771,50.00264045649204],[-97.65719403762078,50.00036341074895],[-97.65190419765243,49.99642470334674],[-97.64690606594081,50.00640252595614],[-97.64255837234244,50.016221661691915],[-97.6425669955904,50.01970879834128],[-97.63128621787371,50.01970430159283],[-97.63167283039581,50.01583949039132],[-97.62550810035863,50.01572065779465],[-97.62542393659714,50.012335577847544],[-97.60257581905637,50.012332591932775],[-97.60213161563937,50.008839433137304],[-97.59678179470475,50.00881101069964],[-97.59688709286061,50.00492019685795],[-97.59131301305598,50.004914790764325],[-97.5912312710858,50.0014625231064],[-97.5855669807167,50.00142758362743],[-97.58589143154875,49.99779497068328],[-97.58005994420904,49.99792502311247],[-97.57998334479142,49.99432857404521],[-97.57380950705881,49.99425482835035],[-97.57358510760128,49.99017278856244],[-97.56217698809623,49.990166700085545],[-97.56235612207539,49.98676817454047],[-97.55664264597654,49.98665675505697],[-97.55784853810114,49.98291549137508],[-97.55151588225489,49.9830255353987],[-97.5517854754505,49.97913443721395],[-97.5457146654805,49.979119772516356],[-97.54568764512135,49.97547158739264],[-97.53982851316718,49.97546388788622],[-97.53986895195582,49.971701646239254],[-97.53387201606769,49.971673565824275],[-97.53405149156026,49.96806296844679],[-97.52822636375159,49.96810589789718],[-97.52848145378492,49.964130659747134],[-97.5228843488133,49.96419302250036],[-97.52302754420734,49.960472944771766],[-97.51698511075203,49.960662305893635]]]},"properties":{"DAUID":"46140053","DGUID":"2021S051246140053","LANDAREA":154.7628,"PRUID":"46","CMA":"Winnipeg"}}
]}